lon,lat,consenso
-60.41666666666667,5.083333333333336,0
-60.25,5.083333333333336,0.2
-60.41666666666667,4.916666666666669,0
-60.25,4.916666666666669,0
-60.583333333333336,4.750000000000003,0
-60.41666666666667,4.750000000000003,0
-60.25,4.750000000000003,0
-60.75,4.583333333333336,0
-60.583333333333336,4.583333333333336,0
-60.41666666666667,4.583333333333336,0
-60.25,4.583333333333336,0
-61.083333333333336,4.416666666666669,0
-60.91666666666667,4.416666666666669,0
-60.75,4.416666666666669,0
-60.583333333333336,4.416666666666669,0
-60.41666666666667,4.416666666666669,0
-60.25,4.416666666666669,0
-60.083333333333336,4.416666666666669,0
-61.41666666666667,4.250000000000003,0
-61.25,4.250000000000003,0.2
-61.083333333333336,4.250000000000003,0.2
-60.91666666666667,4.250000000000003,0.4
-60.75,4.250000000000003,0.2
-60.583333333333336,4.250000000000003,0
-60.41666666666667,4.250000000000003,0
-60.25,4.250000000000003,0
-60.083333333333336,4.250000000000003,0
-59.91666666666667,4.250000000000003,0
-61.75,4.083333333333336,0
-61.583333333333336,4.083333333333336,0.4
-61.41666666666667,4.083333333333336,0.6
-61.25,4.083333333333336,0.8
-61.083333333333336,4.083333333333336,0.8
-60.91666666666667,4.083333333333336,0.6
-60.75,4.083333333333336,0.6
-60.583333333333336,4.083333333333336,0.6
-60.41666666666667,4.083333333333336,0.6
-60.25,4.083333333333336,0.2
-60.083333333333336,4.083333333333336,0
-59.91666666666667,4.083333333333336,0
-51.41666666666667,4.083333333333336,1
-64.25,3.916666666666669,0
-62.583333333333336,3.916666666666669,0
-62.41666666666667,3.916666666666669,0.2
-62.25,3.916666666666669,0.2
-62.083333333333336,3.916666666666669,0
-61.91666666666667,3.916666666666669,0.4
-61.75,3.916666666666669,0.4
-61.583333333333336,3.916666666666669,0.6
-61.41666666666667,3.916666666666669,0.8
-61.25,3.916666666666669,0.4
-61.083333333333336,3.916666666666669,0.4
-60.91666666666667,3.916666666666669,0.4
-60.75,3.916666666666669,0.4
-60.583333333333336,3.916666666666669,0.2
-60.41666666666667,3.916666666666669,0.2
-60.25,3.916666666666669,0.4
-60.083333333333336,3.916666666666669,0.2
-59.91666666666667,3.916666666666669,0.2
-59.75,3.916666666666669,0.4
-51.583333333333336,3.916666666666669,1
-51.41666666666667,3.916666666666669,1
-64.08333333333333,3.7500000000000027,0
-63.91666666666667,3.7500000000000027,0
-63.75,3.7500000000000027,0
-63.583333333333336,3.7500000000000027,0
-63.41666666666667,3.7500000000000027,0
-62.583333333333336,3.7500000000000027,0
-62.41666666666667,3.7500000000000027,0
-62.25,3.7500000000000027,0
-62.083333333333336,3.7500000000000027,0.4
-61.91666666666667,3.7500000000000027,0.4
-61.75,3.7500000000000027,0
-61.583333333333336,3.7500000000000027,0.6
-61.41666666666667,3.7500000000000027,0.8
-61.25,3.7500000000000027,0.2
-61.083333333333336,3.7500000000000027,0
-60.91666666666667,3.7500000000000027,0
-60.75,3.7500000000000027,0.4
-60.583333333333336,3.7500000000000027,0
-60.41666666666667,3.7500000000000027,0
-60.25,3.7500000000000027,0.4
-60.083333333333336,3.7500000000000027,0.4
-59.91666666666667,3.7500000000000027,0.4
-51.75,3.7500000000000027,1
-51.583333333333336,3.7500000000000027,1
-51.41666666666667,3.7500000000000027,1
-51.25,3.7500000000000027,1
-63.91666666666667,3.5833333333333357,0
-63.75,3.5833333333333357,0.2
-63.583333333333336,3.5833333333333357,0
-63.41666666666667,3.5833333333333357,0
-63.25,3.5833333333333357,0
-63.083333333333336,3.5833333333333357,0.2
-62.91666666666667,3.5833333333333357,0
-62.75,3.5833333333333357,0
-62.583333333333336,3.5833333333333357,0
-62.41666666666667,3.5833333333333357,0.8
-62.25,3.5833333333333357,0
-62.083333333333336,3.5833333333333357,0.2
-61.91666666666667,3.5833333333333357,0.4
-61.75,3.5833333333333357,1
-61.583333333333336,3.5833333333333357,1
-61.41666666666667,3.5833333333333357,0.8
-61.25,3.5833333333333357,0.4
-61.083333333333336,3.5833333333333357,0.4
-60.91666666666667,3.5833333333333357,0.4
-60.75,3.5833333333333357,0.4
-60.583333333333336,3.5833333333333357,0
-60.41666666666667,3.5833333333333357,0
-60.25,3.5833333333333357,0.4
-60.083333333333336,3.5833333333333357,0.4
-59.91666666666667,3.5833333333333357,0
-51.75,3.5833333333333357,1
-51.583333333333336,3.5833333333333357,1
-51.41666666666667,3.5833333333333357,1
-51.25,3.5833333333333357,1
-63.91666666666667,3.416666666666669,0
-63.75,3.416666666666669,0
-63.583333333333336,3.416666666666669,0
-63.41666666666667,3.416666666666669,0
-63.25,3.416666666666669,0
-63.083333333333336,3.416666666666669,0
-62.91666666666667,3.416666666666669,0
-62.75,3.416666666666669,0
-62.583333333333336,3.416666666666669,0
-62.41666666666667,3.416666666666669,0
-62.25,3.416666666666669,0
-62.083333333333336,3.416666666666669,0.4
-61.91666666666667,3.416666666666669,0.4
-61.75,3.416666666666669,0.4
-61.583333333333336,3.416666666666669,0.6
-61.41666666666667,3.416666666666669,0.4
-61.25,3.416666666666669,0.4
-61.083333333333336,3.416666666666669,0
-60.91666666666667,3.416666666666669,0
-60.75,3.416666666666669,0.2
-60.583333333333336,3.416666666666669,0
-60.41666666666667,3.416666666666669,0
-60.25,3.416666666666669,0.4
-60.083333333333336,3.416666666666669,0.2
-59.91666666666667,3.416666666666669,0.4
-51.91666666666667,3.416666666666669,1
-51.75,3.416666666666669,1
-51.583333333333336,3.416666666666669,1
-51.41666666666667,3.416666666666669,1
-51.25,3.416666666666669,1
-63.91666666666667,3.2500000000000027,0
-63.75,3.2500000000000027,0
-63.583333333333336,3.2500000000000027,0
-63.41666666666667,3.2500000000000027,0
-63.25,3.2500000000000027,0
-63.083333333333336,3.2500000000000027,0
-62.91666666666667,3.2500000000000027,0
-62.75,3.2500000000000027,0
-62.583333333333336,3.2500000000000027,0
-62.41666666666667,3.2500000000000027,0
-62.25,3.2500000000000027,0
-62.083333333333336,3.2500000000000027,0
-61.91666666666667,3.2500000000000027,0.4
-61.75,3.2500000000000027,0.4
-61.583333333333336,3.2500000000000027,0.4
-61.41666666666667,3.2500000000000027,0.4
-61.25,3.2500000000000027,0.4
-61.083333333333336,3.2500000000000027,0.2
-60.91666666666667,3.2500000000000027,0
-60.75,3.2500000000000027,0
-60.583333333333336,3.2500000000000027,0
-60.41666666666667,3.2500000000000027,0
-60.25,3.2500000000000027,0
-60.083333333333336,3.2500000000000027,0
-52.083333333333336,3.2500000000000027,1
-51.91666666666667,3.2500000000000027,1
-51.75,3.2500000000000027,1
-51.583333333333336,3.2500000000000027,1
-51.41666666666667,3.2500000000000027,1
-51.25,3.2500000000000027,1
-63.91666666666667,3.0833333333333357,0
-63.75,3.0833333333333357,0
-63.583333333333336,3.0833333333333357,0
-63.41666666666667,3.0833333333333357,0
-63.25,3.0833333333333357,0
-63.083333333333336,3.0833333333333357,0
-62.91666666666667,3.0833333333333357,0
-62.75,3.0833333333333357,0
-62.583333333333336,3.0833333333333357,0
-62.41666666666667,3.0833333333333357,0
-62.25,3.0833333333333357,0
-62.083333333333336,3.0833333333333357,0
-61.91666666666667,3.0833333333333357,0.2
-61.75,3.0833333333333357,0.4
-61.583333333333336,3.0833333333333357,0.8
-61.41666666666667,3.0833333333333357,0.8
-61.25,3.0833333333333357,0.6
-61.083333333333336,3.0833333333333357,0
-60.91666666666667,3.0833333333333357,0
-60.75,3.0833333333333357,0.4
-60.583333333333336,3.0833333333333357,0.2
-60.41666666666667,3.0833333333333357,0
-60.25,3.0833333333333357,0
-60.083333333333336,3.0833333333333357,0.4
-52.083333333333336,3.0833333333333357,1
-51.91666666666667,3.0833333333333357,1
-51.75,3.0833333333333357,1
-51.583333333333336,3.0833333333333357,1
-51.41666666666667,3.0833333333333357,1
-51.25,3.0833333333333357,1
-63.91666666666667,2.916666666666669,0
-63.75,2.916666666666669,0
-63.583333333333336,2.916666666666669,0
-63.41666666666667,2.916666666666669,0
-63.25,2.916666666666669,0
-63.083333333333336,2.916666666666669,0
-62.91666666666667,2.916666666666669,0
-62.75,2.916666666666669,0
-62.583333333333336,2.916666666666669,0
-62.41666666666667,2.916666666666669,0
-62.25,2.916666666666669,0
-62.083333333333336,2.916666666666669,0
-61.91666666666667,2.916666666666669,0
-61.75,2.916666666666669,0.4
-61.583333333333336,2.916666666666669,0.6
-61.41666666666667,2.916666666666669,0.6
-61.25,2.916666666666669,0.4
-61.083333333333336,2.916666666666669,0
-60.91666666666667,2.916666666666669,0.4
-60.75,2.916666666666669,0
-60.583333333333336,2.916666666666669,0
-60.41666666666667,2.916666666666669,0
-60.25,2.916666666666669,0
-60.083333333333336,2.916666666666669,0
-52.25,2.916666666666669,1
-52.083333333333336,2.916666666666669,1
-51.91666666666667,2.916666666666669,1
-51.75,2.916666666666669,1
-51.583333333333336,2.916666666666669,1
-51.41666666666667,2.916666666666669,1
-51.25,2.916666666666669,1
-63.91666666666667,2.7500000000000027,0
-63.75,2.7500000000000027,0
-63.583333333333336,2.7500000000000027,0
-63.41666666666667,2.7500000000000027,0
-63.25,2.7500000000000027,0
-63.083333333333336,2.7500000000000027,0
-62.91666666666667,2.7500000000000027,0
-62.75,2.7500000000000027,0
-62.583333333333336,2.7500000000000027,0
-62.41666666666667,2.7500000000000027,0
-62.25,2.7500000000000027,0.2
-62.083333333333336,2.7500000000000027,0.2
-61.91666666666667,2.7500000000000027,0.4
-61.75,2.7500000000000027,0.4
-61.583333333333336,2.7500000000000027,0.6
-61.41666666666667,2.7500000000000027,0.4
-61.25,2.7500000000000027,0.4
-61.083333333333336,2.7500000000000027,0
-60.91666666666667,2.7500000000000027,0.4
-60.75,2.7500000000000027,0
-60.583333333333336,2.7500000000000027,0
-60.41666666666667,2.7500000000000027,0
-60.25,2.7500000000000027,0
-60.083333333333336,2.7500000000000027,0
-52.25,2.7500000000000027,1
-52.083333333333336,2.7500000000000027,1
-51.91666666666667,2.7500000000000027,1
-51.75,2.7500000000000027,1
-51.583333333333336,2.7500000000000027,1
-51.41666666666667,2.7500000000000027,1
-51.25,2.7500000000000027,1
-51.083333333333336,2.7500000000000027,1
-63.91666666666667,2.5833333333333357,0
-63.75,2.5833333333333357,0
-63.583333333333336,2.5833333333333357,0
-63.41666666666667,2.5833333333333357,0
-63.25,2.5833333333333357,0
-63.083333333333336,2.5833333333333357,0
-62.91666666666667,2.5833333333333357,0
-62.75,2.5833333333333357,0
-62.583333333333336,2.5833333333333357,0
-62.41666666666667,2.5833333333333357,0
-62.25,2.5833333333333357,0.2
-62.083333333333336,2.5833333333333357,0.4
-61.91666666666667,2.5833333333333357,0.4
-61.75,2.5833333333333357,0.4
-61.583333333333336,2.5833333333333357,0.8
-61.41666666666667,2.5833333333333357,0.8
-61.25,2.5833333333333357,0.8
-61.083333333333336,2.5833333333333357,0.4
-60.91666666666667,2.5833333333333357,0.2
-60.75,2.5833333333333357,0
-60.583333333333336,2.5833333333333357,0.2
-60.41666666666667,2.5833333333333357,0.4
-60.25,2.5833333333333357,0.4
-60.083333333333336,2.5833333333333357,0
-52.41666666666667,2.5833333333333357,1
-52.25,2.5833333333333357,1
-52.083333333333336,2.5833333333333357,1
-51.91666666666667,2.5833333333333357,1
-51.75,2.5833333333333357,1
-51.583333333333336,2.5833333333333357,1
-51.41666666666667,2.5833333333333357,1
-51.25,2.5833333333333357,1
-51.083333333333336,2.5833333333333357,1
-63.25,2.416666666666669,0
-63.083333333333336,2.416666666666669,0
-62.91666666666667,2.416666666666669,0
-62.75,2.416666666666669,0
-62.583333333333336,2.416666666666669,0
-62.41666666666667,2.416666666666669,0.2
-62.25,2.416666666666669,0.4
-62.083333333333336,2.416666666666669,0.4
-61.91666666666667,2.416666666666669,0.2
-61.75,2.416666666666669,0.2
-61.583333333333336,2.416666666666669,0.8
-61.41666666666667,2.416666666666669,0
-61.25,2.416666666666669,0.4
-61.083333333333336,2.416666666666669,0.4
-60.91666666666667,2.416666666666669,0.4
-60.75,2.416666666666669,0
-60.583333333333336,2.416666666666669,0.4
-60.41666666666667,2.416666666666669,0.2
-60.25,2.416666666666669,0.2
-60.083333333333336,2.416666666666669,0.2
-55.25,2.416666666666669,0
-55.083333333333336,2.416666666666669,0.2
-52.41666666666667,2.416666666666669,0.8
-52.25,2.416666666666669,1
-52.083333333333336,2.416666666666669,1
-51.91666666666667,2.416666666666669,1
-51.75,2.416666666666669,1
-51.583333333333336,2.416666666666669,1
-51.41666666666667,2.416666666666669,1
-51.25,2.416666666666669,1
-51.083333333333336,2.416666666666669,1
-50.91666666666667,2.416666666666669,1
-63.25,2.2500000000000027,0
-63.083333333333336,2.2500000000000027,0
-62.91666666666667,2.2500000000000027,0
-62.75,2.2500000000000027,0
-62.583333333333336,2.2500000000000027,0.2
-62.41666666666667,2.2500000000000027,0.4
-62.25,2.2500000000000027,0.4
-62.083333333333336,2.2500000000000027,0.2
-61.91666666666667,2.2500000000000027,0
-61.75,2.2500000000000027,0.6
-61.583333333333336,2.2500000000000027,0.8
-61.41666666666667,2.2500000000000027,0.8
-61.25,2.2500000000000027,0.8
-61.083333333333336,2.2500000000000027,0.4
-60.91666666666667,2.2500000000000027,0.4
-60.75,2.2500000000000027,0.4
-60.583333333333336,2.2500000000000027,0.4
-60.41666666666667,2.2500000000000027,0.2
-60.25,2.2500000000000027,0
-60.083333333333336,2.2500000000000027,0.2
-55.91666666666667,2.2500000000000027,0
-55.75,2.2500000000000027,0.2
-55.583333333333336,2.2500000000000027,0
-55.41666666666667,2.2500000000000027,0
-55.25,2.2500000000000027,0
-55.083333333333336,2.2500000000000027,0
-54.91666666666667,2.2500000000000027,0.2
-54.75,2.2500000000000027,0.2
-52.583333333333336,2.2500000000000027,1
-52.41666666666667,2.2500000000000027,1
-52.25,2.2500000000000027,1
-52.083333333333336,2.2500000000000027,1
-51.91666666666667,2.2500000000000027,1
-51.75,2.2500000000000027,1
-51.583333333333336,2.2500000000000027,1
-51.41666666666667,2.2500000000000027,1
-51.25,2.2500000000000027,1
-51.083333333333336,2.2500000000000027,1
-50.91666666666667,2.2500000000000027,1
-63.25,2.0833333333333357,0
-63.083333333333336,2.0833333333333357,0
-62.91666666666667,2.0833333333333357,0
-62.75,2.0833333333333357,0.2
-62.583333333333336,2.0833333333333357,0.6
-62.41666666666667,2.0833333333333357,0.4
-62.25,2.0833333333333357,0.4
-62.083333333333336,2.0833333333333357,0.4
-61.91666666666667,2.0833333333333357,0.2
-61.75,2.0833333333333357,0.6
-61.583333333333336,2.0833333333333357,0.4
-61.41666666666667,2.0833333333333357,0.2
-61.25,2.0833333333333357,0.2
-61.083333333333336,2.0833333333333357,0.2
-60.91666666666667,2.0833333333333357,0.4
-60.75,2.0833333333333357,0
-60.583333333333336,2.0833333333333357,0
-60.41666666666667,2.0833333333333357,0.4
-60.25,2.0833333333333357,0
-60.083333333333336,2.0833333333333357,0
-59.91666666666667,2.0833333333333357,0
-55.91666666666667,2.0833333333333357,0
-55.75,2.0833333333333357,0
-55.583333333333336,2.0833333333333357,0.4
-55.41666666666667,2.0833333333333357,0.2
-55.25,2.0833333333333357,0
-55.083333333333336,2.0833333333333357,0
-54.91666666666667,2.0833333333333357,0
-54.75,2.0833333333333357,0
-54.583333333333336,2.0833333333333357,0.2
-54.41666666666667,2.0833333333333357,0.2
-54.25,2.0833333333333357,0
-54.083333333333336,2.0833333333333357,0.2
-53.91666666666667,2.0833333333333357,0
-53.75,2.0833333333333357,0.2
-53.583333333333336,2.0833333333333357,0.2
-53.41666666666667,2.0833333333333357,0.2
-53.25,2.0833333333333357,0.2
-53.083333333333336,2.0833333333333357,0.8
-52.91666666666667,2.0833333333333357,0.8
-52.75,2.0833333333333357,1
-52.583333333333336,2.0833333333333357,1
-52.41666666666667,2.0833333333333357,1
-52.25,2.0833333333333357,1
-52.083333333333336,2.0833333333333357,1
-51.91666666666667,2.0833333333333357,1
-51.75,2.0833333333333357,1
-51.583333333333336,2.0833333333333357,1
-51.41666666666667,2.0833333333333357,1
-51.25,2.0833333333333357,1
-51.083333333333336,2.0833333333333357,1
-50.91666666666667,2.0833333333333357,1
-50.75,2.0833333333333357,1
-50.583333333333336,2.0833333333333357,1
-67.58333333333333,1.9166666666666692,0.2
-67.41666666666667,1.9166666666666692,0.4
-63.583333333333336,1.9166666666666692,0.2
-63.41666666666667,1.9166666666666692,0.2
-63.25,1.9166666666666692,0.8
-63.083333333333336,1.9166666666666692,0.4
-62.91666666666667,1.9166666666666692,0.4
-62.75,1.9166666666666692,0.6
-62.583333333333336,1.9166666666666692,0.4
-62.41666666666667,1.9166666666666692,0.6
-62.25,1.9166666666666692,0.6
-62.083333333333336,1.9166666666666692,1
-61.91666666666667,1.9166666666666692,0.8
-61.75,1.9166666666666692,0.6
-61.583333333333336,1.9166666666666692,1
-61.41666666666667,1.9166666666666692,0.2
-61.25,1.9166666666666692,0
-61.083333333333336,1.9166666666666692,0
-60.91666666666667,1.9166666666666692,0.2
-60.75,1.9166666666666692,0.2
-60.583333333333336,1.9166666666666692,0.2
-60.41666666666667,1.9166666666666692,0.4
-60.25,1.9166666666666692,0.4
-60.083333333333336,1.9166666666666692,0.2
-59.91666666666667,1.9166666666666692,0
-55.91666666666667,1.9166666666666692,0.2
-55.75,1.9166666666666692,0.4
-55.583333333333336,1.9166666666666692,0.2
-55.41666666666667,1.9166666666666692,0.2
-55.25,1.9166666666666692,0
-55.083333333333336,1.9166666666666692,0
-54.91666666666667,1.9166666666666692,0
-54.75,1.9166666666666692,0
-54.583333333333336,1.9166666666666692,0.2
-54.41666666666667,1.9166666666666692,0.2
-54.25,1.9166666666666692,0.2
-54.083333333333336,1.9166666666666692,0.2
-53.91666666666667,1.9166666666666692,0.2
-53.75,1.9166666666666692,0.2
-53.583333333333336,1.9166666666666692,0.2
-53.41666666666667,1.9166666666666692,0.4
-53.25,1.9166666666666692,0.4
-53.083333333333336,1.9166666666666692,0.4
-52.91666666666667,1.9166666666666692,1
-52.75,1.9166666666666692,0.8
-52.583333333333336,1.9166666666666692,1
-52.41666666666667,1.9166666666666692,1
-52.25,1.9166666666666692,1
-52.083333333333336,1.9166666666666692,1
-51.91666666666667,1.9166666666666692,1
-51.75,1.9166666666666692,1
-51.583333333333336,1.9166666666666692,1
-51.41666666666667,1.9166666666666692,1
-51.25,1.9166666666666692,1
-51.083333333333336,1.9166666666666692,1
-50.91666666666667,1.9166666666666692,1
-50.75,1.9166666666666692,1
-50.583333333333336,1.9166666666666692,0.8
-68.08333333333333,1.7500000000000027,0.2
-67.91666666666667,1.7500000000000027,0.2
-67.75,1.7500000000000027,0
-67.58333333333333,1.7500000000000027,0.2
-67.41666666666667,1.7500000000000027,0
-63.91666666666667,1.7500000000000027,0
-63.75,1.7500000000000027,0.4
-63.583333333333336,1.7500000000000027,0.4
-63.41666666666667,1.7500000000000027,0.4
-63.25,1.7500000000000027,0.4
-63.083333333333336,1.7500000000000027,0.4
-62.91666666666667,1.7500000000000027,0.4
-62.75,1.7500000000000027,0.4
-62.583333333333336,1.7500000000000027,0
-62.41666666666667,1.7500000000000027,0.2
-62.25,1.7500000000000027,1
-62.083333333333336,1.7500000000000027,0.2
-61.91666666666667,1.7500000000000027,0
-61.75,1.7500000000000027,0
-61.583333333333336,1.7500000000000027,0.8
-61.41666666666667,1.7500000000000027,0
-61.25,1.7500000000000027,0
-61.083333333333336,1.7500000000000027,0
-60.91666666666667,1.7500000000000027,0
-60.75,1.7500000000000027,0
-60.583333333333336,1.7500000000000027,0
-60.41666666666667,1.7500000000000027,0.2
-60.25,1.7500000000000027,0.2
-60.083333333333336,1.7500000000000027,0
-59.91666666666667,1.7500000000000027,0
-59.75,1.7500000000000027,0
-57.25,1.7500000000000027,0
-57.083333333333336,1.7500000000000027,0
-56.91666666666667,1.7500000000000027,0
-56.75,1.7500000000000027,0.2
-56.583333333333336,1.7500000000000027,0.2
-56.41666666666667,1.7500000000000027,0
-56.25,1.7500000000000027,0
-56.083333333333336,1.7500000000000027,0
-55.91666666666667,1.7500000000000027,0.4
-55.75,1.7500000000000027,0.4
-55.583333333333336,1.7500000000000027,0.2
-55.41666666666667,1.7500000000000027,0.2
-55.25,1.7500000000000027,0
-55.083333333333336,1.7500000000000027,0
-54.91666666666667,1.7500000000000027,0
-54.75,1.7500000000000027,0
-54.583333333333336,1.7500000000000027,0.2
-54.41666666666667,1.7500000000000027,0.2
-54.25,1.7500000000000027,0.2
-54.083333333333336,1.7500000000000027,0.2
-53.91666666666667,1.7500000000000027,0.2
-53.75,1.7500000000000027,0.2
-53.583333333333336,1.7500000000000027,0.4
-53.41666666666667,1.7500000000000027,0.4
-53.25,1.7500000000000027,0.2
-53.083333333333336,1.7500000000000027,0
-52.91666666666667,1.7500000000000027,0.8
-52.75,1.7500000000000027,1
-52.583333333333336,1.7500000000000027,1
-52.41666666666667,1.7500000000000027,1
-52.25,1.7500000000000027,1
-52.083333333333336,1.7500000000000027,1
-51.91666666666667,1.7500000000000027,1
-51.75,1.7500000000000027,1
-51.583333333333336,1.7500000000000027,1
-51.41666666666667,1.7500000000000027,1
-51.25,1.7500000000000027,1
-51.083333333333336,1.7500000000000027,1
-50.91666666666667,1.7500000000000027,1
-50.75,1.7500000000000027,1
-50.583333333333336,1.7500000000000027,0.8
-50.41666666666667,1.7500000000000027,0.8
-69.75,1.5833333333333357,0
-69.58333333333333,1.5833333333333357,0
-69.41666666666667,1.5833333333333357,0
-69.25,1.5833333333333357,0
-69.08333333333333,1.5833333333333357,0.2
-68.91666666666667,1.5833333333333357,0.2
-68.75,1.5833333333333357,0.2
-68.58333333333333,1.5833333333333357,0.2
-68.41666666666667,1.5833333333333357,0.2
-68.25,1.5833333333333357,0.2
-68.08333333333333,1.5833333333333357,0.2
-67.91666666666667,1.5833333333333357,0
-67.75,1.5833333333333357,0
-67.58333333333333,1.5833333333333357,0
-67.41666666666667,1.5833333333333357,0
-67.25,1.5833333333333357,0
-63.91666666666667,1.5833333333333357,0
-63.75,1.5833333333333357,0.2
-63.583333333333336,1.5833333333333357,0.2
-63.41666666666667,1.5833333333333357,0.2
-63.25,1.5833333333333357,0.4
-63.083333333333336,1.5833333333333357,0.4
-62.91666666666667,1.5833333333333357,0.4
-62.75,1.5833333333333357,0.2
-62.583333333333336,1.5833333333333357,0.6
-62.41666666666667,1.5833333333333357,0.6
-62.25,1.5833333333333357,0.6
-62.083333333333336,1.5833333333333357,0
-61.91666666666667,1.5833333333333357,0
-61.75,1.5833333333333357,0.4
-61.583333333333336,1.5833333333333357,1
-61.41666666666667,1.5833333333333357,0.2
-61.25,1.5833333333333357,0
-61.083333333333336,1.5833333333333357,0
-60.91666666666667,1.5833333333333357,0
-60.75,1.5833333333333357,0
-60.583333333333336,1.5833333333333357,0.2
-60.41666666666667,1.5833333333333357,0.2
-60.25,1.5833333333333357,0.4
-60.083333333333336,1.5833333333333357,0
-59.91666666666667,1.5833333333333357,0
-59.75,1.5833333333333357,0
-59.583333333333336,1.5833333333333357,0
-57.75,1.5833333333333357,0
-57.583333333333336,1.5833333333333357,0
-57.41666666666667,1.5833333333333357,0
-57.25,1.5833333333333357,0
-57.083333333333336,1.5833333333333357,0
-56.91666666666667,1.5833333333333357,0
-56.75,1.5833333333333357,0.2
-56.583333333333336,1.5833333333333357,0.2
-56.41666666666667,1.5833333333333357,0.2
-56.25,1.5833333333333357,0
-56.083333333333336,1.5833333333333357,0
-55.91666666666667,1.5833333333333357,0.4
-55.75,1.5833333333333357,0.4
-55.583333333333336,1.5833333333333357,0
-55.41666666666667,1.5833333333333357,0
-55.25,1.5833333333333357,0.4
-55.083333333333336,1.5833333333333357,0
-54.91666666666667,1.5833333333333357,0
-54.75,1.5833333333333357,0
-54.583333333333336,1.5833333333333357,0.2
-54.41666666666667,1.5833333333333357,0.2
-54.25,1.5833333333333357,0.2
-54.083333333333336,1.5833333333333357,0.2
-53.91666666666667,1.5833333333333357,0.2
-53.75,1.5833333333333357,0.2
-53.583333333333336,1.5833333333333357,0.4
-53.41666666666667,1.5833333333333357,0.6
-53.25,1.5833333333333357,0.6
-53.083333333333336,1.5833333333333357,0.2
-52.91666666666667,1.5833333333333357,0.8
-52.75,1.5833333333333357,1
-52.583333333333336,1.5833333333333357,1
-52.41666666666667,1.5833333333333357,1
-52.25,1.5833333333333357,1
-52.083333333333336,1.5833333333333357,1
-51.91666666666667,1.5833333333333357,1
-51.75,1.5833333333333357,1
-51.583333333333336,1.5833333333333357,1
-51.41666666666667,1.5833333333333357,1
-51.25,1.5833333333333357,1
-51.083333333333336,1.5833333333333357,1
-50.91666666666667,1.5833333333333357,1
-50.75,1.5833333333333357,1
-50.583333333333336,1.5833333333333357,0.8
-50.41666666666667,1.5833333333333357,0.8
-50.25,1.5833333333333357,0.8
-50.083333333333336,1.5833333333333357,1
-69.75,1.4166666666666692,0
-69.58333333333333,1.4166666666666692,0
-69.41666666666667,1.4166666666666692,0
-69.25,1.4166666666666692,0
-69.08333333333333,1.4166666666666692,0.2
-68.91666666666667,1.4166666666666692,0.2
-68.75,1.4166666666666692,0.2
-68.58333333333333,1.4166666666666692,0.4
-68.41666666666667,1.4166666666666692,0.4
-68.25,1.4166666666666692,0.4
-68.08333333333333,1.4166666666666692,0
-67.91666666666667,1.4166666666666692,0
-67.75,1.4166666666666692,0
-67.58333333333333,1.4166666666666692,0
-67.41666666666667,1.4166666666666692,0
-67.25,1.4166666666666692,0
-64.25,1.4166666666666692,0
-64.08333333333333,1.4166666666666692,0
-63.91666666666667,1.4166666666666692,0
-63.75,1.4166666666666692,0.2
-63.583333333333336,1.4166666666666692,0.4
-63.41666666666667,1.4166666666666692,0.2
-63.25,1.4166666666666692,0.2
-63.083333333333336,1.4166666666666692,0.4
-62.91666666666667,1.4166666666666692,0.4
-62.75,1.4166666666666692,0.6
-62.583333333333336,1.4166666666666692,0.6
-62.41666666666667,1.4166666666666692,1
-62.25,1.4166666666666692,0.6
-62.083333333333336,1.4166666666666692,0
-61.91666666666667,1.4166666666666692,0.4
-61.75,1.4166666666666692,0.8
-61.583333333333336,1.4166666666666692,1
-61.41666666666667,1.4166666666666692,0
-61.25,1.4166666666666692,0
-61.083333333333336,1.4166666666666692,0
-60.91666666666667,1.4166666666666692,0
-60.75,1.4166666666666692,0.2
-60.583333333333336,1.4166666666666692,0.2
-60.41666666666667,1.4166666666666692,0.4
-60.25,1.4166666666666692,0
-60.083333333333336,1.4166666666666692,0
-59.91666666666667,1.4166666666666692,0
-59.75,1.4166666666666692,0
-59.583333333333336,1.4166666666666692,0
-59.41666666666667,1.4166666666666692,0
-58.25,1.4166666666666692,0.4
-58.083333333333336,1.4166666666666692,0
-57.91666666666667,1.4166666666666692,0
-57.75,1.4166666666666692,0
-57.583333333333336,1.4166666666666692,0.2
-57.41666666666667,1.4166666666666692,0
-57.25,1.4166666666666692,0
-57.083333333333336,1.4166666666666692,0
-56.91666666666667,1.4166666666666692,0
-56.75,1.4166666666666692,0
-56.583333333333336,1.4166666666666692,0.2
-56.41666666666667,1.4166666666666692,0.2
-56.25,1.4166666666666692,0
-56.083333333333336,1.4166666666666692,0
-55.91666666666667,1.4166666666666692,0
-55.75,1.4166666666666692,0
-55.583333333333336,1.4166666666666692,0
-55.41666666666667,1.4166666666666692,0
-55.25,1.4166666666666692,0
-55.083333333333336,1.4166666666666692,0
-54.91666666666667,1.4166666666666692,0
-54.75,1.4166666666666692,0
-54.583333333333336,1.4166666666666692,0
-54.41666666666667,1.4166666666666692,0.4
-54.25,1.4166666666666692,0.2
-54.083333333333336,1.4166666666666692,0.2
-53.91666666666667,1.4166666666666692,0.2
-53.75,1.4166666666666692,0.4
-53.583333333333336,1.4166666666666692,0.4
-53.41666666666667,1.4166666666666692,0.4
-53.25,1.4166666666666692,0.4
-53.083333333333336,1.4166666666666692,0.6
-52.91666666666667,1.4166666666666692,0.2
-52.75,1.4166666666666692,1
-52.583333333333336,1.4166666666666692,1
-52.41666666666667,1.4166666666666692,1
-52.25,1.4166666666666692,1
-52.083333333333336,1.4166666666666692,1
-51.91666666666667,1.4166666666666692,1
-51.75,1.4166666666666692,1
-51.583333333333336,1.4166666666666692,1
-51.41666666666667,1.4166666666666692,1
-51.25,1.4166666666666692,1
-51.083333333333336,1.4166666666666692,1
-50.91666666666667,1.4166666666666692,1
-50.75,1.4166666666666692,1
-50.583333333333336,1.4166666666666692,0.8
-50.41666666666667,1.4166666666666692,0.8
-50.25,1.4166666666666692,0.8
-50.083333333333336,1.4166666666666692,0.8
-69.75,1.2500000000000027,0
-69.58333333333333,1.2500000000000027,0
-69.41666666666667,1.2500000000000027,0
-69.25,1.2500000000000027,0.2
-69.08333333333333,1.2500000000000027,0.2
-68.91666666666667,1.2500000000000027,0
-68.75,1.2500000000000027,0
-68.58333333333333,1.2500000000000027,0.2
-68.41666666666667,1.2500000000000027,0.4
-68.25,1.2500000000000027,0.4
-68.08333333333333,1.2500000000000027,0
-67.91666666666667,1.2500000000000027,0
-67.75,1.2500000000000027,0
-67.58333333333333,1.2500000000000027,0
-67.41666666666667,1.2500000000000027,0
-67.25,1.2500000000000027,0
-64.41666666666667,1.2500000000000027,0.2
-64.25,1.2500000000000027,0.2
-64.08333333333333,1.2500000000000027,0
-63.91666666666667,1.2500000000000027,0
-63.75,1.2500000000000027,0
-63.583333333333336,1.2500000000000027,0.2
-63.41666666666667,1.2500000000000027,0.4
-63.25,1.2500000000000027,0.8
-63.083333333333336,1.2500000000000027,0.4
-62.91666666666667,1.2500000000000027,0.2
-62.75,1.2500000000000027,0.4
-62.583333333333336,1.2500000000000027,0.4
-62.41666666666667,1.2500000000000027,0.8
-62.25,1.2500000000000027,0.4
-62.083333333333336,1.2500000000000027,1
-61.91666666666667,1.2500000000000027,1
-61.75,1.2500000000000027,1
-61.583333333333336,1.2500000000000027,0
-61.41666666666667,1.2500000000000027,0
-61.25,1.2500000000000027,0
-61.083333333333336,1.2500000000000027,0
-60.91666666666667,1.2500000000000027,0
-60.75,1.2500000000000027,0.2
-60.583333333333336,1.2500000000000027,0.2
-60.41666666666667,1.2500000000000027,0.4
-60.25,1.2500000000000027,0.4
-60.083333333333336,1.2500000000000027,0.4
-59.91666666666667,1.2500000000000027,0
-59.75,1.2500000000000027,0
-59.583333333333336,1.2500000000000027,0
-59.41666666666667,1.2500000000000027,0
-59.25,1.2500000000000027,0
-58.41666666666667,1.2500000000000027,0
-58.25,1.2500000000000027,0
-58.083333333333336,1.2500000000000027,0
-57.91666666666667,1.2500000000000027,0
-57.75,1.2500000000000027,0
-57.583333333333336,1.2500000000000027,0
-57.41666666666667,1.2500000000000027,0.2
-57.25,1.2500000000000027,0
-57.083333333333336,1.2500000000000027,0
-56.91666666666667,1.2500000000000027,0
-56.75,1.2500000000000027,0.2
-56.583333333333336,1.2500000000000027,0.2
-56.41666666666667,1.2500000000000027,0
-56.25,1.2500000000000027,0
-56.083333333333336,1.2500000000000027,0
-55.91666666666667,1.2500000000000027,0
-55.75,1.2500000000000027,0
-55.583333333333336,1.2500000000000027,0
-55.41666666666667,1.2500000000000027,0
-55.25,1.2500000000000027,0
-55.083333333333336,1.2500000000000027,0
-54.91666666666667,1.2500000000000027,0
-54.75,1.2500000000000027,0
-54.583333333333336,1.2500000000000027,0
-54.41666666666667,1.2500000000000027,0
-54.25,1.2500000000000027,0.2
-54.083333333333336,1.2500000000000027,0
-53.91666666666667,1.2500000000000027,0.2
-53.75,1.2500000000000027,0.8
-53.583333333333336,1.2500000000000027,0.8
-53.41666666666667,1.2500000000000027,0.6
-53.25,1.2500000000000027,0.6
-53.083333333333336,1.2500000000000027,0.8
-52.91666666666667,1.2500000000000027,0.8
-52.75,1.2500000000000027,1
-52.583333333333336,1.2500000000000027,1
-52.41666666666667,1.2500000000000027,1
-52.25,1.2500000000000027,1
-52.083333333333336,1.2500000000000027,1
-51.91666666666667,1.2500000000000027,1
-51.75,1.2500000000000027,1
-51.583333333333336,1.2500000000000027,1
-51.41666666666667,1.2500000000000027,1
-51.25,1.2500000000000027,0.8
-51.083333333333336,1.2500000000000027,1
-50.91666666666667,1.2500000000000027,1
-50.75,1.2500000000000027,0.6
-50.583333333333336,1.2500000000000027,0.8
-50.41666666666667,1.2500000000000027,0.8
-50.25,1.2500000000000027,0.6
-50.083333333333336,1.2500000000000027,0.6
-69.08333333333333,1.0833333333333357,0
-68.91666666666667,1.0833333333333357,0
-68.75,1.0833333333333357,0
-68.58333333333333,1.0833333333333357,0
-68.41666666666667,1.0833333333333357,0.2
-68.25,1.0833333333333357,0
-68.08333333333333,1.0833333333333357,0
-67.91666666666667,1.0833333333333357,0
-67.75,1.0833333333333357,0
-67.58333333333333,1.0833333333333357,0
-67.41666666666667,1.0833333333333357,0
-67.25,1.0833333333333357,0
-67.08333333333333,1.0833333333333357,0
-66.91666666666667,1.0833333333333357,0
-64.75,1.0833333333333357,0.2
-64.58333333333333,1.0833333333333357,0.4
-64.41666666666667,1.0833333333333357,0.4
-64.25,1.0833333333333357,0.4
-64.08333333333333,1.0833333333333357,0.6
-63.91666666666667,1.0833333333333357,0.4
-63.75,1.0833333333333357,0
-63.583333333333336,1.0833333333333357,0
-63.41666666666667,1.0833333333333357,0
-63.25,1.0833333333333357,0.2
-63.083333333333336,1.0833333333333357,0.8
-62.91666666666667,1.0833333333333357,0.2
-62.75,1.0833333333333357,0.2
-62.583333333333336,1.0833333333333357,0
-62.41666666666667,1.0833333333333357,0.2
-62.25,1.0833333333333357,0.8
-62.083333333333336,1.0833333333333357,0.8
-61.91666666666667,1.0833333333333357,0.2
-61.75,1.0833333333333357,0
-61.583333333333336,1.0833333333333357,0
-61.41666666666667,1.0833333333333357,0
-61.25,1.0833333333333357,0
-61.083333333333336,1.0833333333333357,0
-60.91666666666667,1.0833333333333357,0.2
-60.75,1.0833333333333357,0.2
-60.583333333333336,1.0833333333333357,0.2
-60.41666666666667,1.0833333333333357,0.2
-60.25,1.0833333333333357,0.2
-60.083333333333336,1.0833333333333357,0
-59.91666666666667,1.0833333333333357,0
-59.75,1.0833333333333357,0
-59.583333333333336,1.0833333333333357,0
-59.41666666666667,1.0833333333333357,0
-59.25,1.0833333333333357,0
-59.083333333333336,1.0833333333333357,0
-58.91666666666667,1.0833333333333357,0
-58.75,1.0833333333333357,0
-58.583333333333336,1.0833333333333357,0
-58.41666666666667,1.0833333333333357,0
-58.25,1.0833333333333357,0
-58.083333333333336,1.0833333333333357,0
-57.91666666666667,1.0833333333333357,0
-57.75,1.0833333333333357,0
-57.583333333333336,1.0833333333333357,0
-57.41666666666667,1.0833333333333357,0
-57.25,1.0833333333333357,0.2
-57.083333333333336,1.0833333333333357,0
-56.91666666666667,1.0833333333333357,0
-56.75,1.0833333333333357,0
-56.583333333333336,1.0833333333333357,0.2
-56.41666666666667,1.0833333333333357,0
-56.25,1.0833333333333357,0
-56.083333333333336,1.0833333333333357,0
-55.91666666666667,1.0833333333333357,0
-55.75,1.0833333333333357,0.2
-55.583333333333336,1.0833333333333357,0
-55.41666666666667,1.0833333333333357,0
-55.25,1.0833333333333357,0
-55.083333333333336,1.0833333333333357,0
-54.91666666666667,1.0833333333333357,0
-54.75,1.0833333333333357,0.2
-54.583333333333336,1.0833333333333357,0
-54.41666666666667,1.0833333333333357,0.2
-54.25,1.0833333333333357,0.2
-54.083333333333336,1.0833333333333357,0.6
-53.91666666666667,1.0833333333333357,0.2
-53.75,1.0833333333333357,0.2
-53.583333333333336,1.0833333333333357,0.8
-53.41666666666667,1.0833333333333357,0.4
-53.25,1.0833333333333357,0.6
-53.083333333333336,1.0833333333333357,1
-52.91666666666667,1.0833333333333357,0.8
-52.75,1.0833333333333357,1
-52.583333333333336,1.0833333333333357,1
-52.41666666666667,1.0833333333333357,1
-52.25,1.0833333333333357,1
-52.083333333333336,1.0833333333333357,1
-51.91666666666667,1.0833333333333357,1
-51.75,1.0833333333333357,1
-51.583333333333336,1.0833333333333357,1
-51.41666666666667,1.0833333333333357,1
-51.25,1.0833333333333357,1
-51.083333333333336,1.0833333333333357,1
-50.91666666666667,1.0833333333333357,0.8
-50.75,1.0833333333333357,0.2
-50.583333333333336,1.0833333333333357,0.2
-50.41666666666667,1.0833333333333357,0.4
-50.25,1.0833333333333357,0.6
-50.083333333333336,1.0833333333333357,0.6
-69.08333333333333,0.9166666666666696,0
-68.91666666666667,0.9166666666666696,0
-68.75,0.9166666666666696,0.2
-68.58333333333333,0.9166666666666696,0
-68.41666666666667,0.9166666666666696,0
-68.25,0.9166666666666696,0
-68.08333333333333,0.9166666666666696,0
-67.91666666666667,0.9166666666666696,0
-67.75,0.9166666666666696,0
-67.58333333333333,0.9166666666666696,0
-67.41666666666667,0.9166666666666696,0
-67.25,0.9166666666666696,0
-67.08333333333333,0.9166666666666696,0
-66.91666666666667,0.9166666666666696,0
-66.75,0.9166666666666696,0
-65.08333333333333,0.9166666666666696,0
-64.91666666666667,0.9166666666666696,0
-64.75,0.9166666666666696,0.2
-64.58333333333333,0.9166666666666696,0
-64.41666666666667,0.9166666666666696,0
-64.25,0.9166666666666696,0
-64.08333333333333,0.9166666666666696,0
-63.91666666666667,0.9166666666666696,0.4
-63.75,0.9166666666666696,0.8
-63.583333333333336,0.9166666666666696,0.4
-63.41666666666667,0.9166666666666696,0
-63.25,0.9166666666666696,0
-63.083333333333336,0.9166666666666696,0.2
-62.91666666666667,0.9166666666666696,0.2
-62.75,0.9166666666666696,0.2
-62.583333333333336,0.9166666666666696,0.2
-62.41666666666667,0.9166666666666696,0.2
-62.25,0.9166666666666696,0.2
-62.083333333333336,0.9166666666666696,0
-61.91666666666667,0.9166666666666696,0
-61.75,0.9166666666666696,0.2
-61.583333333333336,0.9166666666666696,0
-61.41666666666667,0.9166666666666696,0
-61.25,0.9166666666666696,0
-61.083333333333336,0.9166666666666696,0
-60.91666666666667,0.9166666666666696,0.2
-60.75,0.9166666666666696,0
-60.583333333333336,0.9166666666666696,0.2
-60.41666666666667,0.9166666666666696,0.2
-60.25,0.9166666666666696,0.2
-60.083333333333336,0.9166666666666696,0
-59.91666666666667,0.9166666666666696,0
-59.75,0.9166666666666696,0
-59.583333333333336,0.9166666666666696,0
-59.41666666666667,0.9166666666666696,0
-59.25,0.9166666666666696,0
-59.083333333333336,0.9166666666666696,0
-58.91666666666667,0.9166666666666696,0
-58.75,0.9166666666666696,0
-58.583333333333336,0.9166666666666696,0
-58.41666666666667,0.9166666666666696,0
-58.25,0.9166666666666696,0
-58.083333333333336,0.9166666666666696,0
-57.91666666666667,0.9166666666666696,0
-57.75,0.9166666666666696,0
-57.583333333333336,0.9166666666666696,0
-57.41666666666667,0.9166666666666696,0
-57.25,0.9166666666666696,0
-57.083333333333336,0.9166666666666696,0
-56.91666666666667,0.9166666666666696,0
-56.75,0.9166666666666696,0
-56.583333333333336,0.9166666666666696,0
-56.41666666666667,0.9166666666666696,0
-56.25,0.9166666666666696,0
-56.083333333333336,0.9166666666666696,0
-55.91666666666667,0.9166666666666696,0
-55.75,0.9166666666666696,0
-55.583333333333336,0.9166666666666696,0.2
-55.41666666666667,0.9166666666666696,0
-55.25,0.9166666666666696,0
-55.083333333333336,0.9166666666666696,0
-54.91666666666667,0.9166666666666696,0
-54.75,0.9166666666666696,0
-54.583333333333336,0.9166666666666696,0
-54.41666666666667,0.9166666666666696,0
-54.25,0.9166666666666696,0
-54.083333333333336,0.9166666666666696,0.2
-53.91666666666667,0.9166666666666696,0.6
-53.75,0.9166666666666696,0.2
-53.583333333333336,0.9166666666666696,0
-53.41666666666667,0.9166666666666696,0.8
-53.25,0.9166666666666696,0.2
-53.083333333333336,0.9166666666666696,1
-52.91666666666667,0.9166666666666696,0.8
-52.75,0.9166666666666696,1
-52.583333333333336,0.9166666666666696,1
-52.41666666666667,0.9166666666666696,1
-52.25,0.9166666666666696,1
-52.083333333333336,0.9166666666666696,1
-51.91666666666667,0.9166666666666696,1
-51.75,0.9166666666666696,1
-51.583333333333336,0.9166666666666696,1
-51.41666666666667,0.9166666666666696,0.6
-51.25,0.9166666666666696,0.8
-51.083333333333336,0.9166666666666696,0.8
-50.91666666666667,0.9166666666666696,0.4
-50.75,0.9166666666666696,0.2
-50.583333333333336,0.9166666666666696,0.2
-50.41666666666667,0.9166666666666696,0.2
-50.25,0.9166666666666696,0.6
-69.08333333333333,0.7500000000000027,0
-68.91666666666667,0.7500000000000027,0
-68.75,0.7500000000000027,0.2
-68.58333333333333,0.7500000000000027,0
-68.41666666666667,0.7500000000000027,0
-68.25,0.7500000000000027,0
-68.08333333333333,0.7500000000000027,0
-67.91666666666667,0.7500000000000027,0
-67.75,0.7500000000000027,0
-67.58333333333333,0.7500000000000027,0
-67.41666666666667,0.7500000000000027,0
-67.25,0.7500000000000027,0
-67.08333333333333,0.7500000000000027,0
-66.91666666666667,0.7500000000000027,0
-66.75,0.7500000000000027,0
-66.58333333333333,0.7500000000000027,0
-65.75,0.7500000000000027,0
-65.58333333333333,0.7500000000000027,0
-65.41666666666667,0.7500000000000027,0
-65.25,0.7500000000000027,0
-65.08333333333333,0.7500000000000027,0.2
-64.91666666666667,0.7500000000000027,0
-64.75,0.7500000000000027,0
-64.58333333333333,0.7500000000000027,0
-64.41666666666667,0.7500000000000027,0
-64.25,0.7500000000000027,0
-64.08333333333333,0.7500000000000027,0
-63.91666666666667,0.7500000000000027,0
-63.75,0.7500000000000027,0.2
-63.583333333333336,0.7500000000000027,0.8
-63.41666666666667,0.7500000000000027,0.4
-63.25,0.7500000000000027,0.2
-63.083333333333336,0.7500000000000027,0.8
-62.91666666666667,0.7500000000000027,0.2
-62.75,0.7500000000000027,0.2
-62.583333333333336,0.7500000000000027,0
-62.41666666666667,0.7500000000000027,0.2
-62.25,0.7500000000000027,0
-62.083333333333336,0.7500000000000027,0
-61.91666666666667,0.7500000000000027,0
-61.75,0.7500000000000027,0
-61.583333333333336,0.7500000000000027,0
-61.41666666666667,0.7500000000000027,0
-61.25,0.7500000000000027,0
-61.083333333333336,0.7500000000000027,0
-60.91666666666667,0.7500000000000027,0
-60.75,0.7500000000000027,0
-60.583333333333336,0.7500000000000027,0
-60.41666666666667,0.7500000000000027,0
-60.25,0.7500000000000027,0
-60.083333333333336,0.7500000000000027,0.2
-59.91666666666667,0.7500000000000027,0
-59.75,0.7500000000000027,0
-59.583333333333336,0.7500000000000027,0
-59.41666666666667,0.7500000000000027,0
-59.25,0.7500000000000027,0.2
-59.083333333333336,0.7500000000000027,0
-58.91666666666667,0.7500000000000027,0
-58.75,0.7500000000000027,0
-58.583333333333336,0.7500000000000027,0
-58.41666666666667,0.7500000000000027,0
-58.25,0.7500000000000027,0.2
-58.083333333333336,0.7500000000000027,0
-57.91666666666667,0.7500000000000027,0
-57.75,0.7500000000000027,0
-57.583333333333336,0.7500000000000027,0
-57.41666666666667,0.7500000000000027,0
-57.25,0.7500000000000027,0
-57.083333333333336,0.7500000000000027,0
-56.91666666666667,0.7500000000000027,0
-56.75,0.7500000000000027,0
-56.583333333333336,0.7500000000000027,0
-56.41666666666667,0.7500000000000027,0
-56.25,0.7500000000000027,0
-56.083333333333336,0.7500000000000027,0
-55.91666666666667,0.7500000000000027,0
-55.75,0.7500000000000027,0
-55.583333333333336,0.7500000000000027,0
-55.41666666666667,0.7500000000000027,0
-55.25,0.7500000000000027,0
-55.083333333333336,0.7500000000000027,0
-54.91666666666667,0.7500000000000027,0
-54.75,0.7500000000000027,0
-54.583333333333336,0.7500000000000027,0
-54.41666666666667,0.7500000000000027,0
-54.25,0.7500000000000027,0
-54.083333333333336,0.7500000000000027,0
-53.91666666666667,0.7500000000000027,0
-53.75,0.7500000000000027,0
-53.583333333333336,0.7500000000000027,0.2
-53.41666666666667,0.7500000000000027,0.2
-53.25,0.7500000000000027,0.8
-53.083333333333336,0.7500000000000027,1
-52.91666666666667,0.7500000000000027,1
-52.75,0.7500000000000027,0.4
-52.583333333333336,0.7500000000000027,1
-52.41666666666667,0.7500000000000027,1
-52.25,0.7500000000000027,1
-52.083333333333336,0.7500000000000027,1
-51.91666666666667,0.7500000000000027,1
-51.75,0.7500000000000027,1
-51.583333333333336,0.7500000000000027,1
-51.41666666666667,0.7500000000000027,0.8
-51.25,0.7500000000000027,0.8
-51.083333333333336,0.7500000000000027,0.6
-50.91666666666667,0.7500000000000027,0.2
-50.75,0.7500000000000027,0.2
-50.583333333333336,0.7500000000000027,0
-50.41666666666667,0.7500000000000027,0.2
-50.25,0.7500000000000027,0.4
-69.58333333333333,0.5833333333333357,0
-69.41666666666667,0.5833333333333357,0
-69.25,0.5833333333333357,0
-69.08333333333333,0.5833333333333357,0
-68.91666666666667,0.5833333333333357,0
-68.75,0.5833333333333357,0
-68.58333333333333,0.5833333333333357,0
-68.41666666666667,0.5833333333333357,0
-68.25,0.5833333333333357,0
-68.08333333333333,0.5833333333333357,0
-67.91666666666667,0.5833333333333357,0
-67.75,0.5833333333333357,0
-67.58333333333333,0.5833333333333357,0
-67.41666666666667,0.5833333333333357,0
-67.25,0.5833333333333357,0
-67.08333333333333,0.5833333333333357,0
-66.91666666666667,0.5833333333333357,0
-66.75,0.5833333333333357,0
-66.58333333333333,0.5833333333333357,0
-66.41666666666667,0.5833333333333357,0
-66.25,0.5833333333333357,0
-66.08333333333333,0.5833333333333357,0
-65.91666666666667,0.5833333333333357,0
-65.75,0.5833333333333357,0
-65.58333333333333,0.5833333333333357,0
-65.41666666666667,0.5833333333333357,0
-65.25,0.5833333333333357,0
-65.08333333333333,0.5833333333333357,0.2
-64.91666666666667,0.5833333333333357,0
-64.75,0.5833333333333357,0
-64.58333333333333,0.5833333333333357,0
-64.41666666666667,0.5833333333333357,0
-64.25,0.5833333333333357,0
-64.08333333333333,0.5833333333333357,0
-63.91666666666667,0.5833333333333357,0
-63.75,0.5833333333333357,0
-63.583333333333336,0.5833333333333357,0.2
-63.41666666666667,0.5833333333333357,0.2
-63.25,0.5833333333333357,0.4
-63.083333333333336,0.5833333333333357,0.4
-62.91666666666667,0.5833333333333357,0.2
-62.75,0.5833333333333357,0.2
-62.583333333333336,0.5833333333333357,0.2
-62.41666666666667,0.5833333333333357,0.2
-62.25,0.5833333333333357,0.2
-62.083333333333336,0.5833333333333357,0
-61.91666666666667,0.5833333333333357,0
-61.75,0.5833333333333357,0
-61.583333333333336,0.5833333333333357,0
-61.41666666666667,0.5833333333333357,0
-61.25,0.5833333333333357,0
-61.083333333333336,0.5833333333333357,0.4
-60.91666666666667,0.5833333333333357,0.2
-60.75,0.5833333333333357,0.2
-60.583333333333336,0.5833333333333357,0.2
-60.41666666666667,0.5833333333333357,0.2
-60.25,0.5833333333333357,0.2
-60.083333333333336,0.5833333333333357,0.2
-59.91666666666667,0.5833333333333357,0
-59.75,0.5833333333333357,0
-59.583333333333336,0.5833333333333357,0
-59.41666666666667,0.5833333333333357,0.2
-59.25,0.5833333333333357,0.4
-59.083333333333336,0.5833333333333357,0.4
-58.91666666666667,0.5833333333333357,0
-58.75,0.5833333333333357,0
-58.583333333333336,0.5833333333333357,0
-58.41666666666667,0.5833333333333357,0
-58.25,0.5833333333333357,0
-58.083333333333336,0.5833333333333357,0
-57.91666666666667,0.5833333333333357,0
-57.75,0.5833333333333357,0
-57.583333333333336,0.5833333333333357,0
-57.41666666666667,0.5833333333333357,0
-57.25,0.5833333333333357,0
-57.083333333333336,0.5833333333333357,0
-56.91666666666667,0.5833333333333357,0
-56.75,0.5833333333333357,0
-56.583333333333336,0.5833333333333357,0
-56.41666666666667,0.5833333333333357,0
-56.25,0.5833333333333357,0
-56.083333333333336,0.5833333333333357,0
-55.91666666666667,0.5833333333333357,0
-55.75,0.5833333333333357,0
-55.583333333333336,0.5833333333333357,0
-55.41666666666667,0.5833333333333357,0
-55.25,0.5833333333333357,0
-55.083333333333336,0.5833333333333357,0
-54.91666666666667,0.5833333333333357,0
-54.75,0.5833333333333357,0
-54.583333333333336,0.5833333333333357,0
-54.41666666666667,0.5833333333333357,0
-54.25,0.5833333333333357,0
-54.083333333333336,0.5833333333333357,0
-53.91666666666667,0.5833333333333357,0
-53.75,0.5833333333333357,0.6
-53.583333333333336,0.5833333333333357,0.6
-53.41666666666667,0.5833333333333357,0.6
-53.25,0.5833333333333357,0.8
-53.083333333333336,0.5833333333333357,1
-52.91666666666667,0.5833333333333357,1
-52.75,0.5833333333333357,0.4
-52.583333333333336,0.5833333333333357,0.4
-52.41666666666667,0.5833333333333357,1
-52.25,0.5833333333333357,1
-52.083333333333336,0.5833333333333357,1
-51.91666666666667,0.5833333333333357,1
-51.75,0.5833333333333357,1
-51.583333333333336,0.5833333333333357,1
-51.41666666666667,0.5833333333333357,0.6
-51.25,0.5833333333333357,0.6
-51.083333333333336,0.5833333333333357,0.4
-50.91666666666667,0.5833333333333357,0
-50.75,0.5833333333333357,0
-50.583333333333336,0.5833333333333357,0
-50.41666666666667,0.5833333333333357,0.2
-50.25,0.5833333333333357,0.4
-69.91666666666667,0.4166666666666696,0
-69.75,0.4166666666666696,0
-69.58333333333333,0.4166666666666696,0
-69.41666666666667,0.4166666666666696,0
-69.25,0.4166666666666696,0
-69.08333333333333,0.4166666666666696,0
-68.91666666666667,0.4166666666666696,0
-68.75,0.4166666666666696,0
-68.58333333333333,0.4166666666666696,0
-68.41666666666667,0.4166666666666696,0
-68.25,0.4166666666666696,0
-68.08333333333333,0.4166666666666696,0
-67.91666666666667,0.4166666666666696,0
-67.75,0.4166666666666696,0
-67.58333333333333,0.4166666666666696,0
-67.41666666666667,0.4166666666666696,0
-67.25,0.4166666666666696,0
-67.08333333333333,0.4166666666666696,0
-66.91666666666667,0.4166666666666696,0
-66.75,0.4166666666666696,0
-66.58333333333333,0.4166666666666696,0
-66.41666666666667,0.4166666666666696,0
-66.25,0.4166666666666696,0
-66.08333333333333,0.4166666666666696,0
-65.91666666666667,0.4166666666666696,0
-65.75,0.4166666666666696,0
-65.58333333333333,0.4166666666666696,0
-65.41666666666667,0.4166666666666696,0
-65.25,0.4166666666666696,0
-65.08333333333333,0.4166666666666696,0.2
-64.91666666666667,0.4166666666666696,0
-64.75,0.4166666666666696,0
-64.58333333333333,0.4166666666666696,0
-64.41666666666667,0.4166666666666696,0
-64.25,0.4166666666666696,0
-64.08333333333333,0.4166666666666696,0
-63.91666666666667,0.4166666666666696,0
-63.75,0.4166666666666696,0
-63.583333333333336,0.4166666666666696,0
-63.41666666666667,0.4166666666666696,0
-63.25,0.4166666666666696,0
-63.083333333333336,0.4166666666666696,0.2
-62.91666666666667,0.4166666666666696,0.2
-62.75,0.4166666666666696,0.2
-62.583333333333336,0.4166666666666696,0.2
-62.41666666666667,0.4166666666666696,0.2
-62.25,0.4166666666666696,0.2
-62.083333333333336,0.4166666666666696,0.2
-61.91666666666667,0.4166666666666696,0
-61.75,0.4166666666666696,0
-61.583333333333336,0.4166666666666696,0
-61.41666666666667,0.4166666666666696,0
-61.25,0.4166666666666696,0
-61.083333333333336,0.4166666666666696,0
-60.91666666666667,0.4166666666666696,0
-60.75,0.4166666666666696,0.2
-60.583333333333336,0.4166666666666696,0.2
-60.41666666666667,0.4166666666666696,0.2
-60.25,0.4166666666666696,0.4
-60.083333333333336,0.4166666666666696,0
-59.91666666666667,0.4166666666666696,0
-59.75,0.4166666666666696,0
-59.583333333333336,0.4166666666666696,0
-59.41666666666667,0.4166666666666696,0.2
-59.25,0.4166666666666696,0
-59.083333333333336,0.4166666666666696,0.2
-58.91666666666667,0.4166666666666696,0
-58.75,0.4166666666666696,0
-58.583333333333336,0.4166666666666696,0
-58.41666666666667,0.4166666666666696,0
-58.25,0.4166666666666696,0
-58.083333333333336,0.4166666666666696,0
-57.91666666666667,0.4166666666666696,0
-57.75,0.4166666666666696,0.2
-57.583333333333336,0.4166666666666696,0.2
-57.41666666666667,0.4166666666666696,0
-57.25,0.4166666666666696,0
-57.083333333333336,0.4166666666666696,0
-56.91666666666667,0.4166666666666696,0
-56.75,0.4166666666666696,0
-56.583333333333336,0.4166666666666696,0
-56.41666666666667,0.4166666666666696,0
-56.25,0.4166666666666696,0
-56.083333333333336,0.4166666666666696,0.2
-55.91666666666667,0.4166666666666696,0
-55.75,0.4166666666666696,0
-55.583333333333336,0.4166666666666696,0
-55.41666666666667,0.4166666666666696,0
-55.25,0.4166666666666696,0
-55.083333333333336,0.4166666666666696,0
-54.91666666666667,0.4166666666666696,0
-54.75,0.4166666666666696,0
-54.583333333333336,0.4166666666666696,0
-54.41666666666667,0.4166666666666696,0
-54.25,0.4166666666666696,0
-54.083333333333336,0.4166666666666696,0
-53.91666666666667,0.4166666666666696,0
-53.75,0.4166666666666696,0.4
-53.583333333333336,0.4166666666666696,0.6
-53.41666666666667,0.4166666666666696,0.8
-53.25,0.4166666666666696,1
-53.083333333333336,0.4166666666666696,1
-52.91666666666667,0.4166666666666696,1
-52.75,0.4166666666666696,1
-52.583333333333336,0.4166666666666696,1
-52.41666666666667,0.4166666666666696,1
-52.25,0.4166666666666696,1
-52.083333333333336,0.4166666666666696,1
-51.91666666666667,0.4166666666666696,1
-51.75,0.4166666666666696,1
-51.583333333333336,0.4166666666666696,1
-51.41666666666667,0.4166666666666696,0.6
-51.25,0.4166666666666696,0.6
-51.083333333333336,0.4166666666666696,0.4
-50.91666666666667,0.4166666666666696,0
-50.75,0.4166666666666696,0
-50.583333333333336,0.4166666666666696,0
-50.41666666666667,0.4166666666666696,0.2
-50.25,0.4166666666666696,0.2
-69.91666666666667,0.25000000000000266,0
-69.75,0.25000000000000266,0
-69.58333333333333,0.25000000000000266,0
-69.41666666666667,0.25000000000000266,0
-69.25,0.25000000000000266,0
-69.08333333333333,0.25000000000000266,0
-68.91666666666667,0.25000000000000266,0
-68.75,0.25000000000000266,0
-68.58333333333333,0.25000000000000266,0
-68.41666666666667,0.25000000000000266,0
-68.25,0.25000000000000266,0
-68.08333333333333,0.25000000000000266,0
-67.91666666666667,0.25000000000000266,0
-67.75,0.25000000000000266,0
-67.58333333333333,0.25000000000000266,0
-67.41666666666667,0.25000000000000266,0
-67.25,0.25000000000000266,0
-67.08333333333333,0.25000000000000266,0
-66.91666666666667,0.25000000000000266,0
-66.75,0.25000000000000266,0
-66.58333333333333,0.25000000000000266,0
-66.41666666666667,0.25000000000000266,0
-66.25,0.25000000000000266,0
-66.08333333333333,0.25000000000000266,0
-65.91666666666667,0.25000000000000266,0
-65.75,0.25000000000000266,0.2
-65.58333333333333,0.25000000000000266,0
-65.41666666666667,0.25000000000000266,0.2
-65.25,0.25000000000000266,0.2
-65.08333333333333,0.25000000000000266,0.2
-64.91666666666667,0.25000000000000266,0
-64.75,0.25000000000000266,0
-64.58333333333333,0.25000000000000266,0
-64.41666666666667,0.25000000000000266,0
-64.25,0.25000000000000266,0
-64.08333333333333,0.25000000000000266,0
-63.91666666666667,0.25000000000000266,0
-63.75,0.25000000000000266,0
-63.583333333333336,0.25000000000000266,0
-63.41666666666667,0.25000000000000266,0
-63.25,0.25000000000000266,0
-63.083333333333336,0.25000000000000266,0
-62.91666666666667,0.25000000000000266,0
-62.75,0.25000000000000266,0
-62.583333333333336,0.25000000000000266,0
-62.41666666666667,0.25000000000000266,0
-62.25,0.25000000000000266,0.2
-62.083333333333336,0.25000000000000266,0.2
-61.91666666666667,0.25000000000000266,0
-61.75,0.25000000000000266,0.2
-61.583333333333336,0.25000000000000266,0
-61.41666666666667,0.25000000000000266,0
-61.25,0.25000000000000266,0
-61.083333333333336,0.25000000000000266,0
-60.91666666666667,0.25000000000000266,0
-60.75,0.25000000000000266,0
-60.583333333333336,0.25000000000000266,0
-60.41666666666667,0.25000000000000266,0
-60.25,0.25000000000000266,0.2
-60.083333333333336,0.25000000000000266,0
-59.91666666666667,0.25000000000000266,0.4
-59.75,0.25000000000000266,0.4
-59.583333333333336,0.25000000000000266,0.2
-59.41666666666667,0.25000000000000266,0.4
-59.25,0.25000000000000266,0
-59.083333333333336,0.25000000000000266,0
-58.91666666666667,0.25000000000000266,0
-58.75,0.25000000000000266,0
-58.583333333333336,0.25000000000000266,0
-58.41666666666667,0.25000000000000266,0
-58.25,0.25000000000000266,0.2
-58.083333333333336,0.25000000000000266,0
-57.91666666666667,0.25000000000000266,0
-57.75,0.25000000000000266,0
-57.583333333333336,0.25000000000000266,0
-57.41666666666667,0.25000000000000266,0
-57.25,0.25000000000000266,0
-57.083333333333336,0.25000000000000266,0
-56.91666666666667,0.25000000000000266,0
-56.75,0.25000000000000266,0
-56.583333333333336,0.25000000000000266,0
-56.41666666666667,0.25000000000000266,0
-56.25,0.25000000000000266,0
-56.083333333333336,0.25000000000000266,0.2
-55.91666666666667,0.25000000000000266,0
-55.75,0.25000000000000266,0
-55.583333333333336,0.25000000000000266,0
-55.41666666666667,0.25000000000000266,0
-55.25,0.25000000000000266,0
-55.083333333333336,0.25000000000000266,0
-54.91666666666667,0.25000000000000266,0
-54.75,0.25000000000000266,0
-54.583333333333336,0.25000000000000266,0
-54.41666666666667,0.25000000000000266,0
-54.25,0.25000000000000266,0
-54.083333333333336,0.25000000000000266,0
-53.91666666666667,0.25000000000000266,0
-53.75,0.25000000000000266,0
-53.583333333333336,0.25000000000000266,0.8
-53.41666666666667,0.25000000000000266,0.8
-53.25,0.25000000000000266,1
-53.083333333333336,0.25000000000000266,1
-52.91666666666667,0.25000000000000266,1
-52.75,0.25000000000000266,1
-52.583333333333336,0.25000000000000266,1
-52.41666666666667,0.25000000000000266,1
-52.25,0.25000000000000266,1
-52.083333333333336,0.25000000000000266,1
-51.91666666666667,0.25000000000000266,1
-51.75,0.25000000000000266,1
-51.583333333333336,0.25000000000000266,1
-51.41666666666667,0.25000000000000266,1
-51.25,0.25000000000000266,0.6
-51.083333333333336,0.25000000000000266,0.6
-50.91666666666667,0.25000000000000266,0.2
-50.75,0.25000000000000266,0.2
-50.583333333333336,0.25000000000000266,0.2
-50.41666666666667,0.25000000000000266,0.2
-50.25,0.25000000000000266,0.4
-50.083333333333336,0.25000000000000266,0.6
-49.91666666666667,0.25000000000000266,0.6
-49.75,0.25000000000000266,0.8
-69.91666666666667,0.0833333333333357,0
-69.75,0.0833333333333357,0
-69.58333333333333,0.0833333333333357,0
-69.41666666666667,0.0833333333333357,0
-69.25,0.0833333333333357,0
-69.08333333333333,0.0833333333333357,0
-68.91666666666667,0.0833333333333357,0
-68.75,0.0833333333333357,0
-68.58333333333333,0.0833333333333357,0
-68.41666666666667,0.0833333333333357,0
-68.25,0.0833333333333357,0
-68.08333333333333,0.0833333333333357,0
-67.91666666666667,0.0833333333333357,0
-67.75,0.0833333333333357,0
-67.58333333333333,0.0833333333333357,0
-67.41666666666667,0.0833333333333357,0
-67.25,0.0833333333333357,0
-67.08333333333333,0.0833333333333357,0
-66.91666666666667,0.0833333333333357,0
-66.75,0.0833333333333357,0
-66.58333333333333,0.0833333333333357,0
-66.41666666666667,0.0833333333333357,0
-66.25,0.0833333333333357,0
-66.08333333333333,0.0833333333333357,0
-65.91666666666667,0.0833333333333357,0
-65.75,0.0833333333333357,0
-65.58333333333333,0.0833333333333357,0
-65.41666666666667,0.0833333333333357,0
-65.25,0.0833333333333357,0
-65.08333333333333,0.0833333333333357,0
-64.91666666666667,0.0833333333333357,0
-64.75,0.0833333333333357,0
-64.58333333333333,0.0833333333333357,0
-64.41666666666667,0.0833333333333357,0
-64.25,0.0833333333333357,0
-64.08333333333333,0.0833333333333357,0
-63.91666666666667,0.0833333333333357,0
-63.75,0.0833333333333357,0
-63.583333333333336,0.0833333333333357,0
-63.41666666666667,0.0833333333333357,0
-63.25,0.0833333333333357,0
-63.083333333333336,0.0833333333333357,0
-62.91666666666667,0.0833333333333357,0
-62.75,0.0833333333333357,0
-62.583333333333336,0.0833333333333357,0
-62.41666666666667,0.0833333333333357,0
-62.25,0.0833333333333357,0.2
-62.083333333333336,0.0833333333333357,0
-61.91666666666667,0.0833333333333357,0
-61.75,0.0833333333333357,0
-61.583333333333336,0.0833333333333357,0
-61.41666666666667,0.0833333333333357,0
-61.25,0.0833333333333357,0
-61.083333333333336,0.0833333333333357,0
-60.91666666666667,0.0833333333333357,0
-60.75,0.0833333333333357,0
-60.583333333333336,0.0833333333333357,0
-60.41666666666667,0.0833333333333357,0
-60.25,0.0833333333333357,0
-60.083333333333336,0.0833333333333357,0.2
-59.91666666666667,0.0833333333333357,0.4
-59.75,0.0833333333333357,0.4
-59.583333333333336,0.0833333333333357,0.4
-59.41666666666667,0.0833333333333357,0.4
-59.25,0.0833333333333357,0.4
-59.083333333333336,0.0833333333333357,0
-58.91666666666667,0.0833333333333357,0
-58.75,0.0833333333333357,0
-58.583333333333336,0.0833333333333357,0
-58.41666666666667,0.0833333333333357,0
-58.25,0.0833333333333357,0
-58.083333333333336,0.0833333333333357,0
-57.91666666666667,0.0833333333333357,0
-57.75,0.0833333333333357,0
-57.583333333333336,0.0833333333333357,0
-57.41666666666667,0.0833333333333357,0
-57.25,0.0833333333333357,0.4
-57.083333333333336,0.0833333333333357,0
-56.91666666666667,0.0833333333333357,0
-56.75,0.0833333333333357,0
-56.583333333333336,0.0833333333333357,0
-56.41666666666667,0.0833333333333357,0
-56.25,0.0833333333333357,0
-56.083333333333336,0.0833333333333357,0
-55.91666666666667,0.0833333333333357,0
-55.75,0.0833333333333357,0
-55.583333333333336,0.0833333333333357,0
-55.41666666666667,0.0833333333333357,0
-55.25,0.0833333333333357,0
-55.083333333333336,0.0833333333333357,0
-54.91666666666667,0.0833333333333357,0
-54.75,0.0833333333333357,0
-54.583333333333336,0.0833333333333357,0
-54.41666666666667,0.0833333333333357,0
-54.25,0.0833333333333357,0.6
-54.083333333333336,0.0833333333333357,0.8
-53.91666666666667,0.0833333333333357,0.6
-53.75,0.0833333333333357,0.6
-53.583333333333336,0.0833333333333357,0.8
-53.41666666666667,0.0833333333333357,1
-53.25,0.0833333333333357,1
-53.083333333333336,0.0833333333333357,1
-52.91666666666667,0.0833333333333357,1
-52.75,0.0833333333333357,1
-52.583333333333336,0.0833333333333357,1
-52.41666666666667,0.0833333333333357,1
-52.25,0.0833333333333357,1
-52.083333333333336,0.0833333333333357,1
-51.91666666666667,0.0833333333333357,1
-51.75,0.0833333333333357,1
-51.583333333333336,0.0833333333333357,1
-51.41666666666667,0.0833333333333357,1
-51.25,0.0833333333333357,0.8
-51.083333333333336,0.0833333333333357,1
-50.91666666666667,0.0833333333333357,0.4
-50.75,0.0833333333333357,0.4
-50.583333333333336,0.0833333333333357,0.4
-50.41666666666667,0.0833333333333357,0.4
-50.25,0.0833333333333357,1
-50.083333333333336,0.0833333333333357,1
-49.91666666666667,0.0833333333333357,1
-49.75,0.0833333333333357,0.4
-49.583333333333336,0.0833333333333357,0.4
-69.91666666666667,-0.08333333333333037,0
-69.75,-0.08333333333333037,0
-69.58333333333333,-0.08333333333333037,0
-69.41666666666667,-0.08333333333333037,0
-69.25,-0.08333333333333037,0
-69.08333333333333,-0.08333333333333037,0
-68.91666666666667,-0.08333333333333037,0
-68.75,-0.08333333333333037,0
-68.58333333333333,-0.08333333333333037,0
-68.41666666666667,-0.08333333333333037,0
-68.25,-0.08333333333333037,0
-68.08333333333333,-0.08333333333333037,0
-67.91666666666667,-0.08333333333333037,0
-67.75,-0.08333333333333037,0
-67.58333333333333,-0.08333333333333037,0
-67.41666666666667,-0.08333333333333037,0
-67.25,-0.08333333333333037,0
-67.08333333333333,-0.08333333333333037,0
-66.91666666666667,-0.08333333333333037,0
-66.75,-0.08333333333333037,0
-66.58333333333333,-0.08333333333333037,0
-66.41666666666667,-0.08333333333333037,0
-66.25,-0.08333333333333037,0
-66.08333333333333,-0.08333333333333037,0
-65.91666666666667,-0.08333333333333037,0
-65.75,-0.08333333333333037,0
-65.58333333333333,-0.08333333333333037,0
-65.41666666666667,-0.08333333333333037,0
-65.25,-0.08333333333333037,0
-65.08333333333333,-0.08333333333333037,0
-64.91666666666667,-0.08333333333333037,0
-64.75,-0.08333333333333037,0
-64.58333333333333,-0.08333333333333037,0
-64.41666666666667,-0.08333333333333037,0
-64.25,-0.08333333333333037,0
-64.08333333333333,-0.08333333333333037,0
-63.91666666666667,-0.08333333333333037,0
-63.75,-0.08333333333333037,0
-63.583333333333336,-0.08333333333333037,0
-63.41666666666667,-0.08333333333333037,0
-63.25,-0.08333333333333037,0
-63.083333333333336,-0.08333333333333037,0
-62.91666666666667,-0.08333333333333037,0
-62.75,-0.08333333333333037,0
-62.583333333333336,-0.08333333333333037,0
-62.41666666666667,-0.08333333333333037,0.2
-62.25,-0.08333333333333037,0.2
-62.083333333333336,-0.08333333333333037,0
-61.91666666666667,-0.08333333333333037,0
-61.75,-0.08333333333333037,0
-61.583333333333336,-0.08333333333333037,0
-61.41666666666667,-0.08333333333333037,0
-61.25,-0.08333333333333037,0
-61.083333333333336,-0.08333333333333037,0
-60.91666666666667,-0.08333333333333037,0
-60.75,-0.08333333333333037,0
-60.583333333333336,-0.08333333333333037,0
-60.41666666666667,-0.08333333333333037,0
-60.25,-0.08333333333333037,0
-60.083333333333336,-0.08333333333333037,0
-59.91666666666667,-0.08333333333333037,0.2
-59.75,-0.08333333333333037,0.4
-59.583333333333336,-0.08333333333333037,0.4
-59.41666666666667,-0.08333333333333037,0.2
-59.25,-0.08333333333333037,0.4
-59.083333333333336,-0.08333333333333037,0.6
-58.91666666666667,-0.08333333333333037,0.4
-58.75,-0.08333333333333037,0
-58.583333333333336,-0.08333333333333037,0
-58.41666666666667,-0.08333333333333037,0
-58.25,-0.08333333333333037,0
-58.083333333333336,-0.08333333333333037,0
-57.91666666666667,-0.08333333333333037,0
-57.75,-0.08333333333333037,0
-57.583333333333336,-0.08333333333333037,0
-57.41666666666667,-0.08333333333333037,0.2
-57.25,-0.08333333333333037,0.4
-57.083333333333336,-0.08333333333333037,0
-56.91666666666667,-0.08333333333333037,0.2
-56.75,-0.08333333333333037,0
-56.583333333333336,-0.08333333333333037,0
-56.41666666666667,-0.08333333333333037,0.2
-56.25,-0.08333333333333037,0
-56.083333333333336,-0.08333333333333037,0
-55.91666666666667,-0.08333333333333037,0.2
-55.75,-0.08333333333333037,0
-55.583333333333336,-0.08333333333333037,0
-55.41666666666667,-0.08333333333333037,0
-55.25,-0.08333333333333037,0
-55.083333333333336,-0.08333333333333037,0
-54.91666666666667,-0.08333333333333037,0
-54.75,-0.08333333333333037,0
-54.583333333333336,-0.08333333333333037,0
-54.41666666666667,-0.08333333333333037,0
-54.25,-0.08333333333333037,0.8
-54.083333333333336,-0.08333333333333037,0.8
-53.91666666666667,-0.08333333333333037,0.8
-53.75,-0.08333333333333037,0.8
-53.583333333333336,-0.08333333333333037,0.8
-53.41666666666667,-0.08333333333333037,0.8
-53.25,-0.08333333333333037,1
-53.083333333333336,-0.08333333333333037,1
-52.91666666666667,-0.08333333333333037,1
-52.75,-0.08333333333333037,1
-52.583333333333336,-0.08333333333333037,1
-52.41666666666667,-0.08333333333333037,1
-52.25,-0.08333333333333037,1
-52.083333333333336,-0.08333333333333037,1
-51.91666666666667,-0.08333333333333037,1
-51.75,-0.08333333333333037,1
-51.583333333333336,-0.08333333333333037,1
-51.41666666666667,-0.08333333333333037,1
-51.25,-0.08333333333333037,1
-51.083333333333336,-0.08333333333333037,1
-50.91666666666667,-0.08333333333333037,1
-50.75,-0.08333333333333037,0.6
-50.583333333333336,-0.08333333333333037,0.4
-50.41666666666667,-0.08333333333333037,1
-50.25,-0.08333333333333037,0.6
-50.083333333333336,-0.08333333333333037,0.4
-49.91666666666667,-0.08333333333333037,0.4
-49.75,-0.08333333333333037,0.4
-49.583333333333336,-0.08333333333333037,0.4
-69.75,-0.24999999999999734,0
-69.58333333333333,-0.24999999999999734,0
-69.41666666666667,-0.24999999999999734,0
-69.25,-0.24999999999999734,0
-69.08333333333333,-0.24999999999999734,0
-68.91666666666667,-0.24999999999999734,0
-68.75,-0.24999999999999734,0
-68.58333333333333,-0.24999999999999734,0
-68.41666666666667,-0.24999999999999734,0
-68.25,-0.24999999999999734,0
-68.08333333333333,-0.24999999999999734,0
-67.91666666666667,-0.24999999999999734,0
-67.75,-0.24999999999999734,0
-67.58333333333333,-0.24999999999999734,0
-67.41666666666667,-0.24999999999999734,0
-67.25,-0.24999999999999734,0
-67.08333333333333,-0.24999999999999734,0
-66.91666666666667,-0.24999999999999734,0
-66.75,-0.24999999999999734,0
-66.58333333333333,-0.24999999999999734,0
-66.41666666666667,-0.24999999999999734,0
-66.25,-0.24999999999999734,0.2
-66.08333333333333,-0.24999999999999734,0.2
-65.91666666666667,-0.24999999999999734,0
-65.75,-0.24999999999999734,0
-65.58333333333333,-0.24999999999999734,0
-65.41666666666667,-0.24999999999999734,0
-65.25,-0.24999999999999734,0
-65.08333333333333,-0.24999999999999734,0
-64.91666666666667,-0.24999999999999734,0
-64.75,-0.24999999999999734,0
-64.58333333333333,-0.24999999999999734,0
-64.41666666666667,-0.24999999999999734,0
-64.25,-0.24999999999999734,0
-64.08333333333333,-0.24999999999999734,0
-63.91666666666667,-0.24999999999999734,0
-63.75,-0.24999999999999734,0.2
-63.583333333333336,-0.24999999999999734,0
-63.41666666666667,-0.24999999999999734,0
-63.25,-0.24999999999999734,0
-63.083333333333336,-0.24999999999999734,0
-62.91666666666667,-0.24999999999999734,0
-62.75,-0.24999999999999734,0
-62.583333333333336,-0.24999999999999734,0
-62.41666666666667,-0.24999999999999734,0
-62.25,-0.24999999999999734,0
-62.083333333333336,-0.24999999999999734,0
-61.91666666666667,-0.24999999999999734,0
-61.75,-0.24999999999999734,0
-61.583333333333336,-0.24999999999999734,0
-61.41666666666667,-0.24999999999999734,0
-61.25,-0.24999999999999734,0
-61.083333333333336,-0.24999999999999734,0
-60.91666666666667,-0.24999999999999734,0
-60.75,-0.24999999999999734,0
-60.583333333333336,-0.24999999999999734,0
-60.41666666666667,-0.24999999999999734,0
-60.25,-0.24999999999999734,0
-60.083333333333336,-0.24999999999999734,0
-59.91666666666667,-0.24999999999999734,0
-59.75,-0.24999999999999734,0
-59.583333333333336,-0.24999999999999734,0.4
-59.41666666666667,-0.24999999999999734,0.4
-59.25,-0.24999999999999734,0.4
-59.083333333333336,-0.24999999999999734,1
-58.91666666666667,-0.24999999999999734,0.4
-58.75,-0.24999999999999734,0
-58.583333333333336,-0.24999999999999734,0
-58.41666666666667,-0.24999999999999734,0
-58.25,-0.24999999999999734,0
-58.083333333333336,-0.24999999999999734,0
-57.91666666666667,-0.24999999999999734,0
-57.75,-0.24999999999999734,0
-57.583333333333336,-0.24999999999999734,0
-57.41666666666667,-0.24999999999999734,0.2
-57.25,-0.24999999999999734,0.4
-57.083333333333336,-0.24999999999999734,0.2
-56.91666666666667,-0.24999999999999734,0.8
-56.75,-0.24999999999999734,0.6
-56.583333333333336,-0.24999999999999734,0
-56.41666666666667,-0.24999999999999734,0.8
-56.25,-0.24999999999999734,0
-56.083333333333336,-0.24999999999999734,0
-55.91666666666667,-0.24999999999999734,0
-55.75,-0.24999999999999734,0.2
-55.583333333333336,-0.24999999999999734,0
-55.41666666666667,-0.24999999999999734,0
-55.25,-0.24999999999999734,0
-55.083333333333336,-0.24999999999999734,0
-54.91666666666667,-0.24999999999999734,0
-54.75,-0.24999999999999734,0
-54.583333333333336,-0.24999999999999734,0
-54.41666666666667,-0.24999999999999734,0
-54.25,-0.24999999999999734,0.6
-54.083333333333336,-0.24999999999999734,0.8
-53.91666666666667,-0.24999999999999734,0.8
-53.75,-0.24999999999999734,0.6
-53.583333333333336,-0.24999999999999734,0.8
-53.41666666666667,-0.24999999999999734,1
-53.25,-0.24999999999999734,1
-53.083333333333336,-0.24999999999999734,1
-52.91666666666667,-0.24999999999999734,1
-52.75,-0.24999999999999734,1
-52.583333333333336,-0.24999999999999734,1
-52.41666666666667,-0.24999999999999734,1
-52.25,-0.24999999999999734,1
-52.083333333333336,-0.24999999999999734,1
-51.91666666666667,-0.24999999999999734,1
-51.75,-0.24999999999999734,1
-51.583333333333336,-0.24999999999999734,1
-51.41666666666667,-0.24999999999999734,1
-51.25,-0.24999999999999734,1
-51.083333333333336,-0.24999999999999734,1
-50.91666666666667,-0.24999999999999734,1
-50.75,-0.24999999999999734,1
-50.583333333333336,-0.24999999999999734,1
-50.41666666666667,-0.24999999999999734,1
-50.25,-0.24999999999999734,1
-50.083333333333336,-0.24999999999999734,1
-49.91666666666667,-0.24999999999999734,0.8
-49.75,-0.24999999999999734,0.4
-49.583333333333336,-0.24999999999999734,0.4
-49.41666666666667,-0.24999999999999734,0.4
-49.25,-0.24999999999999734,0.6
-49.083333333333336,-0.24999999999999734,0.6
-69.41666666666667,-0.4166666666666643,0
-69.25,-0.4166666666666643,0
-69.08333333333333,-0.4166666666666643,0
-68.91666666666667,-0.4166666666666643,0
-68.75,-0.4166666666666643,0
-68.58333333333333,-0.4166666666666643,0
-68.41666666666667,-0.4166666666666643,0
-68.25,-0.4166666666666643,0
-68.08333333333333,-0.4166666666666643,0
-67.91666666666667,-0.4166666666666643,0
-67.75,-0.4166666666666643,0
-67.58333333333333,-0.4166666666666643,0
-67.41666666666667,-0.4166666666666643,0
-67.25,-0.4166666666666643,0
-67.08333333333333,-0.4166666666666643,0
-66.91666666666667,-0.4166666666666643,0
-66.75,-0.4166666666666643,0
-66.58333333333333,-0.4166666666666643,0
-66.41666666666667,-0.4166666666666643,0
-66.25,-0.4166666666666643,0
-66.08333333333333,-0.4166666666666643,0
-65.91666666666667,-0.4166666666666643,0
-65.75,-0.4166666666666643,0
-65.58333333333333,-0.4166666666666643,0
-65.41666666666667,-0.4166666666666643,0
-65.25,-0.4166666666666643,0
-65.08333333333333,-0.4166666666666643,0
-64.91666666666667,-0.4166666666666643,0
-64.75,-0.4166666666666643,0
-64.58333333333333,-0.4166666666666643,0
-64.41666666666667,-0.4166666666666643,0
-64.25,-0.4166666666666643,0
-64.08333333333333,-0.4166666666666643,0.2
-63.91666666666667,-0.4166666666666643,0
-63.75,-0.4166666666666643,0
-63.583333333333336,-0.4166666666666643,0.2
-63.41666666666667,-0.4166666666666643,0.2
-63.25,-0.4166666666666643,0.2
-63.083333333333336,-0.4166666666666643,0
-62.91666666666667,-0.4166666666666643,0
-62.75,-0.4166666666666643,0
-62.583333333333336,-0.4166666666666643,0
-62.41666666666667,-0.4166666666666643,0
-62.25,-0.4166666666666643,0
-62.083333333333336,-0.4166666666666643,0
-61.91666666666667,-0.4166666666666643,0
-61.75,-0.4166666666666643,0
-61.583333333333336,-0.4166666666666643,0
-61.41666666666667,-0.4166666666666643,0
-61.25,-0.4166666666666643,0
-61.083333333333336,-0.4166666666666643,0
-60.91666666666667,-0.4166666666666643,0
-60.75,-0.4166666666666643,0
-60.583333333333336,-0.4166666666666643,0
-60.41666666666667,-0.4166666666666643,0
-60.25,-0.4166666666666643,0
-60.083333333333336,-0.4166666666666643,0.2
-59.91666666666667,-0.4166666666666643,0
-59.75,-0.4166666666666643,0
-59.583333333333336,-0.4166666666666643,0
-59.41666666666667,-0.4166666666666643,0
-59.25,-0.4166666666666643,0.4
-59.083333333333336,-0.4166666666666643,1
-58.91666666666667,-0.4166666666666643,0
-58.75,-0.4166666666666643,0.4
-58.583333333333336,-0.4166666666666643,1
-58.41666666666667,-0.4166666666666643,0
-58.25,-0.4166666666666643,0
-58.083333333333336,-0.4166666666666643,0.8
-57.91666666666667,-0.4166666666666643,0.6
-57.75,-0.4166666666666643,0
-57.583333333333336,-0.4166666666666643,0.6
-57.41666666666667,-0.4166666666666643,0.6
-57.25,-0.4166666666666643,0.4
-57.083333333333336,-0.4166666666666643,0.8
-56.91666666666667,-0.4166666666666643,1
-56.75,-0.4166666666666643,0.8
-56.583333333333336,-0.4166666666666643,0.4
-56.41666666666667,-0.4166666666666643,0.6
-56.25,-0.4166666666666643,0
-56.083333333333336,-0.4166666666666643,0
-55.91666666666667,-0.4166666666666643,0
-55.75,-0.4166666666666643,0
-55.583333333333336,-0.4166666666666643,0.2
-55.41666666666667,-0.4166666666666643,0.2
-55.25,-0.4166666666666643,0
-55.083333333333336,-0.4166666666666643,0
-54.91666666666667,-0.4166666666666643,0
-54.75,-0.4166666666666643,0
-54.583333333333336,-0.4166666666666643,0
-54.41666666666667,-0.4166666666666643,0
-54.25,-0.4166666666666643,0.6
-54.083333333333336,-0.4166666666666643,0.8
-53.91666666666667,-0.4166666666666643,0.8
-53.75,-0.4166666666666643,0.8
-53.583333333333336,-0.4166666666666643,1
-53.41666666666667,-0.4166666666666643,1
-53.25,-0.4166666666666643,1
-53.083333333333336,-0.4166666666666643,1
-52.91666666666667,-0.4166666666666643,1
-52.75,-0.4166666666666643,1
-52.583333333333336,-0.4166666666666643,1
-52.41666666666667,-0.4166666666666643,1
-52.25,-0.4166666666666643,1
-52.083333333333336,-0.4166666666666643,1
-51.91666666666667,-0.4166666666666643,1
-51.75,-0.4166666666666643,1
-51.583333333333336,-0.4166666666666643,1
-51.41666666666667,-0.4166666666666643,1
-51.25,-0.4166666666666643,1
-51.083333333333336,-0.4166666666666643,1
-50.91666666666667,-0.4166666666666643,1
-50.75,-0.4166666666666643,1
-50.583333333333336,-0.4166666666666643,1
-50.41666666666667,-0.4166666666666643,1
-50.25,-0.4166666666666643,1
-50.083333333333336,-0.4166666666666643,1
-49.91666666666667,-0.4166666666666643,1
-49.75,-0.4166666666666643,1
-49.583333333333336,-0.4166666666666643,1
-49.41666666666667,-0.4166666666666643,0.4
-49.25,-0.4166666666666643,0.4
-49.083333333333336,-0.4166666666666643,0.6
-48.91666666666667,-0.4166666666666643,0.6
-48.75,-0.4166666666666643,0.6
-48.583333333333336,-0.4166666666666643,0.6
-69.41666666666667,-0.5833333333333304,0
-69.25,-0.5833333333333304,0
-69.08333333333333,-0.5833333333333304,0
-68.91666666666667,-0.5833333333333304,0
-68.75,-0.5833333333333304,0
-68.58333333333333,-0.5833333333333304,0
-68.41666666666667,-0.5833333333333304,0
-68.25,-0.5833333333333304,0
-68.08333333333333,-0.5833333333333304,0
-67.91666666666667,-0.5833333333333304,0
-67.75,-0.5833333333333304,0
-67.58333333333333,-0.5833333333333304,0
-67.41666666666667,-0.5833333333333304,0
-67.25,-0.5833333333333304,0
-67.08333333333333,-0.5833333333333304,0
-66.91666666666667,-0.5833333333333304,0
-66.75,-0.5833333333333304,0
-66.58333333333333,-0.5833333333333304,0
-66.41666666666667,-0.5833333333333304,0
-66.25,-0.5833333333333304,0
-66.08333333333333,-0.5833333333333304,0
-65.91666666666667,-0.5833333333333304,0
-65.75,-0.5833333333333304,0
-65.58333333333333,-0.5833333333333304,0
-65.41666666666667,-0.5833333333333304,0
-65.25,-0.5833333333333304,0
-65.08333333333333,-0.5833333333333304,0
-64.91666666666667,-0.5833333333333304,0
-64.75,-0.5833333333333304,0
-64.58333333333333,-0.5833333333333304,0
-64.41666666666667,-0.5833333333333304,0
-64.25,-0.5833333333333304,0
-64.08333333333333,-0.5833333333333304,0
-63.91666666666667,-0.5833333333333304,0
-63.75,-0.5833333333333304,0
-63.583333333333336,-0.5833333333333304,0
-63.41666666666667,-0.5833333333333304,0
-63.25,-0.5833333333333304,0.2
-63.083333333333336,-0.5833333333333304,0.2
-62.91666666666667,-0.5833333333333304,0
-62.75,-0.5833333333333304,0
-62.583333333333336,-0.5833333333333304,0
-62.41666666666667,-0.5833333333333304,0
-62.25,-0.5833333333333304,0
-62.083333333333336,-0.5833333333333304,0
-61.91666666666667,-0.5833333333333304,0
-61.75,-0.5833333333333304,0
-61.583333333333336,-0.5833333333333304,0
-61.41666666666667,-0.5833333333333304,0
-61.25,-0.5833333333333304,0
-61.083333333333336,-0.5833333333333304,0
-60.91666666666667,-0.5833333333333304,0
-60.75,-0.5833333333333304,0
-60.583333333333336,-0.5833333333333304,0
-60.41666666666667,-0.5833333333333304,0
-60.25,-0.5833333333333304,0.2
-60.083333333333336,-0.5833333333333304,0
-59.91666666666667,-0.5833333333333304,0
-59.75,-0.5833333333333304,0
-59.583333333333336,-0.5833333333333304,0
-59.41666666666667,-0.5833333333333304,0
-59.25,-0.5833333333333304,0.4
-59.083333333333336,-0.5833333333333304,0.8
-58.91666666666667,-0.5833333333333304,0.4
-58.75,-0.5833333333333304,1
-58.583333333333336,-0.5833333333333304,1
-58.41666666666667,-0.5833333333333304,1
-58.25,-0.5833333333333304,0
-58.083333333333336,-0.5833333333333304,0.6
-57.91666666666667,-0.5833333333333304,1
-57.75,-0.5833333333333304,1
-57.583333333333336,-0.5833333333333304,1
-57.41666666666667,-0.5833333333333304,0.8
-57.25,-0.5833333333333304,1
-57.083333333333336,-0.5833333333333304,1
-56.91666666666667,-0.5833333333333304,1
-56.75,-0.5833333333333304,1
-56.583333333333336,-0.5833333333333304,1
-56.41666666666667,-0.5833333333333304,0.2
-56.25,-0.5833333333333304,0.6
-56.083333333333336,-0.5833333333333304,0.2
-55.91666666666667,-0.5833333333333304,0.2
-55.75,-0.5833333333333304,0
-55.583333333333336,-0.5833333333333304,0.2
-55.41666666666667,-0.5833333333333304,0.2
-55.25,-0.5833333333333304,0
-55.083333333333336,-0.5833333333333304,0
-54.91666666666667,-0.5833333333333304,0
-54.75,-0.5833333333333304,0
-54.583333333333336,-0.5833333333333304,0
-54.41666666666667,-0.5833333333333304,0
-54.25,-0.5833333333333304,0
-54.083333333333336,-0.5833333333333304,0.4
-53.91666666666667,-0.5833333333333304,0.8
-53.75,-0.5833333333333304,1
-53.583333333333336,-0.5833333333333304,1
-53.41666666666667,-0.5833333333333304,1
-53.25,-0.5833333333333304,1
-53.083333333333336,-0.5833333333333304,0.4
-52.91666666666667,-0.5833333333333304,0.4
-52.75,-0.5833333333333304,1
-52.583333333333336,-0.5833333333333304,1
-52.41666666666667,-0.5833333333333304,1
-52.25,-0.5833333333333304,1
-52.083333333333336,-0.5833333333333304,1
-51.91666666666667,-0.5833333333333304,1
-51.75,-0.5833333333333304,1
-51.583333333333336,-0.5833333333333304,1
-51.41666666666667,-0.5833333333333304,1
-51.25,-0.5833333333333304,1
-51.083333333333336,-0.5833333333333304,1
-50.91666666666667,-0.5833333333333304,1
-50.75,-0.5833333333333304,1
-50.583333333333336,-0.5833333333333304,1
-50.41666666666667,-0.5833333333333304,1
-50.25,-0.5833333333333304,1
-50.083333333333336,-0.5833333333333304,1
-49.91666666666667,-0.5833333333333304,1
-49.75,-0.5833333333333304,1
-49.583333333333336,-0.5833333333333304,1
-49.41666666666667,-0.5833333333333304,0.8
-49.25,-0.5833333333333304,0.6
-49.083333333333336,-0.5833333333333304,0.8
-48.91666666666667,-0.5833333333333304,0.6
-48.75,-0.5833333333333304,0.6
-48.583333333333336,-0.5833333333333304,0.6
-69.41666666666667,-0.7499999999999973,0
-69.25,-0.7499999999999973,0
-69.08333333333333,-0.7499999999999973,0
-68.91666666666667,-0.7499999999999973,0
-68.75,-0.7499999999999973,0
-68.58333333333333,-0.7499999999999973,0
-68.41666666666667,-0.7499999999999973,0
-68.25,-0.7499999999999973,0
-68.08333333333333,-0.7499999999999973,0
-67.91666666666667,-0.7499999999999973,0
-67.75,-0.7499999999999973,0
-67.58333333333333,-0.7499999999999973,0
-67.41666666666667,-0.7499999999999973,0
-67.25,-0.7499999999999973,0
-67.08333333333333,-0.7499999999999973,0
-66.91666666666667,-0.7499999999999973,0
-66.75,-0.7499999999999973,0
-66.58333333333333,-0.7499999999999973,0
-66.41666666666667,-0.7499999999999973,0
-66.25,-0.7499999999999973,0
-66.08333333333333,-0.7499999999999973,0
-65.91666666666667,-0.7499999999999973,0
-65.75,-0.7499999999999973,0
-65.58333333333333,-0.7499999999999973,0
-65.41666666666667,-0.7499999999999973,0
-65.25,-0.7499999999999973,0
-65.08333333333333,-0.7499999999999973,0
-64.91666666666667,-0.7499999999999973,0
-64.75,-0.7499999999999973,0
-64.58333333333333,-0.7499999999999973,0
-64.41666666666667,-0.7499999999999973,0
-64.25,-0.7499999999999973,0
-64.08333333333333,-0.7499999999999973,0
-63.91666666666667,-0.7499999999999973,0
-63.75,-0.7499999999999973,0
-63.583333333333336,-0.7499999999999973,0
-63.41666666666667,-0.7499999999999973,0
-63.25,-0.7499999999999973,0
-63.083333333333336,-0.7499999999999973,0.2
-62.91666666666667,-0.7499999999999973,0.2
-62.75,-0.7499999999999973,0.2
-62.583333333333336,-0.7499999999999973,0
-62.41666666666667,-0.7499999999999973,0
-62.25,-0.7499999999999973,0
-62.083333333333336,-0.7499999999999973,0
-61.91666666666667,-0.7499999999999973,0
-61.75,-0.7499999999999973,0
-61.583333333333336,-0.7499999999999973,0
-61.41666666666667,-0.7499999999999973,0
-61.25,-0.7499999999999973,0
-61.083333333333336,-0.7499999999999973,0
-60.91666666666667,-0.7499999999999973,0
-60.75,-0.7499999999999973,0
-60.583333333333336,-0.7499999999999973,0
-60.41666666666667,-0.7499999999999973,0
-60.25,-0.7499999999999973,0.2
-60.083333333333336,-0.7499999999999973,0
-59.91666666666667,-0.7499999999999973,0
-59.75,-0.7499999999999973,0
-59.583333333333336,-0.7499999999999973,0
-59.41666666666667,-0.7499999999999973,0
-59.25,-0.7499999999999973,0.4
-59.083333333333336,-0.7499999999999973,0.6
-58.91666666666667,-0.7499999999999973,0.8
-58.75,-0.7499999999999973,0
-58.583333333333336,-0.7499999999999973,0.8
-58.41666666666667,-0.7499999999999973,1
-58.25,-0.7499999999999973,1
-58.083333333333336,-0.7499999999999973,0.6
-57.91666666666667,-0.7499999999999973,1
-57.75,-0.7499999999999973,1
-57.583333333333336,-0.7499999999999973,1
-57.41666666666667,-0.7499999999999973,1
-57.25,-0.7499999999999973,1
-57.083333333333336,-0.7499999999999973,1
-56.91666666666667,-0.7499999999999973,1
-56.75,-0.7499999999999973,0.8
-56.583333333333336,-0.7499999999999973,0.8
-56.41666666666667,-0.7499999999999973,1
-56.25,-0.7499999999999973,1
-56.083333333333336,-0.7499999999999973,1
-55.91666666666667,-0.7499999999999973,0.4
-55.75,-0.7499999999999973,0.2
-55.583333333333336,-0.7499999999999973,0.2
-55.41666666666667,-0.7499999999999973,0.2
-55.25,-0.7499999999999973,0
-55.083333333333336,-0.7499999999999973,0
-54.91666666666667,-0.7499999999999973,0
-54.75,-0.7499999999999973,0
-54.583333333333336,-0.7499999999999973,0
-54.41666666666667,-0.7499999999999973,0
-54.25,-0.7499999999999973,0.2
-54.083333333333336,-0.7499999999999973,0.2
-53.91666666666667,-0.7499999999999973,1
-53.75,-0.7499999999999973,1
-53.583333333333336,-0.7499999999999973,1
-53.41666666666667,-0.7499999999999973,1
-53.25,-0.7499999999999973,0.4
-53.083333333333336,-0.7499999999999973,1
-52.91666666666667,-0.7499999999999973,1
-52.75,-0.7499999999999973,1
-52.583333333333336,-0.7499999999999973,1
-52.41666666666667,-0.7499999999999973,1
-52.25,-0.7499999999999973,1
-52.083333333333336,-0.7499999999999973,1
-51.91666666666667,-0.7499999999999973,1
-51.75,-0.7499999999999973,1
-51.583333333333336,-0.7499999999999973,1
-51.41666666666667,-0.7499999999999973,1
-51.25,-0.7499999999999973,0.8
-51.083333333333336,-0.7499999999999973,1
-50.91666666666667,-0.7499999999999973,1
-50.75,-0.7499999999999973,1
-50.583333333333336,-0.7499999999999973,1
-50.41666666666667,-0.7499999999999973,1
-50.25,-0.7499999999999973,1
-50.083333333333336,-0.7499999999999973,1
-49.91666666666667,-0.7499999999999973,1
-49.75,-0.7499999999999973,1
-49.583333333333336,-0.7499999999999973,0.8
-49.41666666666667,-0.7499999999999973,1
-49.25,-0.7499999999999973,0.4
-49.083333333333336,-0.7499999999999973,0.4
-48.91666666666667,-0.7499999999999973,0.4
-48.75,-0.7499999999999973,0.6
-48.583333333333336,-0.7499999999999973,0.6
-48.41666666666667,-0.7499999999999973,0.4
-48.25,-0.7499999999999973,0.4
-48.083333333333336,-0.7499999999999973,0.6
-47.91666666666667,-0.7499999999999973,1
-47.75,-0.7499999999999973,0.8
-47.583333333333336,-0.7499999999999973,0.6
-47.41666666666667,-0.7499999999999973,0.8
-69.25,-0.9166666666666643,0
-69.08333333333333,-0.9166666666666643,0
-68.91666666666667,-0.9166666666666643,0
-68.75,-0.9166666666666643,0
-68.58333333333333,-0.9166666666666643,0
-68.41666666666667,-0.9166666666666643,0
-68.25,-0.9166666666666643,0
-68.08333333333333,-0.9166666666666643,0
-67.91666666666667,-0.9166666666666643,0
-67.75,-0.9166666666666643,0
-67.58333333333333,-0.9166666666666643,0
-67.41666666666667,-0.9166666666666643,0
-67.25,-0.9166666666666643,0
-67.08333333333333,-0.9166666666666643,0
-66.91666666666667,-0.9166666666666643,0
-66.75,-0.9166666666666643,0
-66.58333333333333,-0.9166666666666643,0
-66.41666666666667,-0.9166666666666643,0
-66.25,-0.9166666666666643,0
-66.08333333333333,-0.9166666666666643,0
-65.91666666666667,-0.9166666666666643,0
-65.75,-0.9166666666666643,0
-65.58333333333333,-0.9166666666666643,0
-65.41666666666667,-0.9166666666666643,0
-65.25,-0.9166666666666643,0
-65.08333333333333,-0.9166666666666643,0
-64.91666666666667,-0.9166666666666643,0
-64.75,-0.9166666666666643,0
-64.58333333333333,-0.9166666666666643,0
-64.41666666666667,-0.9166666666666643,0
-64.25,-0.9166666666666643,0
-64.08333333333333,-0.9166666666666643,0
-63.91666666666667,-0.9166666666666643,0
-63.75,-0.9166666666666643,0
-63.583333333333336,-0.9166666666666643,0
-63.41666666666667,-0.9166666666666643,0
-63.25,-0.9166666666666643,0
-63.083333333333336,-0.9166666666666643,0
-62.91666666666667,-0.9166666666666643,0.2
-62.75,-0.9166666666666643,0.2
-62.583333333333336,-0.9166666666666643,0.2
-62.41666666666667,-0.9166666666666643,0
-62.25,-0.9166666666666643,0
-62.083333333333336,-0.9166666666666643,0
-61.91666666666667,-0.9166666666666643,0
-61.75,-0.9166666666666643,0
-61.583333333333336,-0.9166666666666643,0
-61.41666666666667,-0.9166666666666643,0
-61.25,-0.9166666666666643,0
-61.083333333333336,-0.9166666666666643,0
-60.91666666666667,-0.9166666666666643,0
-60.75,-0.9166666666666643,0
-60.583333333333336,-0.9166666666666643,0
-60.41666666666667,-0.9166666666666643,0
-60.25,-0.9166666666666643,0
-60.083333333333336,-0.9166666666666643,0
-59.91666666666667,-0.9166666666666643,0
-59.75,-0.9166666666666643,0
-59.583333333333336,-0.9166666666666643,0.4
-59.41666666666667,-0.9166666666666643,0.4
-59.25,-0.9166666666666643,0.4
-59.083333333333336,-0.9166666666666643,0.4
-58.91666666666667,-0.9166666666666643,0.6
-58.75,-0.9166666666666643,0.6
-58.583333333333336,-0.9166666666666643,0.8
-58.41666666666667,-0.9166666666666643,1
-58.25,-0.9166666666666643,0.8
-58.083333333333336,-0.9166666666666643,0.8
-57.91666666666667,-0.9166666666666643,0
-57.75,-0.9166666666666643,0.8
-57.583333333333336,-0.9166666666666643,1
-57.41666666666667,-0.9166666666666643,0.8
-57.25,-0.9166666666666643,1
-57.083333333333336,-0.9166666666666643,1
-56.91666666666667,-0.9166666666666643,1
-56.75,-0.9166666666666643,1
-56.583333333333336,-0.9166666666666643,1
-56.41666666666667,-0.9166666666666643,1
-56.25,-0.9166666666666643,1
-56.083333333333336,-0.9166666666666643,1
-55.91666666666667,-0.9166666666666643,1
-55.75,-0.9166666666666643,0.4
-55.583333333333336,-0.9166666666666643,0.2
-55.41666666666667,-0.9166666666666643,0.2
-55.25,-0.9166666666666643,0
-55.083333333333336,-0.9166666666666643,0
-54.91666666666667,-0.9166666666666643,0
-54.75,-0.9166666666666643,0
-54.583333333333336,-0.9166666666666643,0
-54.41666666666667,-0.9166666666666643,0.4
-54.25,-0.9166666666666643,0.8
-54.083333333333336,-0.9166666666666643,0.4
-53.91666666666667,-0.9166666666666643,0.4
-53.75,-0.9166666666666643,0.4
-53.583333333333336,-0.9166666666666643,0.4
-53.41666666666667,-0.9166666666666643,0.4
-53.25,-0.9166666666666643,1
-53.083333333333336,-0.9166666666666643,1
-52.91666666666667,-0.9166666666666643,1
-52.75,-0.9166666666666643,1
-52.583333333333336,-0.9166666666666643,1
-52.41666666666667,-0.9166666666666643,1
-52.25,-0.9166666666666643,1
-52.083333333333336,-0.9166666666666643,1
-51.91666666666667,-0.9166666666666643,1
-51.75,-0.9166666666666643,1
-51.583333333333336,-0.9166666666666643,1
-51.41666666666667,-0.9166666666666643,1
-51.25,-0.9166666666666643,0.8
-51.083333333333336,-0.9166666666666643,1
-50.91666666666667,-0.9166666666666643,1
-50.75,-0.9166666666666643,1
-50.583333333333336,-0.9166666666666643,1
-50.41666666666667,-0.9166666666666643,1
-50.25,-0.9166666666666643,1
-50.083333333333336,-0.9166666666666643,1
-49.91666666666667,-0.9166666666666643,1
-49.75,-0.9166666666666643,1
-49.583333333333336,-0.9166666666666643,1
-49.41666666666667,-0.9166666666666643,0.8
-49.25,-0.9166666666666643,0.4
-49.083333333333336,-0.9166666666666643,0.4
-48.91666666666667,-0.9166666666666643,0.4
-48.75,-0.9166666666666643,0.4
-48.583333333333336,-0.9166666666666643,0.4
-48.41666666666667,-0.9166666666666643,0.4
-48.25,-0.9166666666666643,0.8
-48.083333333333336,-0.9166666666666643,1
-47.91666666666667,-0.9166666666666643,1
-47.75,-0.9166666666666643,1
-47.583333333333336,-0.9166666666666643,0.8
-47.41666666666667,-0.9166666666666643,0.6
-47.25,-0.9166666666666643,0.4
-47.083333333333336,-0.9166666666666643,0.4
-46.91666666666667,-0.9166666666666643,0.2
-46.75,-0.9166666666666643,0
-69.25,-1.0833333333333304,0
-69.08333333333333,-1.0833333333333304,0
-68.91666666666667,-1.0833333333333304,0
-68.75,-1.0833333333333304,0
-68.58333333333333,-1.0833333333333304,0
-68.41666666666667,-1.0833333333333304,0
-68.25,-1.0833333333333304,0
-68.08333333333333,-1.0833333333333304,0
-67.91666666666667,-1.0833333333333304,0
-67.75,-1.0833333333333304,0
-67.58333333333333,-1.0833333333333304,0
-67.41666666666667,-1.0833333333333304,0
-67.25,-1.0833333333333304,0
-67.08333333333333,-1.0833333333333304,0
-66.91666666666667,-1.0833333333333304,0
-66.75,-1.0833333333333304,0
-66.58333333333333,-1.0833333333333304,0
-66.41666666666667,-1.0833333333333304,0
-66.25,-1.0833333333333304,0
-66.08333333333333,-1.0833333333333304,0
-65.91666666666667,-1.0833333333333304,0
-65.75,-1.0833333333333304,0
-65.58333333333333,-1.0833333333333304,0
-65.41666666666667,-1.0833333333333304,0
-65.25,-1.0833333333333304,0
-65.08333333333333,-1.0833333333333304,0
-64.91666666666667,-1.0833333333333304,0
-64.75,-1.0833333333333304,0
-64.58333333333333,-1.0833333333333304,0
-64.41666666666667,-1.0833333333333304,0
-64.25,-1.0833333333333304,0
-64.08333333333333,-1.0833333333333304,0
-63.91666666666667,-1.0833333333333304,0
-63.75,-1.0833333333333304,0
-63.583333333333336,-1.0833333333333304,0
-63.41666666666667,-1.0833333333333304,0
-63.25,-1.0833333333333304,0
-63.083333333333336,-1.0833333333333304,0
-62.91666666666667,-1.0833333333333304,0
-62.75,-1.0833333333333304,0.2
-62.583333333333336,-1.0833333333333304,0.2
-62.41666666666667,-1.0833333333333304,0
-62.25,-1.0833333333333304,0.2
-62.083333333333336,-1.0833333333333304,0.4
-61.91666666666667,-1.0833333333333304,0
-61.75,-1.0833333333333304,0
-61.583333333333336,-1.0833333333333304,0
-61.41666666666667,-1.0833333333333304,0
-61.25,-1.0833333333333304,0
-61.083333333333336,-1.0833333333333304,0
-60.91666666666667,-1.0833333333333304,0
-60.75,-1.0833333333333304,0
-60.583333333333336,-1.0833333333333304,0
-60.41666666666667,-1.0833333333333304,0
-60.25,-1.0833333333333304,0
-60.083333333333336,-1.0833333333333304,0.2
-59.91666666666667,-1.0833333333333304,0
-59.75,-1.0833333333333304,0.4
-59.583333333333336,-1.0833333333333304,0.6
-59.41666666666667,-1.0833333333333304,0.6
-59.25,-1.0833333333333304,0.6
-59.083333333333336,-1.0833333333333304,0.4
-58.91666666666667,-1.0833333333333304,1
-58.75,-1.0833333333333304,1
-58.583333333333336,-1.0833333333333304,0.8
-58.41666666666667,-1.0833333333333304,0.6
-58.25,-1.0833333333333304,0.4
-58.083333333333336,-1.0833333333333304,0.8
-57.91666666666667,-1.0833333333333304,1
-57.75,-1.0833333333333304,0.8
-57.583333333333336,-1.0833333333333304,0.6
-57.41666666666667,-1.0833333333333304,1
-57.25,-1.0833333333333304,1
-57.083333333333336,-1.0833333333333304,1
-56.91666666666667,-1.0833333333333304,1
-56.75,-1.0833333333333304,1
-56.583333333333336,-1.0833333333333304,1
-56.41666666666667,-1.0833333333333304,1
-56.25,-1.0833333333333304,1
-56.083333333333336,-1.0833333333333304,1
-55.91666666666667,-1.0833333333333304,1
-55.75,-1.0833333333333304,1
-55.583333333333336,-1.0833333333333304,0.4
-55.41666666666667,-1.0833333333333304,1
-55.25,-1.0833333333333304,1
-55.083333333333336,-1.0833333333333304,0.6
-54.91666666666667,-1.0833333333333304,0.2
-54.75,-1.0833333333333304,0
-54.583333333333336,-1.0833333333333304,0.2
-54.41666666666667,-1.0833333333333304,0
-54.25,-1.0833333333333304,0.4
-54.083333333333336,-1.0833333333333304,0.4
-53.91666666666667,-1.0833333333333304,0.4
-53.75,-1.0833333333333304,0.4
-53.583333333333336,-1.0833333333333304,0.6
-53.41666666666667,-1.0833333333333304,0.8
-53.25,-1.0833333333333304,1
-53.083333333333336,-1.0833333333333304,1
-52.91666666666667,-1.0833333333333304,1
-52.75,-1.0833333333333304,1
-52.583333333333336,-1.0833333333333304,1
-52.41666666666667,-1.0833333333333304,1
-52.25,-1.0833333333333304,1
-52.083333333333336,-1.0833333333333304,1
-51.91666666666667,-1.0833333333333304,1
-51.75,-1.0833333333333304,1
-51.583333333333336,-1.0833333333333304,1
-51.41666666666667,-1.0833333333333304,1
-51.25,-1.0833333333333304,1
-51.083333333333336,-1.0833333333333304,1
-50.91666666666667,-1.0833333333333304,1
-50.75,-1.0833333333333304,1
-50.583333333333336,-1.0833333333333304,1
-50.41666666666667,-1.0833333333333304,1
-50.25,-1.0833333333333304,1
-50.083333333333336,-1.0833333333333304,1
-49.91666666666667,-1.0833333333333304,1
-49.75,-1.0833333333333304,1
-49.583333333333336,-1.0833333333333304,1
-49.41666666666667,-1.0833333333333304,0.8
-49.25,-1.0833333333333304,0.6
-49.083333333333336,-1.0833333333333304,0.4
-48.91666666666667,-1.0833333333333304,0.4
-48.75,-1.0833333333333304,0.4
-48.583333333333336,-1.0833333333333304,0.4
-48.41666666666667,-1.0833333333333304,1
-48.25,-1.0833333333333304,1
-48.083333333333336,-1.0833333333333304,1
-47.91666666666667,-1.0833333333333304,1
-47.75,-1.0833333333333304,1
-47.583333333333336,-1.0833333333333304,0.6
-47.41666666666667,-1.0833333333333304,0.6
-47.25,-1.0833333333333304,0.4
-47.083333333333336,-1.0833333333333304,0.4
-46.91666666666667,-1.0833333333333304,0.4
-46.75,-1.0833333333333304,0.2
-46.583333333333336,-1.0833333333333304,0.6
-46.41666666666667,-1.0833333333333304,0
-46.25,-1.0833333333333304,0
-69.25,-1.2499999999999973,0
-69.08333333333333,-1.2499999999999973,0
-68.91666666666667,-1.2499999999999973,0
-68.75,-1.2499999999999973,0
-68.58333333333333,-1.2499999999999973,0
-68.41666666666667,-1.2499999999999973,0
-68.25,-1.2499999999999973,0
-68.08333333333333,-1.2499999999999973,0
-67.91666666666667,-1.2499999999999973,0
-67.75,-1.2499999999999973,0
-67.58333333333333,-1.2499999999999973,0
-67.41666666666667,-1.2499999999999973,0
-67.25,-1.2499999999999973,0
-67.08333333333333,-1.2499999999999973,0
-66.91666666666667,-1.2499999999999973,0
-66.75,-1.2499999999999973,0
-66.58333333333333,-1.2499999999999973,0
-66.41666666666667,-1.2499999999999973,0
-66.25,-1.2499999999999973,0
-66.08333333333333,-1.2499999999999973,0
-65.91666666666667,-1.2499999999999973,0
-65.75,-1.2499999999999973,0
-65.58333333333333,-1.2499999999999973,0
-65.41666666666667,-1.2499999999999973,0
-65.25,-1.2499999999999973,0
-65.08333333333333,-1.2499999999999973,0
-64.91666666666667,-1.2499999999999973,0
-64.75,-1.2499999999999973,0
-64.58333333333333,-1.2499999999999973,0
-64.41666666666667,-1.2499999999999973,0
-64.25,-1.2499999999999973,0
-64.08333333333333,-1.2499999999999973,0
-63.91666666666667,-1.2499999999999973,0
-63.75,-1.2499999999999973,0
-63.583333333333336,-1.2499999999999973,0
-63.41666666666667,-1.2499999999999973,0
-63.25,-1.2499999999999973,0
-63.083333333333336,-1.2499999999999973,0
-62.91666666666667,-1.2499999999999973,0
-62.75,-1.2499999999999973,0
-62.583333333333336,-1.2499999999999973,0
-62.41666666666667,-1.2499999999999973,0.2
-62.25,-1.2499999999999973,0.2
-62.083333333333336,-1.2499999999999973,0.4
-61.91666666666667,-1.2499999999999973,0.4
-61.75,-1.2499999999999973,0
-61.583333333333336,-1.2499999999999973,0
-61.41666666666667,-1.2499999999999973,0
-61.25,-1.2499999999999973,0
-61.083333333333336,-1.2499999999999973,0
-60.91666666666667,-1.2499999999999973,0
-60.75,-1.2499999999999973,0
-60.583333333333336,-1.2499999999999973,0
-60.41666666666667,-1.2499999999999973,0
-60.25,-1.2499999999999973,0
-60.083333333333336,-1.2499999999999973,0
-59.91666666666667,-1.2499999999999973,0.2
-59.75,-1.2499999999999973,0.2
-59.583333333333336,-1.2499999999999973,1
-59.41666666666667,-1.2499999999999973,0.8
-59.25,-1.2499999999999973,0.6
-59.083333333333336,-1.2499999999999973,1
-58.91666666666667,-1.2499999999999973,1
-58.75,-1.2499999999999973,0.8
-58.583333333333336,-1.2499999999999973,0.8
-58.41666666666667,-1.2499999999999973,0.8
-58.25,-1.2499999999999973,0.6
-58.083333333333336,-1.2499999999999973,0.8
-57.91666666666667,-1.2499999999999973,0.8
-57.75,-1.2499999999999973,1
-57.583333333333336,-1.2499999999999973,1
-57.41666666666667,-1.2499999999999973,1
-57.25,-1.2499999999999973,1
-57.083333333333336,-1.2499999999999973,1
-56.91666666666667,-1.2499999999999973,1
-56.75,-1.2499999999999973,1
-56.583333333333336,-1.2499999999999973,1
-56.41666666666667,-1.2499999999999973,1
-56.25,-1.2499999999999973,1
-56.083333333333336,-1.2499999999999973,1
-55.91666666666667,-1.2499999999999973,1
-55.75,-1.2499999999999973,1
-55.583333333333336,-1.2499999999999973,1
-55.41666666666667,-1.2499999999999973,1
-55.25,-1.2499999999999973,1
-55.083333333333336,-1.2499999999999973,1
-54.91666666666667,-1.2499999999999973,0
-54.75,-1.2499999999999973,0
-54.583333333333336,-1.2499999999999973,0
-54.41666666666667,-1.2499999999999973,0.4
-54.25,-1.2499999999999973,0.4
-54.083333333333336,-1.2499999999999973,0.4
-53.91666666666667,-1.2499999999999973,0.6
-53.75,-1.2499999999999973,0.6
-53.583333333333336,-1.2499999999999973,0.8
-53.41666666666667,-1.2499999999999973,0.6
-53.25,-1.2499999999999973,0.8
-53.083333333333336,-1.2499999999999973,0.6
-52.91666666666667,-1.2499999999999973,1
-52.75,-1.2499999999999973,1
-52.583333333333336,-1.2499999999999973,1
-52.41666666666667,-1.2499999999999973,1
-52.25,-1.2499999999999973,1
-52.083333333333336,-1.2499999999999973,1
-51.91666666666667,-1.2499999999999973,1
-51.75,-1.2499999999999973,1
-51.583333333333336,-1.2499999999999973,1
-51.41666666666667,-1.2499999999999973,1
-51.25,-1.2499999999999973,1
-51.083333333333336,-1.2499999999999973,0.8
-50.91666666666667,-1.2499999999999973,0.6
-50.75,-1.2499999999999973,0.8
-50.583333333333336,-1.2499999999999973,0.8
-50.41666666666667,-1.2499999999999973,0.8
-50.25,-1.2499999999999973,1
-50.083333333333336,-1.2499999999999973,1
-49.91666666666667,-1.2499999999999973,1
-49.75,-1.2499999999999973,1
-49.583333333333336,-1.2499999999999973,1
-49.41666666666667,-1.2499999999999973,0.8
-49.25,-1.2499999999999973,0.6
-49.083333333333336,-1.2499999999999973,0.6
-48.91666666666667,-1.2499999999999973,0.8
-48.75,-1.2499999999999973,0.6
-48.583333333333336,-1.2499999999999973,0.6
-48.41666666666667,-1.2499999999999973,0.8
-48.25,-1.2499999999999973,0.8
-48.083333333333336,-1.2499999999999973,0.6
-47.91666666666667,-1.2499999999999973,1
-47.75,-1.2499999999999973,1
-47.583333333333336,-1.2499999999999973,0.6
-47.41666666666667,-1.2499999999999973,0.6
-47.25,-1.2499999999999973,0.4
-47.083333333333336,-1.2499999999999973,0.2
-46.91666666666667,-1.2499999999999973,0.4
-46.75,-1.2499999999999973,0.8
-46.583333333333336,-1.2499999999999973,0
-46.41666666666667,-1.2499999999999973,0
-46.25,-1.2499999999999973,0
-46.083333333333336,-1.2499999999999973,0
-45.91666666666667,-1.2499999999999973,0
-45.75,-1.2499999999999973,0
-69.25,-1.4166666666666643,0
-69.08333333333333,-1.4166666666666643,0
-68.91666666666667,-1.4166666666666643,0
-68.75,-1.4166666666666643,0
-68.58333333333333,-1.4166666666666643,0
-68.41666666666667,-1.4166666666666643,0
-68.25,-1.4166666666666643,0
-68.08333333333333,-1.4166666666666643,0
-67.91666666666667,-1.4166666666666643,0
-67.75,-1.4166666666666643,0
-67.58333333333333,-1.4166666666666643,0
-67.41666666666667,-1.4166666666666643,0
-67.25,-1.4166666666666643,0
-67.08333333333333,-1.4166666666666643,0
-66.91666666666667,-1.4166666666666643,0
-66.75,-1.4166666666666643,0
-66.58333333333333,-1.4166666666666643,0
-66.41666666666667,-1.4166666666666643,0
-66.25,-1.4166666666666643,0
-66.08333333333333,-1.4166666666666643,0
-65.91666666666667,-1.4166666666666643,0
-65.75,-1.4166666666666643,0
-65.58333333333333,-1.4166666666666643,0
-65.41666666666667,-1.4166666666666643,0
-65.25,-1.4166666666666643,0
-65.08333333333333,-1.4166666666666643,0
-64.91666666666667,-1.4166666666666643,0
-64.75,-1.4166666666666643,0
-64.58333333333333,-1.4166666666666643,0
-64.41666666666667,-1.4166666666666643,0
-64.25,-1.4166666666666643,0
-64.08333333333333,-1.4166666666666643,0
-63.91666666666667,-1.4166666666666643,0
-63.75,-1.4166666666666643,0
-63.583333333333336,-1.4166666666666643,0
-63.41666666666667,-1.4166666666666643,0
-63.25,-1.4166666666666643,0
-63.083333333333336,-1.4166666666666643,0
-62.91666666666667,-1.4166666666666643,0
-62.75,-1.4166666666666643,0
-62.583333333333336,-1.4166666666666643,0
-62.41666666666667,-1.4166666666666643,0
-62.25,-1.4166666666666643,0
-62.083333333333336,-1.4166666666666643,0
-61.91666666666667,-1.4166666666666643,0.4
-61.75,-1.4166666666666643,0.2
-61.583333333333336,-1.4166666666666643,0.2
-61.41666666666667,-1.4166666666666643,0
-61.25,-1.4166666666666643,0
-61.083333333333336,-1.4166666666666643,0
-60.91666666666667,-1.4166666666666643,0
-60.75,-1.4166666666666643,0
-60.583333333333336,-1.4166666666666643,0
-60.41666666666667,-1.4166666666666643,0
-60.25,-1.4166666666666643,0
-60.083333333333336,-1.4166666666666643,0
-59.91666666666667,-1.4166666666666643,0
-59.75,-1.4166666666666643,1
-59.583333333333336,-1.4166666666666643,1
-59.41666666666667,-1.4166666666666643,1
-59.25,-1.4166666666666643,1
-59.083333333333336,-1.4166666666666643,1
-58.91666666666667,-1.4166666666666643,0.8
-58.75,-1.4166666666666643,0.8
-58.583333333333336,-1.4166666666666643,0.8
-58.41666666666667,-1.4166666666666643,0.8
-58.25,-1.4166666666666643,0.6
-58.083333333333336,-1.4166666666666643,0.8
-57.91666666666667,-1.4166666666666643,0.8
-57.75,-1.4166666666666643,0.8
-57.583333333333336,-1.4166666666666643,1
-57.41666666666667,-1.4166666666666643,1
-57.25,-1.4166666666666643,1
-57.083333333333336,-1.4166666666666643,1
-56.91666666666667,-1.4166666666666643,1
-56.75,-1.4166666666666643,1
-56.583333333333336,-1.4166666666666643,1
-56.41666666666667,-1.4166666666666643,1
-56.25,-1.4166666666666643,1
-56.083333333333336,-1.4166666666666643,1
-55.91666666666667,-1.4166666666666643,1
-55.75,-1.4166666666666643,1
-55.583333333333336,-1.4166666666666643,0.8
-55.41666666666667,-1.4166666666666643,1
-55.25,-1.4166666666666643,1
-55.083333333333336,-1.4166666666666643,1
-54.91666666666667,-1.4166666666666643,1
-54.75,-1.4166666666666643,0.8
-54.583333333333336,-1.4166666666666643,0.4
-54.41666666666667,-1.4166666666666643,0.8
-54.25,-1.4166666666666643,0.4
-54.083333333333336,-1.4166666666666643,0.8
-53.91666666666667,-1.4166666666666643,1
-53.75,-1.4166666666666643,1
-53.583333333333336,-1.4166666666666643,0.8
-53.41666666666667,-1.4166666666666643,0.8
-53.25,-1.4166666666666643,0.4
-53.083333333333336,-1.4166666666666643,0.4
-52.91666666666667,-1.4166666666666643,0.2
-52.75,-1.4166666666666643,0.6
-52.583333333333336,-1.4166666666666643,1
-52.41666666666667,-1.4166666666666643,1
-52.25,-1.4166666666666643,1
-52.083333333333336,-1.4166666666666643,1
-51.91666666666667,-1.4166666666666643,1
-51.75,-1.4166666666666643,1
-51.583333333333336,-1.4166666666666643,1
-51.41666666666667,-1.4166666666666643,1
-51.25,-1.4166666666666643,0.6
-51.083333333333336,-1.4166666666666643,0.6
-50.91666666666667,-1.4166666666666643,0.6
-50.75,-1.4166666666666643,0.8
-50.583333333333336,-1.4166666666666643,0.8
-50.41666666666667,-1.4166666666666643,0.8
-50.25,-1.4166666666666643,1
-50.083333333333336,-1.4166666666666643,1
-49.91666666666667,-1.4166666666666643,1
-49.75,-1.4166666666666643,1
-49.583333333333336,-1.4166666666666643,1
-49.41666666666667,-1.4166666666666643,1
-49.25,-1.4166666666666643,0.6
-49.083333333333336,-1.4166666666666643,0.8
-48.91666666666667,-1.4166666666666643,1
-48.75,-1.4166666666666643,0.6
-48.583333333333336,-1.4166666666666643,0.6
-48.41666666666667,-1.4166666666666643,0.8
-48.25,-1.4166666666666643,0.8
-48.083333333333336,-1.4166666666666643,0.8
-47.91666666666667,-1.4166666666666643,0.8
-47.75,-1.4166666666666643,0.8
-47.583333333333336,-1.4166666666666643,0.4
-47.41666666666667,-1.4166666666666643,0.2
-47.25,-1.4166666666666643,0
-47.083333333333336,-1.4166666666666643,0
-46.91666666666667,-1.4166666666666643,0
-46.75,-1.4166666666666643,0
-46.583333333333336,-1.4166666666666643,0
-46.41666666666667,-1.4166666666666643,0
-46.25,-1.4166666666666643,0
-46.083333333333336,-1.4166666666666643,0.2
-45.91666666666667,-1.4166666666666643,0
-45.75,-1.4166666666666643,0.8
-45.583333333333336,-1.4166666666666643,0
-45.41666666666667,-1.4166666666666643,0
-45.25,-1.4166666666666643,0.2
-45.083333333333336,-1.4166666666666643,0.2
-69.25,-1.5833333333333304,0
-69.08333333333333,-1.5833333333333304,0
-68.91666666666667,-1.5833333333333304,0
-68.75,-1.5833333333333304,0
-68.58333333333333,-1.5833333333333304,0
-68.41666666666667,-1.5833333333333304,0
-68.25,-1.5833333333333304,0
-68.08333333333333,-1.5833333333333304,0
-67.91666666666667,-1.5833333333333304,0
-67.75,-1.5833333333333304,0
-67.58333333333333,-1.5833333333333304,0
-67.41666666666667,-1.5833333333333304,0
-67.25,-1.5833333333333304,0
-67.08333333333333,-1.5833333333333304,0
-66.91666666666667,-1.5833333333333304,0
-66.75,-1.5833333333333304,0
-66.58333333333333,-1.5833333333333304,0
-66.41666666666667,-1.5833333333333304,0
-66.25,-1.5833333333333304,0
-66.08333333333333,-1.5833333333333304,0
-65.91666666666667,-1.5833333333333304,0
-65.75,-1.5833333333333304,0
-65.58333333333333,-1.5833333333333304,0
-65.41666666666667,-1.5833333333333304,0
-65.25,-1.5833333333333304,0
-65.08333333333333,-1.5833333333333304,0
-64.91666666666667,-1.5833333333333304,0
-64.75,-1.5833333333333304,0
-64.58333333333333,-1.5833333333333304,0
-64.41666666666667,-1.5833333333333304,0
-64.25,-1.5833333333333304,0
-64.08333333333333,-1.5833333333333304,0
-63.91666666666667,-1.5833333333333304,0
-63.75,-1.5833333333333304,0
-63.583333333333336,-1.5833333333333304,0
-63.41666666666667,-1.5833333333333304,0
-63.25,-1.5833333333333304,0
-63.083333333333336,-1.5833333333333304,0
-62.91666666666667,-1.5833333333333304,0
-62.75,-1.5833333333333304,0
-62.583333333333336,-1.5833333333333304,0
-62.41666666666667,-1.5833333333333304,0
-62.25,-1.5833333333333304,0
-62.083333333333336,-1.5833333333333304,0
-61.91666666666667,-1.5833333333333304,0
-61.75,-1.5833333333333304,0
-61.583333333333336,-1.5833333333333304,0.2
-61.41666666666667,-1.5833333333333304,0
-61.25,-1.5833333333333304,0
-61.083333333333336,-1.5833333333333304,0
-60.91666666666667,-1.5833333333333304,0
-60.75,-1.5833333333333304,0
-60.583333333333336,-1.5833333333333304,0
-60.41666666666667,-1.5833333333333304,0
-60.25,-1.5833333333333304,0
-60.083333333333336,-1.5833333333333304,0
-59.91666666666667,-1.5833333333333304,0.2
-59.75,-1.5833333333333304,0.8
-59.583333333333336,-1.5833333333333304,1
-59.41666666666667,-1.5833333333333304,1
-59.25,-1.5833333333333304,1
-59.083333333333336,-1.5833333333333304,1
-58.91666666666667,-1.5833333333333304,1
-58.75,-1.5833333333333304,0.6
-58.583333333333336,-1.5833333333333304,0.8
-58.41666666666667,-1.5833333333333304,0.8
-58.25,-1.5833333333333304,0.8
-58.083333333333336,-1.5833333333333304,0.8
-57.91666666666667,-1.5833333333333304,0.8
-57.75,-1.5833333333333304,0.6
-57.583333333333336,-1.5833333333333304,0.8
-57.41666666666667,-1.5833333333333304,1
-57.25,-1.5833333333333304,1
-57.083333333333336,-1.5833333333333304,1
-56.91666666666667,-1.5833333333333304,1
-56.75,-1.5833333333333304,1
-56.583333333333336,-1.5833333333333304,1
-56.41666666666667,-1.5833333333333304,1
-56.25,-1.5833333333333304,1
-56.083333333333336,-1.5833333333333304,1
-55.91666666666667,-1.5833333333333304,1
-55.75,-1.5833333333333304,1
-55.583333333333336,-1.5833333333333304,1
-55.41666666666667,-1.5833333333333304,1
-55.25,-1.5833333333333304,0.8
-55.083333333333336,-1.5833333333333304,1
-54.91666666666667,-1.5833333333333304,1
-54.75,-1.5833333333333304,1
-54.583333333333336,-1.5833333333333304,1
-54.41666666666667,-1.5833333333333304,0.8
-54.25,-1.5833333333333304,0.8
-54.083333333333336,-1.5833333333333304,0.2
-53.91666666666667,-1.5833333333333304,0.2
-53.75,-1.5833333333333304,0.4
-53.583333333333336,-1.5833333333333304,0.4
-53.41666666666667,-1.5833333333333304,0.8
-53.25,-1.5833333333333304,0.8
-53.083333333333336,-1.5833333333333304,1
-52.91666666666667,-1.5833333333333304,1
-52.75,-1.5833333333333304,0.2
-52.583333333333336,-1.5833333333333304,0.2
-52.41666666666667,-1.5833333333333304,1
-52.25,-1.5833333333333304,1
-52.083333333333336,-1.5833333333333304,1
-51.91666666666667,-1.5833333333333304,1
-51.75,-1.5833333333333304,1
-51.583333333333336,-1.5833333333333304,1
-51.41666666666667,-1.5833333333333304,1
-51.25,-1.5833333333333304,1
-51.083333333333336,-1.5833333333333304,0.8
-50.91666666666667,-1.5833333333333304,0.6
-50.75,-1.5833333333333304,0.4
-50.583333333333336,-1.5833333333333304,0.4
-50.41666666666667,-1.5833333333333304,0.2
-50.25,-1.5833333333333304,1
-50.083333333333336,-1.5833333333333304,1
-49.91666666666667,-1.5833333333333304,1
-49.75,-1.5833333333333304,0.8
-49.583333333333336,-1.5833333333333304,0.8
-49.41666666666667,-1.5833333333333304,1
-49.25,-1.5833333333333304,0.2
-49.083333333333336,-1.5833333333333304,0.2
-48.91666666666667,-1.5833333333333304,0.6
-48.75,-1.5833333333333304,0.8
-48.583333333333336,-1.5833333333333304,1
-48.41666666666667,-1.5833333333333304,1
-48.25,-1.5833333333333304,1
-48.083333333333336,-1.5833333333333304,1
-47.91666666666667,-1.5833333333333304,1
-47.75,-1.5833333333333304,0.8
-47.583333333333336,-1.5833333333333304,0.6
-47.41666666666667,-1.5833333333333304,0.2
-47.25,-1.5833333333333304,0
-47.083333333333336,-1.5833333333333304,0
-46.91666666666667,-1.5833333333333304,0
-46.75,-1.5833333333333304,0
-46.583333333333336,-1.5833333333333304,0
-46.41666666666667,-1.5833333333333304,0
-46.25,-1.5833333333333304,0.2
-46.083333333333336,-1.5833333333333304,0
-45.91666666666667,-1.5833333333333304,0.4
-45.75,-1.5833333333333304,0.8
-45.583333333333336,-1.5833333333333304,0.6
-45.41666666666667,-1.5833333333333304,0.4
-45.25,-1.5833333333333304,0.2
-45.083333333333336,-1.5833333333333304,0.2
-44.91666666666667,-1.5833333333333304,0
-69.25,-1.7499999999999973,0
-69.08333333333333,-1.7499999999999973,0
-68.91666666666667,-1.7499999999999973,0
-68.75,-1.7499999999999973,0
-68.58333333333333,-1.7499999999999973,0
-68.41666666666667,-1.7499999999999973,0
-68.25,-1.7499999999999973,0
-68.08333333333333,-1.7499999999999973,0
-67.91666666666667,-1.7499999999999973,0
-67.75,-1.7499999999999973,0
-67.58333333333333,-1.7499999999999973,0
-67.41666666666667,-1.7499999999999973,0
-67.25,-1.7499999999999973,0
-67.08333333333333,-1.7499999999999973,0
-66.91666666666667,-1.7499999999999973,0
-66.75,-1.7499999999999973,0
-66.58333333333333,-1.7499999999999973,0
-66.41666666666667,-1.7499999999999973,0
-66.25,-1.7499999999999973,0
-66.08333333333333,-1.7499999999999973,0
-65.91666666666667,-1.7499999999999973,0
-65.75,-1.7499999999999973,0
-65.58333333333333,-1.7499999999999973,0
-65.41666666666667,-1.7499999999999973,0
-65.25,-1.7499999999999973,0
-65.08333333333333,-1.7499999999999973,0
-64.91666666666667,-1.7499999999999973,0
-64.75,-1.7499999999999973,0
-64.58333333333333,-1.7499999999999973,0
-64.41666666666667,-1.7499999999999973,0
-64.25,-1.7499999999999973,0
-64.08333333333333,-1.7499999999999973,0
-63.91666666666667,-1.7499999999999973,0
-63.75,-1.7499999999999973,0
-63.583333333333336,-1.7499999999999973,0
-63.41666666666667,-1.7499999999999973,0
-63.25,-1.7499999999999973,0
-63.083333333333336,-1.7499999999999973,0
-62.91666666666667,-1.7499999999999973,0
-62.75,-1.7499999999999973,0
-62.583333333333336,-1.7499999999999973,0
-62.41666666666667,-1.7499999999999973,0
-62.25,-1.7499999999999973,0
-62.083333333333336,-1.7499999999999973,0
-61.91666666666667,-1.7499999999999973,0
-61.75,-1.7499999999999973,0
-61.583333333333336,-1.7499999999999973,0
-61.41666666666667,-1.7499999999999973,0.2
-61.25,-1.7499999999999973,0
-61.083333333333336,-1.7499999999999973,0
-60.91666666666667,-1.7499999999999973,0
-60.75,-1.7499999999999973,0
-60.583333333333336,-1.7499999999999973,0
-60.41666666666667,-1.7499999999999973,0
-60.25,-1.7499999999999973,0
-60.083333333333336,-1.7499999999999973,0
-59.91666666666667,-1.7499999999999973,0.8
-59.75,-1.7499999999999973,1
-59.583333333333336,-1.7499999999999973,1
-59.41666666666667,-1.7499999999999973,1
-59.25,-1.7499999999999973,1
-59.083333333333336,-1.7499999999999973,0.2
-58.91666666666667,-1.7499999999999973,0.2
-58.75,-1.7499999999999973,0.8
-58.583333333333336,-1.7499999999999973,0.8
-58.41666666666667,-1.7499999999999973,0.8
-58.25,-1.7499999999999973,0.8
-58.083333333333336,-1.7499999999999973,0.8
-57.91666666666667,-1.7499999999999973,0.8
-57.75,-1.7499999999999973,0.6
-57.583333333333336,-1.7499999999999973,0.8
-57.41666666666667,-1.7499999999999973,1
-57.25,-1.7499999999999973,1
-57.083333333333336,-1.7499999999999973,1
-56.91666666666667,-1.7499999999999973,1
-56.75,-1.7499999999999973,1
-56.583333333333336,-1.7499999999999973,1
-56.41666666666667,-1.7499999999999973,1
-56.25,-1.7499999999999973,1
-56.083333333333336,-1.7499999999999973,1
-55.91666666666667,-1.7499999999999973,1
-55.75,-1.7499999999999973,1
-55.583333333333336,-1.7499999999999973,1
-55.41666666666667,-1.7499999999999973,1
-55.25,-1.7499999999999973,1
-55.083333333333336,-1.7499999999999973,0.6
-54.91666666666667,-1.7499999999999973,0.6
-54.75,-1.7499999999999973,0.6
-54.583333333333336,-1.7499999999999973,0.6
-54.41666666666667,-1.7499999999999973,0.4
-54.25,-1.7499999999999973,0
-54.083333333333336,-1.7499999999999973,0
-53.91666666666667,-1.7499999999999973,0.6
-53.75,-1.7499999999999973,0.4
-53.583333333333336,-1.7499999999999973,0.2
-53.41666666666667,-1.7499999999999973,0.4
-53.25,-1.7499999999999973,0.4
-53.083333333333336,-1.7499999999999973,0.2
-52.91666666666667,-1.7499999999999973,0
-52.75,-1.7499999999999973,0
-52.583333333333336,-1.7499999999999973,0.6
-52.41666666666667,-1.7499999999999973,0.8
-52.25,-1.7499999999999973,1
-52.083333333333336,-1.7499999999999973,1
-51.91666666666667,-1.7499999999999973,1
-51.75,-1.7499999999999973,1
-51.583333333333336,-1.7499999999999973,1
-51.41666666666667,-1.7499999999999973,1
-51.25,-1.7499999999999973,1
-51.083333333333336,-1.7499999999999973,1
-50.91666666666667,-1.7499999999999973,0.6
-50.75,-1.7499999999999973,0.4
-50.583333333333336,-1.7499999999999973,0.2
-50.41666666666667,-1.7499999999999973,0.4
-50.25,-1.7499999999999973,0.6
-50.083333333333336,-1.7499999999999973,0.8
-49.91666666666667,-1.7499999999999973,1
-49.75,-1.7499999999999973,0.4
-49.583333333333336,-1.7499999999999973,0.4
-49.41666666666667,-1.7499999999999973,0.4
-49.25,-1.7499999999999973,0.4
-49.083333333333336,-1.7499999999999973,0.8
-48.91666666666667,-1.7499999999999973,0.6
-48.75,-1.7499999999999973,1
-48.583333333333336,-1.7499999999999973,1
-48.41666666666667,-1.7499999999999973,1
-48.25,-1.7499999999999973,1
-48.083333333333336,-1.7499999999999973,1
-47.91666666666667,-1.7499999999999973,1
-47.75,-1.7499999999999973,1
-47.583333333333336,-1.7499999999999973,0.8
-47.41666666666667,-1.7499999999999973,0.4
-47.25,-1.7499999999999973,0.2
-47.083333333333336,-1.7499999999999973,0.2
-46.91666666666667,-1.7499999999999973,0
-46.75,-1.7499999999999973,0
-46.583333333333336,-1.7499999999999973,0.2
-46.41666666666667,-1.7499999999999973,0
-46.25,-1.7499999999999973,0.2
-46.083333333333336,-1.7499999999999973,0.6
-45.91666666666667,-1.7499999999999973,0.4
-45.75,-1.7499999999999973,0.6
-45.583333333333336,-1.7499999999999973,0.2
-45.41666666666667,-1.7499999999999973,0
-45.25,-1.7499999999999973,0.2
-45.083333333333336,-1.7499999999999973,0.2
-44.91666666666667,-1.7499999999999973,0
-44.75,-1.7499999999999973,0
-69.41666666666667,-1.9166666666666643,0
-69.25,-1.9166666666666643,0
-69.08333333333333,-1.9166666666666643,0
-68.91666666666667,-1.9166666666666643,0
-68.75,-1.9166666666666643,0
-68.58333333333333,-1.9166666666666643,0
-68.41666666666667,-1.9166666666666643,0
-68.25,-1.9166666666666643,0
-68.08333333333333,-1.9166666666666643,0
-67.91666666666667,-1.9166666666666643,0
-67.75,-1.9166666666666643,0
-67.58333333333333,-1.9166666666666643,0
-67.41666666666667,-1.9166666666666643,0
-67.25,-1.9166666666666643,0
-67.08333333333333,-1.9166666666666643,0
-66.91666666666667,-1.9166666666666643,0
-66.75,-1.9166666666666643,0
-66.58333333333333,-1.9166666666666643,0
-66.41666666666667,-1.9166666666666643,0
-66.25,-1.9166666666666643,0
-66.08333333333333,-1.9166666666666643,0
-65.91666666666667,-1.9166666666666643,0
-65.75,-1.9166666666666643,0
-65.58333333333333,-1.9166666666666643,0
-65.41666666666667,-1.9166666666666643,0
-65.25,-1.9166666666666643,0
-65.08333333333333,-1.9166666666666643,0
-64.91666666666667,-1.9166666666666643,0
-64.75,-1.9166666666666643,0
-64.58333333333333,-1.9166666666666643,0
-64.41666666666667,-1.9166666666666643,0
-64.25,-1.9166666666666643,0
-64.08333333333333,-1.9166666666666643,0
-63.91666666666667,-1.9166666666666643,0
-63.75,-1.9166666666666643,0
-63.583333333333336,-1.9166666666666643,0
-63.41666666666667,-1.9166666666666643,0
-63.25,-1.9166666666666643,0
-63.083333333333336,-1.9166666666666643,0
-62.91666666666667,-1.9166666666666643,0
-62.75,-1.9166666666666643,0
-62.583333333333336,-1.9166666666666643,0
-62.41666666666667,-1.9166666666666643,0
-62.25,-1.9166666666666643,0
-62.083333333333336,-1.9166666666666643,0
-61.91666666666667,-1.9166666666666643,0
-61.75,-1.9166666666666643,0
-61.583333333333336,-1.9166666666666643,0
-61.41666666666667,-1.9166666666666643,0.2
-61.25,-1.9166666666666643,0
-61.083333333333336,-1.9166666666666643,0
-60.91666666666667,-1.9166666666666643,0
-60.75,-1.9166666666666643,0
-60.583333333333336,-1.9166666666666643,0
-60.41666666666667,-1.9166666666666643,0.2
-60.25,-1.9166666666666643,0
-60.083333333333336,-1.9166666666666643,0
-59.91666666666667,-1.9166666666666643,0
-59.75,-1.9166666666666643,0.8
-59.583333333333336,-1.9166666666666643,1
-59.41666666666667,-1.9166666666666643,1
-59.25,-1.9166666666666643,1
-59.083333333333336,-1.9166666666666643,1
-58.91666666666667,-1.9166666666666643,1
-58.75,-1.9166666666666643,1
-58.583333333333336,-1.9166666666666643,0.8
-58.41666666666667,-1.9166666666666643,0.6
-58.25,-1.9166666666666643,0.8
-58.083333333333336,-1.9166666666666643,0.8
-57.91666666666667,-1.9166666666666643,0.8
-57.75,-1.9166666666666643,0.8
-57.583333333333336,-1.9166666666666643,0.8
-57.41666666666667,-1.9166666666666643,0.8
-57.25,-1.9166666666666643,1
-57.083333333333336,-1.9166666666666643,1
-56.91666666666667,-1.9166666666666643,1
-56.75,-1.9166666666666643,1
-56.583333333333336,-1.9166666666666643,1
-56.41666666666667,-1.9166666666666643,1
-56.25,-1.9166666666666643,1
-56.083333333333336,-1.9166666666666643,0.8
-55.91666666666667,-1.9166666666666643,0.6
-55.75,-1.9166666666666643,0.8
-55.583333333333336,-1.9166666666666643,1
-55.41666666666667,-1.9166666666666643,1
-55.25,-1.9166666666666643,0.8
-55.083333333333336,-1.9166666666666643,0.4
-54.91666666666667,-1.9166666666666643,0
-54.75,-1.9166666666666643,0
-54.583333333333336,-1.9166666666666643,0
-54.41666666666667,-1.9166666666666643,0
-54.25,-1.9166666666666643,0
-54.083333333333336,-1.9166666666666643,0
-53.91666666666667,-1.9166666666666643,0
-53.75,-1.9166666666666643,0
-53.583333333333336,-1.9166666666666643,0
-53.41666666666667,-1.9166666666666643,0.2
-53.25,-1.9166666666666643,0
-53.083333333333336,-1.9166666666666643,0
-52.91666666666667,-1.9166666666666643,0.6
-52.75,-1.9166666666666643,1
-52.583333333333336,-1.9166666666666643,1
-52.41666666666667,-1.9166666666666643,1
-52.25,-1.9166666666666643,1
-52.083333333333336,-1.9166666666666643,1
-51.91666666666667,-1.9166666666666643,1
-51.75,-1.9166666666666643,1
-51.583333333333336,-1.9166666666666643,1
-51.41666666666667,-1.9166666666666643,1
-51.25,-1.9166666666666643,1
-51.083333333333336,-1.9166666666666643,0.8
-50.91666666666667,-1.9166666666666643,0.6
-50.75,-1.9166666666666643,0.4
-50.583333333333336,-1.9166666666666643,0.6
-50.41666666666667,-1.9166666666666643,0.6
-50.25,-1.9166666666666643,1
-50.083333333333336,-1.9166666666666643,1
-49.91666666666667,-1.9166666666666643,1
-49.75,-1.9166666666666643,0.8
-49.583333333333336,-1.9166666666666643,0.8
-49.41666666666667,-1.9166666666666643,0.4
-49.25,-1.9166666666666643,0.8
-49.083333333333336,-1.9166666666666643,0.6
-48.91666666666667,-1.9166666666666643,0.8
-48.75,-1.9166666666666643,0.8
-48.583333333333336,-1.9166666666666643,1
-48.41666666666667,-1.9166666666666643,0.8
-48.25,-1.9166666666666643,1
-48.083333333333336,-1.9166666666666643,1
-47.91666666666667,-1.9166666666666643,0.6
-47.75,-1.9166666666666643,1
-47.583333333333336,-1.9166666666666643,0.8
-47.41666666666667,-1.9166666666666643,0.8
-47.25,-1.9166666666666643,0.4
-47.083333333333336,-1.9166666666666643,0.4
-46.91666666666667,-1.9166666666666643,0
-46.75,-1.9166666666666643,0
-46.583333333333336,-1.9166666666666643,0
-46.41666666666667,-1.9166666666666643,0
-46.25,-1.9166666666666643,0.2
-46.083333333333336,-1.9166666666666643,0.4
-45.91666666666667,-1.9166666666666643,0.4
-45.75,-1.9166666666666643,0.4
-45.583333333333336,-1.9166666666666643,0.6
-45.41666666666667,-1.9166666666666643,0.6
-45.25,-1.9166666666666643,0.2
-45.083333333333336,-1.9166666666666643,0
-44.91666666666667,-1.9166666666666643,0.2
-44.75,-1.9166666666666643,0
-69.41666666666667,-2.0833333333333304,0
-69.25,-2.0833333333333304,0
-69.08333333333333,-2.0833333333333304,0
-68.91666666666667,-2.0833333333333304,0
-68.75,-2.0833333333333304,0
-68.58333333333333,-2.0833333333333304,0
-68.41666666666667,-2.0833333333333304,0
-68.25,-2.0833333333333304,0
-68.08333333333333,-2.0833333333333304,0
-67.91666666666667,-2.0833333333333304,0
-67.75,-2.0833333333333304,0
-67.58333333333333,-2.0833333333333304,0
-67.41666666666667,-2.0833333333333304,0
-67.25,-2.0833333333333304,0
-67.08333333333333,-2.0833333333333304,0
-66.91666666666667,-2.0833333333333304,0
-66.75,-2.0833333333333304,0
-66.58333333333333,-2.0833333333333304,0
-66.41666666666667,-2.0833333333333304,0
-66.25,-2.0833333333333304,0
-66.08333333333333,-2.0833333333333304,0
-65.91666666666667,-2.0833333333333304,0
-65.75,-2.0833333333333304,0
-65.58333333333333,-2.0833333333333304,0
-65.41666666666667,-2.0833333333333304,0
-65.25,-2.0833333333333304,0
-65.08333333333333,-2.0833333333333304,0
-64.91666666666667,-2.0833333333333304,0
-64.75,-2.0833333333333304,0
-64.58333333333333,-2.0833333333333304,0
-64.41666666666667,-2.0833333333333304,0
-64.25,-2.0833333333333304,0
-64.08333333333333,-2.0833333333333304,0
-63.91666666666667,-2.0833333333333304,0
-63.75,-2.0833333333333304,0
-63.583333333333336,-2.0833333333333304,0
-63.41666666666667,-2.0833333333333304,0
-63.25,-2.0833333333333304,0
-63.083333333333336,-2.0833333333333304,0
-62.91666666666667,-2.0833333333333304,0
-62.75,-2.0833333333333304,0
-62.583333333333336,-2.0833333333333304,0
-62.41666666666667,-2.0833333333333304,0
-62.25,-2.0833333333333304,0
-62.083333333333336,-2.0833333333333304,0
-61.91666666666667,-2.0833333333333304,0
-61.75,-2.0833333333333304,0
-61.583333333333336,-2.0833333333333304,0
-61.41666666666667,-2.0833333333333304,0
-61.25,-2.0833333333333304,0
-61.083333333333336,-2.0833333333333304,0.2
-60.91666666666667,-2.0833333333333304,0.2
-60.75,-2.0833333333333304,0.2
-60.583333333333336,-2.0833333333333304,0.2
-60.41666666666667,-2.0833333333333304,0.2
-60.25,-2.0833333333333304,0
-60.083333333333336,-2.0833333333333304,0
-59.91666666666667,-2.0833333333333304,0
-59.75,-2.0833333333333304,0.4
-59.583333333333336,-2.0833333333333304,1
-59.41666666666667,-2.0833333333333304,1
-59.25,-2.0833333333333304,1
-59.083333333333336,-2.0833333333333304,1
-58.91666666666667,-2.0833333333333304,0.8
-58.75,-2.0833333333333304,0.8
-58.583333333333336,-2.0833333333333304,0.8
-58.41666666666667,-2.0833333333333304,0.8
-58.25,-2.0833333333333304,0.8
-58.083333333333336,-2.0833333333333304,0.8
-57.91666666666667,-2.0833333333333304,0.8
-57.75,-2.0833333333333304,0.8
-57.583333333333336,-2.0833333333333304,0.8
-57.41666666666667,-2.0833333333333304,0.8
-57.25,-2.0833333333333304,1
-57.083333333333336,-2.0833333333333304,1
-56.91666666666667,-2.0833333333333304,1
-56.75,-2.0833333333333304,1
-56.583333333333336,-2.0833333333333304,1
-56.41666666666667,-2.0833333333333304,1
-56.25,-2.0833333333333304,1
-56.083333333333336,-2.0833333333333304,1
-55.91666666666667,-2.0833333333333304,0.4
-55.75,-2.0833333333333304,0.4
-55.583333333333336,-2.0833333333333304,0.4
-55.41666666666667,-2.0833333333333304,0.2
-55.25,-2.0833333333333304,0.2
-55.083333333333336,-2.0833333333333304,0.2
-54.91666666666667,-2.0833333333333304,0
-54.75,-2.0833333333333304,0
-54.583333333333336,-2.0833333333333304,0.2
-54.41666666666667,-2.0833333333333304,0
-54.25,-2.0833333333333304,0
-54.083333333333336,-2.0833333333333304,0
-53.91666666666667,-2.0833333333333304,0.2
-53.75,-2.0833333333333304,0.2
-53.583333333333336,-2.0833333333333304,0.4
-53.41666666666667,-2.0833333333333304,0.4
-53.25,-2.0833333333333304,0.8
-53.083333333333336,-2.0833333333333304,0.8
-52.91666666666667,-2.0833333333333304,0.8
-52.75,-2.0833333333333304,0.6
-52.583333333333336,-2.0833333333333304,1
-52.41666666666667,-2.0833333333333304,1
-52.25,-2.0833333333333304,1
-52.083333333333336,-2.0833333333333304,1
-51.91666666666667,-2.0833333333333304,1
-51.75,-2.0833333333333304,1
-51.583333333333336,-2.0833333333333304,1
-51.41666666666667,-2.0833333333333304,1
-51.25,-2.0833333333333304,1
-51.083333333333336,-2.0833333333333304,0.8
-50.91666666666667,-2.0833333333333304,0.8
-50.75,-2.0833333333333304,0.8
-50.583333333333336,-2.0833333333333304,0.8
-50.41666666666667,-2.0833333333333304,1
-50.25,-2.0833333333333304,1
-50.083333333333336,-2.0833333333333304,1
-49.91666666666667,-2.0833333333333304,1
-49.75,-2.0833333333333304,0.4
-49.583333333333336,-2.0833333333333304,0.2
-49.41666666666667,-2.0833333333333304,0.6
-49.25,-2.0833333333333304,0.8
-49.083333333333336,-2.0833333333333304,0.8
-48.91666666666667,-2.0833333333333304,0.8
-48.75,-2.0833333333333304,1
-48.583333333333336,-2.0833333333333304,1
-48.41666666666667,-2.0833333333333304,0.8
-48.25,-2.0833333333333304,0.8
-48.083333333333336,-2.0833333333333304,0.6
-47.91666666666667,-2.0833333333333304,0.8
-47.75,-2.0833333333333304,0.6
-47.583333333333336,-2.0833333333333304,0.8
-47.41666666666667,-2.0833333333333304,0.8
-47.25,-2.0833333333333304,0.8
-47.083333333333336,-2.0833333333333304,0.6
-46.91666666666667,-2.0833333333333304,0.6
-46.75,-2.0833333333333304,0.2
-46.583333333333336,-2.0833333333333304,0
-46.41666666666667,-2.0833333333333304,0
-46.25,-2.0833333333333304,0.2
-46.083333333333336,-2.0833333333333304,0.4
-45.91666666666667,-2.0833333333333304,0.4
-45.75,-2.0833333333333304,0.4
-45.583333333333336,-2.0833333333333304,0.6
-45.41666666666667,-2.0833333333333304,0.8
-45.25,-2.0833333333333304,0.2
-45.083333333333336,-2.0833333333333304,0
-44.91666666666667,-2.0833333333333304,0
-44.75,-2.0833333333333304,0
-44.583333333333336,-2.0833333333333304,0.2
-69.41666666666667,-2.2499999999999973,0
-69.25,-2.2499999999999973,0
-69.08333333333333,-2.2499999999999973,0
-68.91666666666667,-2.2499999999999973,0
-68.75,-2.2499999999999973,0
-68.58333333333333,-2.2499999999999973,0
-68.41666666666667,-2.2499999999999973,0
-68.25,-2.2499999999999973,0
-68.08333333333333,-2.2499999999999973,0
-67.91666666666667,-2.2499999999999973,0
-67.75,-2.2499999999999973,0
-67.58333333333333,-2.2499999999999973,0
-67.41666666666667,-2.2499999999999973,0
-67.25,-2.2499999999999973,0
-67.08333333333333,-2.2499999999999973,0
-66.91666666666667,-2.2499999999999973,0
-66.75,-2.2499999999999973,0
-66.58333333333333,-2.2499999999999973,0
-66.41666666666667,-2.2499999999999973,0
-66.25,-2.2499999999999973,0
-66.08333333333333,-2.2499999999999973,0
-65.91666666666667,-2.2499999999999973,0
-65.75,-2.2499999999999973,0
-65.58333333333333,-2.2499999999999973,0
-65.41666666666667,-2.2499999999999973,0
-65.25,-2.2499999999999973,0
-65.08333333333333,-2.2499999999999973,0
-64.91666666666667,-2.2499999999999973,0
-64.75,-2.2499999999999973,0
-64.58333333333333,-2.2499999999999973,0
-64.41666666666667,-2.2499999999999973,0
-64.25,-2.2499999999999973,0
-64.08333333333333,-2.2499999999999973,0
-63.91666666666667,-2.2499999999999973,0
-63.75,-2.2499999999999973,0
-63.583333333333336,-2.2499999999999973,0
-63.41666666666667,-2.2499999999999973,0
-63.25,-2.2499999999999973,0
-63.083333333333336,-2.2499999999999973,0
-62.91666666666667,-2.2499999999999973,0
-62.75,-2.2499999999999973,0
-62.583333333333336,-2.2499999999999973,0
-62.41666666666667,-2.2499999999999973,0
-62.25,-2.2499999999999973,0
-62.083333333333336,-2.2499999999999973,0
-61.91666666666667,-2.2499999999999973,0
-61.75,-2.2499999999999973,0
-61.583333333333336,-2.2499999999999973,0
-61.41666666666667,-2.2499999999999973,0
-61.25,-2.2499999999999973,0.2
-61.083333333333336,-2.2499999999999973,0.4
-60.91666666666667,-2.2499999999999973,0.6
-60.75,-2.2499999999999973,0.6
-60.583333333333336,-2.2499999999999973,0.6
-60.41666666666667,-2.2499999999999973,0.6
-60.25,-2.2499999999999973,0.6
-60.083333333333336,-2.2499999999999973,0
-59.91666666666667,-2.2499999999999973,0.4
-59.75,-2.2499999999999973,1
-59.583333333333336,-2.2499999999999973,1
-59.41666666666667,-2.2499999999999973,1
-59.25,-2.2499999999999973,1
-59.083333333333336,-2.2499999999999973,0.8
-58.91666666666667,-2.2499999999999973,0.6
-58.75,-2.2499999999999973,1
-58.583333333333336,-2.2499999999999973,0.8
-58.41666666666667,-2.2499999999999973,0.8
-58.25,-2.2499999999999973,0.8
-58.083333333333336,-2.2499999999999973,0.8
-57.91666666666667,-2.2499999999999973,0.8
-57.75,-2.2499999999999973,0.8
-57.583333333333336,-2.2499999999999973,0.8
-57.41666666666667,-2.2499999999999973,0.8
-57.25,-2.2499999999999973,1
-57.083333333333336,-2.2499999999999973,1
-56.91666666666667,-2.2499999999999973,1
-56.75,-2.2499999999999973,1
-56.583333333333336,-2.2499999999999973,1
-56.41666666666667,-2.2499999999999973,1
-56.25,-2.2499999999999973,1
-56.083333333333336,-2.2499999999999973,1
-55.91666666666667,-2.2499999999999973,1
-55.75,-2.2499999999999973,1
-55.583333333333336,-2.2499999999999973,0.6
-55.41666666666667,-2.2499999999999973,0.2
-55.25,-2.2499999999999973,0.4
-55.083333333333336,-2.2499999999999973,0
-54.91666666666667,-2.2499999999999973,0.2
-54.75,-2.2499999999999973,0
-54.583333333333336,-2.2499999999999973,0
-54.41666666666667,-2.2499999999999973,0
-54.25,-2.2499999999999973,0
-54.083333333333336,-2.2499999999999973,0.2
-53.91666666666667,-2.2499999999999973,0.4
-53.75,-2.2499999999999973,0.4
-53.583333333333336,-2.2499999999999973,0.8
-53.41666666666667,-2.2499999999999973,0.8
-53.25,-2.2499999999999973,0.6
-53.083333333333336,-2.2499999999999973,0.4
-52.91666666666667,-2.2499999999999973,0.2
-52.75,-2.2499999999999973,0.2
-52.583333333333336,-2.2499999999999973,0.6
-52.41666666666667,-2.2499999999999973,1
-52.25,-2.2499999999999973,1
-52.083333333333336,-2.2499999999999973,1
-51.91666666666667,-2.2499999999999973,1
-51.75,-2.2499999999999973,0.8
-51.583333333333336,-2.2499999999999973,1
-51.41666666666667,-2.2499999999999973,0.8
-51.25,-2.2499999999999973,0.6
-51.083333333333336,-2.2499999999999973,0.6
-50.91666666666667,-2.2499999999999973,1
-50.75,-2.2499999999999973,1
-50.583333333333336,-2.2499999999999973,0.8
-50.41666666666667,-2.2499999999999973,0.8
-50.25,-2.2499999999999973,0.8
-50.083333333333336,-2.2499999999999973,1
-49.91666666666667,-2.2499999999999973,1
-49.75,-2.2499999999999973,0.4
-49.583333333333336,-2.2499999999999973,0.8
-49.41666666666667,-2.2499999999999973,0.6
-49.25,-2.2499999999999973,0.8
-49.083333333333336,-2.2499999999999973,1
-48.91666666666667,-2.2499999999999973,1
-48.75,-2.2499999999999973,1
-48.583333333333336,-2.2499999999999973,1
-48.41666666666667,-2.2499999999999973,0.8
-48.25,-2.2499999999999973,0.6
-48.083333333333336,-2.2499999999999973,0.6
-47.91666666666667,-2.2499999999999973,0.8
-47.75,-2.2499999999999973,0.6
-47.583333333333336,-2.2499999999999973,1
-47.41666666666667,-2.2499999999999973,0.8
-47.25,-2.2499999999999973,0.8
-47.083333333333336,-2.2499999999999973,0.6
-46.91666666666667,-2.2499999999999973,0.4
-46.75,-2.2499999999999973,0.4
-46.583333333333336,-2.2499999999999973,0.2
-46.41666666666667,-2.2499999999999973,0.2
-46.25,-2.2499999999999973,0.2
-46.083333333333336,-2.2499999999999973,0.4
-45.91666666666667,-2.2499999999999973,0.2
-45.75,-2.2499999999999973,0.4
-45.583333333333336,-2.2499999999999973,0.6
-45.41666666666667,-2.2499999999999973,0
-45.25,-2.2499999999999973,0
-45.083333333333336,-2.2499999999999973,0
-44.91666666666667,-2.2499999999999973,0
-44.75,-2.2499999999999973,0.2
-44.583333333333336,-2.2499999999999973,0.2
-69.41666666666667,-2.4166666666666643,0
-69.25,-2.4166666666666643,0
-69.08333333333333,-2.4166666666666643,0
-68.91666666666667,-2.4166666666666643,0
-68.75,-2.4166666666666643,0
-68.58333333333333,-2.4166666666666643,0
-68.41666666666667,-2.4166666666666643,0
-68.25,-2.4166666666666643,0
-68.08333333333333,-2.4166666666666643,0
-67.91666666666667,-2.4166666666666643,0
-67.75,-2.4166666666666643,0
-67.58333333333333,-2.4166666666666643,0
-67.41666666666667,-2.4166666666666643,0
-67.25,-2.4166666666666643,0
-67.08333333333333,-2.4166666666666643,0
-66.91666666666667,-2.4166666666666643,0
-66.75,-2.4166666666666643,0
-66.58333333333333,-2.4166666666666643,0
-66.41666666666667,-2.4166666666666643,0
-66.25,-2.4166666666666643,0
-66.08333333333333,-2.4166666666666643,0
-65.91666666666667,-2.4166666666666643,0
-65.75,-2.4166666666666643,0
-65.58333333333333,-2.4166666666666643,0
-65.41666666666667,-2.4166666666666643,0
-65.25,-2.4166666666666643,0
-65.08333333333333,-2.4166666666666643,0
-64.91666666666667,-2.4166666666666643,0
-64.75,-2.4166666666666643,0
-64.58333333333333,-2.4166666666666643,0
-64.41666666666667,-2.4166666666666643,0
-64.25,-2.4166666666666643,0
-64.08333333333333,-2.4166666666666643,0
-63.91666666666667,-2.4166666666666643,0
-63.75,-2.4166666666666643,0
-63.583333333333336,-2.4166666666666643,0
-63.41666666666667,-2.4166666666666643,0
-63.25,-2.4166666666666643,0
-63.083333333333336,-2.4166666666666643,0
-62.91666666666667,-2.4166666666666643,0
-62.75,-2.4166666666666643,0
-62.583333333333336,-2.4166666666666643,0
-62.41666666666667,-2.4166666666666643,0
-62.25,-2.4166666666666643,0
-62.083333333333336,-2.4166666666666643,0
-61.91666666666667,-2.4166666666666643,0
-61.75,-2.4166666666666643,0
-61.583333333333336,-2.4166666666666643,0
-61.41666666666667,-2.4166666666666643,0
-61.25,-2.4166666666666643,0.4
-61.083333333333336,-2.4166666666666643,0.8
-60.91666666666667,-2.4166666666666643,0.8
-60.75,-2.4166666666666643,0.8
-60.583333333333336,-2.4166666666666643,0.8
-60.41666666666667,-2.4166666666666643,0.8
-60.25,-2.4166666666666643,1
-60.083333333333336,-2.4166666666666643,1
-59.91666666666667,-2.4166666666666643,0.8
-59.75,-2.4166666666666643,1
-59.583333333333336,-2.4166666666666643,1
-59.41666666666667,-2.4166666666666643,1
-59.25,-2.4166666666666643,1
-59.083333333333336,-2.4166666666666643,1
-58.91666666666667,-2.4166666666666643,0.8
-58.75,-2.4166666666666643,0.8
-58.583333333333336,-2.4166666666666643,0.8
-58.41666666666667,-2.4166666666666643,0.6
-58.25,-2.4166666666666643,0.8
-58.083333333333336,-2.4166666666666643,0.8
-57.91666666666667,-2.4166666666666643,0.8
-57.75,-2.4166666666666643,0.8
-57.583333333333336,-2.4166666666666643,1
-57.41666666666667,-2.4166666666666643,1
-57.25,-2.4166666666666643,1
-57.083333333333336,-2.4166666666666643,1
-56.91666666666667,-2.4166666666666643,1
-56.75,-2.4166666666666643,1
-56.583333333333336,-2.4166666666666643,1
-56.41666666666667,-2.4166666666666643,1
-56.25,-2.4166666666666643,0.8
-56.083333333333336,-2.4166666666666643,1
-55.91666666666667,-2.4166666666666643,1
-55.75,-2.4166666666666643,0.8
-55.583333333333336,-2.4166666666666643,0.6
-55.41666666666667,-2.4166666666666643,0.4
-55.25,-2.4166666666666643,0.6
-55.083333333333336,-2.4166666666666643,0.6
-54.91666666666667,-2.4166666666666643,1
-54.75,-2.4166666666666643,1
-54.583333333333336,-2.4166666666666643,0.8
-54.41666666666667,-2.4166666666666643,0.6
-54.25,-2.4166666666666643,1
-54.083333333333336,-2.4166666666666643,1
-53.91666666666667,-2.4166666666666643,0.8
-53.75,-2.4166666666666643,0.8
-53.583333333333336,-2.4166666666666643,0.4
-53.41666666666667,-2.4166666666666643,0.6
-53.25,-2.4166666666666643,0.2
-53.083333333333336,-2.4166666666666643,0
-52.91666666666667,-2.4166666666666643,0.2
-52.75,-2.4166666666666643,0.2
-52.583333333333336,-2.4166666666666643,0.6
-52.41666666666667,-2.4166666666666643,0.8
-52.25,-2.4166666666666643,1
-52.083333333333336,-2.4166666666666643,0.8
-51.91666666666667,-2.4166666666666643,1
-51.75,-2.4166666666666643,1
-51.583333333333336,-2.4166666666666643,1
-51.41666666666667,-2.4166666666666643,1
-51.25,-2.4166666666666643,0.6
-51.083333333333336,-2.4166666666666643,0.4
-50.91666666666667,-2.4166666666666643,1
-50.75,-2.4166666666666643,1
-50.583333333333336,-2.4166666666666643,0.6
-50.41666666666667,-2.4166666666666643,0.8
-50.25,-2.4166666666666643,0.6
-50.083333333333336,-2.4166666666666643,1
-49.91666666666667,-2.4166666666666643,0.8
-49.75,-2.4166666666666643,0.4
-49.583333333333336,-2.4166666666666643,0.8
-49.41666666666667,-2.4166666666666643,1
-49.25,-2.4166666666666643,1
-49.083333333333336,-2.4166666666666643,1
-48.91666666666667,-2.4166666666666643,1
-48.75,-2.4166666666666643,1
-48.583333333333336,-2.4166666666666643,1
-48.41666666666667,-2.4166666666666643,1
-48.25,-2.4166666666666643,0.6
-48.083333333333336,-2.4166666666666643,0.8
-47.91666666666667,-2.4166666666666643,0.8
-47.75,-2.4166666666666643,0.6
-47.583333333333336,-2.4166666666666643,1
-47.41666666666667,-2.4166666666666643,0.6
-47.25,-2.4166666666666643,0.6
-47.083333333333336,-2.4166666666666643,0.6
-46.91666666666667,-2.4166666666666643,0.4
-46.75,-2.4166666666666643,0.4
-46.583333333333336,-2.4166666666666643,0.4
-46.41666666666667,-2.4166666666666643,0.6
-46.25,-2.4166666666666643,1
-46.083333333333336,-2.4166666666666643,0.4
-45.91666666666667,-2.4166666666666643,0.4
-45.75,-2.4166666666666643,0.2
-45.583333333333336,-2.4166666666666643,0
-45.41666666666667,-2.4166666666666643,0
-45.25,-2.4166666666666643,0.6
-45.083333333333336,-2.4166666666666643,0
-44.91666666666667,-2.4166666666666643,0
-44.75,-2.4166666666666643,0
-44.583333333333336,-2.4166666666666643,0.2
-69.41666666666667,-2.5833333333333304,0
-69.25,-2.5833333333333304,0
-69.08333333333333,-2.5833333333333304,0
-68.91666666666667,-2.5833333333333304,0
-68.75,-2.5833333333333304,0
-68.58333333333333,-2.5833333333333304,0
-68.41666666666667,-2.5833333333333304,0
-68.25,-2.5833333333333304,0
-68.08333333333333,-2.5833333333333304,0
-67.91666666666667,-2.5833333333333304,0
-67.75,-2.5833333333333304,0
-67.58333333333333,-2.5833333333333304,0
-67.41666666666667,-2.5833333333333304,0
-67.25,-2.5833333333333304,0
-67.08333333333333,-2.5833333333333304,0
-66.91666666666667,-2.5833333333333304,0
-66.75,-2.5833333333333304,0
-66.58333333333333,-2.5833333333333304,0
-66.41666666666667,-2.5833333333333304,0
-66.25,-2.5833333333333304,0
-66.08333333333333,-2.5833333333333304,0
-65.91666666666667,-2.5833333333333304,0
-65.75,-2.5833333333333304,0
-65.58333333333333,-2.5833333333333304,0
-65.41666666666667,-2.5833333333333304,0
-65.25,-2.5833333333333304,0
-65.08333333333333,-2.5833333333333304,0
-64.91666666666667,-2.5833333333333304,0
-64.75,-2.5833333333333304,0
-64.58333333333333,-2.5833333333333304,0
-64.41666666666667,-2.5833333333333304,0
-64.25,-2.5833333333333304,0
-64.08333333333333,-2.5833333333333304,0
-63.91666666666667,-2.5833333333333304,0
-63.75,-2.5833333333333304,0
-63.583333333333336,-2.5833333333333304,0
-63.41666666666667,-2.5833333333333304,0
-63.25,-2.5833333333333304,0
-63.083333333333336,-2.5833333333333304,0
-62.91666666666667,-2.5833333333333304,0
-62.75,-2.5833333333333304,0
-62.583333333333336,-2.5833333333333304,0
-62.41666666666667,-2.5833333333333304,0
-62.25,-2.5833333333333304,0
-62.083333333333336,-2.5833333333333304,0
-61.91666666666667,-2.5833333333333304,0
-61.75,-2.5833333333333304,0
-61.583333333333336,-2.5833333333333304,0
-61.41666666666667,-2.5833333333333304,0
-61.25,-2.5833333333333304,0.4
-61.083333333333336,-2.5833333333333304,0.6
-60.91666666666667,-2.5833333333333304,1
-60.75,-2.5833333333333304,1
-60.583333333333336,-2.5833333333333304,0.8
-60.41666666666667,-2.5833333333333304,0.8
-60.25,-2.5833333333333304,0.6
-60.083333333333336,-2.5833333333333304,1
-59.91666666666667,-2.5833333333333304,1
-59.75,-2.5833333333333304,1
-59.583333333333336,-2.5833333333333304,1
-59.41666666666667,-2.5833333333333304,1
-59.25,-2.5833333333333304,1
-59.083333333333336,-2.5833333333333304,1
-58.91666666666667,-2.5833333333333304,1
-58.75,-2.5833333333333304,0.8
-58.583333333333336,-2.5833333333333304,0.8
-58.41666666666667,-2.5833333333333304,0.8
-58.25,-2.5833333333333304,0.6
-58.083333333333336,-2.5833333333333304,0.8
-57.91666666666667,-2.5833333333333304,1
-57.75,-2.5833333333333304,0.8
-57.583333333333336,-2.5833333333333304,1
-57.41666666666667,-2.5833333333333304,0.8
-57.25,-2.5833333333333304,1
-57.083333333333336,-2.5833333333333304,1
-56.91666666666667,-2.5833333333333304,1
-56.75,-2.5833333333333304,1
-56.583333333333336,-2.5833333333333304,1
-56.41666666666667,-2.5833333333333304,1
-56.25,-2.5833333333333304,1
-56.083333333333336,-2.5833333333333304,1
-55.91666666666667,-2.5833333333333304,1
-55.75,-2.5833333333333304,0.8
-55.583333333333336,-2.5833333333333304,0.6
-55.41666666666667,-2.5833333333333304,0.4
-55.25,-2.5833333333333304,0.8
-55.083333333333336,-2.5833333333333304,0.8
-54.91666666666667,-2.5833333333333304,1
-54.75,-2.5833333333333304,1
-54.583333333333336,-2.5833333333333304,1
-54.41666666666667,-2.5833333333333304,1
-54.25,-2.5833333333333304,1
-54.083333333333336,-2.5833333333333304,0.8
-53.91666666666667,-2.5833333333333304,0.2
-53.75,-2.5833333333333304,0.4
-53.583333333333336,-2.5833333333333304,0
-53.41666666666667,-2.5833333333333304,0
-53.25,-2.5833333333333304,0
-53.083333333333336,-2.5833333333333304,0
-52.91666666666667,-2.5833333333333304,0
-52.75,-2.5833333333333304,0.2
-52.583333333333336,-2.5833333333333304,0.4
-52.41666666666667,-2.5833333333333304,0.6
-52.25,-2.5833333333333304,1
-52.083333333333336,-2.5833333333333304,1
-51.91666666666667,-2.5833333333333304,1
-51.75,-2.5833333333333304,1
-51.583333333333336,-2.5833333333333304,0.8
-51.41666666666667,-2.5833333333333304,0.8
-51.25,-2.5833333333333304,0.6
-51.083333333333336,-2.5833333333333304,0.6
-50.91666666666667,-2.5833333333333304,0.4
-50.75,-2.5833333333333304,0.4
-50.583333333333336,-2.5833333333333304,0.4
-50.41666666666667,-2.5833333333333304,0.6
-50.25,-2.5833333333333304,0.6
-50.083333333333336,-2.5833333333333304,0.6
-49.91666666666667,-2.5833333333333304,0.8
-49.75,-2.5833333333333304,0.6
-49.583333333333336,-2.5833333333333304,0.8
-49.41666666666667,-2.5833333333333304,1
-49.25,-2.5833333333333304,1
-49.083333333333336,-2.5833333333333304,1
-48.91666666666667,-2.5833333333333304,1
-48.75,-2.5833333333333304,1
-48.583333333333336,-2.5833333333333304,1
-48.41666666666667,-2.5833333333333304,0.6
-48.25,-2.5833333333333304,1
-48.083333333333336,-2.5833333333333304,0.8
-47.91666666666667,-2.5833333333333304,0.8
-47.75,-2.5833333333333304,0.6
-47.583333333333336,-2.5833333333333304,1
-47.41666666666667,-2.5833333333333304,0.8
-47.25,-2.5833333333333304,0.4
-47.083333333333336,-2.5833333333333304,0.4
-46.91666666666667,-2.5833333333333304,0.4
-46.75,-2.5833333333333304,0.4
-46.583333333333336,-2.5833333333333304,0.4
-46.41666666666667,-2.5833333333333304,0.6
-46.25,-2.5833333333333304,0.6
-46.083333333333336,-2.5833333333333304,0.4
-45.91666666666667,-2.5833333333333304,0.4
-45.75,-2.5833333333333304,0.2
-45.583333333333336,-2.5833333333333304,0.2
-45.41666666666667,-2.5833333333333304,0.2
-45.25,-2.5833333333333304,0
-45.083333333333336,-2.5833333333333304,0
-44.91666666666667,-2.5833333333333304,0
-44.75,-2.5833333333333304,0
-44.583333333333336,-2.5833333333333304,0
-44.41666666666667,-2.5833333333333304,0.2
-44.25,-2.5833333333333304,0
-44.083333333333336,-2.5833333333333304,0.2
-43.91666666666667,-2.5833333333333304,0.2
-69.41666666666667,-2.7499999999999964,0
-69.25,-2.7499999999999964,0
-69.08333333333333,-2.7499999999999964,0
-68.91666666666667,-2.7499999999999964,0
-68.75,-2.7499999999999964,0
-68.58333333333333,-2.7499999999999964,0
-68.41666666666667,-2.7499999999999964,0
-68.25,-2.7499999999999964,0
-68.08333333333333,-2.7499999999999964,0
-67.91666666666667,-2.7499999999999964,0
-67.75,-2.7499999999999964,0
-67.58333333333333,-2.7499999999999964,0
-67.41666666666667,-2.7499999999999964,0
-67.25,-2.7499999999999964,0
-67.08333333333333,-2.7499999999999964,0
-66.91666666666667,-2.7499999999999964,0
-66.75,-2.7499999999999964,0
-66.58333333333333,-2.7499999999999964,0
-66.41666666666667,-2.7499999999999964,0
-66.25,-2.7499999999999964,0
-66.08333333333333,-2.7499999999999964,0
-65.91666666666667,-2.7499999999999964,0
-65.75,-2.7499999999999964,0
-65.58333333333333,-2.7499999999999964,0
-65.41666666666667,-2.7499999999999964,0
-65.25,-2.7499999999999964,0
-65.08333333333333,-2.7499999999999964,0
-64.91666666666667,-2.7499999999999964,0
-64.75,-2.7499999999999964,0
-64.58333333333333,-2.7499999999999964,0
-64.41666666666667,-2.7499999999999964,0
-64.25,-2.7499999999999964,0
-64.08333333333333,-2.7499999999999964,0
-63.91666666666667,-2.7499999999999964,0
-63.75,-2.7499999999999964,0
-63.583333333333336,-2.7499999999999964,0
-63.41666666666667,-2.7499999999999964,0
-63.25,-2.7499999999999964,0
-63.083333333333336,-2.7499999999999964,0
-62.91666666666667,-2.7499999999999964,0
-62.75,-2.7499999999999964,0
-62.583333333333336,-2.7499999999999964,0
-62.41666666666667,-2.7499999999999964,0
-62.25,-2.7499999999999964,0
-62.083333333333336,-2.7499999999999964,0
-61.91666666666667,-2.7499999999999964,0
-61.75,-2.7499999999999964,0
-61.583333333333336,-2.7499999999999964,0
-61.41666666666667,-2.7499999999999964,0.2
-61.25,-2.7499999999999964,0.6
-61.083333333333336,-2.7499999999999964,0.6
-60.91666666666667,-2.7499999999999964,0.4
-60.75,-2.7499999999999964,1
-60.583333333333336,-2.7499999999999964,1
-60.41666666666667,-2.7499999999999964,1
-60.25,-2.7499999999999964,0.8
-60.083333333333336,-2.7499999999999964,1
-59.91666666666667,-2.7499999999999964,1
-59.75,-2.7499999999999964,1
-59.583333333333336,-2.7499999999999964,1
-59.41666666666667,-2.7499999999999964,1
-59.25,-2.7499999999999964,1
-59.083333333333336,-2.7499999999999964,1
-58.91666666666667,-2.7499999999999964,0.8
-58.75,-2.7499999999999964,0.8
-58.583333333333336,-2.7499999999999964,0.8
-58.41666666666667,-2.7499999999999964,0.8
-58.25,-2.7499999999999964,0.8
-58.083333333333336,-2.7499999999999964,0.8
-57.91666666666667,-2.7499999999999964,0.8
-57.75,-2.7499999999999964,0.4
-57.583333333333336,-2.7499999999999964,0.6
-57.41666666666667,-2.7499999999999964,1
-57.25,-2.7499999999999964,1
-57.083333333333336,-2.7499999999999964,1
-56.91666666666667,-2.7499999999999964,1
-56.75,-2.7499999999999964,1
-56.583333333333336,-2.7499999999999964,1
-56.41666666666667,-2.7499999999999964,0.8
-56.25,-2.7499999999999964,0.8
-56.083333333333336,-2.7499999999999964,0.8
-55.91666666666667,-2.7499999999999964,1
-55.75,-2.7499999999999964,0.8
-55.583333333333336,-2.7499999999999964,1
-55.41666666666667,-2.7499999999999964,1
-55.25,-2.7499999999999964,1
-55.083333333333336,-2.7499999999999964,0.6
-54.91666666666667,-2.7499999999999964,1
-54.75,-2.7499999999999964,1
-54.583333333333336,-2.7499999999999964,1
-54.41666666666667,-2.7499999999999964,0.6
-54.25,-2.7499999999999964,0.6
-54.083333333333336,-2.7499999999999964,0.4
-53.91666666666667,-2.7499999999999964,0
-53.75,-2.7499999999999964,0
-53.583333333333336,-2.7499999999999964,0
-53.41666666666667,-2.7499999999999964,0
-53.25,-2.7499999999999964,0
-53.083333333333336,-2.7499999999999964,0
-52.91666666666667,-2.7499999999999964,0
-52.75,-2.7499999999999964,0
-52.583333333333336,-2.7499999999999964,0
-52.41666666666667,-2.7499999999999964,0.2
-52.25,-2.7499999999999964,0.4
-52.083333333333336,-2.7499999999999964,0.8
-51.91666666666667,-2.7499999999999964,0.6
-51.75,-2.7499999999999964,1
-51.583333333333336,-2.7499999999999964,0.8
-51.41666666666667,-2.7499999999999964,0.8
-51.25,-2.7499999999999964,0.8
-51.083333333333336,-2.7499999999999964,0.8
-50.91666666666667,-2.7499999999999964,1
-50.75,-2.7499999999999964,0.4
-50.583333333333336,-2.7499999999999964,0.4
-50.41666666666667,-2.7499999999999964,0.6
-50.25,-2.7499999999999964,0.6
-50.083333333333336,-2.7499999999999964,0.6
-49.91666666666667,-2.7499999999999964,0.8
-49.75,-2.7499999999999964,0.8
-49.583333333333336,-2.7499999999999964,1
-49.41666666666667,-2.7499999999999964,1
-49.25,-2.7499999999999964,1
-49.083333333333336,-2.7499999999999964,1
-48.91666666666667,-2.7499999999999964,1
-48.75,-2.7499999999999964,1
-48.583333333333336,-2.7499999999999964,1
-48.41666666666667,-2.7499999999999964,1
-48.25,-2.7499999999999964,1
-48.083333333333336,-2.7499999999999964,0.6
-47.91666666666667,-2.7499999999999964,0.6
-47.75,-2.7499999999999964,0.6
-47.583333333333336,-2.7499999999999964,0.8
-47.41666666666667,-2.7499999999999964,0.4
-47.25,-2.7499999999999964,0.4
-47.083333333333336,-2.7499999999999964,0.2
-46.91666666666667,-2.7499999999999964,0.2
-46.75,-2.7499999999999964,0.2
-46.583333333333336,-2.7499999999999964,0.4
-46.41666666666667,-2.7499999999999964,0.8
-46.25,-2.7499999999999964,0.6
-46.083333333333336,-2.7499999999999964,0.4
-45.91666666666667,-2.7499999999999964,0.2
-45.75,-2.7499999999999964,0.4
-45.583333333333336,-2.7499999999999964,0.4
-45.41666666666667,-2.7499999999999964,0.4
-45.25,-2.7499999999999964,0
-45.083333333333336,-2.7499999999999964,0
-44.91666666666667,-2.7499999999999964,0
-44.75,-2.7499999999999964,0
-44.583333333333336,-2.7499999999999964,0.2
-44.41666666666667,-2.7499999999999964,0.2
-44.25,-2.7499999999999964,0.2
-44.083333333333336,-2.7499999999999964,0.2
-69.58333333333333,-2.9166666666666643,0
-69.41666666666667,-2.9166666666666643,0
-69.25,-2.9166666666666643,0
-69.08333333333333,-2.9166666666666643,0
-68.91666666666667,-2.9166666666666643,0
-68.75,-2.9166666666666643,0
-68.58333333333333,-2.9166666666666643,0
-68.41666666666667,-2.9166666666666643,0
-68.25,-2.9166666666666643,0
-68.08333333333333,-2.9166666666666643,0
-67.91666666666667,-2.9166666666666643,0
-67.75,-2.9166666666666643,0
-67.58333333333333,-2.9166666666666643,0
-67.41666666666667,-2.9166666666666643,0
-67.25,-2.9166666666666643,0
-67.08333333333333,-2.9166666666666643,0
-66.91666666666667,-2.9166666666666643,0
-66.75,-2.9166666666666643,0
-66.58333333333333,-2.9166666666666643,0
-66.41666666666667,-2.9166666666666643,0
-66.25,-2.9166666666666643,0
-66.08333333333333,-2.9166666666666643,0
-65.91666666666667,-2.9166666666666643,0
-65.75,-2.9166666666666643,0
-65.58333333333333,-2.9166666666666643,0
-65.41666666666667,-2.9166666666666643,0
-65.25,-2.9166666666666643,0
-65.08333333333333,-2.9166666666666643,0
-64.91666666666667,-2.9166666666666643,0
-64.75,-2.9166666666666643,0
-64.58333333333333,-2.9166666666666643,0
-64.41666666666667,-2.9166666666666643,0
-64.25,-2.9166666666666643,0
-64.08333333333333,-2.9166666666666643,0
-63.91666666666667,-2.9166666666666643,0
-63.75,-2.9166666666666643,0
-63.583333333333336,-2.9166666666666643,0
-63.41666666666667,-2.9166666666666643,0
-63.25,-2.9166666666666643,0
-63.083333333333336,-2.9166666666666643,0
-62.91666666666667,-2.9166666666666643,0
-62.75,-2.9166666666666643,0
-62.583333333333336,-2.9166666666666643,0
-62.41666666666667,-2.9166666666666643,0
-62.25,-2.9166666666666643,0
-62.083333333333336,-2.9166666666666643,0
-61.91666666666667,-2.9166666666666643,0
-61.75,-2.9166666666666643,0
-61.583333333333336,-2.9166666666666643,0
-61.41666666666667,-2.9166666666666643,0.6
-61.25,-2.9166666666666643,0.6
-61.083333333333336,-2.9166666666666643,0.6
-60.91666666666667,-2.9166666666666643,0.4
-60.75,-2.9166666666666643,0.6
-60.583333333333336,-2.9166666666666643,0.6
-60.41666666666667,-2.9166666666666643,1
-60.25,-2.9166666666666643,0.8
-60.083333333333336,-2.9166666666666643,1
-59.91666666666667,-2.9166666666666643,1
-59.75,-2.9166666666666643,1
-59.583333333333336,-2.9166666666666643,1
-59.41666666666667,-2.9166666666666643,1
-59.25,-2.9166666666666643,0.8
-59.083333333333336,-2.9166666666666643,0.8
-58.91666666666667,-2.9166666666666643,0.8
-58.75,-2.9166666666666643,0.8
-58.583333333333336,-2.9166666666666643,0.8
-58.41666666666667,-2.9166666666666643,0.8
-58.25,-2.9166666666666643,0.6
-58.083333333333336,-2.9166666666666643,0.6
-57.91666666666667,-2.9166666666666643,0.2
-57.75,-2.9166666666666643,0.4
-57.583333333333336,-2.9166666666666643,0.8
-57.41666666666667,-2.9166666666666643,1
-57.25,-2.9166666666666643,1
-57.083333333333336,-2.9166666666666643,1
-56.91666666666667,-2.9166666666666643,1
-56.75,-2.9166666666666643,1
-56.583333333333336,-2.9166666666666643,0.8
-56.41666666666667,-2.9166666666666643,0.8
-56.25,-2.9166666666666643,0.8
-56.083333333333336,-2.9166666666666643,0.8
-55.91666666666667,-2.9166666666666643,0.8
-55.75,-2.9166666666666643,1
-55.583333333333336,-2.9166666666666643,0.8
-55.41666666666667,-2.9166666666666643,0.8
-55.25,-2.9166666666666643,0.8
-55.083333333333336,-2.9166666666666643,0.8
-54.91666666666667,-2.9166666666666643,0.8
-54.75,-2.9166666666666643,0.8
-54.583333333333336,-2.9166666666666643,0.6
-54.41666666666667,-2.9166666666666643,0.6
-54.25,-2.9166666666666643,0.6
-54.083333333333336,-2.9166666666666643,0.2
-53.91666666666667,-2.9166666666666643,0
-53.75,-2.9166666666666643,0
-53.583333333333336,-2.9166666666666643,0
-53.41666666666667,-2.9166666666666643,0
-53.25,-2.9166666666666643,0
-53.083333333333336,-2.9166666666666643,0
-52.91666666666667,-2.9166666666666643,0
-52.75,-2.9166666666666643,0
-52.583333333333336,-2.9166666666666643,0
-52.41666666666667,-2.9166666666666643,0
-52.25,-2.9166666666666643,0.4
-52.083333333333336,-2.9166666666666643,0.6
-51.91666666666667,-2.9166666666666643,0.6
-51.75,-2.9166666666666643,0.8
-51.583333333333336,-2.9166666666666643,0.8
-51.41666666666667,-2.9166666666666643,0.8
-51.25,-2.9166666666666643,0.8
-51.083333333333336,-2.9166666666666643,0.8
-50.91666666666667,-2.9166666666666643,1
-50.75,-2.9166666666666643,1
-50.583333333333336,-2.9166666666666643,0.6
-50.41666666666667,-2.9166666666666643,0.4
-50.25,-2.9166666666666643,0.6
-50.083333333333336,-2.9166666666666643,0.6
-49.91666666666667,-2.9166666666666643,1
-49.75,-2.9166666666666643,0.8
-49.583333333333336,-2.9166666666666643,1
-49.41666666666667,-2.9166666666666643,1
-49.25,-2.9166666666666643,1
-49.083333333333336,-2.9166666666666643,0.6
-48.91666666666667,-2.9166666666666643,0.8
-48.75,-2.9166666666666643,1
-48.583333333333336,-2.9166666666666643,1
-48.41666666666667,-2.9166666666666643,1
-48.25,-2.9166666666666643,1
-48.083333333333336,-2.9166666666666643,0.4
-47.91666666666667,-2.9166666666666643,0.4
-47.75,-2.9166666666666643,0.4
-47.583333333333336,-2.9166666666666643,0.6
-47.41666666666667,-2.9166666666666643,0.4
-47.25,-2.9166666666666643,0
-47.083333333333336,-2.9166666666666643,0.2
-46.91666666666667,-2.9166666666666643,0.2
-46.75,-2.9166666666666643,0.2
-46.583333333333336,-2.9166666666666643,0.2
-46.41666666666667,-2.9166666666666643,0.4
-46.25,-2.9166666666666643,0.4
-46.083333333333336,-2.9166666666666643,0
-45.91666666666667,-2.9166666666666643,0.2
-45.75,-2.9166666666666643,0.4
-45.583333333333336,-2.9166666666666643,0.4
-45.41666666666667,-2.9166666666666643,0.2
-45.25,-2.9166666666666643,0
-45.083333333333336,-2.9166666666666643,0
-44.91666666666667,-2.9166666666666643,0
-44.75,-2.9166666666666643,0
-44.583333333333336,-2.9166666666666643,0.2
-44.41666666666667,-2.9166666666666643,0
-44.25,-2.9166666666666643,0.2
-44.083333333333336,-2.9166666666666643,0
-69.58333333333333,-3.0833333333333304,0
-69.41666666666667,-3.0833333333333304,0
-69.25,-3.0833333333333304,0
-69.08333333333333,-3.0833333333333304,0
-68.91666666666667,-3.0833333333333304,0
-68.75,-3.0833333333333304,0
-68.58333333333333,-3.0833333333333304,0
-68.41666666666667,-3.0833333333333304,0
-68.25,-3.0833333333333304,0
-68.08333333333333,-3.0833333333333304,0
-67.91666666666667,-3.0833333333333304,0
-67.75,-3.0833333333333304,0
-67.58333333333333,-3.0833333333333304,0
-67.41666666666667,-3.0833333333333304,0
-67.25,-3.0833333333333304,0
-67.08333333333333,-3.0833333333333304,0
-66.91666666666667,-3.0833333333333304,0
-66.75,-3.0833333333333304,0
-66.58333333333333,-3.0833333333333304,0
-66.41666666666667,-3.0833333333333304,0
-66.25,-3.0833333333333304,0
-66.08333333333333,-3.0833333333333304,0
-65.91666666666667,-3.0833333333333304,0
-65.75,-3.0833333333333304,0
-65.58333333333333,-3.0833333333333304,0
-65.41666666666667,-3.0833333333333304,0
-65.25,-3.0833333333333304,0
-65.08333333333333,-3.0833333333333304,0
-64.91666666666667,-3.0833333333333304,0
-64.75,-3.0833333333333304,0
-64.58333333333333,-3.0833333333333304,0
-64.41666666666667,-3.0833333333333304,0
-64.25,-3.0833333333333304,0
-64.08333333333333,-3.0833333333333304,0
-63.91666666666667,-3.0833333333333304,0
-63.75,-3.0833333333333304,0
-63.583333333333336,-3.0833333333333304,0
-63.41666666666667,-3.0833333333333304,0
-63.25,-3.0833333333333304,0
-63.083333333333336,-3.0833333333333304,0
-62.91666666666667,-3.0833333333333304,0
-62.75,-3.0833333333333304,0
-62.583333333333336,-3.0833333333333304,0
-62.41666666666667,-3.0833333333333304,0
-62.25,-3.0833333333333304,0
-62.083333333333336,-3.0833333333333304,0
-61.91666666666667,-3.0833333333333304,0
-61.75,-3.0833333333333304,0
-61.583333333333336,-3.0833333333333304,0.6
-61.41666666666667,-3.0833333333333304,0.8
-61.25,-3.0833333333333304,0.6
-61.083333333333336,-3.0833333333333304,0.8
-60.91666666666667,-3.0833333333333304,0.6
-60.75,-3.0833333333333304,0.6
-60.583333333333336,-3.0833333333333304,1
-60.41666666666667,-3.0833333333333304,1
-60.25,-3.0833333333333304,1
-60.083333333333336,-3.0833333333333304,1
-59.91666666666667,-3.0833333333333304,1
-59.75,-3.0833333333333304,1
-59.583333333333336,-3.0833333333333304,1
-59.41666666666667,-3.0833333333333304,1
-59.25,-3.0833333333333304,0.8
-59.083333333333336,-3.0833333333333304,0.8
-58.91666666666667,-3.0833333333333304,0.8
-58.75,-3.0833333333333304,0.8
-58.583333333333336,-3.0833333333333304,0.8
-58.41666666666667,-3.0833333333333304,0.4
-58.25,-3.0833333333333304,0.4
-58.083333333333336,-3.0833333333333304,0.6
-57.91666666666667,-3.0833333333333304,0.4
-57.75,-3.0833333333333304,1
-57.583333333333336,-3.0833333333333304,0.8
-57.41666666666667,-3.0833333333333304,0.8
-57.25,-3.0833333333333304,1
-57.083333333333336,-3.0833333333333304,1
-56.91666666666667,-3.0833333333333304,1
-56.75,-3.0833333333333304,1
-56.583333333333336,-3.0833333333333304,0.8
-56.41666666666667,-3.0833333333333304,0.8
-56.25,-3.0833333333333304,0.8
-56.083333333333336,-3.0833333333333304,0.8
-55.91666666666667,-3.0833333333333304,0.8
-55.75,-3.0833333333333304,0.8
-55.583333333333336,-3.0833333333333304,0.8
-55.41666666666667,-3.0833333333333304,0.6
-55.25,-3.0833333333333304,0.8
-55.083333333333336,-3.0833333333333304,0.8
-54.91666666666667,-3.0833333333333304,0.8
-54.75,-3.0833333333333304,0.6
-54.583333333333336,-3.0833333333333304,0.6
-54.41666666666667,-3.0833333333333304,0.8
-54.25,-3.0833333333333304,0
-54.083333333333336,-3.0833333333333304,0
-53.91666666666667,-3.0833333333333304,0
-53.75,-3.0833333333333304,0.2
-53.583333333333336,-3.0833333333333304,0
-53.41666666666667,-3.0833333333333304,0
-53.25,-3.0833333333333304,0
-53.083333333333336,-3.0833333333333304,0
-52.91666666666667,-3.0833333333333304,0
-52.75,-3.0833333333333304,0
-52.583333333333336,-3.0833333333333304,0
-52.41666666666667,-3.0833333333333304,0
-52.25,-3.0833333333333304,0.2
-52.083333333333336,-3.0833333333333304,0.6
-51.91666666666667,-3.0833333333333304,0.8
-51.75,-3.0833333333333304,0.8
-51.583333333333336,-3.0833333333333304,0.6
-51.41666666666667,-3.0833333333333304,0.6
-51.25,-3.0833333333333304,0.8
-51.083333333333336,-3.0833333333333304,0.8
-50.91666666666667,-3.0833333333333304,1
-50.75,-3.0833333333333304,0.4
-50.583333333333336,-3.0833333333333304,0.4
-50.41666666666667,-3.0833333333333304,0.4
-50.25,-3.0833333333333304,0.6
-50.083333333333336,-3.0833333333333304,0.2
-49.91666666666667,-3.0833333333333304,0.8
-49.75,-3.0833333333333304,0.6
-49.583333333333336,-3.0833333333333304,1
-49.41666666666667,-3.0833333333333304,1
-49.25,-3.0833333333333304,1
-49.083333333333336,-3.0833333333333304,1
-48.91666666666667,-3.0833333333333304,0.8
-48.75,-3.0833333333333304,1
-48.583333333333336,-3.0833333333333304,1
-48.41666666666667,-3.0833333333333304,0.8
-48.25,-3.0833333333333304,0.4
-48.083333333333336,-3.0833333333333304,0.4
-47.91666666666667,-3.0833333333333304,0.4
-47.75,-3.0833333333333304,0.4
-47.583333333333336,-3.0833333333333304,0.4
-47.41666666666667,-3.0833333333333304,0.2
-47.25,-3.0833333333333304,0.2
-47.083333333333336,-3.0833333333333304,0
-46.91666666666667,-3.0833333333333304,0
-46.75,-3.0833333333333304,0.2
-46.583333333333336,-3.0833333333333304,0.2
-46.41666666666667,-3.0833333333333304,0.2
-46.25,-3.0833333333333304,0
-46.083333333333336,-3.0833333333333304,0
-45.91666666666667,-3.0833333333333304,0.2
-45.75,-3.0833333333333304,0.4
-45.583333333333336,-3.0833333333333304,0.2
-45.41666666666667,-3.0833333333333304,0.4
-45.25,-3.0833333333333304,0.4
-45.083333333333336,-3.0833333333333304,0
-44.91666666666667,-3.0833333333333304,0
-44.75,-3.0833333333333304,0
-44.583333333333336,-3.0833333333333304,0
-44.41666666666667,-3.0833333333333304,0
-44.25,-3.0833333333333304,0
-44.083333333333336,-3.0833333333333304,0
-69.58333333333333,-3.2499999999999964,0
-69.41666666666667,-3.2499999999999964,0
-69.25,-3.2499999999999964,0
-69.08333333333333,-3.2499999999999964,0
-68.91666666666667,-3.2499999999999964,0
-68.75,-3.2499999999999964,0
-68.58333333333333,-3.2499999999999964,0
-68.41666666666667,-3.2499999999999964,0
-68.25,-3.2499999999999964,0
-68.08333333333333,-3.2499999999999964,0
-67.91666666666667,-3.2499999999999964,0
-67.75,-3.2499999999999964,0
-67.58333333333333,-3.2499999999999964,0
-67.41666666666667,-3.2499999999999964,0
-67.25,-3.2499999999999964,0
-67.08333333333333,-3.2499999999999964,0
-66.91666666666667,-3.2499999999999964,0
-66.75,-3.2499999999999964,0
-66.58333333333333,-3.2499999999999964,0
-66.41666666666667,-3.2499999999999964,0
-66.25,-3.2499999999999964,0
-66.08333333333333,-3.2499999999999964,0
-65.91666666666667,-3.2499999999999964,0
-65.75,-3.2499999999999964,0
-65.58333333333333,-3.2499999999999964,0
-65.41666666666667,-3.2499999999999964,0
-65.25,-3.2499999999999964,0
-65.08333333333333,-3.2499999999999964,0
-64.91666666666667,-3.2499999999999964,0
-64.75,-3.2499999999999964,0
-64.58333333333333,-3.2499999999999964,0
-64.41666666666667,-3.2499999999999964,0
-64.25,-3.2499999999999964,0
-64.08333333333333,-3.2499999999999964,0
-63.91666666666667,-3.2499999999999964,0
-63.75,-3.2499999999999964,0
-63.583333333333336,-3.2499999999999964,0
-63.41666666666667,-3.2499999999999964,0
-63.25,-3.2499999999999964,0
-63.083333333333336,-3.2499999999999964,0
-62.91666666666667,-3.2499999999999964,0
-62.75,-3.2499999999999964,0
-62.583333333333336,-3.2499999999999964,0
-62.41666666666667,-3.2499999999999964,0
-62.25,-3.2499999999999964,0
-62.083333333333336,-3.2499999999999964,0
-61.91666666666667,-3.2499999999999964,0
-61.75,-3.2499999999999964,0
-61.583333333333336,-3.2499999999999964,0
-61.41666666666667,-3.2499999999999964,0.6
-61.25,-3.2499999999999964,0.4
-61.083333333333336,-3.2499999999999964,0.8
-60.91666666666667,-3.2499999999999964,1
-60.75,-3.2499999999999964,1
-60.583333333333336,-3.2499999999999964,1
-60.41666666666667,-3.2499999999999964,1
-60.25,-3.2499999999999964,1
-60.083333333333336,-3.2499999999999964,1
-59.91666666666667,-3.2499999999999964,1
-59.75,-3.2499999999999964,1
-59.583333333333336,-3.2499999999999964,1
-59.41666666666667,-3.2499999999999964,1
-59.25,-3.2499999999999964,0.8
-59.083333333333336,-3.2499999999999964,1
-58.91666666666667,-3.2499999999999964,0.8
-58.75,-3.2499999999999964,0.8
-58.583333333333336,-3.2499999999999964,0.6
-58.41666666666667,-3.2499999999999964,0.2
-58.25,-3.2499999999999964,0.4
-58.083333333333336,-3.2499999999999964,0.6
-57.91666666666667,-3.2499999999999964,0.6
-57.75,-3.2499999999999964,0.6
-57.583333333333336,-3.2499999999999964,1
-57.41666666666667,-3.2499999999999964,1
-57.25,-3.2499999999999964,1
-57.083333333333336,-3.2499999999999964,0.8
-56.91666666666667,-3.2499999999999964,0.8
-56.75,-3.2499999999999964,0.8
-56.583333333333336,-3.2499999999999964,0.8
-56.41666666666667,-3.2499999999999964,0.8
-56.25,-3.2499999999999964,0.8
-56.083333333333336,-3.2499999999999964,0.8
-55.91666666666667,-3.2499999999999964,0.8
-55.75,-3.2499999999999964,0.6
-55.583333333333336,-3.2499999999999964,0.8
-55.41666666666667,-3.2499999999999964,0.8
-55.25,-3.2499999999999964,0.6
-55.083333333333336,-3.2499999999999964,0.8
-54.91666666666667,-3.2499999999999964,0.8
-54.75,-3.2499999999999964,0.6
-54.583333333333336,-3.2499999999999964,0
-54.41666666666667,-3.2499999999999964,0.2
-54.25,-3.2499999999999964,0
-54.083333333333336,-3.2499999999999964,0.2
-53.91666666666667,-3.2499999999999964,0.4
-53.75,-3.2499999999999964,0
-53.583333333333336,-3.2499999999999964,0.2
-53.41666666666667,-3.2499999999999964,0.2
-53.25,-3.2499999999999964,0
-53.083333333333336,-3.2499999999999964,0
-52.91666666666667,-3.2499999999999964,0.2
-52.75,-3.2499999999999964,0
-52.583333333333336,-3.2499999999999964,0
-52.41666666666667,-3.2499999999999964,0
-52.25,-3.2499999999999964,0
-52.083333333333336,-3.2499999999999964,0
-51.91666666666667,-3.2499999999999964,0.8
-51.75,-3.2499999999999964,0.8
-51.583333333333336,-3.2499999999999964,0.4
-51.41666666666667,-3.2499999999999964,0.6
-51.25,-3.2499999999999964,0.6
-51.083333333333336,-3.2499999999999964,0.6
-50.91666666666667,-3.2499999999999964,0.4
-50.75,-3.2499999999999964,0.2
-50.583333333333336,-3.2499999999999964,0.2
-50.41666666666667,-3.2499999999999964,0.4
-50.25,-3.2499999999999964,0.4
-50.083333333333336,-3.2499999999999964,0.6
-49.91666666666667,-3.2499999999999964,0.8
-49.75,-3.2499999999999964,1
-49.583333333333336,-3.2499999999999964,1
-49.41666666666667,-3.2499999999999964,1
-49.25,-3.2499999999999964,0.8
-49.083333333333336,-3.2499999999999964,0.6
-48.91666666666667,-3.2499999999999964,0.8
-48.75,-3.2499999999999964,1
-48.583333333333336,-3.2499999999999964,1
-48.41666666666667,-3.2499999999999964,0.4
-48.25,-3.2499999999999964,0.4
-48.083333333333336,-3.2499999999999964,0.4
-47.91666666666667,-3.2499999999999964,0.4
-47.75,-3.2499999999999964,0.4
-47.583333333333336,-3.2499999999999964,0.4
-47.41666666666667,-3.2499999999999964,0.4
-47.25,-3.2499999999999964,0
-47.083333333333336,-3.2499999999999964,0
-46.91666666666667,-3.2499999999999964,0
-46.75,-3.2499999999999964,0
-46.583333333333336,-3.2499999999999964,0
-46.41666666666667,-3.2499999999999964,0
-46.25,-3.2499999999999964,0.2
-46.083333333333336,-3.2499999999999964,0.2
-45.91666666666667,-3.2499999999999964,0.2
-45.75,-3.2499999999999964,0.2
-45.583333333333336,-3.2499999999999964,0.4
-45.41666666666667,-3.2499999999999964,0.2
-45.25,-3.2499999999999964,0.2
-45.083333333333336,-3.2499999999999964,0
-44.91666666666667,-3.2499999999999964,0
-44.75,-3.2499999999999964,0
-44.583333333333336,-3.2499999999999964,0
-44.41666666666667,-3.2499999999999964,0
-44.25,-3.2499999999999964,0
-44.083333333333336,-3.2499999999999964,0
-69.58333333333333,-3.4166666666666643,0
-69.41666666666667,-3.4166666666666643,0
-69.25,-3.4166666666666643,0
-69.08333333333333,-3.4166666666666643,0
-68.91666666666667,-3.4166666666666643,0
-68.75,-3.4166666666666643,0
-68.58333333333333,-3.4166666666666643,0
-68.41666666666667,-3.4166666666666643,0
-68.25,-3.4166666666666643,0
-68.08333333333333,-3.4166666666666643,0
-67.91666666666667,-3.4166666666666643,0
-67.75,-3.4166666666666643,0
-67.58333333333333,-3.4166666666666643,0
-67.41666666666667,-3.4166666666666643,0
-67.25,-3.4166666666666643,0
-67.08333333333333,-3.4166666666666643,0
-66.91666666666667,-3.4166666666666643,0
-66.75,-3.4166666666666643,0
-66.58333333333333,-3.4166666666666643,0
-66.41666666666667,-3.4166666666666643,0
-66.25,-3.4166666666666643,0
-66.08333333333333,-3.4166666666666643,0
-65.91666666666667,-3.4166666666666643,0
-65.75,-3.4166666666666643,0
-65.58333333333333,-3.4166666666666643,0
-65.41666666666667,-3.4166666666666643,0
-65.25,-3.4166666666666643,0
-65.08333333333333,-3.4166666666666643,0
-64.91666666666667,-3.4166666666666643,0
-64.75,-3.4166666666666643,0
-64.58333333333333,-3.4166666666666643,0
-64.41666666666667,-3.4166666666666643,0
-64.25,-3.4166666666666643,0
-64.08333333333333,-3.4166666666666643,0
-63.91666666666667,-3.4166666666666643,0
-63.75,-3.4166666666666643,0
-63.583333333333336,-3.4166666666666643,0
-63.41666666666667,-3.4166666666666643,0
-63.25,-3.4166666666666643,0
-63.083333333333336,-3.4166666666666643,0
-62.91666666666667,-3.4166666666666643,0
-62.75,-3.4166666666666643,0
-62.583333333333336,-3.4166666666666643,0
-62.41666666666667,-3.4166666666666643,0
-62.25,-3.4166666666666643,0
-62.083333333333336,-3.4166666666666643,0
-61.91666666666667,-3.4166666666666643,0
-61.75,-3.4166666666666643,0
-61.583333333333336,-3.4166666666666643,0
-61.41666666666667,-3.4166666666666643,0.8
-61.25,-3.4166666666666643,0.6
-61.083333333333336,-3.4166666666666643,0.6
-60.91666666666667,-3.4166666666666643,0.6
-60.75,-3.4166666666666643,1
-60.583333333333336,-3.4166666666666643,1
-60.41666666666667,-3.4166666666666643,1
-60.25,-3.4166666666666643,1
-60.083333333333336,-3.4166666666666643,1
-59.91666666666667,-3.4166666666666643,1
-59.75,-3.4166666666666643,1
-59.583333333333336,-3.4166666666666643,1
-59.41666666666667,-3.4166666666666643,1
-59.25,-3.4166666666666643,0.8
-59.083333333333336,-3.4166666666666643,0.8
-58.91666666666667,-3.4166666666666643,1
-58.75,-3.4166666666666643,0.8
-58.583333333333336,-3.4166666666666643,1
-58.41666666666667,-3.4166666666666643,1
-58.25,-3.4166666666666643,0.6
-58.083333333333336,-3.4166666666666643,0.6
-57.91666666666667,-3.4166666666666643,0.2
-57.75,-3.4166666666666643,0.6
-57.583333333333336,-3.4166666666666643,0.8
-57.41666666666667,-3.4166666666666643,1
-57.25,-3.4166666666666643,0.8
-57.083333333333336,-3.4166666666666643,0.8
-56.91666666666667,-3.4166666666666643,0.8
-56.75,-3.4166666666666643,0.8
-56.583333333333336,-3.4166666666666643,0.8
-56.41666666666667,-3.4166666666666643,0.8
-56.25,-3.4166666666666643,0.8
-56.083333333333336,-3.4166666666666643,0.8
-55.91666666666667,-3.4166666666666643,0.8
-55.75,-3.4166666666666643,0.8
-55.583333333333336,-3.4166666666666643,0.4
-55.41666666666667,-3.4166666666666643,0.8
-55.25,-3.4166666666666643,1
-55.083333333333336,-3.4166666666666643,1
-54.91666666666667,-3.4166666666666643,0.2
-54.75,-3.4166666666666643,0.2
-54.583333333333336,-3.4166666666666643,0.2
-54.41666666666667,-3.4166666666666643,0.2
-54.25,-3.4166666666666643,0
-54.083333333333336,-3.4166666666666643,0
-53.91666666666667,-3.4166666666666643,0.4
-53.75,-3.4166666666666643,0.2
-53.583333333333336,-3.4166666666666643,0.2
-53.41666666666667,-3.4166666666666643,0.2
-53.25,-3.4166666666666643,0
-53.083333333333336,-3.4166666666666643,0.2
-52.91666666666667,-3.4166666666666643,0.4
-52.75,-3.4166666666666643,0
-52.583333333333336,-3.4166666666666643,0
-52.41666666666667,-3.4166666666666643,0
-52.25,-3.4166666666666643,0
-52.083333333333336,-3.4166666666666643,0.4
-51.91666666666667,-3.4166666666666643,0.6
-51.75,-3.4166666666666643,0.6
-51.583333333333336,-3.4166666666666643,0.8
-51.41666666666667,-3.4166666666666643,0.4
-51.25,-3.4166666666666643,0.4
-51.083333333333336,-3.4166666666666643,0.4
-50.91666666666667,-3.4166666666666643,0.6
-50.75,-3.4166666666666643,0.6
-50.583333333333336,-3.4166666666666643,0.6
-50.41666666666667,-3.4166666666666643,0.2
-50.25,-3.4166666666666643,0.4
-50.083333333333336,-3.4166666666666643,0.4
-49.91666666666667,-3.4166666666666643,0.6
-49.75,-3.4166666666666643,1
-49.583333333333336,-3.4166666666666643,1
-49.41666666666667,-3.4166666666666643,1
-49.25,-3.4166666666666643,1
-49.083333333333336,-3.4166666666666643,0.8
-48.91666666666667,-3.4166666666666643,1
-48.75,-3.4166666666666643,1
-48.583333333333336,-3.4166666666666643,0.8
-48.41666666666667,-3.4166666666666643,0.8
-48.25,-3.4166666666666643,0.6
-48.083333333333336,-3.4166666666666643,0.4
-47.91666666666667,-3.4166666666666643,0.4
-47.75,-3.4166666666666643,0.4
-47.583333333333336,-3.4166666666666643,0
-47.41666666666667,-3.4166666666666643,0
-47.25,-3.4166666666666643,0
-47.083333333333336,-3.4166666666666643,0
-46.91666666666667,-3.4166666666666643,0.2
-46.75,-3.4166666666666643,0
-46.583333333333336,-3.4166666666666643,0
-46.41666666666667,-3.4166666666666643,0
-46.25,-3.4166666666666643,0
-46.083333333333336,-3.4166666666666643,0
-45.91666666666667,-3.4166666666666643,0
-45.75,-3.4166666666666643,0.2
-45.583333333333336,-3.4166666666666643,0.4
-45.41666666666667,-3.4166666666666643,0.4
-45.25,-3.4166666666666643,0.4
-45.083333333333336,-3.4166666666666643,0
-44.91666666666667,-3.4166666666666643,0
-44.75,-3.4166666666666643,0
-69.58333333333333,-3.5833333333333304,0
-69.41666666666667,-3.5833333333333304,0
-69.25,-3.5833333333333304,0
-69.08333333333333,-3.5833333333333304,0
-68.91666666666667,-3.5833333333333304,0
-68.75,-3.5833333333333304,0
-68.58333333333333,-3.5833333333333304,0
-68.41666666666667,-3.5833333333333304,0
-68.25,-3.5833333333333304,0
-68.08333333333333,-3.5833333333333304,0
-67.91666666666667,-3.5833333333333304,0
-67.75,-3.5833333333333304,0
-67.58333333333333,-3.5833333333333304,0
-67.41666666666667,-3.5833333333333304,0
-67.25,-3.5833333333333304,0
-67.08333333333333,-3.5833333333333304,0
-66.91666666666667,-3.5833333333333304,0
-66.75,-3.5833333333333304,0
-66.58333333333333,-3.5833333333333304,0
-66.41666666666667,-3.5833333333333304,0
-66.25,-3.5833333333333304,0
-66.08333333333333,-3.5833333333333304,0
-65.91666666666667,-3.5833333333333304,0
-65.75,-3.5833333333333304,0
-65.58333333333333,-3.5833333333333304,0
-65.41666666666667,-3.5833333333333304,0
-65.25,-3.5833333333333304,0
-65.08333333333333,-3.5833333333333304,0
-64.91666666666667,-3.5833333333333304,0
-64.75,-3.5833333333333304,0
-64.58333333333333,-3.5833333333333304,0
-64.41666666666667,-3.5833333333333304,0
-64.25,-3.5833333333333304,0
-64.08333333333333,-3.5833333333333304,0
-63.91666666666667,-3.5833333333333304,0
-63.75,-3.5833333333333304,0
-63.583333333333336,-3.5833333333333304,0
-63.41666666666667,-3.5833333333333304,0
-63.25,-3.5833333333333304,0
-63.083333333333336,-3.5833333333333304,0
-62.91666666666667,-3.5833333333333304,0
-62.75,-3.5833333333333304,0
-62.583333333333336,-3.5833333333333304,0
-62.41666666666667,-3.5833333333333304,0
-62.25,-3.5833333333333304,0
-62.083333333333336,-3.5833333333333304,0
-61.91666666666667,-3.5833333333333304,0
-61.75,-3.5833333333333304,0
-61.583333333333336,-3.5833333333333304,0.4
-61.41666666666667,-3.5833333333333304,0.4
-61.25,-3.5833333333333304,0.6
-61.083333333333336,-3.5833333333333304,0.6
-60.91666666666667,-3.5833333333333304,1
-60.75,-3.5833333333333304,1
-60.583333333333336,-3.5833333333333304,1
-60.41666666666667,-3.5833333333333304,1
-60.25,-3.5833333333333304,1
-60.083333333333336,-3.5833333333333304,1
-59.91666666666667,-3.5833333333333304,1
-59.75,-3.5833333333333304,1
-59.583333333333336,-3.5833333333333304,1
-59.41666666666667,-3.5833333333333304,1
-59.25,-3.5833333333333304,0.8
-59.083333333333336,-3.5833333333333304,0.8
-58.91666666666667,-3.5833333333333304,1
-58.75,-3.5833333333333304,1
-58.583333333333336,-3.5833333333333304,0.8
-58.41666666666667,-3.5833333333333304,0.6
-58.25,-3.5833333333333304,0.8
-58.083333333333336,-3.5833333333333304,0.6
-57.91666666666667,-3.5833333333333304,1
-57.75,-3.5833333333333304,0.8
-57.583333333333336,-3.5833333333333304,1
-57.41666666666667,-3.5833333333333304,1
-57.25,-3.5833333333333304,0.8
-57.083333333333336,-3.5833333333333304,0.8
-56.91666666666667,-3.5833333333333304,0.8
-56.75,-3.5833333333333304,0.8
-56.583333333333336,-3.5833333333333304,0.8
-56.41666666666667,-3.5833333333333304,0.8
-56.25,-3.5833333333333304,0.8
-56.083333333333336,-3.5833333333333304,0.8
-55.91666666666667,-3.5833333333333304,0.8
-55.75,-3.5833333333333304,0.8
-55.583333333333336,-3.5833333333333304,0.8
-55.41666666666667,-3.5833333333333304,0.6
-55.25,-3.5833333333333304,1
-55.083333333333336,-3.5833333333333304,0.6
-54.91666666666667,-3.5833333333333304,0.2
-54.75,-3.5833333333333304,0.2
-54.583333333333336,-3.5833333333333304,0.2
-54.41666666666667,-3.5833333333333304,0.2
-54.25,-3.5833333333333304,0
-54.083333333333336,-3.5833333333333304,0
-53.91666666666667,-3.5833333333333304,0.2
-53.75,-3.5833333333333304,0.2
-53.583333333333336,-3.5833333333333304,0.4
-53.41666666666667,-3.5833333333333304,0.4
-53.25,-3.5833333333333304,0.2
-53.083333333333336,-3.5833333333333304,0.2
-52.91666666666667,-3.5833333333333304,0
-52.75,-3.5833333333333304,0
-52.583333333333336,-3.5833333333333304,0
-52.41666666666667,-3.5833333333333304,0
-52.25,-3.5833333333333304,0.6
-52.083333333333336,-3.5833333333333304,0.8
-51.91666666666667,-3.5833333333333304,1
-51.75,-3.5833333333333304,1
-51.583333333333336,-3.5833333333333304,0.6
-51.41666666666667,-3.5833333333333304,0.2
-51.25,-3.5833333333333304,0.4
-51.083333333333336,-3.5833333333333304,0.6
-50.91666666666667,-3.5833333333333304,0.4
-50.75,-3.5833333333333304,0.4
-50.583333333333336,-3.5833333333333304,0.6
-50.41666666666667,-3.5833333333333304,0.4
-50.25,-3.5833333333333304,0
-50.083333333333336,-3.5833333333333304,0.4
-49.91666666666667,-3.5833333333333304,1
-49.75,-3.5833333333333304,0.8
-49.583333333333336,-3.5833333333333304,0.4
-49.41666666666667,-3.5833333333333304,1
-49.25,-3.5833333333333304,1
-49.083333333333336,-3.5833333333333304,0.8
-48.91666666666667,-3.5833333333333304,0.6
-48.75,-3.5833333333333304,0.4
-48.583333333333336,-3.5833333333333304,0.4
-48.41666666666667,-3.5833333333333304,0.4
-48.25,-3.5833333333333304,0.4
-48.083333333333336,-3.5833333333333304,0.4
-47.91666666666667,-3.5833333333333304,0.2
-47.75,-3.5833333333333304,0.2
-47.583333333333336,-3.5833333333333304,0
-47.41666666666667,-3.5833333333333304,0
-47.25,-3.5833333333333304,0
-47.083333333333336,-3.5833333333333304,0
-46.91666666666667,-3.5833333333333304,0
-46.75,-3.5833333333333304,0
-46.583333333333336,-3.5833333333333304,0
-46.41666666666667,-3.5833333333333304,0
-46.25,-3.5833333333333304,0
-46.083333333333336,-3.5833333333333304,0
-45.91666666666667,-3.5833333333333304,0
-45.75,-3.5833333333333304,0
-45.583333333333336,-3.5833333333333304,0.2
-45.41666666666667,-3.5833333333333304,0.4
-45.25,-3.5833333333333304,0.4
-45.083333333333336,-3.5833333333333304,0
-44.91666666666667,-3.5833333333333304,0
-44.75,-3.5833333333333304,0
-69.75,-3.7499999999999964,0
-69.58333333333333,-3.7499999999999964,0
-69.41666666666667,-3.7499999999999964,0
-69.25,-3.7499999999999964,0
-69.08333333333333,-3.7499999999999964,0
-68.91666666666667,-3.7499999999999964,0
-68.75,-3.7499999999999964,0
-68.58333333333333,-3.7499999999999964,0
-68.41666666666667,-3.7499999999999964,0
-68.25,-3.7499999999999964,0
-68.08333333333333,-3.7499999999999964,0
-67.91666666666667,-3.7499999999999964,0
-67.75,-3.7499999999999964,0
-67.58333333333333,-3.7499999999999964,0
-67.41666666666667,-3.7499999999999964,0
-67.25,-3.7499999999999964,0
-67.08333333333333,-3.7499999999999964,0
-66.91666666666667,-3.7499999999999964,0
-66.75,-3.7499999999999964,0
-66.58333333333333,-3.7499999999999964,0
-66.41666666666667,-3.7499999999999964,0
-66.25,-3.7499999999999964,0
-66.08333333333333,-3.7499999999999964,0
-65.91666666666667,-3.7499999999999964,0
-65.75,-3.7499999999999964,0
-65.58333333333333,-3.7499999999999964,0
-65.41666666666667,-3.7499999999999964,0
-65.25,-3.7499999999999964,0
-65.08333333333333,-3.7499999999999964,0
-64.91666666666667,-3.7499999999999964,0
-64.75,-3.7499999999999964,0
-64.58333333333333,-3.7499999999999964,0
-64.41666666666667,-3.7499999999999964,0
-64.25,-3.7499999999999964,0
-64.08333333333333,-3.7499999999999964,0
-63.91666666666667,-3.7499999999999964,0
-63.75,-3.7499999999999964,0
-63.583333333333336,-3.7499999999999964,0.4
-63.41666666666667,-3.7499999999999964,0
-63.25,-3.7499999999999964,0
-63.083333333333336,-3.7499999999999964,0
-62.91666666666667,-3.7499999999999964,0
-62.75,-3.7499999999999964,0
-62.583333333333336,-3.7499999999999964,0
-62.41666666666667,-3.7499999999999964,0
-62.25,-3.7499999999999964,0
-62.083333333333336,-3.7499999999999964,0
-61.91666666666667,-3.7499999999999964,0
-61.75,-3.7499999999999964,0
-61.583333333333336,-3.7499999999999964,0.2
-61.41666666666667,-3.7499999999999964,0.4
-61.25,-3.7499999999999964,0.2
-61.083333333333336,-3.7499999999999964,0.2
-60.91666666666667,-3.7499999999999964,0.4
-60.75,-3.7499999999999964,0.6
-60.583333333333336,-3.7499999999999964,0.4
-60.41666666666667,-3.7499999999999964,0.8
-60.25,-3.7499999999999964,0.8
-60.083333333333336,-3.7499999999999964,0.8
-59.91666666666667,-3.7499999999999964,0.6
-59.75,-3.7499999999999964,0.8
-59.583333333333336,-3.7499999999999964,0.6
-59.41666666666667,-3.7499999999999964,0.8
-59.25,-3.7499999999999964,0.8
-59.083333333333336,-3.7499999999999964,0.8
-58.91666666666667,-3.7499999999999964,0.8
-58.75,-3.7499999999999964,0.8
-58.583333333333336,-3.7499999999999964,0.6
-58.41666666666667,-3.7499999999999964,0.8
-58.25,-3.7499999999999964,1
-58.083333333333336,-3.7499999999999964,0.8
-57.91666666666667,-3.7499999999999964,1
-57.75,-3.7499999999999964,0.8
-57.583333333333336,-3.7499999999999964,1
-57.41666666666667,-3.7499999999999964,0.8
-57.25,-3.7499999999999964,0.8
-57.083333333333336,-3.7499999999999964,0.8
-56.91666666666667,-3.7499999999999964,0.8
-56.75,-3.7499999999999964,0.8
-56.583333333333336,-3.7499999999999964,0.8
-56.41666666666667,-3.7499999999999964,0.8
-56.25,-3.7499999999999964,0.8
-56.083333333333336,-3.7499999999999964,0.6
-55.91666666666667,-3.7499999999999964,0.4
-55.75,-3.7499999999999964,0.6
-55.583333333333336,-3.7499999999999964,0.8
-55.41666666666667,-3.7499999999999964,0.6
-55.25,-3.7499999999999964,1
-55.083333333333336,-3.7499999999999964,0.4
-54.91666666666667,-3.7499999999999964,0
-54.75,-3.7499999999999964,0
-54.583333333333336,-3.7499999999999964,0
-54.41666666666667,-3.7499999999999964,0.2
-54.25,-3.7499999999999964,0
-54.083333333333336,-3.7499999999999964,0
-53.91666666666667,-3.7499999999999964,0
-53.75,-3.7499999999999964,0.2
-53.583333333333336,-3.7499999999999964,0.2
-53.41666666666667,-3.7499999999999964,0.4
-53.25,-3.7499999999999964,0
-53.083333333333336,-3.7499999999999964,0
-52.91666666666667,-3.7499999999999964,0
-52.75,-3.7499999999999964,0
-52.583333333333336,-3.7499999999999964,0
-52.41666666666667,-3.7499999999999964,0.4
-52.25,-3.7499999999999964,0.6
-52.083333333333336,-3.7499999999999964,1
-51.91666666666667,-3.7499999999999964,1
-51.75,-3.7499999999999964,1
-51.583333333333336,-3.7499999999999964,0.4
-51.41666666666667,-3.7499999999999964,0
-51.25,-3.7499999999999964,0
-51.083333333333336,-3.7499999999999964,0.4
-50.91666666666667,-3.7499999999999964,0.2
-50.75,-3.7499999999999964,0.4
-50.583333333333336,-3.7499999999999964,0.2
-50.41666666666667,-3.7499999999999964,0.6
-50.25,-3.7499999999999964,0.2
-50.083333333333336,-3.7499999999999964,0.6
-49.91666666666667,-3.7499999999999964,0.8
-49.75,-3.7499999999999964,0.2
-49.583333333333336,-3.7499999999999964,0.4
-49.41666666666667,-3.7499999999999964,0.4
-49.25,-3.7499999999999964,0.6
-49.083333333333336,-3.7499999999999964,0.4
-48.91666666666667,-3.7499999999999964,0.6
-48.75,-3.7499999999999964,0.4
-48.583333333333336,-3.7499999999999964,0.4
-48.41666666666667,-3.7499999999999964,0.4
-48.25,-3.7499999999999964,0.4
-48.083333333333336,-3.7499999999999964,0.2
-47.91666666666667,-3.7499999999999964,0
-47.75,-3.7499999999999964,0
-47.583333333333336,-3.7499999999999964,0
-47.41666666666667,-3.7499999999999964,0
-47.25,-3.7499999999999964,0
-47.083333333333336,-3.7499999999999964,0
-46.91666666666667,-3.7499999999999964,0
-46.75,-3.7499999999999964,0
-46.583333333333336,-3.7499999999999964,0
-46.41666666666667,-3.7499999999999964,0
-46.25,-3.7499999999999964,0
-46.083333333333336,-3.7499999999999964,0
-45.91666666666667,-3.7499999999999964,0
-45.75,-3.7499999999999964,0
-45.583333333333336,-3.7499999999999964,0
-45.41666666666667,-3.7499999999999964,0.4
-45.25,-3.7499999999999964,0
-45.083333333333336,-3.7499999999999964,0
-44.91666666666667,-3.7499999999999964,0
-44.75,-3.7499999999999964,0
-69.75,-3.9166666666666643,0
-69.58333333333333,-3.9166666666666643,0
-69.41666666666667,-3.9166666666666643,0
-69.25,-3.9166666666666643,0
-69.08333333333333,-3.9166666666666643,0
-68.91666666666667,-3.9166666666666643,0
-68.75,-3.9166666666666643,0
-68.58333333333333,-3.9166666666666643,0
-68.41666666666667,-3.9166666666666643,0
-68.25,-3.9166666666666643,0
-68.08333333333333,-3.9166666666666643,0
-67.91666666666667,-3.9166666666666643,0
-67.75,-3.9166666666666643,0
-67.58333333333333,-3.9166666666666643,0
-67.41666666666667,-3.9166666666666643,0
-67.25,-3.9166666666666643,0
-67.08333333333333,-3.9166666666666643,0
-66.91666666666667,-3.9166666666666643,0
-66.75,-3.9166666666666643,0
-66.58333333333333,-3.9166666666666643,0
-66.41666666666667,-3.9166666666666643,0
-66.25,-3.9166666666666643,0
-66.08333333333333,-3.9166666666666643,0
-65.91666666666667,-3.9166666666666643,0
-65.75,-3.9166666666666643,0
-65.58333333333333,-3.9166666666666643,0
-65.41666666666667,-3.9166666666666643,0
-65.25,-3.9166666666666643,0
-65.08333333333333,-3.9166666666666643,0
-64.91666666666667,-3.9166666666666643,0
-64.75,-3.9166666666666643,0
-64.58333333333333,-3.9166666666666643,0
-64.41666666666667,-3.9166666666666643,0
-64.25,-3.9166666666666643,0
-64.08333333333333,-3.9166666666666643,0
-63.91666666666667,-3.9166666666666643,0
-63.75,-3.9166666666666643,0
-63.583333333333336,-3.9166666666666643,0
-63.41666666666667,-3.9166666666666643,0
-63.25,-3.9166666666666643,0
-63.083333333333336,-3.9166666666666643,0
-62.91666666666667,-3.9166666666666643,0
-62.75,-3.9166666666666643,0
-62.583333333333336,-3.9166666666666643,0
-62.41666666666667,-3.9166666666666643,0
-62.25,-3.9166666666666643,0
-62.083333333333336,-3.9166666666666643,0
-61.91666666666667,-3.9166666666666643,0.2
-61.75,-3.9166666666666643,0
-61.583333333333336,-3.9166666666666643,0.2
-61.41666666666667,-3.9166666666666643,0.4
-61.25,-3.9166666666666643,0.2
-61.083333333333336,-3.9166666666666643,0
-60.91666666666667,-3.9166666666666643,0
-60.75,-3.9166666666666643,0
-60.583333333333336,-3.9166666666666643,0
-60.41666666666667,-3.9166666666666643,0.2
-60.25,-3.9166666666666643,0.4
-60.083333333333336,-3.9166666666666643,0.4
-59.91666666666667,-3.9166666666666643,0.4
-59.75,-3.9166666666666643,0.4
-59.583333333333336,-3.9166666666666643,0.8
-59.41666666666667,-3.9166666666666643,0.6
-59.25,-3.9166666666666643,0.6
-59.083333333333336,-3.9166666666666643,0.6
-58.91666666666667,-3.9166666666666643,0.6
-58.75,-3.9166666666666643,1
-58.583333333333336,-3.9166666666666643,0.8
-58.41666666666667,-3.9166666666666643,1
-58.25,-3.9166666666666643,0.8
-58.083333333333336,-3.9166666666666643,0.4
-57.91666666666667,-3.9166666666666643,0.8
-57.75,-3.9166666666666643,0.8
-57.583333333333336,-3.9166666666666643,0.8
-57.41666666666667,-3.9166666666666643,0.8
-57.25,-3.9166666666666643,0.8
-57.083333333333336,-3.9166666666666643,0.8
-56.91666666666667,-3.9166666666666643,0.8
-56.75,-3.9166666666666643,0.8
-56.583333333333336,-3.9166666666666643,0.8
-56.41666666666667,-3.9166666666666643,0.8
-56.25,-3.9166666666666643,0.8
-56.083333333333336,-3.9166666666666643,0.6
-55.91666666666667,-3.9166666666666643,0.6
-55.75,-3.9166666666666643,1
-55.583333333333336,-3.9166666666666643,0.8
-55.41666666666667,-3.9166666666666643,0.6
-55.25,-3.9166666666666643,1
-55.083333333333336,-3.9166666666666643,0.6
-54.91666666666667,-3.9166666666666643,0.2
-54.75,-3.9166666666666643,0
-54.583333333333336,-3.9166666666666643,0.2
-54.41666666666667,-3.9166666666666643,0.6
-54.25,-3.9166666666666643,0.6
-54.083333333333336,-3.9166666666666643,0
-53.91666666666667,-3.9166666666666643,0
-53.75,-3.9166666666666643,0.2
-53.583333333333336,-3.9166666666666643,0.2
-53.41666666666667,-3.9166666666666643,0
-53.25,-3.9166666666666643,0
-53.083333333333336,-3.9166666666666643,0
-52.91666666666667,-3.9166666666666643,0
-52.75,-3.9166666666666643,0
-52.583333333333336,-3.9166666666666643,0
-52.41666666666667,-3.9166666666666643,0
-52.25,-3.9166666666666643,0
-52.083333333333336,-3.9166666666666643,0.4
-51.91666666666667,-3.9166666666666643,1
-51.75,-3.9166666666666643,1
-51.583333333333336,-3.9166666666666643,0.4
-51.41666666666667,-3.9166666666666643,0
-51.25,-3.9166666666666643,0.2
-51.083333333333336,-3.9166666666666643,0
-50.91666666666667,-3.9166666666666643,0
-50.75,-3.9166666666666643,0.2
-50.583333333333336,-3.9166666666666643,0.2
-50.41666666666667,-3.9166666666666643,0.2
-50.25,-3.9166666666666643,0.6
-50.083333333333336,-3.9166666666666643,0.2
-49.91666666666667,-3.9166666666666643,0
-49.75,-3.9166666666666643,0.2
-49.583333333333336,-3.9166666666666643,0.2
-49.41666666666667,-3.9166666666666643,0.6
-49.25,-3.9166666666666643,0.4
-49.083333333333336,-3.9166666666666643,0.2
-48.91666666666667,-3.9166666666666643,0.6
-48.75,-3.9166666666666643,0.2
-48.583333333333336,-3.9166666666666643,0.2
-48.41666666666667,-3.9166666666666643,0
-48.25,-3.9166666666666643,0
-48.083333333333336,-3.9166666666666643,0.2
-47.91666666666667,-3.9166666666666643,0
-47.75,-3.9166666666666643,0
-47.583333333333336,-3.9166666666666643,0
-47.41666666666667,-3.9166666666666643,0
-47.25,-3.9166666666666643,0
-47.083333333333336,-3.9166666666666643,0
-46.91666666666667,-3.9166666666666643,0
-46.75,-3.9166666666666643,0
-46.583333333333336,-3.9166666666666643,0
-46.41666666666667,-3.9166666666666643,0
-46.25,-3.9166666666666643,0.2
-46.083333333333336,-3.9166666666666643,0
-45.91666666666667,-3.9166666666666643,0
-45.75,-3.9166666666666643,0
-45.583333333333336,-3.9166666666666643,0
-45.41666666666667,-3.9166666666666643,0
-45.25,-3.9166666666666643,0
-45.083333333333336,-3.9166666666666643,0
-44.91666666666667,-3.9166666666666643,0
-44.75,-3.9166666666666643,0
-69.75,-4.08333333333333,0
-69.58333333333333,-4.08333333333333,0
-69.41666666666667,-4.08333333333333,0
-69.25,-4.08333333333333,0
-69.08333333333333,-4.08333333333333,0
-68.91666666666667,-4.08333333333333,0
-68.75,-4.08333333333333,0
-68.58333333333333,-4.08333333333333,0
-68.41666666666667,-4.08333333333333,0
-68.25,-4.08333333333333,0
-68.08333333333333,-4.08333333333333,0
-67.91666666666667,-4.08333333333333,0
-67.75,-4.08333333333333,0
-67.58333333333333,-4.08333333333333,0
-67.41666666666667,-4.08333333333333,0
-67.25,-4.08333333333333,0
-67.08333333333333,-4.08333333333333,0
-66.91666666666667,-4.08333333333333,0
-66.75,-4.08333333333333,0
-66.58333333333333,-4.08333333333333,0
-66.41666666666667,-4.08333333333333,0
-66.25,-4.08333333333333,0
-66.08333333333333,-4.08333333333333,0
-65.91666666666667,-4.08333333333333,0
-65.75,-4.08333333333333,0
-65.58333333333333,-4.08333333333333,0
-65.41666666666667,-4.08333333333333,0
-65.25,-4.08333333333333,0
-65.08333333333333,-4.08333333333333,0
-64.91666666666667,-4.08333333333333,0
-64.75,-4.08333333333333,0
-64.58333333333333,-4.08333333333333,0
-64.41666666666667,-4.08333333333333,0
-64.25,-4.08333333333333,0
-64.08333333333333,-4.08333333333333,0
-63.91666666666667,-4.08333333333333,0
-63.75,-4.08333333333333,0
-63.583333333333336,-4.08333333333333,0
-63.41666666666667,-4.08333333333333,0
-63.25,-4.08333333333333,0
-63.083333333333336,-4.08333333333333,0
-62.91666666666667,-4.08333333333333,0
-62.75,-4.08333333333333,0
-62.583333333333336,-4.08333333333333,0
-62.41666666666667,-4.08333333333333,0
-62.25,-4.08333333333333,0
-62.083333333333336,-4.08333333333333,0
-61.91666666666667,-4.08333333333333,0.2
-61.75,-4.08333333333333,0.2
-61.583333333333336,-4.08333333333333,0.4
-61.41666666666667,-4.08333333333333,0
-61.25,-4.08333333333333,0
-61.083333333333336,-4.08333333333333,0
-60.91666666666667,-4.08333333333333,0
-60.75,-4.08333333333333,0
-60.583333333333336,-4.08333333333333,0
-60.41666666666667,-4.08333333333333,0
-60.25,-4.08333333333333,0.4
-60.083333333333336,-4.08333333333333,0.2
-59.91666666666667,-4.08333333333333,0
-59.75,-4.08333333333333,0.4
-59.583333333333336,-4.08333333333333,0.2
-59.41666666666667,-4.08333333333333,0.6
-59.25,-4.08333333333333,0.6
-59.083333333333336,-4.08333333333333,0.6
-58.91666666666667,-4.08333333333333,0.8
-58.75,-4.08333333333333,1
-58.583333333333336,-4.08333333333333,1
-58.41666666666667,-4.08333333333333,0.8
-58.25,-4.08333333333333,0.4
-58.083333333333336,-4.08333333333333,0.8
-57.91666666666667,-4.08333333333333,0.6
-57.75,-4.08333333333333,0.8
-57.583333333333336,-4.08333333333333,0.6
-57.41666666666667,-4.08333333333333,0.8
-57.25,-4.08333333333333,0.8
-57.083333333333336,-4.08333333333333,0.8
-56.91666666666667,-4.08333333333333,0.8
-56.75,-4.08333333333333,0.8
-56.583333333333336,-4.08333333333333,0.2
-56.41666666666667,-4.08333333333333,0.6
-56.25,-4.08333333333333,0.8
-56.083333333333336,-4.08333333333333,1
-55.91666666666667,-4.08333333333333,1
-55.75,-4.08333333333333,0.8
-55.583333333333336,-4.08333333333333,0.8
-55.41666666666667,-4.08333333333333,0.8
-55.25,-4.08333333333333,1
-55.083333333333336,-4.08333333333333,1
-54.91666666666667,-4.08333333333333,1
-54.75,-4.08333333333333,0.4
-54.583333333333336,-4.08333333333333,0
-54.41666666666667,-4.08333333333333,0
-54.25,-4.08333333333333,0.2
-54.083333333333336,-4.08333333333333,0
-53.91666666666667,-4.08333333333333,0
-53.75,-4.08333333333333,0
-53.583333333333336,-4.08333333333333,0
-53.41666666666667,-4.08333333333333,0
-53.25,-4.08333333333333,0
-53.083333333333336,-4.08333333333333,0.2
-52.91666666666667,-4.08333333333333,0
-52.75,-4.08333333333333,0
-52.583333333333336,-4.08333333333333,0
-52.41666666666667,-4.08333333333333,0
-52.25,-4.08333333333333,0
-52.083333333333336,-4.08333333333333,0
-51.91666666666667,-4.08333333333333,0.4
-51.75,-4.08333333333333,0.4
-51.583333333333336,-4.08333333333333,0.2
-51.41666666666667,-4.08333333333333,0
-51.25,-4.08333333333333,0
-51.083333333333336,-4.08333333333333,0
-50.91666666666667,-4.08333333333333,0
-50.75,-4.08333333333333,0
-50.583333333333336,-4.08333333333333,0
-50.41666666666667,-4.08333333333333,0.2
-50.25,-4.08333333333333,0.2
-50.083333333333336,-4.08333333333333,0.4
-49.91666666666667,-4.08333333333333,0
-49.75,-4.08333333333333,0.2
-49.583333333333336,-4.08333333333333,0.2
-49.41666666666667,-4.08333333333333,0.2
-49.25,-4.08333333333333,0.2
-49.083333333333336,-4.08333333333333,0.2
-48.91666666666667,-4.08333333333333,0.2
-48.75,-4.08333333333333,0
-48.583333333333336,-4.08333333333333,0
-48.41666666666667,-4.08333333333333,0
-48.25,-4.08333333333333,0
-48.083333333333336,-4.08333333333333,0
-47.91666666666667,-4.08333333333333,0
-47.75,-4.08333333333333,0
-47.583333333333336,-4.08333333333333,0
-47.41666666666667,-4.08333333333333,0
-47.25,-4.08333333333333,0
-47.083333333333336,-4.08333333333333,0
-46.91666666666667,-4.08333333333333,0
-46.75,-4.08333333333333,0
-46.583333333333336,-4.08333333333333,0
-46.41666666666667,-4.08333333333333,0
-46.25,-4.08333333333333,0
-46.083333333333336,-4.08333333333333,0
-45.91666666666667,-4.08333333333333,0
-45.75,-4.08333333333333,0
-45.583333333333336,-4.08333333333333,0
-45.41666666666667,-4.08333333333333,0
-45.25,-4.08333333333333,0
-45.083333333333336,-4.08333333333333,0
-44.91666666666667,-4.08333333333333,0
-70.58333333333333,-4.2499999999999964,0
-70.41666666666667,-4.2499999999999964,0
-69.75,-4.2499999999999964,0
-69.58333333333333,-4.2499999999999964,0
-69.41666666666667,-4.2499999999999964,0
-69.25,-4.2499999999999964,0
-69.08333333333333,-4.2499999999999964,0
-68.91666666666667,-4.2499999999999964,0
-68.75,-4.2499999999999964,0
-68.58333333333333,-4.2499999999999964,0
-68.41666666666667,-4.2499999999999964,0
-68.25,-4.2499999999999964,0
-68.08333333333333,-4.2499999999999964,0
-67.91666666666667,-4.2499999999999964,0
-67.75,-4.2499999999999964,0
-67.58333333333333,-4.2499999999999964,0
-67.41666666666667,-4.2499999999999964,0
-67.25,-4.2499999999999964,0
-67.08333333333333,-4.2499999999999964,0
-66.91666666666667,-4.2499999999999964,0
-66.75,-4.2499999999999964,0
-66.58333333333333,-4.2499999999999964,0
-66.41666666666667,-4.2499999999999964,0
-66.25,-4.2499999999999964,0
-66.08333333333333,-4.2499999999999964,0
-65.91666666666667,-4.2499999999999964,0
-65.75,-4.2499999999999964,0
-65.58333333333333,-4.2499999999999964,0
-65.41666666666667,-4.2499999999999964,0
-65.25,-4.2499999999999964,0
-65.08333333333333,-4.2499999999999964,0
-64.91666666666667,-4.2499999999999964,0
-64.75,-4.2499999999999964,0
-64.58333333333333,-4.2499999999999964,0
-64.41666666666667,-4.2499999999999964,0
-64.25,-4.2499999999999964,0
-64.08333333333333,-4.2499999999999964,0
-63.91666666666667,-4.2499999999999964,0
-63.75,-4.2499999999999964,0
-63.583333333333336,-4.2499999999999964,0
-63.41666666666667,-4.2499999999999964,0
-63.25,-4.2499999999999964,0
-63.083333333333336,-4.2499999999999964,0
-62.91666666666667,-4.2499999999999964,0
-62.75,-4.2499999999999964,0
-62.583333333333336,-4.2499999999999964,0
-62.41666666666667,-4.2499999999999964,0
-62.25,-4.2499999999999964,0
-62.083333333333336,-4.2499999999999964,0.2
-61.91666666666667,-4.2499999999999964,0.2
-61.75,-4.2499999999999964,0.4
-61.583333333333336,-4.2499999999999964,0
-61.41666666666667,-4.2499999999999964,0
-61.25,-4.2499999999999964,0
-61.083333333333336,-4.2499999999999964,0
-60.91666666666667,-4.2499999999999964,0
-60.75,-4.2499999999999964,0
-60.583333333333336,-4.2499999999999964,0
-60.41666666666667,-4.2499999999999964,0
-60.25,-4.2499999999999964,0
-60.083333333333336,-4.2499999999999964,0
-59.91666666666667,-4.2499999999999964,0
-59.75,-4.2499999999999964,0.2
-59.583333333333336,-4.2499999999999964,0
-59.41666666666667,-4.2499999999999964,0.6
-59.25,-4.2499999999999964,0.6
-59.083333333333336,-4.2499999999999964,0.6
-58.91666666666667,-4.2499999999999964,0.6
-58.75,-4.2499999999999964,1
-58.583333333333336,-4.2499999999999964,0.8
-58.41666666666667,-4.2499999999999964,1
-58.25,-4.2499999999999964,1
-58.083333333333336,-4.2499999999999964,0.6
-57.91666666666667,-4.2499999999999964,0.8
-57.75,-4.2499999999999964,0.6
-57.583333333333336,-4.2499999999999964,0.8
-57.41666666666667,-4.2499999999999964,0.8
-57.25,-4.2499999999999964,0.6
-57.083333333333336,-4.2499999999999964,1
-56.91666666666667,-4.2499999999999964,0.8
-56.75,-4.2499999999999964,0.8
-56.583333333333336,-4.2499999999999964,0.6
-56.41666666666667,-4.2499999999999964,0.8
-56.25,-4.2499999999999964,0.8
-56.083333333333336,-4.2499999999999964,1
-55.91666666666667,-4.2499999999999964,1
-55.75,-4.2499999999999964,1
-55.583333333333336,-4.2499999999999964,1
-55.41666666666667,-4.2499999999999964,1
-55.25,-4.2499999999999964,0.8
-55.083333333333336,-4.2499999999999964,0.4
-54.91666666666667,-4.2499999999999964,0.2
-54.75,-4.2499999999999964,0
-54.583333333333336,-4.2499999999999964,0
-54.41666666666667,-4.2499999999999964,0
-54.25,-4.2499999999999964,0
-54.083333333333336,-4.2499999999999964,0
-53.91666666666667,-4.2499999999999964,0
-53.75,-4.2499999999999964,0
-53.583333333333336,-4.2499999999999964,0
-53.41666666666667,-4.2499999999999964,0
-53.25,-4.2499999999999964,0
-53.083333333333336,-4.2499999999999964,0
-52.91666666666667,-4.2499999999999964,0
-52.75,-4.2499999999999964,0
-52.583333333333336,-4.2499999999999964,0
-52.41666666666667,-4.2499999999999964,0
-52.25,-4.2499999999999964,0
-52.083333333333336,-4.2499999999999964,0
-51.91666666666667,-4.2499999999999964,0
-51.75,-4.2499999999999964,0
-51.583333333333336,-4.2499999999999964,0
-51.41666666666667,-4.2499999999999964,0
-51.25,-4.2499999999999964,0
-51.083333333333336,-4.2499999999999964,0
-50.91666666666667,-4.2499999999999964,0
-50.75,-4.2499999999999964,0
-50.583333333333336,-4.2499999999999964,0
-50.41666666666667,-4.2499999999999964,0
-50.25,-4.2499999999999964,0
-50.083333333333336,-4.2499999999999964,0.2
-49.91666666666667,-4.2499999999999964,0
-49.75,-4.2499999999999964,0
-49.583333333333336,-4.2499999999999964,0
-49.41666666666667,-4.2499999999999964,0.2
-49.25,-4.2499999999999964,0.2
-49.083333333333336,-4.2499999999999964,0.2
-48.91666666666667,-4.2499999999999964,0
-48.75,-4.2499999999999964,0
-48.583333333333336,-4.2499999999999964,0
-48.41666666666667,-4.2499999999999964,0
-48.25,-4.2499999999999964,0
-48.083333333333336,-4.2499999999999964,0
-47.91666666666667,-4.2499999999999964,0
-47.75,-4.2499999999999964,0
-47.583333333333336,-4.2499999999999964,0
-47.41666666666667,-4.2499999999999964,0
-47.25,-4.2499999999999964,0
-47.083333333333336,-4.2499999999999964,0
-46.91666666666667,-4.2499999999999964,0
-46.75,-4.2499999999999964,0
-46.583333333333336,-4.2499999999999964,0
-46.41666666666667,-4.2499999999999964,0
-46.25,-4.2499999999999964,0
-46.083333333333336,-4.2499999999999964,0
-45.91666666666667,-4.2499999999999964,0
-45.75,-4.2499999999999964,0.4
-45.583333333333336,-4.2499999999999964,0
-45.41666666666667,-4.2499999999999964,0
-45.25,-4.2499999999999964,0
-45.083333333333336,-4.2499999999999964,0
-44.91666666666667,-4.2499999999999964,0
-70.75,-4.416666666666664,0
-70.58333333333333,-4.416666666666664,0
-70.41666666666667,-4.416666666666664,0
-70.25,-4.416666666666664,0
-70.08333333333333,-4.416666666666664,0
-69.91666666666667,-4.416666666666664,0
-69.75,-4.416666666666664,0
-69.58333333333333,-4.416666666666664,0
-69.41666666666667,-4.416666666666664,0
-69.25,-4.416666666666664,0
-69.08333333333333,-4.416666666666664,0
-68.91666666666667,-4.416666666666664,0
-68.75,-4.416666666666664,0
-68.58333333333333,-4.416666666666664,0
-68.41666666666667,-4.416666666666664,0
-68.25,-4.416666666666664,0
-68.08333333333333,-4.416666666666664,0
-67.91666666666667,-4.416666666666664,0
-67.75,-4.416666666666664,0
-67.58333333333333,-4.416666666666664,0
-67.41666666666667,-4.416666666666664,0
-67.25,-4.416666666666664,0
-67.08333333333333,-4.416666666666664,0
-66.91666666666667,-4.416666666666664,0
-66.75,-4.416666666666664,0
-66.58333333333333,-4.416666666666664,0
-66.41666666666667,-4.416666666666664,0
-66.25,-4.416666666666664,0
-66.08333333333333,-4.416666666666664,0
-65.91666666666667,-4.416666666666664,0
-65.75,-4.416666666666664,0
-65.58333333333333,-4.416666666666664,0
-65.41666666666667,-4.416666666666664,0
-65.25,-4.416666666666664,0
-65.08333333333333,-4.416666666666664,0
-64.91666666666667,-4.416666666666664,0
-64.75,-4.416666666666664,0
-64.58333333333333,-4.416666666666664,0
-64.41666666666667,-4.416666666666664,0
-64.25,-4.416666666666664,0
-64.08333333333333,-4.416666666666664,0
-63.91666666666667,-4.416666666666664,0
-63.75,-4.416666666666664,0
-63.583333333333336,-4.416666666666664,0
-63.41666666666667,-4.416666666666664,0
-63.25,-4.416666666666664,0
-63.083333333333336,-4.416666666666664,0
-62.91666666666667,-4.416666666666664,0
-62.75,-4.416666666666664,0
-62.583333333333336,-4.416666666666664,0
-62.41666666666667,-4.416666666666664,0
-62.25,-4.416666666666664,0
-62.083333333333336,-4.416666666666664,0.2
-61.91666666666667,-4.416666666666664,0.4
-61.75,-4.416666666666664,0
-61.583333333333336,-4.416666666666664,0
-61.41666666666667,-4.416666666666664,0
-61.25,-4.416666666666664,0
-61.083333333333336,-4.416666666666664,0
-60.91666666666667,-4.416666666666664,0
-60.75,-4.416666666666664,0
-60.583333333333336,-4.416666666666664,0
-60.41666666666667,-4.416666666666664,0
-60.25,-4.416666666666664,0
-60.083333333333336,-4.416666666666664,0
-59.91666666666667,-4.416666666666664,0
-59.75,-4.416666666666664,0
-59.583333333333336,-4.416666666666664,0
-59.41666666666667,-4.416666666666664,0
-59.25,-4.416666666666664,0.2
-59.083333333333336,-4.416666666666664,0.6
-58.91666666666667,-4.416666666666664,0.8
-58.75,-4.416666666666664,0.8
-58.583333333333336,-4.416666666666664,1
-58.41666666666667,-4.416666666666664,1
-58.25,-4.416666666666664,1
-58.083333333333336,-4.416666666666664,1
-57.91666666666667,-4.416666666666664,1
-57.75,-4.416666666666664,0.8
-57.583333333333336,-4.416666666666664,0.6
-57.41666666666667,-4.416666666666664,0.8
-57.25,-4.416666666666664,0.8
-57.083333333333336,-4.416666666666664,1
-56.91666666666667,-4.416666666666664,0.8
-56.75,-4.416666666666664,0.8
-56.583333333333336,-4.416666666666664,0.8
-56.41666666666667,-4.416666666666664,0.8
-56.25,-4.416666666666664,0.6
-56.083333333333336,-4.416666666666664,1
-55.91666666666667,-4.416666666666664,0.8
-55.75,-4.416666666666664,1
-55.583333333333336,-4.416666666666664,0.6
-55.41666666666667,-4.416666666666664,0.4
-55.25,-4.416666666666664,0
-55.083333333333336,-4.416666666666664,0
-54.91666666666667,-4.416666666666664,0
-54.75,-4.416666666666664,0
-54.583333333333336,-4.416666666666664,0
-54.41666666666667,-4.416666666666664,0
-54.25,-4.416666666666664,0
-54.083333333333336,-4.416666666666664,0
-53.91666666666667,-4.416666666666664,0
-53.75,-4.416666666666664,0
-53.583333333333336,-4.416666666666664,0
-53.41666666666667,-4.416666666666664,0
-53.25,-4.416666666666664,0
-53.083333333333336,-4.416666666666664,0
-52.91666666666667,-4.416666666666664,0
-52.75,-4.416666666666664,0
-52.583333333333336,-4.416666666666664,0
-52.41666666666667,-4.416666666666664,0
-52.25,-4.416666666666664,0
-52.083333333333336,-4.416666666666664,0
-51.91666666666667,-4.416666666666664,0
-51.75,-4.416666666666664,0
-51.583333333333336,-4.416666666666664,0
-51.41666666666667,-4.416666666666664,0
-51.25,-4.416666666666664,0
-51.083333333333336,-4.416666666666664,0
-50.91666666666667,-4.416666666666664,0
-50.75,-4.416666666666664,0
-50.583333333333336,-4.416666666666664,0
-50.41666666666667,-4.416666666666664,0
-50.25,-4.416666666666664,0
-50.083333333333336,-4.416666666666664,0.2
-49.91666666666667,-4.416666666666664,0
-49.75,-4.416666666666664,0
-49.583333333333336,-4.416666666666664,0
-49.41666666666667,-4.416666666666664,0
-49.25,-4.416666666666664,0
-49.083333333333336,-4.416666666666664,0
-48.91666666666667,-4.416666666666664,0
-48.75,-4.416666666666664,0
-48.583333333333336,-4.416666666666664,0
-48.41666666666667,-4.416666666666664,0
-48.25,-4.416666666666664,0
-48.083333333333336,-4.416666666666664,0
-47.91666666666667,-4.416666666666664,0
-47.75,-4.416666666666664,0
-47.583333333333336,-4.416666666666664,0
-47.41666666666667,-4.416666666666664,0
-47.25,-4.416666666666664,0
-47.083333333333336,-4.416666666666664,0
-46.91666666666667,-4.416666666666664,0
-46.75,-4.416666666666664,0
-46.583333333333336,-4.416666666666664,0
-46.41666666666667,-4.416666666666664,0
-46.25,-4.416666666666664,0
-46.083333333333336,-4.416666666666664,0
-45.91666666666667,-4.416666666666664,0
-45.75,-4.416666666666664,0
-45.583333333333336,-4.416666666666664,0
-45.41666666666667,-4.416666666666664,0.2
-45.25,-4.416666666666664,0
-45.083333333333336,-4.416666666666664,0
-71.75,-4.58333333333333,0
-71.58333333333333,-4.58333333333333,0
-71.41666666666667,-4.58333333333333,0
-71.25,-4.58333333333333,0
-71.08333333333333,-4.58333333333333,0
-70.91666666666667,-4.58333333333333,0
-70.75,-4.58333333333333,0
-70.58333333333333,-4.58333333333333,0
-70.41666666666667,-4.58333333333333,0
-70.25,-4.58333333333333,0
-70.08333333333333,-4.58333333333333,0
-69.91666666666667,-4.58333333333333,0
-69.75,-4.58333333333333,0
-69.58333333333333,-4.58333333333333,0
-69.41666666666667,-4.58333333333333,0
-69.25,-4.58333333333333,0
-69.08333333333333,-4.58333333333333,0
-68.91666666666667,-4.58333333333333,0
-68.75,-4.58333333333333,0
-68.58333333333333,-4.58333333333333,0
-68.41666666666667,-4.58333333333333,0
-68.25,-4.58333333333333,0
-68.08333333333333,-4.58333333333333,0
-67.91666666666667,-4.58333333333333,0
-67.75,-4.58333333333333,0
-67.58333333333333,-4.58333333333333,0
-67.41666666666667,-4.58333333333333,0
-67.25,-4.58333333333333,0
-67.08333333333333,-4.58333333333333,0
-66.91666666666667,-4.58333333333333,0
-66.75,-4.58333333333333,0
-66.58333333333333,-4.58333333333333,0
-66.41666666666667,-4.58333333333333,0
-66.25,-4.58333333333333,0
-66.08333333333333,-4.58333333333333,0
-65.91666666666667,-4.58333333333333,0
-65.75,-4.58333333333333,0
-65.58333333333333,-4.58333333333333,0
-65.41666666666667,-4.58333333333333,0
-65.25,-4.58333333333333,0
-65.08333333333333,-4.58333333333333,0.2
-64.91666666666667,-4.58333333333333,0
-64.75,-4.58333333333333,0
-64.58333333333333,-4.58333333333333,0
-64.41666666666667,-4.58333333333333,0
-64.25,-4.58333333333333,0
-64.08333333333333,-4.58333333333333,0
-63.91666666666667,-4.58333333333333,0
-63.75,-4.58333333333333,0
-63.583333333333336,-4.58333333333333,0
-63.41666666666667,-4.58333333333333,0
-63.25,-4.58333333333333,0
-63.083333333333336,-4.58333333333333,0
-62.91666666666667,-4.58333333333333,0
-62.75,-4.58333333333333,0
-62.583333333333336,-4.58333333333333,0
-62.41666666666667,-4.58333333333333,0
-62.25,-4.58333333333333,0
-62.083333333333336,-4.58333333333333,0.4
-61.91666666666667,-4.58333333333333,0
-61.75,-4.58333333333333,0
-61.583333333333336,-4.58333333333333,0
-61.41666666666667,-4.58333333333333,0
-61.25,-4.58333333333333,0
-61.083333333333336,-4.58333333333333,0
-60.91666666666667,-4.58333333333333,0
-60.75,-4.58333333333333,0
-60.583333333333336,-4.58333333333333,0
-60.41666666666667,-4.58333333333333,0
-60.25,-4.58333333333333,0
-60.083333333333336,-4.58333333333333,0
-59.91666666666667,-4.58333333333333,0.4
-59.75,-4.58333333333333,0
-59.583333333333336,-4.58333333333333,0.2
-59.41666666666667,-4.58333333333333,0
-59.25,-4.58333333333333,0.2
-59.083333333333336,-4.58333333333333,0.2
-58.91666666666667,-4.58333333333333,0.2
-58.75,-4.58333333333333,0.8
-58.583333333333336,-4.58333333333333,1
-58.41666666666667,-4.58333333333333,1
-58.25,-4.58333333333333,1
-58.083333333333336,-4.58333333333333,1
-57.91666666666667,-4.58333333333333,0.8
-57.75,-4.58333333333333,0.8
-57.583333333333336,-4.58333333333333,0.8
-57.41666666666667,-4.58333333333333,0.8
-57.25,-4.58333333333333,0.8
-57.083333333333336,-4.58333333333333,0.6
-56.91666666666667,-4.58333333333333,0.4
-56.75,-4.58333333333333,0.4
-56.583333333333336,-4.58333333333333,0.8
-56.41666666666667,-4.58333333333333,0.8
-56.25,-4.58333333333333,1
-56.083333333333336,-4.58333333333333,0.8
-55.91666666666667,-4.58333333333333,0.8
-55.75,-4.58333333333333,0.6
-55.583333333333336,-4.58333333333333,0
-55.41666666666667,-4.58333333333333,0
-55.25,-4.58333333333333,0
-55.083333333333336,-4.58333333333333,0
-54.91666666666667,-4.58333333333333,0
-54.75,-4.58333333333333,0
-54.583333333333336,-4.58333333333333,0
-54.41666666666667,-4.58333333333333,0
-54.25,-4.58333333333333,0
-54.083333333333336,-4.58333333333333,0
-53.91666666666667,-4.58333333333333,0
-53.75,-4.58333333333333,0
-53.583333333333336,-4.58333333333333,0
-53.41666666666667,-4.58333333333333,0
-53.25,-4.58333333333333,0
-53.083333333333336,-4.58333333333333,0
-52.91666666666667,-4.58333333333333,0
-52.75,-4.58333333333333,0
-52.583333333333336,-4.58333333333333,0
-52.41666666666667,-4.58333333333333,0
-52.25,-4.58333333333333,0
-52.083333333333336,-4.58333333333333,0
-51.91666666666667,-4.58333333333333,0
-51.75,-4.58333333333333,0
-51.583333333333336,-4.58333333333333,0
-51.41666666666667,-4.58333333333333,0
-51.25,-4.58333333333333,0
-51.083333333333336,-4.58333333333333,0
-50.91666666666667,-4.58333333333333,0
-50.75,-4.58333333333333,0
-50.583333333333336,-4.58333333333333,0
-50.41666666666667,-4.58333333333333,0
-50.25,-4.58333333333333,0
-50.083333333333336,-4.58333333333333,0
-49.91666666666667,-4.58333333333333,0
-49.75,-4.58333333333333,0.2
-49.583333333333336,-4.58333333333333,0
-49.41666666666667,-4.58333333333333,0
-49.25,-4.58333333333333,0
-49.083333333333336,-4.58333333333333,0
-48.91666666666667,-4.58333333333333,0
-48.75,-4.58333333333333,0
-48.583333333333336,-4.58333333333333,0
-48.41666666666667,-4.58333333333333,0
-48.25,-4.58333333333333,0
-48.083333333333336,-4.58333333333333,0
-47.91666666666667,-4.58333333333333,0
-47.75,-4.58333333333333,0
-47.583333333333336,-4.58333333333333,0
-47.41666666666667,-4.58333333333333,0
-47.25,-4.58333333333333,0
-47.083333333333336,-4.58333333333333,0
-46.91666666666667,-4.58333333333333,0
-46.75,-4.58333333333333,0
-46.583333333333336,-4.58333333333333,0
-46.41666666666667,-4.58333333333333,0
-46.25,-4.58333333333333,0
-46.083333333333336,-4.58333333333333,0
-45.91666666666667,-4.58333333333333,0
-45.75,-4.58333333333333,0
-45.583333333333336,-4.58333333333333,0
-45.41666666666667,-4.58333333333333,0
-45.25,-4.58333333333333,0
-71.91666666666667,-4.7499999999999964,0
-71.75,-4.7499999999999964,0
-71.58333333333333,-4.7499999999999964,0
-71.41666666666667,-4.7499999999999964,0
-71.25,-4.7499999999999964,0
-71.08333333333333,-4.7499999999999964,0
-70.91666666666667,-4.7499999999999964,0
-70.75,-4.7499999999999964,0
-70.58333333333333,-4.7499999999999964,0
-70.41666666666667,-4.7499999999999964,0
-70.25,-4.7499999999999964,0
-70.08333333333333,-4.7499999999999964,0
-69.91666666666667,-4.7499999999999964,0
-69.75,-4.7499999999999964,0
-69.58333333333333,-4.7499999999999964,0
-69.41666666666667,-4.7499999999999964,0
-69.25,-4.7499999999999964,0
-69.08333333333333,-4.7499999999999964,0
-68.91666666666667,-4.7499999999999964,0
-68.75,-4.7499999999999964,0
-68.58333333333333,-4.7499999999999964,0
-68.41666666666667,-4.7499999999999964,0
-68.25,-4.7499999999999964,0
-68.08333333333333,-4.7499999999999964,0
-67.91666666666667,-4.7499999999999964,0
-67.75,-4.7499999999999964,0
-67.58333333333333,-4.7499999999999964,0
-67.41666666666667,-4.7499999999999964,0
-67.25,-4.7499999999999964,0
-67.08333333333333,-4.7499999999999964,0
-66.91666666666667,-4.7499999999999964,0
-66.75,-4.7499999999999964,0
-66.58333333333333,-4.7499999999999964,0
-66.41666666666667,-4.7499999999999964,0
-66.25,-4.7499999999999964,0
-66.08333333333333,-4.7499999999999964,0
-65.91666666666667,-4.7499999999999964,0
-65.75,-4.7499999999999964,0
-65.58333333333333,-4.7499999999999964,0
-65.41666666666667,-4.7499999999999964,0.4
-65.25,-4.7499999999999964,0
-65.08333333333333,-4.7499999999999964,0
-64.91666666666667,-4.7499999999999964,0
-64.75,-4.7499999999999964,0
-64.58333333333333,-4.7499999999999964,0
-64.41666666666667,-4.7499999999999964,0
-64.25,-4.7499999999999964,0
-64.08333333333333,-4.7499999999999964,0
-63.91666666666667,-4.7499999999999964,0
-63.75,-4.7499999999999964,0
-63.583333333333336,-4.7499999999999964,0
-63.41666666666667,-4.7499999999999964,0
-63.25,-4.7499999999999964,0
-63.083333333333336,-4.7499999999999964,0
-62.91666666666667,-4.7499999999999964,0
-62.75,-4.7499999999999964,0
-62.583333333333336,-4.7499999999999964,0
-62.41666666666667,-4.7499999999999964,0.2
-62.25,-4.7499999999999964,0.2
-62.083333333333336,-4.7499999999999964,0
-61.91666666666667,-4.7499999999999964,0
-61.75,-4.7499999999999964,0
-61.583333333333336,-4.7499999999999964,0
-61.41666666666667,-4.7499999999999964,0
-61.25,-4.7499999999999964,0
-61.083333333333336,-4.7499999999999964,0
-60.91666666666667,-4.7499999999999964,0
-60.75,-4.7499999999999964,0
-60.583333333333336,-4.7499999999999964,0
-60.41666666666667,-4.7499999999999964,0
-60.25,-4.7499999999999964,0
-60.083333333333336,-4.7499999999999964,0
-59.91666666666667,-4.7499999999999964,0.4
-59.75,-4.7499999999999964,0
-59.583333333333336,-4.7499999999999964,0
-59.41666666666667,-4.7499999999999964,0
-59.25,-4.7499999999999964,0.2
-59.083333333333336,-4.7499999999999964,0.2
-58.91666666666667,-4.7499999999999964,0.2
-58.75,-4.7499999999999964,0.4
-58.583333333333336,-4.7499999999999964,0.4
-58.41666666666667,-4.7499999999999964,0.4
-58.25,-4.7499999999999964,0.8
-58.083333333333336,-4.7499999999999964,1
-57.91666666666667,-4.7499999999999964,0.6
-57.75,-4.7499999999999964,1
-57.583333333333336,-4.7499999999999964,1
-57.41666666666667,-4.7499999999999964,1
-57.25,-4.7499999999999964,0.8
-57.083333333333336,-4.7499999999999964,0.2
-56.91666666666667,-4.7499999999999964,0.6
-56.75,-4.7499999999999964,0.6
-56.583333333333336,-4.7499999999999964,0.8
-56.41666666666667,-4.7499999999999964,1
-56.25,-4.7499999999999964,0.8
-56.083333333333336,-4.7499999999999964,0.2
-55.91666666666667,-4.7499999999999964,0.6
-55.75,-4.7499999999999964,0.6
-55.583333333333336,-4.7499999999999964,0
-55.41666666666667,-4.7499999999999964,0
-55.25,-4.7499999999999964,0
-55.083333333333336,-4.7499999999999964,0
-54.91666666666667,-4.7499999999999964,0
-54.75,-4.7499999999999964,0
-54.583333333333336,-4.7499999999999964,0
-54.41666666666667,-4.7499999999999964,0
-54.25,-4.7499999999999964,0
-54.083333333333336,-4.7499999999999964,0
-53.91666666666667,-4.7499999999999964,0
-53.75,-4.7499999999999964,0
-53.583333333333336,-4.7499999999999964,0
-53.41666666666667,-4.7499999999999964,0
-53.25,-4.7499999999999964,0
-53.083333333333336,-4.7499999999999964,0
-52.91666666666667,-4.7499999999999964,0
-52.75,-4.7499999999999964,0
-52.583333333333336,-4.7499999999999964,0
-52.41666666666667,-4.7499999999999964,0
-52.25,-4.7499999999999964,0
-52.083333333333336,-4.7499999999999964,0
-51.91666666666667,-4.7499999999999964,0
-51.75,-4.7499999999999964,0
-51.583333333333336,-4.7499999999999964,0
-51.41666666666667,-4.7499999999999964,0
-51.25,-4.7499999999999964,0
-51.083333333333336,-4.7499999999999964,0
-50.91666666666667,-4.7499999999999964,0
-50.75,-4.7499999999999964,0
-50.583333333333336,-4.7499999999999964,0
-50.41666666666667,-4.7499999999999964,0
-50.25,-4.7499999999999964,0
-50.083333333333336,-4.7499999999999964,0
-49.91666666666667,-4.7499999999999964,0
-49.75,-4.7499999999999964,0
-49.583333333333336,-4.7499999999999964,0
-49.41666666666667,-4.7499999999999964,0
-49.25,-4.7499999999999964,0
-49.083333333333336,-4.7499999999999964,0
-48.91666666666667,-4.7499999999999964,0
-48.75,-4.7499999999999964,0
-48.583333333333336,-4.7499999999999964,0
-48.41666666666667,-4.7499999999999964,0
-48.25,-4.7499999999999964,0
-48.083333333333336,-4.7499999999999964,0
-47.91666666666667,-4.7499999999999964,0
-47.75,-4.7499999999999964,0
-47.583333333333336,-4.7499999999999964,0
-47.41666666666667,-4.7499999999999964,0
-47.25,-4.7499999999999964,0
-47.083333333333336,-4.7499999999999964,0
-46.91666666666667,-4.7499999999999964,0
-46.75,-4.7499999999999964,0
-46.583333333333336,-4.7499999999999964,0
-46.41666666666667,-4.7499999999999964,0
-46.25,-4.7499999999999964,0
-46.083333333333336,-4.7499999999999964,0
-45.91666666666667,-4.7499999999999964,0
-45.75,-4.7499999999999964,0
-72.25,-4.916666666666664,0
-72.08333333333333,-4.916666666666664,0
-71.91666666666667,-4.916666666666664,0
-71.75,-4.916666666666664,0
-71.58333333333333,-4.916666666666664,0
-71.41666666666667,-4.916666666666664,0
-71.25,-4.916666666666664,0
-71.08333333333333,-4.916666666666664,0
-70.91666666666667,-4.916666666666664,0
-70.75,-4.916666666666664,0
-70.58333333333333,-4.916666666666664,0
-70.41666666666667,-4.916666666666664,0
-70.25,-4.916666666666664,0
-70.08333333333333,-4.916666666666664,0
-69.91666666666667,-4.916666666666664,0
-69.75,-4.916666666666664,0
-69.58333333333333,-4.916666666666664,0
-69.41666666666667,-4.916666666666664,0
-69.25,-4.916666666666664,0
-69.08333333333333,-4.916666666666664,0
-68.91666666666667,-4.916666666666664,0
-68.75,-4.916666666666664,0
-68.58333333333333,-4.916666666666664,0
-68.41666666666667,-4.916666666666664,0
-68.25,-4.916666666666664,0
-68.08333333333333,-4.916666666666664,0
-67.91666666666667,-4.916666666666664,0
-67.75,-4.916666666666664,0
-67.58333333333333,-4.916666666666664,0
-67.41666666666667,-4.916666666666664,0
-67.25,-4.916666666666664,0
-67.08333333333333,-4.916666666666664,0
-66.91666666666667,-4.916666666666664,0
-66.75,-4.916666666666664,0
-66.58333333333333,-4.916666666666664,0
-66.41666666666667,-4.916666666666664,0
-66.25,-4.916666666666664,0
-66.08333333333333,-4.916666666666664,0
-65.91666666666667,-4.916666666666664,0
-65.75,-4.916666666666664,0
-65.58333333333333,-4.916666666666664,0
-65.41666666666667,-4.916666666666664,0.4
-65.25,-4.916666666666664,0.4
-65.08333333333333,-4.916666666666664,0.4
-64.91666666666667,-4.916666666666664,0.2
-64.75,-4.916666666666664,0
-64.58333333333333,-4.916666666666664,0
-64.41666666666667,-4.916666666666664,0
-64.25,-4.916666666666664,0
-64.08333333333333,-4.916666666666664,0
-63.91666666666667,-4.916666666666664,0
-63.75,-4.916666666666664,0
-63.583333333333336,-4.916666666666664,0
-63.41666666666667,-4.916666666666664,0
-63.25,-4.916666666666664,0
-63.083333333333336,-4.916666666666664,0
-62.91666666666667,-4.916666666666664,0
-62.75,-4.916666666666664,0.2
-62.583333333333336,-4.916666666666664,0
-62.41666666666667,-4.916666666666664,0
-62.25,-4.916666666666664,0
-62.083333333333336,-4.916666666666664,0
-61.91666666666667,-4.916666666666664,0
-61.75,-4.916666666666664,0
-61.583333333333336,-4.916666666666664,0
-61.41666666666667,-4.916666666666664,0
-61.25,-4.916666666666664,0
-61.083333333333336,-4.916666666666664,0
-60.91666666666667,-4.916666666666664,0
-60.75,-4.916666666666664,0
-60.583333333333336,-4.916666666666664,0
-60.41666666666667,-4.916666666666664,0
-60.25,-4.916666666666664,0
-60.083333333333336,-4.916666666666664,0
-59.91666666666667,-4.916666666666664,0
-59.75,-4.916666666666664,0
-59.583333333333336,-4.916666666666664,0
-59.41666666666667,-4.916666666666664,0
-59.25,-4.916666666666664,0.2
-59.083333333333336,-4.916666666666664,0.2
-58.91666666666667,-4.916666666666664,0.2
-58.75,-4.916666666666664,0.2
-58.583333333333336,-4.916666666666664,0
-58.41666666666667,-4.916666666666664,0.2
-58.25,-4.916666666666664,0.6
-58.083333333333336,-4.916666666666664,0.6
-57.91666666666667,-4.916666666666664,0.8
-57.75,-4.916666666666664,0.8
-57.583333333333336,-4.916666666666664,0.8
-57.41666666666667,-4.916666666666664,1
-57.25,-4.916666666666664,0.4
-57.083333333333336,-4.916666666666664,0.2
-56.91666666666667,-4.916666666666664,0.8
-56.75,-4.916666666666664,0.4
-56.583333333333336,-4.916666666666664,0.4
-56.41666666666667,-4.916666666666664,0.8
-56.25,-4.916666666666664,0.6
-56.083333333333336,-4.916666666666664,0.8
-55.91666666666667,-4.916666666666664,0
-55.75,-4.916666666666664,0
-55.583333333333336,-4.916666666666664,0
-55.41666666666667,-4.916666666666664,0
-55.25,-4.916666666666664,0
-55.083333333333336,-4.916666666666664,0
-54.91666666666667,-4.916666666666664,0
-54.75,-4.916666666666664,0
-54.583333333333336,-4.916666666666664,0
-54.41666666666667,-4.916666666666664,0
-54.25,-4.916666666666664,0
-54.083333333333336,-4.916666666666664,0
-53.91666666666667,-4.916666666666664,0
-53.75,-4.916666666666664,0
-53.583333333333336,-4.916666666666664,0
-53.41666666666667,-4.916666666666664,0
-53.25,-4.916666666666664,0
-53.083333333333336,-4.916666666666664,0
-52.91666666666667,-4.916666666666664,0
-52.75,-4.916666666666664,0
-52.583333333333336,-4.916666666666664,0
-52.41666666666667,-4.916666666666664,0
-52.25,-4.916666666666664,0
-52.083333333333336,-4.916666666666664,0
-51.91666666666667,-4.916666666666664,0
-51.75,-4.916666666666664,0
-51.583333333333336,-4.916666666666664,0
-51.41666666666667,-4.916666666666664,0
-51.25,-4.916666666666664,0
-51.083333333333336,-4.916666666666664,0
-50.91666666666667,-4.916666666666664,0
-50.75,-4.916666666666664,0
-50.583333333333336,-4.916666666666664,0
-50.41666666666667,-4.916666666666664,0
-50.25,-4.916666666666664,0
-50.083333333333336,-4.916666666666664,0
-49.91666666666667,-4.916666666666664,0
-49.75,-4.916666666666664,0
-49.583333333333336,-4.916666666666664,0
-49.41666666666667,-4.916666666666664,0
-49.25,-4.916666666666664,0
-49.083333333333336,-4.916666666666664,0
-48.91666666666667,-4.916666666666664,0
-48.75,-4.916666666666664,0
-48.583333333333336,-4.916666666666664,0
-48.41666666666667,-4.916666666666664,0
-48.25,-4.916666666666664,0
-48.083333333333336,-4.916666666666664,0
-47.91666666666667,-4.916666666666664,0
-47.75,-4.916666666666664,0
-47.583333333333336,-4.916666666666664,0
-47.41666666666667,-4.916666666666664,0
-47.25,-4.916666666666664,0
-47.083333333333336,-4.916666666666664,0
-46.91666666666667,-4.916666666666664,0
-46.75,-4.916666666666664,0
-46.583333333333336,-4.916666666666664,0
-46.41666666666667,-4.916666666666664,0
-46.25,-4.916666666666664,0
-46.083333333333336,-4.916666666666664,0
-45.91666666666667,-4.916666666666664,0
-45.75,-4.916666666666664,0
-72.41666666666667,-5.08333333333333,0
-72.25,-5.08333333333333,0
-72.08333333333333,-5.08333333333333,0
-71.91666666666667,-5.08333333333333,0
-71.75,-5.08333333333333,0
-71.58333333333333,-5.08333333333333,0
-71.41666666666667,-5.08333333333333,0
-71.25,-5.08333333333333,0
-71.08333333333333,-5.08333333333333,0
-70.91666666666667,-5.08333333333333,0
-70.75,-5.08333333333333,0
-70.58333333333333,-5.08333333333333,0
-70.41666666666667,-5.08333333333333,0
-70.25,-5.08333333333333,0
-70.08333333333333,-5.08333333333333,0
-69.91666666666667,-5.08333333333333,0
-69.75,-5.08333333333333,0
-69.58333333333333,-5.08333333333333,0
-69.41666666666667,-5.08333333333333,0
-69.25,-5.08333333333333,0
-69.08333333333333,-5.08333333333333,0
-68.91666666666667,-5.08333333333333,0
-68.75,-5.08333333333333,0
-68.58333333333333,-5.08333333333333,0
-68.41666666666667,-5.08333333333333,0
-68.25,-5.08333333333333,0
-68.08333333333333,-5.08333333333333,0
-67.91666666666667,-5.08333333333333,0
-67.75,-5.08333333333333,0
-67.58333333333333,-5.08333333333333,0
-67.41666666666667,-5.08333333333333,0
-67.25,-5.08333333333333,0
-67.08333333333333,-5.08333333333333,0
-66.91666666666667,-5.08333333333333,0
-66.75,-5.08333333333333,0
-66.58333333333333,-5.08333333333333,0
-66.41666666666667,-5.08333333333333,0
-66.25,-5.08333333333333,0
-66.08333333333333,-5.08333333333333,0
-65.91666666666667,-5.08333333333333,0
-65.75,-5.08333333333333,0
-65.58333333333333,-5.08333333333333,0
-65.41666666666667,-5.08333333333333,0
-65.25,-5.08333333333333,0
-65.08333333333333,-5.08333333333333,0
-64.91666666666667,-5.08333333333333,0
-64.75,-5.08333333333333,0
-64.58333333333333,-5.08333333333333,0
-64.41666666666667,-5.08333333333333,0
-64.25,-5.08333333333333,0
-64.08333333333333,-5.08333333333333,0
-63.91666666666667,-5.08333333333333,0
-63.75,-5.08333333333333,0
-63.583333333333336,-5.08333333333333,0
-63.41666666666667,-5.08333333333333,0
-63.25,-5.08333333333333,0
-63.083333333333336,-5.08333333333333,0
-62.91666666666667,-5.08333333333333,0.2
-62.75,-5.08333333333333,0
-62.583333333333336,-5.08333333333333,0
-62.41666666666667,-5.08333333333333,0
-62.25,-5.08333333333333,0
-62.083333333333336,-5.08333333333333,0
-61.91666666666667,-5.08333333333333,0
-61.75,-5.08333333333333,0
-61.583333333333336,-5.08333333333333,0
-61.41666666666667,-5.08333333333333,0
-61.25,-5.08333333333333,0
-61.083333333333336,-5.08333333333333,0
-60.91666666666667,-5.08333333333333,0
-60.75,-5.08333333333333,0
-60.583333333333336,-5.08333333333333,0
-60.41666666666667,-5.08333333333333,0
-60.25,-5.08333333333333,0
-60.083333333333336,-5.08333333333333,0
-59.91666666666667,-5.08333333333333,0
-59.75,-5.08333333333333,0
-59.583333333333336,-5.08333333333333,0
-59.41666666666667,-5.08333333333333,0.2
-59.25,-5.08333333333333,0.2
-59.083333333333336,-5.08333333333333,0
-58.91666666666667,-5.08333333333333,0
-58.75,-5.08333333333333,0
-58.583333333333336,-5.08333333333333,0
-58.41666666666667,-5.08333333333333,0.4
-58.25,-5.08333333333333,0.4
-58.083333333333336,-5.08333333333333,0.2
-57.91666666666667,-5.08333333333333,0.6
-57.75,-5.08333333333333,0.2
-57.583333333333336,-5.08333333333333,0.4
-57.41666666666667,-5.08333333333333,0.8
-57.25,-5.08333333333333,0
-57.083333333333336,-5.08333333333333,0.2
-56.91666666666667,-5.08333333333333,0.6
-56.75,-5.08333333333333,0.6
-56.583333333333336,-5.08333333333333,0.4
-56.41666666666667,-5.08333333333333,0.4
-56.25,-5.08333333333333,0.2
-56.083333333333336,-5.08333333333333,0.6
-55.91666666666667,-5.08333333333333,0
-55.75,-5.08333333333333,0.4
-55.583333333333336,-5.08333333333333,0.4
-55.41666666666667,-5.08333333333333,0
-55.25,-5.08333333333333,0
-55.083333333333336,-5.08333333333333,0
-54.91666666666667,-5.08333333333333,0
-54.75,-5.08333333333333,0
-54.583333333333336,-5.08333333333333,0
-54.41666666666667,-5.08333333333333,0
-54.25,-5.08333333333333,0
-54.083333333333336,-5.08333333333333,0
-53.91666666666667,-5.08333333333333,0
-53.75,-5.08333333333333,0
-53.583333333333336,-5.08333333333333,0
-53.41666666666667,-5.08333333333333,0
-53.25,-5.08333333333333,0
-53.083333333333336,-5.08333333333333,0
-52.91666666666667,-5.08333333333333,0
-52.75,-5.08333333333333,0
-52.583333333333336,-5.08333333333333,0
-52.41666666666667,-5.08333333333333,0
-52.25,-5.08333333333333,0
-52.083333333333336,-5.08333333333333,0
-51.91666666666667,-5.08333333333333,0
-51.75,-5.08333333333333,0
-51.583333333333336,-5.08333333333333,0
-51.41666666666667,-5.08333333333333,0
-51.25,-5.08333333333333,0
-51.083333333333336,-5.08333333333333,0
-50.91666666666667,-5.08333333333333,0
-50.75,-5.08333333333333,0
-50.583333333333336,-5.08333333333333,0
-50.41666666666667,-5.08333333333333,0
-50.25,-5.08333333333333,0
-50.083333333333336,-5.08333333333333,0
-49.91666666666667,-5.08333333333333,0
-49.75,-5.08333333333333,0
-49.583333333333336,-5.08333333333333,0
-49.41666666666667,-5.08333333333333,0
-49.25,-5.08333333333333,0
-49.083333333333336,-5.08333333333333,0
-48.91666666666667,-5.08333333333333,0
-48.75,-5.08333333333333,0
-48.583333333333336,-5.08333333333333,0.2
-48.41666666666667,-5.08333333333333,0
-48.25,-5.08333333333333,0
-48.083333333333336,-5.08333333333333,0
-47.91666666666667,-5.08333333333333,0
-47.75,-5.08333333333333,0
-47.583333333333336,-5.08333333333333,0
-47.41666666666667,-5.08333333333333,0
-47.25,-5.08333333333333,0
-47.083333333333336,-5.08333333333333,0
-46.91666666666667,-5.08333333333333,0
-46.75,-5.08333333333333,0
-46.583333333333336,-5.08333333333333,0
-46.41666666666667,-5.08333333333333,0
-46.25,-5.08333333333333,0
-46.083333333333336,-5.08333333333333,0
-45.91666666666667,-5.08333333333333,0
-72.75,-5.2499999999999964,0
-72.58333333333333,-5.2499999999999964,0
-72.41666666666667,-5.2499999999999964,0
-72.25,-5.2499999999999964,0
-72.08333333333333,-5.2499999999999964,0
-71.91666666666667,-5.2499999999999964,0
-71.75,-5.2499999999999964,0
-71.58333333333333,-5.2499999999999964,0
-71.41666666666667,-5.2499999999999964,0
-71.25,-5.2499999999999964,0
-71.08333333333333,-5.2499999999999964,0
-70.91666666666667,-5.2499999999999964,0
-70.75,-5.2499999999999964,0
-70.58333333333333,-5.2499999999999964,0
-70.41666666666667,-5.2499999999999964,0
-70.25,-5.2499999999999964,0
-70.08333333333333,-5.2499999999999964,0
-69.91666666666667,-5.2499999999999964,0
-69.75,-5.2499999999999964,0
-69.58333333333333,-5.2499999999999964,0
-69.41666666666667,-5.2499999999999964,0
-69.25,-5.2499999999999964,0
-69.08333333333333,-5.2499999999999964,0
-68.91666666666667,-5.2499999999999964,0
-68.75,-5.2499999999999964,0
-68.58333333333333,-5.2499999999999964,0
-68.41666666666667,-5.2499999999999964,0
-68.25,-5.2499999999999964,0
-68.08333333333333,-5.2499999999999964,0
-67.91666666666667,-5.2499999999999964,0
-67.75,-5.2499999999999964,0
-67.58333333333333,-5.2499999999999964,0
-67.41666666666667,-5.2499999999999964,0
-67.25,-5.2499999999999964,0
-67.08333333333333,-5.2499999999999964,0
-66.91666666666667,-5.2499999999999964,0
-66.75,-5.2499999999999964,0
-66.58333333333333,-5.2499999999999964,0
-66.41666666666667,-5.2499999999999964,0
-66.25,-5.2499999999999964,0
-66.08333333333333,-5.2499999999999964,0
-65.91666666666667,-5.2499999999999964,0
-65.75,-5.2499999999999964,0
-65.58333333333333,-5.2499999999999964,0
-65.41666666666667,-5.2499999999999964,0
-65.25,-5.2499999999999964,0
-65.08333333333333,-5.2499999999999964,0
-64.91666666666667,-5.2499999999999964,0
-64.75,-5.2499999999999964,0
-64.58333333333333,-5.2499999999999964,0
-64.41666666666667,-5.2499999999999964,0
-64.25,-5.2499999999999964,0
-64.08333333333333,-5.2499999999999964,0
-63.91666666666667,-5.2499999999999964,0
-63.75,-5.2499999999999964,0
-63.583333333333336,-5.2499999999999964,0
-63.41666666666667,-5.2499999999999964,0
-63.25,-5.2499999999999964,0
-63.083333333333336,-5.2499999999999964,0
-62.91666666666667,-5.2499999999999964,0
-62.75,-5.2499999999999964,0
-62.583333333333336,-5.2499999999999964,0
-62.41666666666667,-5.2499999999999964,0
-62.25,-5.2499999999999964,0
-62.083333333333336,-5.2499999999999964,0
-61.91666666666667,-5.2499999999999964,0
-61.75,-5.2499999999999964,0
-61.583333333333336,-5.2499999999999964,0
-61.41666666666667,-5.2499999999999964,0
-61.25,-5.2499999999999964,0
-61.083333333333336,-5.2499999999999964,0
-60.91666666666667,-5.2499999999999964,0
-60.75,-5.2499999999999964,0
-60.583333333333336,-5.2499999999999964,0
-60.41666666666667,-5.2499999999999964,0
-60.25,-5.2499999999999964,0
-60.083333333333336,-5.2499999999999964,0
-59.91666666666667,-5.2499999999999964,0
-59.75,-5.2499999999999964,0
-59.583333333333336,-5.2499999999999964,0
-59.41666666666667,-5.2499999999999964,0
-59.25,-5.2499999999999964,0
-59.083333333333336,-5.2499999999999964,0
-58.91666666666667,-5.2499999999999964,0
-58.75,-5.2499999999999964,0
-58.583333333333336,-5.2499999999999964,0.2
-58.41666666666667,-5.2499999999999964,0.2
-58.25,-5.2499999999999964,0.2
-58.083333333333336,-5.2499999999999964,0.2
-57.91666666666667,-5.2499999999999964,0.2
-57.75,-5.2499999999999964,0
-57.583333333333336,-5.2499999999999964,0.2
-57.41666666666667,-5.2499999999999964,0.6
-57.25,-5.2499999999999964,0
-57.083333333333336,-5.2499999999999964,0.8
-56.91666666666667,-5.2499999999999964,0.8
-56.75,-5.2499999999999964,0.6
-56.583333333333336,-5.2499999999999964,0
-56.41666666666667,-5.2499999999999964,0
-56.25,-5.2499999999999964,0
-56.083333333333336,-5.2499999999999964,0.4
-55.91666666666667,-5.2499999999999964,0.6
-55.75,-5.2499999999999964,0
-55.583333333333336,-5.2499999999999964,0
-55.41666666666667,-5.2499999999999964,0
-55.25,-5.2499999999999964,0
-55.083333333333336,-5.2499999999999964,0
-54.91666666666667,-5.2499999999999964,0
-54.75,-5.2499999999999964,0
-54.583333333333336,-5.2499999999999964,0
-54.41666666666667,-5.2499999999999964,0
-54.25,-5.2499999999999964,0
-54.083333333333336,-5.2499999999999964,0
-53.91666666666667,-5.2499999999999964,0
-53.75,-5.2499999999999964,0
-53.583333333333336,-5.2499999999999964,0
-53.41666666666667,-5.2499999999999964,0
-53.25,-5.2499999999999964,0
-53.083333333333336,-5.2499999999999964,0
-52.91666666666667,-5.2499999999999964,0
-52.75,-5.2499999999999964,0
-52.583333333333336,-5.2499999999999964,0
-52.41666666666667,-5.2499999999999964,0
-52.25,-5.2499999999999964,0
-52.083333333333336,-5.2499999999999964,0
-51.91666666666667,-5.2499999999999964,0
-51.75,-5.2499999999999964,0
-51.583333333333336,-5.2499999999999964,0
-51.41666666666667,-5.2499999999999964,0
-51.25,-5.2499999999999964,0
-51.083333333333336,-5.2499999999999964,0
-50.91666666666667,-5.2499999999999964,0
-50.75,-5.2499999999999964,0
-50.583333333333336,-5.2499999999999964,0
-50.41666666666667,-5.2499999999999964,0
-50.25,-5.2499999999999964,0
-50.083333333333336,-5.2499999999999964,0
-49.91666666666667,-5.2499999999999964,0
-49.75,-5.2499999999999964,0
-49.583333333333336,-5.2499999999999964,0
-49.41666666666667,-5.2499999999999964,0
-49.25,-5.2499999999999964,0
-49.083333333333336,-5.2499999999999964,0
-48.91666666666667,-5.2499999999999964,0
-48.75,-5.2499999999999964,0.2
-48.583333333333336,-5.2499999999999964,0
-48.41666666666667,-5.2499999999999964,0
-48.25,-5.2499999999999964,0
-48.083333333333336,-5.2499999999999964,0
-47.083333333333336,-5.2499999999999964,0
-46.91666666666667,-5.2499999999999964,0
-46.75,-5.2499999999999964,0
-46.583333333333336,-5.2499999999999964,0
-72.75,-5.416666666666664,0
-72.58333333333333,-5.416666666666664,0
-72.41666666666667,-5.416666666666664,0
-72.25,-5.416666666666664,0
-72.08333333333333,-5.416666666666664,0
-71.91666666666667,-5.416666666666664,0
-71.75,-5.416666666666664,0
-71.58333333333333,-5.416666666666664,0
-71.41666666666667,-5.416666666666664,0
-71.25,-5.416666666666664,0
-71.08333333333333,-5.416666666666664,0
-70.91666666666667,-5.416666666666664,0
-70.75,-5.416666666666664,0
-70.58333333333333,-5.416666666666664,0
-70.41666666666667,-5.416666666666664,0
-70.25,-5.416666666666664,0
-70.08333333333333,-5.416666666666664,0
-69.91666666666667,-5.416666666666664,0
-69.75,-5.416666666666664,0
-69.58333333333333,-5.416666666666664,0
-69.41666666666667,-5.416666666666664,0
-69.25,-5.416666666666664,0
-69.08333333333333,-5.416666666666664,0
-68.91666666666667,-5.416666666666664,0
-68.75,-5.416666666666664,0
-68.58333333333333,-5.416666666666664,0
-68.41666666666667,-5.416666666666664,0
-68.25,-5.416666666666664,0
-68.08333333333333,-5.416666666666664,0
-67.91666666666667,-5.416666666666664,0
-67.75,-5.416666666666664,0
-67.58333333333333,-5.416666666666664,0
-67.41666666666667,-5.416666666666664,0
-67.25,-5.416666666666664,0
-67.08333333333333,-5.416666666666664,0
-66.91666666666667,-5.416666666666664,0
-66.75,-5.416666666666664,0
-66.58333333333333,-5.416666666666664,0
-66.41666666666667,-5.416666666666664,0
-66.25,-5.416666666666664,0
-66.08333333333333,-5.416666666666664,0
-65.91666666666667,-5.416666666666664,0
-65.75,-5.416666666666664,0
-65.58333333333333,-5.416666666666664,0
-65.41666666666667,-5.416666666666664,0
-65.25,-5.416666666666664,0
-65.08333333333333,-5.416666666666664,0
-64.91666666666667,-5.416666666666664,0
-64.75,-5.416666666666664,0
-64.58333333333333,-5.416666666666664,0
-64.41666666666667,-5.416666666666664,0
-64.25,-5.416666666666664,0
-64.08333333333333,-5.416666666666664,0
-63.91666666666667,-5.416666666666664,0
-63.75,-5.416666666666664,0
-63.583333333333336,-5.416666666666664,0
-63.41666666666667,-5.416666666666664,0
-63.25,-5.416666666666664,0
-63.083333333333336,-5.416666666666664,0
-62.91666666666667,-5.416666666666664,0
-62.75,-5.416666666666664,0
-62.583333333333336,-5.416666666666664,0
-62.41666666666667,-5.416666666666664,0
-62.25,-5.416666666666664,0
-62.083333333333336,-5.416666666666664,0
-61.91666666666667,-5.416666666666664,0
-61.75,-5.416666666666664,0
-61.583333333333336,-5.416666666666664,0
-61.41666666666667,-5.416666666666664,0
-61.25,-5.416666666666664,0
-61.083333333333336,-5.416666666666664,0
-60.91666666666667,-5.416666666666664,0
-60.75,-5.416666666666664,0
-60.583333333333336,-5.416666666666664,0
-60.41666666666667,-5.416666666666664,0
-60.25,-5.416666666666664,0
-60.083333333333336,-5.416666666666664,0
-59.91666666666667,-5.416666666666664,0
-59.75,-5.416666666666664,0
-59.583333333333336,-5.416666666666664,0
-59.41666666666667,-5.416666666666664,0
-59.25,-5.416666666666664,0
-59.083333333333336,-5.416666666666664,0
-58.91666666666667,-5.416666666666664,0
-58.75,-5.416666666666664,0
-58.583333333333336,-5.416666666666664,0
-58.41666666666667,-5.416666666666664,0
-58.25,-5.416666666666664,0
-58.083333333333336,-5.416666666666664,0
-57.91666666666667,-5.416666666666664,0
-57.75,-5.416666666666664,0
-57.583333333333336,-5.416666666666664,0
-57.41666666666667,-5.416666666666664,0
-57.25,-5.416666666666664,0
-57.083333333333336,-5.416666666666664,0.2
-56.91666666666667,-5.416666666666664,0.4
-56.75,-5.416666666666664,0
-56.583333333333336,-5.416666666666664,0
-56.41666666666667,-5.416666666666664,0
-56.25,-5.416666666666664,0
-56.083333333333336,-5.416666666666664,0.4
-55.91666666666667,-5.416666666666664,0.4
-55.75,-5.416666666666664,0.2
-55.583333333333336,-5.416666666666664,0
-55.41666666666667,-5.416666666666664,0
-55.25,-5.416666666666664,0
-55.083333333333336,-5.416666666666664,0
-54.91666666666667,-5.416666666666664,0
-54.75,-5.416666666666664,0
-54.583333333333336,-5.416666666666664,0
-54.41666666666667,-5.416666666666664,0
-54.25,-5.416666666666664,0
-54.083333333333336,-5.416666666666664,0
-53.91666666666667,-5.416666666666664,0
-53.75,-5.416666666666664,0
-53.583333333333336,-5.416666666666664,0
-53.41666666666667,-5.416666666666664,0
-53.25,-5.416666666666664,0
-53.083333333333336,-5.416666666666664,0
-52.91666666666667,-5.416666666666664,0
-52.75,-5.416666666666664,0
-52.583333333333336,-5.416666666666664,0
-52.41666666666667,-5.416666666666664,0
-52.25,-5.416666666666664,0
-52.083333333333336,-5.416666666666664,0
-51.91666666666667,-5.416666666666664,0
-51.75,-5.416666666666664,0
-51.583333333333336,-5.416666666666664,0
-51.41666666666667,-5.416666666666664,0
-51.25,-5.416666666666664,0
-51.083333333333336,-5.416666666666664,0
-50.91666666666667,-5.416666666666664,0
-50.75,-5.416666666666664,0
-50.583333333333336,-5.416666666666664,0
-50.41666666666667,-5.416666666666664,0
-50.25,-5.416666666666664,0
-50.083333333333336,-5.416666666666664,0
-49.91666666666667,-5.416666666666664,0
-49.75,-5.416666666666664,0
-49.583333333333336,-5.416666666666664,0
-49.41666666666667,-5.416666666666664,0
-49.25,-5.416666666666664,0.2
-49.083333333333336,-5.416666666666664,0
-48.91666666666667,-5.416666666666664,0.2
-48.75,-5.416666666666664,0.2
-48.583333333333336,-5.416666666666664,0.2
-48.41666666666667,-5.416666666666664,0
-48.25,-5.416666666666664,0
-48.083333333333336,-5.416666666666664,0
-72.75,-5.58333333333333,0
-72.58333333333333,-5.58333333333333,0
-72.41666666666667,-5.58333333333333,0
-72.25,-5.58333333333333,0
-72.08333333333333,-5.58333333333333,0
-71.91666666666667,-5.58333333333333,0
-71.75,-5.58333333333333,0
-71.58333333333333,-5.58333333333333,0
-71.41666666666667,-5.58333333333333,0
-71.25,-5.58333333333333,0
-71.08333333333333,-5.58333333333333,0
-70.91666666666667,-5.58333333333333,0
-70.75,-5.58333333333333,0
-70.58333333333333,-5.58333333333333,0
-70.41666666666667,-5.58333333333333,0
-70.25,-5.58333333333333,0
-70.08333333333333,-5.58333333333333,0
-69.91666666666667,-5.58333333333333,0
-69.75,-5.58333333333333,0
-69.58333333333333,-5.58333333333333,0
-69.41666666666667,-5.58333333333333,0
-69.25,-5.58333333333333,0
-69.08333333333333,-5.58333333333333,0
-68.91666666666667,-5.58333333333333,0
-68.75,-5.58333333333333,0
-68.58333333333333,-5.58333333333333,0
-68.41666666666667,-5.58333333333333,0
-68.25,-5.58333333333333,0
-68.08333333333333,-5.58333333333333,0
-67.91666666666667,-5.58333333333333,0
-67.75,-5.58333333333333,0
-67.58333333333333,-5.58333333333333,0
-67.41666666666667,-5.58333333333333,0
-67.25,-5.58333333333333,0
-67.08333333333333,-5.58333333333333,0
-66.91666666666667,-5.58333333333333,0
-66.75,-5.58333333333333,0
-66.58333333333333,-5.58333333333333,0
-66.41666666666667,-5.58333333333333,0
-66.25,-5.58333333333333,0
-66.08333333333333,-5.58333333333333,0
-65.91666666666667,-5.58333333333333,0
-65.75,-5.58333333333333,0
-65.58333333333333,-5.58333333333333,0
-65.41666666666667,-5.58333333333333,0
-65.25,-5.58333333333333,0
-65.08333333333333,-5.58333333333333,0
-64.91666666666667,-5.58333333333333,0
-64.75,-5.58333333333333,0
-64.58333333333333,-5.58333333333333,0
-64.41666666666667,-5.58333333333333,0
-64.25,-5.58333333333333,0
-64.08333333333333,-5.58333333333333,0
-63.91666666666667,-5.58333333333333,0
-63.75,-5.58333333333333,0
-63.583333333333336,-5.58333333333333,0
-63.41666666666667,-5.58333333333333,0
-63.25,-5.58333333333333,0
-63.083333333333336,-5.58333333333333,0
-62.91666666666667,-5.58333333333333,0
-62.75,-5.58333333333333,0
-62.583333333333336,-5.58333333333333,0
-62.41666666666667,-5.58333333333333,0
-62.25,-5.58333333333333,0
-62.083333333333336,-5.58333333333333,0
-61.91666666666667,-5.58333333333333,0
-61.75,-5.58333333333333,0
-61.583333333333336,-5.58333333333333,0
-61.41666666666667,-5.58333333333333,0
-61.25,-5.58333333333333,0
-61.083333333333336,-5.58333333333333,0
-60.91666666666667,-5.58333333333333,0
-60.75,-5.58333333333333,0
-60.583333333333336,-5.58333333333333,0
-60.41666666666667,-5.58333333333333,0
-60.25,-5.58333333333333,0
-60.083333333333336,-5.58333333333333,0
-59.91666666666667,-5.58333333333333,0
-59.75,-5.58333333333333,0
-59.583333333333336,-5.58333333333333,0
-59.41666666666667,-5.58333333333333,0
-59.25,-5.58333333333333,0
-59.083333333333336,-5.58333333333333,0
-58.91666666666667,-5.58333333333333,0
-58.75,-5.58333333333333,0
-58.583333333333336,-5.58333333333333,0
-58.41666666666667,-5.58333333333333,0
-58.25,-5.58333333333333,0
-58.083333333333336,-5.58333333333333,0
-57.91666666666667,-5.58333333333333,0
-57.75,-5.58333333333333,0
-57.583333333333336,-5.58333333333333,0
-57.41666666666667,-5.58333333333333,0
-57.25,-5.58333333333333,0
-57.083333333333336,-5.58333333333333,0
-56.91666666666667,-5.58333333333333,0
-56.75,-5.58333333333333,0
-56.583333333333336,-5.58333333333333,0
-56.41666666666667,-5.58333333333333,0
-56.25,-5.58333333333333,0.2
-56.083333333333336,-5.58333333333333,0.4
-55.91666666666667,-5.58333333333333,0
-55.75,-5.58333333333333,0
-55.583333333333336,-5.58333333333333,0
-55.41666666666667,-5.58333333333333,0
-55.25,-5.58333333333333,0
-55.083333333333336,-5.58333333333333,0
-54.91666666666667,-5.58333333333333,0
-54.75,-5.58333333333333,0
-54.583333333333336,-5.58333333333333,0
-54.41666666666667,-5.58333333333333,0
-54.25,-5.58333333333333,0
-54.083333333333336,-5.58333333333333,0
-53.91666666666667,-5.58333333333333,0
-53.75,-5.58333333333333,0
-53.583333333333336,-5.58333333333333,0
-53.41666666666667,-5.58333333333333,0
-53.25,-5.58333333333333,0
-53.083333333333336,-5.58333333333333,0
-52.91666666666667,-5.58333333333333,0
-52.75,-5.58333333333333,0
-52.583333333333336,-5.58333333333333,0
-52.41666666666667,-5.58333333333333,0
-52.25,-5.58333333333333,0
-52.083333333333336,-5.58333333333333,0
-51.91666666666667,-5.58333333333333,0
-51.75,-5.58333333333333,0
-51.583333333333336,-5.58333333333333,0
-51.41666666666667,-5.58333333333333,0
-51.25,-5.58333333333333,0
-51.083333333333336,-5.58333333333333,0
-50.91666666666667,-5.58333333333333,0
-50.75,-5.58333333333333,0
-50.583333333333336,-5.58333333333333,0
-50.41666666666667,-5.58333333333333,0
-50.25,-5.58333333333333,0
-50.083333333333336,-5.58333333333333,0
-49.91666666666667,-5.58333333333333,0
-49.75,-5.58333333333333,0
-49.583333333333336,-5.58333333333333,0
-49.41666666666667,-5.58333333333333,0
-49.25,-5.58333333333333,0.2
-49.083333333333336,-5.58333333333333,0
-48.91666666666667,-5.58333333333333,0
-48.75,-5.58333333333333,0
-48.583333333333336,-5.58333333333333,0.2
-48.41666666666667,-5.58333333333333,0
-48.25,-5.58333333333333,0
-72.75,-5.7499999999999964,0
-72.58333333333333,-5.7499999999999964,0
-72.41666666666667,-5.7499999999999964,0
-72.25,-5.7499999999999964,0
-72.08333333333333,-5.7499999999999964,0
-71.91666666666667,-5.7499999999999964,0
-71.75,-5.7499999999999964,0
-71.58333333333333,-5.7499999999999964,0
-71.41666666666667,-5.7499999999999964,0
-71.25,-5.7499999999999964,0
-71.08333333333333,-5.7499999999999964,0
-70.91666666666667,-5.7499999999999964,0
-70.75,-5.7499999999999964,0
-70.58333333333333,-5.7499999999999964,0
-70.41666666666667,-5.7499999999999964,0
-70.25,-5.7499999999999964,0
-70.08333333333333,-5.7499999999999964,0
-69.91666666666667,-5.7499999999999964,0
-69.75,-5.7499999999999964,0
-69.58333333333333,-5.7499999999999964,0
-69.41666666666667,-5.7499999999999964,0
-69.25,-5.7499999999999964,0
-69.08333333333333,-5.7499999999999964,0
-68.91666666666667,-5.7499999999999964,0
-68.75,-5.7499999999999964,0
-68.58333333333333,-5.7499999999999964,0
-68.41666666666667,-5.7499999999999964,0
-68.25,-5.7499999999999964,0
-68.08333333333333,-5.7499999999999964,0
-67.91666666666667,-5.7499999999999964,0
-67.75,-5.7499999999999964,0
-67.58333333333333,-5.7499999999999964,0.4
-67.41666666666667,-5.7499999999999964,0
-67.25,-5.7499999999999964,0
-67.08333333333333,-5.7499999999999964,0
-66.91666666666667,-5.7499999999999964,0
-66.75,-5.7499999999999964,0
-66.58333333333333,-5.7499999999999964,0
-66.41666666666667,-5.7499999999999964,0
-66.25,-5.7499999999999964,0
-66.08333333333333,-5.7499999999999964,0
-65.91666666666667,-5.7499999999999964,0
-65.75,-5.7499999999999964,0
-65.58333333333333,-5.7499999999999964,0
-65.41666666666667,-5.7499999999999964,0
-65.25,-5.7499999999999964,0
-65.08333333333333,-5.7499999999999964,0
-64.91666666666667,-5.7499999999999964,0
-64.75,-5.7499999999999964,0
-64.58333333333333,-5.7499999999999964,0
-64.41666666666667,-5.7499999999999964,0
-64.25,-5.7499999999999964,0
-64.08333333333333,-5.7499999999999964,0
-63.91666666666667,-5.7499999999999964,0
-63.75,-5.7499999999999964,0.2
-63.583333333333336,-5.7499999999999964,0.2
-63.41666666666667,-5.7499999999999964,0
-63.25,-5.7499999999999964,0
-63.083333333333336,-5.7499999999999964,0
-62.91666666666667,-5.7499999999999964,0
-62.75,-5.7499999999999964,0
-62.583333333333336,-5.7499999999999964,0
-62.41666666666667,-5.7499999999999964,0
-62.25,-5.7499999999999964,0
-62.083333333333336,-5.7499999999999964,0
-61.91666666666667,-5.7499999999999964,0
-61.75,-5.7499999999999964,0
-61.583333333333336,-5.7499999999999964,0
-61.41666666666667,-5.7499999999999964,0
-61.25,-5.7499999999999964,0
-61.083333333333336,-5.7499999999999964,0
-60.91666666666667,-5.7499999999999964,0
-60.75,-5.7499999999999964,0
-60.583333333333336,-5.7499999999999964,0
-60.41666666666667,-5.7499999999999964,0
-60.25,-5.7499999999999964,0
-60.083333333333336,-5.7499999999999964,0
-59.91666666666667,-5.7499999999999964,0
-59.75,-5.7499999999999964,0
-59.583333333333336,-5.7499999999999964,0
-59.41666666666667,-5.7499999999999964,0
-59.25,-5.7499999999999964,0
-59.083333333333336,-5.7499999999999964,0
-58.91666666666667,-5.7499999999999964,0
-58.75,-5.7499999999999964,0
-58.583333333333336,-5.7499999999999964,0
-58.41666666666667,-5.7499999999999964,0
-58.25,-5.7499999999999964,0
-58.083333333333336,-5.7499999999999964,0
-57.91666666666667,-5.7499999999999964,0
-57.75,-5.7499999999999964,0
-57.583333333333336,-5.7499999999999964,0
-57.41666666666667,-5.7499999999999964,0
-57.25,-5.7499999999999964,0
-57.083333333333336,-5.7499999999999964,0
-56.91666666666667,-5.7499999999999964,0
-56.75,-5.7499999999999964,0
-56.583333333333336,-5.7499999999999964,0
-56.41666666666667,-5.7499999999999964,0
-56.25,-5.7499999999999964,0
-56.083333333333336,-5.7499999999999964,0
-55.91666666666667,-5.7499999999999964,0
-55.75,-5.7499999999999964,0
-55.583333333333336,-5.7499999999999964,0
-55.41666666666667,-5.7499999999999964,0
-55.25,-5.7499999999999964,0
-55.083333333333336,-5.7499999999999964,0
-54.91666666666667,-5.7499999999999964,0
-54.75,-5.7499999999999964,0
-54.583333333333336,-5.7499999999999964,0
-54.41666666666667,-5.7499999999999964,0
-54.25,-5.7499999999999964,0
-54.083333333333336,-5.7499999999999964,0
-53.91666666666667,-5.7499999999999964,0
-53.75,-5.7499999999999964,0
-53.583333333333336,-5.7499999999999964,0
-53.41666666666667,-5.7499999999999964,0
-53.25,-5.7499999999999964,0
-53.083333333333336,-5.7499999999999964,0
-52.91666666666667,-5.7499999999999964,0
-52.75,-5.7499999999999964,0
-52.583333333333336,-5.7499999999999964,0
-52.41666666666667,-5.7499999999999964,0
-52.25,-5.7499999999999964,0
-52.083333333333336,-5.7499999999999964,0
-51.91666666666667,-5.7499999999999964,0
-51.75,-5.7499999999999964,0
-51.583333333333336,-5.7499999999999964,0
-51.41666666666667,-5.7499999999999964,0
-51.25,-5.7499999999999964,0
-51.083333333333336,-5.7499999999999964,0
-50.91666666666667,-5.7499999999999964,0
-50.75,-5.7499999999999964,0
-50.583333333333336,-5.7499999999999964,0
-50.41666666666667,-5.7499999999999964,0
-50.25,-5.7499999999999964,0
-50.083333333333336,-5.7499999999999964,0
-49.91666666666667,-5.7499999999999964,0
-49.75,-5.7499999999999964,0.2
-49.583333333333336,-5.7499999999999964,0
-49.41666666666667,-5.7499999999999964,0
-49.25,-5.7499999999999964,0
-49.083333333333336,-5.7499999999999964,0
-48.91666666666667,-5.7499999999999964,0
-48.75,-5.7499999999999964,0
-48.583333333333336,-5.7499999999999964,0
-48.41666666666667,-5.7499999999999964,0
-48.25,-5.7499999999999964,0
-72.91666666666667,-5.916666666666664,0
-72.75,-5.916666666666664,0
-72.58333333333333,-5.916666666666664,0
-72.41666666666667,-5.916666666666664,0
-72.25,-5.916666666666664,0
-72.08333333333333,-5.916666666666664,0
-71.91666666666667,-5.916666666666664,0
-71.75,-5.916666666666664,0
-71.58333333333333,-5.916666666666664,0
-71.41666666666667,-5.916666666666664,0
-71.25,-5.916666666666664,0
-71.08333333333333,-5.916666666666664,0
-70.91666666666667,-5.916666666666664,0
-70.75,-5.916666666666664,0
-70.58333333333333,-5.916666666666664,0
-70.41666666666667,-5.916666666666664,0
-70.25,-5.916666666666664,0
-70.08333333333333,-5.916666666666664,0
-69.91666666666667,-5.916666666666664,0
-69.75,-5.916666666666664,0
-69.58333333333333,-5.916666666666664,0
-69.41666666666667,-5.916666666666664,0
-69.25,-5.916666666666664,0
-69.08333333333333,-5.916666666666664,0
-68.91666666666667,-5.916666666666664,0
-68.75,-5.916666666666664,0
-68.58333333333333,-5.916666666666664,0
-68.41666666666667,-5.916666666666664,0
-68.25,-5.916666666666664,0
-68.08333333333333,-5.916666666666664,0
-67.91666666666667,-5.916666666666664,0
-67.75,-5.916666666666664,0.4
-67.58333333333333,-5.916666666666664,0.2
-67.41666666666667,-5.916666666666664,0
-67.25,-5.916666666666664,0
-67.08333333333333,-5.916666666666664,0
-66.91666666666667,-5.916666666666664,0
-66.75,-5.916666666666664,0.2
-66.58333333333333,-5.916666666666664,0
-66.41666666666667,-5.916666666666664,0
-66.25,-5.916666666666664,0
-66.08333333333333,-5.916666666666664,0
-65.91666666666667,-5.916666666666664,0
-65.75,-5.916666666666664,0
-65.58333333333333,-5.916666666666664,0
-65.41666666666667,-5.916666666666664,0
-65.25,-5.916666666666664,0
-65.08333333333333,-5.916666666666664,0
-64.91666666666667,-5.916666666666664,0
-64.75,-5.916666666666664,0
-64.58333333333333,-5.916666666666664,0
-64.41666666666667,-5.916666666666664,0
-64.25,-5.916666666666664,0
-64.08333333333333,-5.916666666666664,0
-63.91666666666667,-5.916666666666664,0
-63.75,-5.916666666666664,0.2
-63.583333333333336,-5.916666666666664,0
-63.41666666666667,-5.916666666666664,0
-63.25,-5.916666666666664,0
-63.083333333333336,-5.916666666666664,0
-62.91666666666667,-5.916666666666664,0
-62.75,-5.916666666666664,0
-62.583333333333336,-5.916666666666664,0
-62.41666666666667,-5.916666666666664,0
-62.25,-5.916666666666664,0
-62.083333333333336,-5.916666666666664,0
-61.91666666666667,-5.916666666666664,0
-61.75,-5.916666666666664,0
-61.583333333333336,-5.916666666666664,0
-61.41666666666667,-5.916666666666664,0
-61.25,-5.916666666666664,0
-61.083333333333336,-5.916666666666664,0
-60.91666666666667,-5.916666666666664,0
-60.75,-5.916666666666664,0
-60.583333333333336,-5.916666666666664,0
-60.41666666666667,-5.916666666666664,0
-60.25,-5.916666666666664,0
-60.083333333333336,-5.916666666666664,0
-59.91666666666667,-5.916666666666664,0
-59.75,-5.916666666666664,0
-59.583333333333336,-5.916666666666664,0
-59.41666666666667,-5.916666666666664,0
-59.25,-5.916666666666664,0
-59.083333333333336,-5.916666666666664,0
-58.91666666666667,-5.916666666666664,0
-58.75,-5.916666666666664,0
-58.583333333333336,-5.916666666666664,0
-58.41666666666667,-5.916666666666664,0
-58.25,-5.916666666666664,0
-58.083333333333336,-5.916666666666664,0
-57.91666666666667,-5.916666666666664,0
-57.75,-5.916666666666664,0
-57.583333333333336,-5.916666666666664,0
-57.41666666666667,-5.916666666666664,0
-57.25,-5.916666666666664,0
-57.083333333333336,-5.916666666666664,0
-56.91666666666667,-5.916666666666664,0
-56.75,-5.916666666666664,0
-56.583333333333336,-5.916666666666664,0
-56.41666666666667,-5.916666666666664,0
-56.25,-5.916666666666664,0
-56.083333333333336,-5.916666666666664,0
-55.91666666666667,-5.916666666666664,0
-55.75,-5.916666666666664,0
-55.583333333333336,-5.916666666666664,0
-55.41666666666667,-5.916666666666664,0
-55.25,-5.916666666666664,0
-55.083333333333336,-5.916666666666664,0
-54.91666666666667,-5.916666666666664,0
-54.75,-5.916666666666664,0
-54.583333333333336,-5.916666666666664,0
-54.41666666666667,-5.916666666666664,0
-54.25,-5.916666666666664,0
-54.083333333333336,-5.916666666666664,0
-53.91666666666667,-5.916666666666664,0
-53.75,-5.916666666666664,0
-53.583333333333336,-5.916666666666664,0
-53.41666666666667,-5.916666666666664,0
-53.25,-5.916666666666664,0
-53.083333333333336,-5.916666666666664,0
-52.91666666666667,-5.916666666666664,0
-52.75,-5.916666666666664,0
-52.583333333333336,-5.916666666666664,0
-52.41666666666667,-5.916666666666664,0
-52.25,-5.916666666666664,0
-52.083333333333336,-5.916666666666664,0
-51.91666666666667,-5.916666666666664,0
-51.75,-5.916666666666664,0
-51.583333333333336,-5.916666666666664,0
-51.41666666666667,-5.916666666666664,0
-51.25,-5.916666666666664,0
-51.083333333333336,-5.916666666666664,0
-50.91666666666667,-5.916666666666664,0
-50.75,-5.916666666666664,0
-50.583333333333336,-5.916666666666664,0
-50.41666666666667,-5.916666666666664,0
-50.25,-5.916666666666664,0
-50.083333333333336,-5.916666666666664,0
-49.91666666666667,-5.916666666666664,0
-49.75,-5.916666666666664,0
-49.583333333333336,-5.916666666666664,0
-49.41666666666667,-5.916666666666664,0
-49.25,-5.916666666666664,0
-49.083333333333336,-5.916666666666664,0
-48.91666666666667,-5.916666666666664,0
-48.75,-5.916666666666664,0
-48.583333333333336,-5.916666666666664,0
-48.41666666666667,-5.916666666666664,0
-48.25,-5.916666666666664,0
-73.08333333333333,-6.08333333333333,0
-72.91666666666667,-6.08333333333333,0
-72.75,-6.08333333333333,0
-72.58333333333333,-6.08333333333333,0
-72.41666666666667,-6.08333333333333,0
-72.25,-6.08333333333333,0
-72.08333333333333,-6.08333333333333,0
-71.91666666666667,-6.08333333333333,0
-71.75,-6.08333333333333,0
-71.58333333333333,-6.08333333333333,0
-71.41666666666667,-6.08333333333333,0
-71.25,-6.08333333333333,0
-71.08333333333333,-6.08333333333333,0
-70.91666666666667,-6.08333333333333,0
-70.75,-6.08333333333333,0
-70.58333333333333,-6.08333333333333,0
-70.41666666666667,-6.08333333333333,0
-70.25,-6.08333333333333,0
-70.08333333333333,-6.08333333333333,0
-69.91666666666667,-6.08333333333333,0
-69.75,-6.08333333333333,0
-69.58333333333333,-6.08333333333333,0
-69.41666666666667,-6.08333333333333,0.2
-69.25,-6.08333333333333,0
-69.08333333333333,-6.08333333333333,0
-68.91666666666667,-6.08333333333333,0
-68.75,-6.08333333333333,0
-68.58333333333333,-6.08333333333333,0
-68.41666666666667,-6.08333333333333,0
-68.25,-6.08333333333333,0
-68.08333333333333,-6.08333333333333,0.2
-67.91666666666667,-6.08333333333333,0
-67.75,-6.08333333333333,0.4
-67.58333333333333,-6.08333333333333,0
-67.41666666666667,-6.08333333333333,0
-67.25,-6.08333333333333,0
-67.08333333333333,-6.08333333333333,0
-66.91666666666667,-6.08333333333333,0
-66.75,-6.08333333333333,0
-66.58333333333333,-6.08333333333333,0
-66.41666666666667,-6.08333333333333,0
-66.25,-6.08333333333333,0
-66.08333333333333,-6.08333333333333,0
-65.91666666666667,-6.08333333333333,0
-65.75,-6.08333333333333,0
-65.58333333333333,-6.08333333333333,0
-65.41666666666667,-6.08333333333333,0
-65.25,-6.08333333333333,0
-65.08333333333333,-6.08333333333333,0
-64.91666666666667,-6.08333333333333,0
-64.75,-6.08333333333333,0
-64.58333333333333,-6.08333333333333,0
-64.41666666666667,-6.08333333333333,0
-64.25,-6.08333333333333,0
-64.08333333333333,-6.08333333333333,0
-63.91666666666667,-6.08333333333333,0
-63.75,-6.08333333333333,0.2
-63.583333333333336,-6.08333333333333,0
-63.41666666666667,-6.08333333333333,0
-63.25,-6.08333333333333,0.2
-63.083333333333336,-6.08333333333333,0
-62.91666666666667,-6.08333333333333,0
-62.75,-6.08333333333333,0
-62.583333333333336,-6.08333333333333,0
-62.41666666666667,-6.08333333333333,0
-62.25,-6.08333333333333,0
-62.083333333333336,-6.08333333333333,0
-61.91666666666667,-6.08333333333333,0
-61.75,-6.08333333333333,0
-61.583333333333336,-6.08333333333333,0
-61.41666666666667,-6.08333333333333,0
-61.25,-6.08333333333333,0
-61.083333333333336,-6.08333333333333,0
-60.91666666666667,-6.08333333333333,0
-60.75,-6.08333333333333,0
-60.583333333333336,-6.08333333333333,0
-60.41666666666667,-6.08333333333333,0
-60.25,-6.08333333333333,0
-60.083333333333336,-6.08333333333333,0
-59.91666666666667,-6.08333333333333,0
-59.75,-6.08333333333333,0
-59.583333333333336,-6.08333333333333,0
-59.41666666666667,-6.08333333333333,0
-59.25,-6.08333333333333,0
-59.083333333333336,-6.08333333333333,0
-58.91666666666667,-6.08333333333333,0
-58.75,-6.08333333333333,0
-58.583333333333336,-6.08333333333333,0
-58.41666666666667,-6.08333333333333,0
-58.25,-6.08333333333333,0
-58.083333333333336,-6.08333333333333,0
-57.91666666666667,-6.08333333333333,0
-57.75,-6.08333333333333,0
-57.583333333333336,-6.08333333333333,0
-57.41666666666667,-6.08333333333333,0
-57.25,-6.08333333333333,0
-57.083333333333336,-6.08333333333333,0
-56.91666666666667,-6.08333333333333,0
-56.75,-6.08333333333333,0
-56.583333333333336,-6.08333333333333,0
-56.41666666666667,-6.08333333333333,0
-56.25,-6.08333333333333,0
-56.083333333333336,-6.08333333333333,0
-55.91666666666667,-6.08333333333333,0
-55.75,-6.08333333333333,0
-55.583333333333336,-6.08333333333333,0
-55.41666666666667,-6.08333333333333,0
-55.25,-6.08333333333333,0
-55.083333333333336,-6.08333333333333,0
-54.91666666666667,-6.08333333333333,0
-54.75,-6.08333333333333,0
-54.583333333333336,-6.08333333333333,0
-54.41666666666667,-6.08333333333333,0
-54.25,-6.08333333333333,0
-54.083333333333336,-6.08333333333333,0
-53.91666666666667,-6.08333333333333,0
-53.75,-6.08333333333333,0
-53.583333333333336,-6.08333333333333,0
-53.41666666666667,-6.08333333333333,0
-53.25,-6.08333333333333,0
-53.083333333333336,-6.08333333333333,0
-52.91666666666667,-6.08333333333333,0
-52.75,-6.08333333333333,0
-52.583333333333336,-6.08333333333333,0
-52.41666666666667,-6.08333333333333,0
-52.25,-6.08333333333333,0
-52.083333333333336,-6.08333333333333,0
-51.91666666666667,-6.08333333333333,0
-51.75,-6.08333333333333,0
-51.583333333333336,-6.08333333333333,0
-51.41666666666667,-6.08333333333333,0
-51.25,-6.08333333333333,0
-51.083333333333336,-6.08333333333333,0
-50.91666666666667,-6.08333333333333,0
-50.75,-6.08333333333333,0
-50.583333333333336,-6.08333333333333,0
-50.41666666666667,-6.08333333333333,0
-50.25,-6.08333333333333,0
-50.083333333333336,-6.08333333333333,0
-49.91666666666667,-6.08333333333333,0
-49.75,-6.08333333333333,0
-49.583333333333336,-6.08333333333333,0
-49.41666666666667,-6.08333333333333,0
-49.25,-6.08333333333333,0
-49.083333333333336,-6.08333333333333,0
-48.91666666666667,-6.08333333333333,0
-48.75,-6.08333333333333,0
-48.583333333333336,-6.08333333333333,0
-48.41666666666667,-6.08333333333333,0
-48.25,-6.08333333333333,0
-72.91666666666667,-6.2499999999999964,0
-72.75,-6.2499999999999964,0
-72.58333333333333,-6.2499999999999964,0
-72.41666666666667,-6.2499999999999964,0
-72.25,-6.2499999999999964,0
-72.08333333333333,-6.2499999999999964,0
-71.91666666666667,-6.2499999999999964,0
-71.75,-6.2499999999999964,0
-71.58333333333333,-6.2499999999999964,0
-71.41666666666667,-6.2499999999999964,0
-71.25,-6.2499999999999964,0
-71.08333333333333,-6.2499999999999964,0
-70.91666666666667,-6.2499999999999964,0
-70.75,-6.2499999999999964,0
-70.58333333333333,-6.2499999999999964,0
-70.41666666666667,-6.2499999999999964,0
-70.25,-6.2499999999999964,0
-70.08333333333333,-6.2499999999999964,0
-69.91666666666667,-6.2499999999999964,0
-69.75,-6.2499999999999964,0
-69.58333333333333,-6.2499999999999964,0
-69.41666666666667,-6.2499999999999964,0
-69.25,-6.2499999999999964,0
-69.08333333333333,-6.2499999999999964,0
-68.91666666666667,-6.2499999999999964,0
-68.75,-6.2499999999999964,0
-68.58333333333333,-6.2499999999999964,0
-68.41666666666667,-6.2499999999999964,0
-68.25,-6.2499999999999964,0.2
-68.08333333333333,-6.2499999999999964,0.4
-67.91666666666667,-6.2499999999999964,0.4
-67.75,-6.2499999999999964,0.4
-67.58333333333333,-6.2499999999999964,0
-67.41666666666667,-6.2499999999999964,0
-67.25,-6.2499999999999964,0
-67.08333333333333,-6.2499999999999964,0
-66.91666666666667,-6.2499999999999964,0
-66.75,-6.2499999999999964,0
-66.58333333333333,-6.2499999999999964,0
-66.41666666666667,-6.2499999999999964,0
-66.25,-6.2499999999999964,0
-66.08333333333333,-6.2499999999999964,0
-65.91666666666667,-6.2499999999999964,0
-65.75,-6.2499999999999964,0
-65.58333333333333,-6.2499999999999964,0
-65.41666666666667,-6.2499999999999964,0
-65.25,-6.2499999999999964,0
-65.08333333333333,-6.2499999999999964,0
-64.91666666666667,-6.2499999999999964,0
-64.75,-6.2499999999999964,0
-64.58333333333333,-6.2499999999999964,0
-64.41666666666667,-6.2499999999999964,0
-64.25,-6.2499999999999964,0
-64.08333333333333,-6.2499999999999964,0.2
-63.91666666666667,-6.2499999999999964,0
-63.75,-6.2499999999999964,0.2
-63.583333333333336,-6.2499999999999964,0
-63.41666666666667,-6.2499999999999964,0
-63.25,-6.2499999999999964,0.2
-63.083333333333336,-6.2499999999999964,0
-62.91666666666667,-6.2499999999999964,0
-62.75,-6.2499999999999964,0
-62.583333333333336,-6.2499999999999964,0
-62.41666666666667,-6.2499999999999964,0
-62.25,-6.2499999999999964,0
-62.083333333333336,-6.2499999999999964,0
-61.91666666666667,-6.2499999999999964,0
-61.75,-6.2499999999999964,0
-61.583333333333336,-6.2499999999999964,0
-61.41666666666667,-6.2499999999999964,0
-61.25,-6.2499999999999964,0
-61.083333333333336,-6.2499999999999964,0
-60.91666666666667,-6.2499999999999964,0
-60.75,-6.2499999999999964,0
-60.583333333333336,-6.2499999999999964,0
-60.41666666666667,-6.2499999999999964,0
-60.25,-6.2499999999999964,0
-60.083333333333336,-6.2499999999999964,0
-59.91666666666667,-6.2499999999999964,0
-59.75,-6.2499999999999964,0
-59.583333333333336,-6.2499999999999964,0
-59.41666666666667,-6.2499999999999964,0
-59.25,-6.2499999999999964,0
-59.083333333333336,-6.2499999999999964,0
-58.91666666666667,-6.2499999999999964,0
-58.75,-6.2499999999999964,0
-58.583333333333336,-6.2499999999999964,0
-58.41666666666667,-6.2499999999999964,0
-58.25,-6.2499999999999964,0
-58.083333333333336,-6.2499999999999964,0
-57.91666666666667,-6.2499999999999964,0
-57.75,-6.2499999999999964,0
-57.583333333333336,-6.2499999999999964,0
-57.41666666666667,-6.2499999999999964,0
-57.25,-6.2499999999999964,0
-57.083333333333336,-6.2499999999999964,0
-56.91666666666667,-6.2499999999999964,0
-56.75,-6.2499999999999964,0
-56.583333333333336,-6.2499999999999964,0
-56.41666666666667,-6.2499999999999964,0
-56.25,-6.2499999999999964,0
-56.083333333333336,-6.2499999999999964,0
-55.91666666666667,-6.2499999999999964,0
-55.75,-6.2499999999999964,0
-55.583333333333336,-6.2499999999999964,0
-55.41666666666667,-6.2499999999999964,0
-55.25,-6.2499999999999964,0
-55.083333333333336,-6.2499999999999964,0
-54.91666666666667,-6.2499999999999964,0
-54.75,-6.2499999999999964,0
-54.583333333333336,-6.2499999999999964,0
-54.41666666666667,-6.2499999999999964,0
-54.25,-6.2499999999999964,0
-54.083333333333336,-6.2499999999999964,0
-53.91666666666667,-6.2499999999999964,0
-53.75,-6.2499999999999964,0
-53.583333333333336,-6.2499999999999964,0
-53.41666666666667,-6.2499999999999964,0
-53.25,-6.2499999999999964,0
-53.083333333333336,-6.2499999999999964,0
-52.91666666666667,-6.2499999999999964,0
-52.75,-6.2499999999999964,0
-52.583333333333336,-6.2499999999999964,0
-52.41666666666667,-6.2499999999999964,0
-52.25,-6.2499999999999964,0
-52.083333333333336,-6.2499999999999964,0
-51.91666666666667,-6.2499999999999964,0
-51.75,-6.2499999999999964,0
-51.583333333333336,-6.2499999999999964,0
-51.41666666666667,-6.2499999999999964,0
-51.25,-6.2499999999999964,0
-51.083333333333336,-6.2499999999999964,0
-50.91666666666667,-6.2499999999999964,0
-50.75,-6.2499999999999964,0
-50.583333333333336,-6.2499999999999964,0
-50.41666666666667,-6.2499999999999964,0
-50.25,-6.2499999999999964,0
-50.083333333333336,-6.2499999999999964,0
-49.91666666666667,-6.2499999999999964,0
-49.75,-6.2499999999999964,0
-49.583333333333336,-6.2499999999999964,0
-49.41666666666667,-6.2499999999999964,0
-49.25,-6.2499999999999964,0
-49.083333333333336,-6.2499999999999964,0
-48.91666666666667,-6.2499999999999964,0.2
-48.75,-6.2499999999999964,0
-48.583333333333336,-6.2499999999999964,0
-48.41666666666667,-6.2499999999999964,0
-48.25,-6.2499999999999964,0
-72.91666666666667,-6.416666666666664,0
-72.75,-6.416666666666664,0
-72.58333333333333,-6.416666666666664,0
-72.41666666666667,-6.416666666666664,0
-72.25,-6.416666666666664,0
-72.08333333333333,-6.416666666666664,0
-71.91666666666667,-6.416666666666664,0
-71.75,-6.416666666666664,0
-71.58333333333333,-6.416666666666664,0
-71.41666666666667,-6.416666666666664,0
-71.25,-6.416666666666664,0
-71.08333333333333,-6.416666666666664,0
-70.91666666666667,-6.416666666666664,0
-70.75,-6.416666666666664,0
-70.58333333333333,-6.416666666666664,0
-70.41666666666667,-6.416666666666664,0
-70.25,-6.416666666666664,0
-70.08333333333333,-6.416666666666664,0
-69.91666666666667,-6.416666666666664,0
-69.75,-6.416666666666664,0
-69.58333333333333,-6.416666666666664,0.2
-69.41666666666667,-6.416666666666664,0.4
-69.25,-6.416666666666664,0.4
-69.08333333333333,-6.416666666666664,0.4
-68.91666666666667,-6.416666666666664,0.4
-68.75,-6.416666666666664,0.4
-68.58333333333333,-6.416666666666664,0.4
-68.41666666666667,-6.416666666666664,0.4
-68.25,-6.416666666666664,0.6
-68.08333333333333,-6.416666666666664,0.4
-67.91666666666667,-6.416666666666664,0.6
-67.75,-6.416666666666664,0.6
-67.58333333333333,-6.416666666666664,0.2
-67.41666666666667,-6.416666666666664,0
-67.25,-6.416666666666664,0
-67.08333333333333,-6.416666666666664,0
-66.91666666666667,-6.416666666666664,0
-66.75,-6.416666666666664,0
-66.58333333333333,-6.416666666666664,0
-66.41666666666667,-6.416666666666664,0
-66.25,-6.416666666666664,0
-66.08333333333333,-6.416666666666664,0
-65.91666666666667,-6.416666666666664,0
-65.75,-6.416666666666664,0
-65.58333333333333,-6.416666666666664,0
-65.41666666666667,-6.416666666666664,0
-65.25,-6.416666666666664,0
-65.08333333333333,-6.416666666666664,0
-64.91666666666667,-6.416666666666664,0
-64.75,-6.416666666666664,0
-64.58333333333333,-6.416666666666664,0
-64.41666666666667,-6.416666666666664,0
-64.25,-6.416666666666664,0
-64.08333333333333,-6.416666666666664,0.2
-63.91666666666667,-6.416666666666664,0
-63.75,-6.416666666666664,0
-63.583333333333336,-6.416666666666664,0
-63.41666666666667,-6.416666666666664,0
-63.25,-6.416666666666664,0.2
-63.083333333333336,-6.416666666666664,0
-62.91666666666667,-6.416666666666664,0
-62.75,-6.416666666666664,0
-62.583333333333336,-6.416666666666664,0
-62.41666666666667,-6.416666666666664,0
-62.25,-6.416666666666664,0
-62.083333333333336,-6.416666666666664,0
-61.91666666666667,-6.416666666666664,0
-61.75,-6.416666666666664,0
-61.583333333333336,-6.416666666666664,0
-61.41666666666667,-6.416666666666664,0
-61.25,-6.416666666666664,0
-61.083333333333336,-6.416666666666664,0
-60.91666666666667,-6.416666666666664,0
-60.75,-6.416666666666664,0
-60.583333333333336,-6.416666666666664,0
-60.41666666666667,-6.416666666666664,0
-60.25,-6.416666666666664,0
-60.083333333333336,-6.416666666666664,0
-59.91666666666667,-6.416666666666664,0
-59.75,-6.416666666666664,0
-59.583333333333336,-6.416666666666664,0
-59.41666666666667,-6.416666666666664,0
-59.25,-6.416666666666664,0
-59.083333333333336,-6.416666666666664,0
-58.91666666666667,-6.416666666666664,0
-58.75,-6.416666666666664,0
-58.583333333333336,-6.416666666666664,0
-58.41666666666667,-6.416666666666664,0
-58.25,-6.416666666666664,0
-58.083333333333336,-6.416666666666664,0
-57.91666666666667,-6.416666666666664,0
-57.75,-6.416666666666664,0
-57.583333333333336,-6.416666666666664,0
-57.41666666666667,-6.416666666666664,0
-57.25,-6.416666666666664,0
-57.083333333333336,-6.416666666666664,0
-56.91666666666667,-6.416666666666664,0
-56.75,-6.416666666666664,0
-56.583333333333336,-6.416666666666664,0
-56.41666666666667,-6.416666666666664,0
-56.25,-6.416666666666664,0
-56.083333333333336,-6.416666666666664,0
-55.91666666666667,-6.416666666666664,0
-55.75,-6.416666666666664,0
-55.583333333333336,-6.416666666666664,0
-55.41666666666667,-6.416666666666664,0
-55.25,-6.416666666666664,0
-55.083333333333336,-6.416666666666664,0
-54.91666666666667,-6.416666666666664,0
-54.75,-6.416666666666664,0
-54.583333333333336,-6.416666666666664,0
-54.41666666666667,-6.416666666666664,0
-54.25,-6.416666666666664,0
-54.083333333333336,-6.416666666666664,0
-53.91666666666667,-6.416666666666664,0
-53.75,-6.416666666666664,0
-53.583333333333336,-6.416666666666664,0
-53.41666666666667,-6.416666666666664,0
-53.25,-6.416666666666664,0
-53.083333333333336,-6.416666666666664,0
-52.91666666666667,-6.416666666666664,0
-52.75,-6.416666666666664,0
-52.583333333333336,-6.416666666666664,0
-52.41666666666667,-6.416666666666664,0
-52.25,-6.416666666666664,0
-52.083333333333336,-6.416666666666664,0
-51.91666666666667,-6.416666666666664,0
-51.75,-6.416666666666664,0
-51.583333333333336,-6.416666666666664,0
-51.41666666666667,-6.416666666666664,0
-51.25,-6.416666666666664,0
-51.083333333333336,-6.416666666666664,0
-50.91666666666667,-6.416666666666664,0
-50.75,-6.416666666666664,0
-50.583333333333336,-6.416666666666664,0
-50.41666666666667,-6.416666666666664,0
-50.25,-6.416666666666664,0
-50.083333333333336,-6.416666666666664,0
-49.91666666666667,-6.416666666666664,0
-49.75,-6.416666666666664,0
-49.583333333333336,-6.416666666666664,0
-49.41666666666667,-6.416666666666664,0
-49.25,-6.416666666666664,0
-49.083333333333336,-6.416666666666664,0
-48.91666666666667,-6.416666666666664,0
-48.75,-6.416666666666664,0
-48.583333333333336,-6.416666666666664,0
-48.41666666666667,-6.416666666666664,0
-48.25,-6.416666666666664,0
-72.91666666666667,-6.58333333333333,0
-72.75,-6.58333333333333,0
-72.58333333333333,-6.58333333333333,0
-72.41666666666667,-6.58333333333333,0
-72.25,-6.58333333333333,0
-72.08333333333333,-6.58333333333333,0
-71.91666666666667,-6.58333333333333,0
-71.75,-6.58333333333333,0
-71.58333333333333,-6.58333333333333,0
-71.41666666666667,-6.58333333333333,0
-71.25,-6.58333333333333,0
-71.08333333333333,-6.58333333333333,0
-70.91666666666667,-6.58333333333333,0
-70.75,-6.58333333333333,0
-70.58333333333333,-6.58333333333333,0
-70.41666666666667,-6.58333333333333,0
-70.25,-6.58333333333333,0.2
-70.08333333333333,-6.58333333333333,0.2
-69.91666666666667,-6.58333333333333,0.2
-69.75,-6.58333333333333,0.4
-69.58333333333333,-6.58333333333333,0.4
-69.41666666666667,-6.58333333333333,0.4
-69.25,-6.58333333333333,0.4
-69.08333333333333,-6.58333333333333,0.4
-68.91666666666667,-6.58333333333333,0.4
-68.75,-6.58333333333333,0.6
-68.58333333333333,-6.58333333333333,0.6
-68.41666666666667,-6.58333333333333,0.4
-68.25,-6.58333333333333,0.6
-68.08333333333333,-6.58333333333333,0.6
-67.91666666666667,-6.58333333333333,0.6
-67.75,-6.58333333333333,0.6
-67.58333333333333,-6.58333333333333,0.6
-67.41666666666667,-6.58333333333333,0.4
-67.25,-6.58333333333333,0.2
-67.08333333333333,-6.58333333333333,0
-66.91666666666667,-6.58333333333333,0.2
-66.75,-6.58333333333333,0
-66.58333333333333,-6.58333333333333,0
-66.41666666666667,-6.58333333333333,0
-66.25,-6.58333333333333,0
-66.08333333333333,-6.58333333333333,0
-65.91666666666667,-6.58333333333333,0
-65.75,-6.58333333333333,0
-65.58333333333333,-6.58333333333333,0
-65.41666666666667,-6.58333333333333,0
-65.25,-6.58333333333333,0
-65.08333333333333,-6.58333333333333,0
-64.91666666666667,-6.58333333333333,0
-64.75,-6.58333333333333,0
-64.58333333333333,-6.58333333333333,0
-64.41666666666667,-6.58333333333333,0
-64.25,-6.58333333333333,0
-64.08333333333333,-6.58333333333333,0.2
-63.91666666666667,-6.58333333333333,0
-63.75,-6.58333333333333,0
-63.583333333333336,-6.58333333333333,0
-63.41666666666667,-6.58333333333333,0
-63.25,-6.58333333333333,0
-63.083333333333336,-6.58333333333333,0
-62.91666666666667,-6.58333333333333,0.2
-62.75,-6.58333333333333,0.2
-62.583333333333336,-6.58333333333333,0
-62.41666666666667,-6.58333333333333,0.2
-62.25,-6.58333333333333,0
-62.083333333333336,-6.58333333333333,0
-61.91666666666667,-6.58333333333333,0
-61.75,-6.58333333333333,0
-61.583333333333336,-6.58333333333333,0
-61.41666666666667,-6.58333333333333,0
-61.25,-6.58333333333333,0
-61.083333333333336,-6.58333333333333,0
-60.91666666666667,-6.58333333333333,0
-60.75,-6.58333333333333,0
-60.583333333333336,-6.58333333333333,0
-60.41666666666667,-6.58333333333333,0
-60.25,-6.58333333333333,0
-60.083333333333336,-6.58333333333333,0
-59.91666666666667,-6.58333333333333,0
-59.75,-6.58333333333333,0
-59.583333333333336,-6.58333333333333,0
-59.41666666666667,-6.58333333333333,0
-59.25,-6.58333333333333,0
-59.083333333333336,-6.58333333333333,0
-58.91666666666667,-6.58333333333333,0
-58.75,-6.58333333333333,0
-58.583333333333336,-6.58333333333333,0
-58.41666666666667,-6.58333333333333,0
-58.25,-6.58333333333333,0
-58.083333333333336,-6.58333333333333,0
-57.91666666666667,-6.58333333333333,0
-57.75,-6.58333333333333,0
-57.583333333333336,-6.58333333333333,0
-57.41666666666667,-6.58333333333333,0
-57.25,-6.58333333333333,0
-57.083333333333336,-6.58333333333333,0
-56.91666666666667,-6.58333333333333,0
-56.75,-6.58333333333333,0
-56.583333333333336,-6.58333333333333,0
-56.41666666666667,-6.58333333333333,0
-56.25,-6.58333333333333,0
-56.083333333333336,-6.58333333333333,0
-55.91666666666667,-6.58333333333333,0
-55.75,-6.58333333333333,0
-55.583333333333336,-6.58333333333333,0
-55.41666666666667,-6.58333333333333,0
-55.25,-6.58333333333333,0
-55.083333333333336,-6.58333333333333,0
-54.91666666666667,-6.58333333333333,0
-54.75,-6.58333333333333,0
-54.583333333333336,-6.58333333333333,0
-54.41666666666667,-6.58333333333333,0
-54.25,-6.58333333333333,0
-54.083333333333336,-6.58333333333333,0
-53.91666666666667,-6.58333333333333,0
-53.75,-6.58333333333333,0
-53.583333333333336,-6.58333333333333,0
-53.41666666666667,-6.58333333333333,0
-53.25,-6.58333333333333,0
-53.083333333333336,-6.58333333333333,0
-52.91666666666667,-6.58333333333333,0
-52.75,-6.58333333333333,0
-52.583333333333336,-6.58333333333333,0
-52.41666666666667,-6.58333333333333,0
-52.25,-6.58333333333333,0
-52.083333333333336,-6.58333333333333,0
-51.91666666666667,-6.58333333333333,0
-51.75,-6.58333333333333,0
-51.583333333333336,-6.58333333333333,0
-51.41666666666667,-6.58333333333333,0
-51.25,-6.58333333333333,0
-51.083333333333336,-6.58333333333333,0
-50.91666666666667,-6.58333333333333,0
-50.75,-6.58333333333333,0
-50.583333333333336,-6.58333333333333,0
-50.41666666666667,-6.58333333333333,0
-50.25,-6.58333333333333,0
-50.083333333333336,-6.58333333333333,0
-49.91666666666667,-6.58333333333333,0
-49.75,-6.58333333333333,0
-49.583333333333336,-6.58333333333333,0
-49.41666666666667,-6.58333333333333,0
-49.25,-6.58333333333333,0
-49.083333333333336,-6.58333333333333,0
-48.91666666666667,-6.58333333333333,0
-48.75,-6.58333333333333,0
-48.583333333333336,-6.58333333333333,0
-48.41666666666667,-6.58333333333333,0
-48.25,-6.58333333333333,0
-73.25,-6.7499999999999964,0
-73.08333333333333,-6.7499999999999964,0
-72.91666666666667,-6.7499999999999964,0
-72.75,-6.7499999999999964,0
-72.58333333333333,-6.7499999999999964,0
-72.41666666666667,-6.7499999999999964,0
-72.25,-6.7499999999999964,0
-72.08333333333333,-6.7499999999999964,0
-71.91666666666667,-6.7499999999999964,0
-71.75,-6.7499999999999964,0
-71.58333333333333,-6.7499999999999964,0
-71.41666666666667,-6.7499999999999964,0
-71.25,-6.7499999999999964,0
-71.08333333333333,-6.7499999999999964,0
-70.91666666666667,-6.7499999999999964,0
-70.75,-6.7499999999999964,0
-70.58333333333333,-6.7499999999999964,0
-70.41666666666667,-6.7499999999999964,0.2
-70.25,-6.7499999999999964,0.4
-70.08333333333333,-6.7499999999999964,0.4
-69.91666666666667,-6.7499999999999964,0.4
-69.75,-6.7499999999999964,0.4
-69.58333333333333,-6.7499999999999964,0.6
-69.41666666666667,-6.7499999999999964,0.4
-69.25,-6.7499999999999964,0.4
-69.08333333333333,-6.7499999999999964,0.6
-68.91666666666667,-6.7499999999999964,0.6
-68.75,-6.7499999999999964,0.6
-68.58333333333333,-6.7499999999999964,0.6
-68.41666666666667,-6.7499999999999964,0.6
-68.25,-6.7499999999999964,0.6
-68.08333333333333,-6.7499999999999964,0.6
-67.91666666666667,-6.7499999999999964,0.6
-67.75,-6.7499999999999964,0.6
-67.58333333333333,-6.7499999999999964,0.6
-67.41666666666667,-6.7499999999999964,0.6
-67.25,-6.7499999999999964,0.6
-67.08333333333333,-6.7499999999999964,0.6
-66.91666666666667,-6.7499999999999964,0.2
-66.75,-6.7499999999999964,0
-66.58333333333333,-6.7499999999999964,0
-66.41666666666667,-6.7499999999999964,0
-66.25,-6.7499999999999964,0
-66.08333333333333,-6.7499999999999964,0
-65.91666666666667,-6.7499999999999964,0
-65.75,-6.7499999999999964,0
-65.58333333333333,-6.7499999999999964,0
-65.41666666666667,-6.7499999999999964,0
-65.25,-6.7499999999999964,0
-65.08333333333333,-6.7499999999999964,0
-64.91666666666667,-6.7499999999999964,0
-64.75,-6.7499999999999964,0
-64.58333333333333,-6.7499999999999964,0
-64.41666666666667,-6.7499999999999964,0
-64.25,-6.7499999999999964,0
-64.08333333333333,-6.7499999999999964,0.2
-63.91666666666667,-6.7499999999999964,0
-63.75,-6.7499999999999964,0.2
-63.583333333333336,-6.7499999999999964,0.2
-63.41666666666667,-6.7499999999999964,0.2
-63.25,-6.7499999999999964,0.2
-63.083333333333336,-6.7499999999999964,0.2
-62.91666666666667,-6.7499999999999964,0.2
-62.75,-6.7499999999999964,0.2
-62.583333333333336,-6.7499999999999964,0.2
-62.41666666666667,-6.7499999999999964,0.2
-62.25,-6.7499999999999964,0
-62.083333333333336,-6.7499999999999964,0
-61.91666666666667,-6.7499999999999964,0
-61.75,-6.7499999999999964,0
-61.583333333333336,-6.7499999999999964,0
-61.41666666666667,-6.7499999999999964,0
-61.25,-6.7499999999999964,0
-61.083333333333336,-6.7499999999999964,0
-60.91666666666667,-6.7499999999999964,0
-60.75,-6.7499999999999964,0
-60.583333333333336,-6.7499999999999964,0
-60.41666666666667,-6.7499999999999964,0
-60.25,-6.7499999999999964,0
-60.083333333333336,-6.7499999999999964,0
-59.91666666666667,-6.7499999999999964,0
-59.75,-6.7499999999999964,0
-59.583333333333336,-6.7499999999999964,0
-59.41666666666667,-6.7499999999999964,0
-59.25,-6.7499999999999964,0
-59.083333333333336,-6.7499999999999964,0
-58.91666666666667,-6.7499999999999964,0
-58.75,-6.7499999999999964,0
-58.583333333333336,-6.7499999999999964,0
-58.41666666666667,-6.7499999999999964,0
-58.25,-6.7499999999999964,0
-58.083333333333336,-6.7499999999999964,0
-57.91666666666667,-6.7499999999999964,0
-57.75,-6.7499999999999964,0
-57.583333333333336,-6.7499999999999964,0
-57.41666666666667,-6.7499999999999964,0
-57.25,-6.7499999999999964,0
-57.083333333333336,-6.7499999999999964,0
-56.91666666666667,-6.7499999999999964,0
-56.75,-6.7499999999999964,0
-56.583333333333336,-6.7499999999999964,0
-56.41666666666667,-6.7499999999999964,0
-56.25,-6.7499999999999964,0
-56.083333333333336,-6.7499999999999964,0
-55.91666666666667,-6.7499999999999964,0
-55.75,-6.7499999999999964,0
-55.583333333333336,-6.7499999999999964,0
-55.41666666666667,-6.7499999999999964,0
-55.25,-6.7499999999999964,0
-55.083333333333336,-6.7499999999999964,0
-54.91666666666667,-6.7499999999999964,0
-54.75,-6.7499999999999964,0
-54.583333333333336,-6.7499999999999964,0
-54.41666666666667,-6.7499999999999964,0
-54.25,-6.7499999999999964,0
-54.083333333333336,-6.7499999999999964,0
-53.91666666666667,-6.7499999999999964,0
-53.75,-6.7499999999999964,0
-53.583333333333336,-6.7499999999999964,0
-53.41666666666667,-6.7499999999999964,0
-53.25,-6.7499999999999964,0
-53.083333333333336,-6.7499999999999964,0
-52.91666666666667,-6.7499999999999964,0
-52.75,-6.7499999999999964,0
-52.583333333333336,-6.7499999999999964,0
-52.41666666666667,-6.7499999999999964,0
-52.25,-6.7499999999999964,0
-52.083333333333336,-6.7499999999999964,0
-51.91666666666667,-6.7499999999999964,0
-51.75,-6.7499999999999964,0
-51.583333333333336,-6.7499999999999964,0
-51.41666666666667,-6.7499999999999964,0
-51.25,-6.7499999999999964,0
-51.083333333333336,-6.7499999999999964,0
-50.91666666666667,-6.7499999999999964,0
-50.75,-6.7499999999999964,0
-50.583333333333336,-6.7499999999999964,0
-50.41666666666667,-6.7499999999999964,0
-50.25,-6.7499999999999964,0
-50.083333333333336,-6.7499999999999964,0
-49.91666666666667,-6.7499999999999964,0
-49.75,-6.7499999999999964,0
-49.583333333333336,-6.7499999999999964,0
-49.41666666666667,-6.7499999999999964,0
-49.25,-6.7499999999999964,0
-49.083333333333336,-6.7499999999999964,0
-48.91666666666667,-6.7499999999999964,0
-48.75,-6.7499999999999964,0.2
-48.583333333333336,-6.7499999999999964,0
-48.41666666666667,-6.7499999999999964,0
-48.25,-6.7499999999999964,0
-73.58333333333333,-6.916666666666664,0
-73.41666666666667,-6.916666666666664,0
-73.25,-6.916666666666664,0
-73.08333333333333,-6.916666666666664,0
-72.91666666666667,-6.916666666666664,0
-72.75,-6.916666666666664,0
-72.58333333333333,-6.916666666666664,0
-72.41666666666667,-6.916666666666664,0
-72.25,-6.916666666666664,0
-72.08333333333333,-6.916666666666664,0
-71.91666666666667,-6.916666666666664,0
-71.75,-6.916666666666664,0
-71.58333333333333,-6.916666666666664,0
-71.41666666666667,-6.916666666666664,0
-71.25,-6.916666666666664,0
-71.08333333333333,-6.916666666666664,0
-70.91666666666667,-6.916666666666664,0
-70.75,-6.916666666666664,0
-70.58333333333333,-6.916666666666664,0
-70.41666666666667,-6.916666666666664,0
-70.25,-6.916666666666664,0.4
-70.08333333333333,-6.916666666666664,0.4
-69.91666666666667,-6.916666666666664,0.4
-69.75,-6.916666666666664,0.6
-69.58333333333333,-6.916666666666664,0.6
-69.41666666666667,-6.916666666666664,0.6
-69.25,-6.916666666666664,0.4
-69.08333333333333,-6.916666666666664,0.4
-68.91666666666667,-6.916666666666664,0.6
-68.75,-6.916666666666664,0.6
-68.58333333333333,-6.916666666666664,0.8
-68.41666666666667,-6.916666666666664,0.8
-68.25,-6.916666666666664,0.8
-68.08333333333333,-6.916666666666664,0.8
-67.91666666666667,-6.916666666666664,0.8
-67.75,-6.916666666666664,1
-67.58333333333333,-6.916666666666664,0.8
-67.41666666666667,-6.916666666666664,0.6
-67.25,-6.916666666666664,0.6
-67.08333333333333,-6.916666666666664,0.4
-66.91666666666667,-6.916666666666664,0.2
-66.75,-6.916666666666664,0
-66.58333333333333,-6.916666666666664,0
-66.41666666666667,-6.916666666666664,0
-66.25,-6.916666666666664,0
-66.08333333333333,-6.916666666666664,0
-65.91666666666667,-6.916666666666664,0
-65.75,-6.916666666666664,0
-65.58333333333333,-6.916666666666664,0
-65.41666666666667,-6.916666666666664,0
-65.25,-6.916666666666664,0
-65.08333333333333,-6.916666666666664,0
-64.91666666666667,-6.916666666666664,0
-64.75,-6.916666666666664,0
-64.58333333333333,-6.916666666666664,0
-64.41666666666667,-6.916666666666664,0
-64.25,-6.916666666666664,0
-64.08333333333333,-6.916666666666664,0
-63.91666666666667,-6.916666666666664,0.2
-63.75,-6.916666666666664,0.2
-63.583333333333336,-6.916666666666664,0.2
-63.41666666666667,-6.916666666666664,0.2
-63.25,-6.916666666666664,0.2
-63.083333333333336,-6.916666666666664,0.2
-62.91666666666667,-6.916666666666664,0.2
-62.75,-6.916666666666664,0.2
-62.583333333333336,-6.916666666666664,0.2
-62.41666666666667,-6.916666666666664,0.2
-62.25,-6.916666666666664,0.2
-62.083333333333336,-6.916666666666664,0
-61.91666666666667,-6.916666666666664,0
-61.75,-6.916666666666664,0
-61.583333333333336,-6.916666666666664,0
-61.41666666666667,-6.916666666666664,0
-61.25,-6.916666666666664,0
-61.083333333333336,-6.916666666666664,0
-60.91666666666667,-6.916666666666664,0
-60.75,-6.916666666666664,0
-60.583333333333336,-6.916666666666664,0
-60.41666666666667,-6.916666666666664,0
-60.25,-6.916666666666664,0
-60.083333333333336,-6.916666666666664,0
-59.91666666666667,-6.916666666666664,0
-59.75,-6.916666666666664,0
-59.583333333333336,-6.916666666666664,0
-59.41666666666667,-6.916666666666664,0
-59.25,-6.916666666666664,0
-59.083333333333336,-6.916666666666664,0
-58.91666666666667,-6.916666666666664,0
-58.75,-6.916666666666664,0
-58.583333333333336,-6.916666666666664,0
-58.41666666666667,-6.916666666666664,0
-58.25,-6.916666666666664,0
-58.083333333333336,-6.916666666666664,0
-57.91666666666667,-6.916666666666664,0
-57.75,-6.916666666666664,0
-57.583333333333336,-6.916666666666664,0
-57.41666666666667,-6.916666666666664,0
-57.25,-6.916666666666664,0
-57.083333333333336,-6.916666666666664,0
-56.91666666666667,-6.916666666666664,0
-56.75,-6.916666666666664,0
-56.583333333333336,-6.916666666666664,0
-56.41666666666667,-6.916666666666664,0
-56.25,-6.916666666666664,0
-56.083333333333336,-6.916666666666664,0
-55.91666666666667,-6.916666666666664,0
-55.75,-6.916666666666664,0
-55.583333333333336,-6.916666666666664,0
-55.41666666666667,-6.916666666666664,0
-55.25,-6.916666666666664,0
-55.083333333333336,-6.916666666666664,0
-54.91666666666667,-6.916666666666664,0
-54.75,-6.916666666666664,0
-54.583333333333336,-6.916666666666664,0
-54.41666666666667,-6.916666666666664,0
-54.25,-6.916666666666664,0
-54.083333333333336,-6.916666666666664,0
-53.91666666666667,-6.916666666666664,0
-53.75,-6.916666666666664,0
-53.583333333333336,-6.916666666666664,0
-53.41666666666667,-6.916666666666664,0
-53.25,-6.916666666666664,0
-53.083333333333336,-6.916666666666664,0
-52.91666666666667,-6.916666666666664,0
-52.75,-6.916666666666664,0
-52.583333333333336,-6.916666666666664,0
-52.41666666666667,-6.916666666666664,0
-52.25,-6.916666666666664,0
-52.083333333333336,-6.916666666666664,0
-51.91666666666667,-6.916666666666664,0
-51.75,-6.916666666666664,0
-51.583333333333336,-6.916666666666664,0
-51.41666666666667,-6.916666666666664,0
-51.25,-6.916666666666664,0
-51.083333333333336,-6.916666666666664,0
-50.91666666666667,-6.916666666666664,0
-50.75,-6.916666666666664,0
-50.583333333333336,-6.916666666666664,0
-50.41666666666667,-6.916666666666664,0
-50.25,-6.916666666666664,0
-50.083333333333336,-6.916666666666664,0
-49.91666666666667,-6.916666666666664,0
-49.75,-6.916666666666664,0
-49.583333333333336,-6.916666666666664,0
-49.41666666666667,-6.916666666666664,0
-49.25,-6.916666666666664,0
-49.083333333333336,-6.916666666666664,0
-48.91666666666667,-6.916666666666664,0
-48.75,-6.916666666666664,0
-48.583333333333336,-6.916666666666664,0
-48.41666666666667,-6.916666666666664,0
-73.58333333333333,-7.08333333333333,0
-73.41666666666667,-7.08333333333333,0
-73.25,-7.08333333333333,0
-73.08333333333333,-7.08333333333333,0
-72.91666666666667,-7.08333333333333,0
-72.75,-7.08333333333333,0
-72.58333333333333,-7.08333333333333,0
-72.41666666666667,-7.08333333333333,0
-72.25,-7.08333333333333,0
-72.08333333333333,-7.08333333333333,0
-71.91666666666667,-7.08333333333333,0
-71.75,-7.08333333333333,0
-71.58333333333333,-7.08333333333333,0
-71.41666666666667,-7.08333333333333,0
-71.25,-7.08333333333333,0
-71.08333333333333,-7.08333333333333,0
-70.91666666666667,-7.08333333333333,0
-70.75,-7.08333333333333,0
-70.58333333333333,-7.08333333333333,0
-70.41666666666667,-7.08333333333333,0
-70.25,-7.08333333333333,0
-70.08333333333333,-7.08333333333333,0.4
-69.91666666666667,-7.08333333333333,0.4
-69.75,-7.08333333333333,0.6
-69.58333333333333,-7.08333333333333,0.6
-69.41666666666667,-7.08333333333333,0.4
-69.25,-7.08333333333333,0.6
-69.08333333333333,-7.08333333333333,0.6
-68.91666666666667,-7.08333333333333,0.6
-68.75,-7.08333333333333,0.6
-68.58333333333333,-7.08333333333333,0.6
-68.41666666666667,-7.08333333333333,0.6
-68.25,-7.08333333333333,0.8
-68.08333333333333,-7.08333333333333,0.8
-67.91666666666667,-7.08333333333333,1
-67.75,-7.08333333333333,1
-67.58333333333333,-7.08333333333333,1
-67.41666666666667,-7.08333333333333,1
-67.25,-7.08333333333333,0.8
-67.08333333333333,-7.08333333333333,0.6
-66.91666666666667,-7.08333333333333,0.2
-66.75,-7.08333333333333,0
-66.58333333333333,-7.08333333333333,0
-66.41666666666667,-7.08333333333333,0
-66.25,-7.08333333333333,0
-66.08333333333333,-7.08333333333333,0
-65.91666666666667,-7.08333333333333,0
-65.75,-7.08333333333333,0
-65.58333333333333,-7.08333333333333,0
-65.41666666666667,-7.08333333333333,0
-65.25,-7.08333333333333,0
-65.08333333333333,-7.08333333333333,0
-64.91666666666667,-7.08333333333333,0
-64.75,-7.08333333333333,0
-64.58333333333333,-7.08333333333333,0
-64.41666666666667,-7.08333333333333,0
-64.25,-7.08333333333333,0
-64.08333333333333,-7.08333333333333,0
-63.91666666666667,-7.08333333333333,0.2
-63.75,-7.08333333333333,0.2
-63.583333333333336,-7.08333333333333,0.2
-63.41666666666667,-7.08333333333333,0.4
-63.25,-7.08333333333333,0.4
-63.083333333333336,-7.08333333333333,0.4
-62.91666666666667,-7.08333333333333,0.4
-62.75,-7.08333333333333,0.4
-62.583333333333336,-7.08333333333333,0.4
-62.41666666666667,-7.08333333333333,0.2
-62.25,-7.08333333333333,0.2
-62.083333333333336,-7.08333333333333,0.2
-61.91666666666667,-7.08333333333333,0
-61.75,-7.08333333333333,0
-61.583333333333336,-7.08333333333333,0
-61.41666666666667,-7.08333333333333,0
-61.25,-7.08333333333333,0
-61.083333333333336,-7.08333333333333,0
-60.91666666666667,-7.08333333333333,0
-60.75,-7.08333333333333,0
-60.583333333333336,-7.08333333333333,0
-60.41666666666667,-7.08333333333333,0
-60.25,-7.08333333333333,0
-60.083333333333336,-7.08333333333333,0
-59.91666666666667,-7.08333333333333,0
-59.75,-7.08333333333333,0
-59.583333333333336,-7.08333333333333,0
-59.41666666666667,-7.08333333333333,0
-59.25,-7.08333333333333,0
-59.083333333333336,-7.08333333333333,0
-58.91666666666667,-7.08333333333333,0
-58.75,-7.08333333333333,0
-58.583333333333336,-7.08333333333333,0
-58.41666666666667,-7.08333333333333,0
-58.25,-7.08333333333333,0
-58.083333333333336,-7.08333333333333,0
-57.91666666666667,-7.08333333333333,0
-57.75,-7.08333333333333,0
-57.583333333333336,-7.08333333333333,0
-57.41666666666667,-7.08333333333333,0
-57.25,-7.08333333333333,0
-57.083333333333336,-7.08333333333333,0
-56.91666666666667,-7.08333333333333,0
-56.75,-7.08333333333333,0
-56.583333333333336,-7.08333333333333,0
-56.41666666666667,-7.08333333333333,0
-56.25,-7.08333333333333,0
-56.083333333333336,-7.08333333333333,0
-55.91666666666667,-7.08333333333333,0
-55.75,-7.08333333333333,0
-55.583333333333336,-7.08333333333333,0
-55.41666666666667,-7.08333333333333,0
-55.25,-7.08333333333333,0
-55.083333333333336,-7.08333333333333,0
-54.91666666666667,-7.08333333333333,0
-54.75,-7.08333333333333,0
-54.583333333333336,-7.08333333333333,0
-54.41666666666667,-7.08333333333333,0
-54.25,-7.08333333333333,0
-54.083333333333336,-7.08333333333333,0
-53.91666666666667,-7.08333333333333,0
-53.75,-7.08333333333333,0
-53.583333333333336,-7.08333333333333,0
-53.41666666666667,-7.08333333333333,0
-53.25,-7.08333333333333,0
-53.083333333333336,-7.08333333333333,0
-52.91666666666667,-7.08333333333333,0
-52.75,-7.08333333333333,0
-52.583333333333336,-7.08333333333333,0
-52.41666666666667,-7.08333333333333,0
-52.25,-7.08333333333333,0
-52.083333333333336,-7.08333333333333,0
-51.91666666666667,-7.08333333333333,0
-51.75,-7.08333333333333,0
-51.583333333333336,-7.08333333333333,0
-51.41666666666667,-7.08333333333333,0
-51.25,-7.08333333333333,0
-51.083333333333336,-7.08333333333333,0
-50.91666666666667,-7.08333333333333,0
-50.75,-7.08333333333333,0
-50.583333333333336,-7.08333333333333,0
-50.41666666666667,-7.08333333333333,0
-50.25,-7.08333333333333,0
-50.083333333333336,-7.08333333333333,0
-49.91666666666667,-7.08333333333333,0
-49.75,-7.08333333333333,0
-49.583333333333336,-7.08333333333333,0
-49.41666666666667,-7.08333333333333,0
-49.25,-7.08333333333333,0
-49.083333333333336,-7.08333333333333,0
-48.91666666666667,-7.08333333333333,0
-48.75,-7.08333333333333,0
-48.583333333333336,-7.08333333333333,0
-48.41666666666667,-7.08333333333333,0
-73.58333333333333,-7.2499999999999964,0
-73.41666666666667,-7.2499999999999964,0
-73.25,-7.2499999999999964,0
-73.08333333333333,-7.2499999999999964,0
-72.91666666666667,-7.2499999999999964,0
-72.75,-7.2499999999999964,0
-72.58333333333333,-7.2499999999999964,0
-72.41666666666667,-7.2499999999999964,0
-72.25,-7.2499999999999964,0
-72.08333333333333,-7.2499999999999964,0
-71.91666666666667,-7.2499999999999964,0
-71.75,-7.2499999999999964,0
-71.58333333333333,-7.2499999999999964,0
-71.41666666666667,-7.2499999999999964,0
-71.25,-7.2499999999999964,0
-71.08333333333333,-7.2499999999999964,0
-70.91666666666667,-7.2499999999999964,0
-70.75,-7.2499999999999964,0
-70.58333333333333,-7.2499999999999964,0
-70.41666666666667,-7.2499999999999964,0
-70.25,-7.2499999999999964,0
-70.08333333333333,-7.2499999999999964,0
-69.91666666666667,-7.2499999999999964,0.6
-69.75,-7.2499999999999964,0.6
-69.58333333333333,-7.2499999999999964,0.6
-69.41666666666667,-7.2499999999999964,0.6
-69.25,-7.2499999999999964,0.6
-69.08333333333333,-7.2499999999999964,0.6
-68.91666666666667,-7.2499999999999964,0.8
-68.75,-7.2499999999999964,0.8
-68.58333333333333,-7.2499999999999964,0.8
-68.41666666666667,-7.2499999999999964,0.6
-68.25,-7.2499999999999964,0.6
-68.08333333333333,-7.2499999999999964,0.8
-67.91666666666667,-7.2499999999999964,0.8
-67.75,-7.2499999999999964,0.8
-67.58333333333333,-7.2499999999999964,0.8
-67.41666666666667,-7.2499999999999964,0.8
-67.25,-7.2499999999999964,1
-67.08333333333333,-7.2499999999999964,0.8
-66.91666666666667,-7.2499999999999964,0.6
-66.75,-7.2499999999999964,0.2
-66.58333333333333,-7.2499999999999964,0.2
-66.41666666666667,-7.2499999999999964,0.2
-66.25,-7.2499999999999964,0
-66.08333333333333,-7.2499999999999964,0
-65.91666666666667,-7.2499999999999964,0
-65.75,-7.2499999999999964,0
-65.58333333333333,-7.2499999999999964,0
-65.41666666666667,-7.2499999999999964,0
-65.25,-7.2499999999999964,0
-65.08333333333333,-7.2499999999999964,0
-64.91666666666667,-7.2499999999999964,0
-64.75,-7.2499999999999964,0
-64.58333333333333,-7.2499999999999964,0
-64.41666666666667,-7.2499999999999964,0
-64.25,-7.2499999999999964,0
-64.08333333333333,-7.2499999999999964,0
-63.91666666666667,-7.2499999999999964,0
-63.75,-7.2499999999999964,0.2
-63.583333333333336,-7.2499999999999964,0.2
-63.41666666666667,-7.2499999999999964,0.4
-63.25,-7.2499999999999964,0.4
-63.083333333333336,-7.2499999999999964,0.6
-62.91666666666667,-7.2499999999999964,0.4
-62.75,-7.2499999999999964,0.4
-62.583333333333336,-7.2499999999999964,0.4
-62.41666666666667,-7.2499999999999964,0.2
-62.25,-7.2499999999999964,0.2
-62.083333333333336,-7.2499999999999964,0.2
-61.91666666666667,-7.2499999999999964,0.4
-61.75,-7.2499999999999964,0
-61.583333333333336,-7.2499999999999964,0
-61.41666666666667,-7.2499999999999964,0
-61.25,-7.2499999999999964,0
-61.083333333333336,-7.2499999999999964,0
-60.91666666666667,-7.2499999999999964,0
-60.75,-7.2499999999999964,0
-60.583333333333336,-7.2499999999999964,0
-60.41666666666667,-7.2499999999999964,0
-60.25,-7.2499999999999964,0
-60.083333333333336,-7.2499999999999964,0
-59.91666666666667,-7.2499999999999964,0
-59.75,-7.2499999999999964,0
-59.583333333333336,-7.2499999999999964,0
-59.41666666666667,-7.2499999999999964,0
-59.25,-7.2499999999999964,0
-59.083333333333336,-7.2499999999999964,0
-58.91666666666667,-7.2499999999999964,0
-58.75,-7.2499999999999964,0
-58.583333333333336,-7.2499999999999964,0
-58.41666666666667,-7.2499999999999964,0
-58.25,-7.2499999999999964,0
-58.083333333333336,-7.2499999999999964,0
-57.91666666666667,-7.2499999999999964,0.2
-57.75,-7.2499999999999964,0
-57.583333333333336,-7.2499999999999964,0
-57.41666666666667,-7.2499999999999964,0
-57.25,-7.2499999999999964,0
-57.083333333333336,-7.2499999999999964,0
-56.91666666666667,-7.2499999999999964,0
-56.75,-7.2499999999999964,0
-56.583333333333336,-7.2499999999999964,0
-56.41666666666667,-7.2499999999999964,0
-56.25,-7.2499999999999964,0
-56.083333333333336,-7.2499999999999964,0
-55.91666666666667,-7.2499999999999964,0
-55.75,-7.2499999999999964,0
-55.583333333333336,-7.2499999999999964,0
-55.41666666666667,-7.2499999999999964,0
-55.25,-7.2499999999999964,0
-55.083333333333336,-7.2499999999999964,0
-54.91666666666667,-7.2499999999999964,0
-54.75,-7.2499999999999964,0
-54.583333333333336,-7.2499999999999964,0
-54.41666666666667,-7.2499999999999964,0
-54.25,-7.2499999999999964,0
-54.083333333333336,-7.2499999999999964,0
-53.91666666666667,-7.2499999999999964,0
-53.75,-7.2499999999999964,0
-53.583333333333336,-7.2499999999999964,0
-53.41666666666667,-7.2499999999999964,0
-53.25,-7.2499999999999964,0
-53.083333333333336,-7.2499999999999964,0
-52.91666666666667,-7.2499999999999964,0
-52.75,-7.2499999999999964,0
-52.583333333333336,-7.2499999999999964,0
-52.41666666666667,-7.2499999999999964,0
-52.25,-7.2499999999999964,0
-52.083333333333336,-7.2499999999999964,0
-51.91666666666667,-7.2499999999999964,0
-51.75,-7.2499999999999964,0
-51.583333333333336,-7.2499999999999964,0
-51.41666666666667,-7.2499999999999964,0
-51.25,-7.2499999999999964,0
-51.083333333333336,-7.2499999999999964,0
-50.91666666666667,-7.2499999999999964,0
-50.75,-7.2499999999999964,0
-50.583333333333336,-7.2499999999999964,0
-50.41666666666667,-7.2499999999999964,0
-50.25,-7.2499999999999964,0
-50.083333333333336,-7.2499999999999964,0
-49.91666666666667,-7.2499999999999964,0
-49.75,-7.2499999999999964,0
-49.583333333333336,-7.2499999999999964,0
-49.41666666666667,-7.2499999999999964,0
-49.25,-7.2499999999999964,0
-49.083333333333336,-7.2499999999999964,0
-48.91666666666667,-7.2499999999999964,0
-48.75,-7.2499999999999964,0
-48.583333333333336,-7.2499999999999964,0
-48.41666666666667,-7.2499999999999964,0
-73.58333333333333,-7.416666666666664,0
-73.41666666666667,-7.416666666666664,0
-73.25,-7.416666666666664,0
-73.08333333333333,-7.416666666666664,0
-72.91666666666667,-7.416666666666664,0
-72.75,-7.416666666666664,0
-72.58333333333333,-7.416666666666664,0
-72.41666666666667,-7.416666666666664,0
-72.25,-7.416666666666664,0
-72.08333333333333,-7.416666666666664,0
-71.91666666666667,-7.416666666666664,0
-71.75,-7.416666666666664,0
-71.58333333333333,-7.416666666666664,0
-71.41666666666667,-7.416666666666664,0
-71.25,-7.416666666666664,0
-71.08333333333333,-7.416666666666664,0
-70.91666666666667,-7.416666666666664,0
-70.75,-7.416666666666664,0
-70.58333333333333,-7.416666666666664,0
-70.41666666666667,-7.416666666666664,0
-70.25,-7.416666666666664,0
-70.08333333333333,-7.416666666666664,0
-69.91666666666667,-7.416666666666664,0
-69.75,-7.416666666666664,0
-69.58333333333333,-7.416666666666664,0
-69.41666666666667,-7.416666666666664,0
-69.25,-7.416666666666664,0
-69.08333333333333,-7.416666666666664,0.6
-68.91666666666667,-7.416666666666664,0.6
-68.75,-7.416666666666664,0.6
-68.58333333333333,-7.416666666666664,0.8
-68.41666666666667,-7.416666666666664,0.8
-68.25,-7.416666666666664,0.8
-68.08333333333333,-7.416666666666664,0.8
-67.91666666666667,-7.416666666666664,0.8
-67.75,-7.416666666666664,0.8
-67.58333333333333,-7.416666666666664,0.8
-67.41666666666667,-7.416666666666664,0.8
-67.25,-7.416666666666664,0.8
-67.08333333333333,-7.416666666666664,0.8
-66.91666666666667,-7.416666666666664,0.6
-66.75,-7.416666666666664,0.4
-66.58333333333333,-7.416666666666664,0.4
-66.41666666666667,-7.416666666666664,0.4
-66.25,-7.416666666666664,0.4
-66.08333333333333,-7.416666666666664,0.4
-65.91666666666667,-7.416666666666664,0
-65.75,-7.416666666666664,0
-65.58333333333333,-7.416666666666664,0
-65.41666666666667,-7.416666666666664,0
-65.25,-7.416666666666664,0
-65.08333333333333,-7.416666666666664,0
-64.91666666666667,-7.416666666666664,0
-64.75,-7.416666666666664,0
-64.58333333333333,-7.416666666666664,0
-64.41666666666667,-7.416666666666664,0
-64.25,-7.416666666666664,0
-64.08333333333333,-7.416666666666664,0
-63.91666666666667,-7.416666666666664,0
-63.75,-7.416666666666664,0
-63.583333333333336,-7.416666666666664,0.4
-63.41666666666667,-7.416666666666664,0.6
-63.25,-7.416666666666664,0.6
-63.083333333333336,-7.416666666666664,0.6
-62.91666666666667,-7.416666666666664,0.6
-62.75,-7.416666666666664,0.6
-62.583333333333336,-7.416666666666664,0.4
-62.41666666666667,-7.416666666666664,0.2
-62.25,-7.416666666666664,0.2
-62.083333333333336,-7.416666666666664,0.2
-61.91666666666667,-7.416666666666664,0.4
-61.75,-7.416666666666664,0
-61.583333333333336,-7.416666666666664,0
-61.41666666666667,-7.416666666666664,0
-61.25,-7.416666666666664,0
-61.083333333333336,-7.416666666666664,0
-60.91666666666667,-7.416666666666664,0
-60.75,-7.416666666666664,0
-60.583333333333336,-7.416666666666664,0
-60.41666666666667,-7.416666666666664,0
-60.25,-7.416666666666664,0
-60.083333333333336,-7.416666666666664,0
-59.91666666666667,-7.416666666666664,0
-59.75,-7.416666666666664,0
-59.583333333333336,-7.416666666666664,0
-59.41666666666667,-7.416666666666664,0
-59.25,-7.416666666666664,0
-59.083333333333336,-7.416666666666664,0
-58.91666666666667,-7.416666666666664,0
-58.75,-7.416666666666664,0
-58.583333333333336,-7.416666666666664,0
-58.41666666666667,-7.416666666666664,0
-58.25,-7.416666666666664,0
-58.083333333333336,-7.416666666666664,0
-57.91666666666667,-7.416666666666664,0
-57.75,-7.416666666666664,0
-57.583333333333336,-7.416666666666664,0
-57.41666666666667,-7.416666666666664,0
-57.25,-7.416666666666664,0
-57.083333333333336,-7.416666666666664,0
-56.91666666666667,-7.416666666666664,0
-56.75,-7.416666666666664,0
-56.583333333333336,-7.416666666666664,0
-56.41666666666667,-7.416666666666664,0
-56.25,-7.416666666666664,0
-56.083333333333336,-7.416666666666664,0
-55.91666666666667,-7.416666666666664,0
-55.75,-7.416666666666664,0
-55.583333333333336,-7.416666666666664,0
-55.41666666666667,-7.416666666666664,0
-55.25,-7.416666666666664,0
-55.083333333333336,-7.416666666666664,0
-54.91666666666667,-7.416666666666664,0
-54.75,-7.416666666666664,0
-54.583333333333336,-7.416666666666664,0
-54.41666666666667,-7.416666666666664,0
-54.25,-7.416666666666664,0
-54.083333333333336,-7.416666666666664,0
-53.91666666666667,-7.416666666666664,0
-53.75,-7.416666666666664,0
-53.583333333333336,-7.416666666666664,0
-53.41666666666667,-7.416666666666664,0
-53.25,-7.416666666666664,0
-53.083333333333336,-7.416666666666664,0
-52.91666666666667,-7.416666666666664,0
-52.75,-7.416666666666664,0
-52.583333333333336,-7.416666666666664,0
-52.41666666666667,-7.416666666666664,0
-52.25,-7.416666666666664,0
-52.083333333333336,-7.416666666666664,0
-51.91666666666667,-7.416666666666664,0
-51.75,-7.416666666666664,0
-51.583333333333336,-7.416666666666664,0
-51.41666666666667,-7.416666666666664,0
-51.25,-7.416666666666664,0
-51.083333333333336,-7.416666666666664,0
-50.91666666666667,-7.416666666666664,0
-50.75,-7.416666666666664,0
-50.583333333333336,-7.416666666666664,0
-50.41666666666667,-7.416666666666664,0
-50.25,-7.416666666666664,0
-50.083333333333336,-7.416666666666664,0
-49.91666666666667,-7.416666666666664,0
-49.75,-7.416666666666664,0
-49.583333333333336,-7.416666666666664,0
-49.41666666666667,-7.416666666666664,0
-49.25,-7.416666666666664,0
-49.083333333333336,-7.416666666666664,0
-48.91666666666667,-7.416666666666664,0
-48.75,-7.416666666666664,0
-48.583333333333336,-7.416666666666664,0
-73.75,-7.58333333333333,0
-73.58333333333333,-7.58333333333333,0
-73.41666666666667,-7.58333333333333,0
-73.25,-7.58333333333333,0
-73.08333333333333,-7.58333333333333,0
-72.91666666666667,-7.58333333333333,0
-72.75,-7.58333333333333,0
-72.58333333333333,-7.58333333333333,0
-72.41666666666667,-7.58333333333333,0
-72.25,-7.58333333333333,0
-72.08333333333333,-7.58333333333333,0
-71.91666666666667,-7.58333333333333,0
-71.75,-7.58333333333333,0
-71.58333333333333,-7.58333333333333,0
-71.41666666666667,-7.58333333333333,0
-71.25,-7.58333333333333,0
-71.08333333333333,-7.58333333333333,0
-70.91666666666667,-7.58333333333333,0
-70.75,-7.58333333333333,0
-70.58333333333333,-7.58333333333333,0
-70.41666666666667,-7.58333333333333,0
-70.25,-7.58333333333333,0
-70.08333333333333,-7.58333333333333,0
-69.91666666666667,-7.58333333333333,0
-69.75,-7.58333333333333,0
-69.58333333333333,-7.58333333333333,0
-69.41666666666667,-7.58333333333333,0
-69.25,-7.58333333333333,0
-69.08333333333333,-7.58333333333333,0
-68.91666666666667,-7.58333333333333,0
-68.75,-7.58333333333333,0.8
-68.58333333333333,-7.58333333333333,0.6
-68.41666666666667,-7.58333333333333,0.6
-68.25,-7.58333333333333,0.6
-68.08333333333333,-7.58333333333333,0.6
-67.91666666666667,-7.58333333333333,0.6
-67.75,-7.58333333333333,0.8
-67.58333333333333,-7.58333333333333,0.8
-67.41666666666667,-7.58333333333333,0.8
-67.25,-7.58333333333333,0.8
-67.08333333333333,-7.58333333333333,0.8
-66.91666666666667,-7.58333333333333,0.8
-66.75,-7.58333333333333,0.8
-66.58333333333333,-7.58333333333333,0.4
-66.41666666666667,-7.58333333333333,0.4
-66.25,-7.58333333333333,0.4
-66.08333333333333,-7.58333333333333,0.4
-65.91666666666667,-7.58333333333333,0.4
-65.75,-7.58333333333333,0.4
-65.58333333333333,-7.58333333333333,0
-65.41666666666667,-7.58333333333333,0
-65.25,-7.58333333333333,0
-65.08333333333333,-7.58333333333333,0
-64.91666666666667,-7.58333333333333,0
-64.75,-7.58333333333333,0
-64.58333333333333,-7.58333333333333,0
-64.41666666666667,-7.58333333333333,0
-64.25,-7.58333333333333,0
-64.08333333333333,-7.58333333333333,0
-63.91666666666667,-7.58333333333333,0
-63.75,-7.58333333333333,0
-63.583333333333336,-7.58333333333333,0
-63.41666666666667,-7.58333333333333,0.6
-63.25,-7.58333333333333,0.6
-63.083333333333336,-7.58333333333333,0.6
-62.91666666666667,-7.58333333333333,0.6
-62.75,-7.58333333333333,0.6
-62.583333333333336,-7.58333333333333,0.4
-62.41666666666667,-7.58333333333333,0.4
-62.25,-7.58333333333333,0.4
-62.083333333333336,-7.58333333333333,0.6
-61.91666666666667,-7.58333333333333,0.4
-61.75,-7.58333333333333,0
-61.583333333333336,-7.58333333333333,0
-61.41666666666667,-7.58333333333333,0
-61.25,-7.58333333333333,0
-61.083333333333336,-7.58333333333333,1
-60.91666666666667,-7.58333333333333,0
-60.75,-7.58333333333333,0.8
-60.583333333333336,-7.58333333333333,0.6
-60.41666666666667,-7.58333333333333,0.4
-60.25,-7.58333333333333,0
-60.083333333333336,-7.58333333333333,0
-59.91666666666667,-7.58333333333333,0
-59.75,-7.58333333333333,0
-59.583333333333336,-7.58333333333333,0
-59.41666666666667,-7.58333333333333,0
-59.25,-7.58333333333333,0
-59.083333333333336,-7.58333333333333,0
-58.91666666666667,-7.58333333333333,0
-58.75,-7.58333333333333,0
-58.583333333333336,-7.58333333333333,0
-58.41666666666667,-7.58333333333333,0
-58.25,-7.58333333333333,0
-58.083333333333336,-7.58333333333333,0
-57.91666666666667,-7.58333333333333,0
-57.75,-7.58333333333333,0
-57.583333333333336,-7.58333333333333,0.2
-57.41666666666667,-7.58333333333333,0
-57.25,-7.58333333333333,0
-57.083333333333336,-7.58333333333333,0
-56.91666666666667,-7.58333333333333,0
-56.75,-7.58333333333333,0
-56.583333333333336,-7.58333333333333,0
-56.41666666666667,-7.58333333333333,0
-56.25,-7.58333333333333,0
-56.083333333333336,-7.58333333333333,0
-55.91666666666667,-7.58333333333333,0
-55.75,-7.58333333333333,0
-55.583333333333336,-7.58333333333333,0
-55.41666666666667,-7.58333333333333,0
-55.25,-7.58333333333333,0
-55.083333333333336,-7.58333333333333,0
-54.91666666666667,-7.58333333333333,0
-54.75,-7.58333333333333,0
-54.583333333333336,-7.58333333333333,0
-54.41666666666667,-7.58333333333333,0
-54.25,-7.58333333333333,0
-54.083333333333336,-7.58333333333333,0
-53.91666666666667,-7.58333333333333,0
-53.75,-7.58333333333333,0
-53.583333333333336,-7.58333333333333,0
-53.41666666666667,-7.58333333333333,0
-53.25,-7.58333333333333,0
-53.083333333333336,-7.58333333333333,0
-52.91666666666667,-7.58333333333333,0
-52.75,-7.58333333333333,0
-52.583333333333336,-7.58333333333333,0
-52.41666666666667,-7.58333333333333,0
-52.25,-7.58333333333333,0
-52.083333333333336,-7.58333333333333,0
-51.91666666666667,-7.58333333333333,0
-51.75,-7.58333333333333,0
-51.583333333333336,-7.58333333333333,0
-51.41666666666667,-7.58333333333333,0
-51.25,-7.58333333333333,0
-51.083333333333336,-7.58333333333333,0
-50.91666666666667,-7.58333333333333,0
-50.75,-7.58333333333333,0
-50.583333333333336,-7.58333333333333,0
-50.41666666666667,-7.58333333333333,0
-50.25,-7.58333333333333,0
-50.083333333333336,-7.58333333333333,0
-49.91666666666667,-7.58333333333333,0
-49.75,-7.58333333333333,0
-49.583333333333336,-7.58333333333333,0
-49.41666666666667,-7.58333333333333,0
-49.25,-7.58333333333333,0
-49.083333333333336,-7.58333333333333,0
-48.91666666666667,-7.58333333333333,0
-48.75,-7.58333333333333,0
-73.58333333333333,-7.7499999999999964,0
-73.41666666666667,-7.7499999999999964,0
-73.25,-7.7499999999999964,0
-73.08333333333333,-7.7499999999999964,0
-72.91666666666667,-7.7499999999999964,0
-72.75,-7.7499999999999964,0
-72.58333333333333,-7.7499999999999964,0
-72.41666666666667,-7.7499999999999964,0
-72.25,-7.7499999999999964,0
-72.08333333333333,-7.7499999999999964,0
-71.91666666666667,-7.7499999999999964,0
-71.75,-7.7499999999999964,0
-71.58333333333333,-7.7499999999999964,0
-71.41666666666667,-7.7499999999999964,0.2
-71.25,-7.7499999999999964,0.2
-71.08333333333333,-7.7499999999999964,0
-70.91666666666667,-7.7499999999999964,0
-70.75,-7.7499999999999964,0
-70.58333333333333,-7.7499999999999964,0
-70.41666666666667,-7.7499999999999964,0
-70.25,-7.7499999999999964,0
-70.08333333333333,-7.7499999999999964,0
-69.91666666666667,-7.7499999999999964,0
-69.75,-7.7499999999999964,0
-69.58333333333333,-7.7499999999999964,0
-69.41666666666667,-7.7499999999999964,0
-69.25,-7.7499999999999964,0
-69.08333333333333,-7.7499999999999964,0
-68.91666666666667,-7.7499999999999964,0
-68.75,-7.7499999999999964,0
-68.58333333333333,-7.7499999999999964,0
-68.41666666666667,-7.7499999999999964,0
-68.25,-7.7499999999999964,0.6
-68.08333333333333,-7.7499999999999964,0.6
-67.91666666666667,-7.7499999999999964,0.6
-67.75,-7.7499999999999964,0.8
-67.58333333333333,-7.7499999999999964,0.8
-67.41666666666667,-7.7499999999999964,0.8
-67.25,-7.7499999999999964,0.8
-67.08333333333333,-7.7499999999999964,0.8
-66.91666666666667,-7.7499999999999964,0.8
-66.75,-7.7499999999999964,0.8
-66.58333333333333,-7.7499999999999964,1
-66.41666666666667,-7.7499999999999964,0.6
-66.25,-7.7499999999999964,0.6
-66.08333333333333,-7.7499999999999964,0.4
-65.91666666666667,-7.7499999999999964,0.4
-65.75,-7.7499999999999964,0.2
-65.58333333333333,-7.7499999999999964,0
-65.41666666666667,-7.7499999999999964,0
-65.25,-7.7499999999999964,0
-65.08333333333333,-7.7499999999999964,0
-64.91666666666667,-7.7499999999999964,0
-64.75,-7.7499999999999964,0
-64.58333333333333,-7.7499999999999964,0
-64.41666666666667,-7.7499999999999964,0
-64.25,-7.7499999999999964,0
-64.08333333333333,-7.7499999999999964,0
-63.91666666666667,-7.7499999999999964,0
-63.75,-7.7499999999999964,0
-63.583333333333336,-7.7499999999999964,0
-63.41666666666667,-7.7499999999999964,0
-63.25,-7.7499999999999964,0.6
-63.083333333333336,-7.7499999999999964,0.6
-62.91666666666667,-7.7499999999999964,0.6
-62.75,-7.7499999999999964,0.6
-62.583333333333336,-7.7499999999999964,0.6
-62.41666666666667,-7.7499999999999964,0.2
-62.25,-7.7499999999999964,0
-62.083333333333336,-7.7499999999999964,0.6
-61.91666666666667,-7.7499999999999964,0.2
-61.75,-7.7499999999999964,0.6
-61.583333333333336,-7.7499999999999964,0.8
-61.41666666666667,-7.7499999999999964,0.8
-61.25,-7.7499999999999964,1
-61.083333333333336,-7.7499999999999964,1
-60.91666666666667,-7.7499999999999964,1
-60.75,-7.7499999999999964,0.8
-60.583333333333336,-7.7499999999999964,0.4
-60.41666666666667,-7.7499999999999964,0.4
-60.25,-7.7499999999999964,0
-60.083333333333336,-7.7499999999999964,0.2
-59.91666666666667,-7.7499999999999964,0
-59.75,-7.7499999999999964,0
-59.583333333333336,-7.7499999999999964,0
-59.41666666666667,-7.7499999999999964,0
-59.25,-7.7499999999999964,0
-59.083333333333336,-7.7499999999999964,0
-58.91666666666667,-7.7499999999999964,0
-58.75,-7.7499999999999964,0
-58.583333333333336,-7.7499999999999964,0
-58.41666666666667,-7.7499999999999964,0
-58.25,-7.7499999999999964,0
-58.083333333333336,-7.7499999999999964,0
-57.91666666666667,-7.7499999999999964,0
-57.75,-7.7499999999999964,0
-57.583333333333336,-7.7499999999999964,0
-57.41666666666667,-7.7499999999999964,0.2
-57.25,-7.7499999999999964,0
-57.083333333333336,-7.7499999999999964,0
-56.91666666666667,-7.7499999999999964,0
-56.75,-7.7499999999999964,0
-56.583333333333336,-7.7499999999999964,0
-56.41666666666667,-7.7499999999999964,0
-56.25,-7.7499999999999964,0
-56.083333333333336,-7.7499999999999964,0
-55.91666666666667,-7.7499999999999964,0
-55.75,-7.7499999999999964,0
-55.583333333333336,-7.7499999999999964,0
-55.41666666666667,-7.7499999999999964,0
-55.25,-7.7499999999999964,0
-55.083333333333336,-7.7499999999999964,0
-54.91666666666667,-7.7499999999999964,0
-54.75,-7.7499999999999964,0
-54.583333333333336,-7.7499999999999964,0
-54.41666666666667,-7.7499999999999964,0
-54.25,-7.7499999999999964,0
-54.083333333333336,-7.7499999999999964,0
-53.91666666666667,-7.7499999999999964,0
-53.75,-7.7499999999999964,0
-53.583333333333336,-7.7499999999999964,0
-53.41666666666667,-7.7499999999999964,0
-53.25,-7.7499999999999964,0
-53.083333333333336,-7.7499999999999964,0
-52.91666666666667,-7.7499999999999964,0
-52.75,-7.7499999999999964,0
-52.583333333333336,-7.7499999999999964,0
-52.41666666666667,-7.7499999999999964,0
-52.25,-7.7499999999999964,0
-52.083333333333336,-7.7499999999999964,0
-51.91666666666667,-7.7499999999999964,0
-51.75,-7.7499999999999964,0
-51.583333333333336,-7.7499999999999964,0
-51.41666666666667,-7.7499999999999964,0
-51.25,-7.7499999999999964,0
-51.083333333333336,-7.7499999999999964,0
-50.91666666666667,-7.7499999999999964,0
-50.75,-7.7499999999999964,0
-50.583333333333336,-7.7499999999999964,0
-50.41666666666667,-7.7499999999999964,0
-50.25,-7.7499999999999964,0
-50.083333333333336,-7.7499999999999964,0
-49.91666666666667,-7.7499999999999964,0
-49.75,-7.7499999999999964,0
-49.583333333333336,-7.7499999999999964,0
-49.41666666666667,-7.7499999999999964,0
-49.25,-7.7499999999999964,0
-49.083333333333336,-7.7499999999999964,0
-48.91666666666667,-7.7499999999999964,0
-48.75,-7.7499999999999964,0
-73.58333333333333,-7.916666666666664,0
-73.41666666666667,-7.916666666666664,0
-73.25,-7.916666666666664,0
-73.08333333333333,-7.916666666666664,0
-72.91666666666667,-7.916666666666664,0
-72.75,-7.916666666666664,0
-72.58333333333333,-7.916666666666664,0
-72.41666666666667,-7.916666666666664,0
-72.25,-7.916666666666664,0
-72.08333333333333,-7.916666666666664,0
-71.91666666666667,-7.916666666666664,0
-71.75,-7.916666666666664,0
-71.58333333333333,-7.916666666666664,0
-71.41666666666667,-7.916666666666664,0.2
-71.25,-7.916666666666664,0
-71.08333333333333,-7.916666666666664,0
-70.91666666666667,-7.916666666666664,0
-70.75,-7.916666666666664,0
-70.58333333333333,-7.916666666666664,0
-70.41666666666667,-7.916666666666664,0
-70.25,-7.916666666666664,0
-70.08333333333333,-7.916666666666664,0
-69.91666666666667,-7.916666666666664,0
-69.75,-7.916666666666664,0
-69.58333333333333,-7.916666666666664,0
-69.41666666666667,-7.916666666666664,0
-69.25,-7.916666666666664,0
-69.08333333333333,-7.916666666666664,0
-68.91666666666667,-7.916666666666664,0
-68.75,-7.916666666666664,0
-68.58333333333333,-7.916666666666664,0
-68.41666666666667,-7.916666666666664,0
-68.25,-7.916666666666664,0
-68.08333333333333,-7.916666666666664,0.6
-67.91666666666667,-7.916666666666664,0.6
-67.75,-7.916666666666664,0.8
-67.58333333333333,-7.916666666666664,0.8
-67.41666666666667,-7.916666666666664,0.8
-67.25,-7.916666666666664,0.8
-67.08333333333333,-7.916666666666664,0.8
-66.91666666666667,-7.916666666666664,0.8
-66.75,-7.916666666666664,0.8
-66.58333333333333,-7.916666666666664,0.6
-66.41666666666667,-7.916666666666664,0.8
-66.25,-7.916666666666664,0.6
-66.08333333333333,-7.916666666666664,0.4
-65.91666666666667,-7.916666666666664,0.4
-65.75,-7.916666666666664,0.2
-65.58333333333333,-7.916666666666664,0
-65.41666666666667,-7.916666666666664,0
-65.25,-7.916666666666664,0
-65.08333333333333,-7.916666666666664,0
-64.91666666666667,-7.916666666666664,0
-64.75,-7.916666666666664,0
-64.58333333333333,-7.916666666666664,0
-64.41666666666667,-7.916666666666664,0
-64.25,-7.916666666666664,0
-64.08333333333333,-7.916666666666664,0
-63.91666666666667,-7.916666666666664,0
-63.75,-7.916666666666664,0
-63.583333333333336,-7.916666666666664,0
-63.41666666666667,-7.916666666666664,0
-63.25,-7.916666666666664,0.2
-63.083333333333336,-7.916666666666664,0.2
-62.91666666666667,-7.916666666666664,0.4
-62.75,-7.916666666666664,0.4
-62.583333333333336,-7.916666666666664,0.4
-62.41666666666667,-7.916666666666664,0
-62.25,-7.916666666666664,0.2
-62.083333333333336,-7.916666666666664,0.2
-61.91666666666667,-7.916666666666664,0.6
-61.75,-7.916666666666664,0.6
-61.583333333333336,-7.916666666666664,0.8
-61.41666666666667,-7.916666666666664,0.8
-61.25,-7.916666666666664,1
-61.083333333333336,-7.916666666666664,1
-60.91666666666667,-7.916666666666664,1
-60.75,-7.916666666666664,0.4
-60.583333333333336,-7.916666666666664,0.6
-60.41666666666667,-7.916666666666664,0
-60.25,-7.916666666666664,0.4
-60.083333333333336,-7.916666666666664,0.2
-59.91666666666667,-7.916666666666664,0
-59.75,-7.916666666666664,0
-59.583333333333336,-7.916666666666664,0
-59.41666666666667,-7.916666666666664,0
-59.25,-7.916666666666664,0
-59.083333333333336,-7.916666666666664,0
-58.91666666666667,-7.916666666666664,0
-58.75,-7.916666666666664,0
-58.583333333333336,-7.916666666666664,0
-58.41666666666667,-7.916666666666664,0
-58.25,-7.916666666666664,0
-58.083333333333336,-7.916666666666664,0
-57.91666666666667,-7.916666666666664,0
-57.75,-7.916666666666664,0
-57.583333333333336,-7.916666666666664,0
-57.41666666666667,-7.916666666666664,0
-57.25,-7.916666666666664,0.2
-57.083333333333336,-7.916666666666664,0
-56.91666666666667,-7.916666666666664,0
-56.75,-7.916666666666664,0
-56.583333333333336,-7.916666666666664,0
-56.41666666666667,-7.916666666666664,0
-56.25,-7.916666666666664,0
-56.083333333333336,-7.916666666666664,0
-55.91666666666667,-7.916666666666664,0
-55.75,-7.916666666666664,0
-55.583333333333336,-7.916666666666664,0
-55.41666666666667,-7.916666666666664,0
-55.25,-7.916666666666664,0
-55.083333333333336,-7.916666666666664,0
-54.91666666666667,-7.916666666666664,0
-54.75,-7.916666666666664,0
-54.583333333333336,-7.916666666666664,0
-54.41666666666667,-7.916666666666664,0
-54.25,-7.916666666666664,0
-54.083333333333336,-7.916666666666664,0
-53.91666666666667,-7.916666666666664,0
-53.75,-7.916666666666664,0
-53.583333333333336,-7.916666666666664,0
-53.41666666666667,-7.916666666666664,0
-53.25,-7.916666666666664,0
-53.083333333333336,-7.916666666666664,0
-52.91666666666667,-7.916666666666664,0
-52.75,-7.916666666666664,0
-52.583333333333336,-7.916666666666664,0
-52.41666666666667,-7.916666666666664,0
-52.25,-7.916666666666664,0
-52.083333333333336,-7.916666666666664,0
-51.91666666666667,-7.916666666666664,0
-51.75,-7.916666666666664,0
-51.583333333333336,-7.916666666666664,0
-51.41666666666667,-7.916666666666664,0
-51.25,-7.916666666666664,0
-51.083333333333336,-7.916666666666664,0
-50.91666666666667,-7.916666666666664,0
-50.75,-7.916666666666664,0
-50.583333333333336,-7.916666666666664,0
-50.41666666666667,-7.916666666666664,0
-50.25,-7.916666666666664,0
-50.083333333333336,-7.916666666666664,0
-49.41666666666667,-7.916666666666664,0
-49.25,-7.916666666666664,0
-49.083333333333336,-7.916666666666664,0
-48.91666666666667,-7.916666666666664,0
-48.75,-7.916666666666664,0
-73.41666666666667,-8.08333333333333,0
-73.25,-8.08333333333333,0
-73.08333333333333,-8.08333333333333,0
-72.91666666666667,-8.08333333333333,0
-72.75,-8.08333333333333,0
-72.58333333333333,-8.08333333333333,0
-72.41666666666667,-8.08333333333333,0
-72.25,-8.08333333333333,0
-72.08333333333333,-8.08333333333333,0
-71.91666666666667,-8.08333333333333,0
-71.75,-8.08333333333333,0
-71.58333333333333,-8.08333333333333,0
-71.41666666666667,-8.08333333333333,0
-71.25,-8.08333333333333,0
-71.08333333333333,-8.08333333333333,0
-70.91666666666667,-8.08333333333333,0
-70.75,-8.08333333333333,0
-70.58333333333333,-8.08333333333333,0
-70.41666666666667,-8.08333333333333,0
-70.25,-8.08333333333333,0
-70.08333333333333,-8.08333333333333,0
-69.91666666666667,-8.08333333333333,0
-69.75,-8.08333333333333,0
-69.58333333333333,-8.08333333333333,0
-69.41666666666667,-8.08333333333333,0
-69.25,-8.08333333333333,0.2
-69.08333333333333,-8.08333333333333,0
-68.91666666666667,-8.08333333333333,0
-68.75,-8.08333333333333,0
-68.58333333333333,-8.08333333333333,0
-68.41666666666667,-8.08333333333333,0
-68.25,-8.08333333333333,0
-68.08333333333333,-8.08333333333333,0
-67.91666666666667,-8.08333333333333,0
-67.75,-8.08333333333333,0.8
-67.58333333333333,-8.08333333333333,0.8
-67.41666666666667,-8.08333333333333,0.8
-67.25,-8.08333333333333,0.8
-67.08333333333333,-8.08333333333333,0.8
-66.91666666666667,-8.08333333333333,0.6
-66.75,-8.08333333333333,0.8
-66.58333333333333,-8.08333333333333,0.8
-66.41666666666667,-8.08333333333333,0.8
-66.25,-8.08333333333333,0.6
-66.08333333333333,-8.08333333333333,0.6
-65.91666666666667,-8.08333333333333,0.2
-65.75,-8.08333333333333,0.2
-65.58333333333333,-8.08333333333333,0
-65.41666666666667,-8.08333333333333,0
-65.25,-8.08333333333333,0
-65.08333333333333,-8.08333333333333,0.2
-64.91666666666667,-8.08333333333333,0
-64.75,-8.08333333333333,0
-64.58333333333333,-8.08333333333333,0
-64.41666666666667,-8.08333333333333,0
-64.25,-8.08333333333333,0
-64.08333333333333,-8.08333333333333,0
-63.91666666666667,-8.08333333333333,0.2
-63.75,-8.08333333333333,0
-63.583333333333336,-8.08333333333333,0.2
-63.41666666666667,-8.08333333333333,0.8
-63.25,-8.08333333333333,0.6
-63.083333333333336,-8.08333333333333,0.4
-62.91666666666667,-8.08333333333333,0.6
-62.75,-8.08333333333333,0.6
-62.583333333333336,-8.08333333333333,0.4
-62.41666666666667,-8.08333333333333,0.4
-62.25,-8.08333333333333,0
-62.083333333333336,-8.08333333333333,0
-61.91666666666667,-8.08333333333333,0
-61.75,-8.08333333333333,0.6
-61.583333333333336,-8.08333333333333,0.6
-61.41666666666667,-8.08333333333333,0.8
-61.25,-8.08333333333333,0.8
-61.083333333333336,-8.08333333333333,0.8
-60.91666666666667,-8.08333333333333,0.6
-60.75,-8.08333333333333,0
-60.583333333333336,-8.08333333333333,0.4
-60.41666666666667,-8.08333333333333,0.2
-60.25,-8.08333333333333,0.4
-60.083333333333336,-8.08333333333333,0.2
-59.91666666666667,-8.08333333333333,0
-59.75,-8.08333333333333,0
-59.583333333333336,-8.08333333333333,0
-59.41666666666667,-8.08333333333333,0
-59.25,-8.08333333333333,0
-59.083333333333336,-8.08333333333333,0
-58.91666666666667,-8.08333333333333,0
-58.75,-8.08333333333333,0
-58.583333333333336,-8.08333333333333,0
-58.41666666666667,-8.08333333333333,0
-58.25,-8.08333333333333,0
-58.083333333333336,-8.08333333333333,0
-57.91666666666667,-8.08333333333333,0
-57.75,-8.08333333333333,0
-57.583333333333336,-8.08333333333333,0
-57.41666666666667,-8.08333333333333,0
-57.25,-8.08333333333333,0.2
-57.083333333333336,-8.08333333333333,0
-56.91666666666667,-8.08333333333333,0
-56.75,-8.08333333333333,0
-56.583333333333336,-8.08333333333333,0
-56.41666666666667,-8.08333333333333,0
-56.25,-8.08333333333333,0
-56.083333333333336,-8.08333333333333,0
-55.91666666666667,-8.08333333333333,0
-55.75,-8.08333333333333,0
-55.583333333333336,-8.08333333333333,0
-55.41666666666667,-8.08333333333333,0
-55.25,-8.08333333333333,0.2
-55.083333333333336,-8.08333333333333,0.4
-54.91666666666667,-8.08333333333333,0
-54.75,-8.08333333333333,0
-54.583333333333336,-8.08333333333333,0
-54.41666666666667,-8.08333333333333,0
-54.25,-8.08333333333333,0
-54.083333333333336,-8.08333333333333,0
-53.91666666666667,-8.08333333333333,0
-53.75,-8.08333333333333,0
-53.583333333333336,-8.08333333333333,0
-53.41666666666667,-8.08333333333333,0
-53.25,-8.08333333333333,0
-53.083333333333336,-8.08333333333333,0
-52.91666666666667,-8.08333333333333,0
-52.75,-8.08333333333333,0
-52.583333333333336,-8.08333333333333,0
-52.41666666666667,-8.08333333333333,0
-52.25,-8.08333333333333,0
-52.083333333333336,-8.08333333333333,0
-51.91666666666667,-8.08333333333333,0
-51.75,-8.08333333333333,0
-51.583333333333336,-8.08333333333333,0
-51.41666666666667,-8.08333333333333,0
-51.25,-8.08333333333333,0
-51.083333333333336,-8.08333333333333,0
-50.91666666666667,-8.08333333333333,0
-50.75,-8.08333333333333,0
-50.583333333333336,-8.08333333333333,0
-50.41666666666667,-8.08333333333333,0
-50.25,-8.08333333333333,0
-49.41666666666667,-8.08333333333333,0
-49.25,-8.08333333333333,0
-49.083333333333336,-8.08333333333333,0
-48.91666666666667,-8.08333333333333,0
-48.75,-8.08333333333333,0
-73.41666666666667,-8.249999999999996,0
-73.25,-8.249999999999996,0
-73.08333333333333,-8.249999999999996,0
-72.91666666666667,-8.249999999999996,0
-72.75,-8.249999999999996,0
-72.58333333333333,-8.249999999999996,0
-72.41666666666667,-8.249999999999996,0
-72.25,-8.249999999999996,0
-72.08333333333333,-8.249999999999996,0
-71.91666666666667,-8.249999999999996,0
-71.75,-8.249999999999996,0
-71.58333333333333,-8.249999999999996,0
-71.41666666666667,-8.249999999999996,0
-71.25,-8.249999999999996,0
-71.08333333333333,-8.249999999999996,0
-70.91666666666667,-8.249999999999996,0
-70.75,-8.249999999999996,0
-70.58333333333333,-8.249999999999996,0
-70.41666666666667,-8.249999999999996,0
-70.25,-8.249999999999996,0
-70.08333333333333,-8.249999999999996,0
-69.91666666666667,-8.249999999999996,0
-69.75,-8.249999999999996,0
-69.58333333333333,-8.249999999999996,0
-69.41666666666667,-8.249999999999996,0
-69.25,-8.249999999999996,0
-69.08333333333333,-8.249999999999996,0
-68.91666666666667,-8.249999999999996,0
-68.75,-8.249999999999996,0
-68.58333333333333,-8.249999999999996,0
-68.41666666666667,-8.249999999999996,0
-68.25,-8.249999999999996,0
-68.08333333333333,-8.249999999999996,0
-67.91666666666667,-8.249999999999996,0
-67.75,-8.249999999999996,0
-67.58333333333333,-8.249999999999996,0.6
-67.41666666666667,-8.249999999999996,0.8
-67.25,-8.249999999999996,0.8
-67.08333333333333,-8.249999999999996,0.8
-66.91666666666667,-8.249999999999996,0.8
-66.75,-8.249999999999996,0.6
-66.58333333333333,-8.249999999999996,0.6
-66.41666666666667,-8.249999999999996,0.8
-66.25,-8.249999999999996,1
-66.08333333333333,-8.249999999999996,0.4
-65.91666666666667,-8.249999999999996,0.4
-65.75,-8.249999999999996,0.6
-65.58333333333333,-8.249999999999996,0.4
-65.41666666666667,-8.249999999999996,0.4
-65.25,-8.249999999999996,0
-65.08333333333333,-8.249999999999996,0.2
-64.91666666666667,-8.249999999999996,0
-64.75,-8.249999999999996,0
-64.58333333333333,-8.249999999999996,0
-64.41666666666667,-8.249999999999996,0.2
-64.25,-8.249999999999996,0
-64.08333333333333,-8.249999999999996,0.2
-63.91666666666667,-8.249999999999996,0.2
-63.75,-8.249999999999996,0.4
-63.583333333333336,-8.249999999999996,1
-63.41666666666667,-8.249999999999996,1
-63.25,-8.249999999999996,0.8
-63.083333333333336,-8.249999999999996,0.8
-62.91666666666667,-8.249999999999996,0.8
-62.75,-8.249999999999996,0.8
-62.583333333333336,-8.249999999999996,0.8
-62.41666666666667,-8.249999999999996,0
-62.25,-8.249999999999996,0
-62.083333333333336,-8.249999999999996,0
-61.91666666666667,-8.249999999999996,0
-61.75,-8.249999999999996,0.6
-61.583333333333336,-8.249999999999996,0.6
-61.41666666666667,-8.249999999999996,0.6
-61.25,-8.249999999999996,0.8
-61.083333333333336,-8.249999999999996,1
-60.91666666666667,-8.249999999999996,1
-60.75,-8.249999999999996,0.6
-60.583333333333336,-8.249999999999996,0.4
-60.41666666666667,-8.249999999999996,0.6
-60.25,-8.249999999999996,0.2
-60.083333333333336,-8.249999999999996,0.2
-59.91666666666667,-8.249999999999996,0.2
-59.75,-8.249999999999996,0.2
-59.583333333333336,-8.249999999999996,0.2
-59.41666666666667,-8.249999999999996,0
-59.25,-8.249999999999996,0
-59.083333333333336,-8.249999999999996,0
-58.91666666666667,-8.249999999999996,0
-58.75,-8.249999999999996,0
-58.583333333333336,-8.249999999999996,0
-58.41666666666667,-8.249999999999996,0
-58.25,-8.249999999999996,0
-58.083333333333336,-8.249999999999996,0
-57.91666666666667,-8.249999999999996,0
-57.75,-8.249999999999996,0
-57.583333333333336,-8.249999999999996,0
-57.41666666666667,-8.249999999999996,0.2
-57.25,-8.249999999999996,0
-57.083333333333336,-8.249999999999996,0
-56.91666666666667,-8.249999999999996,0
-56.75,-8.249999999999996,0
-56.583333333333336,-8.249999999999996,0
-56.41666666666667,-8.249999999999996,0
-56.25,-8.249999999999996,0
-56.083333333333336,-8.249999999999996,0
-55.91666666666667,-8.249999999999996,0
-55.75,-8.249999999999996,0
-55.583333333333336,-8.249999999999996,0
-55.41666666666667,-8.249999999999996,0
-55.25,-8.249999999999996,0
-55.083333333333336,-8.249999999999996,0.4
-54.91666666666667,-8.249999999999996,0
-54.75,-8.249999999999996,0
-54.583333333333336,-8.249999999999996,0
-54.41666666666667,-8.249999999999996,0
-54.25,-8.249999999999996,0
-54.083333333333336,-8.249999999999996,0
-53.91666666666667,-8.249999999999996,0
-53.75,-8.249999999999996,0
-53.583333333333336,-8.249999999999996,0
-53.41666666666667,-8.249999999999996,0
-53.25,-8.249999999999996,0
-53.083333333333336,-8.249999999999996,0
-52.91666666666667,-8.249999999999996,0
-52.75,-8.249999999999996,0
-52.583333333333336,-8.249999999999996,0
-52.41666666666667,-8.249999999999996,0
-52.25,-8.249999999999996,0
-52.083333333333336,-8.249999999999996,0
-51.91666666666667,-8.249999999999996,0
-51.75,-8.249999999999996,0
-51.583333333333336,-8.249999999999996,0
-51.41666666666667,-8.249999999999996,0
-51.25,-8.249999999999996,0
-51.083333333333336,-8.249999999999996,0
-50.91666666666667,-8.249999999999996,0
-50.75,-8.249999999999996,0
-50.583333333333336,-8.249999999999996,0
-50.41666666666667,-8.249999999999996,0
-50.25,-8.249999999999996,0
-49.41666666666667,-8.249999999999996,0
-49.25,-8.249999999999996,0
-49.083333333333336,-8.249999999999996,0
-48.91666666666667,-8.249999999999996,0
-48.75,-8.249999999999996,0
-73.25,-8.416666666666664,0
-73.08333333333333,-8.416666666666664,0
-72.91666666666667,-8.416666666666664,0
-72.75,-8.416666666666664,0
-72.58333333333333,-8.416666666666664,0
-72.41666666666667,-8.416666666666664,0
-72.25,-8.416666666666664,0
-72.08333333333333,-8.416666666666664,0
-71.91666666666667,-8.416666666666664,0
-71.75,-8.416666666666664,0
-71.58333333333333,-8.416666666666664,0
-71.41666666666667,-8.416666666666664,0
-71.25,-8.416666666666664,0
-71.08333333333333,-8.416666666666664,0
-70.91666666666667,-8.416666666666664,0
-70.75,-8.416666666666664,0
-70.58333333333333,-8.416666666666664,0
-70.41666666666667,-8.416666666666664,0
-70.25,-8.416666666666664,0
-70.08333333333333,-8.416666666666664,0
-69.91666666666667,-8.416666666666664,0
-69.75,-8.416666666666664,0
-69.58333333333333,-8.416666666666664,0
-69.41666666666667,-8.416666666666664,0
-69.25,-8.416666666666664,0
-69.08333333333333,-8.416666666666664,0
-68.91666666666667,-8.416666666666664,0
-68.75,-8.416666666666664,0
-68.58333333333333,-8.416666666666664,0
-68.41666666666667,-8.416666666666664,0
-68.25,-8.416666666666664,0
-68.08333333333333,-8.416666666666664,0
-67.91666666666667,-8.416666666666664,0
-67.75,-8.416666666666664,0.2
-67.58333333333333,-8.416666666666664,0.8
-67.41666666666667,-8.416666666666664,0.8
-67.25,-8.416666666666664,0.8
-67.08333333333333,-8.416666666666664,0.8
-66.91666666666667,-8.416666666666664,0.6
-66.75,-8.416666666666664,0.6
-66.58333333333333,-8.416666666666664,0.8
-66.41666666666667,-8.416666666666664,1
-66.25,-8.416666666666664,0.8
-66.08333333333333,-8.416666666666664,0.4
-65.91666666666667,-8.416666666666664,0.4
-65.75,-8.416666666666664,0.6
-65.58333333333333,-8.416666666666664,0.6
-65.41666666666667,-8.416666666666664,0.2
-65.25,-8.416666666666664,0.2
-65.08333333333333,-8.416666666666664,0.2
-64.91666666666667,-8.416666666666664,0
-64.75,-8.416666666666664,0
-64.58333333333333,-8.416666666666664,0
-64.41666666666667,-8.416666666666664,0.2
-64.25,-8.416666666666664,0
-64.08333333333333,-8.416666666666664,0.4
-63.91666666666667,-8.416666666666664,0.6
-63.75,-8.416666666666664,1
-63.583333333333336,-8.416666666666664,1
-63.41666666666667,-8.416666666666664,1
-63.25,-8.416666666666664,0.8
-63.083333333333336,-8.416666666666664,1
-62.91666666666667,-8.416666666666664,1
-62.75,-8.416666666666664,0.8
-62.583333333333336,-8.416666666666664,0.8
-62.41666666666667,-8.416666666666664,0
-62.25,-8.416666666666664,0
-62.083333333333336,-8.416666666666664,0
-61.91666666666667,-8.416666666666664,0
-61.75,-8.416666666666664,0.6
-61.583333333333336,-8.416666666666664,0.6
-61.41666666666667,-8.416666666666664,0.6
-61.25,-8.416666666666664,1
-61.083333333333336,-8.416666666666664,1
-60.91666666666667,-8.416666666666664,1
-60.75,-8.416666666666664,0.8
-60.583333333333336,-8.416666666666664,0
-60.41666666666667,-8.416666666666664,0.6
-60.25,-8.416666666666664,0
-60.083333333333336,-8.416666666666664,0.2
-59.91666666666667,-8.416666666666664,0.2
-59.75,-8.416666666666664,0.2
-59.583333333333336,-8.416666666666664,0
-59.41666666666667,-8.416666666666664,0
-59.25,-8.416666666666664,0
-59.083333333333336,-8.416666666666664,0
-58.91666666666667,-8.416666666666664,0
-58.75,-8.416666666666664,0
-58.583333333333336,-8.416666666666664,0
-58.41666666666667,-8.416666666666664,0
-58.25,-8.416666666666664,0
-58.083333333333336,-8.416666666666664,0
-57.91666666666667,-8.416666666666664,0
-57.75,-8.416666666666664,0
-57.583333333333336,-8.416666666666664,0
-57.41666666666667,-8.416666666666664,0
-57.25,-8.416666666666664,0
-57.083333333333336,-8.416666666666664,0
-56.91666666666667,-8.416666666666664,0
-56.75,-8.416666666666664,0
-56.583333333333336,-8.416666666666664,0
-56.41666666666667,-8.416666666666664,0
-56.25,-8.416666666666664,0
-56.083333333333336,-8.416666666666664,0
-55.91666666666667,-8.416666666666664,0
-55.75,-8.416666666666664,0
-55.583333333333336,-8.416666666666664,0
-55.41666666666667,-8.416666666666664,0.2
-55.25,-8.416666666666664,0
-55.083333333333336,-8.416666666666664,0.2
-54.91666666666667,-8.416666666666664,0
-54.75,-8.416666666666664,0
-54.583333333333336,-8.416666666666664,0
-54.41666666666667,-8.416666666666664,0
-54.25,-8.416666666666664,0
-54.083333333333336,-8.416666666666664,0
-53.91666666666667,-8.416666666666664,0
-53.75,-8.416666666666664,0
-53.583333333333336,-8.416666666666664,0
-53.41666666666667,-8.416666666666664,0
-53.25,-8.416666666666664,0
-53.083333333333336,-8.416666666666664,0
-52.91666666666667,-8.416666666666664,0
-52.75,-8.416666666666664,0
-52.583333333333336,-8.416666666666664,0
-52.41666666666667,-8.416666666666664,0
-52.25,-8.416666666666664,0
-52.083333333333336,-8.416666666666664,0
-51.91666666666667,-8.416666666666664,0
-51.75,-8.416666666666664,0
-51.583333333333336,-8.416666666666664,0
-51.41666666666667,-8.416666666666664,0
-51.25,-8.416666666666664,0
-51.083333333333336,-8.416666666666664,0
-50.91666666666667,-8.416666666666664,0
-50.75,-8.416666666666664,0
-50.583333333333336,-8.416666666666664,0
-50.41666666666667,-8.416666666666664,0
-50.25,-8.416666666666664,0
-48.75,-8.416666666666664,0
-73.08333333333333,-8.58333333333333,0
-72.91666666666667,-8.58333333333333,0
-72.75,-8.58333333333333,0
-72.58333333333333,-8.58333333333333,0
-72.41666666666667,-8.58333333333333,0
-72.25,-8.58333333333333,0
-72.08333333333333,-8.58333333333333,0
-71.91666666666667,-8.58333333333333,0
-71.75,-8.58333333333333,0
-71.58333333333333,-8.58333333333333,0
-71.41666666666667,-8.58333333333333,0
-71.25,-8.58333333333333,0
-71.08333333333333,-8.58333333333333,0
-70.91666666666667,-8.58333333333333,0
-70.75,-8.58333333333333,0
-70.58333333333333,-8.58333333333333,0
-70.41666666666667,-8.58333333333333,0
-70.25,-8.58333333333333,0
-70.08333333333333,-8.58333333333333,0
-69.91666666666667,-8.58333333333333,0
-69.75,-8.58333333333333,0
-69.58333333333333,-8.58333333333333,0
-69.41666666666667,-8.58333333333333,0
-69.25,-8.58333333333333,0
-69.08333333333333,-8.58333333333333,0
-68.91666666666667,-8.58333333333333,0
-68.75,-8.58333333333333,0
-68.58333333333333,-8.58333333333333,0
-68.41666666666667,-8.58333333333333,0
-68.25,-8.58333333333333,0
-68.08333333333333,-8.58333333333333,0
-67.91666666666667,-8.58333333333333,0
-67.75,-8.58333333333333,0
-67.58333333333333,-8.58333333333333,0
-67.41666666666667,-8.58333333333333,0.8
-67.25,-8.58333333333333,0.8
-67.08333333333333,-8.58333333333333,0.8
-66.91666666666667,-8.58333333333333,0.8
-66.75,-8.58333333333333,0.8
-66.58333333333333,-8.58333333333333,0.8
-66.41666666666667,-8.58333333333333,0.8
-66.25,-8.58333333333333,0.8
-66.08333333333333,-8.58333333333333,0.6
-65.91666666666667,-8.58333333333333,0.4
-65.75,-8.58333333333333,0.6
-65.58333333333333,-8.58333333333333,0.6
-65.41666666666667,-8.58333333333333,0.4
-65.25,-8.58333333333333,0.2
-65.08333333333333,-8.58333333333333,0.2
-64.91666666666667,-8.58333333333333,0.4
-64.75,-8.58333333333333,0.2
-64.58333333333333,-8.58333333333333,0.6
-64.41666666666667,-8.58333333333333,0.4
-64.25,-8.58333333333333,0.4
-64.08333333333333,-8.58333333333333,0.8
-63.91666666666667,-8.58333333333333,1
-63.75,-8.58333333333333,1
-63.583333333333336,-8.58333333333333,1
-63.41666666666667,-8.58333333333333,0.8
-63.25,-8.58333333333333,1
-63.083333333333336,-8.58333333333333,1
-62.91666666666667,-8.58333333333333,0.8
-62.75,-8.58333333333333,0.8
-62.583333333333336,-8.58333333333333,0.8
-62.41666666666667,-8.58333333333333,0.2
-62.25,-8.58333333333333,0
-62.083333333333336,-8.58333333333333,0
-61.91666666666667,-8.58333333333333,0.8
-61.75,-8.58333333333333,0.6
-61.583333333333336,-8.58333333333333,0.6
-61.41666666666667,-8.58333333333333,0.6
-61.25,-8.58333333333333,0.6
-61.083333333333336,-8.58333333333333,0.8
-60.91666666666667,-8.58333333333333,0.8
-60.75,-8.58333333333333,0.4
-60.583333333333336,-8.58333333333333,0
-60.41666666666667,-8.58333333333333,0.2
-60.25,-8.58333333333333,0.2
-60.083333333333336,-8.58333333333333,0
-59.91666666666667,-8.58333333333333,0
-59.75,-8.58333333333333,0.2
-59.583333333333336,-8.58333333333333,0.4
-59.41666666666667,-8.58333333333333,0.2
-59.25,-8.58333333333333,0.2
-59.083333333333336,-8.58333333333333,0
-58.91666666666667,-8.58333333333333,0
-58.75,-8.58333333333333,0
-58.583333333333336,-8.58333333333333,0
-58.41666666666667,-8.58333333333333,0
-58.25,-8.58333333333333,0
-58.083333333333336,-8.58333333333333,0
-57.91666666666667,-8.58333333333333,0
-57.75,-8.58333333333333,0
-57.583333333333336,-8.58333333333333,0
-57.41666666666667,-8.58333333333333,0
-57.25,-8.58333333333333,0
-57.083333333333336,-8.58333333333333,0
-56.91666666666667,-8.58333333333333,0
-56.75,-8.58333333333333,0
-56.583333333333336,-8.58333333333333,0
-56.41666666666667,-8.58333333333333,0
-56.25,-8.58333333333333,0
-56.083333333333336,-8.58333333333333,0
-55.91666666666667,-8.58333333333333,0
-55.75,-8.58333333333333,0
-55.583333333333336,-8.58333333333333,0
-55.41666666666667,-8.58333333333333,0
-55.25,-8.58333333333333,0
-55.083333333333336,-8.58333333333333,0.4
-54.91666666666667,-8.58333333333333,0
-54.75,-8.58333333333333,0
-54.583333333333336,-8.58333333333333,0
-54.41666666666667,-8.58333333333333,0
-54.25,-8.58333333333333,0
-54.083333333333336,-8.58333333333333,0
-53.91666666666667,-8.58333333333333,0
-53.75,-8.58333333333333,0
-53.583333333333336,-8.58333333333333,0
-53.41666666666667,-8.58333333333333,0
-53.25,-8.58333333333333,0
-53.083333333333336,-8.58333333333333,0
-52.91666666666667,-8.58333333333333,0
-52.75,-8.58333333333333,0
-52.583333333333336,-8.58333333333333,0
-52.41666666666667,-8.58333333333333,0
-52.25,-8.58333333333333,0
-52.083333333333336,-8.58333333333333,0
-51.91666666666667,-8.58333333333333,0
-51.75,-8.58333333333333,0
-51.583333333333336,-8.58333333333333,0
-51.41666666666667,-8.58333333333333,0
-51.25,-8.58333333333333,0
-51.083333333333336,-8.58333333333333,0
-50.91666666666667,-8.58333333333333,0
-50.75,-8.58333333333333,0
-50.583333333333336,-8.58333333333333,0
-50.41666666666667,-8.58333333333333,0
-50.25,-8.58333333333333,0
-48.75,-8.58333333333333,0
-72.91666666666667,-8.749999999999996,0
-72.75,-8.749999999999996,0
-72.58333333333333,-8.749999999999996,0
-72.41666666666667,-8.749999999999996,0
-72.25,-8.749999999999996,0
-72.08333333333333,-8.749999999999996,0
-71.91666666666667,-8.749999999999996,0
-71.75,-8.749999999999996,0
-71.58333333333333,-8.749999999999996,0
-71.41666666666667,-8.749999999999996,0
-71.25,-8.749999999999996,0
-71.08333333333333,-8.749999999999996,0
-70.91666666666667,-8.749999999999996,0
-70.75,-8.749999999999996,0
-70.58333333333333,-8.749999999999996,0
-70.41666666666667,-8.749999999999996,0
-70.25,-8.749999999999996,0
-70.08333333333333,-8.749999999999996,0
-69.91666666666667,-8.749999999999996,0
-69.75,-8.749999999999996,0
-69.58333333333333,-8.749999999999996,0
-69.41666666666667,-8.749999999999996,0
-69.25,-8.749999999999996,0
-69.08333333333333,-8.749999999999996,0
-68.91666666666667,-8.749999999999996,0
-68.75,-8.749999999999996,0
-68.58333333333333,-8.749999999999996,0
-68.41666666666667,-8.749999999999996,0
-68.25,-8.749999999999996,0
-68.08333333333333,-8.749999999999996,0
-67.91666666666667,-8.749999999999996,0
-67.75,-8.749999999999996,0
-67.58333333333333,-8.749999999999996,0
-67.41666666666667,-8.749999999999996,0.8
-67.25,-8.749999999999996,0.8
-67.08333333333333,-8.749999999999996,0.8
-66.91666666666667,-8.749999999999996,0.8
-66.75,-8.749999999999996,0.8
-66.58333333333333,-8.749999999999996,0.8
-66.41666666666667,-8.749999999999996,0.8
-66.25,-8.749999999999996,0.6
-66.08333333333333,-8.749999999999996,0.6
-65.91666666666667,-8.749999999999996,0.6
-65.75,-8.749999999999996,0.6
-65.58333333333333,-8.749999999999996,0.4
-65.41666666666667,-8.749999999999996,0.2
-65.25,-8.749999999999996,0.6
-65.08333333333333,-8.749999999999996,0.4
-64.91666666666667,-8.749999999999996,0.6
-64.75,-8.749999999999996,0.4
-64.58333333333333,-8.749999999999996,0.6
-64.41666666666667,-8.749999999999996,0.6
-64.25,-8.749999999999996,0.8
-64.08333333333333,-8.749999999999996,0.8
-63.91666666666667,-8.749999999999996,0.4
-63.75,-8.749999999999996,0.6
-63.583333333333336,-8.749999999999996,0.8
-63.41666666666667,-8.749999999999996,1
-63.25,-8.749999999999996,1
-63.083333333333336,-8.749999999999996,1
-62.91666666666667,-8.749999999999996,1
-62.75,-8.749999999999996,1
-62.583333333333336,-8.749999999999996,0.8
-62.41666666666667,-8.749999999999996,0.2
-62.25,-8.749999999999996,0
-62.083333333333336,-8.749999999999996,0
-61.91666666666667,-8.749999999999996,0.6
-61.75,-8.749999999999996,0.6
-61.583333333333336,-8.749999999999996,0.6
-61.41666666666667,-8.749999999999996,0.6
-61.25,-8.749999999999996,0.6
-61.083333333333336,-8.749999999999996,0.6
-60.91666666666667,-8.749999999999996,0.6
-60.75,-8.749999999999996,0.6
-60.583333333333336,-8.749999999999996,0
-60.41666666666667,-8.749999999999996,0.2
-60.25,-8.749999999999996,0.4
-60.083333333333336,-8.749999999999996,0
-59.91666666666667,-8.749999999999996,0
-59.75,-8.749999999999996,0
-59.583333333333336,-8.749999999999996,0
-59.41666666666667,-8.749999999999996,0.2
-59.25,-8.749999999999996,0.2
-59.083333333333336,-8.749999999999996,0
-58.91666666666667,-8.749999999999996,0
-58.75,-8.749999999999996,0
-58.583333333333336,-8.749999999999996,0
-58.41666666666667,-8.749999999999996,0
-58.25,-8.749999999999996,0
-58.083333333333336,-8.749999999999996,0
-57.91666666666667,-8.749999999999996,0
-57.75,-8.749999999999996,0
-57.583333333333336,-8.749999999999996,0
-57.41666666666667,-8.749999999999996,0
-57.25,-8.749999999999996,0
-57.083333333333336,-8.749999999999996,0
-56.91666666666667,-8.749999999999996,0
-56.75,-8.749999999999996,0.2
-56.583333333333336,-8.749999999999996,0.2
-56.41666666666667,-8.749999999999996,0.2
-56.25,-8.749999999999996,0
-56.083333333333336,-8.749999999999996,0
-55.91666666666667,-8.749999999999996,0
-55.75,-8.749999999999996,0
-55.583333333333336,-8.749999999999996,0
-55.41666666666667,-8.749999999999996,0.2
-55.25,-8.749999999999996,0.2
-55.083333333333336,-8.749999999999996,0
-54.91666666666667,-8.749999999999996,0.2
-54.75,-8.749999999999996,0
-54.583333333333336,-8.749999999999996,0
-54.41666666666667,-8.749999999999996,0
-54.25,-8.749999999999996,0
-54.083333333333336,-8.749999999999996,0
-53.91666666666667,-8.749999999999996,0
-53.75,-8.749999999999996,0
-53.583333333333336,-8.749999999999996,0
-53.41666666666667,-8.749999999999996,0
-53.25,-8.749999999999996,0
-53.083333333333336,-8.749999999999996,0
-52.91666666666667,-8.749999999999996,0
-52.75,-8.749999999999996,0
-52.583333333333336,-8.749999999999996,0
-52.41666666666667,-8.749999999999996,0
-52.25,-8.749999999999996,0
-52.083333333333336,-8.749999999999996,0
-51.91666666666667,-8.749999999999996,0
-51.75,-8.749999999999996,0
-51.583333333333336,-8.749999999999996,0
-51.41666666666667,-8.749999999999996,0
-51.25,-8.749999999999996,0
-51.083333333333336,-8.749999999999996,0
-50.91666666666667,-8.749999999999996,0
-50.75,-8.749999999999996,0
-50.583333333333336,-8.749999999999996,0
-50.41666666666667,-8.749999999999996,0
-50.25,-8.749999999999996,0
-72.91666666666667,-8.916666666666664,0
-72.75,-8.916666666666664,0
-72.58333333333333,-8.916666666666664,0
-72.41666666666667,-8.916666666666664,0
-72.25,-8.916666666666664,0
-72.08333333333333,-8.916666666666664,0
-71.91666666666667,-8.916666666666664,0
-71.75,-8.916666666666664,0
-71.58333333333333,-8.916666666666664,0
-71.41666666666667,-8.916666666666664,0
-71.25,-8.916666666666664,0
-71.08333333333333,-8.916666666666664,0
-70.91666666666667,-8.916666666666664,0
-70.75,-8.916666666666664,0
-70.58333333333333,-8.916666666666664,0
-70.41666666666667,-8.916666666666664,0
-70.25,-8.916666666666664,0
-70.08333333333333,-8.916666666666664,0
-69.91666666666667,-8.916666666666664,0
-69.75,-8.916666666666664,0
-69.58333333333333,-8.916666666666664,0
-69.41666666666667,-8.916666666666664,0
-69.25,-8.916666666666664,0
-69.08333333333333,-8.916666666666664,0
-68.91666666666667,-8.916666666666664,0
-68.75,-8.916666666666664,0
-68.58333333333333,-8.916666666666664,0
-68.41666666666667,-8.916666666666664,0
-68.25,-8.916666666666664,0
-68.08333333333333,-8.916666666666664,0
-67.91666666666667,-8.916666666666664,0
-67.75,-8.916666666666664,0
-67.58333333333333,-8.916666666666664,0
-67.41666666666667,-8.916666666666664,0.8
-67.25,-8.916666666666664,0.8
-67.08333333333333,-8.916666666666664,0.8
-66.91666666666667,-8.916666666666664,0.8
-66.75,-8.916666666666664,0.8
-66.58333333333333,-8.916666666666664,0.8
-66.41666666666667,-8.916666666666664,0.6
-66.25,-8.916666666666664,0.6
-66.08333333333333,-8.916666666666664,0.6
-65.91666666666667,-8.916666666666664,0.8
-65.75,-8.916666666666664,0.4
-65.58333333333333,-8.916666666666664,0.4
-65.41666666666667,-8.916666666666664,0.4
-65.25,-8.916666666666664,0.4
-65.08333333333333,-8.916666666666664,0.6
-64.91666666666667,-8.916666666666664,0.6
-64.75,-8.916666666666664,0.4
-64.58333333333333,-8.916666666666664,0.6
-64.41666666666667,-8.916666666666664,0.6
-64.25,-8.916666666666664,0.8
-64.08333333333333,-8.916666666666664,0.8
-63.91666666666667,-8.916666666666664,0.8
-63.75,-8.916666666666664,1
-63.583333333333336,-8.916666666666664,1
-63.41666666666667,-8.916666666666664,1
-63.25,-8.916666666666664,1
-63.083333333333336,-8.916666666666664,1
-62.91666666666667,-8.916666666666664,1
-62.75,-8.916666666666664,1
-62.583333333333336,-8.916666666666664,1
-62.41666666666667,-8.916666666666664,0.6
-62.25,-8.916666666666664,0.2
-62.083333333333336,-8.916666666666664,0
-61.91666666666667,-8.916666666666664,0.6
-61.75,-8.916666666666664,0.8
-61.583333333333336,-8.916666666666664,0.8
-61.41666666666667,-8.916666666666664,0.6
-61.25,-8.916666666666664,0.6
-61.083333333333336,-8.916666666666664,0.8
-60.91666666666667,-8.916666666666664,0.8
-60.75,-8.916666666666664,0.6
-60.583333333333336,-8.916666666666664,0
-60.41666666666667,-8.916666666666664,0
-60.25,-8.916666666666664,0.4
-60.083333333333336,-8.916666666666664,0
-59.91666666666667,-8.916666666666664,0
-59.75,-8.916666666666664,0
-59.583333333333336,-8.916666666666664,0
-59.41666666666667,-8.916666666666664,0.2
-59.25,-8.916666666666664,0
-59.083333333333336,-8.916666666666664,0
-58.91666666666667,-8.916666666666664,0
-58.75,-8.916666666666664,0
-58.583333333333336,-8.916666666666664,0
-58.41666666666667,-8.916666666666664,0
-58.25,-8.916666666666664,0
-58.083333333333336,-8.916666666666664,0
-57.91666666666667,-8.916666666666664,0
-57.75,-8.916666666666664,0
-57.583333333333336,-8.916666666666664,0
-57.41666666666667,-8.916666666666664,0
-57.25,-8.916666666666664,0
-57.083333333333336,-8.916666666666664,0
-56.91666666666667,-8.916666666666664,0
-56.75,-8.916666666666664,0.2
-56.583333333333336,-8.916666666666664,0.2
-56.41666666666667,-8.916666666666664,0.2
-56.25,-8.916666666666664,0.2
-56.083333333333336,-8.916666666666664,0.2
-55.91666666666667,-8.916666666666664,0
-55.75,-8.916666666666664,0
-55.583333333333336,-8.916666666666664,0
-55.41666666666667,-8.916666666666664,0
-55.25,-8.916666666666664,0
-55.083333333333336,-8.916666666666664,0
-54.91666666666667,-8.916666666666664,0.2
-54.75,-8.916666666666664,0.2
-54.583333333333336,-8.916666666666664,0
-54.41666666666667,-8.916666666666664,0
-54.25,-8.916666666666664,0
-54.083333333333336,-8.916666666666664,0
-53.91666666666667,-8.916666666666664,0
-53.75,-8.916666666666664,0
-53.583333333333336,-8.916666666666664,0
-53.41666666666667,-8.916666666666664,0
-53.25,-8.916666666666664,0
-53.083333333333336,-8.916666666666664,0
-52.91666666666667,-8.916666666666664,0
-52.75,-8.916666666666664,0
-52.583333333333336,-8.916666666666664,0
-52.41666666666667,-8.916666666666664,0
-52.25,-8.916666666666664,0
-52.083333333333336,-8.916666666666664,0
-51.91666666666667,-8.916666666666664,0
-51.75,-8.916666666666664,0
-51.583333333333336,-8.916666666666664,0
-51.41666666666667,-8.916666666666664,0
-51.25,-8.916666666666664,0
-51.083333333333336,-8.916666666666664,0
-50.91666666666667,-8.916666666666664,0
-50.75,-8.916666666666664,0
-50.583333333333336,-8.916666666666664,0
-50.41666666666667,-8.916666666666664,0
-50.25,-8.916666666666664,0
-50.083333333333336,-8.916666666666664,0
-72.91666666666667,-9.08333333333333,0
-72.75,-9.08333333333333,0
-72.58333333333333,-9.08333333333333,0
-72.41666666666667,-9.08333333333333,0
-72.25,-9.08333333333333,0
-72.08333333333333,-9.08333333333333,0
-71.91666666666667,-9.08333333333333,0
-71.75,-9.08333333333333,0
-71.58333333333333,-9.08333333333333,0
-71.41666666666667,-9.08333333333333,0
-71.25,-9.08333333333333,0
-71.08333333333333,-9.08333333333333,0
-70.91666666666667,-9.08333333333333,0
-70.75,-9.08333333333333,0
-70.58333333333333,-9.08333333333333,0
-70.41666666666667,-9.08333333333333,0
-70.25,-9.08333333333333,0
-70.08333333333333,-9.08333333333333,0
-69.91666666666667,-9.08333333333333,0
-69.75,-9.08333333333333,0
-69.58333333333333,-9.08333333333333,0
-69.41666666666667,-9.08333333333333,0
-69.25,-9.08333333333333,0
-69.08333333333333,-9.08333333333333,0
-68.91666666666667,-9.08333333333333,0
-68.75,-9.08333333333333,0
-68.58333333333333,-9.08333333333333,0.2
-68.41666666666667,-9.08333333333333,0
-68.25,-9.08333333333333,0
-68.08333333333333,-9.08333333333333,0
-67.91666666666667,-9.08333333333333,0.2
-67.75,-9.08333333333333,0
-67.58333333333333,-9.08333333333333,0.4
-67.41666666666667,-9.08333333333333,1
-67.25,-9.08333333333333,0.8
-67.08333333333333,-9.08333333333333,0.6
-66.91666666666667,-9.08333333333333,0.8
-66.75,-9.08333333333333,0.8
-66.58333333333333,-9.08333333333333,0.6
-66.41666666666667,-9.08333333333333,0.8
-66.25,-9.08333333333333,0.6
-66.08333333333333,-9.08333333333333,0.2
-65.91666666666667,-9.08333333333333,0
-65.75,-9.08333333333333,0.2
-65.58333333333333,-9.08333333333333,0
-65.41666666666667,-9.08333333333333,0.8
-65.25,-9.08333333333333,0.4
-65.08333333333333,-9.08333333333333,0.4
-64.91666666666667,-9.08333333333333,0.2
-64.75,-9.08333333333333,0.4
-64.58333333333333,-9.08333333333333,0.6
-64.41666666666667,-9.08333333333333,0.6
-64.25,-9.08333333333333,1
-64.08333333333333,-9.08333333333333,1
-63.91666666666667,-9.08333333333333,1
-63.75,-9.08333333333333,1
-63.583333333333336,-9.08333333333333,1
-63.41666666666667,-9.08333333333333,1
-63.25,-9.08333333333333,1
-63.083333333333336,-9.08333333333333,1
-62.91666666666667,-9.08333333333333,1
-62.75,-9.08333333333333,1
-62.583333333333336,-9.08333333333333,1
-62.41666666666667,-9.08333333333333,1
-62.25,-9.08333333333333,1
-62.083333333333336,-9.08333333333333,0
-61.91666666666667,-9.08333333333333,1
-61.75,-9.08333333333333,0.8
-61.583333333333336,-9.08333333333333,0.8
-61.41666666666667,-9.08333333333333,0.6
-61.25,-9.08333333333333,0.8
-61.083333333333336,-9.08333333333333,0.6
-60.91666666666667,-9.08333333333333,0
-60.75,-9.08333333333333,0.4
-60.583333333333336,-9.08333333333333,0
-60.41666666666667,-9.08333333333333,0.4
-60.25,-9.08333333333333,0.4
-60.083333333333336,-9.08333333333333,0.2
-59.91666666666667,-9.08333333333333,0
-59.75,-9.08333333333333,0
-59.583333333333336,-9.08333333333333,0
-59.41666666666667,-9.08333333333333,0.2
-59.25,-9.08333333333333,0
-59.083333333333336,-9.08333333333333,0
-58.91666666666667,-9.08333333333333,0
-58.75,-9.08333333333333,0
-58.583333333333336,-9.08333333333333,0
-58.41666666666667,-9.08333333333333,0
-58.25,-9.08333333333333,0
-58.083333333333336,-9.08333333333333,0
-57.91666666666667,-9.08333333333333,0
-57.75,-9.08333333333333,0
-57.583333333333336,-9.08333333333333,0
-57.41666666666667,-9.08333333333333,0
-57.25,-9.08333333333333,0
-57.083333333333336,-9.08333333333333,0
-56.91666666666667,-9.08333333333333,0.2
-56.75,-9.08333333333333,0.2
-56.583333333333336,-9.08333333333333,0.2
-56.41666666666667,-9.08333333333333,0.2
-56.25,-9.08333333333333,0.2
-56.083333333333336,-9.08333333333333,0.2
-55.91666666666667,-9.08333333333333,0.2
-55.75,-9.08333333333333,0
-55.583333333333336,-9.08333333333333,0
-55.41666666666667,-9.08333333333333,0
-55.25,-9.08333333333333,0
-55.083333333333336,-9.08333333333333,0
-54.91666666666667,-9.08333333333333,0
-54.75,-9.08333333333333,0
-54.583333333333336,-9.08333333333333,0
-54.41666666666667,-9.08333333333333,0
-54.25,-9.08333333333333,0
-54.083333333333336,-9.08333333333333,0
-53.91666666666667,-9.08333333333333,0
-53.75,-9.08333333333333,0
-53.583333333333336,-9.08333333333333,0
-53.41666666666667,-9.08333333333333,0
-53.25,-9.08333333333333,0
-53.083333333333336,-9.08333333333333,0
-52.91666666666667,-9.08333333333333,0
-52.75,-9.08333333333333,0
-52.583333333333336,-9.08333333333333,0
-52.41666666666667,-9.08333333333333,0
-52.25,-9.08333333333333,0
-52.083333333333336,-9.08333333333333,0
-51.91666666666667,-9.08333333333333,0
-51.75,-9.08333333333333,0
-51.583333333333336,-9.08333333333333,0
-51.41666666666667,-9.08333333333333,0
-51.25,-9.08333333333333,0
-51.083333333333336,-9.08333333333333,0
-50.91666666666667,-9.08333333333333,0
-50.75,-9.08333333333333,0
-50.583333333333336,-9.08333333333333,0
-50.41666666666667,-9.08333333333333,0
-50.25,-9.08333333333333,0
-72.91666666666667,-9.249999999999996,0
-72.75,-9.249999999999996,0
-72.58333333333333,-9.249999999999996,0
-72.41666666666667,-9.249999999999996,0
-72.25,-9.249999999999996,0
-72.08333333333333,-9.249999999999996,0
-71.91666666666667,-9.249999999999996,0
-71.75,-9.249999999999996,0
-71.58333333333333,-9.249999999999996,0
-71.41666666666667,-9.249999999999996,0
-71.25,-9.249999999999996,0
-71.08333333333333,-9.249999999999996,0
-70.91666666666667,-9.249999999999996,0
-70.75,-9.249999999999996,0
-70.58333333333333,-9.249999999999996,0
-70.41666666666667,-9.249999999999996,0
-70.25,-9.249999999999996,0
-70.08333333333333,-9.249999999999996,0
-69.91666666666667,-9.249999999999996,0
-69.75,-9.249999999999996,0
-69.58333333333333,-9.249999999999996,0
-69.41666666666667,-9.249999999999996,0
-69.25,-9.249999999999996,0
-69.08333333333333,-9.249999999999996,0
-68.91666666666667,-9.249999999999996,0
-68.75,-9.249999999999996,0
-68.58333333333333,-9.249999999999996,0
-68.41666666666667,-9.249999999999996,0
-68.25,-9.249999999999996,0
-68.08333333333333,-9.249999999999996,0
-67.91666666666667,-9.249999999999996,0.2
-67.75,-9.249999999999996,0.2
-67.58333333333333,-9.249999999999996,0.2
-67.41666666666667,-9.249999999999996,0.8
-67.25,-9.249999999999996,0.8
-67.08333333333333,-9.249999999999996,0.8
-66.91666666666667,-9.249999999999996,0.8
-66.75,-9.249999999999996,0.8
-66.58333333333333,-9.249999999999996,0.8
-66.41666666666667,-9.249999999999996,0.8
-66.25,-9.249999999999996,0.8
-66.08333333333333,-9.249999999999996,0
-65.91666666666667,-9.249999999999996,0
-65.75,-9.249999999999996,0.2
-65.58333333333333,-9.249999999999996,0.2
-65.41666666666667,-9.249999999999996,0
-65.25,-9.249999999999996,0
-65.08333333333333,-9.249999999999996,0
-64.91666666666667,-9.249999999999996,0.2
-64.75,-9.249999999999996,0.4
-64.58333333333333,-9.249999999999996,0.4
-64.41666666666667,-9.249999999999996,1
-64.25,-9.249999999999996,1
-64.08333333333333,-9.249999999999996,1
-63.91666666666667,-9.249999999999996,1
-63.75,-9.249999999999996,1
-63.583333333333336,-9.249999999999996,1
-63.41666666666667,-9.249999999999996,1
-63.25,-9.249999999999996,1
-63.083333333333336,-9.249999999999996,1
-62.91666666666667,-9.249999999999996,1
-62.75,-9.249999999999996,1
-62.583333333333336,-9.249999999999996,1
-62.41666666666667,-9.249999999999996,0.6
-62.25,-9.249999999999996,0
-62.083333333333336,-9.249999999999996,0.6
-61.91666666666667,-9.249999999999996,0.6
-61.75,-9.249999999999996,0.6
-61.583333333333336,-9.249999999999996,0.8
-61.41666666666667,-9.249999999999996,1
-61.25,-9.249999999999996,0.8
-61.083333333333336,-9.249999999999996,0.2
-60.91666666666667,-9.249999999999996,0.6
-60.75,-9.249999999999996,0.4
-60.583333333333336,-9.249999999999996,0
-60.41666666666667,-9.249999999999996,0.2
-60.25,-9.249999999999996,0.4
-60.083333333333336,-9.249999999999996,0
-59.91666666666667,-9.249999999999996,0
-59.75,-9.249999999999996,0
-59.583333333333336,-9.249999999999996,0
-59.41666666666667,-9.249999999999996,0
-59.25,-9.249999999999996,0
-59.083333333333336,-9.249999999999996,0
-58.91666666666667,-9.249999999999996,0
-58.75,-9.249999999999996,0
-58.583333333333336,-9.249999999999996,0
-58.41666666666667,-9.249999999999996,0
-58.25,-9.249999999999996,0
-58.083333333333336,-9.249999999999996,0
-57.91666666666667,-9.249999999999996,0
-57.75,-9.249999999999996,0
-57.583333333333336,-9.249999999999996,0
-57.41666666666667,-9.249999999999996,0
-57.25,-9.249999999999996,0
-57.083333333333336,-9.249999999999996,0
-56.91666666666667,-9.249999999999996,0.2
-56.75,-9.249999999999996,0.2
-56.583333333333336,-9.249999999999996,0.2
-56.41666666666667,-9.249999999999996,0.2
-56.25,-9.249999999999996,0.4
-56.083333333333336,-9.249999999999996,0.4
-55.91666666666667,-9.249999999999996,0.2
-55.75,-9.249999999999996,0
-55.583333333333336,-9.249999999999996,0
-55.41666666666667,-9.249999999999996,0
-55.25,-9.249999999999996,0
-55.083333333333336,-9.249999999999996,0
-54.91666666666667,-9.249999999999996,0
-54.75,-9.249999999999996,0
-54.583333333333336,-9.249999999999996,0
-54.41666666666667,-9.249999999999996,0
-54.25,-9.249999999999996,0
-54.083333333333336,-9.249999999999996,0
-53.91666666666667,-9.249999999999996,0
-53.75,-9.249999999999996,0
-53.583333333333336,-9.249999999999996,0
-53.41666666666667,-9.249999999999996,0
-53.25,-9.249999999999996,0
-53.083333333333336,-9.249999999999996,0
-52.91666666666667,-9.249999999999996,0
-52.75,-9.249999999999996,0
-52.583333333333336,-9.249999999999996,0
-52.41666666666667,-9.249999999999996,0
-52.25,-9.249999999999996,0
-52.083333333333336,-9.249999999999996,0
-51.91666666666667,-9.249999999999996,0
-51.75,-9.249999999999996,0
-51.583333333333336,-9.249999999999996,0
-51.41666666666667,-9.249999999999996,0
-51.25,-9.249999999999996,0
-51.083333333333336,-9.249999999999996,0
-50.91666666666667,-9.249999999999996,0
-50.75,-9.249999999999996,0
-50.583333333333336,-9.249999999999996,0
-50.41666666666667,-9.249999999999996,0
-50.25,-9.249999999999996,0
-72.25,-9.416666666666664,0
-72.08333333333333,-9.416666666666664,0
-71.91666666666667,-9.416666666666664,0
-71.75,-9.416666666666664,0
-71.58333333333333,-9.416666666666664,0
-71.41666666666667,-9.416666666666664,0
-71.25,-9.416666666666664,0
-71.08333333333333,-9.416666666666664,0
-70.91666666666667,-9.416666666666664,0
-70.75,-9.416666666666664,0
-70.58333333333333,-9.416666666666664,0
-70.41666666666667,-9.416666666666664,0
-70.25,-9.416666666666664,0
-70.08333333333333,-9.416666666666664,0
-69.91666666666667,-9.416666666666664,0
-69.75,-9.416666666666664,0
-69.58333333333333,-9.416666666666664,0
-69.41666666666667,-9.416666666666664,0
-69.25,-9.416666666666664,0
-69.08333333333333,-9.416666666666664,0
-68.91666666666667,-9.416666666666664,0
-68.75,-9.416666666666664,0
-68.58333333333333,-9.416666666666664,0
-68.41666666666667,-9.416666666666664,0
-68.25,-9.416666666666664,0.2
-68.08333333333333,-9.416666666666664,0.4
-67.91666666666667,-9.416666666666664,0.2
-67.75,-9.416666666666664,0.2
-67.58333333333333,-9.416666666666664,0.4
-67.41666666666667,-9.416666666666664,0.8
-67.25,-9.416666666666664,0.8
-67.08333333333333,-9.416666666666664,0.6
-66.91666666666667,-9.416666666666664,0.6
-66.75,-9.416666666666664,0.8
-66.58333333333333,-9.416666666666664,0.8
-66.41666666666667,-9.416666666666664,0.6
-66.25,-9.416666666666664,0.4
-66.08333333333333,-9.416666666666664,0.2
-65.91666666666667,-9.416666666666664,0
-65.75,-9.416666666666664,0
-65.58333333333333,-9.416666666666664,0
-65.41666666666667,-9.416666666666664,0
-65.25,-9.416666666666664,0
-65.08333333333333,-9.416666666666664,0.2
-64.91666666666667,-9.416666666666664,0.4
-64.75,-9.416666666666664,0.4
-64.58333333333333,-9.416666666666664,0.4
-64.41666666666667,-9.416666666666664,1
-64.25,-9.416666666666664,1
-64.08333333333333,-9.416666666666664,0.8
-63.91666666666667,-9.416666666666664,0.6
-63.75,-9.416666666666664,0.8
-63.583333333333336,-9.416666666666664,1
-63.41666666666667,-9.416666666666664,1
-63.25,-9.416666666666664,1
-63.083333333333336,-9.416666666666664,1
-62.91666666666667,-9.416666666666664,1
-62.75,-9.416666666666664,1
-62.583333333333336,-9.416666666666664,0.6
-62.41666666666667,-9.416666666666664,0.2
-62.25,-9.416666666666664,0.6
-62.083333333333336,-9.416666666666664,0.6
-61.91666666666667,-9.416666666666664,0.6
-61.75,-9.416666666666664,1
-61.583333333333336,-9.416666666666664,1
-61.41666666666667,-9.416666666666664,0.6
-61.25,-9.416666666666664,0.8
-61.083333333333336,-9.416666666666664,0.6
-60.91666666666667,-9.416666666666664,0.6
-60.75,-9.416666666666664,0.2
-60.583333333333336,-9.416666666666664,0.2
-60.41666666666667,-9.416666666666664,0
-60.25,-9.416666666666664,0.4
-60.083333333333336,-9.416666666666664,0.4
-59.91666666666667,-9.416666666666664,0
-59.75,-9.416666666666664,0
-59.583333333333336,-9.416666666666664,0
-59.41666666666667,-9.416666666666664,0.2
-59.25,-9.416666666666664,0.2
-59.083333333333336,-9.416666666666664,0.2
-58.91666666666667,-9.416666666666664,0
-58.75,-9.416666666666664,0
-58.583333333333336,-9.416666666666664,0
-58.41666666666667,-9.416666666666664,0
-58.25,-9.416666666666664,0
-58.083333333333336,-9.416666666666664,0
-57.91666666666667,-9.416666666666664,0
-57.75,-9.416666666666664,0
-57.583333333333336,-9.416666666666664,0
-57.41666666666667,-9.416666666666664,0
-57.25,-9.416666666666664,0
-57.083333333333336,-9.416666666666664,0
-56.91666666666667,-9.416666666666664,0
-56.75,-9.416666666666664,0
-56.583333333333336,-9.416666666666664,0.2
-56.41666666666667,-9.416666666666664,0.2
-56.25,-9.416666666666664,0.2
-56.083333333333336,-9.416666666666664,0.2
-55.91666666666667,-9.416666666666664,0.2
-55.75,-9.416666666666664,0.2
-55.583333333333336,-9.416666666666664,0
-55.41666666666667,-9.416666666666664,0
-55.25,-9.416666666666664,0
-55.083333333333336,-9.416666666666664,0
-54.91666666666667,-9.416666666666664,0.4
-54.75,-9.416666666666664,0
-54.583333333333336,-9.416666666666664,0
-54.41666666666667,-9.416666666666664,0
-54.25,-9.416666666666664,0
-54.083333333333336,-9.416666666666664,0
-53.91666666666667,-9.416666666666664,0
-53.75,-9.416666666666664,0
-53.583333333333336,-9.416666666666664,0
-53.41666666666667,-9.416666666666664,0
-53.25,-9.416666666666664,0
-53.083333333333336,-9.416666666666664,0
-52.91666666666667,-9.416666666666664,0
-52.75,-9.416666666666664,0
-52.583333333333336,-9.416666666666664,0
-52.41666666666667,-9.416666666666664,0
-52.25,-9.416666666666664,0
-52.083333333333336,-9.416666666666664,0
-51.91666666666667,-9.416666666666664,0
-51.75,-9.416666666666664,0
-51.583333333333336,-9.416666666666664,0
-51.41666666666667,-9.416666666666664,0
-51.25,-9.416666666666664,0
-51.083333333333336,-9.416666666666664,0
-50.91666666666667,-9.416666666666664,0
-50.75,-9.416666666666664,0
-50.583333333333336,-9.416666666666664,0
-50.41666666666667,-9.416666666666664,0
-50.25,-9.416666666666664,0
-72.08333333333333,-9.58333333333333,0
-71.91666666666667,-9.58333333333333,0
-71.75,-9.58333333333333,0
-71.58333333333333,-9.58333333333333,0
-71.41666666666667,-9.58333333333333,0
-71.25,-9.58333333333333,0
-71.08333333333333,-9.58333333333333,0
-70.41666666666667,-9.58333333333333,0
-70.25,-9.58333333333333,0
-70.08333333333333,-9.58333333333333,0
-69.91666666666667,-9.58333333333333,0
-69.75,-9.58333333333333,0
-69.58333333333333,-9.58333333333333,0
-69.41666666666667,-9.58333333333333,0
-69.25,-9.58333333333333,0
-69.08333333333333,-9.58333333333333,0
-68.91666666666667,-9.58333333333333,0
-68.75,-9.58333333333333,0
-68.58333333333333,-9.58333333333333,0
-68.41666666666667,-9.58333333333333,0.2
-68.25,-9.58333333333333,0
-68.08333333333333,-9.58333333333333,0.4
-67.91666666666667,-9.58333333333333,0.4
-67.75,-9.58333333333333,0.4
-67.58333333333333,-9.58333333333333,1
-67.41666666666667,-9.58333333333333,0.6
-67.25,-9.58333333333333,0.6
-67.08333333333333,-9.58333333333333,0.6
-66.91666666666667,-9.58333333333333,0.8
-66.75,-9.58333333333333,0.8
-66.58333333333333,-9.58333333333333,0.6
-66.41666666666667,-9.58333333333333,0.4
-66.25,-9.58333333333333,0.6
-66.08333333333333,-9.58333333333333,0.8
-65.91666666666667,-9.58333333333333,0.4
-65.75,-9.58333333333333,0
-65.58333333333333,-9.58333333333333,0.2
-65.41666666666667,-9.58333333333333,0.2
-65.25,-9.58333333333333,0.4
-65.08333333333333,-9.58333333333333,0.2
-64.91666666666667,-9.58333333333333,0.4
-64.75,-9.58333333333333,0.4
-64.58333333333333,-9.58333333333333,0.4
-64.41666666666667,-9.58333333333333,0.6
-64.25,-9.58333333333333,1
-64.08333333333333,-9.58333333333333,0.8
-63.91666666666667,-9.58333333333333,0.4
-63.75,-9.58333333333333,0.8
-63.583333333333336,-9.58333333333333,0.8
-63.41666666666667,-9.58333333333333,1
-63.25,-9.58333333333333,1
-63.083333333333336,-9.58333333333333,1
-62.91666666666667,-9.58333333333333,1
-62.75,-9.58333333333333,0.6
-62.583333333333336,-9.58333333333333,0.6
-62.41666666666667,-9.58333333333333,0.8
-62.25,-9.58333333333333,0.6
-62.083333333333336,-9.58333333333333,0.6
-61.91666666666667,-9.58333333333333,0.8
-61.75,-9.58333333333333,1
-61.583333333333336,-9.58333333333333,1
-61.41666666666667,-9.58333333333333,0.6
-61.25,-9.58333333333333,0.8
-61.083333333333336,-9.58333333333333,0.6
-60.91666666666667,-9.58333333333333,0.2
-60.75,-9.58333333333333,0.4
-60.583333333333336,-9.58333333333333,0.4
-60.41666666666667,-9.58333333333333,0.2
-60.25,-9.58333333333333,0.2
-60.083333333333336,-9.58333333333333,0
-59.91666666666667,-9.58333333333333,0
-59.75,-9.58333333333333,0
-59.583333333333336,-9.58333333333333,0
-59.41666666666667,-9.58333333333333,0
-59.25,-9.58333333333333,0
-59.083333333333336,-9.58333333333333,0
-58.91666666666667,-9.58333333333333,0
-58.75,-9.58333333333333,0
-58.583333333333336,-9.58333333333333,0
-58.41666666666667,-9.58333333333333,0
-58.25,-9.58333333333333,0
-58.083333333333336,-9.58333333333333,0
-57.91666666666667,-9.58333333333333,0
-57.75,-9.58333333333333,0
-57.583333333333336,-9.58333333333333,0
-57.41666666666667,-9.58333333333333,0
-57.25,-9.58333333333333,0
-57.083333333333336,-9.58333333333333,0
-56.91666666666667,-9.58333333333333,0
-56.75,-9.58333333333333,0
-56.583333333333336,-9.58333333333333,0.2
-56.41666666666667,-9.58333333333333,0.4
-56.25,-9.58333333333333,0.4
-56.083333333333336,-9.58333333333333,0.4
-55.91666666666667,-9.58333333333333,0.2
-55.75,-9.58333333333333,0
-55.583333333333336,-9.58333333333333,0.2
-55.41666666666667,-9.58333333333333,0
-55.25,-9.58333333333333,0
-55.083333333333336,-9.58333333333333,0
-54.91666666666667,-9.58333333333333,0
-54.75,-9.58333333333333,0
-54.583333333333336,-9.58333333333333,0
-54.41666666666667,-9.58333333333333,0
-54.25,-9.58333333333333,0
-54.083333333333336,-9.58333333333333,0
-53.91666666666667,-9.58333333333333,0
-53.75,-9.58333333333333,0
-53.583333333333336,-9.58333333333333,0
-53.41666666666667,-9.58333333333333,0
-53.25,-9.58333333333333,0
-53.083333333333336,-9.58333333333333,0
-52.91666666666667,-9.58333333333333,0
-52.75,-9.58333333333333,0
-52.583333333333336,-9.58333333333333,0
-52.41666666666667,-9.58333333333333,0
-52.25,-9.58333333333333,0
-52.083333333333336,-9.58333333333333,0
-51.91666666666667,-9.58333333333333,0
-51.75,-9.58333333333333,0
-51.583333333333336,-9.58333333333333,0
-51.41666666666667,-9.58333333333333,0
-51.25,-9.58333333333333,0
-51.083333333333336,-9.58333333333333,0
-50.91666666666667,-9.58333333333333,0
-50.75,-9.58333333333333,0
-50.583333333333336,-9.58333333333333,0
-50.41666666666667,-9.58333333333333,0
-50.25,-9.58333333333333,0
-72.08333333333333,-9.749999999999996,0
-71.91666666666667,-9.749999999999996,0
-71.75,-9.749999999999996,0
-71.58333333333333,-9.749999999999996,0
-71.41666666666667,-9.749999999999996,0
-71.25,-9.749999999999996,0
-70.41666666666667,-9.749999999999996,0
-70.25,-9.749999999999996,0
-70.08333333333333,-9.749999999999996,0
-69.91666666666667,-9.749999999999996,0
-69.75,-9.749999999999996,0
-69.58333333333333,-9.749999999999996,0
-69.41666666666667,-9.749999999999996,0
-69.25,-9.749999999999996,0
-69.08333333333333,-9.749999999999996,0
-68.91666666666667,-9.749999999999996,0
-68.75,-9.749999999999996,0
-68.58333333333333,-9.749999999999996,0
-68.41666666666667,-9.749999999999996,0
-68.25,-9.749999999999996,0.2
-68.08333333333333,-9.749999999999996,0.4
-67.91666666666667,-9.749999999999996,0.4
-67.75,-9.749999999999996,0.4
-67.58333333333333,-9.749999999999996,0.8
-67.41666666666667,-9.749999999999996,0.4
-67.25,-9.749999999999996,0.6
-67.08333333333333,-9.749999999999996,0.4
-66.91666666666667,-9.749999999999996,0.4
-66.75,-9.749999999999996,0.4
-66.58333333333333,-9.749999999999996,0.4
-66.41666666666667,-9.749999999999996,0.6
-65.08333333333333,-9.749999999999996,0.4
-64.91666666666667,-9.749999999999996,0.2
-64.75,-9.749999999999996,0.2
-64.58333333333333,-9.749999999999996,0.4
-64.41666666666667,-9.749999999999996,0.4
-64.25,-9.749999999999996,0.8
-64.08333333333333,-9.749999999999996,0.8
-63.91666666666667,-9.749999999999996,0.4
-63.75,-9.749999999999996,0.4
-63.583333333333336,-9.749999999999996,0.8
-63.41666666666667,-9.749999999999996,0.6
-63.25,-9.749999999999996,0.4
-63.083333333333336,-9.749999999999996,0.8
-62.91666666666667,-9.749999999999996,0.6
-62.75,-9.749999999999996,0.6
-62.583333333333336,-9.749999999999996,0.6
-62.41666666666667,-9.749999999999996,0.6
-62.25,-9.749999999999996,0.6
-62.083333333333336,-9.749999999999996,0.6
-61.91666666666667,-9.749999999999996,0.8
-61.75,-9.749999999999996,1
-61.583333333333336,-9.749999999999996,1
-61.41666666666667,-9.749999999999996,0.6
-61.25,-9.749999999999996,1
-61.083333333333336,-9.749999999999996,0.2
-60.91666666666667,-9.749999999999996,0.6
-60.75,-9.749999999999996,0.6
-60.583333333333336,-9.749999999999996,0.6
-60.41666666666667,-9.749999999999996,0.2
-60.25,-9.749999999999996,0
-60.083333333333336,-9.749999999999996,0.2
-59.91666666666667,-9.749999999999996,0
-59.75,-9.749999999999996,0
-59.583333333333336,-9.749999999999996,0
-59.41666666666667,-9.749999999999996,0
-59.25,-9.749999999999996,0
-59.083333333333336,-9.749999999999996,0
-58.91666666666667,-9.749999999999996,0
-58.75,-9.749999999999996,0
-58.583333333333336,-9.749999999999996,0
-58.41666666666667,-9.749999999999996,0
-58.25,-9.749999999999996,0
-58.083333333333336,-9.749999999999996,0
-57.91666666666667,-9.749999999999996,0
-57.75,-9.749999999999996,0
-57.583333333333336,-9.749999999999996,0
-57.41666666666667,-9.749999999999996,0
-57.25,-9.749999999999996,0
-57.083333333333336,-9.749999999999996,0
-56.91666666666667,-9.749999999999996,0
-56.75,-9.749999999999996,0
-56.583333333333336,-9.749999999999996,0.2
-56.41666666666667,-9.749999999999996,0.8
-56.25,-9.749999999999996,0.8
-56.083333333333336,-9.749999999999996,0.8
-55.91666666666667,-9.749999999999996,0.8
-55.75,-9.749999999999996,0.8
-55.583333333333336,-9.749999999999996,0.8
-55.41666666666667,-9.749999999999996,0.4
-55.25,-9.749999999999996,0.4
-55.083333333333336,-9.749999999999996,0.2
-54.91666666666667,-9.749999999999996,0.4
-54.75,-9.749999999999996,0
-54.583333333333336,-9.749999999999996,0.2
-54.41666666666667,-9.749999999999996,0
-54.25,-9.749999999999996,0
-54.083333333333336,-9.749999999999996,0
-53.91666666666667,-9.749999999999996,0
-53.75,-9.749999999999996,0
-53.583333333333336,-9.749999999999996,0
-53.41666666666667,-9.749999999999996,0
-53.25,-9.749999999999996,0
-53.083333333333336,-9.749999999999996,0
-52.91666666666667,-9.749999999999996,0
-52.75,-9.749999999999996,0
-52.583333333333336,-9.749999999999996,0
-52.41666666666667,-9.749999999999996,0
-52.25,-9.749999999999996,0
-52.083333333333336,-9.749999999999996,0
-51.91666666666667,-9.749999999999996,0
-51.75,-9.749999999999996,0
-51.583333333333336,-9.749999999999996,0
-51.41666666666667,-9.749999999999996,0
-51.25,-9.749999999999996,0
-51.083333333333336,-9.749999999999996,0
-50.91666666666667,-9.749999999999996,0
-50.75,-9.749999999999996,0
-50.583333333333336,-9.749999999999996,0
-70.41666666666667,-9.916666666666664,0
-70.25,-9.916666666666664,0
-70.08333333333333,-9.916666666666664,0
-69.91666666666667,-9.916666666666664,0
-69.75,-9.916666666666664,0
-69.58333333333333,-9.916666666666664,0
-69.41666666666667,-9.916666666666664,0
-69.25,-9.916666666666664,0
-69.08333333333333,-9.916666666666664,0
-68.91666666666667,-9.916666666666664,0
-68.75,-9.916666666666664,0
-68.58333333333333,-9.916666666666664,0
-68.41666666666667,-9.916666666666664,0.2
-68.25,-9.916666666666664,0.4
-68.08333333333333,-9.916666666666664,0.4
-67.91666666666667,-9.916666666666664,0.6
-67.75,-9.916666666666664,0.8
-67.58333333333333,-9.916666666666664,0.6
-67.41666666666667,-9.916666666666664,0.4
-67.25,-9.916666666666664,0.4
-67.08333333333333,-9.916666666666664,0.4
-66.91666666666667,-9.916666666666664,0.4
-65.08333333333333,-9.916666666666664,0
-64.91666666666667,-9.916666666666664,0.2
-64.75,-9.916666666666664,0.2
-64.58333333333333,-9.916666666666664,0
-64.41666666666667,-9.916666666666664,0
-64.25,-9.916666666666664,0.4
-64.08333333333333,-9.916666666666664,0.2
-63.91666666666667,-9.916666666666664,0
-63.75,-9.916666666666664,0.2
-63.583333333333336,-9.916666666666664,0.6
-63.41666666666667,-9.916666666666664,0
-63.25,-9.916666666666664,0
-63.083333333333336,-9.916666666666664,0.8
-62.91666666666667,-9.916666666666664,0.8
-62.75,-9.916666666666664,0.6
-62.583333333333336,-9.916666666666664,0.6
-62.41666666666667,-9.916666666666664,0.6
-62.25,-9.916666666666664,0.6
-62.083333333333336,-9.916666666666664,0.8
-61.91666666666667,-9.916666666666664,1
-61.75,-9.916666666666664,0.6
-61.583333333333336,-9.916666666666664,0.8
-61.41666666666667,-9.916666666666664,0.6
-61.25,-9.916666666666664,0.6
-61.083333333333336,-9.916666666666664,0.4
-60.91666666666667,-9.916666666666664,0.6
-60.75,-9.916666666666664,0.4
-60.583333333333336,-9.916666666666664,0.6
-60.41666666666667,-9.916666666666664,0.2
-60.25,-9.916666666666664,0
-60.083333333333336,-9.916666666666664,0.4
-59.91666666666667,-9.916666666666664,0
-59.75,-9.916666666666664,0
-59.583333333333336,-9.916666666666664,0
-59.41666666666667,-9.916666666666664,0
-59.25,-9.916666666666664,0
-59.083333333333336,-9.916666666666664,0
-58.91666666666667,-9.916666666666664,0
-58.75,-9.916666666666664,0
-58.583333333333336,-9.916666666666664,0
-58.41666666666667,-9.916666666666664,0
-58.25,-9.916666666666664,0
-58.083333333333336,-9.916666666666664,0
-57.91666666666667,-9.916666666666664,0
-57.75,-9.916666666666664,0
-57.583333333333336,-9.916666666666664,0
-57.41666666666667,-9.916666666666664,0
-57.25,-9.916666666666664,0
-57.083333333333336,-9.916666666666664,0
-56.91666666666667,-9.916666666666664,0
-56.75,-9.916666666666664,0.2
-56.583333333333336,-9.916666666666664,0.2
-56.41666666666667,-9.916666666666664,0.4
-56.25,-9.916666666666664,0.8
-56.083333333333336,-9.916666666666664,0.8
-55.91666666666667,-9.916666666666664,0.8
-55.75,-9.916666666666664,0.8
-55.583333333333336,-9.916666666666664,0.8
-55.41666666666667,-9.916666666666664,0.2
-55.25,-9.916666666666664,0.8
-55.083333333333336,-9.916666666666664,0.8
-54.91666666666667,-9.916666666666664,0.6
-54.75,-9.916666666666664,0
-54.583333333333336,-9.916666666666664,0
-54.41666666666667,-9.916666666666664,0
-54.25,-9.916666666666664,0
-54.083333333333336,-9.916666666666664,0
-53.91666666666667,-9.916666666666664,0
-53.75,-9.916666666666664,0
-53.583333333333336,-9.916666666666664,0.2
-53.41666666666667,-9.916666666666664,0
-53.25,-9.916666666666664,0
-53.083333333333336,-9.916666666666664,0
-52.91666666666667,-9.916666666666664,0
-52.75,-9.916666666666664,0
-52.583333333333336,-9.916666666666664,0
-52.41666666666667,-9.916666666666664,0
-52.25,-9.916666666666664,0
-52.083333333333336,-9.916666666666664,0
-51.91666666666667,-9.916666666666664,0
-51.75,-9.916666666666664,0
-51.583333333333336,-9.916666666666664,0
-51.41666666666667,-9.916666666666664,0
-51.25,-9.916666666666664,0
-51.083333333333336,-9.916666666666664,0
-50.91666666666667,-9.916666666666664,0
-50.75,-9.916666666666664,0
-50.583333333333336,-9.916666666666664,0
-70.41666666666667,-10.08333333333333,0
-70.25,-10.08333333333333,0
-70.08333333333333,-10.08333333333333,0
-69.91666666666667,-10.08333333333333,0
-69.75,-10.08333333333333,0
-69.58333333333333,-10.08333333333333,0
-69.41666666666667,-10.08333333333333,0
-69.25,-10.08333333333333,0
-69.08333333333333,-10.08333333333333,0
-68.91666666666667,-10.08333333333333,0
-68.75,-10.08333333333333,0
-68.58333333333333,-10.08333333333333,0
-68.41666666666667,-10.08333333333333,0.4
-68.25,-10.08333333333333,0.4
-68.08333333333333,-10.08333333333333,0.4
-67.91666666666667,-10.08333333333333,0.8
-67.75,-10.08333333333333,0.6
-67.58333333333333,-10.08333333333333,0.6
-67.41666666666667,-10.08333333333333,0.4
-67.25,-10.08333333333333,0.4
-67.08333333333333,-10.08333333333333,0.4
-65.08333333333333,-10.08333333333333,0.2
-64.91666666666667,-10.08333333333333,0
-64.75,-10.08333333333333,0
-64.58333333333333,-10.08333333333333,0
-64.41666666666667,-10.08333333333333,0.2
-64.25,-10.08333333333333,0.6
-64.08333333333333,-10.08333333333333,0.2
-63.91666666666667,-10.08333333333333,0
-63.75,-10.08333333333333,0.6
-63.583333333333336,-10.08333333333333,0
-63.41666666666667,-10.08333333333333,0
-63.25,-10.08333333333333,0.6
-63.083333333333336,-10.08333333333333,0.8
-62.91666666666667,-10.08333333333333,0.8
-62.75,-10.08333333333333,0.6
-62.583333333333336,-10.08333333333333,0.2
-62.41666666666667,-10.08333333333333,0.6
-62.25,-10.08333333333333,0.6
-62.083333333333336,-10.08333333333333,0.8
-61.91666666666667,-10.08333333333333,0.6
-61.75,-10.08333333333333,0.6
-61.583333333333336,-10.08333333333333,0.6
-61.41666666666667,-10.08333333333333,0.6
-61.25,-10.08333333333333,0.8
-61.083333333333336,-10.08333333333333,0.2
-60.91666666666667,-10.08333333333333,0.6
-60.75,-10.08333333333333,0.4
-60.583333333333336,-10.08333333333333,0.6
-60.41666666666667,-10.08333333333333,0.6
-60.25,-10.08333333333333,0.2
-60.083333333333336,-10.08333333333333,0.2
-59.91666666666667,-10.08333333333333,0
-59.75,-10.08333333333333,0
-59.583333333333336,-10.08333333333333,0
-59.41666666666667,-10.08333333333333,0.6
-59.25,-10.08333333333333,0
-59.083333333333336,-10.08333333333333,0
-58.91666666666667,-10.08333333333333,0
-58.75,-10.08333333333333,0
-58.583333333333336,-10.08333333333333,0
-58.41666666666667,-10.08333333333333,0
-58.25,-10.08333333333333,0
-58.083333333333336,-10.08333333333333,0
-57.91666666666667,-10.08333333333333,0
-57.75,-10.08333333333333,0
-57.583333333333336,-10.08333333333333,0
-57.41666666666667,-10.08333333333333,0
-57.25,-10.08333333333333,0
-57.083333333333336,-10.08333333333333,0
-56.91666666666667,-10.08333333333333,0
-56.75,-10.08333333333333,0
-56.583333333333336,-10.08333333333333,0
-56.41666666666667,-10.08333333333333,0
-56.25,-10.08333333333333,0.4
-56.083333333333336,-10.08333333333333,0.6
-55.91666666666667,-10.08333333333333,0.4
-55.75,-10.08333333333333,0.4
-55.583333333333336,-10.08333333333333,0.2
-55.41666666666667,-10.08333333333333,0.4
-55.25,-10.08333333333333,0.4
-55.083333333333336,-10.08333333333333,0.6
-54.91666666666667,-10.08333333333333,0.6
-54.75,-10.08333333333333,0.4
-54.583333333333336,-10.08333333333333,0.2
-54.41666666666667,-10.08333333333333,0
-54.25,-10.08333333333333,0
-54.083333333333336,-10.08333333333333,0
-53.91666666666667,-10.08333333333333,0
-53.75,-10.08333333333333,0
-53.583333333333336,-10.08333333333333,0
-53.41666666666667,-10.08333333333333,0
-53.25,-10.08333333333333,0
-53.083333333333336,-10.08333333333333,0
-52.91666666666667,-10.08333333333333,0
-52.75,-10.08333333333333,0
-52.583333333333336,-10.08333333333333,0
-52.41666666666667,-10.08333333333333,0
-52.25,-10.08333333333333,0
-52.083333333333336,-10.08333333333333,0
-51.91666666666667,-10.08333333333333,0
-51.75,-10.08333333333333,0
-51.583333333333336,-10.08333333333333,0
-51.41666666666667,-10.08333333333333,0
-51.25,-10.08333333333333,0
-51.083333333333336,-10.08333333333333,0
-50.91666666666667,-10.08333333333333,0
-50.75,-10.08333333333333,0
-50.583333333333336,-10.08333333333333,0
-70.41666666666667,-10.249999999999996,0
-70.25,-10.249999999999996,0
-70.08333333333333,-10.249999999999996,0
-69.91666666666667,-10.249999999999996,0
-69.75,-10.249999999999996,0
-69.58333333333333,-10.249999999999996,0
-69.41666666666667,-10.249999999999996,0
-69.25,-10.249999999999996,0
-69.08333333333333,-10.249999999999996,0
-68.91666666666667,-10.249999999999996,0
-68.75,-10.249999999999996,0
-68.58333333333333,-10.249999999999996,0
-68.41666666666667,-10.249999999999996,0.4
-68.25,-10.249999999999996,0.4
-68.08333333333333,-10.249999999999996,0.4
-67.91666666666667,-10.249999999999996,0.6
-67.75,-10.249999999999996,0.6
-67.58333333333333,-10.249999999999996,0.6
-67.41666666666667,-10.249999999999996,0.4
-67.25,-10.249999999999996,0.8
-65.08333333333333,-10.249999999999996,0
-64.91666666666667,-10.249999999999996,0
-64.75,-10.249999999999996,0
-64.58333333333333,-10.249999999999996,0
-64.41666666666667,-10.249999999999996,0
-64.25,-10.249999999999996,0.2
-64.08333333333333,-10.249999999999996,0.2
-63.91666666666667,-10.249999999999996,0
-63.75,-10.249999999999996,0.4
-63.583333333333336,-10.249999999999996,0.2
-63.41666666666667,-10.249999999999996,0
-63.25,-10.249999999999996,0.6
-63.083333333333336,-10.249999999999996,0.6
-62.91666666666667,-10.249999999999996,0.6
-62.75,-10.249999999999996,0.6
-62.583333333333336,-10.249999999999996,0
-62.41666666666667,-10.249999999999996,0.6
-62.25,-10.249999999999996,0.8
-62.083333333333336,-10.249999999999996,0.6
-61.91666666666667,-10.249999999999996,0.6
-61.75,-10.249999999999996,0.6
-61.583333333333336,-10.249999999999996,0.2
-61.41666666666667,-10.249999999999996,0.2
-61.25,-10.249999999999996,0.4
-61.083333333333336,-10.249999999999996,0.6
-60.91666666666667,-10.249999999999996,0.4
-60.75,-10.249999999999996,0.6
-60.583333333333336,-10.249999999999996,1
-60.41666666666667,-10.249999999999996,0.6
-60.25,-10.249999999999996,0.2
-60.083333333333336,-10.249999999999996,0.2
-59.91666666666667,-10.249999999999996,0
-59.75,-10.249999999999996,0
-59.583333333333336,-10.249999999999996,0
-59.41666666666667,-10.249999999999996,0.4
-59.25,-10.249999999999996,0
-59.083333333333336,-10.249999999999996,0
-58.91666666666667,-10.249999999999996,0
-58.75,-10.249999999999996,0
-58.583333333333336,-10.249999999999996,0
-58.41666666666667,-10.249999999999996,0
-58.25,-10.249999999999996,0
-58.083333333333336,-10.249999999999996,0
-57.91666666666667,-10.249999999999996,0
-57.75,-10.249999999999996,0
-57.583333333333336,-10.249999999999996,0
-57.41666666666667,-10.249999999999996,0
-57.25,-10.249999999999996,0
-57.083333333333336,-10.249999999999996,0
-56.91666666666667,-10.249999999999996,0
-56.75,-10.249999999999996,0
-56.583333333333336,-10.249999999999996,0
-56.41666666666667,-10.249999999999996,0
-56.25,-10.249999999999996,0
-56.083333333333336,-10.249999999999996,0
-55.91666666666667,-10.249999999999996,0
-55.75,-10.249999999999996,0
-55.583333333333336,-10.249999999999996,0
-55.41666666666667,-10.249999999999996,0.6
-55.25,-10.249999999999996,0.6
-55.083333333333336,-10.249999999999996,0.6
-54.91666666666667,-10.249999999999996,0.6
-54.75,-10.249999999999996,0
-54.583333333333336,-10.249999999999996,0
-54.41666666666667,-10.249999999999996,0
-54.25,-10.249999999999996,0
-54.083333333333336,-10.249999999999996,0
-53.91666666666667,-10.249999999999996,0
-53.75,-10.249999999999996,0.2
-53.583333333333336,-10.249999999999996,0.2
-53.41666666666667,-10.249999999999996,0
-53.25,-10.249999999999996,0
-53.083333333333336,-10.249999999999996,0
-52.91666666666667,-10.249999999999996,0
-52.75,-10.249999999999996,0
-52.583333333333336,-10.249999999999996,0
-52.41666666666667,-10.249999999999996,0
-52.25,-10.249999999999996,0
-52.083333333333336,-10.249999999999996,0
-51.91666666666667,-10.249999999999996,0
-51.75,-10.249999999999996,0
-51.583333333333336,-10.249999999999996,0
-51.41666666666667,-10.249999999999996,0
-51.25,-10.249999999999996,0
-51.083333333333336,-10.249999999999996,0
-50.91666666666667,-10.249999999999996,0
-50.75,-10.249999999999996,0
-70.41666666666667,-10.416666666666664,0
-70.25,-10.416666666666664,0
-70.08333333333333,-10.416666666666664,0
-69.91666666666667,-10.416666666666664,0
-69.75,-10.416666666666664,0
-69.58333333333333,-10.416666666666664,0
-69.41666666666667,-10.416666666666664,0
-69.25,-10.416666666666664,0
-69.08333333333333,-10.416666666666664,0
-68.91666666666667,-10.416666666666664,0
-68.75,-10.416666666666664,0
-68.58333333333333,-10.416666666666664,0
-68.41666666666667,-10.416666666666664,0
-68.25,-10.416666666666664,0
-68.08333333333333,-10.416666666666664,0.4
-67.91666666666667,-10.416666666666664,0.8
-67.75,-10.416666666666664,0.2
-65.25,-10.416666666666664,0
-65.08333333333333,-10.416666666666664,0
-64.91666666666667,-10.416666666666664,0
-64.75,-10.416666666666664,0
-64.58333333333333,-10.416666666666664,0
-64.41666666666667,-10.416666666666664,0.4
-64.25,-10.416666666666664,0.4
-64.08333333333333,-10.416666666666664,0.4
-63.91666666666667,-10.416666666666664,0
-63.75,-10.416666666666664,0.6
-63.583333333333336,-10.416666666666664,0.2
-63.41666666666667,-10.416666666666664,0
-63.25,-10.416666666666664,0.6
-63.083333333333336,-10.416666666666664,0.2
-62.91666666666667,-10.416666666666664,0.4
-62.75,-10.416666666666664,0
-62.583333333333336,-10.416666666666664,0
-62.41666666666667,-10.416666666666664,0.6
-62.25,-10.416666666666664,0.6
-62.083333333333336,-10.416666666666664,0.6
-61.91666666666667,-10.416666666666664,0.6
-61.75,-10.416666666666664,0.6
-61.583333333333336,-10.416666666666664,0.6
-61.41666666666667,-10.416666666666664,0.2
-61.25,-10.416666666666664,0.2
-61.083333333333336,-10.416666666666664,0.6
-60.91666666666667,-10.416666666666664,0.6
-60.75,-10.416666666666664,0.4
-60.583333333333336,-10.416666666666664,0.8
-60.41666666666667,-10.416666666666664,0.6
-60.25,-10.416666666666664,0.2
-60.083333333333336,-10.416666666666664,0
-59.91666666666667,-10.416666666666664,0
-59.75,-10.416666666666664,0
-59.583333333333336,-10.416666666666664,0
-59.41666666666667,-10.416666666666664,0
-59.25,-10.416666666666664,0
-59.083333333333336,-10.416666666666664,0
-58.91666666666667,-10.416666666666664,0
-58.75,-10.416666666666664,0
-58.583333333333336,-10.416666666666664,0
-58.41666666666667,-10.416666666666664,0
-58.25,-10.416666666666664,0
-58.083333333333336,-10.416666666666664,0
-57.91666666666667,-10.416666666666664,0
-57.75,-10.416666666666664,0
-57.583333333333336,-10.416666666666664,0
-57.41666666666667,-10.416666666666664,0
-57.25,-10.416666666666664,0
-57.083333333333336,-10.416666666666664,0
-56.91666666666667,-10.416666666666664,0
-56.75,-10.416666666666664,0
-56.583333333333336,-10.416666666666664,0
-56.41666666666667,-10.416666666666664,0
-56.25,-10.416666666666664,0
-56.083333333333336,-10.416666666666664,0
-55.91666666666667,-10.416666666666664,0
-55.75,-10.416666666666664,0
-55.583333333333336,-10.416666666666664,0
-55.41666666666667,-10.416666666666664,0.4
-55.25,-10.416666666666664,0.6
-55.083333333333336,-10.416666666666664,0.2
-54.91666666666667,-10.416666666666664,0.4
-54.75,-10.416666666666664,0
-54.583333333333336,-10.416666666666664,0
-54.41666666666667,-10.416666666666664,0
-54.25,-10.416666666666664,0
-54.083333333333336,-10.416666666666664,0.2
-53.91666666666667,-10.416666666666664,0
-53.75,-10.416666666666664,0
-53.583333333333336,-10.416666666666664,0.2
-53.41666666666667,-10.416666666666664,0
-53.25,-10.416666666666664,0
-53.083333333333336,-10.416666666666664,0
-52.91666666666667,-10.416666666666664,0
-52.75,-10.416666666666664,0
-52.583333333333336,-10.416666666666664,0
-52.41666666666667,-10.416666666666664,0
-52.25,-10.416666666666664,0
-52.083333333333336,-10.416666666666664,0
-51.91666666666667,-10.416666666666664,0
-51.75,-10.416666666666664,0
-51.583333333333336,-10.416666666666664,0
-51.41666666666667,-10.416666666666664,0
-51.25,-10.416666666666664,0
-51.083333333333336,-10.416666666666664,0
-50.91666666666667,-10.416666666666664,0
-50.75,-10.416666666666664,0
-70.41666666666667,-10.58333333333333,0
-70.25,-10.58333333333333,0
-70.08333333333333,-10.58333333333333,0
-69.91666666666667,-10.58333333333333,0
-69.75,-10.58333333333333,0
-69.58333333333333,-10.58333333333333,0
-69.41666666666667,-10.58333333333333,0
-69.25,-10.58333333333333,0
-69.08333333333333,-10.58333333333333,0
-68.91666666666667,-10.58333333333333,0
-68.75,-10.58333333333333,0
-68.58333333333333,-10.58333333333333,0
-68.41666666666667,-10.58333333333333,0
-68.25,-10.58333333333333,0.2
-65.25,-10.58333333333333,0
-65.08333333333333,-10.58333333333333,0
-64.91666666666667,-10.58333333333333,0
-64.75,-10.58333333333333,0
-64.58333333333333,-10.58333333333333,0
-64.41666666666667,-10.58333333333333,0
-64.25,-10.58333333333333,0
-64.08333333333333,-10.58333333333333,0
-63.91666666666667,-10.58333333333333,0.2
-63.75,-10.58333333333333,0.6
-63.583333333333336,-10.58333333333333,0.2
-63.41666666666667,-10.58333333333333,0
-63.25,-10.58333333333333,0
-63.083333333333336,-10.58333333333333,0
-62.91666666666667,-10.58333333333333,0
-62.75,-10.58333333333333,0
-62.583333333333336,-10.58333333333333,0.6
-62.41666666666667,-10.58333333333333,0
-62.25,-10.58333333333333,0.4
-62.083333333333336,-10.58333333333333,0.6
-61.91666666666667,-10.58333333333333,0.6
-61.75,-10.58333333333333,0.6
-61.583333333333336,-10.58333333333333,0.6
-61.41666666666667,-10.58333333333333,0
-61.25,-10.58333333333333,0.6
-61.083333333333336,-10.58333333333333,0.6
-60.91666666666667,-10.58333333333333,0.6
-60.75,-10.58333333333333,0.4
-60.583333333333336,-10.58333333333333,0.6
-60.41666666666667,-10.58333333333333,0.6
-60.25,-10.58333333333333,0.2
-60.083333333333336,-10.58333333333333,0
-59.91666666666667,-10.58333333333333,0
-59.75,-10.58333333333333,0
-59.583333333333336,-10.58333333333333,0
-59.41666666666667,-10.58333333333333,0
-59.25,-10.58333333333333,0
-59.083333333333336,-10.58333333333333,0
-58.91666666666667,-10.58333333333333,0
-58.75,-10.58333333333333,0
-58.583333333333336,-10.58333333333333,0
-58.41666666666667,-10.58333333333333,0
-58.25,-10.58333333333333,0
-58.083333333333336,-10.58333333333333,0
-57.91666666666667,-10.58333333333333,0
-57.75,-10.58333333333333,0
-57.583333333333336,-10.58333333333333,0
-57.41666666666667,-10.58333333333333,0
-57.25,-10.58333333333333,0
-57.083333333333336,-10.58333333333333,0
-56.91666666666667,-10.58333333333333,0
-56.75,-10.58333333333333,0
-56.583333333333336,-10.58333333333333,0
-56.41666666666667,-10.58333333333333,0
-56.25,-10.58333333333333,0
-56.083333333333336,-10.58333333333333,0
-55.91666666666667,-10.58333333333333,0
-55.75,-10.58333333333333,0
-55.583333333333336,-10.58333333333333,0
-55.41666666666667,-10.58333333333333,0
-55.25,-10.58333333333333,0
-55.083333333333336,-10.58333333333333,0
-54.91666666666667,-10.58333333333333,0
-54.75,-10.58333333333333,0
-54.583333333333336,-10.58333333333333,0
-54.41666666666667,-10.58333333333333,0
-54.25,-10.58333333333333,0
-54.083333333333336,-10.58333333333333,0
-53.91666666666667,-10.58333333333333,0.2
-53.75,-10.58333333333333,0
-53.583333333333336,-10.58333333333333,0.4
-53.41666666666667,-10.58333333333333,0
-53.25,-10.58333333333333,0
-53.083333333333336,-10.58333333333333,0
-52.91666666666667,-10.58333333333333,0
-52.75,-10.58333333333333,0.2
-52.583333333333336,-10.58333333333333,0
-52.41666666666667,-10.58333333333333,0
-52.25,-10.58333333333333,0
-52.083333333333336,-10.58333333333333,0
-51.91666666666667,-10.58333333333333,0
-51.75,-10.58333333333333,0
-51.583333333333336,-10.58333333333333,0
-51.41666666666667,-10.58333333333333,0
-51.25,-10.58333333333333,0
-51.083333333333336,-10.58333333333333,0
-50.91666666666667,-10.58333333333333,0
-70.41666666666667,-10.749999999999996,0
-70.25,-10.749999999999996,0
-70.08333333333333,-10.749999999999996,0
-69.91666666666667,-10.749999999999996,0
-69.75,-10.749999999999996,0
-69.58333333333333,-10.749999999999996,0
-69.41666666666667,-10.749999999999996,0
-69.25,-10.749999999999996,0
-69.08333333333333,-10.749999999999996,0
-68.91666666666667,-10.749999999999996,0
-68.75,-10.749999999999996,0
-68.58333333333333,-10.749999999999996,0
-68.41666666666667,-10.749999999999996,0
-65.08333333333333,-10.749999999999996,0
-64.91666666666667,-10.749999999999996,0
-64.75,-10.749999999999996,0
-64.58333333333333,-10.749999999999996,0.2
-64.41666666666667,-10.749999999999996,0
-64.25,-10.749999999999996,0
-64.08333333333333,-10.749999999999996,0
-63.91666666666667,-10.749999999999996,0
-63.75,-10.749999999999996,0
-63.583333333333336,-10.749999999999996,0
-63.41666666666667,-10.749999999999996,0
-63.25,-10.749999999999996,0
-63.083333333333336,-10.749999999999996,0
-62.91666666666667,-10.749999999999996,0
-62.75,-10.749999999999996,0
-62.583333333333336,-10.749999999999996,0
-62.41666666666667,-10.749999999999996,0
-62.25,-10.749999999999996,0.4
-62.083333333333336,-10.749999999999996,0.6
-61.91666666666667,-10.749999999999996,1
-61.75,-10.749999999999996,0.6
-61.583333333333336,-10.749999999999996,0.6
-61.41666666666667,-10.749999999999996,0
-61.25,-10.749999999999996,0.6
-61.083333333333336,-10.749999999999996,0.6
-60.91666666666667,-10.749999999999996,0.4
-60.75,-10.749999999999996,0.6
-60.583333333333336,-10.749999999999996,0.4
-60.41666666666667,-10.749999999999996,0.6
-60.25,-10.749999999999996,0.6
-60.083333333333336,-10.749999999999996,0
-59.91666666666667,-10.749999999999996,0
-59.75,-10.749999999999996,0
-59.583333333333336,-10.749999999999996,0
-59.41666666666667,-10.749999999999996,0
-59.25,-10.749999999999996,0
-59.083333333333336,-10.749999999999996,0
-58.91666666666667,-10.749999999999996,0
-58.75,-10.749999999999996,0
-58.583333333333336,-10.749999999999996,0
-58.41666666666667,-10.749999999999996,0
-58.25,-10.749999999999996,0
-58.083333333333336,-10.749999999999996,0
-57.91666666666667,-10.749999999999996,0
-57.75,-10.749999999999996,0
-57.583333333333336,-10.749999999999996,0
-57.41666666666667,-10.749999999999996,0
-57.25,-10.749999999999996,0
-57.083333333333336,-10.749999999999996,0
-56.91666666666667,-10.749999999999996,0
-56.75,-10.749999999999996,0
-56.583333333333336,-10.749999999999996,0
-56.41666666666667,-10.749999999999996,0
-56.25,-10.749999999999996,0
-56.083333333333336,-10.749999999999996,0
-55.91666666666667,-10.749999999999996,0
-55.75,-10.749999999999996,0
-55.583333333333336,-10.749999999999996,0
-55.41666666666667,-10.749999999999996,0
-55.25,-10.749999999999996,0
-55.083333333333336,-10.749999999999996,0
-54.91666666666667,-10.749999999999996,0
-54.75,-10.749999999999996,0
-54.583333333333336,-10.749999999999996,0
-54.41666666666667,-10.749999999999996,0
-54.25,-10.749999999999996,0
-54.083333333333336,-10.749999999999996,0
-53.91666666666667,-10.749999999999996,0
-53.75,-10.749999999999996,0.4
-53.583333333333336,-10.749999999999996,0.4
-53.41666666666667,-10.749999999999996,0
-53.25,-10.749999999999996,0
-53.083333333333336,-10.749999999999996,0
-52.91666666666667,-10.749999999999996,0
-52.75,-10.749999999999996,0.2
-52.583333333333336,-10.749999999999996,0.2
-52.41666666666667,-10.749999999999996,0
-52.25,-10.749999999999996,0
-52.083333333333336,-10.749999999999996,0
-51.41666666666667,-10.749999999999996,0
-51.25,-10.749999999999996,0
-70.25,-10.916666666666664,0
-68.91666666666667,-10.916666666666664,0
-68.75,-10.916666666666664,0
-68.58333333333333,-10.916666666666664,0
-68.41666666666667,-10.916666666666664,0
-65.08333333333333,-10.916666666666664,0
-64.91666666666667,-10.916666666666664,0
-64.75,-10.916666666666664,0
-64.58333333333333,-10.916666666666664,0
-64.41666666666667,-10.916666666666664,0
-64.25,-10.916666666666664,0
-64.08333333333333,-10.916666666666664,0
-63.91666666666667,-10.916666666666664,0
-63.75,-10.916666666666664,0
-63.583333333333336,-10.916666666666664,0
-63.41666666666667,-10.916666666666664,0
-63.25,-10.916666666666664,0
-63.083333333333336,-10.916666666666664,0
-62.91666666666667,-10.916666666666664,0
-62.75,-10.916666666666664,0
-62.583333333333336,-10.916666666666664,0
-62.41666666666667,-10.916666666666664,0
-62.25,-10.916666666666664,0.4
-62.083333333333336,-10.916666666666664,0.6
-61.91666666666667,-10.916666666666664,0.6
-61.75,-10.916666666666664,0.8
-61.583333333333336,-10.916666666666664,0
-61.41666666666667,-10.916666666666664,0.2
-61.25,-10.916666666666664,0.6
-61.083333333333336,-10.916666666666664,0.6
-60.91666666666667,-10.916666666666664,0.4
-60.75,-10.916666666666664,0.6
-60.583333333333336,-10.916666666666664,0.6
-60.41666666666667,-10.916666666666664,0.6
-60.25,-10.916666666666664,0.6
-60.083333333333336,-10.916666666666664,0
-59.91666666666667,-10.916666666666664,0
-59.75,-10.916666666666664,0
-59.583333333333336,-10.916666666666664,0
-59.41666666666667,-10.916666666666664,0
-59.25,-10.916666666666664,0
-59.083333333333336,-10.916666666666664,0
-58.91666666666667,-10.916666666666664,0
-58.75,-10.916666666666664,0
-58.583333333333336,-10.916666666666664,0
-58.41666666666667,-10.916666666666664,0
-58.25,-10.916666666666664,0
-58.083333333333336,-10.916666666666664,0
-57.91666666666667,-10.916666666666664,0
-57.75,-10.916666666666664,0
-57.583333333333336,-10.916666666666664,0
-57.41666666666667,-10.916666666666664,0
-57.25,-10.916666666666664,0
-57.083333333333336,-10.916666666666664,0
-56.91666666666667,-10.916666666666664,0
-56.75,-10.916666666666664,0
-56.583333333333336,-10.916666666666664,0
-56.41666666666667,-10.916666666666664,0
-56.25,-10.916666666666664,0
-56.083333333333336,-10.916666666666664,0
-55.91666666666667,-10.916666666666664,0
-55.75,-10.916666666666664,0
-55.583333333333336,-10.916666666666664,0
-55.41666666666667,-10.916666666666664,0
-55.25,-10.916666666666664,0
-55.083333333333336,-10.916666666666664,0
-54.91666666666667,-10.916666666666664,0
-54.75,-10.916666666666664,0
-54.583333333333336,-10.916666666666664,0
-54.41666666666667,-10.916666666666664,0
-54.25,-10.916666666666664,0
-54.083333333333336,-10.916666666666664,0
-53.91666666666667,-10.916666666666664,0
-53.75,-10.916666666666664,0
-53.583333333333336,-10.916666666666664,0
-53.41666666666667,-10.916666666666664,0
-53.25,-10.916666666666664,0
-53.083333333333336,-10.916666666666664,0.2
-52.91666666666667,-10.916666666666664,0.2
-52.75,-10.916666666666664,0.2
-52.583333333333336,-10.916666666666664,0.2
-52.41666666666667,-10.916666666666664,0
-52.25,-10.916666666666664,0
-52.083333333333336,-10.916666666666664,0
-65.08333333333333,-11.083333333333329,0
-64.91666666666667,-11.083333333333329,0
-64.75,-11.083333333333329,0
-64.58333333333333,-11.083333333333329,0
-64.41666666666667,-11.083333333333329,0
-64.25,-11.083333333333329,0
-64.08333333333333,-11.083333333333329,0
-63.91666666666667,-11.083333333333329,0.2
-63.75,-11.083333333333329,0
-63.583333333333336,-11.083333333333329,0
-63.41666666666667,-11.083333333333329,0
-63.25,-11.083333333333329,0
-63.083333333333336,-11.083333333333329,0
-62.91666666666667,-11.083333333333329,0
-62.75,-11.083333333333329,0
-62.583333333333336,-11.083333333333329,0
-62.41666666666667,-11.083333333333329,0
-62.25,-11.083333333333329,0.4
-62.083333333333336,-11.083333333333329,0.4
-61.91666666666667,-11.083333333333329,0.6
-61.75,-11.083333333333329,0.6
-61.583333333333336,-11.083333333333329,0
-61.41666666666667,-11.083333333333329,0.6
-61.25,-11.083333333333329,0.2
-61.083333333333336,-11.083333333333329,0.6
-60.91666666666667,-11.083333333333329,0.6
-60.75,-11.083333333333329,0.6
-60.583333333333336,-11.083333333333329,0.6
-60.41666666666667,-11.083333333333329,0.6
-60.25,-11.083333333333329,0.6
-60.083333333333336,-11.083333333333329,0
-59.91666666666667,-11.083333333333329,0
-59.75,-11.083333333333329,0
-59.583333333333336,-11.083333333333329,0
-59.41666666666667,-11.083333333333329,0
-59.25,-11.083333333333329,0
-59.083333333333336,-11.083333333333329,0
-58.91666666666667,-11.083333333333329,0
-58.75,-11.083333333333329,0
-58.583333333333336,-11.083333333333329,0
-58.41666666666667,-11.083333333333329,0
-58.25,-11.083333333333329,0
-58.083333333333336,-11.083333333333329,0
-57.91666666666667,-11.083333333333329,0
-57.75,-11.083333333333329,0
-57.583333333333336,-11.083333333333329,0
-57.41666666666667,-11.083333333333329,0
-57.25,-11.083333333333329,0
-57.083333333333336,-11.083333333333329,0
-56.91666666666667,-11.083333333333329,0
-56.75,-11.083333333333329,0
-56.583333333333336,-11.083333333333329,0
-56.41666666666667,-11.083333333333329,0
-56.25,-11.083333333333329,0
-56.083333333333336,-11.083333333333329,0
-55.91666666666667,-11.083333333333329,0
-55.75,-11.083333333333329,0
-55.583333333333336,-11.083333333333329,0
-55.41666666666667,-11.083333333333329,0
-55.25,-11.083333333333329,0
-55.083333333333336,-11.083333333333329,0
-54.91666666666667,-11.083333333333329,0
-54.75,-11.083333333333329,0
-54.583333333333336,-11.083333333333329,0
-54.41666666666667,-11.083333333333329,0
-54.25,-11.083333333333329,0.2
-54.083333333333336,-11.083333333333329,0.2
-53.91666666666667,-11.083333333333329,0
-53.75,-11.083333333333329,0
-53.583333333333336,-11.083333333333329,0.2
-53.41666666666667,-11.083333333333329,0
-53.25,-11.083333333333329,0
-53.083333333333336,-11.083333333333329,0
-52.91666666666667,-11.083333333333329,0
-52.75,-11.083333333333329,0
-52.583333333333336,-11.083333333333329,0
-52.41666666666667,-11.083333333333329,0
-52.25,-11.083333333333329,0
-52.083333333333336,-11.083333333333329,0
-65.25,-11.249999999999996,0.2
-65.08333333333333,-11.249999999999996,0
-64.91666666666667,-11.249999999999996,0.2
-64.75,-11.249999999999996,0.2
-64.58333333333333,-11.249999999999996,0
-64.41666666666667,-11.249999999999996,0
-64.25,-11.249999999999996,0
-64.08333333333333,-11.249999999999996,0
-63.91666666666667,-11.249999999999996,0
-63.75,-11.249999999999996,0
-63.583333333333336,-11.249999999999996,0
-63.41666666666667,-11.249999999999996,0
-63.25,-11.249999999999996,0
-63.083333333333336,-11.249999999999996,0
-62.91666666666667,-11.249999999999996,0
-62.75,-11.249999999999996,0
-62.583333333333336,-11.249999999999996,0
-62.41666666666667,-11.249999999999996,0
-62.25,-11.249999999999996,0.2
-62.083333333333336,-11.249999999999996,0.2
-61.91666666666667,-11.249999999999996,0.6
-61.75,-11.249999999999996,0.6
-61.583333333333336,-11.249999999999996,0
-61.41666666666667,-11.249999999999996,0.4
-61.25,-11.249999999999996,0.4
-61.083333333333336,-11.249999999999996,0.4
-60.91666666666667,-11.249999999999996,0
-60.75,-11.249999999999996,0
-60.583333333333336,-11.249999999999996,0.2
-60.41666666666667,-11.249999999999996,0.2
-60.25,-11.249999999999996,0
-60.083333333333336,-11.249999999999996,0
-59.91666666666667,-11.249999999999996,0
-59.75,-11.249999999999996,0
-59.583333333333336,-11.249999999999996,0
-59.41666666666667,-11.249999999999996,0
-59.25,-11.249999999999996,0
-59.083333333333336,-11.249999999999996,0
-58.91666666666667,-11.249999999999996,0
-58.75,-11.249999999999996,0
-58.583333333333336,-11.249999999999996,0
-58.41666666666667,-11.249999999999996,0
-58.25,-11.249999999999996,0
-58.083333333333336,-11.249999999999996,0
-57.91666666666667,-11.249999999999996,0
-57.75,-11.249999999999996,0
-57.583333333333336,-11.249999999999996,0
-57.41666666666667,-11.249999999999996,0
-57.25,-11.249999999999996,0
-57.083333333333336,-11.249999999999996,0
-56.91666666666667,-11.249999999999996,0
-56.75,-11.249999999999996,0
-56.583333333333336,-11.249999999999996,0
-56.41666666666667,-11.249999999999996,0
-56.25,-11.249999999999996,0
-56.083333333333336,-11.249999999999996,0
-55.91666666666667,-11.249999999999996,0
-55.75,-11.249999999999996,0
-55.583333333333336,-11.249999999999996,0
-55.41666666666667,-11.249999999999996,0
-55.25,-11.249999999999996,0
-55.083333333333336,-11.249999999999996,0
-54.91666666666667,-11.249999999999996,0
-54.75,-11.249999999999996,0
-54.583333333333336,-11.249999999999996,0
-54.41666666666667,-11.249999999999996,0
-54.25,-11.249999999999996,0.2
-54.083333333333336,-11.249999999999996,0.2
-53.91666666666667,-11.249999999999996,0
-53.75,-11.249999999999996,0.2
-53.583333333333336,-11.249999999999996,0
-53.41666666666667,-11.249999999999996,0
-53.25,-11.249999999999996,0
-53.083333333333336,-11.249999999999996,0
-52.91666666666667,-11.249999999999996,0
-52.75,-11.249999999999996,0.2
-52.583333333333336,-11.249999999999996,0
-52.41666666666667,-11.249999999999996,0
-52.25,-11.249999999999996,0
-52.083333333333336,-11.249999999999996,0
-51.91666666666667,-11.249999999999996,0.2
-65.08333333333333,-11.416666666666664,0
-64.91666666666667,-11.416666666666664,0
-64.75,-11.416666666666664,0
-64.58333333333333,-11.416666666666664,0
-64.41666666666667,-11.416666666666664,0
-64.25,-11.416666666666664,0
-64.08333333333333,-11.416666666666664,0
-63.91666666666667,-11.416666666666664,0
-63.75,-11.416666666666664,0
-63.583333333333336,-11.416666666666664,0
-63.41666666666667,-11.416666666666664,0
-63.25,-11.416666666666664,0
-63.083333333333336,-11.416666666666664,0
-62.91666666666667,-11.416666666666664,0
-62.75,-11.416666666666664,0
-62.583333333333336,-11.416666666666664,0
-62.41666666666667,-11.416666666666664,0
-62.25,-11.416666666666664,0.2
-62.083333333333336,-11.416666666666664,0.2
-61.91666666666667,-11.416666666666664,0.4
-61.75,-11.416666666666664,0.4
-61.583333333333336,-11.416666666666664,0.4
-61.41666666666667,-11.416666666666664,0.4
-61.25,-11.416666666666664,0.4
-61.083333333333336,-11.416666666666664,0.2
-60.91666666666667,-11.416666666666664,0.4
-60.75,-11.416666666666664,0
-60.583333333333336,-11.416666666666664,0
-60.41666666666667,-11.416666666666664,0
-60.25,-11.416666666666664,0
-60.083333333333336,-11.416666666666664,0
-59.91666666666667,-11.416666666666664,0
-59.75,-11.416666666666664,0
-59.583333333333336,-11.416666666666664,0
-59.41666666666667,-11.416666666666664,0
-59.25,-11.416666666666664,0
-59.083333333333336,-11.416666666666664,0
-58.91666666666667,-11.416666666666664,0
-58.75,-11.416666666666664,0
-58.583333333333336,-11.416666666666664,0
-58.41666666666667,-11.416666666666664,0
-58.25,-11.416666666666664,0
-58.083333333333336,-11.416666666666664,0
-57.91666666666667,-11.416666666666664,0
-57.75,-11.416666666666664,0
-57.583333333333336,-11.416666666666664,0
-57.41666666666667,-11.416666666666664,0
-57.25,-11.416666666666664,0
-57.083333333333336,-11.416666666666664,0
-56.91666666666667,-11.416666666666664,0
-56.75,-11.416666666666664,0
-56.583333333333336,-11.416666666666664,0
-56.41666666666667,-11.416666666666664,0
-56.25,-11.416666666666664,0
-56.083333333333336,-11.416666666666664,0
-55.91666666666667,-11.416666666666664,0
-55.75,-11.416666666666664,0
-55.583333333333336,-11.416666666666664,0
-55.41666666666667,-11.416666666666664,0
-55.25,-11.416666666666664,0
-55.083333333333336,-11.416666666666664,0
-54.91666666666667,-11.416666666666664,0
-54.75,-11.416666666666664,0
-54.583333333333336,-11.416666666666664,0
-54.41666666666667,-11.416666666666664,0
-54.25,-11.416666666666664,0
-54.083333333333336,-11.416666666666664,0.2
-53.91666666666667,-11.416666666666664,0.2
-53.75,-11.416666666666664,0.2
-53.583333333333336,-11.416666666666664,0
-53.41666666666667,-11.416666666666664,0
-53.25,-11.416666666666664,0
-53.083333333333336,-11.416666666666664,0
-52.91666666666667,-11.416666666666664,0
-52.75,-11.416666666666664,0
-52.583333333333336,-11.416666666666664,0
-52.41666666666667,-11.416666666666664,0
-52.25,-11.416666666666664,0
-52.083333333333336,-11.416666666666664,0
-51.91666666666667,-11.416666666666664,0
-51.75,-11.416666666666664,0
-65.08333333333333,-11.583333333333329,0.2
-64.91666666666667,-11.583333333333329,0
-64.75,-11.583333333333329,0
-64.58333333333333,-11.583333333333329,0
-64.41666666666667,-11.583333333333329,0
-64.25,-11.583333333333329,0
-64.08333333333333,-11.583333333333329,0
-63.91666666666667,-11.583333333333329,0
-63.75,-11.583333333333329,0
-63.583333333333336,-11.583333333333329,0
-63.41666666666667,-11.583333333333329,0
-63.25,-11.583333333333329,0
-63.083333333333336,-11.583333333333329,0
-62.91666666666667,-11.583333333333329,0
-62.75,-11.583333333333329,0
-62.583333333333336,-11.583333333333329,0
-62.41666666666667,-11.583333333333329,0
-62.25,-11.583333333333329,0
-62.083333333333336,-11.583333333333329,0.2
-61.91666666666667,-11.583333333333329,0.2
-61.75,-11.583333333333329,0.2
-61.583333333333336,-11.583333333333329,0.4
-61.41666666666667,-11.583333333333329,0.2
-61.25,-11.583333333333329,0.4
-61.083333333333336,-11.583333333333329,0.4
-60.91666666666667,-11.583333333333329,0.4
-60.75,-11.583333333333329,0
-60.583333333333336,-11.583333333333329,0
-60.41666666666667,-11.583333333333329,0
-60.25,-11.583333333333329,0
-60.083333333333336,-11.583333333333329,0
-59.91666666666667,-11.583333333333329,0
-59.75,-11.583333333333329,0
-59.583333333333336,-11.583333333333329,0
-59.41666666666667,-11.583333333333329,0
-59.25,-11.583333333333329,0
-59.083333333333336,-11.583333333333329,0
-58.91666666666667,-11.583333333333329,0
-58.75,-11.583333333333329,0
-58.583333333333336,-11.583333333333329,0
-58.41666666666667,-11.583333333333329,0
-58.25,-11.583333333333329,0
-58.083333333333336,-11.583333333333329,0
-57.91666666666667,-11.583333333333329,0
-57.75,-11.583333333333329,0
-57.583333333333336,-11.583333333333329,0
-57.41666666666667,-11.583333333333329,0
-57.25,-11.583333333333329,0
-57.083333333333336,-11.583333333333329,0
-56.91666666666667,-11.583333333333329,0
-56.75,-11.583333333333329,0
-56.583333333333336,-11.583333333333329,0
-56.41666666666667,-11.583333333333329,0
-56.25,-11.583333333333329,0
-56.083333333333336,-11.583333333333329,0
-55.91666666666667,-11.583333333333329,0
-55.75,-11.583333333333329,0
-55.583333333333336,-11.583333333333329,0
-55.41666666666667,-11.583333333333329,0
-55.25,-11.583333333333329,0
-55.083333333333336,-11.583333333333329,0
-54.91666666666667,-11.583333333333329,0
-54.75,-11.583333333333329,0
-54.583333333333336,-11.583333333333329,0
-54.41666666666667,-11.583333333333329,0.2
-54.25,-11.583333333333329,0
-54.083333333333336,-11.583333333333329,0
-53.91666666666667,-11.583333333333329,0
-53.75,-11.583333333333329,0
-53.583333333333336,-11.583333333333329,0.2
-53.41666666666667,-11.583333333333329,0.2
-53.25,-11.583333333333329,0
-53.083333333333336,-11.583333333333329,0
-52.91666666666667,-11.583333333333329,0
-52.75,-11.583333333333329,0
-52.583333333333336,-11.583333333333329,0
-52.41666666666667,-11.583333333333329,0
-52.25,-11.583333333333329,0
-52.083333333333336,-11.583333333333329,0
-51.91666666666667,-11.583333333333329,0
-51.75,-11.583333333333329,0
-51.583333333333336,-11.583333333333329,0
-64.91666666666667,-11.749999999999996,0.2
-64.75,-11.749999999999996,0
-64.58333333333333,-11.749999999999996,0
-64.41666666666667,-11.749999999999996,0
-64.25,-11.749999999999996,0
-64.08333333333333,-11.749999999999996,0
-63.91666666666667,-11.749999999999996,0
-63.75,-11.749999999999996,0
-63.583333333333336,-11.749999999999996,0
-63.41666666666667,-11.749999999999996,0
-63.25,-11.749999999999996,0
-63.083333333333336,-11.749999999999996,0
-62.91666666666667,-11.749999999999996,0
-62.75,-11.749999999999996,0
-62.583333333333336,-11.749999999999996,0
-62.41666666666667,-11.749999999999996,0
-62.25,-11.749999999999996,0
-62.083333333333336,-11.749999999999996,0
-61.91666666666667,-11.749999999999996,0
-61.75,-11.749999999999996,0
-61.583333333333336,-11.749999999999996,0
-61.41666666666667,-11.749999999999996,0
-61.25,-11.749999999999996,0.2
-61.083333333333336,-11.749999999999996,0.4
-60.91666666666667,-11.749999999999996,0.6
-60.75,-11.749999999999996,0.6
-60.583333333333336,-11.749999999999996,0
-60.41666666666667,-11.749999999999996,0
-60.25,-11.749999999999996,0
-60.083333333333336,-11.749999999999996,0
-59.91666666666667,-11.749999999999996,0
-59.75,-11.749999999999996,0
-59.583333333333336,-11.749999999999996,0
-59.41666666666667,-11.749999999999996,0
-59.25,-11.749999999999996,0
-59.083333333333336,-11.749999999999996,0
-58.91666666666667,-11.749999999999996,0
-58.75,-11.749999999999996,0
-58.583333333333336,-11.749999999999996,0
-58.41666666666667,-11.749999999999996,0
-58.25,-11.749999999999996,0
-58.083333333333336,-11.749999999999996,0
-57.91666666666667,-11.749999999999996,0
-57.75,-11.749999999999996,0
-57.583333333333336,-11.749999999999996,0
-57.41666666666667,-11.749999999999996,0.2
-57.25,-11.749999999999996,0
-57.083333333333336,-11.749999999999996,0
-56.91666666666667,-11.749999999999996,0
-56.75,-11.749999999999996,0
-56.583333333333336,-11.749999999999996,0
-56.41666666666667,-11.749999999999996,0
-56.25,-11.749999999999996,0
-56.083333333333336,-11.749999999999996,0
-55.91666666666667,-11.749999999999996,0
-55.75,-11.749999999999996,0
-55.583333333333336,-11.749999999999996,0
-55.41666666666667,-11.749999999999996,0
-55.25,-11.749999999999996,0
-55.083333333333336,-11.749999999999996,0
-54.91666666666667,-11.749999999999996,0
-54.75,-11.749999999999996,0
-54.583333333333336,-11.749999999999996,0
-54.41666666666667,-11.749999999999996,0
-54.25,-11.749999999999996,0
-54.083333333333336,-11.749999999999996,0
-53.91666666666667,-11.749999999999996,0
-53.75,-11.749999999999996,0
-53.583333333333336,-11.749999999999996,0
-53.41666666666667,-11.749999999999996,0
-53.25,-11.749999999999996,0
-53.083333333333336,-11.749999999999996,0
-52.91666666666667,-11.749999999999996,0
-52.75,-11.749999999999996,0
-52.583333333333336,-11.749999999999996,0
-52.41666666666667,-11.749999999999996,0
-52.25,-11.749999999999996,0
-52.083333333333336,-11.749999999999996,0
-51.91666666666667,-11.749999999999996,0
-51.75,-11.749999999999996,0
-51.583333333333336,-11.749999999999996,0
-64.75,-11.916666666666664,0
-64.58333333333333,-11.916666666666664,0
-64.41666666666667,-11.916666666666664,0
-64.25,-11.916666666666664,0
-64.08333333333333,-11.916666666666664,0
-63.91666666666667,-11.916666666666664,0
-63.75,-11.916666666666664,0
-63.583333333333336,-11.916666666666664,0
-63.41666666666667,-11.916666666666664,0
-63.25,-11.916666666666664,0
-63.083333333333336,-11.916666666666664,0
-62.91666666666667,-11.916666666666664,0
-62.75,-11.916666666666664,0
-62.583333333333336,-11.916666666666664,0
-62.41666666666667,-11.916666666666664,0
-62.25,-11.916666666666664,0
-62.083333333333336,-11.916666666666664,0
-61.91666666666667,-11.916666666666664,0
-61.75,-11.916666666666664,0
-61.583333333333336,-11.916666666666664,0
-61.41666666666667,-11.916666666666664,0
-61.25,-11.916666666666664,0
-61.083333333333336,-11.916666666666664,0
-60.91666666666667,-11.916666666666664,0.4
-60.75,-11.916666666666664,0
-60.583333333333336,-11.916666666666664,0
-60.41666666666667,-11.916666666666664,0
-60.25,-11.916666666666664,0
-60.083333333333336,-11.916666666666664,0
-59.91666666666667,-11.916666666666664,0
-59.75,-11.916666666666664,0
-59.583333333333336,-11.916666666666664,0
-58.91666666666667,-11.916666666666664,0
-58.75,-11.916666666666664,0
-58.583333333333336,-11.916666666666664,0
-58.41666666666667,-11.916666666666664,0
-58.25,-11.916666666666664,0
-58.083333333333336,-11.916666666666664,0
-57.91666666666667,-11.916666666666664,0
-57.75,-11.916666666666664,0
-57.583333333333336,-11.916666666666664,0
-57.41666666666667,-11.916666666666664,0
-57.25,-11.916666666666664,0
-57.083333333333336,-11.916666666666664,0
-56.91666666666667,-11.916666666666664,0
-56.75,-11.916666666666664,0
-56.583333333333336,-11.916666666666664,0
-56.41666666666667,-11.916666666666664,0
-56.25,-11.916666666666664,0
-56.083333333333336,-11.916666666666664,0
-55.91666666666667,-11.916666666666664,0
-55.75,-11.916666666666664,0
-55.583333333333336,-11.916666666666664,0
-55.41666666666667,-11.916666666666664,0
-55.25,-11.916666666666664,0
-55.083333333333336,-11.916666666666664,0
-54.91666666666667,-11.916666666666664,0
-54.75,-11.916666666666664,0
-54.583333333333336,-11.916666666666664,0
-54.41666666666667,-11.916666666666664,0
-54.25,-11.916666666666664,0
-54.083333333333336,-11.916666666666664,0
-53.91666666666667,-11.916666666666664,0
-53.75,-11.916666666666664,0
-53.583333333333336,-11.916666666666664,0
-53.41666666666667,-11.916666666666664,0
-53.25,-11.916666666666664,0
-53.083333333333336,-11.916666666666664,0
-52.91666666666667,-11.916666666666664,0
-52.75,-11.916666666666664,0
-52.583333333333336,-11.916666666666664,0
-52.41666666666667,-11.916666666666664,0
-52.25,-11.916666666666664,0
-52.083333333333336,-11.916666666666664,0
-51.91666666666667,-11.916666666666664,0
-51.75,-11.916666666666664,0
-51.583333333333336,-11.916666666666664,0
-64.58333333333333,-12.083333333333329,0
-64.41666666666667,-12.083333333333329,0
-64.25,-12.083333333333329,0
-64.08333333333333,-12.083333333333329,0
-63.91666666666667,-12.083333333333329,0
-63.75,-12.083333333333329,0
-63.583333333333336,-12.083333333333329,0
-63.41666666666667,-12.083333333333329,0
-63.25,-12.083333333333329,0
-63.083333333333336,-12.083333333333329,0
-62.91666666666667,-12.083333333333329,0
-62.75,-12.083333333333329,0
-62.583333333333336,-12.083333333333329,0.2
-62.41666666666667,-12.083333333333329,0
-62.25,-12.083333333333329,0
-62.083333333333336,-12.083333333333329,0
-61.91666666666667,-12.083333333333329,0
-61.75,-12.083333333333329,0
-61.583333333333336,-12.083333333333329,0
-61.41666666666667,-12.083333333333329,0
-61.25,-12.083333333333329,0
-61.083333333333336,-12.083333333333329,0
-60.91666666666667,-12.083333333333329,0
-60.75,-12.083333333333329,0
-60.583333333333336,-12.083333333333329,0
-60.41666666666667,-12.083333333333329,0
-60.25,-12.083333333333329,0
-60.083333333333336,-12.083333333333329,0
-58.25,-12.083333333333329,0
-58.083333333333336,-12.083333333333329,0
-57.91666666666667,-12.083333333333329,0
-57.75,-12.083333333333329,0
-57.583333333333336,-12.083333333333329,0
-57.41666666666667,-12.083333333333329,0
-57.25,-12.083333333333329,0
-57.083333333333336,-12.083333333333329,0
-56.91666666666667,-12.083333333333329,0
-56.75,-12.083333333333329,0
-56.583333333333336,-12.083333333333329,0
-56.41666666666667,-12.083333333333329,0
-56.25,-12.083333333333329,0
-56.083333333333336,-12.083333333333329,0
-55.91666666666667,-12.083333333333329,0
-55.75,-12.083333333333329,0
-55.583333333333336,-12.083333333333329,0
-55.41666666666667,-12.083333333333329,0
-55.25,-12.083333333333329,0
-55.083333333333336,-12.083333333333329,0
-54.91666666666667,-12.083333333333329,0
-54.75,-12.083333333333329,0
-54.583333333333336,-12.083333333333329,0
-54.41666666666667,-12.083333333333329,0
-54.25,-12.083333333333329,0
-54.083333333333336,-12.083333333333329,0
-53.91666666666667,-12.083333333333329,0
-53.75,-12.083333333333329,0
-53.583333333333336,-12.083333333333329,0.2
-53.41666666666667,-12.083333333333329,0
-53.25,-12.083333333333329,0
-53.083333333333336,-12.083333333333329,0
-52.91666666666667,-12.083333333333329,0
-52.75,-12.083333333333329,0
-52.583333333333336,-12.083333333333329,0
-52.41666666666667,-12.083333333333329,0
-52.25,-12.083333333333329,0
-52.083333333333336,-12.083333333333329,0
-51.91666666666667,-12.083333333333329,0
-51.75,-12.083333333333329,0
-51.583333333333336,-12.083333333333329,0
-64.41666666666667,-12.249999999999996,0
-64.25,-12.249999999999996,0
-64.08333333333333,-12.249999999999996,0
-63.91666666666667,-12.249999999999996,0
-63.75,-12.249999999999996,0
-63.583333333333336,-12.249999999999996,0
-63.41666666666667,-12.249999999999996,0
-63.25,-12.249999999999996,0.4
-63.083333333333336,-12.249999999999996,0.2
-62.91666666666667,-12.249999999999996,0.2
-62.75,-12.249999999999996,0.2
-62.583333333333336,-12.249999999999996,0.2
-62.41666666666667,-12.249999999999996,0.4
-62.25,-12.249999999999996,0
-62.083333333333336,-12.249999999999996,0
-61.91666666666667,-12.249999999999996,0
-61.75,-12.249999999999996,0
-61.583333333333336,-12.249999999999996,0
-61.41666666666667,-12.249999999999996,0
-61.25,-12.249999999999996,0
-61.083333333333336,-12.249999999999996,0
-60.91666666666667,-12.249999999999996,0
-60.75,-12.249999999999996,0
-60.583333333333336,-12.249999999999996,0
-60.41666666666667,-12.249999999999996,0
-60.25,-12.249999999999996,0
-60.083333333333336,-12.249999999999996,0
-58.25,-12.249999999999996,0
-58.083333333333336,-12.249999999999996,0
-57.91666666666667,-12.249999999999996,0
-57.75,-12.249999999999996,0
-57.583333333333336,-12.249999999999996,0
-57.41666666666667,-12.249999999999996,0
-57.25,-12.249999999999996,0
-57.083333333333336,-12.249999999999996,0
-56.91666666666667,-12.249999999999996,0
-56.75,-12.249999999999996,0.2
-56.583333333333336,-12.249999999999996,0.2
-56.41666666666667,-12.249999999999996,0.2
-56.25,-12.249999999999996,0
-56.083333333333336,-12.249999999999996,0
-55.91666666666667,-12.249999999999996,0
-55.75,-12.249999999999996,0
-55.583333333333336,-12.249999999999996,0
-55.41666666666667,-12.249999999999996,0
-55.25,-12.249999999999996,0
-55.083333333333336,-12.249999999999996,0
-54.91666666666667,-12.249999999999996,0
-54.75,-12.249999999999996,0
-54.583333333333336,-12.249999999999996,0
-54.41666666666667,-12.249999999999996,0
-54.25,-12.249999999999996,0
-54.083333333333336,-12.249999999999996,0
-53.91666666666667,-12.249999999999996,0
-53.75,-12.249999999999996,0
-53.583333333333336,-12.249999999999996,0
-53.41666666666667,-12.249999999999996,0
-53.25,-12.249999999999996,0
-53.083333333333336,-12.249999999999996,0
-52.91666666666667,-12.249999999999996,0
-52.75,-12.249999999999996,0
-52.583333333333336,-12.249999999999996,0
-52.41666666666667,-12.249999999999996,0
-52.25,-12.249999999999996,0
-52.083333333333336,-12.249999999999996,0
-51.91666666666667,-12.249999999999996,0
-51.75,-12.249999999999996,0
-51.583333333333336,-12.249999999999996,0
-64.08333333333333,-12.416666666666664,0
-63.41666666666667,-12.416666666666664,0.4
-63.25,-12.416666666666664,0.4
-63.083333333333336,-12.416666666666664,0.4
-62.91666666666667,-12.416666666666664,0.2
-62.75,-12.416666666666664,0.2
-62.583333333333336,-12.416666666666664,0
-62.41666666666667,-12.416666666666664,0
-62.25,-12.416666666666664,0
-62.083333333333336,-12.416666666666664,0.4
-61.91666666666667,-12.416666666666664,0.4
-61.75,-12.416666666666664,0
-61.583333333333336,-12.416666666666664,0
-61.41666666666667,-12.416666666666664,0
-61.25,-12.416666666666664,0
-61.083333333333336,-12.416666666666664,0
-60.91666666666667,-12.416666666666664,0
-60.75,-12.416666666666664,0
-60.583333333333336,-12.416666666666664,0
-60.41666666666667,-12.416666666666664,0
-60.25,-12.416666666666664,0
-60.083333333333336,-12.416666666666664,0
-57.75,-12.416666666666664,0
-57.583333333333336,-12.416666666666664,0
-57.41666666666667,-12.416666666666664,0
-57.25,-12.416666666666664,0
-57.083333333333336,-12.416666666666664,0
-56.91666666666667,-12.416666666666664,0.2
-56.75,-12.416666666666664,0
-56.583333333333336,-12.416666666666664,0.2
-56.41666666666667,-12.416666666666664,0
-56.25,-12.416666666666664,0
-56.083333333333336,-12.416666666666664,0
-55.41666666666667,-12.416666666666664,0
-55.25,-12.416666666666664,0
-55.083333333333336,-12.416666666666664,0
-54.91666666666667,-12.416666666666664,0
-54.75,-12.416666666666664,0
-54.583333333333336,-12.416666666666664,0
-54.41666666666667,-12.416666666666664,0
-54.25,-12.416666666666664,0
-54.083333333333336,-12.416666666666664,0
-53.91666666666667,-12.416666666666664,0
-53.75,-12.416666666666664,0
-53.583333333333336,-12.416666666666664,0
-53.41666666666667,-12.416666666666664,0
-53.25,-12.416666666666664,0
-53.083333333333336,-12.416666666666664,0
-52.91666666666667,-12.416666666666664,0
-52.75,-12.416666666666664,0
-52.583333333333336,-12.416666666666664,0
-52.41666666666667,-12.416666666666664,0
-52.25,-12.416666666666664,0
-52.083333333333336,-12.416666666666664,0
-51.91666666666667,-12.416666666666664,0
-51.75,-12.416666666666664,0
-51.583333333333336,-12.416666666666664,0
-63.25,-12.583333333333329,0.4
-63.083333333333336,-12.583333333333329,0.4
-62.91666666666667,-12.583333333333329,0.4
-62.75,-12.583333333333329,0
-62.583333333333336,-12.583333333333329,0.2
-62.41666666666667,-12.583333333333329,0
-62.25,-12.583333333333329,0
-62.083333333333336,-12.583333333333329,0
-61.91666666666667,-12.583333333333329,0.4
-61.75,-12.583333333333329,0
-61.583333333333336,-12.583333333333329,0
-61.41666666666667,-12.583333333333329,0
-61.25,-12.583333333333329,0
-61.083333333333336,-12.583333333333329,0
-60.91666666666667,-12.583333333333329,0
-60.75,-12.583333333333329,0
-60.583333333333336,-12.583333333333329,0
-60.41666666666667,-12.583333333333329,0
-60.25,-12.583333333333329,0
-60.083333333333336,-12.583333333333329,0
-57.75,-12.583333333333329,0
-57.583333333333336,-12.583333333333329,0
-57.41666666666667,-12.583333333333329,0
-57.25,-12.583333333333329,0
-57.083333333333336,-12.583333333333329,0
-56.91666666666667,-12.583333333333329,0
-56.75,-12.583333333333329,0
-56.583333333333336,-12.583333333333329,0
-55.41666666666667,-12.583333333333329,0
-55.25,-12.583333333333329,0
-55.083333333333336,-12.583333333333329,0
-54.91666666666667,-12.583333333333329,0
-54.75,-12.583333333333329,0
-54.583333333333336,-12.583333333333329,0
-54.41666666666667,-12.583333333333329,0
-54.25,-12.583333333333329,0
-54.083333333333336,-12.583333333333329,0
-53.91666666666667,-12.583333333333329,0
-53.75,-12.583333333333329,0
-53.583333333333336,-12.583333333333329,0
-53.41666666666667,-12.583333333333329,0
-53.25,-12.583333333333329,0
-53.083333333333336,-12.583333333333329,0
-52.91666666666667,-12.583333333333329,0
-52.75,-12.583333333333329,0
-52.583333333333336,-12.583333333333329,0
-52.41666666666667,-12.583333333333329,0
-52.25,-12.583333333333329,0
-52.083333333333336,-12.583333333333329,0
-51.91666666666667,-12.583333333333329,0
-51.75,-12.583333333333329,0
-62.91666666666667,-12.749999999999996,0.4
-62.75,-12.749999999999996,0.4
-62.583333333333336,-12.749999999999996,0.2
-62.41666666666667,-12.749999999999996,0
-62.25,-12.749999999999996,0
-62.083333333333336,-12.749999999999996,0
-61.91666666666667,-12.749999999999996,0
-61.75,-12.749999999999996,0.4
-61.583333333333336,-12.749999999999996,0.4
-61.41666666666667,-12.749999999999996,0
-61.25,-12.749999999999996,0
-61.083333333333336,-12.749999999999996,0
-60.91666666666667,-12.749999999999996,0
-60.75,-12.749999999999996,0
-60.583333333333336,-12.749999999999996,0
-60.41666666666667,-12.749999999999996,0
-60.25,-12.749999999999996,0
-60.083333333333336,-12.749999999999996,0
-57.75,-12.749999999999996,0
-57.583333333333336,-12.749999999999996,0
-57.41666666666667,-12.749999999999996,0
-57.25,-12.749999999999996,0
-57.083333333333336,-12.749999999999996,0
-56.91666666666667,-12.749999999999996,0
-56.75,-12.749999999999996,0
-56.583333333333336,-12.749999999999996,0
-55.41666666666667,-12.749999999999996,0
-55.25,-12.749999999999996,0
-55.083333333333336,-12.749999999999996,0
-54.91666666666667,-12.749999999999996,0
-54.75,-12.749999999999996,0
-54.583333333333336,-12.749999999999996,0
-54.41666666666667,-12.749999999999996,0
-54.25,-12.749999999999996,0
-54.083333333333336,-12.749999999999996,0
-53.91666666666667,-12.749999999999996,0
-53.75,-12.749999999999996,0
-53.583333333333336,-12.749999999999996,0
-53.41666666666667,-12.749999999999996,0
-53.25,-12.749999999999996,0
-53.083333333333336,-12.749999999999996,0
-52.91666666666667,-12.749999999999996,0
-52.75,-12.749999999999996,0
-52.583333333333336,-12.749999999999996,0
-52.41666666666667,-12.749999999999996,0
-52.25,-12.749999999999996,0
-52.083333333333336,-12.749999999999996,0
-51.91666666666667,-12.749999999999996,0
-62.583333333333336,-12.916666666666664,0
-62.41666666666667,-12.916666666666664,0
-62.25,-12.916666666666664,0
-62.083333333333336,-12.916666666666664,0
-61.91666666666667,-12.916666666666664,0
-61.75,-12.916666666666664,0
-61.583333333333336,-12.916666666666664,0
-61.41666666666667,-12.916666666666664,0.2
-61.25,-12.916666666666664,0.2
-61.083333333333336,-12.916666666666664,0
-60.91666666666667,-12.916666666666664,0
-60.75,-12.916666666666664,0
-60.583333333333336,-12.916666666666664,0
-60.41666666666667,-12.916666666666664,0
-60.25,-12.916666666666664,0
-60.083333333333336,-12.916666666666664,0
-57.91666666666667,-12.916666666666664,0
-57.75,-12.916666666666664,0
-57.583333333333336,-12.916666666666664,0
-57.41666666666667,-12.916666666666664,0
-57.25,-12.916666666666664,0
-57.083333333333336,-12.916666666666664,0
-56.91666666666667,-12.916666666666664,0
-56.75,-12.916666666666664,0
-56.583333333333336,-12.916666666666664,0
-55.25,-12.916666666666664,0
-55.083333333333336,-12.916666666666664,0
-54.91666666666667,-12.916666666666664,0
-54.75,-12.916666666666664,0
-54.583333333333336,-12.916666666666664,0
-54.41666666666667,-12.916666666666664,0
-54.25,-12.916666666666664,0
-54.083333333333336,-12.916666666666664,0
-53.91666666666667,-12.916666666666664,0
-53.75,-12.916666666666664,0
-53.583333333333336,-12.916666666666664,0
-53.41666666666667,-12.916666666666664,0
-53.25,-12.916666666666664,0
-53.083333333333336,-12.916666666666664,0
-52.91666666666667,-12.916666666666664,0
-52.75,-12.916666666666664,0
-52.583333333333336,-12.916666666666664,0
-52.41666666666667,-12.916666666666664,0
-52.25,-12.916666666666664,0
-52.083333333333336,-12.916666666666664,0
-61.91666666666667,-13.083333333333329,0.2
-61.75,-13.083333333333329,0
-61.583333333333336,-13.083333333333329,0
-61.41666666666667,-13.083333333333329,0
-61.25,-13.083333333333329,0.2
-61.083333333333336,-13.083333333333329,0.2
-60.91666666666667,-13.083333333333329,0.2
-60.75,-13.083333333333329,0
-60.583333333333336,-13.083333333333329,0
-60.41666666666667,-13.083333333333329,0
-60.25,-13.083333333333329,0.2
-60.083333333333336,-13.083333333333329,0
-59.91666666666667,-13.083333333333329,0
-57.583333333333336,-13.083333333333329,0
-57.41666666666667,-13.083333333333329,0
-57.25,-13.083333333333329,0
-57.083333333333336,-13.083333333333329,0
-56.91666666666667,-13.083333333333329,0
-56.75,-13.083333333333329,0
-56.583333333333336,-13.083333333333329,0
-56.41666666666667,-13.083333333333329,0
-55.083333333333336,-13.083333333333329,0
-54.91666666666667,-13.083333333333329,0
-54.75,-13.083333333333329,0
-54.583333333333336,-13.083333333333329,0
-54.41666666666667,-13.083333333333329,0
-54.25,-13.083333333333329,0
-54.083333333333336,-13.083333333333329,0
-53.91666666666667,-13.083333333333329,0
-53.75,-13.083333333333329,0
-53.583333333333336,-13.083333333333329,0
-53.41666666666667,-13.083333333333329,0
-53.25,-13.083333333333329,0
-53.083333333333336,-13.083333333333329,0
-52.91666666666667,-13.083333333333329,0
-52.75,-13.083333333333329,0
-52.583333333333336,-13.083333333333329,0
-52.41666666666667,-13.083333333333329,0
-61.91666666666667,-13.249999999999996,0.4
-61.75,-13.249999999999996,0
-61.583333333333336,-13.249999999999996,0
-61.41666666666667,-13.249999999999996,0
-61.25,-13.249999999999996,0
-61.083333333333336,-13.249999999999996,0.2
-60.91666666666667,-13.249999999999996,0.2
-60.75,-13.249999999999996,0.4
-60.583333333333336,-13.249999999999996,0
-60.41666666666667,-13.249999999999996,0
-60.25,-13.249999999999996,0.2
-60.083333333333336,-13.249999999999996,0
-59.91666666666667,-13.249999999999996,0
-57.41666666666667,-13.249999999999996,0
-57.25,-13.249999999999996,0
-57.083333333333336,-13.249999999999996,0
-56.91666666666667,-13.249999999999996,0
-56.75,-13.249999999999996,0
-56.583333333333336,-13.249999999999996,0
-56.41666666666667,-13.249999999999996,0
-55.083333333333336,-13.249999999999996,0
-54.91666666666667,-13.249999999999996,0
-54.75,-13.249999999999996,0
-54.583333333333336,-13.249999999999996,0
-54.41666666666667,-13.249999999999996,0
-54.25,-13.249999999999996,0
-54.083333333333336,-13.249999999999996,0
-53.91666666666667,-13.249999999999996,0
-53.75,-13.249999999999996,0
-53.583333333333336,-13.249999999999996,0
-53.41666666666667,-13.249999999999996,0
-53.25,-13.249999999999996,0
-53.083333333333336,-13.249999999999996,0
-52.91666666666667,-13.249999999999996,0
-52.75,-13.249999999999996,0
-52.583333333333336,-13.249999999999996,0
-52.41666666666667,-13.249999999999996,0
-61.75,-13.416666666666664,0.4
-61.583333333333336,-13.416666666666664,0
-61.41666666666667,-13.416666666666664,0
-61.25,-13.416666666666664,0
-61.083333333333336,-13.416666666666664,0
-60.91666666666667,-13.416666666666664,0
-60.75,-13.416666666666664,0.4
-60.583333333333336,-13.416666666666664,0
-60.41666666666667,-13.416666666666664,0.2
-60.25,-13.416666666666664,0.2
-60.083333333333336,-13.416666666666664,0
-59.91666666666667,-13.416666666666664,0
-57.25,-13.416666666666664,0
-57.083333333333336,-13.416666666666664,0
-56.91666666666667,-13.416666666666664,0
-56.75,-13.416666666666664,0
-56.583333333333336,-13.416666666666664,0
-56.41666666666667,-13.416666666666664,0
-54.41666666666667,-13.416666666666664,0
-54.25,-13.416666666666664,0
-54.083333333333336,-13.416666666666664,0
-53.91666666666667,-13.416666666666664,0
-53.75,-13.416666666666664,0
-53.583333333333336,-13.416666666666664,0
-53.41666666666667,-13.416666666666664,0
-53.25,-13.416666666666664,0
-60.583333333333336,-13.583333333333329,0
-60.41666666666667,-13.583333333333329,0
-60.25,-13.583333333333329,0
-60.083333333333336,-13.583333333333329,0
-59.91666666666667,-13.583333333333329,0
-57.083333333333336,-13.583333333333329,0
-56.91666666666667,-13.583333333333329,0
-56.75,-13.583333333333329,0
-56.583333333333336,-13.583333333333329,0
-56.41666666666667,-13.583333333333329,0
-56.25,-13.583333333333329,0
-54.25,-13.583333333333329,0
-54.083333333333336,-13.583333333333329,0
-60.25,-13.749999999999996,0
-60.083333333333336,-13.749999999999996,0
-59.91666666666667,-13.749999999999996,0
-56.91666666666667,-13.749999999999996,0
-56.75,-13.749999999999996,0
-56.583333333333336,-13.749999999999996,0
-56.41666666666667,-13.749999999999996,0
-60.25,-13.916666666666664,0
-60.083333333333336,-13.916666666666664,0
-59.91666666666667,-13.916666666666664,0
-59.75,-13.916666666666664,0
-56.75,-13.916666666666664,0
-60.25,-14.083333333333329,0
-60.083333333333336,-14.083333333333329,0
-59.91666666666667,-14.083333333333329,0
-59.75,-14.083333333333329,0
-56.75,-14.083333333333329,0
-60.25,-14.249999999999996,0
-60.083333333333336,-14.249999999999996,0
-59.91666666666667,-14.249999999999996,0
-59.75,-14.249999999999996,0
-56.75,-14.249999999999996,0
-60.25,-14.416666666666664,0
-60.083333333333336,-14.416666666666664,0
-59.91666666666667,-14.416666666666664,0
-59.75,-14.416666666666664,0
-57.41666666666667,-14.416666666666664,0
-57.25,-14.416666666666664,0
-57.083333333333336,-14.416666666666664,0
-56.91666666666667,-14.416666666666664,0
-60.083333333333336,-14.583333333333329,0
-59.91666666666667,-14.583333333333329,0
-59.75,-14.583333333333329,0
-59.583333333333336,-14.583333333333329,0
-57.75,-14.583333333333329,0
-57.583333333333336,-14.583333333333329,0
-57.41666666666667,-14.583333333333329,0
-57.25,-14.583333333333329,0
-57.083333333333336,-14.583333333333329,0
-56.91666666666667,-14.583333333333329,0
-60.083333333333336,-14.749999999999996,0.2
-59.91666666666667,-14.749999999999996,0
-59.75,-14.749999999999996,0
-59.583333333333336,-14.749999999999996,0
-59.41666666666667,-14.749999999999996,0
-57.91666666666667,-14.749999999999996,0
-57.75,-14.749999999999996,0
-57.583333333333336,-14.749999999999996,0
-57.41666666666667,-14.749999999999996,0
-57.25,-14.749999999999996,0
-57.083333333333336,-14.749999999999996,0
-56.91666666666667,-14.749999999999996,0
-60.083333333333336,-14.916666666666664,0
-59.91666666666667,-14.916666666666664,0
-59.75,-14.916666666666664,0.2
-59.583333333333336,-14.916666666666664,0
-59.41666666666667,-14.916666666666664,0
-57.91666666666667,-14.916666666666664,0
-57.75,-14.916666666666664,0
-57.583333333333336,-14.916666666666664,0
-57.41666666666667,-14.916666666666664,0
-57.25,-14.916666666666664,0
-57.083333333333336,-14.916666666666664,0
-60.083333333333336,-15.083333333333329,0
-59.91666666666667,-15.083333333333329,0.2
-59.75,-15.083333333333329,0
-59.583333333333336,-15.083333333333329,0
-59.41666666666667,-15.083333333333329,0
-59.25,-15.083333333333329,0
-59.083333333333336,-15.083333333333329,0
-58.083333333333336,-15.083333333333329,0
-57.91666666666667,-15.083333333333329,0.2
-57.75,-15.083333333333329,0
-57.583333333333336,-15.083333333333329,0
-57.41666666666667,-15.083333333333329,0
-57.25,-15.083333333333329,0
-60.25,-15.249999999999996,0
-60.083333333333336,-15.249999999999996,0
-59.91666666666667,-15.249999999999996,0
-59.75,-15.249999999999996,0
-59.583333333333336,-15.249999999999996,0
-59.41666666666667,-15.249999999999996,0
-59.25,-15.249999999999996,0
-59.083333333333336,-15.249999999999996,0
-58.91666666666667,-15.249999999999996,0
-58.75,-15.249999999999996,0
-58.583333333333336,-15.249999999999996,0
-58.41666666666667,-15.249999999999996,0
-58.25,-15.249999999999996,0
-58.083333333333336,-15.249999999999996,0.2
-57.91666666666667,-15.249999999999996,0.2
-57.75,-15.249999999999996,0
-57.583333333333336,-15.249999999999996,0
-57.41666666666667,-15.249999999999996,0
-60.083333333333336,-15.416666666666664,0
-59.91666666666667,-15.416666666666664,0
-59.75,-15.416666666666664,0
-59.583333333333336,-15.416666666666664,0
-59.41666666666667,-15.416666666666664,0
-59.25,-15.416666666666664,0
-59.083333333333336,-15.416666666666664,0
-58.91666666666667,-15.416666666666664,0
-58.75,-15.416666666666664,0
-58.583333333333336,-15.416666666666664,0
-58.41666666666667,-15.416666666666664,0
-58.25,-15.416666666666664,0
-58.083333333333336,-15.416666666666664,0
-57.91666666666667,-15.416666666666664,0.2
-57.75,-15.416666666666664,0.2
-57.583333333333336,-15.416666666666664,0
-60.083333333333336,-15.583333333333329,0
-59.91666666666667,-15.583333333333329,0
-59.75,-15.583333333333329,0
-59.583333333333336,-15.583333333333329,0
-59.41666666666667,-15.583333333333329,0
-59.25,-15.583333333333329,0
-59.083333333333336,-15.583333333333329,0
-58.91666666666667,-15.583333333333329,0
-58.75,-15.583333333333329,0
-58.583333333333336,-15.583333333333329,0
-58.41666666666667,-15.583333333333329,0
-58.25,-15.583333333333329,0
-58.083333333333336,-15.583333333333329,0
-57.91666666666667,-15.583333333333329,0.2
-57.75,-15.583333333333329,0.4
-57.583333333333336,-15.583333333333329,0
-60.083333333333336,-15.749999999999996,0
-59.91666666666667,-15.749999999999996,0
-59.75,-15.749999999999996,0
-59.583333333333336,-15.749999999999996,0.2
-59.41666666666667,-15.749999999999996,0
-59.25,-15.749999999999996,0
-59.083333333333336,-15.749999999999996,0
-58.91666666666667,-15.749999999999996,0
-58.75,-15.749999999999996,0
-58.583333333333336,-15.749999999999996,0
-58.41666666666667,-15.749999999999996,0
-58.25,-15.749999999999996,0.2
-60.083333333333336,-15.916666666666664,0
-59.91666666666667,-15.916666666666664,0
-59.75,-15.916666666666664,0.2
-59.583333333333336,-15.916666666666664,0.2
-59.41666666666667,-15.916666666666664,0
-59.25,-15.916666666666664,0
-59.083333333333336,-15.916666666666664,0
-58.91666666666667,-15.916666666666664,0
-58.75,-15.916666666666664,0
-58.583333333333336,-15.916666666666664,0
-58.41666666666667,-15.916666666666664,0
-58.25,-15.916666666666664,0.2
-60.083333333333336,-16.08333333333333,0
-59.91666666666667,-16.08333333333333,0
-59.75,-16.08333333333333,0
-59.583333333333336,-16.08333333333333,0
-59.41666666666667,-16.08333333333333,0
-59.25,-16.08333333333333,0.2
-59.083333333333336,-16.08333333333333,0.2
-58.91666666666667,-16.08333333333333,0.2
-58.75,-16.08333333333333,0.2
-58.583333333333336,-16.08333333333333,0
-58.41666666666667,-16.08333333333333,0.6
-58.25,-16.08333333333333,0
