lon,lat,incerteza
-60.41666666666667,5.083333333333336,0.038236440979430256
-60.25,5.083333333333336,0.17106429713916993
-60.41666666666667,4.916666666666669,0.022951673273433264
-60.25,4.916666666666669,0.027440563941418968
-60.583333333333336,4.750000000000003,0.03176167315186347
-60.41666666666667,4.750000000000003,0.023773619545615493
-60.25,4.750000000000003,0.03587657417960759
-60.75,4.583333333333336,0.04575490524719859
-60.583333333333336,4.583333333333336,0.045508817745718716
-60.41666666666667,4.583333333333336,0.03623818342039476
-60.25,4.583333333333336,0.03477659501711615
-61.083333333333336,4.416666666666669,0.04778401071964457
-60.91666666666667,4.416666666666669,0.1213127106079906
-60.75,4.416666666666669,0.07946190802552579
-60.583333333333336,4.416666666666669,0.11857876888347155
-60.41666666666667,4.416666666666669,0.04963799561625351
-60.25,4.416666666666669,0.03101956106334309
-60.083333333333336,4.416666666666669,0.03340856188922657
-61.41666666666667,4.250000000000003,0.18773000507584253
-61.25,4.250000000000003,0.28290124728691424
-61.083333333333336,4.250000000000003,0.28276362018755635
-60.91666666666667,4.250000000000003,0.25300521546385707
-60.75,4.250000000000003,0.18944794871947263
-60.583333333333336,4.250000000000003,0.1666748949848838
-60.41666666666667,4.250000000000003,0.12673927882548694
-60.25,4.250000000000003,0.04883036677010005
-60.083333333333336,4.250000000000003,0.0346343257864427
-59.91666666666667,4.250000000000003,0.025418938150493696
-61.75,4.083333333333336,0.11578149880223403
-61.583333333333336,4.083333333333336,0.29667089763397747
-61.41666666666667,4.083333333333336,0.277150608961238
-61.25,4.083333333333336,0.18149383047276935
-61.083333333333336,4.083333333333336,0.12941677705379034
-60.91666666666667,4.083333333333336,0.13298952523998364
-60.75,4.083333333333336,0.14613702801377426
-60.583333333333336,4.083333333333336,0.09349410596479359
-60.41666666666667,4.083333333333336,0.12404402948639691
-60.25,4.083333333333336,0.112161355275523
-60.083333333333336,4.083333333333336,0.10441444614769568
-59.91666666666667,4.083333333333336,0.04326127589605583
-51.41666666666667,4.083333333333336,0.2578802610921571
-64.25,3.916666666666669,0.04443586628569918
-62.583333333333336,3.916666666666669,0.08908485523399652
-62.41666666666667,3.916666666666669,0.11789418956244986
-62.25,3.916666666666669,0.04930840917755136
-62.083333333333336,3.916666666666669,0.1280892371616373
-61.91666666666667,3.916666666666669,0.16194228047409268
-61.75,3.916666666666669,0.17311777565852082
-61.583333333333336,3.916666666666669,0.24762539987027252
-61.41666666666667,3.916666666666669,0.12029240221599528
-61.25,3.916666666666669,0.1228688234333873
-61.083333333333336,3.916666666666669,0.11722399362085809
-60.91666666666667,3.916666666666669,0.11566135571861459
-60.75,3.916666666666669,0.11621054165311595
-60.583333333333336,3.916666666666669,0.09220215832863889
-60.41666666666667,3.916666666666669,0.09970238962713879
-60.25,3.916666666666669,0.10218298311364117
-60.083333333333336,3.916666666666669,0.09237275776643
-59.91666666666667,3.916666666666669,0.1077500508237523
-59.75,3.916666666666669,0.1596119957787459
-51.583333333333336,3.916666666666669,0.2741460563031818
-51.41666666666667,3.916666666666669,0.27982192312387266
-64.08333333333333,3.7500000000000027,0.0356137633639958
-63.91666666666667,3.7500000000000027,0.033799122208327946
-63.75,3.7500000000000027,0.03564474594106775
-63.583333333333336,3.7500000000000027,0.010491385738995489
-63.41666666666667,3.7500000000000027,0.0689794298534833
-62.583333333333336,3.7500000000000027,0.19874435111292027
-62.41666666666667,3.7500000000000027,0.07100453314576421
-62.25,3.7500000000000027,0.06817200854550624
-62.083333333333336,3.7500000000000027,0.12537574987717923
-61.91666666666667,3.7500000000000027,0.1783017992321809
-61.75,3.7500000000000027,0.0698241073249671
-61.583333333333336,3.7500000000000027,0.16318249670541346
-61.41666666666667,3.7500000000000027,0.12440551562405647
-61.25,3.7500000000000027,0.12103946418578777
-61.083333333333336,3.7500000000000027,0.12699586744222427
-60.91666666666667,3.7500000000000027,0.1250714791278197
-60.75,3.7500000000000027,0.12318644469718532
-60.583333333333336,3.7500000000000027,0.1195351237828112
-60.41666666666667,3.7500000000000027,0.11899751945568243
-60.25,3.7500000000000027,0.1090855556267863
-60.083333333333336,3.7500000000000027,0.12203937587764727
-59.91666666666667,3.7500000000000027,0.1201471383823928
-51.75,3.7500000000000027,0.27295497941530666
-51.583333333333336,3.7500000000000027,0.28270021905843584
-51.41666666666667,3.7500000000000027,0.25980588084229306
-51.25,3.7500000000000027,0.24617892399937427
-63.91666666666667,3.5833333333333357,0.014852246422052863
-63.75,3.5833333333333357,0.06084384384075782
-63.583333333333336,3.5833333333333357,0.040225481478438734
-63.41666666666667,3.5833333333333357,0.03787588319898913
-63.25,3.5833333333333357,0.06968880451221193
-63.083333333333336,3.5833333333333357,0.22838385335402203
-62.91666666666667,3.5833333333333357,0.03137742908594555
-62.75,3.5833333333333357,0.021925869627764688
-62.583333333333336,3.5833333333333357,0.0858544860535897
-62.41666666666667,3.5833333333333357,0.06991877005464583
-62.25,3.5833333333333357,0.07577730461557186
-62.083333333333336,3.5833333333333357,0.09109908086994066
-61.91666666666667,3.5833333333333357,0.1374862256663891
-61.75,3.5833333333333357,0.16828049022054292
-61.583333333333336,3.5833333333333357,0.1287472606798498
-61.41666666666667,3.5833333333333357,0.11717363838276897
-61.25,3.5833333333333357,0.11901856845437235
-61.083333333333336,3.5833333333333357,0.12276390064752249
-60.91666666666667,3.5833333333333357,0.12072720386349796
-60.75,3.5833333333333357,0.10968644288311251
-60.583333333333336,3.5833333333333357,0.12409155381752925
-60.41666666666667,3.5833333333333357,0.11246068462454546
-60.25,3.5833333333333357,0.11687698612331915
-60.083333333333336,3.5833333333333357,0.11288629710124091
-59.91666666666667,3.5833333333333357,0.09835590262884734
-51.75,3.5833333333333357,0.24593432627012435
-51.583333333333336,3.5833333333333357,0.21738787222167216
-51.41666666666667,3.5833333333333357,0.2737599894606837
-51.25,3.5833333333333357,0.27620931416009803
-63.91666666666667,3.416666666666669,0.017717557616114005
-63.75,3.416666666666669,0.010110689623498353
-63.583333333333336,3.416666666666669,0.02132538281701315
-63.41666666666667,3.416666666666669,0.018008782811393623
-63.25,3.416666666666669,0.027513731858315422
-63.083333333333336,3.416666666666669,0.07736427527075489
-62.91666666666667,3.416666666666669,0.13849025153093017
-62.75,3.416666666666669,0.08122792380833066
-62.583333333333336,3.416666666666669,0.05897880062733768
-62.41666666666667,3.416666666666669,0.032254262886514534
-62.25,3.416666666666669,0.07833959982352899
-62.083333333333336,3.416666666666669,0.10355318730047011
-61.91666666666667,3.416666666666669,0.1440947303902418
-61.75,3.416666666666669,0.18063706866845852
-61.583333333333336,3.416666666666669,0.14486843247344103
-61.41666666666667,3.416666666666669,0.11403409898597022
-61.25,3.416666666666669,0.11823086071467301
-61.083333333333336,3.416666666666669,0.1264437605416093
-60.91666666666667,3.416666666666669,0.11699516281096617
-60.75,3.416666666666669,0.10775213750899156
-60.583333333333336,3.416666666666669,0.1105199201685818
-60.41666666666667,3.416666666666669,0.1161996084209968
-60.25,3.416666666666669,0.13394673177394137
-60.083333333333336,3.416666666666669,0.11027537003879376
-59.91666666666667,3.416666666666669,0.15229436515652023
-51.91666666666667,3.416666666666669,0.2225905632813373
-51.75,3.416666666666669,0.18444667270494267
-51.583333333333336,3.416666666666669,0.20264881304808677
-51.41666666666667,3.416666666666669,0.21036442567266564
-51.25,3.416666666666669,0.17860999821450507
-63.91666666666667,3.2500000000000027,0.01540682457465076
-63.75,3.2500000000000027,0.012026508937613168
-63.583333333333336,3.2500000000000027,0.022135308378747953
-63.41666666666667,3.2500000000000027,0.014892299417920841
-63.25,3.2500000000000027,0.015186349033045709
-63.083333333333336,3.2500000000000027,0.06900827461802755
-62.91666666666667,3.2500000000000027,0.04886527804600307
-62.75,3.2500000000000027,0.05768483710768354
-62.583333333333336,3.2500000000000027,0.06487273514314063
-62.41666666666667,3.2500000000000027,0.056163975364840864
-62.25,3.2500000000000027,0.0631376430007847
-62.083333333333336,3.2500000000000027,0.07622879318895635
-61.91666666666667,3.2500000000000027,0.09946517626183216
-61.75,3.2500000000000027,0.1365105369244399
-61.583333333333336,3.2500000000000027,0.14392343191555002
-61.41666666666667,3.2500000000000027,0.11810349586575264
-61.25,3.2500000000000027,0.1387296738349285
-61.083333333333336,3.2500000000000027,0.10323419300210127
-60.91666666666667,3.2500000000000027,0.10897734734618779
-60.75,3.2500000000000027,0.11166540569302108
-60.583333333333336,3.2500000000000027,0.11110572265392839
-60.41666666666667,3.2500000000000027,0.1355441761051459
-60.25,3.2500000000000027,0.12499380592585803
-60.083333333333336,3.2500000000000027,0.0879779363194976
-52.083333333333336,3.2500000000000027,0.25071960057408404
-51.91666666666667,3.2500000000000027,0.22671108788615785
-51.75,3.2500000000000027,0.19521603389545347
-51.583333333333336,3.2500000000000027,0.18163000045421657
-51.41666666666667,3.2500000000000027,0.16511071829484425
-51.25,3.2500000000000027,0.1828869861387153
-63.91666666666667,3.0833333333333357,0.041989379931784844
-63.75,3.0833333333333357,0.028159898782309102
-63.583333333333336,3.0833333333333357,0.03133500950232534
-63.41666666666667,3.0833333333333357,0.034608162896413545
-63.25,3.0833333333333357,0.013937824168225399
-63.083333333333336,3.0833333333333357,0.016106164951710016
-62.91666666666667,3.0833333333333357,0.04672125852939223
-62.75,3.0833333333333357,0.04467929582439213
-62.583333333333336,3.0833333333333357,0.04804049397552184
-62.41666666666667,3.0833333333333357,0.047447926466352625
-62.25,3.0833333333333357,0.048398171021987804
-62.083333333333336,3.0833333333333357,0.05685806222865846
-61.91666666666667,3.0833333333333357,0.08190340324556676
-61.75,3.0833333333333357,0.11978566537946056
-61.583333333333336,3.0833333333333357,0.13304697036416116
-61.41666666666667,3.0833333333333357,0.12351784066780785
-61.25,3.0833333333333357,0.12953093821091277
-61.083333333333336,3.0833333333333357,0.1234754762513723
-60.91666666666667,3.0833333333333357,0.12527331501872782
-60.75,3.0833333333333357,0.11863162132761737
-60.583333333333336,3.0833333333333357,0.1140656838740558
-60.41666666666667,3.0833333333333357,0.13309271832241232
-60.25,3.0833333333333357,0.1218796428948823
-60.083333333333336,3.0833333333333357,0.10911270569694922
-52.083333333333336,3.0833333333333357,0.2545098877821163
-51.91666666666667,3.0833333333333357,0.2637882656187261
-51.75,3.0833333333333357,0.28426726871629765
-51.583333333333336,3.0833333333333357,0.19896705810195572
-51.41666666666667,3.0833333333333357,0.1724321323138464
-51.25,3.0833333333333357,0.16138821431702824
-63.91666666666667,2.916666666666669,0.03545040128761574
-63.75,2.916666666666669,0.02670856720039493
-63.583333333333336,2.916666666666669,0.03278604158483468
-63.41666666666667,2.916666666666669,0.013811718598030976
-63.25,2.916666666666669,0.019736762380811804
-63.083333333333336,2.916666666666669,0.0538515376123709
-62.91666666666667,2.916666666666669,0.059702227867297224
-62.75,2.916666666666669,0.05901047928579303
-62.583333333333336,2.916666666666669,0.06256429435494397
-62.41666666666667,2.916666666666669,0.06434610967150475
-62.25,2.916666666666669,0.06619569852270325
-62.083333333333336,2.916666666666669,0.05819570995413415
-61.91666666666667,2.916666666666669,0.07630220017285
-61.75,2.916666666666669,0.1522189476970435
-61.583333333333336,2.916666666666669,0.14761863125679345
-61.41666666666667,2.916666666666669,0.12951797703396029
-61.25,2.916666666666669,0.12234617555706269
-61.083333333333336,2.916666666666669,0.1247161383435506
-60.91666666666667,2.916666666666669,0.12034479018585617
-60.75,2.916666666666669,0.12036114724556415
-60.583333333333336,2.916666666666669,0.13718217391754478
-60.41666666666667,2.916666666666669,0.13910563809395363
-60.25,2.916666666666669,0.12233387658563757
-60.083333333333336,2.916666666666669,0.1307240922929504
-52.25,2.916666666666669,0.2884988046912902
-52.083333333333336,2.916666666666669,0.29935636153093514
-51.91666666666667,2.916666666666669,0.2848577081630737
-51.75,2.916666666666669,0.25948349482568905
-51.583333333333336,2.916666666666669,0.20598685091584215
-51.41666666666667,2.916666666666669,0.1788580190056834
-51.25,2.916666666666669,0.1677243892824618
-63.91666666666667,2.7500000000000027,0.029304791574893078
-63.75,2.7500000000000027,0.031041978854471027
-63.583333333333336,2.7500000000000027,0.021043293088425463
-63.41666666666667,2.7500000000000027,0.01329296764212035
-63.25,2.7500000000000027,0.07241631195566221
-63.083333333333336,2.7500000000000027,0.060390363908122587
-62.91666666666667,2.7500000000000027,0.05263753053269774
-62.75,2.7500000000000027,0.05968167957574905
-62.583333333333336,2.7500000000000027,0.08396763335296546
-62.41666666666667,2.7500000000000027,0.06438491082274046
-62.25,2.7500000000000027,0.08502140393541832
-62.083333333333336,2.7500000000000027,0.09171783996801806
-61.91666666666667,2.7500000000000027,0.12490184169165448
-61.75,2.7500000000000027,0.14524971194206185
-61.583333333333336,2.7500000000000027,0.1422923560533337
-61.41666666666667,2.7500000000000027,0.11540354956942943
-61.25,2.7500000000000027,0.12601872591259428
-61.083333333333336,2.7500000000000027,0.12306676411320058
-60.91666666666667,2.7500000000000027,0.1114363571116109
-60.75,2.7500000000000027,0.14835098116009832
-60.583333333333336,2.7500000000000027,0.14570457045531468
-60.41666666666667,2.7500000000000027,0.1409211112455274
-60.25,2.7500000000000027,0.12605058265875324
-60.083333333333336,2.7500000000000027,0.12007938347625888
-52.25,2.7500000000000027,0.3011474092284817
-52.083333333333336,2.7500000000000027,0.30513723516815583
-51.91666666666667,2.7500000000000027,0.27887545953274945
-51.75,2.7500000000000027,0.20287290933828206
-51.583333333333336,2.7500000000000027,0.2248729715351175
-51.41666666666667,2.7500000000000027,0.18227553687552267
-51.25,2.7500000000000027,0.14933607944619165
-51.083333333333336,2.7500000000000027,0.1761282835837043
-63.91666666666667,2.5833333333333357,0.02171999741925175
-63.75,2.5833333333333357,0.022513959581663252
-63.583333333333336,2.5833333333333357,0.00975680919897549
-63.41666666666667,2.5833333333333357,0.01901120513372322
-63.25,2.5833333333333357,0.01746414949166093
-63.083333333333336,2.5833333333333357,0.08141093331219358
-62.91666666666667,2.5833333333333357,0.03853266901064333
-62.75,2.5833333333333357,0.05293356305450774
-62.583333333333336,2.5833333333333357,0.03989017838030812
-62.41666666666667,2.5833333333333357,0.046768215478826626
-62.25,2.5833333333333357,0.08298021481789078
-62.083333333333336,2.5833333333333357,0.11309598044117514
-61.91666666666667,2.5833333333333357,0.1401712044882516
-61.75,2.5833333333333357,0.1485377777272547
-61.583333333333336,2.5833333333333357,0.14170121955669004
-61.41666666666667,2.5833333333333357,0.10919929792842406
-61.25,2.5833333333333357,0.11891876123910243
-61.083333333333336,2.5833333333333357,0.11669541902046368
-60.91666666666667,2.5833333333333357,0.12455935730779337
-60.75,2.5833333333333357,0.1405182754524825
-60.583333333333336,2.5833333333333357,0.16039151065905413
-60.41666666666667,2.5833333333333357,0.17682993347709372
-60.25,2.5833333333333357,0.1363518979326356
-60.083333333333336,2.5833333333333357,0.09727495603300979
-52.41666666666667,2.5833333333333357,0.29617091959366837
-52.25,2.5833333333333357,0.2787449467614143
-52.083333333333336,2.5833333333333357,0.2910654851114227
-51.91666666666667,2.5833333333333357,0.24832798709155718
-51.75,2.5833333333333357,0.16271141344086654
-51.583333333333336,2.5833333333333357,0.16332950955458903
-51.41666666666667,2.5833333333333357,0.15464468148645932
-51.25,2.5833333333333357,0.14413397200408326
-51.083333333333336,2.5833333333333357,0.15663669393358276
-63.25,2.416666666666669,0.014982566648404595
-63.083333333333336,2.416666666666669,0.03733474476559982
-62.91666666666667,2.416666666666669,0.04676361388858668
-62.75,2.416666666666669,0.054031689014300235
-62.583333333333336,2.416666666666669,0.08014431688635118
-62.41666666666667,2.416666666666669,0.08892385924214213
-62.25,2.416666666666669,0.10920419627739582
-62.083333333333336,2.416666666666669,0.13171835400084445
-61.91666666666667,2.416666666666669,0.12157176155355752
-61.75,2.416666666666669,0.12208985016604705
-61.583333333333336,2.416666666666669,0.11945102021065779
-61.41666666666667,2.416666666666669,0.039356856270480856
-61.25,2.416666666666669,0.1108715444895557
-61.083333333333336,2.416666666666669,0.10276193265887729
-60.91666666666667,2.416666666666669,0.1292593406131043
-60.75,2.416666666666669,0.15546314432816352
-60.583333333333336,2.416666666666669,0.16199941294295808
-60.41666666666667,2.416666666666669,0.11012576302547039
-60.25,2.416666666666669,0.09072483595838803
-60.083333333333336,2.416666666666669,0.1106984055992389
-55.25,2.416666666666669,0.08317273640058248
-55.083333333333336,2.416666666666669,0.09549802988151644
-52.41666666666667,2.416666666666669,0.3330985064344657
-52.25,2.416666666666669,0.3187544828925797
-52.083333333333336,2.416666666666669,0.292268834969222
-51.91666666666667,2.416666666666669,0.2062468397170057
-51.75,2.416666666666669,0.16057441440523024
-51.583333333333336,2.416666666666669,0.1446334996345097
-51.41666666666667,2.416666666666669,0.13953760474541896
-51.25,2.416666666666669,0.14536069374857613
-51.083333333333336,2.416666666666669,0.14818435342610026
-50.91666666666667,2.416666666666669,0.26666184731876996
-63.25,2.2500000000000027,0.014876905556423963
-63.083333333333336,2.2500000000000027,0.08708955286054243
-62.91666666666667,2.2500000000000027,0.06482915250590147
-62.75,2.2500000000000027,0.066129428807993
-62.583333333333336,2.2500000000000027,0.09074965546602598
-62.41666666666667,2.2500000000000027,0.10680268762639405
-62.25,2.2500000000000027,0.12270574722431504
-62.083333333333336,2.2500000000000027,0.12480766822760486
-61.91666666666667,2.2500000000000027,0.08527047486612079
-61.75,2.2500000000000027,0.12409700597875789
-61.583333333333336,2.2500000000000027,0.13131029482086817
-61.41666666666667,2.2500000000000027,0.12953931431904772
-61.25,2.2500000000000027,0.13343992789401024
-61.083333333333336,2.2500000000000027,0.12226947024675075
-60.91666666666667,2.2500000000000027,0.14355820798069277
-60.75,2.2500000000000027,0.16213978217502192
-60.583333333333336,2.2500000000000027,0.16144407835098723
-60.41666666666667,2.2500000000000027,0.1358131624326616
-60.25,2.2500000000000027,0.06160348900011003
-60.083333333333336,2.2500000000000027,0.1056808536416088
-55.91666666666667,2.2500000000000027,0.06734584807653157
-55.75,2.2500000000000027,0.0654016263722836
-55.583333333333336,2.2500000000000027,0.019752734765710902
-55.41666666666667,2.2500000000000027,0.06668872458750934
-55.25,2.2500000000000027,0.06858940105993512
-55.083333333333336,2.2500000000000027,0.10009466395679635
-54.91666666666667,2.2500000000000027,0.09752115969804502
-54.75,2.2500000000000027,0.08892839228050411
-52.583333333333336,2.2500000000000027,0.2535283835253558
-52.41666666666667,2.2500000000000027,0.3270057707947128
-52.25,2.2500000000000027,0.31181426422648834
-52.083333333333336,2.2500000000000027,0.23733087416171372
-51.91666666666667,2.2500000000000027,0.22115951169004325
-51.75,2.2500000000000027,0.23023783026411238
-51.583333333333336,2.2500000000000027,0.17869384176582698
-51.41666666666667,2.2500000000000027,0.1314223162178582
-51.25,2.2500000000000027,0.14724696657972194
-51.083333333333336,2.2500000000000027,0.13966747059657184
-50.91666666666667,2.2500000000000027,0.28307764980956157
-63.25,2.0833333333333357,0.09532222531498918
-63.083333333333336,2.0833333333333357,0.09691280644923389
-62.91666666666667,2.0833333333333357,0.07530757147083361
-62.75,2.0833333333333357,0.07987503272910172
-62.583333333333336,2.0833333333333357,0.11005919463653313
-62.41666666666667,2.0833333333333357,0.1415317083041112
-62.25,2.0833333333333357,0.14077835382177592
-62.083333333333336,2.0833333333333357,0.14174244898049912
-61.91666666666667,2.0833333333333357,0.10994903986690092
-61.75,2.0833333333333357,0.12006769125507295
-61.583333333333336,2.0833333333333357,0.12584225365026475
-61.41666666666667,2.0833333333333357,0.13589807109853363
-61.25,2.0833333333333357,0.13640219477202106
-61.083333333333336,2.0833333333333357,0.1358210822653429
-60.91666666666667,2.0833333333333357,0.14446768063511098
-60.75,2.0833333333333357,0.10550063116983203
-60.583333333333336,2.0833333333333357,0.1386489716702168
-60.41666666666667,2.0833333333333357,0.10993867508493833
-60.25,2.0833333333333357,0.07859723992691706
-60.083333333333336,2.0833333333333357,0.08430270934034521
-59.91666666666667,2.0833333333333357,0.0958345646847846
-55.91666666666667,2.0833333333333357,0.07112724115913682
-55.75,2.0833333333333357,0.07371273819641777
-55.583333333333336,2.0833333333333357,0.06164353967770327
-55.41666666666667,2.0833333333333357,0.054763257183791346
-55.25,2.0833333333333357,0.07786741895536721
-55.083333333333336,2.0833333333333357,0.08379736476026667
-54.91666666666667,2.0833333333333357,0.09606652779462704
-54.75,2.0833333333333357,0.10392337995757557
-54.583333333333336,2.0833333333333357,0.144621793676483
-54.41666666666667,2.0833333333333357,0.149788439348631
-54.25,2.0833333333333357,0.12962831361235985
-54.083333333333336,2.0833333333333357,0.16477642608271933
-53.91666666666667,2.0833333333333357,0.1381915143848833
-53.75,2.0833333333333357,0.16331749520120117
-53.583333333333336,2.0833333333333357,0.16879547119996657
-53.41666666666667,2.0833333333333357,0.18249361104845604
-53.25,2.0833333333333357,0.18085761964965433
-53.083333333333336,2.0833333333333357,0.273383631042732
-52.91666666666667,2.0833333333333357,0.29128928495051415
-52.75,2.0833333333333357,0.283349796276619
-52.583333333333336,2.0833333333333357,0.2927963043940354
-52.41666666666667,2.0833333333333357,0.24967803224423324
-52.25,2.0833333333333357,0.22617333319033478
-52.083333333333336,2.0833333333333357,0.23606087374841697
-51.91666666666667,2.0833333333333357,0.23667022695482132
-51.75,2.0833333333333357,0.24326695890162922
-51.583333333333336,2.0833333333333357,0.2093647499642223
-51.41666666666667,2.0833333333333357,0.15321089415793537
-51.25,2.0833333333333357,0.15668721036363017
-51.083333333333336,2.0833333333333357,0.1833449569264849
-50.91666666666667,2.0833333333333357,0.25408263155418953
-50.75,2.0833333333333357,0.16326576321674185
-50.583333333333336,2.0833333333333357,0.15366625250734622
-67.58333333333333,1.9166666666666692,0.06880794824973402
-67.41666666666667,1.9166666666666692,0.07022421241851926
-63.583333333333336,1.9166666666666692,0.27719846334407583
-63.41666666666667,1.9166666666666692,0.3074101151963687
-63.25,1.9166666666666692,0.2512130000917578
-63.083333333333336,1.9166666666666692,0.10234439524994286
-62.91666666666667,1.9166666666666692,0.14715045531088983
-62.75,1.9166666666666692,0.11022028893775866
-62.583333333333336,1.9166666666666692,0.1217375305001043
-62.41666666666667,1.9166666666666692,0.12396176006076252
-62.25,1.9166666666666692,0.15382760991524005
-62.083333333333336,1.9166666666666692,0.19541096944315509
-61.91666666666667,1.9166666666666692,0.2870452932222545
-61.75,1.9166666666666692,0.27680724180527894
-61.583333333333336,1.9166666666666692,0.18989626358993808
-61.41666666666667,1.9166666666666692,0.1540415972191206
-61.25,1.9166666666666692,0.14971347079283617
-61.083333333333336,1.9166666666666692,0.15131314304572502
-60.91666666666667,1.9166666666666692,0.15651114775086578
-60.75,1.9166666666666692,0.13655928463517336
-60.583333333333336,1.9166666666666692,0.14120013542395607
-60.41666666666667,1.9166666666666692,0.114065241929696
-60.25,1.9166666666666692,0.11310888932108669
-60.083333333333336,1.9166666666666692,0.0992434484882737
-59.91666666666667,1.9166666666666692,0.09429298601525607
-55.91666666666667,1.9166666666666692,0.07520899615585719
-55.75,1.9166666666666692,0.08833226475807783
-55.583333333333336,1.9166666666666692,0.07156875101825007
-55.41666666666667,1.9166666666666692,0.06548346646104108
-55.25,1.9166666666666692,0.07076522834421445
-55.083333333333336,1.9166666666666692,0.08941153507293052
-54.91666666666667,1.9166666666666692,0.09434700372259995
-54.75,1.9166666666666692,0.11764173538925225
-54.583333333333336,1.9166666666666692,0.14456277223572728
-54.41666666666667,1.9166666666666692,0.16539107997365782
-54.25,1.9166666666666692,0.17563738574782453
-54.083333333333336,1.9166666666666692,0.17579441614104035
-53.91666666666667,1.9166666666666692,0.17412329260152434
-53.75,1.9166666666666692,0.1893917908394648
-53.583333333333336,1.9166666666666692,0.17471242909275
-53.41666666666667,1.9166666666666692,0.2021129528664029
-53.25,1.9166666666666692,0.2174209110661935
-53.083333333333336,1.9166666666666692,0.21279422707781936
-52.91666666666667,1.9166666666666692,0.2506450817927009
-52.75,1.9166666666666692,0.2695925363982495
-52.583333333333336,1.9166666666666692,0.2486687704580791
-52.41666666666667,1.9166666666666692,0.21934033460479843
-52.25,1.9166666666666692,0.21678177680123534
-52.083333333333336,1.9166666666666692,0.21672491650566064
-51.91666666666667,1.9166666666666692,0.23883552855427312
-51.75,1.9166666666666692,0.25136848201293394
-51.583333333333336,1.9166666666666692,0.2382922493485279
-51.41666666666667,1.9166666666666692,0.17162607726653495
-51.25,1.9166666666666692,0.15364755481979395
-51.083333333333336,1.9166666666666692,0.22158686168446118
-50.91666666666667,1.9166666666666692,0.2652307365883209
-50.75,1.9166666666666692,0.17978654472937694
-50.583333333333336,1.9166666666666692,0.1509907858167614
-68.08333333333333,1.7500000000000027,0.062038593327451604
-67.91666666666667,1.7500000000000027,0.06310030193646998
-67.75,1.7500000000000027,0.056747894658649135
-67.58333333333333,1.7500000000000027,0.061830060678813
-67.41666666666667,1.7500000000000027,0.044104171631491974
-63.91666666666667,1.7500000000000027,0.18503352848235918
-63.75,1.7500000000000027,0.17588586604608394
-63.583333333333336,1.7500000000000027,0.16044983780588504
-63.41666666666667,1.7500000000000027,0.14762124261123166
-63.25,1.7500000000000027,0.1345493925545539
-63.083333333333336,1.7500000000000027,0.15174069531867285
-62.91666666666667,1.7500000000000027,0.1387865590746185
-62.75,1.7500000000000027,0.11827692265800292
-62.583333333333336,1.7500000000000027,0.09675170729035774
-62.41666666666667,1.7500000000000027,0.11016123537161115
-62.25,1.7500000000000027,0.19593636416503696
-62.083333333333336,1.7500000000000027,0.3011042822757548
-61.91666666666667,1.7500000000000027,0.053485584852480124
-61.75,1.7500000000000027,0.020928564656065376
-61.583333333333336,1.7500000000000027,0.30114669782937814
-61.41666666666667,1.7500000000000027,0.14942014747883214
-61.25,1.7500000000000027,0.15518124150613982
-61.083333333333336,1.7500000000000027,0.16428705639977684
-60.91666666666667,1.7500000000000027,0.1507947010795479
-60.75,1.7500000000000027,0.14416595525207115
-60.583333333333336,1.7500000000000027,0.1433357888649971
-60.41666666666667,1.7500000000000027,0.12724559824190368
-60.25,1.7500000000000027,0.12363994362144005
-60.083333333333336,1.7500000000000027,0.08885173475566158
-59.91666666666667,1.7500000000000027,0.0667294359410058
-59.75,1.7500000000000027,0.07098093805876397
-57.25,1.7500000000000027,0.12415373496104616
-57.083333333333336,1.7500000000000027,0.12100096655275748
-56.91666666666667,1.7500000000000027,0.12538297875875287
-56.75,1.7500000000000027,0.1453294072514539
-56.583333333333336,1.7500000000000027,0.1149591414174102
-56.41666666666667,1.7500000000000027,0.056850402540253774
-56.25,1.7500000000000027,0.05963891625867664
-56.083333333333336,1.7500000000000027,0.06667073976707372
-55.91666666666667,1.7500000000000027,0.07545749203747484
-55.75,1.7500000000000027,0.07825287809723315
-55.583333333333336,1.7500000000000027,0.07804655458810764
-55.41666666666667,1.7500000000000027,0.08547962589904334
-55.25,1.7500000000000027,0.08333735951139136
-55.083333333333336,1.7500000000000027,0.08823381383469045
-54.91666666666667,1.7500000000000027,0.09023871558755649
-54.75,1.7500000000000027,0.13076948646722483
-54.583333333333336,1.7500000000000027,0.15428451345412872
-54.41666666666667,1.7500000000000027,0.17096908328531943
-54.25,1.7500000000000027,0.17477916347868958
-54.083333333333336,1.7500000000000027,0.18241888825403763
-53.91666666666667,1.7500000000000027,0.1804417409199523
-53.75,1.7500000000000027,0.19103277612041328
-53.583333333333336,1.7500000000000027,0.2008356581030143
-53.41666666666667,1.7500000000000027,0.1967381039823848
-53.25,1.7500000000000027,0.18519147347360773
-53.083333333333336,1.7500000000000027,0.17294511981252395
-52.91666666666667,1.7500000000000027,0.2671552837701213
-52.75,1.7500000000000027,0.26781188363217834
-52.583333333333336,1.7500000000000027,0.21671149346879393
-52.41666666666667,1.7500000000000027,0.21276080625218344
-52.25,1.7500000000000027,0.20541922893197606
-52.083333333333336,1.7500000000000027,0.20392399999737776
-51.91666666666667,1.7500000000000027,0.2311847173976992
-51.75,1.7500000000000027,0.23601244327887524
-51.583333333333336,1.7500000000000027,0.2419910406972015
-51.41666666666667,1.7500000000000027,0.20855285458896927
-51.25,1.7500000000000027,0.16087298021728566
-51.083333333333336,1.7500000000000027,0.3028230383627913
-50.91666666666667,1.7500000000000027,0.24043985193663073
-50.75,1.7500000000000027,0.19029478482113957
-50.583333333333336,1.7500000000000027,0.14174039179839312
-50.41666666666667,1.7500000000000027,0.11123882654275839
-69.75,1.5833333333333357,0.18888340939411707
-69.58333333333333,1.5833333333333357,0.1584937266498632
-69.41666666666667,1.5833333333333357,0.14315605728092495
-69.25,1.5833333333333357,0.101867397481727
-69.08333333333333,1.5833333333333357,0.07211235780149065
-68.91666666666667,1.5833333333333357,0.0709640652434064
-68.75,1.5833333333333357,0.06152971383634396
-68.58333333333333,1.5833333333333357,0.06382181741508738
-68.41666666666667,1.5833333333333357,0.05959985383662367
-68.25,1.5833333333333357,0.05518838664861928
-68.08333333333333,1.5833333333333357,0.059423228698966574
-67.91666666666667,1.5833333333333357,0.05184858823321479
-67.75,1.5833333333333357,0.04028632533023379
-67.58333333333333,1.5833333333333357,0.04396582661068272
-67.41666666666667,1.5833333333333357,0.03682227588658925
-67.25,1.5833333333333357,0.04786788080705324
-63.91666666666667,1.5833333333333357,0.15066160080553934
-63.75,1.5833333333333357,0.08945174737164313
-63.583333333333336,1.5833333333333357,0.08766095973688783
-63.41666666666667,1.5833333333333357,0.11248205809537382
-63.25,1.5833333333333357,0.1252542995103804
-63.083333333333336,1.5833333333333357,0.15487642180271563
-62.91666666666667,1.5833333333333357,0.11669500309849856
-62.75,1.5833333333333357,0.10594080494265184
-62.583333333333336,1.5833333333333357,0.12257736885750331
-62.41666666666667,1.5833333333333357,0.1653484248195354
-62.25,1.5833333333333357,0.1796207319760264
-62.083333333333336,1.5833333333333357,0.05275871998663572
-61.91666666666667,1.5833333333333357,0.021240311720315617
-61.75,1.5833333333333357,0.3624479354887059
-61.583333333333336,1.5833333333333357,0.2674402239622597
-61.41666666666667,1.5833333333333357,0.1526912335043036
-61.25,1.5833333333333357,0.16005790467333203
-61.083333333333336,1.5833333333333357,0.16090640077925492
-60.91666666666667,1.5833333333333357,0.15640284187770714
-60.75,1.5833333333333357,0.15495831579537175
-60.583333333333336,1.5833333333333357,0.12096973121249781
-60.41666666666667,1.5833333333333357,0.12146601933602141
-60.25,1.5833333333333357,0.13404298098050604
-60.083333333333336,1.5833333333333357,0.10323563764747783
-59.91666666666667,1.5833333333333357,0.08400649697290734
-59.75,1.5833333333333357,0.09490625833709022
-59.583333333333336,1.5833333333333357,0.06301463196137226
-57.75,1.5833333333333357,0.11864908450331159
-57.583333333333336,1.5833333333333357,0.11068375281242523
-57.41666666666667,1.5833333333333357,0.12285332511399251
-57.25,1.5833333333333357,0.12227197161655794
-57.083333333333336,1.5833333333333357,0.11704724467576949
-56.91666666666667,1.5833333333333357,0.13531410170319264
-56.75,1.5833333333333357,0.14623257716737587
-56.583333333333336,1.5833333333333357,0.12044260948953812
-56.41666666666667,1.5833333333333357,0.08568852748221695
-56.25,1.5833333333333357,0.07781815565758195
-56.083333333333336,1.5833333333333357,0.07889614353970213
-55.91666666666667,1.5833333333333357,0.08679080069735554
-55.75,1.5833333333333357,0.08652130169260641
-55.583333333333336,1.5833333333333357,0.08311433180087578
-55.41666666666667,1.5833333333333357,0.08564622482736603
-55.25,1.5833333333333357,0.09084866642113726
-55.083333333333336,1.5833333333333357,0.08511193903324757
-54.91666666666667,1.5833333333333357,0.08204388113016345
-54.75,1.5833333333333357,0.10191012171052277
-54.583333333333336,1.5833333333333357,0.1479568955109728
-54.41666666666667,1.5833333333333357,0.163556031411565
-54.25,1.5833333333333357,0.1753649911926615
-54.083333333333336,1.5833333333333357,0.1799505535547817
-53.91666666666667,1.5833333333333357,0.17647011590207343
-53.75,1.5833333333333357,0.19067294244354016
-53.583333333333336,1.5833333333333357,0.20153019515791376
-53.41666666666667,1.5833333333333357,0.21633328189915785
-53.25,1.5833333333333357,0.21252115086525059
-53.083333333333336,1.5833333333333357,0.17914473579539228
-52.91666666666667,1.5833333333333357,0.21544304977620998
-52.75,1.5833333333333357,0.23950709224129396
-52.583333333333336,1.5833333333333357,0.20063245924837952
-52.41666666666667,1.5833333333333357,0.20442793575118043
-52.25,1.5833333333333357,0.21239500250299387
-52.083333333333336,1.5833333333333357,0.21432190908989723
-51.91666666666667,1.5833333333333357,0.20705672514697115
-51.75,1.5833333333333357,0.2071867245465496
-51.583333333333336,1.5833333333333357,0.20966555617404234
-51.41666666666667,1.5833333333333357,0.2095830743434847
-51.25,1.5833333333333357,0.20934004858278887
-51.083333333333336,1.5833333333333357,0.2695347747727378
-50.91666666666667,1.5833333333333357,0.23544640537063205
-50.75,1.5833333333333357,0.1875186301696801
-50.583333333333336,1.5833333333333357,0.1368243082793159
-50.41666666666667,1.5833333333333357,0.11155965939324224
-50.25,1.5833333333333357,0.10989504448280242
-50.083333333333336,1.5833333333333357,0.1445860493854594
-69.75,1.4166666666666692,0.12464418797744503
-69.58333333333333,1.4166666666666692,0.12183426124297633
-69.41666666666667,1.4166666666666692,0.08235437667419875
-69.25,1.4166666666666692,0.05494146663742151
-69.08333333333333,1.4166666666666692,0.05446540384022577
-68.91666666666667,1.4166666666666692,0.049039845014603047
-68.75,1.4166666666666692,0.05442562661908704
-68.58333333333333,1.4166666666666692,0.08463124646509781
-68.41666666666667,1.4166666666666692,0.08502397472751617
-68.25,1.4166666666666692,0.07908646489661957
-68.08333333333333,1.4166666666666692,0.03922328625138621
-67.91666666666667,1.4166666666666692,0.03508941430510797
-67.75,1.4166666666666692,0.03151320335768983
-67.58333333333333,1.4166666666666692,0.03550270998273801
-67.41666666666667,1.4166666666666692,0.04000258541716807
-67.25,1.4166666666666692,0.04381564574358146
-64.25,1.4166666666666692,0.024212827783943028
-64.08333333333333,1.4166666666666692,0.012127517264838137
-63.91666666666667,1.4166666666666692,0.11479745633176101
-63.75,1.4166666666666692,0.14210639587518478
-63.583333333333336,1.4166666666666692,0.1384211649509079
-63.41666666666667,1.4166666666666692,0.0932413783767309
-63.25,1.4166666666666692,0.11028077061078827
-63.083333333333336,1.4166666666666692,0.1527533646707807
-62.91666666666667,1.4166666666666692,0.17696351763840934
-62.75,1.4166666666666692,0.14963944104605795
-62.583333333333336,1.4166666666666692,0.12007388018162914
-62.41666666666667,1.4166666666666692,0.14030223369674513
-62.25,1.4166666666666692,0.1566115019880549
-62.083333333333336,1.4166666666666692,0.16883993099682149
-61.91666666666667,1.4166666666666692,0.318738766880054
-61.75,1.4166666666666692,0.27789562260370215
-61.583333333333336,1.4166666666666692,0.18344885612058495
-61.41666666666667,1.4166666666666692,0.13942711025234336
-61.25,1.4166666666666692,0.1590382912625641
-61.083333333333336,1.4166666666666692,0.15523234625933013
-60.91666666666667,1.4166666666666692,0.163077195624936
-60.75,1.4166666666666692,0.1578928455651811
-60.583333333333336,1.4166666666666692,0.14487305851586893
-60.41666666666667,1.4166666666666692,0.1482527984307728
-60.25,1.4166666666666692,0.08201576765124123
-60.083333333333336,1.4166666666666692,0.07798384466605371
-59.91666666666667,1.4166666666666692,0.09220553103718886
-59.75,1.4166666666666692,0.11042324297177078
-59.583333333333336,1.4166666666666692,0.1434683046754082
-59.41666666666667,1.4166666666666692,0.11679425218810985
-58.25,1.4166666666666692,0.0641852416648594
-58.083333333333336,1.4166666666666692,0.05509696525501759
-57.91666666666667,1.4166666666666692,0.09881786087663615
-57.75,1.4166666666666692,0.13721579771321052
-57.583333333333336,1.4166666666666692,0.12532635164271785
-57.41666666666667,1.4166666666666692,0.1374331467440957
-57.25,1.4166666666666692,0.13441222141236134
-57.083333333333336,1.4166666666666692,0.12648011141346727
-56.91666666666667,1.4166666666666692,0.14954216246969904
-56.75,1.4166666666666692,0.14160844930691646
-56.583333333333336,1.4166666666666692,0.13863999276345193
-56.41666666666667,1.4166666666666692,0.10054259544171915
-56.25,1.4166666666666692,0.07656066636573704
-56.083333333333336,1.4166666666666692,0.07935721139688846
-55.91666666666667,1.4166666666666692,0.08829162237280767
-55.75,1.4166666666666692,0.06190094744681881
-55.583333333333336,1.4166666666666692,0.08003850921123834
-55.41666666666667,1.4166666666666692,0.09846861038756684
-55.25,1.4166666666666692,0.07834485192880696
-55.083333333333336,1.4166666666666692,0.08505419246098797
-54.91666666666667,1.4166666666666692,0.08320025201054036
-54.75,1.4166666666666692,0.09862891585350737
-54.583333333333336,1.4166666666666692,0.11911355520929437
-54.41666666666667,1.4166666666666692,0.12761019796682255
-54.25,1.4166666666666692,0.10287138444388143
-54.083333333333336,1.4166666666666692,0.17522975805629143
-53.91666666666667,1.4166666666666692,0.18714029490324655
-53.75,1.4166666666666692,0.19491132789337356
-53.583333333333336,1.4166666666666692,0.19632662389220193
-53.41666666666667,1.4166666666666692,0.20023747928249883
-53.25,1.4166666666666692,0.20640397360980164
-53.083333333333336,1.4166666666666692,0.20102880776895093
-52.91666666666667,1.4166666666666692,0.18207782245309925
-52.75,1.4166666666666692,0.22285988158525744
-52.583333333333336,1.4166666666666692,0.21738512154078746
-52.41666666666667,1.4166666666666692,0.20483362704766123
-52.25,1.4166666666666692,0.21606170338030228
-52.083333333333336,1.4166666666666692,0.20894574049030012
-51.91666666666667,1.4166666666666692,0.21958091288385675
-51.75,1.4166666666666692,0.21544512662182774
-51.583333333333336,1.4166666666666692,0.21866012443976812
-51.41666666666667,1.4166666666666692,0.2058130335872914
-51.25,1.4166666666666692,0.23060150701875923
-51.083333333333336,1.4166666666666692,0.25657094004603764
-50.91666666666667,1.4166666666666692,0.24370226545736356
-50.75,1.4166666666666692,0.17565127559394075
-50.583333333333336,1.4166666666666692,0.12150003051279394
-50.41666666666667,1.4166666666666692,0.09944762126528445
-50.25,1.4166666666666692,0.096317741049001
-50.083333333333336,1.4166666666666692,0.08863689557018525
-69.75,1.2500000000000027,0.09318621610557118
-69.58333333333333,1.2500000000000027,0.0673977189479162
-69.41666666666667,1.2500000000000027,0.05168539163043331
-69.25,1.2500000000000027,0.04395999206312579
-69.08333333333333,1.2500000000000027,0.0442244999480068
-68.91666666666667,1.2500000000000027,0.03998393180467878
-68.75,1.2500000000000027,0.04656558795788148
-68.58333333333333,1.2500000000000027,0.05452725173956631
-68.41666666666667,1.2500000000000027,0.08903661470722378
-68.25,1.2500000000000027,0.06815859793931088
-68.08333333333333,1.2500000000000027,0.04134203619973625
-67.91666666666667,1.2500000000000027,0.041032823412071234
-67.75,1.2500000000000027,0.03677045200268534
-67.58333333333333,1.2500000000000027,0.04046726416992037
-67.41666666666667,1.2500000000000027,0.041769461056648166
-67.25,1.2500000000000027,0.032312853184726355
-64.41666666666667,1.2500000000000027,0.24331847882494903
-64.25,1.2500000000000027,0.20798058053704507
-64.08333333333333,1.2500000000000027,0.048963984790429696
-63.91666666666667,1.2500000000000027,0.013822691854776574
-63.75,1.2500000000000027,0.02019765265175434
-63.583333333333336,1.2500000000000027,0.31044873221702585
-63.41666666666667,1.2500000000000027,0.31548654250502234
-63.25,1.2500000000000027,0.2029185161725609
-63.083333333333336,1.2500000000000027,0.11720203402325606
-62.91666666666667,1.2500000000000027,0.12814579846040192
-62.75,1.2500000000000027,0.14119098577895287
-62.583333333333336,1.2500000000000027,0.14603211203483077
-62.41666666666667,1.2500000000000027,0.14788900894148838
-62.25,1.2500000000000027,0.1250208152464343
-62.083333333333336,1.2500000000000027,0.20233717460612816
-61.91666666666667,1.2500000000000027,0.19655918359485014
-61.75,1.2500000000000027,0.18443538024781503
-61.583333333333336,1.2500000000000027,0.16679898062141713
-61.41666666666667,1.2500000000000027,0.16441443623001434
-61.25,1.2500000000000027,0.1400802369267767
-61.083333333333336,1.2500000000000027,0.15590860723596564
-60.91666666666667,1.2500000000000027,0.16608702288844368
-60.75,1.2500000000000027,0.15873487448059828
-60.583333333333336,1.2500000000000027,0.14846352828883458
-60.41666666666667,1.2500000000000027,0.1456230193354734
-60.25,1.2500000000000027,0.1488293882382625
-60.083333333333336,1.2500000000000027,0.1324683622489059
-59.91666666666667,1.2500000000000027,0.12301742744312175
-59.75,1.2500000000000027,0.1109583397339857
-59.583333333333336,1.2500000000000027,0.11281831111016097
-59.41666666666667,1.2500000000000027,0.10869717554682906
-59.25,1.2500000000000027,0.1652310123992859
-58.41666666666667,1.2500000000000027,0.02636857604650821
-58.25,1.2500000000000027,0.03388551835828225
-58.083333333333336,1.2500000000000027,0.03201935941365028
-57.91666666666667,1.2500000000000027,0.04361688692658079
-57.75,1.2500000000000027,0.0955754867602378
-57.583333333333336,1.2500000000000027,0.14182473048936725
-57.41666666666667,1.2500000000000027,0.15315536973881985
-57.25,1.2500000000000027,0.1357025671418755
-57.083333333333336,1.2500000000000027,0.13552720447520508
-56.91666666666667,1.2500000000000027,0.1441313880149046
-56.75,1.2500000000000027,0.14951030502406287
-56.583333333333336,1.2500000000000027,0.1227593887045246
-56.41666666666667,1.2500000000000027,0.09613691848995479
-56.25,1.2500000000000027,0.08148047363448203
-56.083333333333336,1.2500000000000027,0.08811626239037504
-55.91666666666667,1.2500000000000027,0.08739701811670823
-55.75,1.2500000000000027,0.07608442569690442
-55.583333333333336,1.2500000000000027,0.09070387354642649
-55.41666666666667,1.2500000000000027,0.1105695398676622
-55.25,1.2500000000000027,0.08655760152130111
-55.083333333333336,1.2500000000000027,0.08336245235751792
-54.91666666666667,1.2500000000000027,0.09736604076965358
-54.75,1.2500000000000027,0.12393151362752998
-54.583333333333336,1.2500000000000027,0.09249912467959787
-54.41666666666667,1.2500000000000027,0.1461855098141197
-54.25,1.2500000000000027,0.15294295957807436
-54.083333333333336,1.2500000000000027,0.12917063163139314
-53.91666666666667,1.2500000000000027,0.1667656979247917
-53.75,1.2500000000000027,0.2064787380546212
-53.583333333333336,1.2500000000000027,0.19962406399856766
-53.41666666666667,1.2500000000000027,0.21657815396236216
-53.25,1.2500000000000027,0.20187781421878143
-53.083333333333336,1.2500000000000027,0.19193221558000337
-52.91666666666667,1.2500000000000027,0.21501578648932548
-52.75,1.2500000000000027,0.2240456702979771
-52.583333333333336,1.2500000000000027,0.21687295013086982
-52.41666666666667,1.2500000000000027,0.22947328005929013
-52.25,1.2500000000000027,0.21402111148944022
-52.083333333333336,1.2500000000000027,0.24296046108834563
-51.91666666666667,1.2500000000000027,0.2347748200714912
-51.75,1.2500000000000027,0.21503703036015082
-51.583333333333336,1.2500000000000027,0.23591427450706928
-51.41666666666667,1.2500000000000027,0.25440776143862665
-51.25,1.2500000000000027,0.2919313490379522
-51.083333333333336,1.2500000000000027,0.26154719317898056
-50.91666666666667,1.2500000000000027,0.24451125846502653
-50.75,1.2500000000000027,0.15636022822167775
-50.583333333333336,1.2500000000000027,0.11691325242388945
-50.41666666666667,1.2500000000000027,0.08092978282541488
-50.25,1.2500000000000027,0.07607567935662844
-50.083333333333336,1.2500000000000027,0.07829568474542412
-69.08333333333333,1.0833333333333357,0.04766411159439986
-68.91666666666667,1.0833333333333357,0.0437818045987851
-68.75,1.0833333333333357,0.04089077396761323
-68.58333333333333,1.0833333333333357,0.044679883652483696
-68.41666666666667,1.0833333333333357,0.05376293474956171
-68.25,1.0833333333333357,0.046601135506387545
-68.08333333333333,1.0833333333333357,0.04321440334133026
-67.91666666666667,1.0833333333333357,0.04083129426272356
-67.75,1.0833333333333357,0.038661727995196335
-67.58333333333333,1.0833333333333357,0.037236053598158014
-67.41666666666667,1.0833333333333357,0.02964236343158509
-67.25,1.0833333333333357,0.026448544753460087
-67.08333333333333,1.0833333333333357,0.029008853618758806
-66.91666666666667,1.0833333333333357,0.02241247487171094
-64.75,1.0833333333333357,0.2767314779105255
-64.58333333333333,1.0833333333333357,0.1998405311753229
-64.41666666666667,1.0833333333333357,0.10294702535384
-64.25,1.0833333333333357,0.11264791106071148
-64.08333333333333,1.0833333333333357,0.17844431792641577
-63.91666666666667,1.0833333333333357,0.2486190617593007
-63.75,1.0833333333333357,0.13996407534870764
-63.583333333333336,1.0833333333333357,0.017880187230551563
-63.41666666666667,1.0833333333333357,0.024917933518152958
-63.25,1.0833333333333357,0.36825766907851326
-63.083333333333336,1.0833333333333357,0.21644168504559763
-62.91666666666667,1.0833333333333357,0.11734186932613201
-62.75,1.0833333333333357,0.12282837746399933
-62.583333333333336,1.0833333333333357,0.12190167188953571
-62.41666666666667,1.0833333333333357,0.14713010163936996
-62.25,1.0833333333333357,0.1424705186294975
-62.083333333333336,1.0833333333333357,0.1748735229498034
-61.91666666666667,1.0833333333333357,0.1664382233405281
-61.75,1.0833333333333357,0.16744176622775558
-61.583333333333336,1.0833333333333357,0.15622136496858535
-61.41666666666667,1.0833333333333357,0.17178896401478475
-61.25,1.0833333333333357,0.1484466735879926
-61.083333333333336,1.0833333333333357,0.18681870677316798
-60.91666666666667,1.0833333333333357,0.16995573812778034
-60.75,1.0833333333333357,0.17079437501640415
-60.583333333333336,1.0833333333333357,0.15273937698117437
-60.41666666666667,1.0833333333333357,0.14912463226424505
-60.25,1.0833333333333357,0.14379479093103267
-60.083333333333336,1.0833333333333357,0.13386791303057663
-59.91666666666667,1.0833333333333357,0.1378183313395766
-59.75,1.0833333333333357,0.10773028004744463
-59.583333333333336,1.0833333333333357,0.0933663119095443
-59.41666666666667,1.0833333333333357,0.08007268814680685
-59.25,1.0833333333333357,0.113115372023606
-59.083333333333336,1.0833333333333357,0.13986191123841116
-58.91666666666667,1.0833333333333357,0.029497779070594476
-58.75,1.0833333333333357,0.056014587725482026
-58.583333333333336,1.0833333333333357,0.08619385830310104
-58.41666666666667,1.0833333333333357,0.08606506685480414
-58.25,1.0833333333333357,0.11349589348268738
-58.083333333333336,1.0833333333333357,0.03409755501831248
-57.91666666666667,1.0833333333333357,0.018980032213483315
-57.75,1.0833333333333357,0.08185326388088081
-57.583333333333336,1.0833333333333357,0.08361663271408176
-57.41666666666667,1.0833333333333357,0.11070591413884631
-57.25,1.0833333333333357,0.13503592070309672
-57.083333333333336,1.0833333333333357,0.15015777986256879
-56.91666666666667,1.0833333333333357,0.15646006440057197
-56.75,1.0833333333333357,0.18234174938816242
-56.583333333333336,1.0833333333333357,0.13021661665021753
-56.41666666666667,1.0833333333333357,0.10253818661549281
-56.25,1.0833333333333357,0.09010828278580432
-56.083333333333336,1.0833333333333357,0.09270647745105863
-55.91666666666667,1.0833333333333357,0.0944130434907794
-55.75,1.0833333333333357,0.09896078653276381
-55.583333333333336,1.0833333333333357,0.10156446217788001
-55.41666666666667,1.0833333333333357,0.10954383810361601
-55.25,1.0833333333333357,0.08977701576328946
-55.083333333333336,1.0833333333333357,0.07389030249342347
-54.91666666666667,1.0833333333333357,0.08797316592905612
-54.75,1.0833333333333357,0.11774596183270718
-54.583333333333336,1.0833333333333357,0.07516056739988755
-54.41666666666667,1.0833333333333357,0.14237477822796657
-54.25,1.0833333333333357,0.1835185980502293
-54.083333333333336,1.0833333333333357,0.20260406522307295
-53.91666666666667,1.0833333333333357,0.10489618256465032
-53.75,1.0833333333333357,0.11864447690387842
-53.583333333333336,1.0833333333333357,0.20681011049485273
-53.41666666666667,1.0833333333333357,0.18925732545525045
-53.25,1.0833333333333357,0.18665516365173065
-53.083333333333336,1.0833333333333357,0.20786795227362176
-52.91666666666667,1.0833333333333357,0.20404521820727664
-52.75,1.0833333333333357,0.21480284482032239
-52.583333333333336,1.0833333333333357,0.19237828812837815
-52.41666666666667,1.0833333333333357,0.20518226911930973
-52.25,1.0833333333333357,0.20291155059221716
-52.083333333333336,1.0833333333333357,0.21254012105867134
-51.91666666666667,1.0833333333333357,0.227785551243291
-51.75,1.0833333333333357,0.20832504881717642
-51.583333333333336,1.0833333333333357,0.24608609575099444
-51.41666666666667,1.0833333333333357,0.27925070899634147
-51.25,1.0833333333333357,0.2832064205251252
-51.083333333333336,1.0833333333333357,0.2509567637269626
-50.91666666666667,1.0833333333333357,0.22879448693410082
-50.75,1.0833333333333357,0.11277872290750068
-50.583333333333336,1.0833333333333357,0.10874859392139882
-50.41666666666667,1.0833333333333357,0.08820347842484595
-50.25,1.0833333333333357,0.09215739913205524
-50.083333333333336,1.0833333333333357,0.10263351838454027
-69.08333333333333,0.9166666666666696,0.040475881687231055
-68.91666666666667,0.9166666666666696,0.04001641656580751
-68.75,0.9166666666666696,0.04470975261797832
-68.58333333333333,0.9166666666666696,0.04462188810769222
-68.41666666666667,0.9166666666666696,0.04927341393869419
-68.25,0.9166666666666696,0.03796821024271641
-68.08333333333333,0.9166666666666696,0.038699066639410425
-67.91666666666667,0.9166666666666696,0.035767243292003766
-67.75,0.9166666666666696,0.027708577836770134
-67.58333333333333,0.9166666666666696,0.030351132284670613
-67.41666666666667,0.9166666666666696,0.02872691619832201
-67.25,0.9166666666666696,0.02168913633748075
-67.08333333333333,0.9166666666666696,0.019699259158692032
-66.91666666666667,0.9166666666666696,0.01762464503384392
-66.75,0.9166666666666696,0.008515756690402557
-65.08333333333333,0.9166666666666696,0.1296864598979537
-64.91666666666667,0.9166666666666696,0.12685024549660437
-64.75,0.9166666666666696,0.08790246415588042
-64.58333333333333,0.9166666666666696,0.07314762066135314
-64.41666666666667,0.9166666666666696,0.07831362659026432
-64.25,0.9166666666666696,0.08870874991088377
-64.08333333333333,0.9166666666666696,0.08335217599094474
-63.91666666666667,0.9166666666666696,0.1185005577212447
-63.75,0.9166666666666696,0.23527792954291246
-63.583333333333336,0.9166666666666696,0.4205559894052338
-63.41666666666667,0.9166666666666696,0.01529989203201271
-63.25,0.9166666666666696,0.017833889142498678
-63.083333333333336,0.9166666666666696,0.2713032365944826
-62.91666666666667,0.9166666666666696,0.1184395213530917
-62.75,0.9166666666666696,0.12191955483102318
-62.583333333333336,0.9166666666666696,0.13042800040680183
-62.41666666666667,0.9166666666666696,0.1358511844022411
-62.25,0.9166666666666696,0.15089840218907677
-62.083333333333336,0.9166666666666696,0.14691150651155482
-61.91666666666667,0.9166666666666696,0.14318599567674048
-61.75,0.9166666666666696,0.1506685030406646
-61.583333333333336,0.9166666666666696,0.16962384820763804
-61.41666666666667,0.9166666666666696,0.1799171473243215
-61.25,0.9166666666666696,0.15974353236834546
-61.083333333333336,0.9166666666666696,0.19464512106268556
-60.91666666666667,0.9166666666666696,0.16879831706717666
-60.75,0.9166666666666696,0.17761636040180456
-60.583333333333336,0.9166666666666696,0.1614460378619196
-60.41666666666667,0.9166666666666696,0.1559456174019885
-60.25,0.9166666666666696,0.1282119326613979
-60.083333333333336,0.9166666666666696,0.12948271690632854
-59.91666666666667,0.9166666666666696,0.13843220249005148
-59.75,0.9166666666666696,0.12394334919435208
-59.583333333333336,0.9166666666666696,0.12000466328897327
-59.41666666666667,0.9166666666666696,0.10580203743932508
-59.25,0.9166666666666696,0.0977871905479983
-59.083333333333336,0.9166666666666696,0.12135034787757366
-58.91666666666667,0.9166666666666696,0.05377001390404963
-58.75,0.9166666666666696,0.02502086241605906
-58.583333333333336,0.9166666666666696,0.08418314295268985
-58.41666666666667,0.9166666666666696,0.06918101195962273
-58.25,0.9166666666666696,0.10572718229839848
-58.083333333333336,0.9166666666666696,0.055700213390591946
-57.91666666666667,0.9166666666666696,0.04296880964005819
-57.75,0.9166666666666696,0.07837224698017636
-57.583333333333336,0.9166666666666696,0.11213203156893943
-57.41666666666667,0.9166666666666696,0.12658585590230326
-57.25,0.9166666666666696,0.10520744935521219
-57.083333333333336,0.9166666666666696,0.1649855761248904
-56.91666666666667,0.9166666666666696,0.16241890328921121
-56.75,0.9166666666666696,0.18558799764310976
-56.583333333333336,0.9166666666666696,0.17986485630947258
-56.41666666666667,0.9166666666666696,0.10549425630499791
-56.25,0.9166666666666696,0.0953199672275572
-56.083333333333336,0.9166666666666696,0.08306604880724364
-55.91666666666667,0.9166666666666696,0.10008540585137449
-55.75,0.9166666666666696,0.11311064281756401
-55.583333333333336,0.9166666666666696,0.10603245913766011
-55.41666666666667,0.9166666666666696,0.10299719039080979
-55.25,0.9166666666666696,0.10271060680762926
-55.083333333333336,0.9166666666666696,0.09586105318745687
-54.91666666666667,0.9166666666666696,0.07559828216325085
-54.75,0.9166666666666696,0.09542406003946362
-54.583333333333336,0.9166666666666696,0.0976376839677337
-54.41666666666667,0.9166666666666696,0.10276994938072133
-54.25,0.9166666666666696,0.15199994208801734
-54.083333333333336,0.9166666666666696,0.17751137532780192
-53.91666666666667,0.9166666666666696,0.1967624534668405
-53.75,0.9166666666666696,0.08972265139345544
-53.583333333333336,0.9166666666666696,0.1642422344210318
-53.41666666666667,0.9166666666666696,0.22099092802239073
-53.25,0.9166666666666696,0.17087127418173073
-53.083333333333336,0.9166666666666696,0.19947384004891236
-52.91666666666667,0.9166666666666696,0.20094501958093955
-52.75,0.9166666666666696,0.21401900701421953
-52.583333333333336,0.9166666666666696,0.19559055203993542
-52.41666666666667,0.9166666666666696,0.16957841105710947
-52.25,0.9166666666666696,0.1970272383122624
-52.083333333333336,0.9166666666666696,0.20317416592623247
-51.91666666666667,0.9166666666666696,0.21570830850767897
-51.75,0.9166666666666696,0.22939921917176376
-51.583333333333336,0.9166666666666696,0.23139624872797523
-51.41666666666667,0.9166666666666696,0.29470129794278666
-51.25,0.9166666666666696,0.26781342780588335
-51.083333333333336,0.9166666666666696,0.21989433321829013
-50.91666666666667,0.9166666666666696,0.19971295885157025
-50.75,0.9166666666666696,0.1606446831033439
-50.583333333333336,0.9166666666666696,0.08263255343276235
-50.41666666666667,0.9166666666666696,0.09337201768063556
-50.25,0.9166666666666696,0.10528727541558376
-69.08333333333333,0.7500000000000027,0.04073924715833813
-68.91666666666667,0.7500000000000027,0.04211332578205528
-68.75,0.7500000000000027,0.04970902829247292
-68.58333333333333,0.7500000000000027,0.039218304143174
-68.41666666666667,0.7500000000000027,0.029669003845065805
-68.25,0.7500000000000027,0.04066665492016531
-68.08333333333333,0.7500000000000027,0.02500221744589685
-67.91666666666667,0.7500000000000027,0.023745084031272692
-67.75,0.7500000000000027,0.02351535471739501
-67.58333333333333,0.7500000000000027,0.030076829469604306
-67.41666666666667,0.7500000000000027,0.022655827924573723
-67.25,0.7500000000000027,0.02044674747671445
-67.08333333333333,0.7500000000000027,0.025836697090939425
-66.91666666666667,0.7500000000000027,0.025885678584534742
-66.75,0.7500000000000027,0.010483774086161335
-66.58333333333333,0.7500000000000027,0.010798428110049694
-65.75,0.7500000000000027,0.0337004873084049
-65.58333333333333,0.7500000000000027,0.023113572341962187
-65.41666666666667,0.7500000000000027,0.013547296962450859
-65.25,0.7500000000000027,0.1560386885002543
-65.08333333333333,0.7500000000000027,0.08452023639572888
-64.91666666666667,0.7500000000000027,0.05233692231192278
-64.75,0.7500000000000027,0.061555396341980075
-64.58333333333333,0.7500000000000027,0.06758072079028328
-64.41666666666667,0.7500000000000027,0.07877424632493076
-64.25,0.7500000000000027,0.0839244365309834
-64.08333333333333,0.7500000000000027,0.09036797157138687
-63.91666666666667,0.7500000000000027,0.09758433932383388
-63.75,0.7500000000000027,0.1085812507823155
-63.583333333333336,0.7500000000000027,0.23207044882823769
-63.41666666666667,0.7500000000000027,0.4160373393643899
-63.25,0.7500000000000027,0.34376625740353145
-63.083333333333336,0.7500000000000027,0.2707598080219168
-62.91666666666667,0.7500000000000027,0.1304523743359277
-62.75,0.7500000000000027,0.1211306705237631
-62.583333333333336,0.7500000000000027,0.12872059042955772
-62.41666666666667,0.7500000000000027,0.1394891770202728
-62.25,0.7500000000000027,0.15081604447055144
-62.083333333333336,0.7500000000000027,0.15415490313741373
-61.91666666666667,0.7500000000000027,0.16447977171600384
-61.75,0.7500000000000027,0.1621237892413794
-61.583333333333336,0.7500000000000027,0.1817621202778585
-61.41666666666667,0.7500000000000027,0.16066943048464755
-61.25,0.7500000000000027,0.16818067556609564
-61.083333333333336,0.7500000000000027,0.19606876177081098
-60.91666666666667,0.7500000000000027,0.1764376958616863
-60.75,0.7500000000000027,0.17491724356710903
-60.583333333333336,0.7500000000000027,0.1670521816206367
-60.41666666666667,0.7500000000000027,0.1567670518221083
-60.25,0.7500000000000027,0.1441501647351704
-60.083333333333336,0.7500000000000027,0.137017041608277
-59.91666666666667,0.7500000000000027,0.1423695595875344
-59.75,0.7500000000000027,0.1375318099810993
-59.583333333333336,0.7500000000000027,0.1167725286318802
-59.41666666666667,0.7500000000000027,0.11447753000036585
-59.25,0.7500000000000027,0.12224839165234361
-59.083333333333336,0.7500000000000027,0.15284648925105068
-58.91666666666667,0.7500000000000027,0.11682898492493285
-58.75,0.7500000000000027,0.057192538327757475
-58.583333333333336,0.7500000000000027,0.10937464036469331
-58.41666666666667,0.7500000000000027,0.11694847955159086
-58.25,0.7500000000000027,0.11795953786225126
-58.083333333333336,0.7500000000000027,0.11882877415860586
-57.91666666666667,0.7500000000000027,0.09159429318405378
-57.75,0.7500000000000027,0.11276780777591063
-57.583333333333336,0.7500000000000027,0.14392948008244583
-57.41666666666667,0.7500000000000027,0.14436084073023103
-57.25,0.7500000000000027,0.15175331376222184
-57.083333333333336,0.7500000000000027,0.15986324467444776
-56.91666666666667,0.7500000000000027,0.162917898408801
-56.75,0.7500000000000027,0.18412394776569618
-56.583333333333336,0.7500000000000027,0.198039788095778
-56.41666666666667,0.7500000000000027,0.1292227781558179
-56.25,0.7500000000000027,0.11154075489312547
-56.083333333333336,0.7500000000000027,0.11486493484385067
-55.91666666666667,0.7500000000000027,0.11702966272018084
-55.75,0.7500000000000027,0.11015287231144119
-55.583333333333336,0.7500000000000027,0.1071474653055329
-55.41666666666667,0.7500000000000027,0.10305919599267835
-55.25,0.7500000000000027,0.11832539053632848
-55.083333333333336,0.7500000000000027,0.0881732768578283
-54.91666666666667,0.7500000000000027,0.08648235182977626
-54.75,0.7500000000000027,0.08873872964151738
-54.583333333333336,0.7500000000000027,0.10655660008411375
-54.41666666666667,0.7500000000000027,0.11737809944012897
-54.25,0.7500000000000027,0.10058335706733965
-54.083333333333336,0.7500000000000027,0.06534212359589435
-53.91666666666667,0.7500000000000027,0.1742502747254889
-53.75,0.7500000000000027,0.16721516413371573
-53.583333333333336,0.7500000000000027,0.11585008331679256
-53.41666666666667,0.7500000000000027,0.1514000074008142
-53.25,0.7500000000000027,0.2558343355110911
-53.083333333333336,0.7500000000000027,0.2237612736817237
-52.91666666666667,0.7500000000000027,0.2154913551635205
-52.75,0.7500000000000027,0.12693503868561298
-52.583333333333336,0.7500000000000027,0.24571403803895744
-52.41666666666667,0.7500000000000027,0.16551925550129612
-52.25,0.7500000000000027,0.17452888034761818
-52.083333333333336,0.7500000000000027,0.1897227789660539
-51.91666666666667,0.7500000000000027,0.21531935085761125
-51.75,0.7500000000000027,0.21913891376111086
-51.583333333333336,0.7500000000000027,0.2310714852339812
-51.41666666666667,0.7500000000000027,0.28194314285315664
-51.25,0.7500000000000027,0.23593241160916895
-51.083333333333336,0.7500000000000027,0.20526671375259065
-50.91666666666667,0.7500000000000027,0.1695394085376645
-50.75,0.7500000000000027,0.15896538518926812
-50.583333333333336,0.7500000000000027,0.08160530426666239
-50.41666666666667,0.7500000000000027,0.07161989310567844
-50.25,0.7500000000000027,0.087641294900757
-69.58333333333333,0.5833333333333357,0.029246496610857296
-69.41666666666667,0.5833333333333357,0.028581344625617837
-69.25,0.5833333333333357,0.03458537709264098
-69.08333333333333,0.5833333333333357,0.031715161133236885
-68.91666666666667,0.5833333333333357,0.042773464890999806
-68.75,0.5833333333333357,0.04438061303741511
-68.58333333333333,0.5833333333333357,0.026722245025487364
-68.41666666666667,0.5833333333333357,0.02498474784879767
-68.25,0.5833333333333357,0.026089380625842488
-68.08333333333333,0.5833333333333357,0.0273669070098702
-67.91666666666667,0.5833333333333357,0.01758722887192515
-67.75,0.5833333333333357,0.012619592447177377
-67.58333333333333,0.5833333333333357,0.016426608937315814
-67.41666666666667,0.5833333333333357,0.014512900904019244
-67.25,0.5833333333333357,0.014111117116979767
-67.08333333333333,0.5833333333333357,0.013128814545898723
-66.91666666666667,0.5833333333333357,0.013377826885802203
-66.75,0.5833333333333357,0.012006628488367255
-66.58333333333333,0.5833333333333357,0.01465243935317469
-66.41666666666667,0.5833333333333357,0.016421443533944133
-66.25,0.5833333333333357,0.0229502606946151
-66.08333333333333,0.5833333333333357,0.07579520887541882
-65.91666666666667,0.5833333333333357,0.022429265819485848
-65.75,0.5833333333333357,0.016953899344213264
-65.58333333333333,0.5833333333333357,0.020442770036502193
-65.41666666666667,0.5833333333333357,0.01851882836513812
-65.25,0.5833333333333357,0.11349410077705947
-65.08333333333333,0.5833333333333357,0.06499031758719508
-64.91666666666667,0.5833333333333357,0.05549622068984454
-64.75,0.5833333333333357,0.05178213630287554
-64.58333333333333,0.5833333333333357,0.07019113000348538
-64.41666666666667,0.5833333333333357,0.07568349643831748
-64.25,0.5833333333333357,0.07968942707852375
-64.08333333333333,0.5833333333333357,0.09129802721457214
-63.91666666666667,0.5833333333333357,0.09592355720846672
-63.75,0.5833333333333357,0.10637129567305502
-63.583333333333336,0.5833333333333357,0.11841356577045281
-63.41666666666667,0.5833333333333357,0.14600152777440503
-63.25,0.5833333333333357,0.17073444164159218
-63.083333333333336,0.5833333333333357,0.16437441522565696
-62.91666666666667,0.5833333333333357,0.14271563280162067
-62.75,0.5833333333333357,0.13804157229293043
-62.583333333333336,0.5833333333333357,0.13961889555169915
-62.41666666666667,0.5833333333333357,0.15064951807712243
-62.25,0.5833333333333357,0.15265005261373787
-62.083333333333336,0.5833333333333357,0.16205933680832818
-61.91666666666667,0.5833333333333357,0.16693849998685853
-61.75,0.5833333333333357,0.16574589641665
-61.583333333333336,0.5833333333333357,0.18200176263057571
-61.41666666666667,0.5833333333333357,0.16647343281594118
-61.25,0.5833333333333357,0.17076811920890428
-61.083333333333336,0.5833333333333357,0.19667739637318243
-60.91666666666667,0.5833333333333357,0.1965748228173844
-60.75,0.5833333333333357,0.17778130624911576
-60.583333333333336,0.5833333333333357,0.16708367030553897
-60.41666666666667,0.5833333333333357,0.16137872676514942
-60.25,0.5833333333333357,0.16091495490947483
-60.083333333333336,0.5833333333333357,0.1575694480272312
-59.91666666666667,0.5833333333333357,0.14703835859195807
-59.75,0.5833333333333357,0.12873012040789103
-59.583333333333336,0.5833333333333357,0.09431105302749525
-59.41666666666667,0.5833333333333357,0.11730639093604157
-59.25,0.5833333333333357,0.13039211147345314
-59.083333333333336,0.5833333333333357,0.1483173066211415
-58.91666666666667,0.5833333333333357,0.14015394891355518
-58.75,0.5833333333333357,0.15236818848185613
-58.583333333333336,0.5833333333333357,0.13098539147180352
-58.41666666666667,0.5833333333333357,0.1308912393424507
-58.25,0.5833333333333357,0.15388749947198774
-58.083333333333336,0.5833333333333357,0.17976429233422261
-57.91666666666667,0.5833333333333357,0.1463748860047898
-57.75,0.5833333333333357,0.1476031210126769
-57.583333333333336,0.5833333333333357,0.14576516515727336
-57.41666666666667,0.5833333333333357,0.14281736508122336
-57.25,0.5833333333333357,0.16260104755885985
-57.083333333333336,0.5833333333333357,0.1310603062473422
-56.91666666666667,0.5833333333333357,0.16718124141799967
-56.75,0.5833333333333357,0.17561121768004914
-56.583333333333336,0.5833333333333357,0.19701241788588042
-56.41666666666667,0.5833333333333357,0.1855470118686112
-56.25,0.5833333333333357,0.18627203966501443
-56.083333333333336,0.5833333333333357,0.159041932532239
-55.91666666666667,0.5833333333333357,0.13120793049882049
-55.75,0.5833333333333357,0.09584476784201963
-55.583333333333336,0.5833333333333357,0.10204833250952586
-55.41666666666667,0.5833333333333357,0.12482274747533795
-55.25,0.5833333333333357,0.12190151164868226
-55.083333333333336,0.5833333333333357,0.05988170208684542
-54.91666666666667,0.5833333333333357,0.11347790864517662
-54.75,0.5833333333333357,0.12477577399630818
-54.583333333333336,0.5833333333333357,0.1321040188889661
-54.41666666666667,0.5833333333333357,0.15352615321039298
-54.25,0.5833333333333357,0.17698284937896727
-54.083333333333336,0.5833333333333357,0.1405344415900866
-53.91666666666667,0.5833333333333357,0.09202439446113142
-53.75,0.5833333333333357,0.21725068685992227
-53.583333333333336,0.5833333333333357,0.2455504786224787
-53.41666666666667,0.5833333333333357,0.20133917726287304
-53.25,0.5833333333333357,0.2217116838171456
-53.083333333333336,0.5833333333333357,0.2137890615610306
-52.91666666666667,0.5833333333333357,0.2066579174790294
-52.75,0.5833333333333357,0.18040125701954213
-52.583333333333336,0.5833333333333357,0.20545097057247508
-52.41666666666667,0.5833333333333357,0.19450322622560454
-52.25,0.5833333333333357,0.1638226125291601
-52.083333333333336,0.5833333333333357,0.18253836117101638
-51.91666666666667,0.5833333333333357,0.2212435155328439
-51.75,0.5833333333333357,0.23212378620968407
-51.583333333333336,0.5833333333333357,0.26646793088775256
-51.41666666666667,0.5833333333333357,0.2771925629694675
-51.25,0.5833333333333357,0.2302562703383867
-51.083333333333336,0.5833333333333357,0.19368041349033763
-50.91666666666667,0.5833333333333357,0.16727820815934138
-50.75,0.5833333333333357,0.09621646509438404
-50.583333333333336,0.5833333333333357,0.08921495296359826
-50.41666666666667,0.5833333333333357,0.08270649261497007
-50.25,0.5833333333333357,0.0857422480636364
-69.91666666666667,0.4166666666666696,0.015362242152617332
-69.75,0.4166666666666696,0.029023532113752488
-69.58333333333333,0.4166666666666696,0.026435861725711784
-69.41666666666667,0.4166666666666696,0.03595809391244027
-69.25,0.4166666666666696,0.03384315785399827
-69.08333333333333,0.4166666666666696,0.0448336310721246
-68.91666666666667,0.4166666666666696,0.0481046391709292
-68.75,0.4166666666666696,0.042287858593905776
-68.58333333333333,0.4166666666666696,0.02888305439755373
-68.41666666666667,0.4166666666666696,0.02676556869289093
-68.25,0.4166666666666696,0.017897686002738094
-68.08333333333333,0.4166666666666696,0.019898073600725767
-67.91666666666667,0.4166666666666696,0.015614270685610223
-67.75,0.4166666666666696,0.007471757506444323
-67.58333333333333,0.4166666666666696,0.008195133574306443
-67.41666666666667,0.4166666666666696,0.01752741902795506
-67.25,0.4166666666666696,0.020264485178184403
-67.08333333333333,0.4166666666666696,0.013419259599676747
-66.91666666666667,0.4166666666666696,0.009380851415021405
-66.75,0.4166666666666696,0.008293280868143989
-66.58333333333333,0.4166666666666696,0.011307933229827705
-66.41666666666667,0.4166666666666696,0.019022217372199626
-66.25,0.4166666666666696,0.022166746297604057
-66.08333333333333,0.4166666666666696,0.010223432823863296
-65.91666666666667,0.4166666666666696,0.018738179254323355
-65.75,0.4166666666666696,0.018206916271972164
-65.58333333333333,0.4166666666666696,0.01687990820551265
-65.41666666666667,0.4166666666666696,0.012587497650475754
-65.25,0.4166666666666696,0.025046640083640565
-65.08333333333333,0.4166666666666696,0.076886782454962
-64.91666666666667,0.4166666666666696,0.040738898726897774
-64.75,0.4166666666666696,0.05261156463703536
-64.58333333333333,0.4166666666666696,0.0659108131646134
-64.41666666666667,0.4166666666666696,0.07417854808828923
-64.25,0.4166666666666696,0.08257290111749964
-64.08333333333333,0.4166666666666696,0.08571144520194925
-63.91666666666667,0.4166666666666696,0.09583050344873914
-63.75,0.4166666666666696,0.10854997412198572
-63.583333333333336,0.4166666666666696,0.11202159934440468
-63.41666666666667,0.4166666666666696,0.11477900309820144
-63.25,0.4166666666666696,0.11926446904102726
-63.083333333333336,0.4166666666666696,0.12868062596279006
-62.91666666666667,0.4166666666666696,0.1355890564186525
-62.75,0.4166666666666696,0.14590350692100845
-62.583333333333336,0.4166666666666696,0.14833177884753743
-62.41666666666667,0.4166666666666696,0.1570897738969386
-62.25,0.4166666666666696,0.17285558882447133
-62.083333333333336,0.4166666666666696,0.1610685551436371
-61.91666666666667,0.4166666666666696,0.16251306361863835
-61.75,0.4166666666666696,0.1714335680751772
-61.583333333333336,0.4166666666666696,0.1564164070692003
-61.41666666666667,0.4166666666666696,0.1565073253558633
-61.25,0.4166666666666696,0.16249615322225544
-61.083333333333336,0.4166666666666696,0.20130543948763896
-60.91666666666667,0.4166666666666696,0.18996218211650207
-60.75,0.4166666666666696,0.17152898326760768
-60.583333333333336,0.4166666666666696,0.16799898403512578
-60.41666666666667,0.4166666666666696,0.17072733321028166
-60.25,0.4166666666666696,0.1658720656406614
-60.083333333333336,0.4166666666666696,0.14030317167782042
-59.91666666666667,0.4166666666666696,0.11168268357390296
-59.75,0.4166666666666696,0.1249792533715033
-59.583333333333336,0.4166666666666696,0.09979264221733027
-59.41666666666667,0.4166666666666696,0.13529838929391133
-59.25,0.4166666666666696,0.11480807601741473
-59.083333333333336,0.4166666666666696,0.12800693287074363
-58.91666666666667,0.4166666666666696,0.10621164739796031
-58.75,0.4166666666666696,0.11638615037046375
-58.583333333333336,0.4166666666666696,0.1297985544289581
-58.41666666666667,0.4166666666666696,0.1360476432587301
-58.25,0.4166666666666696,0.1485435791668552
-58.083333333333336,0.4166666666666696,0.16523094101300512
-57.91666666666667,0.4166666666666696,0.177387856807214
-57.75,0.4166666666666696,0.20922857637005324
-57.583333333333336,0.4166666666666696,0.2057823588139487
-57.41666666666667,0.4166666666666696,0.15371516451121842
-57.25,0.4166666666666696,0.16062691044906388
-57.083333333333336,0.4166666666666696,0.1727856532846533
-56.91666666666667,0.4166666666666696,0.17067290594830498
-56.75,0.4166666666666696,0.1614027707034026
-56.583333333333336,0.4166666666666696,0.18613663634546349
-56.41666666666667,0.4166666666666696,0.18497404172149456
-56.25,0.4166666666666696,0.18055295260664406
-56.083333333333336,0.4166666666666696,0.205210393192368
-55.91666666666667,0.4166666666666696,0.14495326286509533
-55.75,0.4166666666666696,0.12427520185290125
-55.583333333333336,0.4166666666666696,0.12021190478435441
-55.41666666666667,0.4166666666666696,0.13757350064102786
-55.25,0.4166666666666696,0.07464874320968999
-55.083333333333336,0.4166666666666696,0.05655134373689237
-54.91666666666667,0.4166666666666696,0.044605962458339636
-54.75,0.4166666666666696,0.10092813545408151
-54.583333333333336,0.4166666666666696,0.1538731177030727
-54.41666666666667,0.4166666666666696,0.15162104056294934
-54.25,0.4166666666666696,0.13915177221338917
-54.083333333333336,0.4166666666666696,0.17251287888177635
-53.91666666666667,0.4166666666666696,0.1344406567230783
-53.75,0.4166666666666696,0.20217502972172172
-53.583333333333336,0.4166666666666696,0.2310273483905335
-53.41666666666667,0.4166666666666696,0.27834858562734394
-53.25,0.4166666666666696,0.27419144248801275
-53.083333333333336,0.4166666666666696,0.2102532248374835
-52.91666666666667,0.4166666666666696,0.22253476253125315
-52.75,0.4166666666666696,0.20773932497118788
-52.583333333333336,0.4166666666666696,0.20942848211779005
-52.41666666666667,0.4166666666666696,0.19013679221058438
-52.25,0.4166666666666696,0.17326771558259196
-52.083333333333336,0.4166666666666696,0.19055224222937142
-51.91666666666667,0.4166666666666696,0.20761758945164024
-51.75,0.4166666666666696,0.2057764261100674
-51.583333333333336,0.4166666666666696,0.28346604916196605
-51.41666666666667,0.4166666666666696,0.28026911531645465
-51.25,0.4166666666666696,0.2413174666829388
-51.083333333333336,0.4166666666666696,0.2154002990862923
-50.91666666666667,0.4166666666666696,0.14248578446252466
-50.75,0.4166666666666696,0.08773261717143878
-50.583333333333336,0.4166666666666696,0.05848835279032277
-50.41666666666667,0.4166666666666696,0.11441888897303223
-50.25,0.4166666666666696,0.08805936313634881
-69.91666666666667,0.25000000000000266,0.02818633886675011
-69.75,0.25000000000000266,0.02710540232080733
-69.58333333333333,0.25000000000000266,0.03244085906328717
-69.41666666666667,0.25000000000000266,0.036309910141909686
-69.25,0.25000000000000266,0.02894699957073985
-69.08333333333333,0.25000000000000266,0.023499626911920476
-68.91666666666667,0.25000000000000266,0.01846811882406852
-68.75,0.25000000000000266,0.01763627826974536
-68.58333333333333,0.25000000000000266,0.01788090146069887
-68.41666666666667,0.25000000000000266,0.02245432942730482
-68.25,0.25000000000000266,0.01793768086086648
-68.08333333333333,0.25000000000000266,0.012037314563075408
-67.91666666666667,0.25000000000000266,0.017004805350205456
-67.75,0.25000000000000266,0.0069180632274411435
-67.58333333333333,0.25000000000000266,0.008915667328779665
-67.41666666666667,0.25000000000000266,0.015651045476919968
-67.25,0.25000000000000266,0.020883260718600156
-67.08333333333333,0.25000000000000266,0.014645578416810493
-66.91666666666667,0.25000000000000266,0.009744457041392415
-66.75,0.25000000000000266,0.00921596245096094
-66.58333333333333,0.25000000000000266,0.010612668246676374
-66.41666666666667,0.25000000000000266,0.013174689589254655
-66.25,0.25000000000000266,0.02467544237879409
-66.08333333333333,0.25000000000000266,0.03488549465635881
-65.91666666666667,0.25000000000000266,0.045213317422445
-65.75,0.25000000000000266,0.1369588696970045
-65.58333333333333,0.25000000000000266,0.17213642256795025
-65.41666666666667,0.25000000000000266,0.20045765181527725
-65.25,0.25000000000000266,0.13209840174833617
-65.08333333333333,0.25000000000000266,0.0639047157232623
-64.91666666666667,0.25000000000000266,0.05562765776423302
-64.75,0.25000000000000266,0.052993457848380436
-64.58333333333333,0.25000000000000266,0.05415855916208271
-64.41666666666667,0.25000000000000266,0.06754209323480266
-64.25,0.25000000000000266,0.07478800705354174
-64.08333333333333,0.25000000000000266,0.07109490308467953
-63.91666666666667,0.25000000000000266,0.08183421860266622
-63.75,0.25000000000000266,0.09122788332011411
-63.583333333333336,0.25000000000000266,0.09911727130244842
-63.41666666666667,0.25000000000000266,0.10031700249626042
-63.25,0.25000000000000266,0.11228460991658486
-63.083333333333336,0.25000000000000266,0.11103267500756445
-62.91666666666667,0.25000000000000266,0.12468376116630289
-62.75,0.25000000000000266,0.10875583162272809
-62.583333333333336,0.25000000000000266,0.12418859291266685
-62.41666666666667,0.25000000000000266,0.11284598906101606
-62.25,0.25000000000000266,0.1534961569613218
-62.083333333333336,0.25000000000000266,0.1479442037458942
-61.91666666666667,0.25000000000000266,0.14991681204742063
-61.75,0.25000000000000266,0.16866242238599247
-61.583333333333336,0.25000000000000266,0.14944783141432197
-61.41666666666667,0.25000000000000266,0.1476543274930688
-61.25,0.25000000000000266,0.17001575536901783
-61.083333333333336,0.25000000000000266,0.18749183760453034
-60.91666666666667,0.25000000000000266,0.19038952759585515
-60.75,0.25000000000000266,0.17795202284949813
-60.583333333333336,0.25000000000000266,0.17685910450845904
-60.41666666666667,0.25000000000000266,0.1625352386919687
-60.25,0.25000000000000266,0.1404428504938702
-60.083333333333336,0.25000000000000266,0.11448915424733541
-59.91666666666667,0.25000000000000266,0.10883393639578838
-59.75,0.25000000000000266,0.1187486258466188
-59.583333333333336,0.25000000000000266,0.1055792150277621
-59.41666666666667,0.25000000000000266,0.12993414160733235
-59.25,0.25000000000000266,0.13331391182189192
-59.083333333333336,0.25000000000000266,0.10699212577913673
-58.91666666666667,0.25000000000000266,0.11011394609175856
-58.75,0.25000000000000266,0.12966968007845686
-58.583333333333336,0.25000000000000266,0.1303665074095265
-58.41666666666667,0.25000000000000266,0.1347835441948859
-58.25,0.25000000000000266,0.17545239940411422
-58.083333333333336,0.25000000000000266,0.1905925868100674
-57.91666666666667,0.25000000000000266,0.18488407020323522
-57.75,0.25000000000000266,0.16976998806342936
-57.583333333333336,0.25000000000000266,0.20135807464116906
-57.41666666666667,0.25000000000000266,0.18734635200955035
-57.25,0.25000000000000266,0.17631840700522558
-57.083333333333336,0.25000000000000266,0.17397982443375543
-56.91666666666667,0.25000000000000266,0.17007937091441894
-56.75,0.25000000000000266,0.15107116500440507
-56.583333333333336,0.25000000000000266,0.18273536257369055
-56.41666666666667,0.25000000000000266,0.1925635708763831
-56.25,0.25000000000000266,0.15120946207316233
-56.083333333333336,0.25000000000000266,0.20345847485711102
-55.91666666666667,0.25000000000000266,0.1385638795633443
-55.75,0.25000000000000266,0.1354076810574545
-55.583333333333336,0.25000000000000266,0.11319214610865246
-55.41666666666667,0.25000000000000266,0.11009823682184275
-55.25,0.25000000000000266,0.13060562800886308
-55.083333333333336,0.25000000000000266,0.07559632981172895
-54.91666666666667,0.25000000000000266,0.04267668236830296
-54.75,0.25000000000000266,0.05660648493731872
-54.583333333333336,0.25000000000000266,0.1015755731475551
-54.41666666666667,0.25000000000000266,0.14690152676645613
-54.25,0.25000000000000266,0.18731883585074854
-54.083333333333336,0.25000000000000266,0.17001584522599034
-53.91666666666667,0.25000000000000266,0.17130954192714767
-53.75,0.25000000000000266,0.14265366881476416
-53.583333333333336,0.25000000000000266,0.2792799886211007
-53.41666666666667,0.25000000000000266,0.261580609894639
-53.25,0.25000000000000266,0.24665168120592115
-53.083333333333336,0.25000000000000266,0.21157348117905492
-52.91666666666667,0.25000000000000266,0.1957808211091254
-52.75,0.25000000000000266,0.19337188154737314
-52.583333333333336,0.25000000000000266,0.19875130525263393
-52.41666666666667,0.25000000000000266,0.2087397740328549
-52.25,0.25000000000000266,0.1679936628556577
-52.083333333333336,0.25000000000000266,0.17970422259798882
-51.91666666666667,0.25000000000000266,0.18889436409610183
-51.75,0.25000000000000266,0.203804070151627
-51.583333333333336,0.25000000000000266,0.24407351355314236
-51.41666666666667,0.25000000000000266,0.3316108178323067
-51.25,0.25000000000000266,0.2881793784139258
-51.083333333333336,0.25000000000000266,0.21739030226842437
-50.91666666666667,0.25000000000000266,0.16195638483696073
-50.75,0.25000000000000266,0.09454442984369779
-50.583333333333336,0.25000000000000266,0.09586256169657636
-50.41666666666667,0.25000000000000266,0.13320794972921024
-50.25,0.25000000000000266,0.09920784475073831
-50.083333333333336,0.25000000000000266,0.1055527279678609
-49.91666666666667,0.25000000000000266,0.13743219608959037
-49.75,0.25000000000000266,0.1547995397458618
-69.91666666666667,0.0833333333333357,0.03769638158158068
-69.75,0.0833333333333357,0.03540163194516949
-69.58333333333333,0.0833333333333357,0.027273279827597745
-69.41666666666667,0.0833333333333357,0.025536184503515684
-69.25,0.0833333333333357,0.020622503322549945
-69.08333333333333,0.0833333333333357,0.02172011912526958
-68.91666666666667,0.0833333333333357,0.01219514912181643
-68.75,0.0833333333333357,0.014432862582607656
-68.58333333333333,0.0833333333333357,0.016047493426625946
-68.41666666666667,0.0833333333333357,0.017678730262001504
-68.25,0.0833333333333357,0.020386856397264147
-68.08333333333333,0.0833333333333357,0.014272050945728814
-67.91666666666667,0.0833333333333357,0.021401537605413683
-67.75,0.0833333333333357,0.006465852281427208
-67.58333333333333,0.0833333333333357,0.007864012776492768
-67.41666666666667,0.0833333333333357,0.01451086300425998
-67.25,0.0833333333333357,0.018255617370443282
-67.08333333333333,0.0833333333333357,0.015022763431848812
-66.91666666666667,0.0833333333333357,0.014126944781968614
-66.75,0.0833333333333357,0.01302862642076741
-66.58333333333333,0.0833333333333357,0.01339064856562461
-66.41666666666667,0.0833333333333357,0.018722578691711938
-66.25,0.0833333333333357,0.025566638642365115
-66.08333333333333,0.0833333333333357,0.03311282767845127
-65.91666666666667,0.0833333333333357,0.05803405560753882
-65.75,0.0833333333333357,0.05826913774181884
-65.58333333333333,0.0833333333333357,0.034926913277904294
-65.41666666666667,0.0833333333333357,0.0518790015960856
-65.25,0.0833333333333357,0.044745420262278124
-65.08333333333333,0.0833333333333357,0.047061870346003815
-64.91666666666667,0.0833333333333357,0.05142230011849572
-64.75,0.0833333333333357,0.056818425427093366
-64.58333333333333,0.0833333333333357,0.054685699988225846
-64.41666666666667,0.0833333333333357,0.06446590315885391
-64.25,0.0833333333333357,0.06687554993717473
-64.08333333333333,0.0833333333333357,0.0705083449644669
-63.91666666666667,0.0833333333333357,0.06813275996491565
-63.75,0.0833333333333357,0.0847674783001072
-63.583333333333336,0.0833333333333357,0.0942503252249283
-63.41666666666667,0.0833333333333357,0.09230918318347685
-63.25,0.0833333333333357,0.09110711534160716
-63.083333333333336,0.0833333333333357,0.08706705959768296
-62.91666666666667,0.0833333333333357,0.13322672152713264
-62.75,0.0833333333333357,0.1176648688969015
-62.583333333333336,0.0833333333333357,0.12366872138204743
-62.41666666666667,0.0833333333333357,0.1504621058863363
-62.25,0.0833333333333357,0.14389918026134985
-62.083333333333336,0.0833333333333357,0.11439923641717023
-61.91666666666667,0.0833333333333357,0.11835466435517186
-61.75,0.0833333333333357,0.12971357580523749
-61.583333333333336,0.0833333333333357,0.12658736387292785
-61.41666666666667,0.0833333333333357,0.1336835103698861
-61.25,0.0833333333333357,0.17344694203335412
-61.083333333333336,0.0833333333333357,0.18363886073628832
-60.91666666666667,0.0833333333333357,0.17894776549769037
-60.75,0.0833333333333357,0.1657214747949251
-60.583333333333336,0.0833333333333357,0.16112727052455503
-60.41666666666667,0.0833333333333357,0.1404704248107672
-60.25,0.0833333333333357,0.12830171491831807
-60.083333333333336,0.0833333333333357,0.1314686563086614
-59.91666666666667,0.0833333333333357,0.11412638355788088
-59.75,0.0833333333333357,0.11875534759279681
-59.583333333333336,0.0833333333333357,0.1311533911054517
-59.41666666666667,0.0833333333333357,0.13906976016281725
-59.25,0.0833333333333357,0.1482541548773938
-59.083333333333336,0.0833333333333357,0.11942835890443287
-58.91666666666667,0.0833333333333357,0.11115662210879654
-58.75,0.0833333333333357,0.09761318697304852
-58.583333333333336,0.0833333333333357,0.1273546322692189
-58.41666666666667,0.0833333333333357,0.13495251639020345
-58.25,0.0833333333333357,0.13965126634185193
-58.083333333333336,0.0833333333333357,0.15296558027896284
-57.91666666666667,0.0833333333333357,0.15631029511506142
-57.75,0.0833333333333357,0.16453028985859
-57.583333333333336,0.0833333333333357,0.16690300339350408
-57.41666666666667,0.0833333333333357,0.17596233335989153
-57.25,0.0833333333333357,0.20040891078799272
-57.083333333333336,0.0833333333333357,0.18640456033439246
-56.91666666666667,0.0833333333333357,0.18452701866913612
-56.75,0.0833333333333357,0.17360292959608037
-56.583333333333336,0.0833333333333357,0.18502745679101146
-56.41666666666667,0.0833333333333357,0.1741379861473069
-56.25,0.0833333333333357,0.12428184021548207
-56.083333333333336,0.0833333333333357,0.1945738800969154
-55.91666666666667,0.0833333333333357,0.14777918059756542
-55.75,0.0833333333333357,0.12476978218799048
-55.583333333333336,0.0833333333333357,0.1040770649618887
-55.41666666666667,0.0833333333333357,0.10739319198065518
-55.25,0.0833333333333357,0.10226371069460079
-55.083333333333336,0.0833333333333357,0.06853745736222211
-54.91666666666667,0.0833333333333357,0.04262824700825282
-54.75,0.0833333333333357,0.0731497785396546
-54.583333333333336,0.0833333333333357,0.09600061597700822
-54.41666666666667,0.0833333333333357,0.13527408823637363
-54.25,0.0833333333333357,0.22407170082381878
-54.083333333333336,0.0833333333333357,0.2580247949778866
-53.91666666666667,0.0833333333333357,0.2627911544718622
-53.75,0.0833333333333357,0.23326369836196567
-53.583333333333336,0.0833333333333357,0.27081129725419323
-53.41666666666667,0.0833333333333357,0.27191317010448773
-53.25,0.0833333333333357,0.23936123996917796
-53.083333333333336,0.0833333333333357,0.21634028078294734
-52.91666666666667,0.0833333333333357,0.1971129566821143
-52.75,0.0833333333333357,0.19639893263794664
-52.583333333333336,0.0833333333333357,0.18832307559877806
-52.41666666666667,0.0833333333333357,0.19179222110493555
-52.25,0.0833333333333357,0.19339751463332036
-52.083333333333336,0.0833333333333357,0.15824226038926292
-51.91666666666667,0.0833333333333357,0.1868030357224899
-51.75,0.0833333333333357,0.2039782635578526
-51.583333333333336,0.0833333333333357,0.2612529961888805
-51.41666666666667,0.0833333333333357,0.2833682884300178
-51.25,0.0833333333333357,0.2654920107928855
-51.083333333333336,0.0833333333333357,0.22182384659863144
-50.91666666666667,0.0833333333333357,0.12805343161755747
-50.75,0.0833333333333357,0.11289638575196269
-50.583333333333336,0.0833333333333357,0.1872220772043486
-50.41666666666667,0.0833333333333357,0.16536778606907893
-50.25,0.0833333333333357,0.2064052166077166
-50.083333333333336,0.0833333333333357,0.2046478870681423
-49.91666666666667,0.0833333333333357,0.18662235754248832
-49.75,0.0833333333333357,0.13683587002838074
-49.583333333333336,0.0833333333333357,0.14082571936057933
-69.91666666666667,-0.08333333333333037,0.027840061382584644
-69.75,-0.08333333333333037,0.026478950552342426
-69.58333333333333,-0.08333333333333037,0.019316298545437646
-69.41666666666667,-0.08333333333333037,0.009586830025204517
-69.25,-0.08333333333333037,0.022099375309728036
-69.08333333333333,-0.08333333333333037,0.01050410639154688
-68.91666666666667,-0.08333333333333037,0.010570977634574543
-68.75,-0.08333333333333037,0.011744318594192971
-68.58333333333333,-0.08333333333333037,0.013822391978727243
-68.41666666666667,-0.08333333333333037,0.013560645524295124
-68.25,-0.08333333333333037,0.012615271178697908
-68.08333333333333,-0.08333333333333037,0.013876731207561945
-67.91666666666667,-0.08333333333333037,0.010858399123851895
-67.75,-0.08333333333333037,0.012126782198973538
-67.58333333333333,-0.08333333333333037,0.015857579706519992
-67.41666666666667,-0.08333333333333037,0.012178726030904348
-67.25,-0.08333333333333037,0.015416451867496737
-67.08333333333333,-0.08333333333333037,0.019606867829616063
-66.91666666666667,-0.08333333333333037,0.01986674701664359
-66.75,-0.08333333333333037,0.01929999891117046
-66.58333333333333,-0.08333333333333037,0.061441609840054444
-66.41666666666667,-0.08333333333333037,0.06419512926712359
-66.25,-0.08333333333333037,0.07360398893282834
-66.08333333333333,-0.08333333333333037,0.07647563128212974
-65.91666666666667,-0.08333333333333037,0.06708438175731869
-65.75,-0.08333333333333037,0.06838081508670302
-65.58333333333333,-0.08333333333333037,0.06342819794769826
-65.41666666666667,-0.08333333333333037,0.057702145364025036
-65.25,-0.08333333333333037,0.051058610149305454
-65.08333333333333,-0.08333333333333037,0.048103096718169605
-64.91666666666667,-0.08333333333333037,0.048174666812944154
-64.75,-0.08333333333333037,0.051649782466249385
-64.58333333333333,-0.08333333333333037,0.0547946190253053
-64.41666666666667,-0.08333333333333037,0.058147316915027863
-64.25,-0.08333333333333037,0.06145165387951197
-64.08333333333333,-0.08333333333333037,0.07006767123981324
-63.91666666666667,-0.08333333333333037,0.07364335496561858
-63.75,-0.08333333333333037,0.08452890792505556
-63.583333333333336,-0.08333333333333037,0.08748061951815159
-63.41666666666667,-0.08333333333333037,0.08972023902475519
-63.25,-0.08333333333333037,0.08179558373184258
-63.083333333333336,-0.08333333333333037,0.11600016476907621
-62.91666666666667,-0.08333333333333037,0.12235013977213455
-62.75,-0.08333333333333037,0.10861149216803993
-62.583333333333336,-0.08333333333333037,0.10941227855537747
-62.41666666666667,-0.08333333333333037,0.14622172527714414
-62.25,-0.08333333333333037,0.14798700885169308
-62.083333333333336,-0.08333333333333037,0.11536412044487451
-61.91666666666667,-0.08333333333333037,0.12568750211161112
-61.75,-0.08333333333333037,0.10188155199594426
-61.583333333333336,-0.08333333333333037,0.11267122545799711
-61.41666666666667,-0.08333333333333037,0.15380497098451335
-61.25,-0.08333333333333037,0.16096971768347867
-61.083333333333336,-0.08333333333333037,0.16731155682936313
-60.91666666666667,-0.08333333333333037,0.16910780950993215
-60.75,-0.08333333333333037,0.1571691590699395
-60.583333333333336,-0.08333333333333037,0.1501778190034819
-60.41666666666667,-0.08333333333333037,0.12658493280422986
-60.25,-0.08333333333333037,0.12660988242378693
-60.083333333333336,-0.08333333333333037,0.13171414217365573
-59.91666666666667,-0.08333333333333037,0.12313339490706608
-59.75,-0.08333333333333037,0.10907030694901079
-59.583333333333336,-0.08333333333333037,0.12715773163944488
-59.41666666666667,-0.08333333333333037,0.13647472992485735
-59.25,-0.08333333333333037,0.16138470403175778
-59.083333333333336,-0.08333333333333037,0.17715506843806908
-58.91666666666667,-0.08333333333333037,0.14301028611580133
-58.75,-0.08333333333333037,0.07632658622564015
-58.583333333333336,-0.08333333333333037,0.10883750654069937
-58.41666666666667,-0.08333333333333037,0.09776768509404903
-58.25,-0.08333333333333037,0.15137979392132217
-58.083333333333336,-0.08333333333333037,0.18010241528635226
-57.91666666666667,-0.08333333333333037,0.1767960018950779
-57.75,-0.08333333333333037,0.13066269322108792
-57.583333333333336,-0.08333333333333037,0.16245994450395046
-57.41666666666667,-0.08333333333333037,0.19416131926942845
-57.25,-0.08333333333333037,0.1691297226261752
-57.083333333333336,-0.08333333333333037,0.18475352221907002
-56.91666666666667,-0.08333333333333037,0.19053445119221965
-56.75,-0.08333333333333037,0.19143302230297118
-56.583333333333336,-0.08333333333333037,0.19350736788772457
-56.41666666666667,-0.08333333333333037,0.17868686736842782
-56.25,-0.08333333333333037,0.09966921245275673
-56.083333333333336,-0.08333333333333037,0.16506059168598367
-55.91666666666667,-0.08333333333333037,0.15253655132315228
-55.75,-0.08333333333333037,0.12542180436724124
-55.583333333333336,-0.08333333333333037,0.11341367985967112
-55.41666666666667,-0.08333333333333037,0.13742755396780432
-55.25,-0.08333333333333037,0.07973476004595108
-55.083333333333336,-0.08333333333333037,0.06522323427236067
-54.91666666666667,-0.08333333333333037,0.05628834505872938
-54.75,-0.08333333333333037,0.09225463839511595
-54.583333333333336,-0.08333333333333037,0.09259078379635415
-54.41666666666667,-0.08333333333333037,0.12246179890753799
-54.25,-0.08333333333333037,0.29007749932375637
-54.083333333333336,-0.08333333333333037,0.3016988833108518
-53.91666666666667,-0.08333333333333037,0.3039342477336808
-53.75,-0.08333333333333037,0.27602648700952914
-53.583333333333336,-0.08333333333333037,0.30484787854380035
-53.41666666666667,-0.08333333333333037,0.26936116311468544
-53.25,-0.08333333333333037,0.23882102014689405
-53.083333333333336,-0.08333333333333037,0.20740245016611464
-52.91666666666667,-0.08333333333333037,0.20481094628432217
-52.75,-0.08333333333333037,0.18878855725332422
-52.583333333333336,-0.08333333333333037,0.18174216977080906
-52.41666666666667,-0.08333333333333037,0.1767802718450564
-52.25,-0.08333333333333037,0.19612686280885094
-52.083333333333336,-0.08333333333333037,0.15115568438184487
-51.91666666666667,-0.08333333333333037,0.173064410815664
-51.75,-0.08333333333333037,0.20061228599797448
-51.583333333333336,-0.08333333333333037,0.25095929193928196
-51.41666666666667,-0.08333333333333037,0.27586706186294835
-51.25,-0.08333333333333037,0.2644257064771665
-51.083333333333336,-0.08333333333333037,0.16423349685790256
-50.91666666666667,-0.08333333333333037,0.27241581118306374
-50.75,-0.08333333333333037,0.22074596780463598
-50.583333333333336,-0.08333333333333037,0.1675909938795793
-50.41666666666667,-0.08333333333333037,0.18384607881360474
-50.25,-0.08333333333333037,0.12290246578211818
-50.083333333333336,-0.08333333333333037,0.14911342832909438
-49.91666666666667,-0.08333333333333037,0.17723278668536954
-49.75,-0.08333333333333037,0.16990832265044864
-49.583333333333336,-0.08333333333333037,0.17824859272519109
-69.75,-0.24999999999999734,0.010457598934142885
-69.58333333333333,-0.24999999999999734,0.004671754948648592
-69.41666666666667,-0.24999999999999734,0.010059442648255836
-69.25,-0.24999999999999734,0.007007724406447125
-69.08333333333333,-0.24999999999999734,0.007908762301423617
-68.91666666666667,-0.24999999999999734,0.009258271540485107
-68.75,-0.24999999999999734,0.009662813380435358
-68.58333333333333,-0.24999999999999734,0.01158544153279952
-68.41666666666667,-0.24999999999999734,0.011220784609240052
-68.25,-0.24999999999999734,0.011180844804069803
-68.08333333333333,-0.24999999999999734,0.01409914325614701
-67.91666666666667,-0.24999999999999734,0.012179981977754604
-67.75,-0.24999999999999734,0.01511389701204963
-67.58333333333333,-0.24999999999999734,0.018446768499575564
-67.41666666666667,-0.24999999999999734,0.025973551753623668
-67.25,-0.24999999999999734,0.03233251907469003
-67.08333333333333,-0.24999999999999734,0.04722581007186513
-66.91666666666667,-0.24999999999999734,0.06254592288935129
-66.75,-0.24999999999999734,0.0612147705022154
-66.58333333333333,-0.24999999999999734,0.07827124137612737
-66.41666666666667,-0.24999999999999734,0.08013120405878724
-66.25,-0.24999999999999734,0.08776303691461046
-66.08333333333333,-0.24999999999999734,0.08586972442978066
-65.91666666666667,-0.24999999999999734,0.0767012732530411
-65.75,-0.24999999999999734,0.06438140538115925
-65.58333333333333,-0.24999999999999734,0.06191625917611054
-65.41666666666667,-0.24999999999999734,0.06085672920137818
-65.25,-0.24999999999999734,0.05415951550990731
-65.08333333333333,-0.24999999999999734,0.04755076705024169
-64.91666666666667,-0.24999999999999734,0.04663657581166724
-64.75,-0.24999999999999734,0.048480586803639376
-64.58333333333333,-0.24999999999999734,0.04911318809721263
-64.41666666666667,-0.24999999999999734,0.051053092448924815
-64.25,-0.24999999999999734,0.058071328907518954
-64.08333333333333,-0.24999999999999734,0.06394934013425019
-63.91666666666667,-0.24999999999999734,0.07076921555542341
-63.75,-0.24999999999999734,0.07766840131147046
-63.583333333333336,-0.24999999999999734,0.08266100812937646
-63.41666666666667,-0.24999999999999734,0.09032486934483781
-63.25,-0.24999999999999734,0.09278286776023602
-63.083333333333336,-0.24999999999999734,0.10066802543512697
-62.91666666666667,-0.24999999999999734,0.11056248610150074
-62.75,-0.24999999999999734,0.10307469152918006
-62.583333333333336,-0.24999999999999734,0.09733588469995406
-62.41666666666667,-0.24999999999999734,0.12823185844842755
-62.25,-0.24999999999999734,0.10208879449028962
-62.083333333333336,-0.24999999999999734,0.11166722743218177
-61.91666666666667,-0.24999999999999734,0.10131545073192301
-61.75,-0.24999999999999734,0.11755827489464472
-61.583333333333336,-0.24999999999999734,0.13377974038759916
-61.41666666666667,-0.24999999999999734,0.10852656657480905
-61.25,-0.24999999999999734,0.13057922346709855
-61.083333333333336,-0.24999999999999734,0.13913920453052797
-60.91666666666667,-0.24999999999999734,0.13747233011508245
-60.75,-0.24999999999999734,0.13528347317404132
-60.583333333333336,-0.24999999999999734,0.13717593850994092
-60.41666666666667,-0.24999999999999734,0.12665635501547448
-60.25,-0.24999999999999734,0.12299076015891229
-60.083333333333336,-0.24999999999999734,0.13817398714027831
-59.91666666666667,-0.24999999999999734,0.13828926851868284
-59.75,-0.24999999999999734,0.13300816722831718
-59.583333333333336,-0.24999999999999734,0.1261897292258919
-59.41666666666667,-0.24999999999999734,0.13675985706289878
-59.25,-0.24999999999999734,0.15313072356901905
-59.083333333333336,-0.24999999999999734,0.19556913826888486
-58.91666666666667,-0.24999999999999734,0.14173725133942794
-58.75,-0.24999999999999734,0.10237956664877426
-58.583333333333336,-0.24999999999999734,0.13523754932694254
-58.41666666666667,-0.24999999999999734,0.14129952275594665
-58.25,-0.24999999999999734,0.14666045056705435
-58.083333333333336,-0.24999999999999734,0.1814986406186377
-57.91666666666667,-0.24999999999999734,0.13028866177732035
-57.75,-0.24999999999999734,0.14470152811187176
-57.583333333333336,-0.24999999999999734,0.10393133272295577
-57.41666666666667,-0.24999999999999734,0.162661057619401
-57.25,-0.24999999999999734,0.1720555941251694
-57.083333333333336,-0.24999999999999734,0.1895717778981332
-56.91666666666667,-0.24999999999999734,0.19883489824758985
-56.75,-0.24999999999999734,0.20443792089841722
-56.583333333333336,-0.24999999999999734,0.1894341964759889
-56.41666666666667,-0.24999999999999734,0.20049096433917366
-56.25,-0.24999999999999734,0.1299222686306464
-56.083333333333336,-0.24999999999999734,0.1619163175170407
-55.91666666666667,-0.24999999999999734,0.12799629883600086
-55.75,-0.24999999999999734,0.11371318812460374
-55.583333333333336,-0.24999999999999734,0.11595039917117848
-55.41666666666667,-0.24999999999999734,0.12128775339961312
-55.25,-0.24999999999999734,0.06697666220234638
-55.083333333333336,-0.24999999999999734,0.06359370615792488
-54.91666666666667,-0.24999999999999734,0.047301853475298056
-54.75,-0.24999999999999734,0.10399242396988762
-54.583333333333336,-0.24999999999999734,0.11707779916556132
-54.41666666666667,-0.24999999999999734,0.1365520829302704
-54.25,-0.24999999999999734,0.2910096946542201
-54.083333333333336,-0.24999999999999734,0.3093272898069253
-53.91666666666667,-0.24999999999999734,0.27370855760036666
-53.75,-0.24999999999999734,0.29260606202122746
-53.583333333333336,-0.24999999999999734,0.2730516253050014
-53.41666666666667,-0.24999999999999734,0.20249746781620342
-53.25,-0.24999999999999734,0.21434925675554403
-53.083333333333336,-0.24999999999999734,0.2404407522320618
-52.91666666666667,-0.24999999999999734,0.1910267506613878
-52.75,-0.24999999999999734,0.1914321443715341
-52.583333333333336,-0.24999999999999734,0.18996178091333885
-52.41666666666667,-0.24999999999999734,0.18535930590255326
-52.25,-0.24999999999999734,0.19855698160992177
-52.083333333333336,-0.24999999999999734,0.15551415347735356
-51.91666666666667,-0.24999999999999734,0.16752318139818864
-51.75,-0.24999999999999734,0.21019136933065807
-51.583333333333336,-0.24999999999999734,0.21377378610445016
-51.41666666666667,-0.24999999999999734,0.2626620808382399
-51.25,-0.24999999999999734,0.27364185376909816
-51.083333333333336,-0.24999999999999734,0.22499272256741562
-50.91666666666667,-0.24999999999999734,0.2374074457341447
-50.75,-0.24999999999999734,0.17152734136164877
-50.583333333333336,-0.24999999999999734,0.22394305007496
-50.41666666666667,-0.24999999999999734,0.24120717075504536
-50.25,-0.24999999999999734,0.21727622861758458
-50.083333333333336,-0.24999999999999734,0.23153238104096252
-49.91666666666667,-0.24999999999999734,0.23665548654873253
-49.75,-0.24999999999999734,0.1648231998233739
-49.583333333333336,-0.24999999999999734,0.15969610870980672
-49.41666666666667,-0.24999999999999734,0.18401117271071757
-49.25,-0.24999999999999734,0.18978514570424904
-49.083333333333336,-0.24999999999999734,0.16446413904898027
-69.41666666666667,-0.4166666666666643,0.003506942968884543
-69.25,-0.4166666666666643,0.009325050538399507
-69.08333333333333,-0.4166666666666643,0.00707107850564914
-68.91666666666667,-0.4166666666666643,0.007056967821666981
-68.75,-0.4166666666666643,0.008186538225715443
-68.58333333333333,-0.4166666666666643,0.007209708581798692
-68.41666666666667,-0.4166666666666643,0.008125843245615879
-68.25,-0.4166666666666643,0.007036980877795379
-68.08333333333333,-0.4166666666666643,0.006997000318751277
-67.91666666666667,-0.4166666666666643,0.009171006204076912
-67.75,-0.4166666666666643,0.011894288435536988
-67.58333333333333,-0.4166666666666643,0.016326463224385745
-67.41666666666667,-0.4166666666666643,0.02036934503170911
-67.25,-0.4166666666666643,0.02986719191871621
-67.08333333333333,-0.4166666666666643,0.04594832341952469
-66.91666666666667,-0.4166666666666643,0.05192616083616406
-66.75,-0.4166666666666643,0.06279839927083303
-66.58333333333333,-0.4166666666666643,0.07373788110226889
-66.41666666666667,-0.4166666666666643,0.0860798600353245
-66.25,-0.4166666666666643,0.07836636355106548
-66.08333333333333,-0.4166666666666643,0.06715403767374505
-65.91666666666667,-0.4166666666666643,0.057807260464342446
-65.75,-0.4166666666666643,0.05488462916786629
-65.58333333333333,-0.4166666666666643,0.0514576731269804
-65.41666666666667,-0.4166666666666643,0.05699810533695075
-65.25,-0.4166666666666643,0.05877628723464808
-65.08333333333333,-0.4166666666666643,0.05603443645420097
-64.91666666666667,-0.4166666666666643,0.05012423499221019
-64.75,-0.4166666666666643,0.046857297382020546
-64.58333333333333,-0.4166666666666643,0.05149082144698022
-64.41666666666667,-0.4166666666666643,0.04658935106661069
-64.25,-0.4166666666666643,0.04643191617807001
-64.08333333333333,-0.4166666666666643,0.06466417633668936
-63.91666666666667,-0.4166666666666643,0.05160266577321251
-63.75,-0.4166666666666643,0.057240228973274264
-63.583333333333336,-0.4166666666666643,0.06060944973762597
-63.41666666666667,-0.4166666666666643,0.070175299047445
-63.25,-0.4166666666666643,0.07944473345243214
-63.083333333333336,-0.4166666666666643,0.08739318325192613
-62.91666666666667,-0.4166666666666643,0.10619463748825227
-62.75,-0.4166666666666643,0.11192111471011791
-62.583333333333336,-0.4166666666666643,0.11229709692396023
-62.41666666666667,-0.4166666666666643,0.11352796386512806
-62.25,-0.4166666666666643,0.09724893748690622
-62.083333333333336,-0.4166666666666643,0.1084200829446056
-61.91666666666667,-0.4166666666666643,0.09012646033144026
-61.75,-0.4166666666666643,0.11830106766628494
-61.583333333333336,-0.4166666666666643,0.10449558375984028
-61.41666666666667,-0.4166666666666643,0.10078267184381882
-61.25,-0.4166666666666643,0.11845276930931753
-61.083333333333336,-0.4166666666666643,0.12783167899871256
-60.91666666666667,-0.4166666666666643,0.1221883230436724
-60.75,-0.4166666666666643,0.12399523001616888
-60.583333333333336,-0.4166666666666643,0.12496365903829747
-60.41666666666667,-0.4166666666666643,0.13130876378261927
-60.25,-0.4166666666666643,0.1294929374439502
-60.083333333333336,-0.4166666666666643,0.14084603493789366
-59.91666666666667,-0.4166666666666643,0.13403079939279927
-59.75,-0.4166666666666643,0.09562656519181667
-59.583333333333336,-0.4166666666666643,0.13169463487682542
-59.41666666666667,-0.4166666666666643,0.11857850416878682
-59.25,-0.4166666666666643,0.15757031457133022
-59.083333333333336,-0.4166666666666643,0.19124971126957427
-58.91666666666667,-0.4166666666666643,0.122656824009931
-58.75,-0.4166666666666643,0.14345698421931244
-58.583333333333336,-0.4166666666666643,0.17438689777079305
-58.41666666666667,-0.4166666666666643,0.15280970870217156
-58.25,-0.4166666666666643,0.16638901934953793
-58.083333333333336,-0.4166666666666643,0.19504689286285154
-57.91666666666667,-0.4166666666666643,0.20206350619256272
-57.75,-0.4166666666666643,0.15810596717783518
-57.583333333333336,-0.4166666666666643,0.21349789006383757
-57.41666666666667,-0.4166666666666643,0.20837047327036126
-57.25,-0.4166666666666643,0.17821103071697464
-57.083333333333336,-0.4166666666666643,0.19170441281542253
-56.91666666666667,-0.4166666666666643,0.20207278008405719
-56.75,-0.4166666666666643,0.1997028611819461
-56.583333333333336,-0.4166666666666643,0.19207790612655815
-56.41666666666667,-0.4166666666666643,0.18722813121950585
-56.25,-0.4166666666666643,0.16490216305622513
-56.083333333333336,-0.4166666666666643,0.17189560265181777
-55.91666666666667,-0.4166666666666643,0.1252653210331749
-55.75,-0.4166666666666643,0.08412610406267673
-55.583333333333336,-0.4166666666666643,0.10763554070519987
-55.41666666666667,-0.4166666666666643,0.11957742619205405
-55.25,-0.4166666666666643,0.07440541063689615
-55.083333333333336,-0.4166666666666643,0.06445892576918172
-54.91666666666667,-0.4166666666666643,0.0376033567104292
-54.75,-0.4166666666666643,0.10052205376956135
-54.583333333333336,-0.4166666666666643,0.10914382959934599
-54.41666666666667,-0.4166666666666643,0.11086160686514573
-54.25,-0.4166666666666643,0.2020818786830281
-54.083333333333336,-0.4166666666666643,0.29737697705828514
-53.91666666666667,-0.4166666666666643,0.30596005942276505
-53.75,-0.4166666666666643,0.30409295654651647
-53.583333333333336,-0.4166666666666643,0.2542153507589827
-53.41666666666667,-0.4166666666666643,0.24153786242558006
-53.25,-0.4166666666666643,0.21583194150761398
-53.083333333333336,-0.4166666666666643,0.22667063809286284
-52.91666666666667,-0.4166666666666643,0.23920975798435018
-52.75,-0.4166666666666643,0.1952167181773395
-52.583333333333336,-0.4166666666666643,0.2353269042846036
-52.41666666666667,-0.4166666666666643,0.20493994630222195
-52.25,-0.4166666666666643,0.169788866753715
-52.083333333333336,-0.4166666666666643,0.19374889046831445
-51.91666666666667,-0.4166666666666643,0.21635498004685955
-51.75,-0.4166666666666643,0.23246564025879146
-51.583333333333336,-0.4166666666666643,0.2263427345441208
-51.41666666666667,-0.4166666666666643,0.20802815789227372
-51.25,-0.4166666666666643,0.21638311412159988
-51.083333333333336,-0.4166666666666643,0.25490846747725265
-50.91666666666667,-0.4166666666666643,0.25221623978140273
-50.75,-0.4166666666666643,0.1869812379542756
-50.583333333333336,-0.4166666666666643,0.24985616412735698
-50.41666666666667,-0.4166666666666643,0.23547054209495066
-50.25,-0.4166666666666643,0.24446014928256132
-50.083333333333336,-0.4166666666666643,0.25716561183729103
-49.91666666666667,-0.4166666666666643,0.2654892481555615
-49.75,-0.4166666666666643,0.21188849156286016
-49.583333333333336,-0.4166666666666643,0.2061149296064957
-49.41666666666667,-0.4166666666666643,0.18168967692219146
-49.25,-0.4166666666666643,0.18833095518180423
-49.083333333333336,-0.4166666666666643,0.1762939018198201
-48.91666666666667,-0.4166666666666643,0.15689651930275136
-48.75,-0.4166666666666643,0.14491755991922098
-48.583333333333336,-0.4166666666666643,0.13577406505579076
-69.41666666666667,-0.5833333333333304,0.008986388190134875
-69.25,-0.5833333333333304,0.007747920732886095
-69.08333333333333,-0.5833333333333304,0.006387015917774481
-68.91666666666667,-0.5833333333333304,0.006141362029461046
-68.75,-0.5833333333333304,0.006390420202046344
-68.58333333333333,-0.5833333333333304,0.006230134525089408
-68.41666666666667,-0.5833333333333304,0.007296530072371605
-68.25,-0.5833333333333304,0.007192052160734594
-68.08333333333333,-0.5833333333333304,0.00712646610342524
-67.91666666666667,-0.5833333333333304,0.009351281947143287
-67.75,-0.5833333333333304,0.01131461769127966
-67.58333333333333,-0.5833333333333304,0.015449748290793312
-67.41666666666667,-0.5833333333333304,0.022510354374252296
-67.25,-0.5833333333333304,0.03271286040965838
-67.08333333333333,-0.5833333333333304,0.045700430188740454
-66.91666666666667,-0.5833333333333304,0.055276472812678064
-66.75,-0.5833333333333304,0.06416764674975123
-66.58333333333333,-0.5833333333333304,0.06986976500874073
-66.41666666666667,-0.5833333333333304,0.07284664635064737
-66.25,-0.5833333333333304,0.0720534736171879
-66.08333333333333,-0.5833333333333304,0.060881758305005314
-65.91666666666667,-0.5833333333333304,0.05542008827717527
-65.75,-0.5833333333333304,0.05926288954515287
-65.58333333333333,-0.5833333333333304,0.056429207790680724
-65.41666666666667,-0.5833333333333304,0.05416631163130617
-65.25,-0.5833333333333304,0.047052183573551946
-65.08333333333333,-0.5833333333333304,0.04189395413442738
-64.91666666666667,-0.5833333333333304,0.03948045675970261
-64.75,-0.5833333333333304,0.049223126141047804
-64.58333333333333,-0.5833333333333304,0.03621066912420354
-64.41666666666667,-0.5833333333333304,0.03521154300479633
-64.25,-0.5833333333333304,0.03586237915507831
-64.08333333333333,-0.5833333333333304,0.037968408839052184
-63.91666666666667,-0.5833333333333304,0.042133016405821004
-63.75,-0.5833333333333304,0.04794522271262649
-63.583333333333336,-0.5833333333333304,0.05945341221643111
-63.41666666666667,-0.5833333333333304,0.0780818529807205
-63.25,-0.5833333333333304,0.06968942561817529
-63.083333333333336,-0.5833333333333304,0.07550624689775
-62.91666666666667,-0.5833333333333304,0.09166595585469169
-62.75,-0.5833333333333304,0.10054030573921383
-62.583333333333336,-0.5833333333333304,0.11199870428593219
-62.41666666666667,-0.5833333333333304,0.1090857487840404
-62.25,-0.5833333333333304,0.10505072259011569
-62.083333333333336,-0.5833333333333304,0.10171016439710938
-61.91666666666667,-0.5833333333333304,0.07785554558697928
-61.75,-0.5833333333333304,0.1026420354830713
-61.583333333333336,-0.5833333333333304,0.08750631817776643
-61.41666666666667,-0.5833333333333304,0.08815636768492054
-61.25,-0.5833333333333304,0.1154526270970357
-61.083333333333336,-0.5833333333333304,0.11228181976272465
-60.91666666666667,-0.5833333333333304,0.11036843260515232
-60.75,-0.5833333333333304,0.11360838889523214
-60.583333333333336,-0.5833333333333304,0.1103785981226847
-60.41666666666667,-0.5833333333333304,0.12049397027880546
-60.25,-0.5833333333333304,0.1201268410397408
-60.083333333333336,-0.5833333333333304,0.10477664250845604
-59.91666666666667,-0.5833333333333304,0.07791997245214889
-59.75,-0.5833333333333304,0.11966030896434796
-59.583333333333336,-0.5833333333333304,0.14133754922354322
-59.41666666666667,-0.5833333333333304,0.12613391465877516
-59.25,-0.5833333333333304,0.16378439632039685
-59.083333333333336,-0.5833333333333304,0.1838154056514462
-58.91666666666667,-0.5833333333333304,0.15581596654522567
-58.75,-0.5833333333333304,0.1799114824975737
-58.583333333333336,-0.5833333333333304,0.20050124376097048
-58.41666666666667,-0.5833333333333304,0.18876608575625053
-58.25,-0.5833333333333304,0.17538557803502014
-58.083333333333336,-0.5833333333333304,0.20511547677095343
-57.91666666666667,-0.5833333333333304,0.21883426951368842
-57.75,-0.5833333333333304,0.2153488565426078
-57.583333333333336,-0.5833333333333304,0.2095332430487618
-57.41666666666667,-0.5833333333333304,0.2079325489580228
-57.25,-0.5833333333333304,0.1875861718247668
-57.083333333333336,-0.5833333333333304,0.18658766980961256
-56.91666666666667,-0.5833333333333304,0.19625712722961133
-56.75,-0.5833333333333304,0.2026796481568877
-56.583333333333336,-0.5833333333333304,0.18457995738813732
-56.41666666666667,-0.5833333333333304,0.18089198767654488
-56.25,-0.5833333333333304,0.18979965068136592
-56.083333333333336,-0.5833333333333304,0.1510794860764978
-55.91666666666667,-0.5833333333333304,0.14367605663207578
-55.75,-0.5833333333333304,0.10381225248580361
-55.583333333333336,-0.5833333333333304,0.10533297221337361
-55.41666666666667,-0.5833333333333304,0.1305204849460839
-55.25,-0.5833333333333304,0.10320868215470927
-55.083333333333336,-0.5833333333333304,0.07491434775619693
-54.91666666666667,-0.5833333333333304,0.039393815795858926
-54.75,-0.5833333333333304,0.06959265816472872
-54.583333333333336,-0.5833333333333304,0.12107133677201756
-54.41666666666667,-0.5833333333333304,0.09347318043004008
-54.25,-0.5833333333333304,0.09012477163814454
-54.083333333333336,-0.5833333333333304,0.16587944111468456
-53.91666666666667,-0.5833333333333304,0.28668748719012255
-53.75,-0.5833333333333304,0.27072240441729056
-53.583333333333336,-0.5833333333333304,0.24718134460418012
-53.41666666666667,-0.5833333333333304,0.2136004256169597
-53.25,-0.5833333333333304,0.2374495783424676
-53.083333333333336,-0.5833333333333304,0.1628300929695445
-52.91666666666667,-0.5833333333333304,0.16447429022618096
-52.75,-0.5833333333333304,0.2282299381619176
-52.583333333333336,-0.5833333333333304,0.164557416023033
-52.41666666666667,-0.5833333333333304,0.17295587877298707
-52.25,-0.5833333333333304,0.18957423948686042
-52.083333333333336,-0.5833333333333304,0.2263252157669963
-51.91666666666667,-0.5833333333333304,0.311494959933831
-51.75,-0.5833333333333304,0.2803549862425985
-51.583333333333336,-0.5833333333333304,0.2547440942955597
-51.41666666666667,-0.5833333333333304,0.24958768378339197
-51.25,-0.5833333333333304,0.2926574967104206
-51.083333333333336,-0.5833333333333304,0.2535263777980451
-50.91666666666667,-0.5833333333333304,0.2645743680149647
-50.75,-0.5833333333333304,0.20885195331699058
-50.583333333333336,-0.5833333333333304,0.25543105801657695
-50.41666666666667,-0.5833333333333304,0.24078751164963713
-50.25,-0.5833333333333304,0.24770026450859758
-50.083333333333336,-0.5833333333333304,0.2755151293371422
-49.91666666666667,-0.5833333333333304,0.2881261591687409
-49.75,-0.5833333333333304,0.28173580985435676
-49.583333333333336,-0.5833333333333304,0.2376934936283197
-49.41666666666667,-0.5833333333333304,0.19454638959209514
-49.25,-0.5833333333333304,0.18059925766109897
-49.083333333333336,-0.5833333333333304,0.19507571886653088
-48.91666666666667,-0.5833333333333304,0.17508785140688457
-48.75,-0.5833333333333304,0.16287558669906624
-48.583333333333336,-0.5833333333333304,0.14400800624457635
-69.41666666666667,-0.7499999999999973,0.011404465101580667
-69.25,-0.7499999999999973,0.008322297376372887
-69.08333333333333,-0.7499999999999973,0.007156197806442767
-68.91666666666667,-0.7499999999999973,0.006064308824886877
-68.75,-0.7499999999999973,0.005813817159153349
-68.58333333333333,-0.7499999999999973,0.006717498108858989
-68.41666666666667,-0.7499999999999973,0.0072255830144368
-68.25,-0.7499999999999973,0.006666196093527546
-68.08333333333333,-0.7499999999999973,0.008052900431144108
-67.91666666666667,-0.7499999999999973,0.009111444246535186
-67.75,-0.7499999999999973,0.011435556304961894
-67.58333333333333,-0.7499999999999973,0.01648953946093078
-67.41666666666667,-0.7499999999999973,0.02191777268263066
-67.25,-0.7499999999999973,0.029608354373567184
-67.08333333333333,-0.7499999999999973,0.03877918517359056
-66.91666666666667,-0.7499999999999973,0.05703849106285611
-66.75,-0.7499999999999973,0.05650283109612424
-66.58333333333333,-0.7499999999999973,0.05941045032748373
-66.41666666666667,-0.7499999999999973,0.0706265142067469
-66.25,-0.7499999999999973,0.06422671792021879
-66.08333333333333,-0.7499999999999973,0.058477090767375096
-65.91666666666667,-0.7499999999999973,0.05578692541415255
-65.75,-0.7499999999999973,0.058613723215035045
-65.58333333333333,-0.7499999999999973,0.05718797505989299
-65.41666666666667,-0.7499999999999973,0.0498479360964145
-65.25,-0.7499999999999973,0.04732307133532098
-65.08333333333333,-0.7499999999999973,0.04293044843642037
-64.91666666666667,-0.7499999999999973,0.03994431148166867
-64.75,-0.7499999999999973,0.049303736820125094
-64.58333333333333,-0.7499999999999973,0.04363951956880933
-64.41666666666667,-0.7499999999999973,0.03193900170145145
-64.25,-0.7499999999999973,0.032750653153059375
-64.08333333333333,-0.7499999999999973,0.037281121353471613
-63.91666666666667,-0.7499999999999973,0.04336143087675648
-63.75,-0.7499999999999973,0.049932391230672175
-63.583333333333336,-0.7499999999999973,0.05651703411824042
-63.41666666666667,-0.7499999999999973,0.07357277909172244
-63.25,-0.7499999999999973,0.07901515258127292
-63.083333333333336,-0.7499999999999973,0.073947177605267575
-62.91666666666667,-0.7499999999999973,0.06896147404722122
-62.75,-0.7499999999999973,0.08187287908912584
-62.583333333333336,-0.7499999999999973,0.0914690625489804
-62.41666666666667,-0.7499999999999973,0.10126062359471893
-62.25,-0.7499999999999973,0.10522629322550299
-62.083333333333336,-0.7499999999999973,0.07478074207634293
-61.91666666666667,-0.7499999999999973,0.07336158258713796
-61.75,-0.7499999999999973,0.08806621564651432
-61.583333333333336,-0.7499999999999973,0.07453051552298141
-61.41666666666667,-0.7499999999999973,0.09405832734519799
-61.25,-0.7499999999999973,0.09677516782196233
-61.083333333333336,-0.7499999999999973,0.09398276443087844
-60.91666666666667,-0.7499999999999973,0.07696691579728024
-60.75,-0.7499999999999973,0.11115492778273604
-60.583333333333336,-0.7499999999999973,0.10749941754564828
-60.41666666666667,-0.7499999999999973,0.12412311851747249
-60.25,-0.7499999999999973,0.1495576854474341
-60.083333333333336,-0.7499999999999973,0.11571399715152014
-59.91666666666667,-0.7499999999999973,0.10420641848883974
-59.75,-0.7499999999999973,0.13997472756704343
-59.583333333333336,-0.7499999999999973,0.13936757645541042
-59.41666666666667,-0.7499999999999973,0.14307644635440472
-59.25,-0.7499999999999973,0.17740548760813807
-59.083333333333336,-0.7499999999999973,0.21027646963529106
-58.91666666666667,-0.7499999999999973,0.18877032024464285
-58.75,-0.7499999999999973,0.16686172491241746
-58.583333333333336,-0.7499999999999973,0.20732466724021134
-58.41666666666667,-0.7499999999999973,0.2250465232645638
-58.25,-0.7499999999999973,0.19676639024916567
-58.083333333333336,-0.7499999999999973,0.1618761472887632
-57.91666666666667,-0.7499999999999973,0.19410776379990718
-57.75,-0.7499999999999973,0.20438329407543743
-57.583333333333336,-0.7499999999999973,0.19530140877557728
-57.41666666666667,-0.7499999999999973,0.23586533771038048
-57.25,-0.7499999999999973,0.20276343949120906
-57.083333333333336,-0.7499999999999973,0.2030488788910705
-56.91666666666667,-0.7499999999999973,0.22704339759960232
-56.75,-0.7499999999999973,0.21438133166625042
-56.583333333333336,-0.7499999999999973,0.17824330698552976
-56.41666666666667,-0.7499999999999973,0.1868997082114222
-56.25,-0.7499999999999973,0.17420187973467474
-56.083333333333336,-0.7499999999999973,0.17547903539489457
-55.91666666666667,-0.7499999999999973,0.14823258228985445
-55.75,-0.7499999999999973,0.1066401954511475
-55.583333333333336,-0.7499999999999973,0.09200407779718245
-55.41666666666667,-0.7499999999999973,0.1195318650521668
-55.25,-0.7499999999999973,0.12960274633216706
-55.083333333333336,-0.7499999999999973,0.08154748402487634
-54.91666666666667,-0.7499999999999973,0.07505131409632282
-54.75,-0.7499999999999973,0.0800691772077583
-54.583333333333336,-0.7499999999999973,0.1365372571411719
-54.41666666666667,-0.7499999999999973,0.16438298228078918
-54.25,-0.7499999999999973,0.17317070705746498
-54.083333333333336,-0.7499999999999973,0.09899810009438471
-53.91666666666667,-0.7499999999999973,0.2624682850400706
-53.75,-0.7499999999999973,0.25642422984648083
-53.583333333333336,-0.7499999999999973,0.21595799332478446
-53.41666666666667,-0.7499999999999973,0.21520610138438226
-53.25,-0.7499999999999973,0.18303181486096493
-53.083333333333336,-0.7499999999999973,0.23697742194436663
-52.91666666666667,-0.7499999999999973,0.2641584366719675
-52.75,-0.7499999999999973,0.1734644805649066
-52.583333333333336,-0.7499999999999973,0.18487276004736614
-52.41666666666667,-0.7499999999999973,0.21039148849100328
-52.25,-0.7499999999999973,0.22951629491956826
-52.083333333333336,-0.7499999999999973,0.2937778483961866
-51.91666666666667,-0.7499999999999973,0.32227053280406515
-51.75,-0.7499999999999973,0.24617835593299117
-51.583333333333336,-0.7499999999999973,0.30552997962353223
-51.41666666666667,-0.7499999999999973,0.3077886995686837
-51.25,-0.7499999999999973,0.2796085531179309
-51.083333333333336,-0.7499999999999973,0.3055988472419084
-50.91666666666667,-0.7499999999999973,0.2574952303047717
-50.75,-0.7499999999999973,0.26834293420380445
-50.583333333333336,-0.7499999999999973,0.2580732697673289
-50.41666666666667,-0.7499999999999973,0.2404663658288217
-50.25,-0.7499999999999973,0.28273319826448595
-50.083333333333336,-0.7499999999999973,0.2906599484308971
-49.91666666666667,-0.7499999999999973,0.3053598513256892
-49.75,-0.7499999999999973,0.29947181611967566
-49.583333333333336,-0.7499999999999973,0.27753579740388923
-49.41666666666667,-0.7499999999999973,0.22129339831922168
-49.25,-0.7499999999999973,0.19120711110593777
-49.083333333333336,-0.7499999999999973,0.1680708860809999
-48.91666666666667,-0.7499999999999973,0.16352489902266407
-48.75,-0.7499999999999973,0.1528013687149244
-48.583333333333336,-0.7499999999999973,0.14312437029075237
-48.41666666666667,-0.7499999999999973,0.11201946417633292
-48.25,-0.7499999999999973,0.1222769440633898
-48.083333333333336,-0.7499999999999973,0.17035546986112524
-47.91666666666667,-0.7499999999999973,0.3015467539014998
-47.75,-0.7499999999999973,0.23335473027807174
-47.583333333333336,-0.7499999999999973,0.19337257884731948
-47.41666666666667,-0.7499999999999973,0.17947823398990703
-69.25,-0.9166666666666643,0.008718640456623095
-69.08333333333333,-0.9166666666666643,0.006455937079057286
-68.91666666666667,-0.9166666666666643,0.006511173870828022
-68.75,-0.9166666666666643,0.005899564990842669
-68.58333333333333,-0.9166666666666643,0.0058272786649272105
-68.41666666666667,-0.9166666666666643,0.007020006721827465
-68.25,-0.9166666666666643,0.007510567153356595
-68.08333333333333,-0.9166666666666643,0.00772204194544606
-67.91666666666667,-0.9166666666666643,0.008965102207847027
-67.75,-0.9166666666666643,0.011807534972618586
-67.58333333333333,-0.9166666666666643,0.013861358705167975
-67.41666666666667,-0.9166666666666643,0.01684520025284397
-67.25,-0.9166666666666643,0.023192212215708385
-67.08333333333333,-0.9166666666666643,0.036485509607809725
-66.91666666666667,-0.9166666666666643,0.04320427132255709
-66.75,-0.9166666666666643,0.04570031529872587
-66.58333333333333,-0.9166666666666643,0.0517217077449485
-66.41666666666667,-0.9166666666666643,0.05846510956001741
-66.25,-0.9166666666666643,0.05496604110270902
-66.08333333333333,-0.9166666666666643,0.060304565478866486
-65.91666666666667,-0.9166666666666643,0.06315454990275447
-65.75,-0.9166666666666643,0.0557156879599829
-65.58333333333333,-0.9166666666666643,0.045242132191145534
-65.41666666666667,-0.9166666666666643,0.05665784210855731
-65.25,-0.9166666666666643,0.0541457561420131
-65.08333333333333,-0.9166666666666643,0.03688078879717903
-64.91666666666667,-0.9166666666666643,0.03576118365602717
-64.75,-0.9166666666666643,0.03692629007322864
-64.58333333333333,-0.9166666666666643,0.0313784041818299
-64.41666666666667,-0.9166666666666643,0.032330056502155896
-64.25,-0.9166666666666643,0.03395579558882476
-64.08333333333333,-0.9166666666666643,0.03767555721085538
-63.91666666666667,-0.9166666666666643,0.04343887427354135
-63.75,-0.9166666666666643,0.054510872031103066
-63.583333333333336,-0.9166666666666643,0.0604584946547723
-63.41666666666667,-0.9166666666666643,0.0707631584832033
-63.25,-0.9166666666666643,0.07502037527787928
-63.083333333333336,-0.9166666666666643,0.0846198783670442
-62.91666666666667,-0.9166666666666643,0.08300051964457
-62.75,-0.9166666666666643,0.07242179086898647
-62.583333333333336,-0.9166666666666643,0.06986686853032689
-62.41666666666667,-0.9166666666666643,0.06356350179219328
-62.25,-0.9166666666666643,0.07109260067876702
-62.083333333333336,-0.9166666666666643,0.07511674637656267
-61.91666666666667,-0.9166666666666643,0.07773850242044693
-61.75,-0.9166666666666643,0.07329960794899426
-61.583333333333336,-0.9166666666666643,0.07210054435482222
-61.41666666666667,-0.9166666666666643,0.07379424711196007
-61.25,-0.9166666666666643,0.08064522427474356
-61.083333333333336,-0.9166666666666643,0.09083602010327592
-60.91666666666667,-0.9166666666666643,0.10262814075268503
-60.75,-0.9166666666666643,0.11102268544848859
-60.583333333333336,-0.9166666666666643,0.09113025849240519
-60.41666666666667,-0.9166666666666643,0.12244331245245704
-60.25,-0.9166666666666643,0.14516157114388067
-60.083333333333336,-0.9166666666666643,0.12332304518756046
-59.91666666666667,-0.9166666666666643,0.12071907629058312
-59.75,-0.9166666666666643,0.13182055922495356
-59.583333333333336,-0.9166666666666643,0.15734838546805754
-59.41666666666667,-0.9166666666666643,0.17308985579670885
-59.25,-0.9166666666666643,0.157365812873776
-59.083333333333336,-0.9166666666666643,0.17171208117996642
-58.91666666666667,-0.9166666666666643,0.21213719822189278
-58.75,-0.9166666666666643,0.18905118278540228
-58.583333333333336,-0.9166666666666643,0.1925665971706554
-58.41666666666667,-0.9166666666666643,0.25333767074704017
-58.25,-0.9166666666666643,0.2240141076840937
-58.083333333333336,-0.9166666666666643,0.22630603387817852
-57.91666666666667,-0.9166666666666643,0.17747261159251776
-57.75,-0.9166666666666643,0.1781842335954459
-57.583333333333336,-0.9166666666666643,0.20903861076169294
-57.41666666666667,-0.9166666666666643,0.19482596226976626
-57.25,-0.9166666666666643,0.211450884393146
-57.083333333333336,-0.9166666666666643,0.2469630331330071
-56.91666666666667,-0.9166666666666643,0.21489120605281242
-56.75,-0.9166666666666643,0.18438080751762248
-56.583333333333336,-0.9166666666666643,0.18299224949442935
-56.41666666666667,-0.9166666666666643,0.16691125584120223
-56.25,-0.9166666666666643,0.1695339273592856
-56.083333333333336,-0.9166666666666643,0.2057652568748359
-55.91666666666667,-0.9166666666666643,0.1890621447150232
-55.75,-0.9166666666666643,0.12440540698234802
-55.583333333333336,-0.9166666666666643,0.08480243936299298
-55.41666666666667,-0.9166666666666643,0.11132782131084355
-55.25,-0.9166666666666643,0.1406956377701259
-55.083333333333336,-0.9166666666666643,0.16074521548384416
-54.91666666666667,-0.9166666666666643,0.13511816924246686
-54.75,-0.9166666666666643,0.0926513349487479
-54.583333333333336,-0.9166666666666643,0.10772181751920465
-54.41666666666667,-0.9166666666666643,0.1906530290993953
-54.25,-0.9166666666666643,0.1687344201722746
-54.083333333333336,-0.9166666666666643,0.1300593385128369
-53.91666666666667,-0.9166666666666643,0.14949810070830882
-53.75,-0.9166666666666643,0.15965141490808446
-53.583333333333336,-0.9166666666666643,0.14827780173694413
-53.41666666666667,-0.9166666666666643,0.15427419083078178
-53.25,-0.9166666666666643,0.19933089320942626
-53.083333333333336,-0.9166666666666643,0.19784385898280213
-52.91666666666667,-0.9166666666666643,0.20543576696833954
-52.75,-0.9166666666666643,0.24294839934895576
-52.583333333333336,-0.9166666666666643,0.23011055594638555
-52.41666666666667,-0.9166666666666643,0.2376138557314532
-52.25,-0.9166666666666643,0.23835094516753508
-52.083333333333336,-0.9166666666666643,0.30840810946006997
-51.91666666666667,-0.9166666666666643,0.3162373799388971
-51.75,-0.9166666666666643,0.23982076858491644
-51.583333333333336,-0.9166666666666643,0.31961270378685924
-51.41666666666667,-0.9166666666666643,0.2947215926509719
-51.25,-0.9166666666666643,0.29844103795532356
-51.083333333333336,-0.9166666666666643,0.311496424069635
-50.91666666666667,-0.9166666666666643,0.27095718229584415
-50.75,-0.9166666666666643,0.28237432090851705
-50.583333333333336,-0.9166666666666643,0.2998062628108054
-50.41666666666667,-0.9166666666666643,0.25956090745616195
-50.25,-0.9166666666666643,0.2818223671022726
-50.083333333333336,-0.9166666666666643,0.28271469433170676
-49.91666666666667,-0.9166666666666643,0.296486584363786
-49.75,-0.9166666666666643,0.3013034779078959
-49.583333333333336,-0.9166666666666643,0.28834508398743225
-49.41666666666667,-0.9166666666666643,0.23862017234072638
-49.25,-0.9166666666666643,0.17557504928957005
-49.083333333333336,-0.9166666666666643,0.1432237096731749
-48.91666666666667,-0.9166666666666643,0.14007361778765393
-48.75,-0.9166666666666643,0.15449508000206721
-48.583333333333336,-0.9166666666666643,0.14623357006361365
-48.41666666666667,-0.9166666666666643,0.16563552147207738
-48.25,-0.9166666666666643,0.22522158686838512
-48.083333333333336,-0.9166666666666643,0.3127473299439136
-47.91666666666667,-0.9166666666666643,0.2863717733838799
-47.75,-0.9166666666666643,0.22495308701848202
-47.583333333333336,-0.9166666666666643,0.17952050820140905
-47.41666666666667,-0.9166666666666643,0.14989303711458146
-47.25,-0.9166666666666643,0.13726718094879117
-47.083333333333336,-0.9166666666666643,0.12121067988780024
-46.91666666666667,-0.9166666666666643,0.07331115037644441
-46.75,-0.9166666666666643,0.0619027530518943
-69.25,-1.0833333333333304,0.009419100983420981
-69.08333333333333,-1.0833333333333304,0.006568844360465228
-68.91666666666667,-1.0833333333333304,0.006036963355396499
-68.75,-1.0833333333333304,0.005999998101543198
-68.58333333333333,-1.0833333333333304,0.006889459777089097
-68.41666666666667,-1.0833333333333304,0.007269720622053476
-68.25,-1.0833333333333304,0.007472057277234549
-68.08333333333333,-1.0833333333333304,0.007367653074842326
-67.91666666666667,-1.0833333333333304,0.008524302904155222
-67.75,-1.0833333333333304,0.009048021194078115
-67.58333333333333,-1.0833333333333304,0.011235690052633814
-67.41666666666667,-1.0833333333333304,0.013500728477996039
-67.25,-1.0833333333333304,0.017182440429839275
-67.08333333333333,-1.0833333333333304,0.027357936639501576
-66.91666666666667,-1.0833333333333304,0.029523046247523842
-66.75,-1.0833333333333304,0.03455488612967398
-66.58333333333333,-1.0833333333333304,0.04033088057717507
-66.41666666666667,-1.0833333333333304,0.043344600358595234
-66.25,-1.0833333333333304,0.052815668555496596
-66.08333333333333,-1.0833333333333304,0.05387527836381996
-65.91666666666667,-1.0833333333333304,0.04756403678481486
-65.75,-1.0833333333333304,0.06160225518409799
-65.58333333333333,-1.0833333333333304,0.059008098418027434
-65.41666666666667,-1.0833333333333304,0.039292332997804415
-65.25,-1.0833333333333304,0.03648655919548577
-65.08333333333333,-1.0833333333333304,0.03729581162867899
-64.91666666666667,-1.0833333333333304,0.031159009674252544
-64.75,-1.0833333333333304,0.03415663138264185
-64.58333333333333,-1.0833333333333304,0.028907851830988252
-64.41666666666667,-1.0833333333333304,0.029143634007142958
-64.25,-1.0833333333333304,0.031072017989054065
-64.08333333333333,-1.0833333333333304,0.034342233905444115
-63.91666666666667,-1.0833333333333304,0.037748592467926986
-63.75,-1.0833333333333304,0.049677914447217815
-63.583333333333336,-1.0833333333333304,0.05956973855044266
-63.41666666666667,-1.0833333333333304,0.06692839603990293
-63.25,-1.0833333333333304,0.07151055813384943
-63.083333333333336,-1.0833333333333304,0.07777257481976588
-62.91666666666667,-1.0833333333333304,0.08433405891792037
-62.75,-1.0833333333333304,0.08003895738637916
-62.583333333333336,-1.0833333333333304,0.06564235793874332
-62.41666666666667,-1.0833333333333304,0.06212085882311117
-62.25,-1.0833333333333304,0.06939408386391106
-62.083333333333336,-1.0833333333333304,0.11781619838983978
-61.91666666666667,-1.0833333333333304,0.0696345369717499
-61.75,-1.0833333333333304,0.06319024419021464
-61.583333333333336,-1.0833333333333304,0.06449929531101542
-61.41666666666667,-1.0833333333333304,0.0685631821711456
-61.25,-1.0833333333333304,0.0868255094390234
-61.083333333333336,-1.0833333333333304,0.09979351593507689
-60.91666666666667,-1.0833333333333304,0.09670182036404748
-60.75,-1.0833333333333304,0.07867574627979777
-60.583333333333336,-1.0833333333333304,0.1007299557310888
-60.41666666666667,-1.0833333333333304,0.1340000213728421
-60.25,-1.0833333333333304,0.14498191383919834
-60.083333333333336,-1.0833333333333304,0.14721428585618862
-59.91666666666667,-1.0833333333333304,0.1404891546310718
-59.75,-1.0833333333333304,0.16990998149202824
-59.583333333333336,-1.0833333333333304,0.17781837095295924
-59.41666666666667,-1.0833333333333304,0.18264513285785672
-59.25,-1.0833333333333304,0.18746199099135494
-59.083333333333336,-1.0833333333333304,0.16463237621635457
-58.91666666666667,-1.0833333333333304,0.20347014533900493
-58.75,-1.0833333333333304,0.22700104672381738
-58.583333333333336,-1.0833333333333304,0.24351395278310112
-58.41666666666667,-1.0833333333333304,0.227438611916528
-58.25,-1.0833333333333304,0.20410818184185422
-58.083333333333336,-1.0833333333333304,0.24382064542288479
-57.91666666666667,-1.0833333333333304,0.22222439391419407
-57.75,-1.0833333333333304,0.20553849612895686
-57.583333333333336,-1.0833333333333304,0.20164061537043898
-57.41666666666667,-1.0833333333333304,0.19542125807858507
-57.25,-1.0833333333333304,0.2322952206295898
-57.083333333333336,-1.0833333333333304,0.2727454222852476
-56.91666666666667,-1.0833333333333304,0.21037889485802203
-56.75,-1.0833333333333304,0.19632656827021006
-56.583333333333336,-1.0833333333333304,0.1912555549208697
-56.41666666666667,-1.0833333333333304,0.1975783970350821
-56.25,-1.0833333333333304,0.18434193880476926
-56.083333333333336,-1.0833333333333304,0.184612546425315
-55.91666666666667,-1.0833333333333304,0.2047207057778356
-55.75,-1.0833333333333304,0.21119559369621596
-55.583333333333336,-1.0833333333333304,0.14068174864961358
-55.41666666666667,-1.0833333333333304,0.15715293854829063
-55.25,-1.0833333333333304,0.16009157379316416
-55.083333333333336,-1.0833333333333304,0.1564154882239896
-54.91666666666667,-1.0833333333333304,0.14952612043842028
-54.75,-1.0833333333333304,0.09807825946738684
-54.583333333333336,-1.0833333333333304,0.1629855164823683
-54.41666666666667,-1.0833333333333304,0.19002598339053844
-54.25,-1.0833333333333304,0.16730240067492014
-54.083333333333336,-1.0833333333333304,0.15630846581334087
-53.91666666666667,-1.0833333333333304,0.1733727290273235
-53.75,-1.0833333333333304,0.15987926525747725
-53.583333333333336,-1.0833333333333304,0.20970869461917194
-53.41666666666667,-1.0833333333333304,0.24281932906970982
-53.25,-1.0833333333333304,0.17698478967467857
-53.083333333333336,-1.0833333333333304,0.19618176239847324
-52.91666666666667,-1.0833333333333304,0.18650204133366335
-52.75,-1.0833333333333304,0.24454351533019206
-52.583333333333336,-1.0833333333333304,0.22665063779301745
-52.41666666666667,-1.0833333333333304,0.26394270252390045
-52.25,-1.0833333333333304,0.27532108366918745
-52.083333333333336,-1.0833333333333304,0.306552762751
-51.91666666666667,-1.0833333333333304,0.31437029581611414
-51.75,-1.0833333333333304,0.2557353926091539
-51.583333333333336,-1.0833333333333304,0.2888596755594863
-51.41666666666667,-1.0833333333333304,0.27427085535754914
-51.25,-1.0833333333333304,0.3037003730665875
-51.083333333333336,-1.0833333333333304,0.3108406963634044
-50.91666666666667,-1.0833333333333304,0.26974436636644805
-50.75,-1.0833333333333304,0.24746987861407918
-50.583333333333336,-1.0833333333333304,0.2682776191257749
-50.41666666666667,-1.0833333333333304,0.2756815632251859
-50.25,-1.0833333333333304,0.25122128115198
-50.083333333333336,-1.0833333333333304,0.2831356998643155
-49.91666666666667,-1.0833333333333304,0.29816588889529305
-49.75,-1.0833333333333304,0.2991503873602687
-49.583333333333336,-1.0833333333333304,0.29940228541540653
-49.41666666666667,-1.0833333333333304,0.26130742488007963
-49.25,-1.0833333333333304,0.2107629121101629
-49.083333333333336,-1.0833333333333304,0.1359756818737006
-48.91666666666667,-1.0833333333333304,0.13137436079620873
-48.75,-1.0833333333333304,0.16330299747537233
-48.583333333333336,-1.0833333333333304,0.14017009288503296
-48.41666666666667,-1.0833333333333304,0.22368823763251092
-48.25,-1.0833333333333304,0.2674671781757195
-48.083333333333336,-1.0833333333333304,0.2497614456989677
-47.91666666666667,-1.0833333333333304,0.2668636156134554
-47.75,-1.0833333333333304,0.24297699552411944
-47.583333333333336,-1.0833333333333304,0.18072810971819275
-47.41666666666667,-1.0833333333333304,0.14331125276220655
-47.25,-1.0833333333333304,0.13238551811758964
-47.083333333333336,-1.0833333333333304,0.13178145562942134
-46.91666666666667,-1.0833333333333304,0.12786097455788925
-46.75,-1.0833333333333304,0.1103384733123551
-46.583333333333336,-1.0833333333333304,0.14226794410236368
-46.41666666666667,-1.0833333333333304,0.06330042589375312
-46.25,-1.0833333333333304,0.05360957913666582
-69.25,-1.2499999999999973,0.008626416377968142
-69.08333333333333,-1.2499999999999973,0.005932489983392696
-68.91666666666667,-1.2499999999999973,0.005835405065487793
-68.75,-1.2499999999999973,0.00657436520909515
-68.58333333333333,-1.2499999999999973,0.008051413474315984
-68.41666666666667,-1.2499999999999973,0.007844467157808094
-68.25,-1.2499999999999973,0.007164864761347326
-68.08333333333333,-1.2499999999999973,0.006897978819491718
-67.91666666666667,-1.2499999999999973,0.007000342255401979
-67.75,-1.2499999999999973,0.007644266499791612
-67.58333333333333,-1.2499999999999973,0.009655009902901815
-67.41666666666667,-1.2499999999999973,0.011519408607628496
-67.25,-1.2499999999999973,0.01713307930651898
-67.08333333333333,-1.2499999999999973,0.019554974316164278
-66.91666666666667,-1.2499999999999973,0.018490168908408586
-66.75,-1.2499999999999973,0.02388478486044837
-66.58333333333333,-1.2499999999999973,0.029895690825867224
-66.41666666666667,-1.2499999999999973,0.03693488297093505
-66.25,-1.2499999999999973,0.03821623495544743
-66.08333333333333,-1.2499999999999973,0.04048543091532492
-65.91666666666667,-1.2499999999999973,0.04960250584867137
-65.75,-1.2499999999999973,0.04905173360066192
-65.58333333333333,-1.2499999999999973,0.03617209661440454
-65.41666666666667,-1.2499999999999973,0.03787631544104221
-65.25,-1.2499999999999973,0.03572650775890448
-65.08333333333333,-1.2499999999999973,0.03232213240510707
-64.91666666666667,-1.2499999999999973,0.03412188361436877
-64.75,-1.2499999999999973,0.02458385871659914
-64.58333333333333,-1.2499999999999973,0.02533611066130338
-64.41666666666667,-1.2499999999999973,0.027280527251610717
-64.25,-1.2499999999999973,0.0287897445720225
-64.08333333333333,-1.2499999999999973,0.0245294779605938
-63.91666666666667,-1.2499999999999973,0.028580529757049392
-63.75,-1.2499999999999973,0.04283438216393391
-63.583333333333336,-1.2499999999999973,0.048837467845553484
-63.41666666666667,-1.2499999999999973,0.05603672298149403
-63.25,-1.2499999999999973,0.06361452079090375
-63.083333333333336,-1.2499999999999973,0.06517404142612612
-62.91666666666667,-1.2499999999999973,0.06914720040831475
-62.75,-1.2499999999999973,0.0703664959450268
-62.583333333333336,-1.2499999999999973,0.05634104289135368
-62.41666666666667,-1.2499999999999973,0.06139774137642973
-62.25,-1.2499999999999973,0.06409345936092367
-62.083333333333336,-1.2499999999999973,0.07164205112079333
-61.91666666666667,-1.2499999999999973,0.08092080363269621
-61.75,-1.2499999999999973,0.07581430858656725
-61.583333333333336,-1.2499999999999973,0.08043675882302229
-61.41666666666667,-1.2499999999999973,0.08315718138474325
-61.25,-1.2499999999999973,0.09218963035281083
-61.083333333333336,-1.2499999999999973,0.09255553853838605
-60.91666666666667,-1.2499999999999973,0.08416932653689932
-60.75,-1.2499999999999973,0.09533749286370602
-60.583333333333336,-1.2499999999999973,0.1189429804957773
-60.41666666666667,-1.2499999999999973,0.15637322242743618
-60.25,-1.2499999999999973,0.14899985772108415
-60.083333333333336,-1.2499999999999973,0.1766288588443551
-59.91666666666667,-1.2499999999999973,0.16938348930739758
-59.75,-1.2499999999999973,0.19198319297818375
-59.583333333333336,-1.2499999999999973,0.2070120544677769
-59.41666666666667,-1.2499999999999973,0.18308169279799852
-59.25,-1.2499999999999973,0.18789625567737045
-59.083333333333336,-1.2499999999999973,0.1994734834047621
-58.91666666666667,-1.2499999999999973,0.24653967727994164
-58.75,-1.2499999999999973,0.2662927709167101
-58.583333333333336,-1.2499999999999973,0.27611708178249844
-58.41666666666667,-1.2499999999999973,0.25719248044458093
-58.25,-1.2499999999999973,0.207910727111921
-58.083333333333336,-1.2499999999999973,0.23891314164552244
-57.91666666666667,-1.2499999999999973,0.23897893169693996
-57.75,-1.2499999999999973,0.23122690554880213
-57.583333333333336,-1.2499999999999973,0.242341537382545
-57.41666666666667,-1.2499999999999973,0.22798075975727228
-57.25,-1.2499999999999973,0.24829588035967706
-57.083333333333336,-1.2499999999999973,0.2414950777575984
-56.91666666666667,-1.2499999999999973,0.23210755874405908
-56.75,-1.2499999999999973,0.24633792304367835
-56.583333333333336,-1.2499999999999973,0.23700199709875436
-56.41666666666667,-1.2499999999999973,0.23754572968578427
-56.25,-1.2499999999999973,0.2301025643247741
-56.083333333333336,-1.2499999999999973,0.22004028793331423
-55.91666666666667,-1.2499999999999973,0.2233285476626239
-55.75,-1.2499999999999973,0.2182025761084412
-55.583333333333336,-1.2499999999999973,0.20830472517974885
-55.41666666666667,-1.2499999999999973,0.18260445482408058
-55.25,-1.2499999999999973,0.20496266469579233
-55.083333333333336,-1.2499999999999973,0.1993576207348624
-54.91666666666667,-1.2499999999999973,0.16293843828436955
-54.75,-1.2499999999999973,0.09858773832862784
-54.583333333333336,-1.2499999999999973,0.09694462968465316
-54.41666666666667,-1.2499999999999973,0.15656357301926543
-54.25,-1.2499999999999973,0.11342626765218418
-54.083333333333336,-1.2499999999999973,0.14415144119228981
-53.91666666666667,-1.2499999999999973,0.29216926517523223
-53.75,-1.2499999999999973,0.3231573437599149
-53.583333333333336,-1.2499999999999973,0.20765320301433965
-53.41666666666667,-1.2499999999999973,0.1584269544676325
-53.25,-1.2499999999999973,0.14898136069800733
-53.083333333333336,-1.2499999999999973,0.18618864854373787
-52.91666666666667,-1.2499999999999973,0.22123667461701482
-52.75,-1.2499999999999973,0.20105541039441338
-52.583333333333336,-1.2499999999999973,0.23096086669293084
-52.41666666666667,-1.2499999999999973,0.25303765049465327
-52.25,-1.2499999999999973,0.2594701901911362
-52.083333333333336,-1.2499999999999973,0.23394408230229635
-51.91666666666667,-1.2499999999999973,0.2623412799138135
-51.75,-1.2499999999999973,0.28751512564898274
-51.583333333333336,-1.2499999999999973,0.28208145484743946
-51.41666666666667,-1.2499999999999973,0.2725992643003321
-51.25,-1.2499999999999973,0.3092463031917433
-51.083333333333336,-1.2499999999999973,0.3048782394017312
-50.91666666666667,-1.2499999999999973,0.26524969382367
-50.75,-1.2499999999999973,0.29628610801800814
-50.583333333333336,-1.2499999999999973,0.30156302457697903
-50.41666666666667,-1.2499999999999973,0.3086004609385772
-50.25,-1.2499999999999973,0.25306007931499974
-50.083333333333336,-1.2499999999999973,0.2832766805859193
-49.91666666666667,-1.2499999999999973,0.30199161757849513
-49.75,-1.2499999999999973,0.2962172431568055
-49.583333333333336,-1.2499999999999973,0.29869803760911817
-49.41666666666667,-1.2499999999999973,0.27066787383609914
-49.25,-1.2499999999999973,0.22064282626385984
-49.083333333333336,-1.2499999999999973,0.16617158815944494
-48.91666666666667,-1.2499999999999973,0.18032950455190727
-48.75,-1.2499999999999973,0.1670484982786635
-48.583333333333336,-1.2499999999999973,0.14816073437526714
-48.41666666666667,-1.2499999999999973,0.22346755739926327
-48.25,-1.2499999999999973,0.2798806883791444
-48.083333333333336,-1.2499999999999973,0.29274892199020885
-47.91666666666667,-1.2499999999999973,0.2553588743941953
-47.75,-1.2499999999999973,0.24398678855597358
-47.583333333333336,-1.2499999999999973,0.15657921848233283
-47.41666666666667,-1.2499999999999973,0.17402719508560158
-47.25,-1.2499999999999973,0.16937748215892265
-47.083333333333336,-1.2499999999999973,0.13048625250689502
-46.91666666666667,-1.2499999999999973,0.2069358807092589
-46.75,-1.2499999999999973,0.20217992312650185
-46.583333333333336,-1.2499999999999973,0.09114481235789249
-46.41666666666667,-1.2499999999999973,0.07956225948041405
-46.25,-1.2499999999999973,0.07387289620079728
-46.083333333333336,-1.2499999999999973,0.06255623674690815
-45.91666666666667,-1.2499999999999973,0.05065414832182053
-45.75,-1.2499999999999973,0.04142517538326548
-69.25,-1.4166666666666643,0.007630481596186606
-69.08333333333333,-1.4166666666666643,0.0064884705720655135
-68.91666666666667,-1.4166666666666643,0.005653708799175479
-68.75,-1.4166666666666643,0.007471558163223911
-68.58333333333333,-1.4166666666666643,0.009206450906861126
-68.41666666666667,-1.4166666666666643,0.0069637213574371614
-68.25,-1.4166666666666643,0.006202751802526149
-68.08333333333333,-1.4166666666666643,0.006975911648880819
-67.91666666666667,-1.4166666666666643,0.006471108965357248
-67.75,-1.4166666666666643,0.007569728539160522
-67.58333333333333,-1.4166666666666643,0.008921671209579178
-67.41666666666667,-1.4166666666666643,0.010242543246373624
-67.25,-1.4166666666666643,0.011496640830429195
-67.08333333333333,-1.4166666666666643,0.013548810356098728
-66.91666666666667,-1.4166666666666643,0.017916582005612507
-66.75,-1.4166666666666643,0.02297483126339854
-66.58333333333333,-1.4166666666666643,0.02598836408795091
-66.41666666666667,-1.4166666666666643,0.029665077034664058
-66.25,-1.4166666666666643,0.032025691119715226
-66.08333333333333,-1.4166666666666643,0.03425144560892695
-65.91666666666667,-1.4166666666666643,0.03788924568819315
-65.75,-1.4166666666666643,0.03713327396237338
-65.58333333333333,-1.4166666666666643,0.037924132820514135
-65.41666666666667,-1.4166666666666643,0.03488386196190115
-65.25,-1.4166666666666643,0.031688901399024166
-65.08333333333333,-1.4166666666666643,0.032448376442420455
-64.91666666666667,-1.4166666666666643,0.022591450980246938
-64.75,-1.4166666666666643,0.01650316673430323
-64.58333333333333,-1.4166666666666643,0.015824954768722154
-64.41666666666667,-1.4166666666666643,0.016272930328272893
-64.25,-1.4166666666666643,0.016823351089621325
-64.08333333333333,-1.4166666666666643,0.020516380396600004
-63.91666666666667,-1.4166666666666643,0.02562635938367095
-63.75,-1.4166666666666643,0.028914123412138476
-63.583333333333336,-1.4166666666666643,0.03670758573905669
-63.41666666666667,-1.4166666666666643,0.04409828962446348
-63.25,-1.4166666666666643,0.04630512250695914
-63.083333333333336,-1.4166666666666643,0.04906302627625523
-62.91666666666667,-1.4166666666666643,0.049162160620116344
-62.75,-1.4166666666666643,0.043181547100420194
-62.583333333333336,-1.4166666666666643,0.04879285561628496
-62.41666666666667,-1.4166666666666643,0.05275390712916503
-62.25,-1.4166666666666643,0.059071227124583084
-62.083333333333336,-1.4166666666666643,0.06960974948808726
-61.91666666666667,-1.4166666666666643,0.09130321343748293
-61.75,-1.4166666666666643,0.06449312728396207
-61.583333333333336,-1.4166666666666643,0.08411270346276853
-61.41666666666667,-1.4166666666666643,0.08827044686929268
-61.25,-1.4166666666666643,0.09208273862429248
-61.083333333333336,-1.4166666666666643,0.09226239728545306
-60.91666666666667,-1.4166666666666643,0.08521277266546202
-60.75,-1.4166666666666643,0.10045270912917038
-60.583333333333336,-1.4166666666666643,0.10172781443409111
-60.41666666666667,-1.4166666666666643,0.14667691683934644
-60.25,-1.4166666666666643,0.1285270635965529
-60.083333333333336,-1.4166666666666643,0.1721472824699907
-59.91666666666667,-1.4166666666666643,0.1935095208830995
-59.75,-1.4166666666666643,0.22126266873155942
-59.583333333333336,-1.4166666666666643,0.22090970063286625
-59.41666666666667,-1.4166666666666643,0.19311964140367457
-59.25,-1.4166666666666643,0.19704451189455952
-59.083333333333336,-1.4166666666666643,0.2295205975314335
-58.91666666666667,-1.4166666666666643,0.24805485470378902
-58.75,-1.4166666666666643,0.2426489863328208
-58.583333333333336,-1.4166666666666643,0.2344436360324084
-58.41666666666667,-1.4166666666666643,0.2322678521536621
-58.25,-1.4166666666666643,0.20725640877958867
-58.083333333333336,-1.4166666666666643,0.24159232674357956
-57.91666666666667,-1.4166666666666643,0.2802080244205497
-57.75,-1.4166666666666643,0.2947683677146571
-57.583333333333336,-1.4166666666666643,0.2739689210254057
-57.41666666666667,-1.4166666666666643,0.223601014813128
-57.25,-1.4166666666666643,0.19837279856861564
-57.083333333333336,-1.4166666666666643,0.17024837784517743
-56.91666666666667,-1.4166666666666643,0.18865264329437886
-56.75,-1.4166666666666643,0.19862432989952192
-56.583333333333336,-1.4166666666666643,0.20630271003398085
-56.41666666666667,-1.4166666666666643,0.22844713266177666
-56.25,-1.4166666666666643,0.20576455784887787
-56.083333333333336,-1.4166666666666643,0.21091912795569162
-55.91666666666667,-1.4166666666666643,0.25988805609540633
-55.75,-1.4166666666666643,0.25079272427138566
-55.583333333333336,-1.4166666666666643,0.24087918404914285
-55.41666666666667,-1.4166666666666643,0.21382917839561105
-55.25,-1.4166666666666643,0.20041822744756707
-55.083333333333336,-1.4166666666666643,0.21860051442351647
-54.91666666666667,-1.4166666666666643,0.24782164518645494
-54.75,-1.4166666666666643,0.26240434998125567
-54.583333333333336,-1.4166666666666643,0.11972791712668243
-54.41666666666667,-1.4166666666666643,0.19284781682311958
-54.25,-1.4166666666666643,0.18724949453385273
-54.083333333333336,-1.4166666666666643,0.2282673463152467
-53.91666666666667,-1.4166666666666643,0.21062094882697202
-53.75,-1.4166666666666643,0.16783645170206551
-53.583333333333336,-1.4166666666666643,0.14553672973924278
-53.41666666666667,-1.4166666666666643,0.13187826324819454
-53.25,-1.4166666666666643,0.1314080865977107
-53.083333333333336,-1.4166666666666643,0.16871078792983665
-52.91666666666667,-1.4166666666666643,0.1839416591084982
-52.75,-1.4166666666666643,0.24989167890788744
-52.583333333333336,-1.4166666666666643,0.23765490272134013
-52.41666666666667,-1.4166666666666643,0.2321807144350615
-52.25,-1.4166666666666643,0.1818654793963503
-52.083333333333336,-1.4166666666666643,0.21288325594032664
-51.91666666666667,-1.4166666666666643,0.2467555453743494
-51.75,-1.4166666666666643,0.25481346569060714
-51.583333333333336,-1.4166666666666643,0.27635285617239563
-51.41666666666667,-1.4166666666666643,0.2787726483087613
-51.25,-1.4166666666666643,0.307741287345601
-51.083333333333336,-1.4166666666666643,0.2957915060834386
-50.91666666666667,-1.4166666666666643,0.2498679538451176
-50.75,-1.4166666666666643,0.27222035789652166
-50.583333333333336,-1.4166666666666643,0.2754908727006154
-50.41666666666667,-1.4166666666666643,0.2870710988652303
-50.25,-1.4166666666666643,0.26397002397872
-50.083333333333336,-1.4166666666666643,0.2766963577246626
-49.91666666666667,-1.4166666666666643,0.28647246031927903
-49.75,-1.4166666666666643,0.28820608110535256
-49.583333333333336,-1.4166666666666643,0.29450298738185393
-49.41666666666667,-1.4166666666666643,0.2699525795040174
-49.25,-1.4166666666666643,0.22518054570178264
-49.083333333333336,-1.4166666666666643,0.21438174609705135
-48.91666666666667,-1.4166666666666643,0.22986237273953627
-48.75,-1.4166666666666643,0.13936110947659686
-48.583333333333336,-1.4166666666666643,0.15192516220626393
-48.41666666666667,-1.4166666666666643,0.1705326607282128
-48.25,-1.4166666666666643,0.2358983822586587
-48.083333333333336,-1.4166666666666643,0.25110398789273775
-47.91666666666667,-1.4166666666666643,0.24168763216975114
-47.75,-1.4166666666666643,0.2733344251443063
-47.583333333333336,-1.4166666666666643,0.2195883343986818
-47.41666666666667,-1.4166666666666643,0.1935132935464903
-47.25,-1.4166666666666643,0.17413649047324908
-47.083333333333336,-1.4166666666666643,0.1329874780999414
-46.91666666666667,-1.4166666666666643,0.12465168380970791
-46.75,-1.4166666666666643,0.10825485273047133
-46.583333333333336,-1.4166666666666643,0.12065899894470276
-46.41666666666667,-1.4166666666666643,0.10062241641536547
-46.25,-1.4166666666666643,0.08880353715884888
-46.083333333333336,-1.4166666666666643,0.11341282028851553
-45.91666666666667,-1.4166666666666643,0.08057984120681025
-45.75,-1.4166666666666643,0.24442025504298348
-45.583333333333336,-1.4166666666666643,0.07462664133274279
-45.41666666666667,-1.4166666666666643,0.03947953235176533
-45.25,-1.4166666666666643,0.06710010250815464
-45.083333333333336,-1.4166666666666643,0.06448715480542924
-69.25,-1.5833333333333304,0.010500099144421925
-69.08333333333333,-1.5833333333333304,0.009017079163854948
-68.91666666666667,-1.5833333333333304,0.006956759451232105
-68.75,-1.5833333333333304,0.009339461426377557
-68.58333333333333,-1.5833333333333304,0.008178027255463405
-68.41666666666667,-1.5833333333333304,0.007696236420702595
-68.25,-1.5833333333333304,0.007696404361060691
-68.08333333333333,-1.5833333333333304,0.007147808501744365
-67.91666666666667,-1.5833333333333304,0.006277146237048237
-67.75,-1.5833333333333304,0.007910831325680535
-67.58333333333333,-1.5833333333333304,0.009063419325017027
-67.41666666666667,-1.5833333333333304,0.010399705162444721
-67.25,-1.5833333333333304,0.01086834664880303
-67.08333333333333,-1.5833333333333304,0.013465319747091196
-66.91666666666667,-1.5833333333333304,0.016186064663670906
-66.75,-1.5833333333333304,0.019108319477120793
-66.58333333333333,-1.5833333333333304,0.022781138643893285
-66.41666666666667,-1.5833333333333304,0.025468956514222787
-66.25,-1.5833333333333304,0.029074273684191007
-66.08333333333333,-1.5833333333333304,0.030806153982807
-65.91666666666667,-1.5833333333333304,0.03212320033653957
-65.75,-1.5833333333333304,0.03446321565982012
-65.58333333333333,-1.5833333333333304,0.03483110132772437
-65.41666666666667,-1.5833333333333304,0.02877124272059027
-65.25,-1.5833333333333304,0.024443773493467758
-65.08333333333333,-1.5833333333333304,0.02286016792661085
-64.91666666666667,-1.5833333333333304,0.019962545985870977
-64.75,-1.5833333333333304,0.01303984534917786
-64.58333333333333,-1.5833333333333304,0.013218427375116956
-64.41666666666667,-1.5833333333333304,0.013315005105885853
-64.25,-1.5833333333333304,0.01600110678055631
-64.08333333333333,-1.5833333333333304,0.017810415836151883
-63.91666666666667,-1.5833333333333304,0.0217201761147238
-63.75,-1.5833333333333304,0.026948933280505318
-63.583333333333336,-1.5833333333333304,0.03046542286861078
-63.41666666666667,-1.5833333333333304,0.034184853748719865
-63.25,-1.5833333333333304,0.038039130636043715
-63.083333333333336,-1.5833333333333304,0.0426987260254817
-62.91666666666667,-1.5833333333333304,0.0441096851415203
-62.75,-1.5833333333333304,0.044202872497643424
-62.583333333333336,-1.5833333333333304,0.04453239294000541
-62.41666666666667,-1.5833333333333304,0.04902809125230434
-62.25,-1.5833333333333304,0.058205112303738545
-62.083333333333336,-1.5833333333333304,0.0543820224038168
-61.91666666666667,-1.5833333333333304,0.06629422146101845
-61.75,-1.5833333333333304,0.07137690442242293
-61.583333333333336,-1.5833333333333304,0.0735124233769967
-61.41666666666667,-1.5833333333333304,0.09905796314794507
-61.25,-1.5833333333333304,0.09716767871373798
-61.083333333333336,-1.5833333333333304,0.10604051852646738
-60.91666666666667,-1.5833333333333304,0.09809596795899754
-60.75,-1.5833333333333304,0.11389973176355604
-60.583333333333336,-1.5833333333333304,0.12394997291741951
-60.41666666666667,-1.5833333333333304,0.1447262339984738
-60.25,-1.5833333333333304,0.12444221140036472
-60.083333333333336,-1.5833333333333304,0.16271209196305672
-59.91666666666667,-1.5833333333333304,0.19448557055254526
-59.75,-1.5833333333333304,0.2147647435648936
-59.583333333333336,-1.5833333333333304,0.20675949888829917
-59.41666666666667,-1.5833333333333304,0.23635309918042544
-59.25,-1.5833333333333304,0.2261529204884611
-59.083333333333336,-1.5833333333333304,0.17530099919685033
-58.91666666666667,-1.5833333333333304,0.2101417549845628
-58.75,-1.5833333333333304,0.2151080699060365
-58.583333333333336,-1.5833333333333304,0.26394548452766314
-58.41666666666667,-1.5833333333333304,0.2658874711477771
-58.25,-1.5833333333333304,0.24597645351890796
-58.083333333333336,-1.5833333333333304,0.24381446719971714
-57.91666666666667,-1.5833333333333304,0.24434039412164169
-57.75,-1.5833333333333304,0.27495091909643127
-57.583333333333336,-1.5833333333333304,0.2730341812879408
-57.41666666666667,-1.5833333333333304,0.25034047358699135
-57.25,-1.5833333333333304,0.20248614949733332
-57.083333333333336,-1.5833333333333304,0.19432693259213354
-56.91666666666667,-1.5833333333333304,0.17343426963965813
-56.75,-1.5833333333333304,0.16818803434872434
-56.583333333333336,-1.5833333333333304,0.1622013138969576
-56.41666666666667,-1.5833333333333304,0.1701659811502924
-56.25,-1.5833333333333304,0.20087012608058474
-56.083333333333336,-1.5833333333333304,0.2309938253704426
-55.91666666666667,-1.5833333333333304,0.2547919510639243
-55.75,-1.5833333333333304,0.22730984424772538
-55.583333333333336,-1.5833333333333304,0.2226800438674717
-55.41666666666667,-1.5833333333333304,0.20960085225302882
-55.25,-1.5833333333333304,0.2268924386085595
-55.083333333333336,-1.5833333333333304,0.22075805635826845
-54.91666666666667,-1.5833333333333304,0.2114740054317106
-54.75,-1.5833333333333304,0.24224311957029845
-54.583333333333336,-1.5833333333333304,0.2708459377003786
-54.41666666666667,-1.5833333333333304,0.29094572091070137
-54.25,-1.5833333333333304,0.20163664647945967
-54.083333333333336,-1.5833333333333304,0.12728015973673118
-53.91666666666667,-1.5833333333333304,0.10290228515970627
-53.75,-1.5833333333333304,0.10925568538590082
-53.583333333333336,-1.5833333333333304,0.15004686405396897
-53.41666666666667,-1.5833333333333304,0.13710476834931634
-53.25,-1.5833333333333304,0.10902740032063128
-53.083333333333336,-1.5833333333333304,0.17071507468271532
-52.91666666666667,-1.5833333333333304,0.17837758983558816
-52.75,-1.5833333333333304,0.14847031431904661
-52.583333333333336,-1.5833333333333304,0.10218297121643845
-52.41666666666667,-1.5833333333333304,0.1409680605882741
-52.25,-1.5833333333333304,0.1870388439128637
-52.083333333333336,-1.5833333333333304,0.24979473100034488
-51.91666666666667,-1.5833333333333304,0.2611663512352446
-51.75,-1.5833333333333304,0.2616039825004798
-51.583333333333336,-1.5833333333333304,0.2574562262976061
-51.41666666666667,-1.5833333333333304,0.2550137439482293
-51.25,-1.5833333333333304,0.2625274143354475
-51.083333333333336,-1.5833333333333304,0.3049018295109323
-50.91666666666667,-1.5833333333333304,0.2822935717614755
-50.75,-1.5833333333333304,0.246364626414356
-50.583333333333336,-1.5833333333333304,0.22191206479959624
-50.41666666666667,-1.5833333333333304,0.2697529345977667
-50.25,-1.5833333333333304,0.23702361346273082
-50.083333333333336,-1.5833333333333304,0.2608751738379946
-49.91666666666667,-1.5833333333333304,0.27224713961921193
-49.75,-1.5833333333333304,0.24610948875094124
-49.583333333333336,-1.5833333333333304,0.2382592950020373
-49.41666666666667,-1.5833333333333304,0.21028490632330146
-49.25,-1.5833333333333304,0.18236786688271536
-49.083333333333336,-1.5833333333333304,0.1407542313802578
-48.91666666666667,-1.5833333333333304,0.19097558065271755
-48.75,-1.5833333333333304,0.19787281677308366
-48.583333333333336,-1.5833333333333304,0.19526677995725247
-48.41666666666667,-1.5833333333333304,0.18224289542259606
-48.25,-1.5833333333333304,0.197836953053645
-48.083333333333336,-1.5833333333333304,0.18435628132841078
-47.91666666666667,-1.5833333333333304,0.21099350075004739
-47.75,-1.5833333333333304,0.2593315780386094
-47.583333333333336,-1.5833333333333304,0.24849457982230594
-47.41666666666667,-1.5833333333333304,0.23265830981428032
-47.25,-1.5833333333333304,0.19817057705323893
-47.083333333333336,-1.5833333333333304,0.17714504120703992
-46.91666666666667,-1.5833333333333304,0.14536761196965328
-46.75,-1.5833333333333304,0.14448872982827593
-46.583333333333336,-1.5833333333333304,0.139276409236717
-46.41666666666667,-1.5833333333333304,0.11416270047808746
-46.25,-1.5833333333333304,0.14505287946254744
-46.083333333333336,-1.5833333333333304,0.17356428454285172
-45.91666666666667,-1.5833333333333304,0.1939824671142099
-45.75,-1.5833333333333304,0.3045421575795604
-45.583333333333336,-1.5833333333333304,0.2949478116631775
-45.41666666666667,-1.5833333333333304,0.14478246659364713
-45.25,-1.5833333333333304,0.07568830875920145
-45.083333333333336,-1.5833333333333304,0.06001215948367569
-44.91666666666667,-1.5833333333333304,0.057635594598217384
-69.25,-1.7499999999999973,0.00915096466638312
-69.08333333333333,-1.7499999999999973,0.009341408462280206
-68.91666666666667,-1.7499999999999973,0.008158622901831992
-68.75,-1.7499999999999973,0.006814083152600659
-68.58333333333333,-1.7499999999999973,0.007094626175721131
-68.41666666666667,-1.7499999999999973,0.00687361195138802
-68.25,-1.7499999999999973,0.006055385718173309
-68.08333333333333,-1.7499999999999973,0.005826209124109369
-67.91666666666667,-1.7499999999999973,0.005350292377500295
-67.75,-1.7499999999999973,0.00689740852717093
-67.58333333333333,-1.7499999999999973,0.015146565577946792
-67.41666666666667,-1.7499999999999973,0.009424954868596581
-67.25,-1.7499999999999973,0.01053440051428521
-67.08333333333333,-1.7499999999999973,0.01199218312668837
-66.91666666666667,-1.7499999999999973,0.013710602684930163
-66.75,-1.7499999999999973,0.017068198534742653
-66.58333333333333,-1.7499999999999973,0.017467546743020874
-66.41666666666667,-1.7499999999999973,0.0164482332313107
-66.25,-1.7499999999999973,0.018136585685085964
-66.08333333333333,-1.7499999999999973,0.023272827349658617
-65.91666666666667,-1.7499999999999973,0.026549455194564774
-65.75,-1.7499999999999973,0.028417317288551274
-65.58333333333333,-1.7499999999999973,0.029447423040053607
-65.41666666666667,-1.7499999999999973,0.0307278175037327
-65.25,-1.7499999999999973,0.02081928162449311
-65.08333333333333,-1.7499999999999973,0.014877540482244352
-64.91666666666667,-1.7499999999999973,0.009954936838214148
-64.75,-1.7499999999999973,0.008944367348080033
-64.58333333333333,-1.7499999999999973,0.009751313181239611
-64.41666666666667,-1.7499999999999973,0.010961566817934811
-64.25,-1.7499999999999973,0.01212228360831651
-64.08333333333333,-1.7499999999999973,0.014147363866857771
-63.91666666666667,-1.7499999999999973,0.017131590658258863
-63.75,-1.7499999999999973,0.01974113564397212
-63.583333333333336,-1.7499999999999973,0.024365907945081425
-63.41666666666667,-1.7499999999999973,0.027496621103787654
-63.25,-1.7499999999999973,0.029631484185366035
-63.083333333333336,-1.7499999999999973,0.03208593352904805
-62.91666666666667,-1.7499999999999973,0.03383308918933087
-62.75,-1.7499999999999973,0.031091839385355206
-62.583333333333336,-1.7499999999999973,0.03169924568916236
-62.41666666666667,-1.7499999999999973,0.035026579093294076
-62.25,-1.7499999999999973,0.044763265493185204
-62.083333333333336,-1.7499999999999973,0.06294434398503734
-61.91666666666667,-1.7499999999999973,0.06828845321698429
-61.75,-1.7499999999999973,0.06990404723161361
-61.583333333333336,-1.7499999999999973,0.07816692685270098
-61.41666666666667,-1.7499999999999973,0.0982178191037255
-61.25,-1.7499999999999973,0.11087274500403504
-61.083333333333336,-1.7499999999999973,0.13594952769281549
-60.91666666666667,-1.7499999999999973,0.13502930708452207
-60.75,-1.7499999999999973,0.13371445513334262
-60.583333333333336,-1.7499999999999973,0.14794775883424258
-60.41666666666667,-1.7499999999999973,0.16698766893827446
-60.25,-1.7499999999999973,0.15408287456363323
-60.083333333333336,-1.7499999999999973,0.14206535188376337
-59.91666666666667,-1.7499999999999973,0.19043218809869394
-59.75,-1.7499999999999973,0.1841520190426933
-59.583333333333336,-1.7499999999999973,0.21029402288770768
-59.41666666666667,-1.7499999999999973,0.22627738553407495
-59.25,-1.7499999999999973,0.1966568810319157
-59.083333333333336,-1.7499999999999973,0.1855588939339904
-58.91666666666667,-1.7499999999999973,0.18013831622630713
-58.75,-1.7499999999999973,0.20523085371086297
-58.583333333333336,-1.7499999999999973,0.2752863389397603
-58.41666666666667,-1.7499999999999973,0.28594526141300614
-58.25,-1.7499999999999973,0.26988713629352207
-58.083333333333336,-1.7499999999999973,0.2699632521534309
-57.91666666666667,-1.7499999999999973,0.23079688790171296
-57.75,-1.7499999999999973,0.26437746285041525
-57.583333333333336,-1.7499999999999973,0.26225080973525366
-57.41666666666667,-1.7499999999999973,0.26136895899182017
-57.25,-1.7499999999999973,0.2476415452276819
-57.083333333333336,-1.7499999999999973,0.21070197361973544
-56.91666666666667,-1.7499999999999973,0.17742463180807763
-56.75,-1.7499999999999973,0.17586179902700122
-56.583333333333336,-1.7499999999999973,0.18787138570969947
-56.41666666666667,-1.7499999999999973,0.18924918541034885
-56.25,-1.7499999999999973,0.2379854736642752
-56.083333333333336,-1.7499999999999973,0.252881697760065
-55.91666666666667,-1.7499999999999973,0.25088849420272197
-55.75,-1.7499999999999973,0.23587289846611337
-55.583333333333336,-1.7499999999999973,0.2436129430183443
-55.41666666666667,-1.7499999999999973,0.24176862356152484
-55.25,-1.7499999999999973,0.21832128219787786
-55.083333333333336,-1.7499999999999973,0.22509732512720254
-54.91666666666667,-1.7499999999999973,0.2399143517494664
-54.75,-1.7499999999999973,0.2317136412658255
-54.583333333333336,-1.7499999999999973,0.2188016982284161
-54.41666666666667,-1.7499999999999973,0.19765871255693904
-54.25,-1.7499999999999973,0.15330786129121585
-54.083333333333336,-1.7499999999999973,0.1051630202153661
-53.91666666666667,-1.7499999999999973,0.11738652182070876
-53.75,-1.7499999999999973,0.11930551264874092
-53.583333333333336,-1.7499999999999973,0.13336617476776016
-53.41666666666667,-1.7499999999999973,0.10255247690097456
-53.25,-1.7499999999999973,0.063753262927687
-53.083333333333336,-1.7499999999999973,0.05505139903412341
-52.91666666666667,-1.7499999999999973,0.07080435428234134
-52.75,-1.7499999999999973,0.08316527158067608
-52.583333333333336,-1.7499999999999973,0.1282850506821642
-52.41666666666667,-1.7499999999999973,0.13804886742431904
-52.25,-1.7499999999999973,0.20562536974272996
-52.083333333333336,-1.7499999999999973,0.26689378711170797
-51.91666666666667,-1.7499999999999973,0.25363095600468816
-51.75,-1.7499999999999973,0.26871487350662604
-51.583333333333336,-1.7499999999999973,0.2579033615031917
-51.41666666666667,-1.7499999999999973,0.2805815344082586
-51.25,-1.7499999999999973,0.2179267386323862
-51.083333333333336,-1.7499999999999973,0.29489319734229114
-50.91666666666667,-1.7499999999999973,0.2889148068532087
-50.75,-1.7499999999999973,0.2340617288848525
-50.583333333333336,-1.7499999999999973,0.1997737587577403
-50.41666666666667,-1.7499999999999973,0.2170080598737633
-50.25,-1.7499999999999973,0.16878460215779847
-50.083333333333336,-1.7499999999999973,0.14098275155197373
-49.91666666666667,-1.7499999999999973,0.16948854396260205
-49.75,-1.7499999999999973,0.1781468984106257
-49.583333333333336,-1.7499999999999973,0.14965154207928424
-49.41666666666667,-1.7499999999999973,0.17890338121337368
-49.25,-1.7499999999999973,0.12183937993187242
-49.083333333333336,-1.7499999999999973,0.18346882486277777
-48.91666666666667,-1.7499999999999973,0.209970799676433
-48.75,-1.7499999999999973,0.2038923512477412
-48.583333333333336,-1.7499999999999973,0.17809845437322938
-48.41666666666667,-1.7499999999999973,0.16891225271192817
-48.25,-1.7499999999999973,0.16136070222806723
-48.083333333333336,-1.7499999999999973,0.19768065931446815
-47.91666666666667,-1.7499999999999973,0.16498039350063642
-47.75,-1.7499999999999973,0.2128329686786428
-47.583333333333336,-1.7499999999999973,0.23979701408803936
-47.41666666666667,-1.7499999999999973,0.25577688133726395
-47.25,-1.7499999999999973,0.24907277816444698
-47.083333333333336,-1.7499999999999973,0.2172608373717098
-46.91666666666667,-1.7499999999999973,0.1720262587145661
-46.75,-1.7499999999999973,0.16041569268420003
-46.583333333333336,-1.7499999999999973,0.15049005712159172
-46.41666666666667,-1.7499999999999973,0.16842154101974227
-46.25,-1.7499999999999973,0.18758137707337963
-46.083333333333336,-1.7499999999999973,0.2889267386945706
-45.91666666666667,-1.7499999999999973,0.243706587064831
-45.75,-1.7499999999999973,0.21148857058518927
-45.583333333333336,-1.7499999999999973,0.14052900930285625
-45.41666666666667,-1.7499999999999973,0.10485053001872005
-45.25,-1.7499999999999973,0.05420757252031632
-45.083333333333336,-1.7499999999999973,0.060510246114275024
-44.91666666666667,-1.7499999999999973,0.05267796952269599
-44.75,-1.7499999999999973,0.0510597304423121
-69.41666666666667,-1.9166666666666643,0.0064115894314695585
-69.25,-1.9166666666666643,0.006468826708101111
-69.08333333333333,-1.9166666666666643,0.005776456696122408
-68.91666666666667,-1.9166666666666643,0.007215772419906452
-68.75,-1.9166666666666643,0.007178795123178433
-68.58333333333333,-1.9166666666666643,0.008328181648311441
-68.41666666666667,-1.9166666666666643,0.008511819308172281
-68.25,-1.9166666666666643,0.0163132237991816
-68.08333333333333,-1.9166666666666643,0.008749674568935207
-67.91666666666667,-1.9166666666666643,0.00696900077956293
-67.75,-1.9166666666666643,0.010729176864156646
-67.58333333333333,-1.9166666666666643,0.010499825464357966
-67.41666666666667,-1.9166666666666643,0.008357097522242823
-67.25,-1.9166666666666643,0.009828487691980784
-67.08333333333333,-1.9166666666666643,0.011123837561447294
-66.91666666666667,-1.9166666666666643,0.010736978614501578
-66.75,-1.9166666666666643,0.010891171918013809
-66.58333333333333,-1.9166666666666643,0.010784630170577698
-66.41666666666667,-1.9166666666666643,0.011054657261577163
-66.25,-1.9166666666666643,0.01416342381835911
-66.08333333333333,-1.9166666666666643,0.01698471302691348
-65.91666666666667,-1.9166666666666643,0.018106789393136733
-65.75,-1.9166666666666643,0.02032226914279547
-65.58333333333333,-1.9166666666666643,0.02145466701202029
-65.41666666666667,-1.9166666666666643,0.017508263458248578
-65.25,-1.9166666666666643,0.014458677635176035
-65.08333333333333,-1.9166666666666643,0.01066574174299964
-64.91666666666667,-1.9166666666666643,0.011334155837679265
-64.75,-1.9166666666666643,0.00652498276337474
-64.58333333333333,-1.9166666666666643,0.008028069286117876
-64.41666666666667,-1.9166666666666643,0.008458231468763453
-64.25,-1.9166666666666643,0.009261949453471833
-64.08333333333333,-1.9166666666666643,0.011266696736508805
-63.91666666666667,-1.9166666666666643,0.019642156833879754
-63.75,-1.9166666666666643,0.016701553077402814
-63.583333333333336,-1.9166666666666643,0.018013595076854624
-63.41666666666667,-1.9166666666666643,0.022980805508559826
-63.25,-1.9166666666666643,0.026236663452818068
-63.083333333333336,-1.9166666666666643,0.027930695491804013
-62.91666666666667,-1.9166666666666643,0.029833444038362352
-62.75,-1.9166666666666643,0.030575628282010547
-62.583333333333336,-1.9166666666666643,0.02907135752232785
-62.41666666666667,-1.9166666666666643,0.03014565458259165
-62.25,-1.9166666666666643,0.038964119814119666
-62.083333333333336,-1.9166666666666643,0.04849142520690408
-61.91666666666667,-1.9166666666666643,0.07487349005369806
-61.75,-1.9166666666666643,0.06651044258708205
-61.583333333333336,-1.9166666666666643,0.08096946564881487
-61.41666666666667,-1.9166666666666643,0.0896560040440314
-61.25,-1.9166666666666643,0.12765358267020255
-61.083333333333336,-1.9166666666666643,0.14463342568746948
-60.91666666666667,-1.9166666666666643,0.14005055359422244
-60.75,-1.9166666666666643,0.1303880042744717
-60.583333333333336,-1.9166666666666643,0.18153762384135677
-60.41666666666667,-1.9166666666666643,0.1677849169470118
-60.25,-1.9166666666666643,0.1548561062464737
-60.083333333333336,-1.9166666666666643,0.12364121118425879
-59.91666666666667,-1.9166666666666643,0.1275956951349575
-59.75,-1.9166666666666643,0.1501219927629845
-59.583333333333336,-1.9166666666666643,0.17275423224469746
-59.41666666666667,-1.9166666666666643,0.21311014994484492
-59.25,-1.9166666666666643,0.18953613485059037
-59.083333333333336,-1.9166666666666643,0.19171455002741808
-58.91666666666667,-1.9166666666666643,0.21600907264013236
-58.75,-1.9166666666666643,0.22536309172761249
-58.583333333333336,-1.9166666666666643,0.24156893188328482
-58.41666666666667,-1.9166666666666643,0.2780683516123322
-58.25,-1.9166666666666643,0.29989196470148777
-58.083333333333336,-1.9166666666666643,0.2804929840901535
-57.91666666666667,-1.9166666666666643,0.27913651355596536
-57.75,-1.9166666666666643,0.2592017846777231
-57.583333333333336,-1.9166666666666643,0.25457514262752406
-57.41666666666667,-1.9166666666666643,0.24581290654959057
-57.25,-1.9166666666666643,0.22889152045136213
-57.083333333333336,-1.9166666666666643,0.23133247823476555
-56.91666666666667,-1.9166666666666643,0.22651419075649473
-56.75,-1.9166666666666643,0.2174746679539872
-56.583333333333336,-1.9166666666666643,0.20937253573348366
-56.41666666666667,-1.9166666666666643,0.2243678800536959
-56.25,-1.9166666666666643,0.15508167016383104
-56.083333333333336,-1.9166666666666643,0.1364060952480044
-55.91666666666667,-1.9166666666666643,0.15197623563705112
-55.75,-1.9166666666666643,0.12913364724048784
-55.583333333333336,-1.9166666666666643,0.23109462585757876
-55.41666666666667,-1.9166666666666643,0.2628039620790641
-55.25,-1.9166666666666643,0.23437329259986286
-55.083333333333336,-1.9166666666666643,0.12964921153083
-54.91666666666667,-1.9166666666666643,0.11037786715668653
-54.75,-1.9166666666666643,0.14737856055674659
-54.583333333333336,-1.9166666666666643,0.18367527033434677
-54.41666666666667,-1.9166666666666643,0.1672811207003637
-54.25,-1.9166666666666643,0.13590972985916772
-54.083333333333336,-1.9166666666666643,0.09730891012298006
-53.91666666666667,-1.9166666666666643,0.03434634236248647
-53.75,-1.9166666666666643,0.03950587392212806
-53.583333333333336,-1.9166666666666643,0.04413316141342354
-53.41666666666667,-1.9166666666666643,0.05153609228154231
-53.25,-1.9166666666666643,0.05818270500678407
-53.083333333333336,-1.9166666666666643,0.08912708934372522
-52.91666666666667,-1.9166666666666643,0.17966067125333324
-52.75,-1.9166666666666643,0.22460195693757537
-52.583333333333336,-1.9166666666666643,0.25592519273090575
-52.41666666666667,-1.9166666666666643,0.26729867399076573
-52.25,-1.9166666666666643,0.17690597529310126
-52.083333333333336,-1.9166666666666643,0.2691420840156691
-51.91666666666667,-1.9166666666666643,0.2725097097047388
-51.75,-1.9166666666666643,0.2589000264898291
-51.583333333333336,-1.9166666666666643,0.2654489765920312
-51.41666666666667,-1.9166666666666643,0.23919742178982709
-51.25,-1.9166666666666643,0.296949130776062
-51.083333333333336,-1.9166666666666643,0.2809689274554602
-50.91666666666667,-1.9166666666666643,0.241840879812293
-50.75,-1.9166666666666643,0.17047555075158594
-50.583333333333336,-1.9166666666666643,0.19360131280929274
-50.41666666666667,-1.9166666666666643,0.14783852571722797
-50.25,-1.9166666666666643,0.20528910299864075
-50.083333333333336,-1.9166666666666643,0.23918504293917836
-49.91666666666667,-1.9166666666666643,0.19253952587923165
-49.75,-1.9166666666666643,0.1705575143280012
-49.583333333333336,-1.9166666666666643,0.17947123069678414
-49.41666666666667,-1.9166666666666643,0.16072712705307746
-49.25,-1.9166666666666643,0.12216668086638663
-49.083333333333336,-1.9166666666666643,0.22274772102660467
-48.91666666666667,-1.9166666666666643,0.20852629001053882
-48.75,-1.9166666666666643,0.23667051116539992
-48.583333333333336,-1.9166666666666643,0.1511442491070835
-48.41666666666667,-1.9166666666666643,0.1167847556276429
-48.25,-1.9166666666666643,0.13139730406810518
-48.083333333333336,-1.9166666666666643,0.17369170633971223
-47.91666666666667,-1.9166666666666643,0.15323538947643853
-47.75,-1.9166666666666643,0.2037875051431978
-47.583333333333336,-1.9166666666666643,0.20914385777391628
-47.41666666666667,-1.9166666666666643,0.2418016885699042
-47.25,-1.9166666666666643,0.2558085886978086
-47.083333333333336,-1.9166666666666643,0.2448915086480303
-46.91666666666667,-1.9166666666666643,0.17089021468785456
-46.75,-1.9166666666666643,0.17535582702657593
-46.583333333333336,-1.9166666666666643,0.17178468152069212
-46.41666666666667,-1.9166666666666643,0.1896206088069255
-46.25,-1.9166666666666643,0.2155237724567755
-46.083333333333336,-1.9166666666666643,0.2862042034227087
-45.91666666666667,-1.9166666666666643,0.26740865004997616
-45.75,-1.9166666666666643,0.24195977779603398
-45.583333333333336,-1.9166666666666643,0.31767870935216713
-45.41666666666667,-1.9166666666666643,0.2150236217855422
-45.25,-1.9166666666666643,0.06066665020972911
-45.083333333333336,-1.9166666666666643,0.057536476306245914
-44.91666666666667,-1.9166666666666643,0.0691878148679933
-44.75,-1.9166666666666643,0.04913302860113525
-69.41666666666667,-2.0833333333333304,0.007627947514356148
-69.25,-2.0833333333333304,0.00810640010502255
-69.08333333333333,-2.0833333333333304,0.004924219739618067
-68.91666666666667,-2.0833333333333304,0.008008828934501822
-68.75,-2.0833333333333304,0.0061202404020012395
-68.58333333333333,-2.0833333333333304,0.008627630360503662
-68.41666666666667,-2.0833333333333304,0.015817334909989003
-68.25,-2.0833333333333304,0.007512086860384384
-68.08333333333333,-2.0833333333333304,0.007992381332680154
-67.91666666666667,-2.0833333333333304,0.007114145601328273
-67.75,-2.0833333333333304,0.007234343841017668
-67.58333333333333,-2.0833333333333304,0.0072170479120097905
-67.41666666666667,-2.0833333333333304,0.008075269095399545
-67.25,-2.0833333333333304,0.009405503274737352
-67.08333333333333,-2.0833333333333304,0.009995011835053424
-66.91666666666667,-2.0833333333333304,0.009049861571895381
-66.75,-2.0833333333333304,0.017865528417855957
-66.58333333333333,-2.0833333333333304,0.01535686940369173
-66.41666666666667,-2.0833333333333304,0.01484965179493468
-66.25,-2.0833333333333304,0.02056680007987062
-66.08333333333333,-2.0833333333333304,0.0256608233235594
-65.91666666666667,-2.0833333333333304,0.02470537166753201
-65.75,-2.0833333333333304,0.020111072268624876
-65.58333333333333,-2.0833333333333304,0.015996151715178528
-65.41666666666667,-2.0833333333333304,0.012585629716338932
-65.25,-2.0833333333333304,0.02196063681719356
-65.08333333333333,-2.0833333333333304,0.013039032636188238
-64.91666666666667,-2.0833333333333304,0.008816893113700383
-64.75,-2.0833333333333304,0.005960727490341936
-64.58333333333333,-2.0833333333333304,0.01120537492714318
-64.41666666666667,-2.0833333333333304,0.0083045537997787
-64.25,-2.0833333333333304,0.00812184320713487
-64.08333333333333,-2.0833333333333304,0.0098907991564288
-63.91666666666667,-2.0833333333333304,0.012648268612057124
-63.75,-2.0833333333333304,0.01621034267076064
-63.583333333333336,-2.0833333333333304,0.020265229618311086
-63.41666666666667,-2.0833333333333304,0.02258081284740467
-63.25,-2.0833333333333304,0.024862956198723994
-63.083333333333336,-2.0833333333333304,0.03173801696821743
-62.91666666666667,-2.0833333333333304,0.025379224864694388
-62.75,-2.0833333333333304,0.027875288683375788
-62.583333333333336,-2.0833333333333304,0.02794859598121251
-62.41666666666667,-2.0833333333333304,0.03170343412209062
-62.25,-2.0833333333333304,0.0405967872491369
-62.083333333333336,-2.0833333333333304,0.04767705156627134
-61.91666666666667,-2.0833333333333304,0.07738261567428369
-61.75,-2.0833333333333304,0.08510971342121004
-61.583333333333336,-2.0833333333333304,0.10205746402826471
-61.41666666666667,-2.0833333333333304,0.08767278850769988
-61.25,-2.0833333333333304,0.14532908546045084
-61.083333333333336,-2.0833333333333304,0.18284101709123238
-60.91666666666667,-2.0833333333333304,0.17327859400767515
-60.75,-2.0833333333333304,0.16648822646017883
-60.583333333333336,-2.0833333333333304,0.17701325979208912
-60.41666666666667,-2.0833333333333304,0.17394169305442375
-60.25,-2.0833333333333304,0.14672053652373052
-60.083333333333336,-2.0833333333333304,0.15150599586514713
-59.91666666666667,-2.0833333333333304,0.1558455166451314
-59.75,-2.0833333333333304,0.15554163441468488
-59.583333333333336,-2.0833333333333304,0.15719950524053872
-59.41666666666667,-2.0833333333333304,0.20690960056576985
-59.25,-2.0833333333333304,0.23307442911808254
-59.083333333333336,-2.0833333333333304,0.23152797669613803
-58.91666666666667,-2.0833333333333304,0.26194097992439846
-58.75,-2.0833333333333304,0.2809785404705209
-58.583333333333336,-2.0833333333333304,0.26109071974556797
-58.41666666666667,-2.0833333333333304,0.25767963306685915
-58.25,-2.0833333333333304,0.2833922680946061
-58.083333333333336,-2.0833333333333304,0.31185112053769415
-57.91666666666667,-2.0833333333333304,0.2893342497671944
-57.75,-2.0833333333333304,0.2652157649396654
-57.583333333333336,-2.0833333333333304,0.2827281574571865
-57.41666666666667,-2.0833333333333304,0.2918587779859538
-57.25,-2.0833333333333304,0.2623321078633873
-57.083333333333336,-2.0833333333333304,0.2302807373833844
-56.91666666666667,-2.0833333333333304,0.22332629727709577
-56.75,-2.0833333333333304,0.24124302604889145
-56.583333333333336,-2.0833333333333304,0.2398280558347229
-56.41666666666667,-2.0833333333333304,0.16937566683761326
-56.25,-2.0833333333333304,0.17790294105625795
-56.083333333333336,-2.0833333333333304,0.18985793108214705
-55.91666666666667,-2.0833333333333304,0.1528101715376024
-55.75,-2.0833333333333304,0.11692340069484652
-55.583333333333336,-2.0833333333333304,0.11580109703199887
-55.41666666666667,-2.0833333333333304,0.12555607160081295
-55.25,-2.0833333333333304,0.11953983034047984
-55.083333333333336,-2.0833333333333304,0.10810002445827673
-54.91666666666667,-2.0833333333333304,0.07407657706704403
-54.75,-2.0833333333333304,0.07022381886608169
-54.583333333333336,-2.0833333333333304,0.07568547439566416
-54.41666666666667,-2.0833333333333304,0.16872965873236695
-54.25,-2.0833333333333304,0.11526427876891905
-54.083333333333336,-2.0833333333333304,0.045080943470740556
-53.91666666666667,-2.0833333333333304,0.05068291197702089
-53.75,-2.0833333333333304,0.05383614576971405
-53.583333333333336,-2.0833333333333304,0.08870045699229125
-53.41666666666667,-2.0833333333333304,0.12981642591928735
-53.25,-2.0833333333333304,0.1674367238158439
-53.083333333333336,-2.0833333333333304,0.19052784551063157
-52.91666666666667,-2.0833333333333304,0.15384636205236363
-52.75,-2.0833333333333304,0.18747538393266988
-52.583333333333336,-2.0833333333333304,0.20938480772968854
-52.41666666666667,-2.0833333333333304,0.2414533287419143
-52.25,-2.0833333333333304,0.19355051072846438
-52.083333333333336,-2.0833333333333304,0.2729780455500928
-51.91666666666667,-2.0833333333333304,0.27935826119007334
-51.75,-2.0833333333333304,0.2744045003388262
-51.583333333333336,-2.0833333333333304,0.27418034252899265
-51.41666666666667,-2.0833333333333304,0.2880018778925475
-51.25,-2.0833333333333304,0.308440963181864
-51.083333333333336,-2.0833333333333304,0.2611449328187746
-50.91666666666667,-2.0833333333333304,0.26030574747978164
-50.75,-2.0833333333333304,0.24525834877522482
-50.583333333333336,-2.0833333333333304,0.2555598535996003
-50.41666666666667,-2.0833333333333304,0.25537586884187224
-50.25,-2.0833333333333304,0.28893369395836876
-50.083333333333336,-2.0833333333333304,0.23670871852933623
-49.91666666666667,-2.0833333333333304,0.23591308706536615
-49.75,-2.0833333333333304,0.19614839954340343
-49.583333333333336,-2.0833333333333304,0.17866342305819907
-49.41666666666667,-2.0833333333333304,0.1286643102743789
-49.25,-2.0833333333333304,0.16886106478997837
-49.083333333333336,-2.0833333333333304,0.21603556218536069
-48.91666666666667,-2.0833333333333304,0.19100430059642554
-48.75,-2.0833333333333304,0.21421625988536647
-48.583333333333336,-2.0833333333333304,0.1946656157630398
-48.41666666666667,-2.0833333333333304,0.10335975814464586
-48.25,-2.0833333333333304,0.11886741669091345
-48.083333333333336,-2.0833333333333304,0.1591877231771859
-47.91666666666667,-2.0833333333333304,0.12727931631075928
-47.75,-2.0833333333333304,0.13543737610694345
-47.583333333333336,-2.0833333333333304,0.2134938106785421
-47.41666666666667,-2.0833333333333304,0.21051153346415435
-47.25,-2.0833333333333304,0.22681472003858896
-47.083333333333336,-2.0833333333333304,0.228426097674426
-46.91666666666667,-2.0833333333333304,0.21202667319579774
-46.75,-2.0833333333333304,0.17903909844978833
-46.583333333333336,-2.0833333333333304,0.1725288307673672
-46.41666666666667,-2.0833333333333304,0.194401351782002
-46.25,-2.0833333333333304,0.24680061671366513
-46.083333333333336,-2.0833333333333304,0.3073149204112055
-45.91666666666667,-2.0833333333333304,0.30547397529087744
-45.75,-2.0833333333333304,0.252661042082706
-45.583333333333336,-2.0833333333333304,0.34712210051871295
-45.41666666666667,-2.0833333333333304,0.2488594327840753
-45.25,-2.0833333333333304,0.09085704098094996
-45.083333333333336,-2.0833333333333304,0.06957342349527108
-44.91666666666667,-2.0833333333333304,0.04958956922377326
-44.75,-2.0833333333333304,0.046393643053015174
-44.583333333333336,-2.0833333333333304,0.05914132413223037
-69.41666666666667,-2.2499999999999973,0.007593923083931873
-69.25,-2.2499999999999973,0.008296474511541072
-69.08333333333333,-2.2499999999999973,0.004434895884364405
-68.91666666666667,-2.2499999999999973,0.007857905017919541
-68.75,-2.2499999999999973,0.00940903909907154
-68.58333333333333,-2.2499999999999973,0.006283505215233996
-68.41666666666667,-2.2499999999999973,0.015415286570414839
-68.25,-2.2499999999999973,0.009494292987968543
-68.08333333333333,-2.2499999999999973,0.006348868678365379
-67.91666666666667,-2.2499999999999973,0.00693443188914123
-67.75,-2.2499999999999973,0.007626337587437922
-67.58333333333333,-2.2499999999999973,0.01462062952927456
-67.41666666666667,-2.2499999999999973,0.009262086653521228
-67.25,-2.2499999999999973,0.021238810046058737
-67.08333333333333,-2.2499999999999973,0.0213890146554397
-66.91666666666667,-2.2499999999999973,0.01192681010217744
-66.75,-2.2499999999999973,0.021376292658352253
-66.58333333333333,-2.2499999999999973,0.01820761005479824
-66.41666666666667,-2.2499999999999973,0.017763063046466215
-66.25,-2.2499999999999973,0.02000433609787163
-66.08333333333333,-2.2499999999999973,0.020346590448071987
-65.91666666666667,-2.2499999999999973,0.017907758976535695
-65.75,-2.2499999999999973,0.015550091251919066
-65.58333333333333,-2.2499999999999973,0.010679506355216127
-65.41666666666667,-2.2499999999999973,0.014990430425098166
-65.25,-2.2499999999999973,0.03312554368564351
-65.08333333333333,-2.2499999999999973,0.02756982546105043
-64.91666666666667,-2.2499999999999973,0.02304497153813041
-64.75,-2.2499999999999973,0.013792899486452402
-64.58333333333333,-2.2499999999999973,0.0073068573482164495
-64.41666666666667,-2.2499999999999973,0.006427556546818718
-64.25,-2.2499999999999973,0.008576189661240357
-64.08333333333333,-2.2499999999999973,0.011081257602631954
-63.91666666666667,-2.2499999999999973,0.013999263362161188
-63.75,-2.2499999999999973,0.017483960950922466
-63.583333333333336,-2.2499999999999973,0.018324359017510825
-63.41666666666667,-2.2499999999999973,0.02124763761184411
-63.25,-2.2499999999999973,0.025896433127847132
-63.083333333333336,-2.2499999999999973,0.02699645949361375
-62.91666666666667,-2.2499999999999973,0.026639588978426477
-62.75,-2.2499999999999973,0.031002996166406078
-62.583333333333336,-2.2499999999999973,0.03504366614484449
-62.41666666666667,-2.2499999999999973,0.03686255816538052
-62.25,-2.2499999999999973,0.04016853410743562
-62.083333333333336,-2.2499999999999973,0.05061124572504588
-61.91666666666667,-2.2499999999999973,0.07595029551127731
-61.75,-2.2499999999999973,0.08504970711214627
-61.583333333333336,-2.2499999999999973,0.09857770686648697
-61.41666666666667,-2.2499999999999973,0.11049134421521954
-61.25,-2.2499999999999973,0.1518709023936199
-61.083333333333336,-2.2499999999999973,0.17982129350022488
-60.91666666666667,-2.2499999999999973,0.19708923844061776
-60.75,-2.2499999999999973,0.20415825021147602
-60.583333333333336,-2.2499999999999973,0.2051917287812122
-60.41666666666667,-2.2499999999999973,0.20444026215380143
-60.25,-2.2499999999999973,0.16591023081151274
-60.083333333333336,-2.2499999999999973,0.16195895032196908
-59.91666666666667,-2.2499999999999973,0.1632593013544169
-59.75,-2.2499999999999973,0.17422996465128612
-59.583333333333336,-2.2499999999999973,0.17867887880271005
-59.41666666666667,-2.2499999999999973,0.18415298699320265
-59.25,-2.2499999999999973,0.22759090724940112
-59.083333333333336,-2.2499999999999973,0.24532018905098352
-58.91666666666667,-2.2499999999999973,0.2519501349829881
-58.75,-2.2499999999999973,0.2719674505665349
-58.583333333333336,-2.2499999999999973,0.28114162853638364
-58.41666666666667,-2.2499999999999973,0.29930543182130936
-58.25,-2.2499999999999973,0.29569961929547695
-58.083333333333336,-2.2499999999999973,0.31798333403071627
-57.91666666666667,-2.2499999999999973,0.287725038069235
-57.75,-2.2499999999999973,0.27093995192208775
-57.583333333333336,-2.2499999999999973,0.2683521340401343
-57.41666666666667,-2.2499999999999973,0.30759627682069435
-57.25,-2.2499999999999973,0.2788921989779245
-57.083333333333336,-2.2499999999999973,0.2064686577707078
-56.91666666666667,-2.2499999999999973,0.22202289918658677
-56.75,-2.2499999999999973,0.2130665071652511
-56.583333333333336,-2.2499999999999973,0.14585426883915256
-56.41666666666667,-2.2499999999999973,0.18709379962501024
-56.25,-2.2499999999999973,0.30308787972852186
-56.083333333333336,-2.2499999999999973,0.32816134418955706
-55.91666666666667,-2.2499999999999973,0.27803104955704944
-55.75,-2.2499999999999973,0.21139009167604134
-55.583333333333336,-2.2499999999999973,0.2049460928076298
-55.41666666666667,-2.2499999999999973,0.14375299486395546
-55.25,-2.2499999999999973,0.22349613759346756
-55.083333333333336,-2.2499999999999973,0.15866533302787314
-54.91666666666667,-2.2499999999999973,0.11938559857015751
-54.75,-2.2499999999999973,0.07114806723502513
-54.583333333333336,-2.2499999999999973,0.08718271594646199
-54.41666666666667,-2.2499999999999973,0.11292210266474083
-54.25,-2.2499999999999973,0.047266288802004904
-54.083333333333336,-2.2499999999999973,0.049030345803817064
-53.91666666666667,-2.2499999999999973,0.09536759520516208
-53.75,-2.2499999999999973,0.1239127516813188
-53.583333333333336,-2.2499999999999973,0.12788653462672725
-53.41666666666667,-2.2499999999999973,0.12849409538400888
-53.25,-2.2499999999999973,0.15298758109246913
-53.083333333333336,-2.2499999999999973,0.14719806250929374
-52.91666666666667,-2.2499999999999973,0.15518078351223746
-52.75,-2.2499999999999973,0.17685176801124836
-52.583333333333336,-2.2499999999999973,0.19210728390290213
-52.41666666666667,-2.2499999999999973,0.2269200293835034
-52.25,-2.2499999999999973,0.22901912366002575
-52.083333333333336,-2.2499999999999973,0.2710703709647384
-51.91666666666667,-2.2499999999999973,0.2833047117596161
-51.75,-2.2499999999999973,0.27816350369556975
-51.583333333333336,-2.2499999999999973,0.2721668024005618
-51.41666666666667,-2.2499999999999973,0.2883506675723552
-51.25,-2.2499999999999973,0.2774301239394061
-51.083333333333336,-2.2499999999999973,0.285076335908291
-50.91666666666667,-2.2499999999999973,0.27640007293872393
-50.75,-2.2499999999999973,0.2795108136273254
-50.583333333333336,-2.2499999999999973,0.23771772159565388
-50.41666666666667,-2.2499999999999973,0.22953548333948626
-50.25,-2.2499999999999973,0.22848921151265353
-50.083333333333336,-2.2499999999999973,0.22731127090769607
-49.91666666666667,-2.2499999999999973,0.2531772959669045
-49.75,-2.2499999999999973,0.2338368491234075
-49.583333333333336,-2.2499999999999973,0.19897167825104184
-49.41666666666667,-2.2499999999999973,0.11502630826763545
-49.25,-2.2499999999999973,0.20136199012912456
-49.083333333333336,-2.2499999999999973,0.22566113703347462
-48.91666666666667,-2.2499999999999973,0.19528988420283608
-48.75,-2.2499999999999973,0.187896776826487
-48.583333333333336,-2.2499999999999973,0.1832134242557177
-48.41666666666667,-2.2499999999999973,0.1330744355374424
-48.25,-2.2499999999999973,0.11045244515561203
-48.083333333333336,-2.2499999999999973,0.14844392947031498
-47.91666666666667,-2.2499999999999973,0.13552762193765758
-47.75,-2.2499999999999973,0.1307584139007587
-47.583333333333336,-2.2499999999999973,0.19431330250446283
-47.41666666666667,-2.2499999999999973,0.19502591683387718
-47.25,-2.2499999999999973,0.19430801306314177
-47.083333333333336,-2.2499999999999973,0.1968176661430071
-46.91666666666667,-2.2499999999999973,0.15859660923384522
-46.75,-2.2499999999999973,0.14990762172502684
-46.583333333333336,-2.2499999999999973,0.17680113884240997
-46.41666666666667,-2.2499999999999973,0.2193808616820954
-46.25,-2.2499999999999973,0.25237295575312263
-46.083333333333336,-2.2499999999999973,0.2882853931360887
-45.91666666666667,-2.2499999999999973,0.276213111110281
-45.75,-2.2499999999999973,0.26794833886974795
-45.583333333333336,-2.2499999999999973,0.3392888680298385
-45.41666666666667,-2.2499999999999973,0.11781835557276403
-45.25,-2.2499999999999973,0.08288006856624879
-45.083333333333336,-2.2499999999999973,0.08208196936170478
-44.91666666666667,-2.2499999999999973,0.050759876599953103
-44.75,-2.2499999999999973,0.05675727124460377
-44.583333333333336,-2.2499999999999973,0.0602783125895028
-69.41666666666667,-2.4166666666666643,0.006507772017733932
-69.25,-2.4166666666666643,0.0048787294696727755
-69.08333333333333,-2.4166666666666643,0.005915356654205856
-68.91666666666667,-2.4166666666666643,0.005697181880794276
-68.75,-2.4166666666666643,0.0052581461825821
-68.58333333333333,-2.4166666666666643,0.006224023462396469
-68.41666666666667,-2.4166666666666643,0.008761565294641425
-68.25,-2.4166666666666643,0.014063977202966479
-68.08333333333333,-2.4166666666666643,0.0069013468431045775
-67.91666666666667,-2.4166666666666643,0.007193823377702848
-67.75,-2.4166666666666643,0.007247532087611475
-67.58333333333333,-2.4166666666666643,0.008506362977235943
-67.41666666666667,-2.4166666666666643,0.011013979679004025
-67.25,-2.4166666666666643,0.02518586039626246
-67.08333333333333,-2.4166666666666643,0.02515113590900532
-66.91666666666667,-2.4166666666666643,0.024455439387941338
-66.75,-2.4166666666666643,0.02208578051412062
-66.58333333333333,-2.4166666666666643,0.021571760201515855
-66.41666666666667,-2.4166666666666643,0.025700059261902095
-66.25,-2.4166666666666643,0.034412249750513955
-66.08333333333333,-2.4166666666666643,0.02605302770644309
-65.91666666666667,-2.4166666666666643,0.0199769741622385
-65.75,-2.4166666666666643,0.013710308895941997
-65.58333333333333,-2.4166666666666643,0.008209216177390797
-65.41666666666667,-2.4166666666666643,0.018843704967649994
-65.25,-2.4166666666666643,0.03197208123356194
-65.08333333333333,-2.4166666666666643,0.022711448288928984
-64.91666666666667,-2.4166666666666643,0.024918788872539795
-64.75,-2.4166666666666643,0.018121605240513296
-64.58333333333333,-2.4166666666666643,0.01054094181408121
-64.41666666666667,-2.4166666666666643,0.0076719272466314265
-64.25,-2.4166666666666643,0.009942076557361715
-64.08333333333333,-2.4166666666666643,0.013294327727811793
-63.91666666666667,-2.4166666666666643,0.0151924416965146
-63.75,-2.4166666666666643,0.017836094942777932
-63.583333333333336,-2.4166666666666643,0.02072387416415282
-63.41666666666667,-2.4166666666666643,0.022360431571185502
-63.25,-2.4166666666666643,0.025841298519672515
-63.083333333333336,-2.4166666666666643,0.0293288117864748
-62.91666666666667,-2.4166666666666643,0.033054717756700644
-62.75,-2.4166666666666643,0.03526190702121838
-62.583333333333336,-2.4166666666666643,0.03595646487528957
-62.41666666666667,-2.4166666666666643,0.03729316176102687
-62.25,-2.4166666666666643,0.040867435591662934
-62.083333333333336,-2.4166666666666643,0.06372544064229098
-61.91666666666667,-2.4166666666666643,0.08186304915221489
-61.75,-2.4166666666666643,0.09488426174094242
-61.583333333333336,-2.4166666666666643,0.10009963517455342
-61.41666666666667,-2.4166666666666643,0.1259719659793677
-61.25,-2.4166666666666643,0.17020029770459147
-61.083333333333336,-2.4166666666666643,0.20479764646702645
-60.91666666666667,-2.4166666666666643,0.2353742649834001
-60.75,-2.4166666666666643,0.24467986314392887
-60.583333333333336,-2.4166666666666643,0.24193068586363464
-60.41666666666667,-2.4166666666666643,0.18240291381925416
-60.25,-2.4166666666666643,0.19219705034325738
-60.083333333333336,-2.4166666666666643,0.18306147964119754
-59.91666666666667,-2.4166666666666643,0.1549125483707549
-59.75,-2.4166666666666643,0.18809305704602983
-59.583333333333336,-2.4166666666666643,0.1963233190469073
-59.41666666666667,-2.4166666666666643,0.18156155430407164
-59.25,-2.4166666666666643,0.16784161432971254
-59.083333333333336,-2.4166666666666643,0.1835712640654993
-58.91666666666667,-2.4166666666666643,0.22646308620404632
-58.75,-2.4166666666666643,0.24360538907576648
-58.583333333333336,-2.4166666666666643,0.25250693168867067
-58.41666666666667,-2.4166666666666643,0.2908106241465902
-58.25,-2.4166666666666643,0.2860512176290723
-58.083333333333336,-2.4166666666666643,0.30518298572149954
-57.91666666666667,-2.4166666666666643,0.28849293108818114
-57.75,-2.4166666666666643,0.2956203170518802
-57.583333333333336,-2.4166666666666643,0.286067725454606
-57.41666666666667,-2.4166666666666643,0.29068012101376034
-57.25,-2.4166666666666643,0.24477696108329655
-57.083333333333336,-2.4166666666666643,0.22255925767942397
-56.91666666666667,-2.4166666666666643,0.17744546149374527
-56.75,-2.4166666666666643,0.17317794320592714
-56.583333333333336,-2.4166666666666643,0.21518061002069813
-56.41666666666667,-2.4166666666666643,0.2945567637860689
-56.25,-2.4166666666666643,0.32347456666630237
-56.083333333333336,-2.4166666666666643,0.28988089572317155
-55.91666666666667,-2.4166666666666643,0.2525029419336848
-55.75,-2.4166666666666643,0.2612608313350249
-55.583333333333336,-2.4166666666666643,0.2638403167460161
-55.41666666666667,-2.4166666666666643,0.27519174081767966
-55.25,-2.4166666666666643,0.275458581721998
-55.083333333333336,-2.4166666666666643,0.21957826427002264
-54.91666666666667,-2.4166666666666643,0.23340625131251613
-54.75,-2.4166666666666643,0.20465782543681588
-54.583333333333336,-2.4166666666666643,0.1873642731444679
-54.41666666666667,-2.4166666666666643,0.11080896107206666
-54.25,-2.4166666666666643,0.1783287608071992
-54.083333333333336,-2.4166666666666643,0.19078420781918518
-53.91666666666667,-2.4166666666666643,0.17790421423471486
-53.75,-2.4166666666666643,0.12334048917256486
-53.583333333333336,-2.4166666666666643,0.12926054541867413
-53.41666666666667,-2.4166666666666643,0.11841236358615426
-53.25,-2.4166666666666643,0.11550213619397172
-53.083333333333336,-2.4166666666666643,0.1110483682925556
-52.91666666666667,-2.4166666666666643,0.1426661598194587
-52.75,-2.4166666666666643,0.16198862641732897
-52.583333333333336,-2.4166666666666643,0.183246571432896
-52.41666666666667,-2.4166666666666643,0.20486776268056672
-52.25,-2.4166666666666643,0.2194666788286138
-52.083333333333336,-2.4166666666666643,0.19913409831228523
-51.91666666666667,-2.4166666666666643,0.29471302205182554
-51.75,-2.4166666666666643,0.29652119434355106
-51.583333333333336,-2.4166666666666643,0.27872474697759886
-51.41666666666667,-2.4166666666666643,0.2866544242321509
-51.25,-2.4166666666666643,0.2899309429947768
-51.083333333333336,-2.4166666666666643,0.28149937592474494
-50.91666666666667,-2.4166666666666643,0.2856346212312969
-50.75,-2.4166666666666643,0.27652506405469474
-50.583333333333336,-2.4166666666666643,0.2308453371747615
-50.41666666666667,-2.4166666666666643,0.22200660284553042
-50.25,-2.4166666666666643,0.2317915292841456
-50.083333333333336,-2.4166666666666643,0.2279525409087389
-49.91666666666667,-2.4166666666666643,0.23511978736500413
-49.75,-2.4166666666666643,0.26271849927839475
-49.583333333333336,-2.4166666666666643,0.20429663599416326
-49.41666666666667,-2.4166666666666643,0.20509419421751898
-49.25,-2.4166666666666643,0.22166851386129519
-49.083333333333336,-2.4166666666666643,0.20839178501493297
-48.91666666666667,-2.4166666666666643,0.19005738310851042
-48.75,-2.4166666666666643,0.18948922453134381
-48.583333333333336,-2.4166666666666643,0.18467626159440273
-48.41666666666667,-2.4166666666666643,0.17256023900194623
-48.25,-2.4166666666666643,0.14189753799803764
-48.083333333333336,-2.4166666666666643,0.13652066490220968
-47.91666666666667,-2.4166666666666643,0.12601022748018612
-47.75,-2.4166666666666643,0.12008242416712735
-47.583333333333336,-2.4166666666666643,0.1832051740067347
-47.41666666666667,-2.4166666666666643,0.16209955225084127
-47.25,-2.4166666666666643,0.16742264955844974
-47.083333333333336,-2.4166666666666643,0.18011588505637827
-46.91666666666667,-2.4166666666666643,0.14632221796509087
-46.75,-2.4166666666666643,0.15595013339712782
-46.583333333333336,-2.4166666666666643,0.16552763398281542
-46.41666666666667,-2.4166666666666643,0.22976531322639906
-46.25,-2.4166666666666643,0.2543532993014979
-46.083333333333336,-2.4166666666666643,0.27827422213337144
-45.91666666666667,-2.4166666666666643,0.2950163010148905
-45.75,-2.4166666666666643,0.287241350051219
-45.583333333333336,-2.4166666666666643,0.2010221372370653
-45.41666666666667,-2.4166666666666643,0.1093021565107151
-45.25,-2.4166666666666643,0.21149382664118427
-45.083333333333336,-2.4166666666666643,0.05316888268746543
-44.91666666666667,-2.4166666666666643,0.05346413858749486
-44.75,-2.4166666666666643,0.059188179309690385
-44.583333333333336,-2.4166666666666643,0.06275525353132584
-69.41666666666667,-2.5833333333333304,0.009402382085594463
-69.25,-2.5833333333333304,0.006259890167100212
-69.08333333333333,-2.5833333333333304,0.004837891906842532
-68.91666666666667,-2.5833333333333304,0.005923514922161685
-68.75,-2.5833333333333304,0.0058886995956347
-68.58333333333333,-2.5833333333333304,0.0054971021005231395
-68.41666666666667,-2.5833333333333304,0.006492635752602902
-68.25,-2.5833333333333304,0.00650563865123113
-68.08333333333333,-2.5833333333333304,0.0072146506741045694
-67.91666666666667,-2.5833333333333304,0.008023225355584945
-67.75,-2.5833333333333304,0.009253644176958528
-67.58333333333333,-2.5833333333333304,0.010540922539638268
-67.41666666666667,-2.5833333333333304,0.027535036692242942
-67.25,-2.5833333333333304,0.024539609218736096
-67.08333333333333,-2.5833333333333304,0.02386106596615767
-66.91666666666667,-2.5833333333333304,0.024537338958243303
-66.75,-2.5833333333333304,0.03015044570113509
-66.58333333333333,-2.5833333333333304,0.03366363453562442
-66.41666666666667,-2.5833333333333304,0.03623820219402832
-66.25,-2.5833333333333304,0.0427573103624495
-66.08333333333333,-2.5833333333333304,0.03181641625296359
-65.91666666666667,-2.5833333333333304,0.02561235036779394
-65.75,-2.5833333333333304,0.013646425769549202
-65.58333333333333,-2.5833333333333304,0.009819763122074037
-65.41666666666667,-2.5833333333333304,0.009886273936710016
-65.25,-2.5833333333333304,0.03716144807937937
-65.08333333333333,-2.5833333333333304,0.02944211845771428
-64.91666666666667,-2.5833333333333304,0.02458462540324938
-64.75,-2.5833333333333304,0.015722690239612525
-64.58333333333333,-2.5833333333333304,0.010886664968402394
-64.41666666666667,-2.5833333333333304,0.014207759705285148
-64.25,-2.5833333333333304,0.011140820036378661
-64.08333333333333,-2.5833333333333304,0.014923076948577021
-63.91666666666667,-2.5833333333333304,0.01785006923804076
-63.75,-2.5833333333333304,0.02087853589303188
-63.583333333333336,-2.5833333333333304,0.024447204361338286
-63.41666666666667,-2.5833333333333304,0.026740900780118447
-63.25,-2.5833333333333304,0.028146565319716772
-63.083333333333336,-2.5833333333333304,0.031483839632686354
-62.91666666666667,-2.5833333333333304,0.035634365120341495
-62.75,-2.5833333333333304,0.03713698804130127
-62.583333333333336,-2.5833333333333304,0.034014978246477985
-62.41666666666667,-2.5833333333333304,0.04052772322923017
-62.25,-2.5833333333333304,0.049523746763770915
-62.083333333333336,-2.5833333333333304,0.06664649757330593
-61.91666666666667,-2.5833333333333304,0.0812403837402426
-61.75,-2.5833333333333304,0.08927027092865206
-61.583333333333336,-2.5833333333333304,0.10476500709702005
-61.41666666666667,-2.5833333333333304,0.1336390948577383
-61.25,-2.5833333333333304,0.17869728040616378
-61.083333333333336,-2.5833333333333304,0.2364468117818627
-60.91666666666667,-2.5833333333333304,0.231211165164714
-60.75,-2.5833333333333304,0.1703511148165575
-60.583333333333336,-2.5833333333333304,0.21500558062749434
-60.41666666666667,-2.5833333333333304,0.2040196525387005
-60.25,-2.5833333333333304,0.22868557569149692
-60.083333333333336,-2.5833333333333304,0.20459897321469747
-59.91666666666667,-2.5833333333333304,0.1929234518732656
-59.75,-2.5833333333333304,0.1835763944972503
-59.583333333333336,-2.5833333333333304,0.18502709139281648
-59.41666666666667,-2.5833333333333304,0.20532342527674458
-59.25,-2.5833333333333304,0.18596962500016395
-59.083333333333336,-2.5833333333333304,0.19616851633954632
-58.91666666666667,-2.5833333333333304,0.1937347568314474
-58.75,-2.5833333333333304,0.2259425264853567
-58.583333333333336,-2.5833333333333304,0.24797092472845952
-58.41666666666667,-2.5833333333333304,0.2613275308248907
-58.25,-2.5833333333333304,0.28590450642407206
-58.083333333333336,-2.5833333333333304,0.26971695508637816
-57.91666666666667,-2.5833333333333304,0.21969071117032796
-57.75,-2.5833333333333304,0.1987047431231622
-57.583333333333336,-2.5833333333333304,0.21053428241503488
-57.41666666666667,-2.5833333333333304,0.1978684532131048
-57.25,-2.5833333333333304,0.1971377388749586
-57.083333333333336,-2.5833333333333304,0.17025062321367324
-56.91666666666667,-2.5833333333333304,0.17212331844877413
-56.75,-2.5833333333333304,0.21579292026453104
-56.583333333333336,-2.5833333333333304,0.3032260806287037
-56.41666666666667,-2.5833333333333304,0.30809424173078614
-56.25,-2.5833333333333304,0.2816466051167352
-56.083333333333336,-2.5833333333333304,0.27955569946330855
-55.91666666666667,-2.5833333333333304,0.2562479945168056
-55.75,-2.5833333333333304,0.2676765335111246
-55.583333333333336,-2.5833333333333304,0.2766486337469907
-55.41666666666667,-2.5833333333333304,0.2775234540962151
-55.25,-2.5833333333333304,0.26970427008374936
-55.083333333333336,-2.5833333333333304,0.17146155357183657
-54.91666666666667,-2.5833333333333304,0.30322588561445224
-54.75,-2.5833333333333304,0.2902272103389018
-54.583333333333336,-2.5833333333333304,0.28327352362569597
-54.41666666666667,-2.5833333333333304,0.31716007805233437
-54.25,-2.5833333333333304,0.2609053785334417
-54.083333333333336,-2.5833333333333304,0.21777712415046444
-53.91666666666667,-2.5833333333333304,0.13051600373933353
-53.75,-2.5833333333333304,0.11780361415459727
-53.583333333333336,-2.5833333333333304,0.11682180252611706
-53.41666666666667,-2.5833333333333304,0.08449651382794476
-53.25,-2.5833333333333304,0.10199792335886591
-53.083333333333336,-2.5833333333333304,0.11551490944267344
-52.91666666666667,-2.5833333333333304,0.1301813709073088
-52.75,-2.5833333333333304,0.1348026799111179
-52.583333333333336,-2.5833333333333304,0.14771220609111071
-52.41666666666667,-2.5833333333333304,0.16597062109311553
-52.25,-2.5833333333333304,0.2098722294793752
-52.083333333333336,-2.5833333333333304,0.24190429019651558
-51.91666666666667,-2.5833333333333304,0.29117157770281066
-51.75,-2.5833333333333304,0.29311345437022274
-51.583333333333336,-2.5833333333333304,0.267872029460819
-51.41666666666667,-2.5833333333333304,0.28053239122624263
-51.25,-2.5833333333333304,0.27712438780479826
-51.083333333333336,-2.5833333333333304,0.29583463429212853
-50.91666666666667,-2.5833333333333304,0.28496925658552663
-50.75,-2.5833333333333304,0.26671693928213597
-50.583333333333336,-2.5833333333333304,0.2542942246844872
-50.41666666666667,-2.5833333333333304,0.2301060231191584
-50.25,-2.5833333333333304,0.23569815310843922
-50.083333333333336,-2.5833333333333304,0.23239253805121296
-49.91666666666667,-2.5833333333333304,0.22825108573535446
-49.75,-2.5833333333333304,0.24490586733782163
-49.583333333333336,-2.5833333333333304,0.19931523724415137
-49.41666666666667,-2.5833333333333304,0.2586483010810865
-49.25,-2.5833333333333304,0.21703957120524756
-49.083333333333336,-2.5833333333333304,0.2077174812719578
-48.91666666666667,-2.5833333333333304,0.18369466148792624
-48.75,-2.5833333333333304,0.17597595544201847
-48.583333333333336,-2.5833333333333304,0.1837927056302185
-48.41666666666667,-2.5833333333333304,0.14685887163817704
-48.25,-2.5833333333333304,0.16293559706265232
-48.083333333333336,-2.5833333333333304,0.12595222074446263
-47.91666666666667,-2.5833333333333304,0.11807694211835902
-47.75,-2.5833333333333304,0.14101273386318608
-47.583333333333336,-2.5833333333333304,0.17857771888505036
-47.41666666666667,-2.5833333333333304,0.15438544512596758
-47.25,-2.5833333333333304,0.13425392376115972
-47.083333333333336,-2.5833333333333304,0.11170928799269556
-46.91666666666667,-2.5833333333333304,0.12038487895236509
-46.75,-2.5833333333333304,0.14765185546406612
-46.583333333333336,-2.5833333333333304,0.15880383401520085
-46.41666666666667,-2.5833333333333304,0.20007619229998908
-46.25,-2.5833333333333304,0.19714991420901948
-46.083333333333336,-2.5833333333333304,0.22626307586287117
-45.91666666666667,-2.5833333333333304,0.29101854073140904
-45.75,-2.5833333333333304,0.31018903009358795
-45.583333333333336,-2.5833333333333304,0.28110336141503917
-45.41666666666667,-2.5833333333333304,0.23347386243734694
-45.25,-2.5833333333333304,0.18891889759362873
-45.083333333333336,-2.5833333333333304,0.04737004273295494
-44.91666666666667,-2.5833333333333304,0.049546884212079825
-44.75,-2.5833333333333304,0.050966203853076326
-44.583333333333336,-2.5833333333333304,0.0444814681749646
-44.41666666666667,-2.5833333333333304,0.08190477871459836
-44.25,-2.5833333333333304,0.0983724202020713
-44.083333333333336,-2.5833333333333304,0.11022959224069917
-43.91666666666667,-2.5833333333333304,0.06979451726828101
-69.41666666666667,-2.7499999999999964,0.011731890490495412
-69.25,-2.7499999999999964,0.008266250650999313
-69.08333333333333,-2.7499999999999964,0.007414984519997368
-68.91666666666667,-2.7499999999999964,0.007880675816441642
-68.75,-2.7499999999999964,0.008809060623813399
-68.58333333333333,-2.7499999999999964,0.007880015555738452
-68.41666666666667,-2.7499999999999964,0.007371787040161503
-68.25,-2.7499999999999964,0.007396393772292959
-68.08333333333333,-2.7499999999999964,0.00926681454149575
-67.91666666666667,-2.7499999999999964,0.011833866866744949
-67.75,-2.7499999999999964,0.032735275311961284
-67.58333333333333,-2.7499999999999964,0.035960315119851545
-67.41666666666667,-2.7499999999999964,0.030445049398288824
-67.25,-2.7499999999999964,0.02666900984754604
-67.08333333333333,-2.7499999999999964,0.0201621592137826
-66.91666666666667,-2.7499999999999964,0.028042553103125912
-66.75,-2.7499999999999964,0.028432695896311644
-66.58333333333333,-2.7499999999999964,0.0328383903140807
-66.41666666666667,-2.7499999999999964,0.0252602997498502
-66.25,-2.7499999999999964,0.02704260232142773
-66.08333333333333,-2.7499999999999964,0.030729047865931
-65.91666666666667,-2.7499999999999964,0.023785521768137207
-65.75,-2.7499999999999964,0.01981670425406383
-65.58333333333333,-2.7499999999999964,0.01065441492573719
-65.41666666666667,-2.7499999999999964,0.011139329952622545
-65.25,-2.7499999999999964,0.01628721286326026
-65.08333333333333,-2.7499999999999964,0.02191992683638081
-64.91666666666667,-2.7499999999999964,0.023587562114336873
-64.75,-2.7499999999999964,0.010587675288176637
-64.58333333333333,-2.7499999999999964,0.013932108053281397
-64.41666666666667,-2.7499999999999964,0.019448730479712104
-64.25,-2.7499999999999964,0.025049886860341063
-64.08333333333333,-2.7499999999999964,0.01726776700892069
-63.91666666666667,-2.7499999999999964,0.02114531509311555
-63.75,-2.7499999999999964,0.024983476647938527
-63.583333333333336,-2.7499999999999964,0.02561896621785466
-63.41666666666667,-2.7499999999999964,0.02757306686999038
-63.25,-2.7499999999999964,0.030256675223642025
-63.083333333333336,-2.7499999999999964,0.031750848442431805
-62.91666666666667,-2.7499999999999964,0.03644379064570321
-62.75,-2.7499999999999964,0.03759322860216831
-62.583333333333336,-2.7499999999999964,0.03785731056198543
-62.41666666666667,-2.7499999999999964,0.04194865214552545
-62.25,-2.7499999999999964,0.04901588409467875
-62.083333333333336,-2.7499999999999964,0.06596069916805856
-61.91666666666667,-2.7499999999999964,0.08679669957007052
-61.75,-2.7499999999999964,0.09884628464166721
-61.583333333333336,-2.7499999999999964,0.11673955896838825
-61.41666666666667,-2.7499999999999964,0.14439746247060145
-61.25,-2.7499999999999964,0.24483564818523956
-61.083333333333336,-2.7499999999999964,0.2339495763796177
-60.91666666666667,-2.7499999999999964,0.1737613563423873
-60.75,-2.7499999999999964,0.15765483187066467
-60.583333333333336,-2.7499999999999964,0.193184558705349
-60.41666666666667,-2.7499999999999964,0.23482375626051488
-60.25,-2.7499999999999964,0.23188445851089526
-60.083333333333336,-2.7499999999999964,0.2292742613271646
-59.91666666666667,-2.7499999999999964,0.17191264298526843
-59.75,-2.7499999999999964,0.1844558067112178
-59.583333333333336,-2.7499999999999964,0.19249235395083994
-59.41666666666667,-2.7499999999999964,0.1901206944836245
-59.25,-2.7499999999999964,0.23340845631836085
-59.083333333333336,-2.7499999999999964,0.2217645516070363
-58.91666666666667,-2.7499999999999964,0.23490884851999427
-58.75,-2.7499999999999964,0.268948332464588
-58.583333333333336,-2.7499999999999964,0.276265938994125
-58.41666666666667,-2.7499999999999964,0.27217084621942683
-58.25,-2.7499999999999964,0.2929771710650594
-58.083333333333336,-2.7499999999999964,0.2842728619838157
-57.91666666666667,-2.7499999999999964,0.20295316435547203
-57.75,-2.7499999999999964,0.19593601624793416
-57.583333333333336,-2.7499999999999964,0.21928633010865412
-57.41666666666667,-2.7499999999999964,0.22579917071099173
-57.25,-2.7499999999999964,0.17558433730400058
-57.083333333333336,-2.7499999999999964,0.2019807380287037
-56.91666666666667,-2.7499999999999964,0.20159248589380804
-56.75,-2.7499999999999964,0.26222144221187077
-56.583333333333336,-2.7499999999999964,0.28928027927421446
-56.41666666666667,-2.7499999999999964,0.30096761356266083
-56.25,-2.7499999999999964,0.28929406471434643
-56.083333333333336,-2.7499999999999964,0.27788684894276733
-55.91666666666667,-2.7499999999999964,0.23500911638995034
-55.75,-2.7499999999999964,0.2616352914108619
-55.583333333333336,-2.7499999999999964,0.283343175212481
-55.41666666666667,-2.7499999999999964,0.21500899304954044
-55.25,-2.7499999999999964,0.2901495045971928
-55.083333333333336,-2.7499999999999964,0.13626002410760996
-54.91666666666667,-2.7499999999999964,0.2612623443485096
-54.75,-2.7499999999999964,0.263203765537202
-54.583333333333336,-2.7499999999999964,0.24293929226785133
-54.41666666666667,-2.7499999999999964,0.28386937800221
-54.25,-2.7499999999999964,0.27939573459811573
-54.083333333333336,-2.7499999999999964,0.14822676949452043
-53.91666666666667,-2.7499999999999964,0.15393261850515313
-53.75,-2.7499999999999964,0.1146256120169057
-53.583333333333336,-2.7499999999999964,0.09033297383485853
-53.41666666666667,-2.7499999999999964,0.09488574385248148
-53.25,-2.7499999999999964,0.10108263571086072
-53.083333333333336,-2.7499999999999964,0.1126977190070537
-52.91666666666667,-2.7499999999999964,0.12169187915250144
-52.75,-2.7499999999999964,0.14924972924930216
-52.583333333333336,-2.7499999999999964,0.13322343733237943
-52.41666666666667,-2.7499999999999964,0.15014048201721647
-52.25,-2.7499999999999964,0.18011491631542298
-52.083333333333336,-2.7499999999999964,0.21719350356510456
-51.91666666666667,-2.7499999999999964,0.27845126728919745
-51.75,-2.7499999999999964,0.28234076970643596
-51.583333333333336,-2.7499999999999964,0.2687636880899051
-51.41666666666667,-2.7499999999999964,0.282118294204785
-51.25,-2.7499999999999964,0.2784743908538325
-51.083333333333336,-2.7499999999999964,0.2662410135821191
-50.91666666666667,-2.7499999999999964,0.2738538280960995
-50.75,-2.7499999999999964,0.2614275547921253
-50.583333333333336,-2.7499999999999964,0.25890005206526856
-50.41666666666667,-2.7499999999999964,0.23996135855755213
-50.25,-2.7499999999999964,0.22321232214278475
-50.083333333333336,-2.7499999999999964,0.22733808261888763
-49.91666666666667,-2.7499999999999964,0.2186431142412338
-49.75,-2.7499999999999964,0.19876374934847027
-49.583333333333336,-2.7499999999999964,0.25243302716035343
-49.41666666666667,-2.7499999999999964,0.2343025761173507
-49.25,-2.7499999999999964,0.19756520793162646
-49.083333333333336,-2.7499999999999964,0.20109140565106307
-48.91666666666667,-2.7499999999999964,0.21236269876911926
-48.75,-2.7499999999999964,0.17182013786644798
-48.583333333333336,-2.7499999999999964,0.16795577238008247
-48.41666666666667,-2.7499999999999964,0.17408925839414652
-48.25,-2.7499999999999964,0.16897534068994827
-48.083333333333336,-2.7499999999999964,0.16450084746067073
-47.91666666666667,-2.7499999999999964,0.12268265165023819
-47.75,-2.7499999999999964,0.1285694368561242
-47.583333333333336,-2.7499999999999964,0.1577561318328901
-47.41666666666667,-2.7499999999999964,0.15428113714444883
-47.25,-2.7499999999999964,0.13067245931117208
-47.083333333333336,-2.7499999999999964,0.10974454348303365
-46.91666666666667,-2.7499999999999964,0.12856129861841994
-46.75,-2.7499999999999964,0.15948410330705906
-46.583333333333336,-2.7499999999999964,0.1612253230442732
-46.41666666666667,-2.7499999999999964,0.17871079268649812
-46.25,-2.7499999999999964,0.19426568479722026
-46.083333333333336,-2.7499999999999964,0.19963279857019572
-45.91666666666667,-2.7499999999999964,0.2521019481090254
-45.75,-2.7499999999999964,0.28891748722546834
-45.583333333333336,-2.7499999999999964,0.2875892034566038
-45.41666666666667,-2.7499999999999964,0.25549949346053474
-45.25,-2.7499999999999964,0.13697841123118795
-45.083333333333336,-2.7499999999999964,0.08454251500532853
-44.91666666666667,-2.7499999999999964,0.07132185234146932
-44.75,-2.7499999999999964,0.04856947427487141
-44.583333333333336,-2.7499999999999964,0.05918415916187856
-44.41666666666667,-2.7499999999999964,0.06412473555152734
-44.25,-2.7499999999999964,0.08265191615896496
-44.083333333333336,-2.7499999999999964,0.11271671866874011
-69.58333333333333,-2.9166666666666643,0.026931955180622642
-69.41666666666667,-2.9166666666666643,0.015283142277870407
-69.25,-2.9166666666666643,0.012269597082618119
-69.08333333333333,-2.9166666666666643,0.008376202693761962
-68.91666666666667,-2.9166666666666643,0.007114201132066032
-68.75,-2.9166666666666643,0.00936936951675527
-68.58333333333333,-2.9166666666666643,0.007484619036343881
-68.41666666666667,-2.9166666666666643,0.007454637285099671
-68.25,-2.9166666666666643,0.00972557616770858
-68.08333333333333,-2.9166666666666643,0.013526049558757795
-67.91666666666667,-2.9166666666666643,0.017660616313799775
-67.75,-2.9166666666666643,0.052280165932222164
-67.58333333333333,-2.9166666666666643,0.043351523968795276
-67.41666666666667,-2.9166666666666643,0.03208062459795446
-67.25,-2.9166666666666643,0.024563319353763997
-67.08333333333333,-2.9166666666666643,0.035170815377180115
-66.91666666666667,-2.9166666666666643,0.033831517302101544
-66.75,-2.9166666666666643,0.029917869833180257
-66.58333333333333,-2.9166666666666643,0.02686333519180166
-66.41666666666667,-2.9166666666666643,0.025362234135930903
-66.25,-2.9166666666666643,0.028273349711032604
-66.08333333333333,-2.9166666666666643,0.02996537171866012
-65.91666666666667,-2.9166666666666643,0.02880341388815723
-65.75,-2.9166666666666643,0.02077622364128258
-65.58333333333333,-2.9166666666666643,0.012356599686487816
-65.41666666666667,-2.9166666666666643,0.011248633960140966
-65.25,-2.9166666666666643,0.010540423010311419
-65.08333333333333,-2.9166666666666643,0.011445169344465616
-64.91666666666667,-2.9166666666666643,0.012733835205997423
-64.75,-2.9166666666666643,0.01513849953818074
-64.58333333333333,-2.9166666666666643,0.02112642110075559
-64.41666666666667,-2.9166666666666643,0.02979494559088166
-64.25,-2.9166666666666643,0.036784237850526605
-64.08333333333333,-2.9166666666666643,0.020841984658202264
-63.91666666666667,-2.9166666666666643,0.025287776988252735
-63.75,-2.9166666666666643,0.02995781733458393
-63.583333333333336,-2.9166666666666643,0.032269881703300154
-63.41666666666667,-2.9166666666666643,0.03579136897935584
-63.25,-2.9166666666666643,0.03627228757952035
-63.083333333333336,-2.9166666666666643,0.03976516752309621
-62.91666666666667,-2.9166666666666643,0.03640404387666222
-62.75,-2.9166666666666643,0.03949492735983435
-62.583333333333336,-2.9166666666666643,0.04165547047686098
-62.41666666666667,-2.9166666666666643,0.043446378898726816
-62.25,-2.9166666666666643,0.05548629412963529
-62.083333333333336,-2.9166666666666643,0.0665819442452506
-61.91666666666667,-2.9166666666666643,0.0743939899364219
-61.75,-2.9166666666666643,0.09135136391353113
-61.583333333333336,-2.9166666666666643,0.11961503074241307
-61.41666666666667,-2.9166666666666643,0.2509242502137234
-61.25,-2.9166666666666643,0.28875858573556834
-61.083333333333336,-2.9166666666666643,0.28807422914300607
-60.91666666666667,-2.9166666666666643,0.16474505057674324
-60.75,-2.9166666666666643,0.20408685116462447
-60.583333333333336,-2.9166666666666643,0.1649483025613025
-60.41666666666667,-2.9166666666666643,0.2600788718852866
-60.25,-2.9166666666666643,0.24912573384231687
-60.083333333333336,-2.9166666666666643,0.24038353257328313
-59.91666666666667,-2.9166666666666643,0.18576228034201966
-59.75,-2.9166666666666643,0.18687123553172597
-59.583333333333336,-2.9166666666666643,0.21483511921402834
-59.41666666666667,-2.9166666666666643,0.20889137864020701
-59.25,-2.9166666666666643,0.2211533607344081
-59.083333333333336,-2.9166666666666643,0.24963646908763942
-58.91666666666667,-2.9166666666666643,0.26122067061110765
-58.75,-2.9166666666666643,0.26728114338040637
-58.583333333333336,-2.9166666666666643,0.2879996016529988
-58.41666666666667,-2.9166666666666643,0.28812278157128357
-58.25,-2.9166666666666643,0.16522960666059422
-58.083333333333336,-2.9166666666666643,0.2213567755772528
-57.91666666666667,-2.9166666666666643,0.23186538625792905
-57.75,-2.9166666666666643,0.23070632727631218
-57.583333333333336,-2.9166666666666643,0.29657229570107213
-57.41666666666667,-2.9166666666666643,0.30491067790968485
-57.25,-2.9166666666666643,0.2420023493682159
-57.083333333333336,-2.9166666666666643,0.24911374299503017
-56.91666666666667,-2.9166666666666643,0.23384686099097543
-56.75,-2.9166666666666643,0.2670632155006357
-56.583333333333336,-2.9166666666666643,0.3112638607959996
-56.41666666666667,-2.9166666666666643,0.2949516095360706
-56.25,-2.9166666666666643,0.2880344471009121
-56.083333333333336,-2.9166666666666643,0.28025503979253213
-55.91666666666667,-2.9166666666666643,0.2556078908307609
-55.75,-2.9166666666666643,0.2693089470813108
-55.583333333333336,-2.9166666666666643,0.2852136503982321
-55.41666666666667,-2.9166666666666643,0.2195732607895811
-55.25,-2.9166666666666643,0.24670733518270588
-55.083333333333336,-2.9166666666666643,0.28344280067310373
-54.91666666666667,-2.9166666666666643,0.2935445766430537
-54.75,-2.9166666666666643,0.27578021587774587
-54.583333333333336,-2.9166666666666643,0.28829360965293394
-54.41666666666667,-2.9166666666666643,0.2732198180948475
-54.25,-2.9166666666666643,0.2588738032780811
-54.083333333333336,-2.9166666666666643,0.13493262037681925
-53.91666666666667,-2.9166666666666643,0.10856357645754264
-53.75,-2.9166666666666643,0.12129709744802149
-53.583333333333336,-2.9166666666666643,0.10039127688382544
-53.41666666666667,-2.9166666666666643,0.09090573704541109
-53.25,-2.9166666666666643,0.09626121983947916
-53.083333333333336,-2.9166666666666643,0.11156953306648879
-52.91666666666667,-2.9166666666666643,0.12136853815687415
-52.75,-2.9166666666666643,0.1518600355757318
-52.583333333333336,-2.9166666666666643,0.1487785453398037
-52.41666666666667,-2.9166666666666643,0.142185429711308
-52.25,-2.9166666666666643,0.19259696749331526
-52.083333333333336,-2.9166666666666643,0.23007562254336236
-51.91666666666667,-2.9166666666666643,0.2845107710485551
-51.75,-2.9166666666666643,0.283536906399932
-51.583333333333336,-2.9166666666666643,0.25300443618252655
-51.41666666666667,-2.9166666666666643,0.2799851050822488
-51.25,-2.9166666666666643,0.2831108272252639
-51.083333333333336,-2.9166666666666643,0.28437034446959863
-50.91666666666667,-2.9166666666666643,0.28638736322403635
-50.75,-2.9166666666666643,0.26227036670354525
-50.583333333333336,-2.9166666666666643,0.22746857503803833
-50.41666666666667,-2.9166666666666643,0.22437817679933475
-50.25,-2.9166666666666643,0.21769161244153193
-50.083333333333336,-2.9166666666666643,0.21533566773607005
-49.91666666666667,-2.9166666666666643,0.2197544056550485
-49.75,-2.9166666666666643,0.24037317650817486
-49.583333333333336,-2.9166666666666643,0.23255408157538465
-49.41666666666667,-2.9166666666666643,0.211732467802341
-49.25,-2.9166666666666643,0.16453611885486566
-49.083333333333336,-2.9166666666666643,0.19872521948449415
-48.91666666666667,-2.9166666666666643,0.24151899927572543
-48.75,-2.9166666666666643,0.18839022956269794
-48.583333333333336,-2.9166666666666643,0.15526734379655222
-48.41666666666667,-2.9166666666666643,0.16532596353370418
-48.25,-2.9166666666666643,0.17671376702130434
-48.083333333333336,-2.9166666666666643,0.13437448218880088
-47.91666666666667,-2.9166666666666643,0.19830240237131605
-47.75,-2.9166666666666643,0.16324250899318923
-47.583333333333336,-2.9166666666666643,0.13685692018875747
-47.41666666666667,-2.9166666666666643,0.15505295267234934
-47.25,-2.9166666666666643,0.1295415980845424
-47.083333333333336,-2.9166666666666643,0.10131483697448554
-46.91666666666667,-2.9166666666666643,0.12568760913740015
-46.75,-2.9166666666666643,0.15086126187938806
-46.583333333333336,-2.9166666666666643,0.15642333962242064
-46.41666666666667,-2.9166666666666643,0.15641295033679248
-46.25,-2.9166666666666643,0.13035897175019437
-46.083333333333336,-2.9166666666666643,0.17866077737865524
-45.91666666666667,-2.9166666666666643,0.2315332508669464
-45.75,-2.9166666666666643,0.26045544890669814
-45.583333333333336,-2.9166666666666643,0.2510120675015021
-45.41666666666667,-2.9166666666666643,0.22658304342376898
-45.25,-2.9166666666666643,0.17839256052039437
-45.083333333333336,-2.9166666666666643,0.14040487310717709
-44.91666666666667,-2.9166666666666643,0.11047823928182479
-44.75,-2.9166666666666643,0.06284276479677477
-44.583333333333336,-2.9166666666666643,0.07423530479892791
-44.41666666666667,-2.9166666666666643,0.06273952424236362
-44.25,-2.9166666666666643,0.13704750413959083
-44.083333333333336,-2.9166666666666643,0.15510494076116157
-69.58333333333333,-3.0833333333333304,0.027169219760733703
-69.41666666666667,-3.0833333333333304,0.022717534057187485
-69.25,-3.0833333333333304,0.02178507004905726
-69.08333333333333,-3.0833333333333304,0.018716010128754065
-68.91666666666667,-3.0833333333333304,0.013792949259018712
-68.75,-3.0833333333333304,0.011748509053072915
-68.58333333333333,-3.0833333333333304,0.006956399441353002
-68.41666666666667,-3.0833333333333304,0.00936802709597467
-68.25,-3.0833333333333304,0.01480106249903314
-68.08333333333333,-3.0833333333333304,0.021454584955815124
-67.91666666666667,-3.0833333333333304,0.07071525020788655
-67.75,-3.0833333333333304,0.05246358502349173
-67.58333333333333,-3.0833333333333304,0.04252796136290648
-67.41666666666667,-3.0833333333333304,0.0355275228797945
-67.25,-3.0833333333333304,0.029673469796043996
-67.08333333333333,-3.0833333333333304,0.0355473138222072
-66.91666666666667,-3.0833333333333304,0.032157931325279054
-66.75,-3.0833333333333304,0.028624028124835457
-66.58333333333333,-3.0833333333333304,0.01944192155748373
-66.41666666666667,-3.0833333333333304,0.026302199943010654
-66.25,-3.0833333333333304,0.024766659025256915
-66.08333333333333,-3.0833333333333304,0.023190038433039087
-65.91666666666667,-3.0833333333333304,0.026935560353069876
-65.75,-3.0833333333333304,0.021528754521608635
-65.58333333333333,-3.0833333333333304,0.020376345797625834
-65.41666666666667,-3.0833333333333304,0.015022675659115093
-65.25,-3.0833333333333304,0.015556929826413874
-65.08333333333333,-3.0833333333333304,0.017181138905951174
-64.91666666666667,-3.0833333333333304,0.020593747404349397
-64.75,-3.0833333333333304,0.023150656294485324
-64.58333333333333,-3.0833333333333304,0.029207903328399593
-64.41666666666667,-3.0833333333333304,0.03852230948462481
-64.25,-3.0833333333333304,0.05080678038579786
-64.08333333333333,-3.0833333333333304,0.05879726122230065
-63.91666666666667,-3.0833333333333304,0.031888323563653315
-63.75,-3.0833333333333304,0.036561432473916945
-63.583333333333336,-3.0833333333333304,0.039923488930755084
-63.41666666666667,-3.0833333333333304,0.04270738674092673
-63.25,-3.0833333333333304,0.044149390559927976
-63.083333333333336,-3.0833333333333304,0.04671219563290393
-62.91666666666667,-3.0833333333333304,0.048393742135145336
-62.75,-3.0833333333333304,0.05021870616243806
-62.583333333333336,-3.0833333333333304,0.049507137628541344
-62.41666666666667,-3.0833333333333304,0.04764244552847603
-62.25,-3.0833333333333304,0.05710313441349634
-62.083333333333336,-3.0833333333333304,0.06267755016087205
-61.91666666666667,-3.0833333333333304,0.07021882181751882
-61.75,-3.0833333333333304,0.08648773630440287
-61.583333333333336,-3.0833333333333304,0.19875842309741767
-61.41666666666667,-3.0833333333333304,0.1299451495990818
-61.25,-3.0833333333333304,0.156149257485263
-61.083333333333336,-3.0833333333333304,0.17763199613571262
-60.91666666666667,-3.0833333333333304,0.1987256445072033
-60.75,-3.0833333333333304,0.20631862644919127
-60.583333333333336,-3.0833333333333304,0.20289690581921455
-60.41666666666667,-3.0833333333333304,0.2057942614615427
-60.25,-3.0833333333333304,0.25269313367774404
-60.083333333333336,-3.0833333333333304,0.22882565469225508
-59.91666666666667,-3.0833333333333304,0.25798046784494477
-59.75,-3.0833333333333304,0.20342668625537885
-59.583333333333336,-3.0833333333333304,0.20840761897941415
-59.41666666666667,-3.0833333333333304,0.24411678838123504
-59.25,-3.0833333333333304,0.24903060655290357
-59.083333333333336,-3.0833333333333304,0.25527801726647836
-58.91666666666667,-3.0833333333333304,0.27187115951264457
-58.75,-3.0833333333333304,0.2776708629632945
-58.583333333333336,-3.0833333333333304,0.2776865619264863
-58.41666666666667,-3.0833333333333304,0.25189751990899883
-58.25,-3.0833333333333304,0.2152761043256916
-58.083333333333336,-3.0833333333333304,0.2756078700909474
-57.91666666666667,-3.0833333333333304,0.20927640681495518
-57.75,-3.0833333333333304,0.23278141660202606
-57.583333333333336,-3.0833333333333304,0.2918719645220148
-57.41666666666667,-3.0833333333333304,0.298115833004229
-57.25,-3.0833333333333304,0.28008740010272287
-57.083333333333336,-3.0833333333333304,0.25381365463387584
-56.91666666666667,-3.0833333333333304,0.2754552554290263
-56.75,-3.0833333333333304,0.28863773186602837
-56.583333333333336,-3.0833333333333304,0.3056935672456942
-56.41666666666667,-3.0833333333333304,0.2895994356679229
-56.25,-3.0833333333333304,0.25918260625960304
-56.083333333333336,-3.0833333333333304,0.2597069697396867
-55.91666666666667,-3.0833333333333304,0.2626864066827727
-55.75,-3.0833333333333304,0.26878969705541544
-55.583333333333336,-3.0833333333333304,0.24683153970712887
-55.41666666666667,-3.0833333333333304,0.2179088818455608
-55.25,-3.0833333333333304,0.26330767054050025
-55.083333333333336,-3.0833333333333304,0.2598663398658405
-54.91666666666667,-3.0833333333333304,0.3039335491194273
-54.75,-3.0833333333333304,0.2740196342409719
-54.583333333333336,-3.0833333333333304,0.25198740751035714
-54.41666666666667,-3.0833333333333304,0.28023248668038087
-54.25,-3.0833333333333304,0.1681071895219723
-54.083333333333336,-3.0833333333333304,0.09910613006712957
-53.91666666666667,-3.0833333333333304,0.12025095294127372
-53.75,-3.0833333333333304,0.13468842385230265
-53.583333333333336,-3.0833333333333304,0.11876910469417304
-53.41666666666667,-3.0833333333333304,0.11400460132386887
-53.25,-3.0833333333333304,0.09152786964106344
-53.083333333333336,-3.0833333333333304,0.11779859471319565
-52.91666666666667,-3.0833333333333304,0.12760386348696312
-52.75,-3.0833333333333304,0.13930290424881572
-52.583333333333336,-3.0833333333333304,0.16578943924149286
-52.41666666666667,-3.0833333333333304,0.12340090095317709
-52.25,-3.0833333333333304,0.1607650254736772
-52.083333333333336,-3.0833333333333304,0.18964327522733535
-51.91666666666667,-3.0833333333333304,0.24287020380457092
-51.75,-3.0833333333333304,0.30275433089744186
-51.583333333333336,-3.0833333333333304,0.2835160061429347
-51.41666666666667,-3.0833333333333304,0.2571159776169207
-51.25,-3.0833333333333304,0.2946984608911881
-51.083333333333336,-3.0833333333333304,0.30591163770593294
-50.91666666666667,-3.0833333333333304,0.29903014404627704
-50.75,-3.0833333333333304,0.2895267120749821
-50.583333333333336,-3.0833333333333304,0.24386898878918672
-50.41666666666667,-3.0833333333333304,0.23119537475764088
-50.25,-3.0833333333333304,0.21787482241622103
-50.083333333333336,-3.0833333333333304,0.18124597469173978
-49.91666666666667,-3.0833333333333304,0.2092774789827326
-49.75,-3.0833333333333304,0.18140190051689978
-49.583333333333336,-3.0833333333333304,0.2343639109006783
-49.41666666666667,-3.0833333333333304,0.1970812256558204
-49.25,-3.0833333333333304,0.16104766793058387
-49.083333333333336,-3.0833333333333304,0.1834111101400598
-48.91666666666667,-3.0833333333333304,0.22796098493630942
-48.75,-3.0833333333333304,0.1838543965374291
-48.583333333333336,-3.0833333333333304,0.16341783134632665
-48.41666666666667,-3.0833333333333304,0.17089536402966252
-48.25,-3.0833333333333304,0.13398357850951234
-48.083333333333336,-3.0833333333333304,0.16778598151323948
-47.91666666666667,-3.0833333333333304,0.15724058203450347
-47.75,-3.0833333333333304,0.15612969690769554
-47.583333333333336,-3.0833333333333304,0.15114184964909866
-47.41666666666667,-3.0833333333333304,0.17973307225302415
-47.25,-3.0833333333333304,0.1283761438792032
-47.083333333333336,-3.0833333333333304,0.09387959304571912
-46.91666666666667,-3.0833333333333304,0.10570268312709856
-46.75,-3.0833333333333304,0.12222365210658208
-46.583333333333336,-3.0833333333333304,0.14651150719527337
-46.41666666666667,-3.0833333333333304,0.14094650175863135
-46.25,-3.0833333333333304,0.133534715509023
-46.083333333333336,-3.0833333333333304,0.16259869426253531
-45.91666666666667,-3.0833333333333304,0.20304139186366305
-45.75,-3.0833333333333304,0.20822494441246236
-45.583333333333336,-3.0833333333333304,0.20460118489909213
-45.41666666666667,-3.0833333333333304,0.22683294973772997
-45.25,-3.0833333333333304,0.21838497824151445
-45.083333333333336,-3.0833333333333304,0.20858219193444283
-44.91666666666667,-3.0833333333333304,0.08176154010272835
-44.75,-3.0833333333333304,0.057269542696044035
-44.583333333333336,-3.0833333333333304,0.048222454186657486
-44.41666666666667,-3.0833333333333304,0.03570728952188459
-44.25,-3.0833333333333304,0.061313043038545775
-44.083333333333336,-3.0833333333333304,0.067198313356076525
-69.58333333333333,-3.2499999999999964,0.044397016150106376
-69.41666666666667,-3.2499999999999964,0.04888425856685108
-69.25,-3.2499999999999964,0.04906207813200801
-69.08333333333333,-3.2499999999999964,0.03951563097388542
-68.91666666666667,-3.2499999999999964,0.03443595946910086
-68.75,-3.2499999999999964,0.008483600434885264
-68.58333333333333,-3.2499999999999964,0.01026525770492711
-68.41666666666667,-3.2499999999999964,0.012005675921193363
-68.25,-3.2499999999999964,0.015100638851613378
-68.08333333333333,-3.2499999999999964,0.07163314727868403
-67.91666666666667,-3.2499999999999964,0.08119610251570644
-67.75,-3.2499999999999964,0.068417853768239
-67.58333333333333,-3.2499999999999964,0.04406748802516065
-67.41666666666667,-3.2499999999999964,0.03762150205962457
-67.25,-3.2499999999999964,0.0406091403997173
-67.08333333333333,-3.2499999999999964,0.035542520550527486
-66.91666666666667,-3.2499999999999964,0.03427531078112134
-66.75,-3.2499999999999964,0.027558611261429083
-66.58333333333333,-3.2499999999999964,0.023991566144944593
-66.41666666666667,-3.2499999999999964,0.027084762711855927
-66.25,-3.2499999999999964,0.03062053979801869
-66.08333333333333,-3.2499999999999964,0.03809564966229096
-65.91666666666667,-3.2499999999999964,0.03127825008556826
-65.75,-3.2499999999999964,0.030899816964971075
-65.58333333333333,-3.2499999999999964,0.024829641967934503
-65.41666666666667,-3.2499999999999964,0.01955043720453897
-65.25,-3.2499999999999964,0.023066708680411847
-65.08333333333333,-3.2499999999999964,0.02594977938698375
-64.91666666666667,-3.2499999999999964,0.029924202215562367
-64.75,-3.2499999999999964,0.04132388097493487
-64.58333333333333,-3.2499999999999964,0.04118189580171809
-64.41666666666667,-3.2499999999999964,0.04479904706984533
-64.25,-3.2499999999999964,0.06152315785202652
-64.08333333333333,-3.2499999999999964,0.07527091795923664
-63.91666666666667,-3.2499999999999964,0.03578120540267919
-63.75,-3.2499999999999964,0.036999715785058264
-63.583333333333336,-3.2499999999999964,0.046528997549244645
-63.41666666666667,-3.2499999999999964,0.04976897746617081
-63.25,-3.2499999999999964,0.04833355795725118
-63.083333333333336,-3.2499999999999964,0.049319053181415495
-62.91666666666667,-3.2499999999999964,0.0526985349702007
-62.75,-3.2499999999999964,0.05458056059488514
-62.583333333333336,-3.2499999999999964,0.05657309932978068
-62.41666666666667,-3.2499999999999964,0.05686651773069066
-62.25,-3.2499999999999964,0.05008143820330573
-62.083333333333336,-3.2499999999999964,0.054534446471159945
-61.91666666666667,-3.2499999999999964,0.06414073375408103
-61.75,-3.2499999999999964,0.08151192843931127
-61.583333333333336,-3.2499999999999964,0.0958961760330794
-61.41666666666667,-3.2499999999999964,0.21579491682311133
-61.25,-3.2499999999999964,0.1544656833869357
-61.083333333333336,-3.2499999999999964,0.14523409041672294
-60.91666666666667,-3.2499999999999964,0.17739833837885133
-60.75,-3.2499999999999964,0.1903720820850647
-60.583333333333336,-3.2499999999999964,0.2145698268555025
-60.41666666666667,-3.2499999999999964,0.22113442760462432
-60.25,-3.2499999999999964,0.2267605917112623
-60.083333333333336,-3.2499999999999964,0.21576698866501887
-59.91666666666667,-3.2499999999999964,0.18869979498207096
-59.75,-3.2499999999999964,0.21506919804269733
-59.583333333333336,-3.2499999999999964,0.2204519202791485
-59.41666666666667,-3.2499999999999964,0.18385752607451447
-59.25,-3.2499999999999964,0.15785984713057508
-59.083333333333336,-3.2499999999999964,0.17363072635842736
-58.91666666666667,-3.2499999999999964,0.26043335990331756
-58.75,-3.2499999999999964,0.24804815959910254
-58.583333333333336,-3.2499999999999964,0.20450970396839105
-58.41666666666667,-3.2499999999999964,0.14892265165895716
-58.25,-3.2499999999999964,0.26868155279336714
-58.083333333333336,-3.2499999999999964,0.2572966993894743
-57.91666666666667,-3.2499999999999964,0.21542307204886882
-57.75,-3.2499999999999964,0.24370598893786236
-57.583333333333336,-3.2499999999999964,0.26527307196263206
-57.41666666666667,-3.2499999999999964,0.2652419416794038
-57.25,-3.2499999999999964,0.2857803005278596
-57.083333333333336,-3.2499999999999964,0.2965986419709867
-56.91666666666667,-3.2499999999999964,0.3049632377428747
-56.75,-3.2499999999999964,0.2959986619315474
-56.583333333333336,-3.2499999999999964,0.29306787547320795
-56.41666666666667,-3.2499999999999964,0.279684869745204
-56.25,-3.2499999999999964,0.26948283093544767
-56.083333333333336,-3.2499999999999964,0.23393916390357392
-55.91666666666667,-3.2499999999999964,0.28338811887778464
-55.75,-3.2499999999999964,0.2932349189687358
-55.583333333333336,-3.2499999999999964,0.2546962424840052
-55.41666666666667,-3.2499999999999964,0.21169826029322855
-55.25,-3.2499999999999964,0.2327770249085837
-55.083333333333336,-3.2499999999999964,0.2515467034248916
-54.91666666666667,-3.2499999999999964,0.2146229805096195
-54.75,-3.2499999999999964,0.253838544951808
-54.583333333333336,-3.2499999999999964,0.1830913137696119
-54.41666666666667,-3.2499999999999964,0.22242315364866866
-54.25,-3.2499999999999964,0.16975997574740118
-54.083333333333336,-3.2499999999999964,0.1523727355904726
-53.91666666666667,-3.2499999999999964,0.15348055159973234
-53.75,-3.2499999999999964,0.11071663805275768
-53.583333333333336,-3.2499999999999964,0.1263250507704944
-53.41666666666667,-3.2499999999999964,0.13033745713452086
-53.25,-3.2499999999999964,0.09060040785457615
-53.083333333333336,-3.2499999999999964,0.1262856849168971
-52.91666666666667,-3.2499999999999964,0.1625612456694099
-52.75,-3.2499999999999964,0.16729862571657336
-52.583333333333336,-3.2499999999999964,0.16526464760399837
-52.41666666666667,-3.2499999999999964,0.13629614579891675
-52.25,-3.2499999999999964,0.15141624523000016
-52.083333333333336,-3.2499999999999964,0.18139504380891494
-51.91666666666667,-3.2499999999999964,0.20106386978559765
-51.75,-3.2499999999999964,0.2624686102874699
-51.583333333333336,-3.2499999999999964,0.32671128014138434
-51.41666666666667,-3.2499999999999964,0.2686357189525481
-51.25,-3.2499999999999964,0.30317598992588407
-51.083333333333336,-3.2499999999999964,0.30198139194581974
-50.91666666666667,-3.2499999999999964,0.3161512745232191
-50.75,-3.2499999999999964,0.28602116429418456
-50.583333333333336,-3.2499999999999964,0.2322806088915802
-50.41666666666667,-3.2499999999999964,0.22657144368692247
-50.25,-3.2499999999999964,0.23450209521276047
-50.083333333333336,-3.2499999999999964,0.2041282278580957
-49.91666666666667,-3.2499999999999964,0.2280908663688189
-49.75,-3.2499999999999964,0.2278625738251509
-49.583333333333336,-3.2499999999999964,0.24726806991470154
-49.41666666666667,-3.2499999999999964,0.19874649204362632
-49.25,-3.2499999999999964,0.1839569712745234
-49.083333333333336,-3.2499999999999964,0.190664309600655
-48.91666666666667,-3.2499999999999964,0.2239918010614312
-48.75,-3.2499999999999964,0.16085889443854845
-48.583333333333336,-3.2499999999999964,0.1935334487074322
-48.41666666666667,-3.2499999999999964,0.22360888348077596
-48.25,-3.2499999999999964,0.14400042824750586
-48.083333333333336,-3.2499999999999964,0.17841738256178463
-47.91666666666667,-3.2499999999999964,0.1299338634039741
-47.75,-3.2499999999999964,0.13307965359052565
-47.583333333333336,-3.2499999999999964,0.13630075917157253
-47.41666666666667,-3.2499999999999964,0.1289850369168332
-47.25,-3.2499999999999964,0.08824449980881104
-47.083333333333336,-3.2499999999999964,0.1011847928123717
-46.91666666666667,-3.2499999999999964,0.12181077824224452
-46.75,-3.2499999999999964,0.11222916842840969
-46.583333333333336,-3.2499999999999964,0.14773116925534993
-46.41666666666667,-3.2499999999999964,0.11535358270123754
-46.25,-3.2499999999999964,0.15801991260292966
-46.083333333333336,-3.2499999999999964,0.1686084841445612
-45.91666666666667,-3.2499999999999964,0.17203891882684852
-45.75,-3.2499999999999964,0.17092246038702913
-45.583333333333336,-3.2499999999999964,0.19423306898425607
-45.41666666666667,-3.2499999999999964,0.1931358231644134
-45.25,-3.2499999999999964,0.15747228663484045
-45.083333333333336,-3.2499999999999964,0.10913377848535241
-44.91666666666667,-3.2499999999999964,0.08620163489443797
-44.75,-3.2499999999999964,0.05338300386717598
-44.583333333333336,-3.2499999999999964,0.04175921069624908
-44.41666666666667,-3.2499999999999964,0.06479646682738731
-44.25,-3.2499999999999964,0.06314972345629277
-44.083333333333336,-3.2499999999999964,0.07195854932276671
-69.58333333333333,-3.4166666666666643,0.06749753732444677
-69.41666666666667,-3.4166666666666643,0.08646964172137724
-69.25,-3.4166666666666643,0.08274682265978811
-69.08333333333333,-3.4166666666666643,0.07099735235399103
-68.91666666666667,-3.4166666666666643,0.08767747783591706
-68.75,-3.4166666666666643,0.025549822720303404
-68.58333333333333,-3.4166666666666643,0.05254300894890846
-68.41666666666667,-3.4166666666666643,0.05013753261584607
-68.25,-3.4166666666666643,0.05244329137156792
-68.08333333333333,-3.4166666666666643,0.07324085985667024
-67.91666666666667,-3.4166666666666643,0.07085365448022933
-67.75,-3.4166666666666643,0.06233354859199066
-67.58333333333333,-3.4166666666666643,0.04483260180611945
-67.41666666666667,-3.4166666666666643,0.03643686443823091
-67.25,-3.4166666666666643,0.04175263572088678
-67.08333333333333,-3.4166666666666643,0.038103835064768055
-66.91666666666667,-3.4166666666666643,0.037799348341763676
-66.75,-3.4166666666666643,0.03782601939070613
-66.58333333333333,-3.4166666666666643,0.03125794927365023
-66.41666666666667,-3.4166666666666643,0.03656043829569591
-66.25,-3.4166666666666643,0.0371700335309903
-66.08333333333333,-3.4166666666666643,0.044059057584426416
-65.91666666666667,-3.4166666666666643,0.03937967544955493
-65.75,-3.4166666666666643,0.02700214766144455
-65.58333333333333,-3.4166666666666643,0.025753618768478224
-65.41666666666667,-3.4166666666666643,0.027972806481593896
-65.25,-3.4166666666666643,0.031903416924494034
-65.08333333333333,-3.4166666666666643,0.038912787134162616
-64.91666666666667,-3.4166666666666643,0.04844082714493986
-64.75,-3.4166666666666643,0.05270120290738889
-64.58333333333333,-3.4166666666666643,0.05880683230165017
-64.41666666666667,-3.4166666666666643,0.06539938979714593
-64.25,-3.4166666666666643,0.052569881722554175
-64.08333333333333,-3.4166666666666643,0.08119459018076725
-63.91666666666667,-3.4166666666666643,0.04446165572562643
-63.75,-3.4166666666666643,0.04087156580025851
-63.583333333333336,-3.4166666666666643,0.04679534202992284
-63.41666666666667,-3.4166666666666643,0.052686506565785315
-63.25,-3.4166666666666643,0.05407708675989453
-63.083333333333336,-3.4166666666666643,0.05120192330043674
-62.91666666666667,-3.4166666666666643,0.05270629595868112
-62.75,-3.4166666666666643,0.05134652771032502
-62.583333333333336,-3.4166666666666643,0.0599497748680403
-62.41666666666667,-3.4166666666666643,0.06122736137415411
-62.25,-3.4166666666666643,0.06070523204813662
-62.083333333333336,-3.4166666666666643,0.05726220318006373
-61.91666666666667,-3.4166666666666643,0.06583694925696684
-61.75,-3.4166666666666643,0.07554211160782799
-61.583333333333336,-3.4166666666666643,0.092936686925486
-61.41666666666667,-3.4166666666666643,0.22633621831859482
-61.25,-3.4166666666666643,0.12997508531005617
-61.083333333333336,-3.4166666666666643,0.10538680677074096
-60.91666666666667,-3.4166666666666643,0.1235912039752819
-60.75,-3.4166666666666643,0.17354454020229004
-60.583333333333336,-3.4166666666666643,0.191222687331087
-60.41666666666667,-3.4166666666666643,0.19310545764194317
-60.25,-3.4166666666666643,0.18028933106748896
-60.083333333333336,-3.4166666666666643,0.21301218468588085
-59.91666666666667,-3.4166666666666643,0.2530277533593863
-59.75,-3.4166666666666643,0.23909378940758275
-59.583333333333336,-3.4166666666666643,0.2204628568561141
-59.41666666666667,-3.4166666666666643,0.21626037060451495
-59.25,-3.4166666666666643,0.21997023278075625
-59.083333333333336,-3.4166666666666643,0.1852883008063271
-58.91666666666667,-3.4166666666666643,0.18689690433977302
-58.75,-3.4166666666666643,0.2127099104372072
-58.583333333333336,-3.4166666666666643,0.21933903232825727
-58.41666666666667,-3.4166666666666643,0.25012012610362216
-58.25,-3.4166666666666643,0.2705597172261456
-58.083333333333336,-3.4166666666666643,0.20695581645935401
-57.91666666666667,-3.4166666666666643,0.17239165665664474
-57.75,-3.4166666666666643,0.21774865956987977
-57.583333333333336,-3.4166666666666643,0.24612246259749265
-57.41666666666667,-3.4166666666666643,0.2697222786457083
-57.25,-3.4166666666666643,0.29022704248537096
-57.083333333333336,-3.4166666666666643,0.29819299994784987
-56.91666666666667,-3.4166666666666643,0.308942920279807
-56.75,-3.4166666666666643,0.30994756749445523
-56.583333333333336,-3.4166666666666643,0.29804952705951954
-56.41666666666667,-3.4166666666666643,0.28513981916717196
-56.25,-3.4166666666666643,0.2800914163521871
-56.083333333333336,-3.4166666666666643,0.2671403500335248
-55.91666666666667,-3.4166666666666643,0.2783460186551317
-55.75,-3.4166666666666643,0.26285106896313715
-55.583333333333336,-3.4166666666666643,0.20382688804671717
-55.41666666666667,-3.4166666666666643,0.2404885119986
-55.25,-3.4166666666666643,0.2748436908736598
-55.083333333333336,-3.4166666666666643,0.22065091611237464
-54.91666666666667,-3.4166666666666643,0.17645393088134204
-54.75,-3.4166666666666643,0.18541432642689637
-54.583333333333336,-3.4166666666666643,0.1582440370461999
-54.41666666666667,-3.4166666666666643,0.1986652876616288
-54.25,-3.4166666666666643,0.17631381437297403
-54.083333333333336,-3.4166666666666643,0.16201459274816485
-53.91666666666667,-3.4166666666666643,0.1538708688520264
-53.75,-3.4166666666666643,0.11444863929789931
-53.583333333333336,-3.4166666666666643,0.13605064248144294
-53.41666666666667,-3.4166666666666643,0.15898234556809307
-53.25,-3.4166666666666643,0.12429345193057409
-53.083333333333336,-3.4166666666666643,0.12998479476892816
-52.91666666666667,-3.4166666666666643,0.17493793554881273
-52.75,-3.4166666666666643,0.1540954970730823
-52.583333333333336,-3.4166666666666643,0.10865556967937388
-52.41666666666667,-3.4166666666666643,0.1471747786434963
-52.25,-3.4166666666666643,0.18709329607304676
-52.083333333333336,-3.4166666666666643,0.18752324154633881
-51.91666666666667,-3.4166666666666643,0.24403966995122794
-51.75,-3.4166666666666643,0.2600259543773315
-51.583333333333336,-3.4166666666666643,0.29130203468753735
-51.41666666666667,-3.4166666666666643,0.24382829656556446
-51.25,-3.4166666666666643,0.2712838760745808
-51.083333333333336,-3.4166666666666643,0.30122292766388
-50.91666666666667,-3.4166666666666643,0.28883217738890576
-50.75,-3.4166666666666643,0.2569135759498374
-50.583333333333336,-3.4166666666666643,0.24857282128260896
-50.41666666666667,-3.4166666666666643,0.21212084673271972
-50.25,-3.4166666666666643,0.21491259317271696
-50.083333333333336,-3.4166666666666643,0.2137039448021536
-49.91666666666667,-3.4166666666666643,0.22910709310005056
-49.75,-3.4166666666666643,0.20820017256545292
-49.583333333333336,-3.4166666666666643,0.2515476886664118
-49.41666666666667,-3.4166666666666643,0.22208231867689282
-49.25,-3.4166666666666643,0.17626222666684283
-49.083333333333336,-3.4166666666666643,0.1925958967070716
-48.91666666666667,-3.4166666666666643,0.21407235694093185
-48.75,-3.4166666666666643,0.17553553010141051
-48.583333333333336,-3.4166666666666643,0.17787468453093977
-48.41666666666667,-3.4166666666666643,0.21079831914497543
-48.25,-3.4166666666666643,0.25558065389005835
-48.083333333333336,-3.4166666666666643,0.21262738210581256
-47.91666666666667,-3.4166666666666643,0.1281464999839626
-47.75,-3.4166666666666643,0.11478904897293932
-47.583333333333336,-3.4166666666666643,0.11658021968001375
-47.41666666666667,-3.4166666666666643,0.10154267277657503
-47.25,-3.4166666666666643,0.13891571354039683
-47.083333333333336,-3.4166666666666643,0.11693816375404623
-46.91666666666667,-3.4166666666666643,0.12015891551135777
-46.75,-3.4166666666666643,0.1259964127078476
-46.583333333333336,-3.4166666666666643,0.08745884893949221
-46.41666666666667,-3.4166666666666643,0.12169675237003547
-46.25,-3.4166666666666643,0.15983683053563805
-46.083333333333336,-3.4166666666666643,0.17309545564381718
-45.91666666666667,-3.4166666666666643,0.17393448077396118
-45.75,-3.4166666666666643,0.17519427037700092
-45.583333333333336,-3.4166666666666643,0.17617675592932483
-45.41666666666667,-3.4166666666666643,0.19152546937189316
-45.25,-3.4166666666666643,0.1347177570756051
-45.083333333333336,-3.4166666666666643,0.10613919065936876
-44.91666666666667,-3.4166666666666643,0.04391433516187239
-44.75,-3.4166666666666643,0.04661293961122315
-69.58333333333333,-3.5833333333333304,0.09247725894395459
-69.41666666666667,-3.5833333333333304,0.11814074605280808
-69.25,-3.5833333333333304,0.1290278405377658
-69.08333333333333,-3.5833333333333304,0.10295814286313291
-68.91666666666667,-3.5833333333333304,0.09995715695845256
-68.75,-3.5833333333333304,0.08172080564116527
-68.58333333333333,-3.5833333333333304,0.017464835040828616
-68.41666666666667,-3.5833333333333304,0.04883465849866229
-68.25,-3.5833333333333304,0.04495283949146728
-68.08333333333333,-3.5833333333333304,0.045015026932011114
-67.91666666666667,-3.5833333333333304,0.05953864254167924
-67.75,-3.5833333333333304,0.044216477046219144
-67.58333333333333,-3.5833333333333304,0.047938036843363216
-67.41666666666667,-3.5833333333333304,0.054379991552430534
-67.25,-3.5833333333333304,0.052802533037978126
-67.08333333333333,-3.5833333333333304,0.04526242412619447
-66.91666666666667,-3.5833333333333304,0.04531960651194269
-66.75,-3.5833333333333304,0.031234939054253178
-66.58333333333333,-3.5833333333333304,0.04233344961771964
-66.41666666666667,-3.5833333333333304,0.04542083712628692
-66.25,-3.5833333333333304,0.03863137794551591
-66.08333333333333,-3.5833333333333304,0.046240039030493535
-65.91666666666667,-3.5833333333333304,0.048093365348749334
-65.75,-3.5833333333333304,0.03375014342275507
-65.58333333333333,-3.5833333333333304,0.03849021062681208
-65.41666666666667,-3.5833333333333304,0.0406133776140855
-65.25,-3.5833333333333304,0.045715377725133684
-65.08333333333333,-3.5833333333333304,0.05052384004445416
-64.91666666666667,-3.5833333333333304,0.07376628406503233
-64.75,-3.5833333333333304,0.0741263295411984
-64.58333333333333,-3.5833333333333304,0.06294340069215291
-64.41666666666667,-3.5833333333333304,0.07502965297900159
-64.25,-3.5833333333333304,0.07428868542146766
-64.08333333333333,-3.5833333333333304,0.062370391291803884
-63.91666666666667,-3.5833333333333304,0.04844304041385109
-63.75,-3.5833333333333304,0.05248373387819742
-63.583333333333336,-3.5833333333333304,0.05741894135123188
-63.41666666666667,-3.5833333333333304,0.05244480630833835
-63.25,-3.5833333333333304,0.05414756424160059
-63.083333333333336,-3.5833333333333304,0.052622199261680574
-62.91666666666667,-3.5833333333333304,0.04536651880808404
-62.75,-3.5833333333333304,0.04637592324032059
-62.583333333333336,-3.5833333333333304,0.059942654298501985
-62.41666666666667,-3.5833333333333304,0.05316009880992428
-62.25,-3.5833333333333304,0.05799733098216014
-62.083333333333336,-3.5833333333333304,0.057765564572229755
-61.91666666666667,-3.5833333333333304,0.06011047738431608
-61.75,-3.5833333333333304,0.06282849139855166
-61.583333333333336,-3.5833333333333304,0.15230905453435065
-61.41666666666667,-3.5833333333333304,0.11775706067728052
-61.25,-3.5833333333333304,0.11510894906025818
-61.083333333333336,-3.5833333333333304,0.1296762070538608
-60.91666666666667,-3.5833333333333304,0.16147411006164547
-60.75,-3.5833333333333304,0.1916415285740866
-60.583333333333336,-3.5833333333333304,0.2068953558163352
-60.41666666666667,-3.5833333333333304,0.2182956630668309
-60.25,-3.5833333333333304,0.2447196196140404
-60.083333333333336,-3.5833333333333304,0.23195073807024835
-59.91666666666667,-3.5833333333333304,0.2553134177541639
-59.75,-3.5833333333333304,0.22317385459791506
-59.583333333333336,-3.5833333333333304,0.2195284517400481
-59.41666666666667,-3.5833333333333304,0.22290917425248935
-59.25,-3.5833333333333304,0.21745457493494927
-59.083333333333336,-3.5833333333333304,0.23305819877349146
-58.91666666666667,-3.5833333333333304,0.23894006727275952
-58.75,-3.5833333333333304,0.2721385797047024
-58.583333333333336,-3.5833333333333304,0.28312226868060275
-58.41666666666667,-3.5833333333333304,0.24550388932618925
-58.25,-3.5833333333333304,0.2555280216801689
-58.083333333333336,-3.5833333333333304,0.21741875615575304
-57.91666666666667,-3.5833333333333304,0.24725336400156028
-57.75,-3.5833333333333304,0.24357435887728035
-57.583333333333336,-3.5833333333333304,0.24699427180771366
-57.41666666666667,-3.5833333333333304,0.26348412703604657
-57.25,-3.5833333333333304,0.29257127213386763
-57.083333333333336,-3.5833333333333304,0.2833761588458951
-56.91666666666667,-3.5833333333333304,0.29678648622986376
-56.75,-3.5833333333333304,0.29666384778122057
-56.583333333333336,-3.5833333333333304,0.28018503654482935
-56.41666666666667,-3.5833333333333304,0.26512509442323945
-56.25,-3.5833333333333304,0.2828219316235839
-56.083333333333336,-3.5833333333333304,0.2566840724974923
-55.91666666666667,-3.5833333333333304,0.2515977549506889
-55.75,-3.5833333333333304,0.2379381372414436
-55.583333333333336,-3.5833333333333304,0.21667685119241387
-55.41666666666667,-3.5833333333333304,0.25437485346450667
-55.25,-3.5833333333333304,0.26061233878047574
-55.083333333333336,-3.5833333333333304,0.24700457777919838
-54.91666666666667,-3.5833333333333304,0.1689254567378783
-54.75,-3.5833333333333304,0.15717514851079242
-54.583333333333336,-3.5833333333333304,0.1602882670619215
-54.41666666666667,-3.5833333333333304,0.19149271621167446
-54.25,-3.5833333333333304,0.16680460972074207
-54.083333333333336,-3.5833333333333304,0.13650789301590457
-53.91666666666667,-3.5833333333333304,0.11832955670236008
-53.75,-3.5833333333333304,0.09041117599473937
-53.583333333333336,-3.5833333333333304,0.14708203945839274
-53.41666666666667,-3.5833333333333304,0.18384837253121825
-53.25,-3.5833333333333304,0.12653521256664096
-53.083333333333336,-3.5833333333333304,0.10621128429563924
-52.91666666666667,-3.5833333333333304,0.11044530795896403
-52.75,-3.5833333333333304,0.09399300539070951
-52.583333333333336,-3.5833333333333304,0.1596395760260237
-52.41666666666667,-3.5833333333333304,0.1855760603599226
-52.25,-3.5833333333333304,0.2109496375393924
-52.083333333333336,-3.5833333333333304,0.230687095006708
-51.91666666666667,-3.5833333333333304,0.2568732607572122
-51.75,-3.5833333333333304,0.2550479763063741
-51.583333333333336,-3.5833333333333304,0.2746574702160795
-51.41666666666667,-3.5833333333333304,0.20708594218329912
-51.25,-3.5833333333333304,0.22912510068817765
-51.083333333333336,-3.5833333333333304,0.25932655648322944
-50.91666666666667,-3.5833333333333304,0.2153098360686193
-50.75,-3.5833333333333304,0.21836791387601848
-50.583333333333336,-3.5833333333333304,0.23022328288127805
-50.41666666666667,-3.5833333333333304,0.22157236700969235
-50.25,-3.5833333333333304,0.20156119869458083
-50.083333333333336,-3.5833333333333304,0.20749278529921236
-49.91666666666667,-3.5833333333333304,0.23198295065619606
-49.75,-3.5833333333333304,0.17634872954969244
-49.583333333333336,-3.5833333333333304,0.22558894010700392
-49.41666666666667,-3.5833333333333304,0.2339765443795823
-49.25,-3.5833333333333304,0.20997313668093454
-49.083333333333336,-3.5833333333333304,0.18897731950855415
-48.91666666666667,-3.5833333333333304,0.22221607639924967
-48.75,-3.5833333333333304,0.1549081888271131
-48.583333333333336,-3.5833333333333304,0.15011782030270573
-48.41666666666667,-3.5833333333333304,0.1454696241731243
-48.25,-3.5833333333333304,0.13457972404566962
-48.083333333333336,-3.5833333333333304,0.0971473016865708
-47.91666666666667,-3.5833333333333304,0.10652046427338398
-47.75,-3.5833333333333304,0.10522334571681466
-47.583333333333336,-3.5833333333333304,0.0851738319879722
-47.41666666666667,-3.5833333333333304,0.10906600380361865
-47.25,-3.5833333333333304,0.11653721565830842
-47.083333333333336,-3.5833333333333304,0.09149578015942912
-46.91666666666667,-3.5833333333333304,0.11475939757291291
-46.75,-3.5833333333333304,0.10015762055895756
-46.583333333333336,-3.5833333333333304,0.08051587105348952
-46.41666666666667,-3.5833333333333304,0.11858361366785192
-46.25,-3.5833333333333304,0.14070298782110996
-46.083333333333336,-3.5833333333333304,0.16215924854985211
-45.91666666666667,-3.5833333333333304,0.15411903308400576
-45.75,-3.5833333333333304,0.1570182264207022
-45.583333333333336,-3.5833333333333304,0.16407776143115468
-45.41666666666667,-3.5833333333333304,0.15777317477694977
-45.25,-3.5833333333333304,0.1282620429147947
-45.083333333333336,-3.5833333333333304,0.07948727492995888
-44.91666666666667,-3.5833333333333304,0.05471988709104724
-44.75,-3.5833333333333304,0.04908782942082884
-69.75,-3.7499999999999964,0.059901985911172205
-69.58333333333333,-3.7499999999999964,0.09166517253162934
-69.41666666666667,-3.7499999999999964,0.11193201224197002
-69.25,-3.7499999999999964,0.12185030274874206
-69.08333333333333,-3.7499999999999964,0.09865256156909147
-68.91666666666667,-3.7499999999999964,0.10613807326548655
-68.75,-3.7499999999999964,0.07986966284545945
-68.58333333333333,-3.7499999999999964,0.060215930359895586
-68.41666666666667,-3.7499999999999964,0.059905542117603273
-68.25,-3.7499999999999964,0.05504328828397132
-68.08333333333333,-3.7499999999999964,0.04985727600791055
-67.91666666666667,-3.7499999999999964,0.056824097733454516
-67.75,-3.7499999999999964,0.06102317786513005
-67.58333333333333,-3.7499999999999964,0.06634288342913866
-67.41666666666667,-3.7499999999999964,0.07186136474834093
-67.25,-3.7499999999999964,0.06290259033643246
-67.08333333333333,-3.7499999999999964,0.05223488400650437
-66.91666666666667,-3.7499999999999964,0.05093748383222784
-66.75,-3.7499999999999964,0.04042875109331393
-66.58333333333333,-3.7499999999999964,0.04872271955795806
-66.41666666666667,-3.7499999999999964,0.05037425705166818
-66.25,-3.7499999999999964,0.0565366339371065
-66.08333333333333,-3.7499999999999964,0.052196843978369725
-65.91666666666667,-3.7499999999999964,0.05275605974207125
-65.75,-3.7499999999999964,0.04154188627675481
-65.58333333333333,-3.7499999999999964,0.05272985947703421
-65.41666666666667,-3.7499999999999964,0.052535032447529106
-65.25,-3.7499999999999964,0.05721869304125275
-65.08333333333333,-3.7499999999999964,0.06522357240074313
-64.91666666666667,-3.7499999999999964,0.08221156948922867
-64.75,-3.7499999999999964,0.08104628669369471
-64.58333333333333,-3.7499999999999964,0.06720444146219168
-64.41666666666667,-3.7499999999999964,0.06845143158493398
-64.25,-3.7499999999999964,0.07371383006006896
-64.08333333333333,-3.7499999999999964,0.07914943043905064
-63.91666666666667,-3.7499999999999964,0.0504116429908764
-63.75,-3.7499999999999964,0.04695976054791804
-63.583333333333336,-3.7499999999999964,0.07257817515335994
-63.41666666666667,-3.7499999999999964,0.05063276061186616
-63.25,-3.7499999999999964,0.05389758935036333
-63.083333333333336,-3.7499999999999964,0.048371937558818655
-62.91666666666667,-3.7499999999999964,0.05548898828295892
-62.75,-3.7499999999999964,0.04664843684768745
-62.583333333333336,-3.7499999999999964,0.04958064686118372
-62.41666666666667,-3.7499999999999964,0.05564821561496843
-62.25,-3.7499999999999964,0.05956850669302217
-62.083333333333336,-3.7499999999999964,0.051605883844404385
-61.91666666666667,-3.7499999999999964,0.04832522158032176
-61.75,-3.7499999999999964,0.04775157095206708
-61.583333333333336,-3.7499999999999964,0.10466600474833937
-61.41666666666667,-3.7499999999999964,0.11155230896575248
-61.25,-3.7499999999999964,0.13294052557517683
-61.083333333333336,-3.7499999999999964,0.1567465749354198
-60.91666666666667,-3.7499999999999964,0.14029137825701368
-60.75,-3.7499999999999964,0.1459537954146504
-60.583333333333336,-3.7499999999999964,0.1619037763547169
-60.41666666666667,-3.7499999999999964,0.20835983091057095
-60.25,-3.7499999999999964,0.22776496318250936
-60.083333333333336,-3.7499999999999964,0.25927168904159026
-59.91666666666667,-3.7499999999999964,0.2191133265068814
-59.75,-3.7499999999999964,0.2138717721052637
-59.583333333333336,-3.7499999999999964,0.20900070763681405
-59.41666666666667,-3.7499999999999964,0.2127010478263775
-59.25,-3.7499999999999964,0.21440893299597705
-59.083333333333336,-3.7499999999999964,0.21673100971746093
-58.91666666666667,-3.7499999999999964,0.25255515324357336
-58.75,-3.7499999999999964,0.2702964834352383
-58.583333333333336,-3.7499999999999964,0.2570540775071224
-58.41666666666667,-3.7499999999999964,0.24874824901327744
-58.25,-3.7499999999999964,0.2636763713400415
-58.083333333333336,-3.7499999999999964,0.21822093166815382
-57.91666666666667,-3.7499999999999964,0.24726271540091743
-57.75,-3.7499999999999964,0.25335345498192924
-57.583333333333336,-3.7499999999999964,0.26046185520512816
-57.41666666666667,-3.7499999999999964,0.2923376623957769
-57.25,-3.7499999999999964,0.2982254777473263
-57.083333333333336,-3.7499999999999964,0.2989338917695948
-56.91666666666667,-3.7499999999999964,0.2982427257687269
-56.75,-3.7499999999999964,0.2835183360189052
-56.583333333333336,-3.7499999999999964,0.27472529518830086
-56.41666666666667,-3.7499999999999964,0.23266515495977497
-56.25,-3.7499999999999964,0.27117190555156945
-56.083333333333336,-3.7499999999999964,0.24259881987946263
-55.91666666666667,-3.7499999999999964,0.19161793370186883
-55.75,-3.7499999999999964,0.20748003854103522
-55.583333333333336,-3.7499999999999964,0.23506842897391164
-55.41666666666667,-3.7499999999999964,0.2659333614530173
-55.25,-3.7499999999999964,0.2433483337132796
-55.083333333333336,-3.7499999999999964,0.21382651553756746
-54.91666666666667,-3.7499999999999964,0.1662662965655364
-54.75,-3.7499999999999964,0.15118482978257647
-54.583333333333336,-3.7499999999999964,0.1525076543207913
-54.41666666666667,-3.7499999999999964,0.17534395655462046
-54.25,-3.7499999999999964,0.16517503682896761
-54.083333333333336,-3.7499999999999964,0.12114123864432015
-53.91666666666667,-3.7499999999999964,0.08658258552031185
-53.75,-3.7499999999999964,0.1343308869636686
-53.583333333333336,-3.7499999999999964,0.1266055816063406
-53.41666666666667,-3.7499999999999964,0.13906210033093042
-53.25,-3.7499999999999964,0.11182006723356114
-53.083333333333336,-3.7499999999999964,0.10859601964141331
-52.91666666666667,-3.7499999999999964,0.13726176183489802
-52.75,-3.7499999999999964,0.14400012080295665
-52.583333333333336,-3.7499999999999964,0.16140833498261795
-52.41666666666667,-3.7499999999999964,0.22847942584716563
-52.25,-3.7499999999999964,0.21601021476480117
-52.083333333333336,-3.7499999999999964,0.25103373382684524
-51.91666666666667,-3.7499999999999964,0.2600365028076965
-51.75,-3.7499999999999964,0.25937039574197646
-51.583333333333336,-3.7499999999999964,0.25970132401305734
-51.41666666666667,-3.7499999999999964,0.1626075394906433
-51.25,-3.7499999999999964,0.1956497651877833
-51.083333333333336,-3.7499999999999964,0.22685179110512693
-50.91666666666667,-3.7499999999999964,0.19074457409814324
-50.75,-3.7499999999999964,0.20190549602228114
-50.583333333333336,-3.7499999999999964,0.1821332480697598
-50.41666666666667,-3.7499999999999964,0.20280927264816956
-50.25,-3.7499999999999964,0.17766346020048493
-50.083333333333336,-3.7499999999999964,0.22550108745534325
-49.91666666666667,-3.7499999999999964,0.22260261366466777
-49.75,-3.7499999999999964,0.1690909749709436
-49.583333333333336,-3.7499999999999964,0.22070470934689887
-49.41666666666667,-3.7499999999999964,0.22461990217255998
-49.25,-3.7499999999999964,0.2048704283215932
-49.083333333333336,-3.7499999999999964,0.16766058366055023
-48.91666666666667,-3.7499999999999964,0.20396499885946012
-48.75,-3.7499999999999964,0.17077678380999708
-48.583333333333336,-3.7499999999999964,0.18486420009661914
-48.41666666666667,-3.7499999999999964,0.13754852753573238
-48.25,-3.7499999999999964,0.15444117370159965
-48.083333333333336,-3.7499999999999964,0.10957497352254279
-47.91666666666667,-3.7499999999999964,0.1187573680853717
-47.75,-3.7499999999999964,0.11246409660234644
-47.583333333333336,-3.7499999999999964,0.08455584623241617
-47.41666666666667,-3.7499999999999964,0.10994020056649059
-47.25,-3.7499999999999964,0.10043770786424397
-47.083333333333336,-3.7499999999999964,0.10596167792980112
-46.91666666666667,-3.7499999999999964,0.09432081885983562
-46.75,-3.7499999999999964,0.0725123553663463
-46.583333333333336,-3.7499999999999964,0.0792088302178621
-46.41666666666667,-3.7499999999999964,0.09074119142395946
-46.25,-3.7499999999999964,0.1181921821692298
-46.083333333333336,-3.7499999999999964,0.13900027996471148
-45.91666666666667,-3.7499999999999964,0.13942906737781527
-45.75,-3.7499999999999964,0.13584056911711972
-45.583333333333336,-3.7499999999999964,0.14220647736364425
-45.41666666666667,-3.7499999999999964,0.1537343963435992
-45.25,-3.7499999999999964,0.09026405299614097
-45.083333333333336,-3.7499999999999964,0.06544817722560484
-44.91666666666667,-3.7499999999999964,0.042643538021061134
-44.75,-3.7499999999999964,0.042003219089526055
-69.75,-3.9166666666666643,0.058299318435626836
-69.58333333333333,-3.9166666666666643,0.08701082367518626
-69.41666666666667,-3.9166666666666643,0.10222766233566699
-69.25,-3.9166666666666643,0.1248573532703139
-69.08333333333333,-3.9166666666666643,0.09673083477395042
-68.91666666666667,-3.9166666666666643,0.1077557147856295
-68.75,-3.9166666666666643,0.08494619256795817
-68.58333333333333,-3.9166666666666643,0.06536896310895057
-68.41666666666667,-3.9166666666666643,0.07181345828658571
-68.25,-3.9166666666666643,0.06932993528054908
-68.08333333333333,-3.9166666666666643,0.06458690072583824
-67.91666666666667,-3.9166666666666643,0.06791343068219431
-67.75,-3.9166666666666643,0.07402469017231379
-67.58333333333333,-3.9166666666666643,0.06759818677652463
-67.41666666666667,-3.9166666666666643,0.07951900722737303
-67.25,-3.9166666666666643,0.07452508236531642
-67.08333333333333,-3.9166666666666643,0.06329576783045916
-66.91666666666667,-3.9166666666666643,0.05767512181357676
-66.75,-3.9166666666666643,0.05176816855610375
-66.58333333333333,-3.9166666666666643,0.05781343702372895
-66.41666666666667,-3.9166666666666643,0.06049118557016019
-66.25,-3.9166666666666643,0.06693870652366603
-66.08333333333333,-3.9166666666666643,0.07005736277763643
-65.91666666666667,-3.9166666666666643,0.06442971252172386
-65.75,-3.9166666666666643,0.05443750009822379
-65.58333333333333,-3.9166666666666643,0.0627743613823325
-65.41666666666667,-3.9166666666666643,0.059134663382974836
-65.25,-3.9166666666666643,0.07153716584281357
-65.08333333333333,-3.9166666666666643,0.07133459324786917
-64.91666666666667,-3.9166666666666643,0.08972945807917355
-64.75,-3.9166666666666643,0.09070845361421487
-64.58333333333333,-3.9166666666666643,0.0864335045364768
-64.41666666666667,-3.9166666666666643,0.069514359562863
-64.25,-3.9166666666666643,0.07503781328547487
-64.08333333333333,-3.9166666666666643,0.0717566360155882
-63.91666666666667,-3.9166666666666643,0.0481132076995466
-63.75,-3.9166666666666643,0.05172120765392873
-63.583333333333336,-3.9166666666666643,0.05286227565907027
-63.41666666666667,-3.9166666666666643,0.059967994673608055
-63.25,-3.9166666666666643,0.05903845740530853
-63.083333333333336,-3.9166666666666643,0.05061479667118484
-62.91666666666667,-3.9166666666666643,0.06805338523133046
-62.75,-3.9166666666666643,0.05123545078675536
-62.583333333333336,-3.9166666666666643,0.047882352949460985
-62.41666666666667,-3.9166666666666643,0.04022831680928879
-62.25,-3.9166666666666643,0.04804757391413959
-62.083333333333336,-3.9166666666666643,0.05553189011517005
-61.91666666666667,-3.9166666666666643,0.06208117824680315
-61.75,-3.9166666666666643,0.05912433107567143
-61.583333333333336,-3.9166666666666643,0.10176102863066008
-61.41666666666667,-3.9166666666666643,0.11034113564345302
-61.25,-3.9166666666666643,0.12475097735311538
-61.083333333333336,-3.9166666666666643,0.10782636750878853
-60.91666666666667,-3.9166666666666643,0.12516280736002897
-60.75,-3.9166666666666643,0.14971459092174036
-60.583333333333336,-3.9166666666666643,0.1632154068931405
-60.41666666666667,-3.9166666666666643,0.18129996104130594
-60.25,-3.9166666666666643,0.23285206234946848
-60.083333333333336,-3.9166666666666643,0.19111054566090596
-59.91666666666667,-3.9166666666666643,0.2108430121918811
-59.75,-3.9166666666666643,0.2059508918693319
-59.583333333333336,-3.9166666666666643,0.24533979888405852
-59.41666666666667,-3.9166666666666643,0.20583378074953088
-59.25,-3.9166666666666643,0.21717827312630814
-59.083333333333336,-3.9166666666666643,0.21340702712846985
-58.91666666666667,-3.9166666666666643,0.2424942144026844
-58.75,-3.9166666666666643,0.2462547915248217
-58.583333333333336,-3.9166666666666643,0.25885665090907795
-58.41666666666667,-3.9166666666666643,0.267220441321095
-58.25,-3.9166666666666643,0.2676001286157315
-58.083333333333336,-3.9166666666666643,0.22937475160528245
-57.91666666666667,-3.9166666666666643,0.26367089939060573
-57.75,-3.9166666666666643,0.2680853826061012
-57.583333333333336,-3.9166666666666643,0.27287073549660595
-57.41666666666667,-3.9166666666666643,0.2838429856528569
-57.25,-3.9166666666666643,0.28510823970885524
-57.083333333333336,-3.9166666666666643,0.2819157156132079
-56.91666666666667,-3.9166666666666643,0.2729878519730671
-56.75,-3.9166666666666643,0.2590141914323154
-56.583333333333336,-3.9166666666666643,0.26065719812659993
-56.41666666666667,-3.9166666666666643,0.250584083651806
-56.25,-3.9166666666666643,0.2355270198159541
-56.083333333333336,-3.9166666666666643,0.20332603412267986
-55.91666666666667,-3.9166666666666643,0.19289184369811233
-55.75,-3.9166666666666643,0.20229742661180547
-55.583333333333336,-3.9166666666666643,0.2483676348944544
-55.41666666666667,-3.9166666666666643,0.2607347190753517
-55.25,-3.9166666666666643,0.25053128909506983
-55.083333333333336,-3.9166666666666643,0.22015734708583468
-54.91666666666667,-3.9166666666666643,0.1836772790461161
-54.75,-3.9166666666666643,0.1472823053577605
-54.583333333333336,-3.9166666666666643,0.18926334827358268
-54.41666666666667,-3.9166666666666643,0.18835108245109344
-54.25,-3.9166666666666643,0.19908565481887766
-54.083333333333336,-3.9166666666666643,0.1434706672965318
-53.91666666666667,-3.9166666666666643,0.09365648851188478
-53.75,-3.9166666666666643,0.1375729166358609
-53.583333333333336,-3.9166666666666643,0.11248672925442706
-53.41666666666667,-3.9166666666666643,0.11878417650521002
-53.25,-3.9166666666666643,0.10383807874346505
-53.083333333333336,-3.9166666666666643,0.1140639743125735
-52.91666666666667,-3.9166666666666643,0.12430384867624249
-52.75,-3.9166666666666643,0.1293314816959237
-52.583333333333336,-3.9166666666666643,0.17831387561687023
-52.41666666666667,-3.9166666666666643,0.183938045794889
-52.25,-3.9166666666666643,0.20511745816718643
-52.083333333333336,-3.9166666666666643,0.24367801110212534
-51.91666666666667,-3.9166666666666643,0.25044828300787664
-51.75,-3.9166666666666643,0.2482574692185261
-51.583333333333336,-3.9166666666666643,0.216604157425635
-51.41666666666667,-3.9166666666666643,0.18276210726545833
-51.25,-3.9166666666666643,0.21579592322450136
-51.083333333333336,-3.9166666666666643,0.2033086987274519
-50.91666666666667,-3.9166666666666643,0.16938396314326207
-50.75,-3.9166666666666643,0.17722910964482277
-50.583333333333336,-3.9166666666666643,0.16983292255880272
-50.41666666666667,-3.9166666666666643,0.16651769989256396
-50.25,-3.9166666666666643,0.20679875090726793
-50.083333333333336,-3.9166666666666643,0.17742806393809524
-49.91666666666667,-3.9166666666666643,0.13208238594677757
-49.75,-3.9166666666666643,0.15568849691923992
-49.583333333333336,-3.9166666666666643,0.16896666573103772
-49.41666666666667,-3.9166666666666643,0.19806903887195618
-49.25,-3.9166666666666643,0.21073550568239338
-49.083333333333336,-3.9166666666666643,0.17848812130212088
-48.91666666666667,-3.9166666666666643,0.19149554379120506
-48.75,-3.9166666666666643,0.15162813937808634
-48.583333333333336,-3.9166666666666643,0.13985817926438263
-48.41666666666667,-3.9166666666666643,0.14243990883722066
-48.25,-3.9166666666666643,0.13130743122161143
-48.083333333333336,-3.9166666666666643,0.12930582434660817
-47.91666666666667,-3.9166666666666643,0.12464222001244993
-47.75,-3.9166666666666643,0.11030031742245953
-47.583333333333336,-3.9166666666666643,0.08443621705400622
-47.41666666666667,-3.9166666666666643,0.07864606371891264
-47.25,-3.9166666666666643,0.078412817354365
-47.083333333333336,-3.9166666666666643,0.10129258472525249
-46.91666666666667,-3.9166666666666643,0.07652979075034641
-46.75,-3.9166666666666643,0.048616338602389494
-46.583333333333336,-3.9166666666666643,0.05480978035665124
-46.41666666666667,-3.9166666666666643,0.07696333015554858
-46.25,-3.9166666666666643,0.11025538086446773
-46.083333333333336,-3.9166666666666643,0.10875001199633941
-45.91666666666667,-3.9166666666666643,0.11952696390486418
-45.75,-3.9166666666666643,0.11988335033896862
-45.583333333333336,-3.9166666666666643,0.06349696960124633
-45.41666666666667,-3.9166666666666643,0.05938643716740717
-45.25,-3.9166666666666643,0.05725075848524606
-45.083333333333336,-3.9166666666666643,0.0607120574241605
-44.91666666666667,-3.9166666666666643,0.04272287488662348
-44.75,-3.9166666666666643,0.05153141040899209
-69.75,-4.08333333333333,0.06582939586509348
-69.58333333333333,-4.08333333333333,0.09104766383494506
-69.41666666666667,-4.08333333333333,0.1257181426347007
-69.25,-4.08333333333333,0.1135388994582643
-69.08333333333333,-4.08333333333333,0.11349644078569883
-68.91666666666667,-4.08333333333333,0.10253996059313868
-68.75,-4.08333333333333,0.08864200207837812
-68.58333333333333,-4.08333333333333,0.07094207993297366
-68.41666666666667,-4.08333333333333,0.07459413679909295
-68.25,-4.08333333333333,0.07114669584956994
-68.08333333333333,-4.08333333333333,0.07271265752730133
-67.91666666666667,-4.08333333333333,0.08081881875164822
-67.75,-4.08333333333333,0.075533150697973
-67.58333333333333,-4.08333333333333,0.07128280976381543
-67.41666666666667,-4.08333333333333,0.09370355868031392
-67.25,-4.08333333333333,0.08293459066477507
-67.08333333333333,-4.08333333333333,0.07696013465588249
-66.91666666666667,-4.08333333333333,0.0732615114130893
-66.75,-4.08333333333333,0.07312646042407808
-66.58333333333333,-4.08333333333333,0.07095976441273666
-66.41666666666667,-4.08333333333333,0.060895521686565666
-66.25,-4.08333333333333,0.0853768521237236
-66.08333333333333,-4.08333333333333,0.08145836987646847
-65.91666666666667,-4.08333333333333,0.07782658555201044
-65.75,-4.08333333333333,0.06539944353721501
-65.58333333333333,-4.08333333333333,0.07080373668387198
-65.41666666666667,-4.08333333333333,0.07017351790939294
-65.25,-4.08333333333333,0.07562502535067943
-65.08333333333333,-4.08333333333333,0.09637561945361606
-64.91666666666667,-4.08333333333333,0.09450435358343993
-64.75,-4.08333333333333,0.06403053881122706
-64.58333333333333,-4.08333333333333,0.07025518104131882
-64.41666666666667,-4.08333333333333,0.0793945296613812
-64.25,-4.08333333333333,0.07312674195775552
-64.08333333333333,-4.08333333333333,0.07854509947456581
-63.91666666666667,-4.08333333333333,0.04808623147855225
-63.75,-4.08333333333333,0.051669099140459016
-63.583333333333336,-4.08333333333333,0.056145834033482556
-63.41666666666667,-4.08333333333333,0.0591095291237985
-63.25,-4.08333333333333,0.055019293920086525
-63.083333333333336,-4.08333333333333,0.07301381974268742
-62.91666666666667,-4.08333333333333,0.06499905363172616
-62.75,-4.08333333333333,0.04444902867593365
-62.583333333333336,-4.08333333333333,0.04095100438014657
-62.41666666666667,-4.08333333333333,0.03839394280087734
-62.25,-4.08333333333333,0.043117180582714756
-62.083333333333336,-4.08333333333333,0.05747586377227705
-61.91666666666667,-4.08333333333333,0.0785221583650432
-61.75,-4.08333333333333,0.08112918466783375
-61.583333333333336,-4.08333333333333,0.10819121692668153
-61.41666666666667,-4.08333333333333,0.11589883999458606
-61.25,-4.08333333333333,0.11874077448054249
-61.083333333333336,-4.08333333333333,0.09925748802271672
-60.91666666666667,-4.08333333333333,0.11223629921864454
-60.75,-4.08333333333333,0.13444973787322975
-60.583333333333336,-4.08333333333333,0.15363566153309888
-60.41666666666667,-4.08333333333333,0.1711127060316236
-60.25,-4.08333333333333,0.19437493500562472
-60.083333333333336,-4.08333333333333,0.19267515501235216
-59.91666666666667,-4.08333333333333,0.18372465584363784
-59.75,-4.08333333333333,0.23221414757169556
-59.583333333333336,-4.08333333333333,0.20098232967958896
-59.41666666666667,-4.08333333333333,0.20167353375782957
-59.25,-4.08333333333333,0.1978457017170283
-59.083333333333336,-4.08333333333333,0.20942689623885363
-58.91666666666667,-4.08333333333333,0.25602015244178716
-58.75,-4.08333333333333,0.24932175769986367
-58.583333333333336,-4.08333333333333,0.26429516523199686
-58.41666666666667,-4.08333333333333,0.26513371068455643
-58.25,-4.08333333333333,0.27035255813042286
-58.083333333333336,-4.08333333333333,0.27013714034170394
-57.91666666666667,-4.08333333333333,0.2770387737753891
-57.75,-4.08333333333333,0.2572078703686253
-57.583333333333336,-4.08333333333333,0.2760084692812342
-57.41666666666667,-4.08333333333333,0.26222090578833657
-57.25,-4.08333333333333,0.25540218915339785
-57.083333333333336,-4.08333333333333,0.26218121116071536
-56.91666666666667,-4.08333333333333,0.2591987001427986
-56.75,-4.08333333333333,0.2400931642573451
-56.583333333333336,-4.08333333333333,0.1809451060780394
-56.41666666666667,-4.08333333333333,0.2051260922875437
-56.25,-4.08333333333333,0.19817663485673762
-56.083333333333336,-4.08333333333333,0.19787796136136135
-55.91666666666667,-4.08333333333333,0.1873611154663559
-55.75,-4.08333333333333,0.2265382321678733
-55.583333333333336,-4.08333333333333,0.2642372119659284
-55.41666666666667,-4.08333333333333,0.2650825145796715
-55.25,-4.08333333333333,0.2658731419775365
-55.083333333333336,-4.08333333333333,0.22846529046083344
-54.91666666666667,-4.08333333333333,0.19982495253903404
-54.75,-4.08333333333333,0.19537952931438787
-54.583333333333336,-4.08333333333333,0.19153759287944916
-54.41666666666667,-4.08333333333333,0.12560177084655721
-54.25,-4.08333333333333,0.14800912965782181
-54.083333333333336,-4.08333333333333,0.0784548647092103
-53.91666666666667,-4.08333333333333,0.06004956240466466
-53.75,-4.08333333333333,0.11512369722155182
-53.583333333333336,-4.08333333333333,0.08942528218700811
-53.41666666666667,-4.08333333333333,0.09152076408640217
-53.25,-4.08333333333333,0.11099120657835841
-53.083333333333336,-4.08333333333333,0.11241484494036345
-52.91666666666667,-4.08333333333333,0.09800167892376258
-52.75,-4.08333333333333,0.10377804475410006
-52.583333333333336,-4.08333333333333,0.1574089683265923
-52.41666666666667,-4.08333333333333,0.18273448770550238
-52.25,-4.08333333333333,0.18605894807640075
-52.083333333333336,-4.08333333333333,0.1763368195527916
-51.91666666666667,-4.08333333333333,0.22687066320834876
-51.75,-4.08333333333333,0.23304536708004722
-51.583333333333336,-4.08333333333333,0.2044911102576994
-51.41666666666667,-4.08333333333333,0.178776394427001
-51.25,-4.08333333333333,0.18925504740978674
-51.083333333333336,-4.08333333333333,0.1318491464253992
-50.91666666666667,-4.08333333333333,0.13246198923363756
-50.75,-4.08333333333333,0.1533312081690205
-50.583333333333336,-4.08333333333333,0.14778271353681516
-50.41666666666667,-4.08333333333333,0.1537690919803034
-50.25,-4.08333333333333,0.15823560719998978
-50.083333333333336,-4.08333333333333,0.16681201297866538
-49.91666666666667,-4.08333333333333,0.13599738397954342
-49.75,-4.08333333333333,0.15322514532940654
-49.583333333333336,-4.08333333333333,0.16793057506305997
-49.41666666666667,-4.08333333333333,0.17732180784881016
-49.25,-4.08333333333333,0.1838530053976108
-49.083333333333336,-4.08333333333333,0.16671682411702587
-48.91666666666667,-4.08333333333333,0.15637302787472165
-48.75,-4.08333333333333,0.16756783185361898
-48.583333333333336,-4.08333333333333,0.1271701444708925
-48.41666666666667,-4.08333333333333,0.12561689242754215
-48.25,-4.08333333333333,0.12173893706216386
-48.083333333333336,-4.08333333333333,0.08125058433467824
-47.91666666666667,-4.08333333333333,0.1078513374850884
-47.75,-4.08333333333333,0.09454461400870248
-47.583333333333336,-4.08333333333333,0.06947803692746592
-47.41666666666667,-4.08333333333333,0.08142258615689718
-47.25,-4.08333333333333,0.10379526919140836
-47.083333333333336,-4.08333333333333,0.09034082939556815
-46.91666666666667,-4.08333333333333,0.04342358154236215
-46.75,-4.08333333333333,0.04870551042994793
-46.583333333333336,-4.08333333333333,0.06832576176543663
-46.41666666666667,-4.08333333333333,0.07958007163140367
-46.25,-4.08333333333333,0.08337270287645293
-46.083333333333336,-4.08333333333333,0.0844134425016736
-45.91666666666667,-4.08333333333333,0.07970111197880998
-45.75,-4.08333333333333,0.06226822719459932
-45.583333333333336,-4.08333333333333,0.052403781872819306
-45.41666666666667,-4.08333333333333,0.04834321254276749
-45.25,-4.08333333333333,0.049209394655895446
-45.083333333333336,-4.08333333333333,0.05444243341317321
-44.91666666666667,-4.08333333333333,0.05129871733627595
-70.58333333333333,-4.2499999999999964,0.06748835132880913
-70.41666666666667,-4.2499999999999964,0.0788883504569476
-69.75,-4.2499999999999964,0.08898993268647724
-69.58333333333333,-4.2499999999999964,0.12144133714357168
-69.41666666666667,-4.2499999999999964,0.12617055429540627
-69.25,-4.2499999999999964,0.12053234671954959
-69.08333333333333,-4.2499999999999964,0.11879133131743223
-68.91666666666667,-4.2499999999999964,0.09939837678948289
-68.75,-4.2499999999999964,0.0771000073843395
-68.58333333333333,-4.2499999999999964,0.08044047567791042
-68.41666666666667,-4.2499999999999964,0.07448508899595846
-68.25,-4.2499999999999964,0.06948805471077002
-68.08333333333333,-4.2499999999999964,0.0769207925949591
-67.91666666666667,-4.2499999999999964,0.09059758089225542
-67.75,-4.2499999999999964,0.1048312861650931
-67.58333333333333,-4.2499999999999964,0.07533167197118844
-67.41666666666667,-4.2499999999999964,0.09359942821034418
-67.25,-4.2499999999999964,0.10226748880944994
-67.08333333333333,-4.2499999999999964,0.09108802844674055
-66.91666666666667,-4.2499999999999964,0.09591698437439018
-66.75,-4.2499999999999964,0.0861046533798942
-66.58333333333333,-4.2499999999999964,0.08923398745973636
-66.41666666666667,-4.2499999999999964,0.0986858022107365
-66.25,-4.2499999999999964,0.09731536616426845
-66.08333333333333,-4.2499999999999964,0.09748993959553524
-65.91666666666667,-4.2499999999999964,0.06666372154373039
-65.75,-4.2499999999999964,0.08164230036095962
-65.58333333333333,-4.2499999999999964,0.08090862564881701
-65.41666666666667,-4.2499999999999964,0.07636125955054525
-65.25,-4.2499999999999964,0.082151920336314
-65.08333333333333,-4.2499999999999964,0.09456102801316124
-64.91666666666667,-4.2499999999999964,0.09019302640427602
-64.75,-4.2499999999999964,0.07270707669253064
-64.58333333333333,-4.2499999999999964,0.08039664069499959
-64.41666666666667,-4.2499999999999964,0.07946846190912443
-64.25,-4.2499999999999964,0.08337538449747432
-64.08333333333333,-4.2499999999999964,0.08734004175614397
-63.91666666666667,-4.2499999999999964,0.04175372759676673
-63.75,-4.2499999999999964,0.045721971317917165
-63.583333333333336,-4.2499999999999964,0.049117160956330064
-63.41666666666667,-4.2499999999999964,0.04794633170089783
-63.25,-4.2499999999999964,0.05911585005489575
-63.083333333333336,-4.2499999999999964,0.06424755757418964
-62.91666666666667,-4.2499999999999964,0.05536288992394391
-62.75,-4.2499999999999964,0.03841698930235102
-62.583333333333336,-4.2499999999999964,0.0415770041843905
-62.41666666666667,-4.2499999999999964,0.03991284115767192
-62.25,-4.2499999999999964,0.036626041663087326
-62.083333333333336,-4.2499999999999964,0.07842777028468348
-61.91666666666667,-4.2499999999999964,0.08274633948582195
-61.75,-4.2499999999999964,0.11066066923127126
-61.583333333333336,-4.2499999999999964,0.1122460348104914
-61.41666666666667,-4.2499999999999964,0.11366779734042672
-61.25,-4.2499999999999964,0.09185786277394242
-61.083333333333336,-4.2499999999999964,0.10417971377548829
-60.91666666666667,-4.2499999999999964,0.10980157758816678
-60.75,-4.2499999999999964,0.12970414227298857
-60.583333333333336,-4.2499999999999964,0.15067647251988703
-60.41666666666667,-4.2499999999999964,0.16860716496042757
-60.25,-4.2499999999999964,0.17061165936990424
-60.083333333333336,-4.2499999999999964,0.18983113452368558
-59.91666666666667,-4.2499999999999964,0.19330909312232936
-59.75,-4.2499999999999964,0.20216733366791914
-59.583333333333336,-4.2499999999999964,0.1875790393759705
-59.41666666666667,-4.2499999999999964,0.1872428130003724
-59.25,-4.2499999999999964,0.22743022471950078
-59.083333333333336,-4.2499999999999964,0.2402678549879472
-58.91666666666667,-4.2499999999999964,0.24916166963079367
-58.75,-4.2499999999999964,0.2572769855789366
-58.583333333333336,-4.2499999999999964,0.27154518615245415
-58.41666666666667,-4.2499999999999964,0.2665487429991752
-58.25,-4.2499999999999964,0.27908586788292783
-58.083333333333336,-4.2499999999999964,0.28445055054705704
-57.91666666666667,-4.2499999999999964,0.27844541197603495
-57.75,-4.2499999999999964,0.21774219115766077
-57.583333333333336,-4.2499999999999964,0.2621689346949571
-57.41666666666667,-4.2499999999999964,0.2487004754126312
-57.25,-4.2499999999999964,0.19722956940936373
-57.083333333333336,-4.2499999999999964,0.23537087174276355
-56.91666666666667,-4.2499999999999964,0.25010549153125733
-56.75,-4.2499999999999964,0.21762618086543564
-56.583333333333336,-4.2499999999999964,0.20036756910101727
-56.41666666666667,-4.2499999999999964,0.2235473220285561
-56.25,-4.2499999999999964,0.21066194297818527
-56.083333333333336,-4.2499999999999964,0.20185631834068832
-55.91666666666667,-4.2499999999999964,0.2371663698456058
-55.75,-4.2499999999999964,0.24322404624603652
-55.583333333333336,-4.2499999999999964,0.23139326298904317
-55.41666666666667,-4.2499999999999964,0.23561315759174414
-55.25,-4.2499999999999964,0.22650574248059582
-55.083333333333336,-4.2499999999999964,0.20514176990271585
-54.91666666666667,-4.2499999999999964,0.16275812962353944
-54.75,-4.2499999999999964,0.1432960755502073
-54.583333333333336,-4.2499999999999964,0.10515481025827433
-54.41666666666667,-4.2499999999999964,0.055297807504121596
-54.25,-4.2499999999999964,0.05346634556233022
-54.083333333333336,-4.2499999999999964,0.07758116810233172
-53.91666666666667,-4.2499999999999964,0.08984302822697961
-53.75,-4.2499999999999964,0.11574610618881567
-53.583333333333336,-4.2499999999999964,0.09978020807472057
-53.41666666666667,-4.2499999999999964,0.08698167595224413
-53.25,-4.2499999999999964,0.1071451743794831
-53.083333333333336,-4.2499999999999964,0.1022266605851386
-52.91666666666667,-4.2499999999999964,0.08242937973195813
-52.75,-4.2499999999999964,0.10089761722053454
-52.583333333333336,-4.2499999999999964,0.13783864611225705
-52.41666666666667,-4.2499999999999964,0.15263537835965976
-52.25,-4.2499999999999964,0.16137621448592396
-52.083333333333336,-4.2499999999999964,0.1758598986169436
-51.91666666666667,-4.2499999999999964,0.13324237019669388
-51.75,-4.2499999999999964,0.1599201720934569
-51.583333333333336,-4.2499999999999964,0.16417121611071236
-51.41666666666667,-4.2499999999999964,0.15375180784952583
-51.25,-4.2499999999999964,0.1600407078421588
-51.083333333333336,-4.2499999999999964,0.1196924487931134
-50.91666666666667,-4.2499999999999964,0.11558678577061748
-50.75,-4.2499999999999964,0.12220326078626205
-50.583333333333336,-4.2499999999999964,0.1233996744336497
-50.41666666666667,-4.2499999999999964,0.1390927120493246
-50.25,-4.2499999999999964,0.15216521205684677
-50.083333333333336,-4.2499999999999964,0.15572228319890874
-49.91666666666667,-4.2499999999999964,0.13611408796131327
-49.75,-4.2499999999999964,0.1359873849645283
-49.583333333333336,-4.2499999999999964,0.1532888062084156
-49.41666666666667,-4.2499999999999964,0.16192698461984092
-49.25,-4.2499999999999964,0.16404520175779824
-49.083333333333336,-4.2499999999999964,0.16983244560601432
-48.91666666666667,-4.2499999999999964,0.15884557295424465
-48.75,-4.2499999999999964,0.11987774672862449
-48.583333333333336,-4.2499999999999964,0.10013173320943174
-48.41666666666667,-4.2499999999999964,0.11772163902252808
-48.25,-4.2499999999999964,0.08413097520903116
-48.083333333333336,-4.2499999999999964,0.053222719804580064
-47.91666666666667,-4.2499999999999964,0.09814697140446477
-47.75,-4.2499999999999964,0.06579875115913258
-47.583333333333336,-4.2499999999999964,0.06419980006867988
-47.41666666666667,-4.2499999999999964,0.06455477332022837
-47.25,-4.2499999999999964,0.07566201554654017
-47.083333333333336,-4.2499999999999964,0.04707236052709426
-46.91666666666667,-4.2499999999999964,0.0484906681802242
-46.75,-4.2499999999999964,0.0584446498866577
-46.583333333333336,-4.2499999999999964,0.0622200260672552
-46.41666666666667,-4.2499999999999964,0.08199040004747755
-46.25,-4.2499999999999964,0.054999538468620275
-46.083333333333336,-4.2499999999999964,0.05523033140835417
-45.91666666666667,-4.2499999999999964,0.06082575524200111
-45.75,-4.2499999999999964,0.0688691567638014
-45.583333333333336,-4.2499999999999964,0.05599562871577815
-45.41666666666667,-4.2499999999999964,0.04931350673999426
-45.25,-4.2499999999999964,0.04296315893239936
-45.083333333333336,-4.2499999999999964,0.04518353189108316
-44.91666666666667,-4.2499999999999964,0.04669494210621441
-70.75,-4.416666666666664,0.052357864564631054
-70.58333333333333,-4.416666666666664,0.06978150583194025
-70.41666666666667,-4.416666666666664,0.09706793503004976
-70.25,-4.416666666666664,0.11590218298698084
-70.08333333333333,-4.416666666666664,0.16188734526016657
-69.91666666666667,-4.416666666666664,0.11464924421619523
-69.75,-4.416666666666664,0.1447984626113676
-69.58333333333333,-4.416666666666664,0.12876009108636347
-69.41666666666667,-4.416666666666664,0.13070689100718633
-69.25,-4.416666666666664,0.12158680938095191
-69.08333333333333,-4.416666666666664,0.11477974471596741
-68.91666666666667,-4.416666666666664,0.08879849790369189
-68.75,-4.416666666666664,0.08264118059480019
-68.58333333333333,-4.416666666666664,0.08567520899692077
-68.41666666666667,-4.416666666666664,0.08007693152108225
-68.25,-4.416666666666664,0.08664208823718073
-68.08333333333333,-4.416666666666664,0.09212768103079175
-67.91666666666667,-4.416666666666664,0.09318012288101173
-67.75,-4.416666666666664,0.11152162215765701
-67.58333333333333,-4.416666666666664,0.08605052664814208
-67.41666666666667,-4.416666666666664,0.09171431575993248
-67.25,-4.416666666666664,0.09545873382210052
-67.08333333333333,-4.416666666666664,0.11718777506742518
-66.91666666666667,-4.416666666666664,0.10092673102572734
-66.75,-4.416666666666664,0.09852901711721747
-66.58333333333333,-4.416666666666664,0.10400921555671501
-66.41666666666667,-4.416666666666664,0.12148676799829088
-66.25,-4.416666666666664,0.11460662062415677
-66.08333333333333,-4.416666666666664,0.10465608394683848
-65.91666666666667,-4.416666666666664,0.0924057733885942
-65.75,-4.416666666666664,0.09676655740838455
-65.58333333333333,-4.416666666666664,0.09338672098665372
-65.41666666666667,-4.416666666666664,0.08000500330837398
-65.25,-4.416666666666664,0.10431229399682868
-65.08333333333333,-4.416666666666664,0.09332291173896562
-64.91666666666667,-4.416666666666664,0.0679950199907935
-64.75,-4.416666666666664,0.07855910260365677
-64.58333333333333,-4.416666666666664,0.07947468502930005
-64.41666666666667,-4.416666666666664,0.0831075880646892
-64.25,-4.416666666666664,0.08588421431423506
-64.08333333333333,-4.416666666666664,0.07648500390247459
-63.91666666666667,-4.416666666666664,0.049100831371654136
-63.75,-4.416666666666664,0.0389271826144415
-63.583333333333336,-4.416666666666664,0.041362440129717154
-63.41666666666667,-4.416666666666664,0.053401997712132776
-63.25,-4.416666666666664,0.04966663049837108
-63.083333333333336,-4.416666666666664,0.0514751718463403
-62.91666666666667,-4.416666666666664,0.04377918385197478
-62.75,-4.416666666666664,0.039097971351855054
-62.583333333333336,-4.416666666666664,0.03841633700837322
-62.41666666666667,-4.416666666666664,0.0367512461843009
-62.25,-4.416666666666664,0.0376465163254015
-62.083333333333336,-4.416666666666664,0.1335425691334583
-61.91666666666667,-4.416666666666664,0.14941122634203566
-61.75,-4.416666666666664,0.10874655127577736
-61.583333333333336,-4.416666666666664,0.11033793742023225
-61.41666666666667,-4.416666666666664,0.08060082252882704
-61.25,-4.416666666666664,0.09938554292618991
-61.083333333333336,-4.416666666666664,0.11438636428650444
-60.91666666666667,-4.416666666666664,0.1294236977905714
-60.75,-4.416666666666664,0.1366712183313227
-60.583333333333336,-4.416666666666664,0.13326272483473486
-60.41666666666667,-4.416666666666664,0.17843422303279047
-60.25,-4.416666666666664,0.15183370718452618
-60.083333333333336,-4.416666666666664,0.1646956098013001
-59.91666666666667,-4.416666666666664,0.17625287866262454
-59.75,-4.416666666666664,0.18924759895624946
-59.583333333333336,-4.416666666666664,0.2011381899828529
-59.41666666666667,-4.416666666666664,0.1731216932021054
-59.25,-4.416666666666664,0.2386631002604607
-59.083333333333336,-4.416666666666664,0.23978797528416013
-58.91666666666667,-4.416666666666664,0.24594307701553803
-58.75,-4.416666666666664,0.2502547303566478
-58.583333333333336,-4.416666666666664,0.27645576375406317
-58.41666666666667,-4.416666666666664,0.28020499026130963
-58.25,-4.416666666666664,0.2860428262771361
-58.083333333333336,-4.416666666666664,0.2911232532540669
-57.91666666666667,-4.416666666666664,0.2480985854666499
-57.75,-4.416666666666664,0.23029289482511117
-57.583333333333336,-4.416666666666664,0.2612334813630305
-57.41666666666667,-4.416666666666664,0.24078740232446907
-57.25,-4.416666666666664,0.22797985342220978
-57.083333333333336,-4.416666666666664,0.23191684346568225
-56.91666666666667,-4.416666666666664,0.23486753829927415
-56.75,-4.416666666666664,0.21324681297623058
-56.583333333333336,-4.416666666666664,0.19612737958913806
-56.41666666666667,-4.416666666666664,0.20733705717684314
-56.25,-4.416666666666664,0.20669658271989666
-56.083333333333336,-4.416666666666664,0.22986806450606245
-55.91666666666667,-4.416666666666664,0.24608404014078328
-55.75,-4.416666666666664,0.2205382921652007
-55.583333333333336,-4.416666666666664,0.2083644804950485
-55.41666666666667,-4.416666666666664,0.17619237199901996
-55.25,-4.416666666666664,0.17973030783817923
-55.083333333333336,-4.416666666666664,0.11161365203639764
-54.91666666666667,-4.416666666666664,0.0676881582310495
-54.75,-4.416666666666664,0.07298286985809692
-54.583333333333336,-4.416666666666664,0.11491592518094916
-54.41666666666667,-4.416666666666664,0.11179376649615527
-54.25,-4.416666666666664,0.12182772709773622
-54.083333333333336,-4.416666666666664,0.12808283187661204
-53.91666666666667,-4.416666666666664,0.11727474156522678
-53.75,-4.416666666666664,0.10473433548977312
-53.583333333333336,-4.416666666666664,0.08085501865998877
-53.41666666666667,-4.416666666666664,0.09955383947379608
-53.25,-4.416666666666664,0.09352824330298616
-53.083333333333336,-4.416666666666664,0.08268814555163749
-52.91666666666667,-4.416666666666664,0.07549726216756343
-52.75,-4.416666666666664,0.08321952846929147
-52.583333333333336,-4.416666666666664,0.1100482847038185
-52.41666666666667,-4.416666666666664,0.1123428628250304
-52.25,-4.416666666666664,0.12941122468549118
-52.083333333333336,-4.416666666666664,0.10860603471881919
-51.91666666666667,-4.416666666666664,0.10929506519368001
-51.75,-4.416666666666664,0.10037469193908533
-51.583333333333336,-4.416666666666664,0.11154774885424798
-51.41666666666667,-4.416666666666664,0.12215360679384821
-51.25,-4.416666666666664,0.13396187391476852
-51.083333333333336,-4.416666666666664,0.11906627570577351
-50.91666666666667,-4.416666666666664,0.08900981910758977
-50.75,-4.416666666666664,0.11223724295158133
-50.583333333333336,-4.416666666666664,0.11248728287044016
-50.41666666666667,-4.416666666666664,0.1281532377479562
-50.25,-4.416666666666664,0.132896350917332
-50.083333333333336,-4.416666666666664,0.15392861082582404
-49.91666666666667,-4.416666666666664,0.1324079094034021
-49.75,-4.416666666666664,0.13460708208277777
-49.583333333333336,-4.416666666666664,0.1284558298475001
-49.41666666666667,-4.416666666666664,0.15413675844142685
-49.25,-4.416666666666664,0.15599088074746847
-49.083333333333336,-4.416666666666664,0.16401893496776643
-48.91666666666667,-4.416666666666664,0.14779774622073502
-48.75,-4.416666666666664,0.11686465810190144
-48.583333333333336,-4.416666666666664,0.08760874781116747
-48.41666666666667,-4.416666666666664,0.07042109343788547
-48.25,-4.416666666666664,0.10280623562802262
-48.083333333333336,-4.416666666666664,0.0742656167456651
-47.91666666666667,-4.416666666666664,0.0635306116344153
-47.75,-4.416666666666664,0.03818121444726246
-47.583333333333336,-4.416666666666664,0.06492984316539321
-47.41666666666667,-4.416666666666664,0.07462097771134428
-47.25,-4.416666666666664,0.04718960386682353
-47.083333333333336,-4.416666666666664,0.048746871641952294
-46.91666666666667,-4.416666666666664,0.06236644269667187
-46.75,-4.416666666666664,0.05266761715209712
-46.583333333333336,-4.416666666666664,0.051799566953005034
-46.41666666666667,-4.416666666666664,0.06417292428962564
-46.25,-4.416666666666664,0.0390379959536867
-46.083333333333336,-4.416666666666664,0.033343651119147916
-45.91666666666667,-4.416666666666664,0.044146984192894013
-45.75,-4.416666666666664,0.06011720932275332
-45.583333333333336,-4.416666666666664,0.050968373159692375
-45.41666666666667,-4.416666666666664,0.06237409628533389
-45.25,-4.416666666666664,0.04822697779477698
-45.083333333333336,-4.416666666666664,0.04585513279955635
-71.75,-4.58333333333333,0.04245420120708375
-71.58333333333333,-4.58333333333333,0.04380380323621193
-71.41666666666667,-4.58333333333333,0.06051545429263145
-71.25,-4.58333333333333,0.06052180191647368
-71.08333333333333,-4.58333333333333,0.044678917675753035
-70.91666666666667,-4.58333333333333,0.04415876859387847
-70.75,-4.58333333333333,0.05779736615464682
-70.58333333333333,-4.58333333333333,0.082450944657116
-70.41666666666667,-4.58333333333333,0.10682864594239988
-70.25,-4.58333333333333,0.15427116014335043
-70.08333333333333,-4.58333333333333,0.1498878399936256
-69.91666666666667,-4.58333333333333,0.15268055570946157
-69.75,-4.58333333333333,0.13568561962061154
-69.58333333333333,-4.58333333333333,0.12899396572117008
-69.41666666666667,-4.58333333333333,0.1215238277722665
-69.25,-4.58333333333333,0.11660688243385331
-69.08333333333333,-4.58333333333333,0.10163950426797366
-68.91666666666667,-4.58333333333333,0.07893053922584013
-68.75,-4.58333333333333,0.09065838007230609
-68.58333333333333,-4.58333333333333,0.08816742876621039
-68.41666666666667,-4.58333333333333,0.09224731131046773
-68.25,-4.58333333333333,0.10042097394639428
-68.08333333333333,-4.58333333333333,0.10356934617289333
-67.91666666666667,-4.58333333333333,0.11780856901462629
-67.75,-4.58333333333333,0.12030309417228094
-67.58333333333333,-4.58333333333333,0.10092938572262158
-67.41666666666667,-4.58333333333333,0.10317469522994438
-67.25,-4.58333333333333,0.10021487653592047
-67.08333333333333,-4.58333333333333,0.10250730519878216
-66.91666666666667,-4.58333333333333,0.11079843219376785
-66.75,-4.58333333333333,0.1192901019222054
-66.58333333333333,-4.58333333333333,0.13463741578804272
-66.41666666666667,-4.58333333333333,0.1309932155505938
-66.25,-4.58333333333333,0.12226688718695422
-66.08333333333333,-4.58333333333333,0.09632689852139303
-65.91666666666667,-4.58333333333333,0.10796102145806909
-65.75,-4.58333333333333,0.10370992540127043
-65.58333333333333,-4.58333333333333,0.09365776005547757
-65.41666666666667,-4.58333333333333,0.10683280689982778
-65.25,-4.58333333333333,0.09882032071432023
-65.08333333333333,-4.58333333333333,0.07616778318443232
-64.91666666666667,-4.58333333333333,0.07843620461148465
-64.75,-4.58333333333333,0.08166362321281893
-64.58333333333333,-4.58333333333333,0.08642056257266836
-64.41666666666667,-4.58333333333333,0.0847339221519572
-64.25,-4.58333333333333,0.08064292392681213
-64.08333333333333,-4.58333333333333,0.10894178337602646
-63.91666666666667,-4.58333333333333,0.03290653433012214
-63.75,-4.58333333333333,0.03888744836836334
-63.583333333333336,-4.58333333333333,0.03784989118688799
-63.41666666666667,-4.58333333333333,0.04520080060722371
-63.25,-4.58333333333333,0.047627656062951065
-63.083333333333336,-4.58333333333333,0.0418128016729003
-62.91666666666667,-4.58333333333333,0.03554909123330372
-62.75,-4.58333333333333,0.03813367641816634
-62.583333333333336,-4.58333333333333,0.03886613330015843
-62.41666666666667,-4.58333333333333,0.037048270807828514
-62.25,-4.58333333333333,0.04008958042046171
-62.083333333333336,-4.58333333333333,0.15170830042502687
-61.91666666666667,-4.58333333333333,0.10966074281249165
-61.75,-4.58333333333333,0.10750183280037987
-61.583333333333336,-4.58333333333333,0.09279334668288836
-61.41666666666667,-4.58333333333333,0.09516134862710385
-61.25,-4.58333333333333,0.10419884421997448
-61.083333333333336,-4.58333333333333,0.11161083496471008
-60.91666666666667,-4.58333333333333,0.11525593941518389
-60.75,-4.58333333333333,0.11777373927676676
-60.583333333333336,-4.58333333333333,0.16494017394978638
-60.41666666666667,-4.58333333333333,0.18214282170920268
-60.25,-4.58333333333333,0.1791209993669587
-60.083333333333336,-4.58333333333333,0.1627574180620467
-59.91666666666667,-4.58333333333333,0.18720803231866892
-59.75,-4.58333333333333,0.20041666626247157
-59.583333333333336,-4.58333333333333,0.20743114473290825
-59.41666666666667,-4.58333333333333,0.1772317433942922
-59.25,-4.58333333333333,0.22105613621784717
-59.083333333333336,-4.58333333333333,0.23938219473915234
-58.91666666666667,-4.58333333333333,0.25040167372683253
-58.75,-4.58333333333333,0.24944949604445957
-58.583333333333336,-4.58333333333333,0.2724269089059268
-58.41666666666667,-4.58333333333333,0.2318943533239375
-58.25,-4.58333333333333,0.27982928126754075
-58.083333333333336,-4.58333333333333,0.2606666967409054
-57.91666666666667,-4.58333333333333,0.2116875167541393
-57.75,-4.58333333333333,0.22945567445980114
-57.583333333333336,-4.58333333333333,0.25378164931502545
-57.41666666666667,-4.58333333333333,0.25635782731786966
-57.25,-4.58333333333333,0.21879129455325674
-57.083333333333336,-4.58333333333333,0.19033369560761068
-56.91666666666667,-4.58333333333333,0.18246005370836868
-56.75,-4.58333333333333,0.19143910502207392
-56.583333333333336,-4.58333333333333,0.19173743525004827
-56.41666666666667,-4.58333333333333,0.18676278592408146
-56.25,-4.58333333333333,0.22157872668208137
-56.083333333333336,-4.58333333333333,0.21230750657282815
-55.91666666666667,-4.58333333333333,0.24349809834239272
-55.75,-4.58333333333333,0.23584128878042346
-55.583333333333336,-4.58333333333333,0.16186071308891006
-55.41666666666667,-4.58333333333333,0.09693953535895503
-55.25,-4.58333333333333,0.11758560816839204
-55.083333333333336,-4.58333333333333,0.1264384479766514
-54.91666666666667,-4.58333333333333,0.09559810721656135
-54.75,-4.58333333333333,0.10123709615228219
-54.583333333333336,-4.58333333333333,0.10296671888567728
-54.41666666666667,-4.58333333333333,0.10160321544858493
-54.25,-4.58333333333333,0.105496274513275
-54.083333333333336,-4.58333333333333,0.09305159289604661
-53.91666666666667,-4.58333333333333,0.07599761572834206
-53.75,-4.58333333333333,0.07649309384284156
-53.583333333333336,-4.58333333333333,0.08834438522392106
-53.41666666666667,-4.58333333333333,0.08814435047998918
-53.25,-4.58333333333333,0.09497529981582498
-53.083333333333336,-4.58333333333333,0.05851063762564639
-52.91666666666667,-4.58333333333333,0.0705950455543423
-52.75,-4.58333333333333,0.06755254280204034
-52.583333333333336,-4.58333333333333,0.09310646426001054
-52.41666666666667,-4.58333333333333,0.08646781284361292
-52.25,-4.58333333333333,0.09979998908533609
-52.083333333333336,-4.58333333333333,0.08649966092774684
-51.91666666666667,-4.58333333333333,0.08351998596066132
-51.75,-4.58333333333333,0.10689660905505483
-51.583333333333336,-4.58333333333333,0.1067699754662453
-51.41666666666667,-4.58333333333333,0.09508240118631797
-51.25,-4.58333333333333,0.10371927256077705
-51.083333333333336,-4.58333333333333,0.09147394919206206
-50.91666666666667,-4.58333333333333,0.0640672592306291
-50.75,-4.58333333333333,0.09603390146707695
-50.583333333333336,-4.58333333333333,0.09527830079517997
-50.41666666666667,-4.58333333333333,0.10025158898562725
-50.25,-4.58333333333333,0.11186084460504804
-50.083333333333336,-4.58333333333333,0.10415309765440302
-49.91666666666667,-4.58333333333333,0.12108519960542057
-49.75,-4.58333333333333,0.14290350409146413
-49.583333333333336,-4.58333333333333,0.14211639720733588
-49.41666666666667,-4.58333333333333,0.13926832462157424
-49.25,-4.58333333333333,0.16515967357115985
-49.083333333333336,-4.58333333333333,0.15453244228580867
-48.91666666666667,-4.58333333333333,0.12327760718170663
-48.75,-4.58333333333333,0.1000087873324525
-48.583333333333336,-4.58333333333333,0.08156542121109532
-48.41666666666667,-4.58333333333333,0.05153888813263663
-48.25,-4.58333333333333,0.05902575284187615
-48.083333333333336,-4.58333333333333,0.03824592695906924
-47.91666666666667,-4.58333333333333,0.04108310058259745
-47.75,-4.58333333333333,0.031347212488175326
-47.583333333333336,-4.58333333333333,0.04788035855480311
-47.41666666666667,-4.58333333333333,0.062442557602136954
-47.25,-4.58333333333333,0.039359327068193464
-47.083333333333336,-4.58333333333333,0.041973865585516835
-46.91666666666667,-4.58333333333333,0.05045250107141284
-46.75,-4.58333333333333,0.05575585352718096
-46.583333333333336,-4.58333333333333,0.03668831085894927
-46.41666666666667,-4.58333333333333,0.05467453014738662
-46.25,-4.58333333333333,0.030108070247644402
-46.083333333333336,-4.58333333333333,0.034526383663455416
-45.91666666666667,-4.58333333333333,0.03558386263610462
-45.75,-4.58333333333333,0.04321240148905252
-45.583333333333336,-4.58333333333333,0.03311339334510668
-45.41666666666667,-4.58333333333333,0.05378203064464663
-45.25,-4.58333333333333,0.06162509517740574
-71.91666666666667,-4.7499999999999964,0.05666000703551236
-71.75,-4.7499999999999964,0.04306208060192491
-71.58333333333333,-4.7499999999999964,0.04542475137060576
-71.41666666666667,-4.7499999999999964,0.06038521770762011
-71.25,-4.7499999999999964,0.06057488278708945
-71.08333333333333,-4.7499999999999964,0.050088236776767096
-70.91666666666667,-4.7499999999999964,0.05345512993041461
-70.75,-4.7499999999999964,0.06767218864200565
-70.58333333333333,-4.7499999999999964,0.04960222957260768
-70.41666666666667,-4.7499999999999964,0.11051504295698555
-70.25,-4.7499999999999964,0.07988837893494857
-70.08333333333333,-4.7499999999999964,0.15003115510157908
-69.91666666666667,-4.7499999999999964,0.1310670897782179
-69.75,-4.7499999999999964,0.10156289040973993
-69.58333333333333,-4.7499999999999964,0.12516239738511406
-69.41666666666667,-4.7499999999999964,0.11515164343217715
-69.25,-4.7499999999999964,0.11578771537489715
-69.08333333333333,-4.7499999999999964,0.07813029221234503
-68.91666666666667,-4.7499999999999964,0.08561710526640529
-68.75,-4.7499999999999964,0.09540855328310167
-68.58333333333333,-4.7499999999999964,0.0976466749340067
-68.41666666666667,-4.7499999999999964,0.09901251235594902
-68.25,-4.7499999999999964,0.09572823024541766
-68.08333333333333,-4.7499999999999964,0.12765248129984597
-67.91666666666667,-4.7499999999999964,0.12532968836139463
-67.75,-4.7499999999999964,0.10379584760952391
-67.58333333333333,-4.7499999999999964,0.10718528224453204
-67.41666666666667,-4.7499999999999964,0.09819316450279304
-67.25,-4.7499999999999964,0.09634333512817368
-67.08333333333333,-4.7499999999999964,0.11973534820663664
-66.91666666666667,-4.7499999999999964,0.12295923820891118
-66.75,-4.7499999999999964,0.12694985624831343
-66.58333333333333,-4.7499999999999964,0.16394908272603212
-66.41666666666667,-4.7499999999999964,0.14260326990779648
-66.25,-4.7499999999999964,0.1007878431255161
-66.08333333333333,-4.7499999999999964,0.12024680070922449
-65.91666666666667,-4.7499999999999964,0.12199973253307358
-65.75,-4.7499999999999964,0.11440891048784446
-65.58333333333333,-4.7499999999999964,0.12408370328417749
-65.41666666666667,-4.7499999999999964,0.10330958815011801
-65.25,-4.7499999999999964,0.08607528285227814
-65.08333333333333,-4.7499999999999964,0.0842286085575063
-64.91666666666667,-4.7499999999999964,0.08781662148836525
-64.75,-4.7499999999999964,0.09014459325163132
-64.58333333333333,-4.7499999999999964,0.08219822951612718
-64.41666666666667,-4.7499999999999964,0.0754515217320459
-64.25,-4.7499999999999964,0.08035106849822427
-64.08333333333333,-4.7499999999999964,0.09268181557443576
-63.91666666666667,-4.7499999999999964,0.0340825917832823
-63.75,-4.7499999999999964,0.03564482708410824
-63.583333333333336,-4.7499999999999964,0.04580300955839436
-63.41666666666667,-4.7499999999999964,0.045630860266777054
-63.25,-4.7499999999999964,0.04141861929802516
-63.083333333333336,-4.7499999999999964,0.03556898937930583
-62.91666666666667,-4.7499999999999964,0.03622957849157038
-62.75,-4.7499999999999964,0.036423311944930814
-62.583333333333336,-4.7499999999999964,0.058341013681837965
-62.41666666666667,-4.7499999999999964,0.07050000310170416
-62.25,-4.7499999999999964,0.07452467576938528
-62.083333333333336,-4.7499999999999964,0.15715007010944704
-61.91666666666667,-4.7499999999999964,0.10409029320959548
-61.75,-4.7499999999999964,0.07760900841980174
-61.583333333333336,-4.7499999999999964,0.09180354838846544
-61.41666666666667,-4.7499999999999964,0.09077481898360876
-61.25,-4.7499999999999964,0.09302184072717956
-61.083333333333336,-4.7499999999999964,0.10371200025056586
-60.91666666666667,-4.7499999999999964,0.11803739321814577
-60.75,-4.7499999999999964,0.12274563277669047
-60.583333333333336,-4.7499999999999964,0.17140016744888276
-60.41666666666667,-4.7499999999999964,0.13807726737096382
-60.25,-4.7499999999999964,0.14676207329928906
-60.083333333333336,-4.7499999999999964,0.14891936801081035
-59.91666666666667,-4.7499999999999964,0.17876214654680625
-59.75,-4.7499999999999964,0.18925058359027289
-59.583333333333336,-4.7499999999999964,0.19207843851146897
-59.41666666666667,-4.7499999999999964,0.17265749313126016
-59.25,-4.7499999999999964,0.2283849900189233
-59.083333333333336,-4.7499999999999964,0.23821926897427617
-58.91666666666667,-4.7499999999999964,0.2447239949960968
-58.75,-4.7499999999999964,0.2609931402993323
-58.583333333333336,-4.7499999999999964,0.25293589008729916
-58.41666666666667,-4.7499999999999964,0.21489317230456337
-58.25,-4.7499999999999964,0.26768217789765636
-58.083333333333336,-4.7499999999999964,0.24290883890904275
-57.91666666666667,-4.7499999999999964,0.22290136253870121
-57.75,-4.7499999999999964,0.25937063728467386
-57.583333333333336,-4.7499999999999964,0.24626596396418513
-57.41666666666667,-4.7499999999999964,0.23736734430147002
-57.25,-4.7499999999999964,0.21806132680267096
-57.083333333333336,-4.7499999999999964,0.17245072750133866
-56.91666666666667,-4.7499999999999964,0.18712940665894023
-56.75,-4.7499999999999964,0.20178466025910147
-56.583333333333336,-4.7499999999999964,0.19860517309249806
-56.41666666666667,-4.7499999999999964,0.20995519230252574
-56.25,-4.7499999999999964,0.21324805786273096
-56.083333333333336,-4.7499999999999964,0.1781099149742912
-55.91666666666667,-4.7499999999999964,0.20889556757914876
-55.75,-4.7499999999999964,0.22244732115636487
-55.583333333333336,-4.7499999999999964,0.11543469591738749
-55.41666666666667,-4.7499999999999964,0.10778558436761748
-55.25,-4.7499999999999964,0.11974391801062846
-55.083333333333336,-4.7499999999999964,0.1349715809519445
-54.91666666666667,-4.7499999999999964,0.13423356880235893
-54.75,-4.7499999999999964,0.10987726002277493
-54.583333333333336,-4.7499999999999964,0.06598771346848054
-54.41666666666667,-4.7499999999999964,0.08022687542440514
-54.25,-4.7499999999999964,0.08779308580631104
-54.083333333333336,-4.7499999999999964,0.07585262427970509
-53.91666666666667,-4.7499999999999964,0.07859784831541024
-53.75,-4.7499999999999964,0.07096269030718205
-53.583333333333336,-4.7499999999999964,0.07544073087450183
-53.41666666666667,-4.7499999999999964,0.08200497365149856
-53.25,-4.7499999999999964,0.05337637026305256
-53.083333333333336,-4.7499999999999964,0.043953200692479426
-52.91666666666667,-4.7499999999999964,0.06800121093001328
-52.75,-4.7499999999999964,0.07507389815074907
-52.583333333333336,-4.7499999999999964,0.06951434777914631
-52.41666666666667,-4.7499999999999964,0.07535393986958729
-52.25,-4.7499999999999964,0.0788866157197873
-52.083333333333336,-4.7499999999999964,0.064158464191661
-51.91666666666667,-4.7499999999999964,0.062260061307118086
-51.75,-4.7499999999999964,0.07361498961423302
-51.583333333333336,-4.7499999999999964,0.07648706447324317
-51.41666666666667,-4.7499999999999964,0.07018410180842477
-51.25,-4.7499999999999964,0.08989759563431404
-51.083333333333336,-4.7499999999999964,0.08581516693001984
-50.91666666666667,-4.7499999999999964,0.05852376772644774
-50.75,-4.7499999999999964,0.07972938826510675
-50.583333333333336,-4.7499999999999964,0.10535238938670252
-50.41666666666667,-4.7499999999999964,0.08697446189914962
-50.25,-4.7499999999999964,0.0821135057174802
-50.083333333333336,-4.7499999999999964,0.09770344423258746
-49.91666666666667,-4.7499999999999964,0.11789454942705983
-49.75,-4.7499999999999964,0.13475400534895404
-49.583333333333336,-4.7499999999999964,0.14076458719663681
-49.41666666666667,-4.7499999999999964,0.14234310476887835
-49.25,-4.7499999999999964,0.16284064520259472
-49.083333333333336,-4.7499999999999964,0.14894674094459648
-48.91666666666667,-4.7499999999999964,0.11091699327588285
-48.75,-4.7499999999999964,0.07362309313996343
-48.583333333333336,-4.7499999999999964,0.0500797483987172
-48.41666666666667,-4.7499999999999964,0.030957989654626417
-48.25,-4.7499999999999964,0.03853259364388129
-48.083333333333336,-4.7499999999999964,0.040771822061676566
-47.91666666666667,-4.7499999999999964,0.02289700639623412
-47.75,-4.7499999999999964,0.04606248804414606
-47.583333333333336,-4.7499999999999964,0.026618715629703603
-47.41666666666667,-4.7499999999999964,0.056822455575031613
-47.25,-4.7499999999999964,0.02947150094027164
-47.083333333333336,-4.7499999999999964,0.035768014349969755
-46.91666666666667,-4.7499999999999964,0.05011263937713384
-46.75,-4.7499999999999964,0.03050428134231536
-46.583333333333336,-4.7499999999999964,0.030841539136100757
-46.41666666666667,-4.7499999999999964,0.040252154202048335
-46.25,-4.7499999999999964,0.026120683581869194
-46.083333333333336,-4.7499999999999964,0.02964974950066083
-45.91666666666667,-4.7499999999999964,0.039185619085154416
-45.75,-4.7499999999999964,0.04446003624535181
-72.25,-4.916666666666664,0.05430433823620406
-72.08333333333333,-4.916666666666664,0.05404479707101207
-71.91666666666667,-4.916666666666664,0.04086139869562837
-71.75,-4.916666666666664,0.04881310695568539
-71.58333333333333,-4.916666666666664,0.06519849032887139
-71.41666666666667,-4.916666666666664,0.06192005953185836
-71.25,-4.916666666666664,0.04592583717488259
-71.08333333333333,-4.916666666666664,0.050119304801113575
-70.91666666666667,-4.916666666666664,0.05113251747590175
-70.75,-4.916666666666664,0.06593078897986139
-70.58333333333333,-4.916666666666664,0.05468041669310066
-70.41666666666667,-4.916666666666664,0.058445449918275355
-70.25,-4.916666666666664,0.14040571299584959
-70.08333333333333,-4.916666666666664,0.15363191301143164
-69.91666666666667,-4.916666666666664,0.13159836639568345
-69.75,-4.916666666666664,0.13315530467998998
-69.58333333333333,-4.916666666666664,0.12621455106195573
-69.41666666666667,-4.916666666666664,0.10912092046450053
-69.25,-4.916666666666664,0.0832133994593591
-69.08333333333333,-4.916666666666664,0.08461674208870222
-68.91666666666667,-4.916666666666664,0.09163023930831128
-68.75,-4.916666666666664,0.1038732576991751
-68.58333333333333,-4.916666666666664,0.1242470852040635
-68.41666666666667,-4.916666666666664,0.0898900391435703
-68.25,-4.916666666666664,0.09653719617383055
-68.08333333333333,-4.916666666666664,0.1318286350589379
-67.91666666666667,-4.916666666666664,0.09882011630770277
-67.75,-4.916666666666664,0.11772924438168775
-67.58333333333333,-4.916666666666664,0.11094934153937355
-67.41666666666667,-4.916666666666664,0.11487571167187956
-67.25,-4.916666666666664,0.13420350212188367
-67.08333333333333,-4.916666666666664,0.1419440515339275
-66.91666666666667,-4.916666666666664,0.13945115750537215
-66.75,-4.916666666666664,0.17738179578388014
-66.58333333333333,-4.916666666666664,0.1731700486428153
-66.41666666666667,-4.916666666666664,0.14898343460045918
-66.25,-4.916666666666664,0.14306950491067041
-66.08333333333333,-4.916666666666664,0.1397812240698759
-65.91666666666667,-4.916666666666664,0.12875425444049263
-65.75,-4.916666666666664,0.15369455318848152
-65.58333333333333,-4.916666666666664,0.1328952591142847
-65.41666666666667,-4.916666666666664,0.1517244686368037
-65.25,-4.916666666666664,0.15220178997988737
-65.08333333333333,-4.916666666666664,0.10070651222394568
-64.91666666666667,-4.916666666666664,0.08845122433965091
-64.75,-4.916666666666664,0.08470685830080696
-64.58333333333333,-4.916666666666664,0.07963965436096328
-64.41666666666667,-4.916666666666664,0.08418379838009583
-64.25,-4.916666666666664,0.08544363350848307
-64.08333333333333,-4.916666666666664,0.08880641061718299
-63.91666666666667,-4.916666666666664,0.08495640957160959
-63.75,-4.916666666666664,0.04364041681675452
-63.583333333333336,-4.916666666666664,0.048027169455051213
-63.41666666666667,-4.916666666666664,0.03990650102020809
-63.25,-4.916666666666664,0.03393882460966248
-63.083333333333336,-4.916666666666664,0.03608950857673179
-62.91666666666667,-4.916666666666664,0.044764838971164046
-62.75,-4.916666666666664,0.09453147517314876
-62.583333333333336,-4.916666666666664,0.046509709859841875
-62.41666666666667,-4.916666666666664,0.049728419450099225
-62.25,-4.916666666666664,0.14882754009795862
-62.083333333333336,-4.916666666666664,0.09925815449669335
-61.91666666666667,-4.916666666666664,0.07337452239533475
-61.75,-4.916666666666664,0.07947286061610702
-61.583333333333336,-4.916666666666664,0.0865702188917808
-61.41666666666667,-4.916666666666664,0.09002986455411921
-61.25,-4.916666666666664,0.09323864290459886
-61.083333333333336,-4.916666666666664,0.10391817052322011
-60.91666666666667,-4.916666666666664,0.11888269158741133
-60.75,-4.916666666666664,0.12304693047175905
-60.583333333333336,-4.916666666666664,0.12451207844142681
-60.41666666666667,-4.916666666666664,0.1460360589666669
-60.25,-4.916666666666664,0.15138339788550104
-60.083333333333336,-4.916666666666664,0.14558698666764597
-59.91666666666667,-4.916666666666664,0.18320590184479627
-59.75,-4.916666666666664,0.18503993109502287
-59.583333333333336,-4.916666666666664,0.1710502503720566
-59.41666666666667,-4.916666666666664,0.16011289761882727
-59.25,-4.916666666666664,0.22875552496442714
-59.083333333333336,-4.916666666666664,0.22286050159614804
-58.91666666666667,-4.916666666666664,0.2311677517303813
-58.75,-4.916666666666664,0.22947321280725808
-58.583333333333336,-4.916666666666664,0.19539041793730996
-58.41666666666667,-4.916666666666664,0.25130999572302704
-58.25,-4.916666666666664,0.25271765194955564
-58.083333333333336,-4.916666666666664,0.2506244848779675
-57.91666666666667,-4.916666666666664,0.24724686721967062
-57.75,-4.916666666666664,0.24368465576088294
-57.583333333333336,-4.916666666666664,0.18613250805763543
-57.41666666666667,-4.916666666666664,0.2327864361972234
-57.25,-4.916666666666664,0.2028067677239752
-57.083333333333336,-4.916666666666664,0.18700545261398074
-56.91666666666667,-4.916666666666664,0.1907323770781908
-56.75,-4.916666666666664,0.16831236155641222
-56.583333333333336,-4.916666666666664,0.1722180013496227
-56.41666666666667,-4.916666666666664,0.22486606790094865
-56.25,-4.916666666666664,0.19146210653075824
-56.083333333333336,-4.916666666666664,0.19089078722335365
-55.91666666666667,-4.916666666666664,0.1758874744137134
-55.75,-4.916666666666664,0.15837416176236283
-55.583333333333336,-4.916666666666664,0.12896554245049593
-55.41666666666667,-4.916666666666664,0.12074696784631408
-55.25,-4.916666666666664,0.11288944836116965
-55.083333333333336,-4.916666666666664,0.11218996154475663
-54.91666666666667,-4.916666666666664,0.10452801006883211
-54.75,-4.916666666666664,0.09566539082414965
-54.583333333333336,-4.916666666666664,0.09993886808575876
-54.41666666666667,-4.916666666666664,0.07104728667060421
-54.25,-4.916666666666664,0.07000509277299717
-54.083333333333336,-4.916666666666664,0.0707451213297374
-53.91666666666667,-4.916666666666664,0.06417334434900462
-53.75,-4.916666666666664,0.05999643653795068
-53.583333333333336,-4.916666666666664,0.05713262983593799
-53.41666666666667,-4.916666666666664,0.07085209924452684
-53.25,-4.916666666666664,0.061201969932827845
-53.083333333333336,-4.916666666666664,0.0642882427913024
-52.91666666666667,-4.916666666666664,0.06464912296334631
-52.75,-4.916666666666664,0.06906139823556397
-52.583333333333336,-4.916666666666664,0.061872262840146214
-52.41666666666667,-4.916666666666664,0.0598176178569954
-52.25,-4.916666666666664,0.05887127694492577
-52.083333333333336,-4.916666666666664,0.05104365509039056
-51.91666666666667,-4.916666666666664,0.05230710177452216
-51.75,-4.916666666666664,0.05841663110089096
-51.583333333333336,-4.916666666666664,0.06399238983498187
-51.41666666666667,-4.916666666666664,0.06018993290786107
-51.25,-4.916666666666664,0.07537052150650515
-51.083333333333336,-4.916666666666664,0.07671695509835504
-50.91666666666667,-4.916666666666664,0.06960455148896835
-50.75,-4.916666666666664,0.06488695162953892
-50.583333333333336,-4.916666666666664,0.0690158283882671
-50.41666666666667,-4.916666666666664,0.07435973034496524
-50.25,-4.916666666666664,0.08804120040979001
-50.083333333333336,-4.916666666666664,0.10674606069561461
-49.91666666666667,-4.916666666666664,0.12384811986589589
-49.75,-4.916666666666664,0.1254954668778288
-49.583333333333336,-4.916666666666664,0.1364671852544051
-49.41666666666667,-4.916666666666664,0.1393606016883078
-49.25,-4.916666666666664,0.15260978207148992
-49.083333333333336,-4.916666666666664,0.13857876141126962
-48.91666666666667,-4.916666666666664,0.10437105202928232
-48.75,-4.916666666666664,0.0926466882503931
-48.583333333333336,-4.916666666666664,0.06759934136816508
-48.41666666666667,-4.916666666666664,0.04377159972958848
-48.25,-4.916666666666664,0.030762506712340636
-48.083333333333336,-4.916666666666664,0.0229666490529596
-47.91666666666667,-4.916666666666664,0.018966031343256244
-47.75,-4.916666666666664,0.0209525620892294
-47.583333333333336,-4.916666666666664,0.020742474997541727
-47.41666666666667,-4.916666666666664,0.05217011639395847
-47.25,-4.916666666666664,0.022988964880194755
-47.083333333333336,-4.916666666666664,0.024194176753547663
-46.91666666666667,-4.916666666666664,0.033797263812530634
-46.75,-4.916666666666664,0.028379417533877925
-46.583333333333336,-4.916666666666664,0.03209647356118724
-46.41666666666667,-4.916666666666664,0.025476266549627313
-46.25,-4.916666666666664,0.02223460695010553
-46.083333333333336,-4.916666666666664,0.0361358977925431
-45.91666666666667,-4.916666666666664,0.03163074406673638
-45.75,-4.916666666666664,0.038391444628599385
-72.41666666666667,-5.08333333333333,0.053132216213064076
-72.25,-5.08333333333333,0.03586577617664769
-72.08333333333333,-5.08333333333333,0.04108907533125443
-71.91666666666667,-5.08333333333333,0.04685589588840629
-71.75,-5.08333333333333,0.0604516663434131
-71.58333333333333,-5.08333333333333,0.05970206567075776
-71.41666666666667,-5.08333333333333,0.04432585333544571
-71.25,-5.08333333333333,0.049731050951438
-71.08333333333333,-5.08333333333333,0.04294076039435244
-70.91666666666667,-5.08333333333333,0.05039441688539251
-70.75,-5.08333333333333,0.055898391320119326
-70.58333333333333,-5.08333333333333,0.05276771176498385
-70.41666666666667,-5.08333333333333,0.10452087354764275
-70.25,-5.08333333333333,0.1437816488209959
-70.08333333333333,-5.08333333333333,0.1430964491953967
-69.91666666666667,-5.08333333333333,0.13982222506155279
-69.75,-5.08333333333333,0.13244074486432875
-69.58333333333333,-5.08333333333333,0.0890170220842724
-69.41666666666667,-5.08333333333333,0.09711473117216254
-69.25,-5.08333333333333,0.10169303366909901
-69.08333333333333,-5.08333333333333,0.10335812016966225
-68.91666666666667,-5.08333333333333,0.09967212385004963
-68.75,-5.08333333333333,0.11856153792596018
-68.58333333333333,-5.08333333333333,0.11889553219253247
-68.41666666666667,-5.08333333333333,0.09753004346771059
-68.25,-5.08333333333333,0.11483354791831059
-68.08333333333333,-5.08333333333333,0.13401440898993314
-67.91666666666667,-5.08333333333333,0.11527749958833099
-67.75,-5.08333333333333,0.12009531792731946
-67.58333333333333,-5.08333333333333,0.1291238343044917
-67.41666666666667,-5.08333333333333,0.1427169937051965
-67.25,-5.08333333333333,0.14957090909003692
-67.08333333333333,-5.08333333333333,0.13806866825000225
-66.91666666666667,-5.08333333333333,0.19063160738855012
-66.75,-5.08333333333333,0.1849079131422997
-66.58333333333333,-5.08333333333333,0.1776876908295515
-66.41666666666667,-5.08333333333333,0.14412512845584435
-66.25,-5.08333333333333,0.144864321509467
-66.08333333333333,-5.08333333333333,0.13271992678572375
-65.91666666666667,-5.08333333333333,0.12927527553184306
-65.75,-5.08333333333333,0.15465491462546768
-65.58333333333333,-5.08333333333333,0.13726017858230985
-65.41666666666667,-5.08333333333333,0.09688295041284553
-65.25,-5.08333333333333,0.0956700190652485
-65.08333333333333,-5.08333333333333,0.09213387020911668
-64.91666666666667,-5.08333333333333,0.08796363175460785
-64.75,-5.08333333333333,0.08290859205602513
-64.58333333333333,-5.08333333333333,0.08058534335152168
-64.41666666666667,-5.08333333333333,0.08015415748069184
-64.25,-5.08333333333333,0.08301182281528832
-64.08333333333333,-5.08333333333333,0.08049976459694884
-63.91666666666667,-5.08333333333333,0.10549538339314055
-63.75,-5.08333333333333,0.17903637988163956
-63.583333333333336,-5.08333333333333,0.10188680123892033
-63.41666666666667,-5.08333333333333,0.04035670323339329
-63.25,-5.08333333333333,0.0392319897875363
-63.083333333333336,-5.08333333333333,0.04625187390850082
-62.91666666666667,-5.08333333333333,0.12611042877138223
-62.75,-5.08333333333333,0.05903218611572317
-62.583333333333336,-5.08333333333333,0.15130644860079734
-62.41666666666667,-5.08333333333333,0.1521567917853604
-62.25,-5.08333333333333,0.09501123827656835
-62.083333333333336,-5.08333333333333,0.07022406337456367
-61.91666666666667,-5.08333333333333,0.07295957278632187
-61.75,-5.08333333333333,0.08044543314947149
-61.583333333333336,-5.08333333333333,0.08444271130013471
-61.41666666666667,-5.08333333333333,0.08919082166526476
-61.25,-5.08333333333333,0.09267283713731497
-61.083333333333336,-5.08333333333333,0.10705507741888354
-60.91666666666667,-5.08333333333333,0.12252189460273939
-60.75,-5.08333333333333,0.12272967663564832
-60.583333333333336,-5.08333333333333,0.14407412098305697
-60.41666666666667,-5.08333333333333,0.15191037623537293
-60.25,-5.08333333333333,0.18240739836895817
-60.083333333333336,-5.08333333333333,0.18119566077314425
-59.91666666666667,-5.08333333333333,0.17858645948241575
-59.75,-5.08333333333333,0.16688908876420738
-59.583333333333336,-5.08333333333333,0.15835572608419932
-59.41666666666667,-5.08333333333333,0.21219920800869876
-59.25,-5.08333333333333,0.2117984514306816
-59.083333333333336,-5.08333333333333,0.2037460757418586
-58.91666666666667,-5.08333333333333,0.20270475693830717
-58.75,-5.08333333333333,0.1600583327938252
-58.583333333333336,-5.08333333333333,0.18936753837410433
-58.41666666666667,-5.08333333333333,0.2508162524995527
-58.25,-5.08333333333333,0.23626389634834216
-58.083333333333336,-5.08333333333333,0.24062369719408624
-57.91666666666667,-5.08333333333333,0.23097560831613206
-57.75,-5.08333333333333,0.2028734421383431
-57.583333333333336,-5.08333333333333,0.19102424760064962
-57.41666666666667,-5.08333333333333,0.2277814415658101
-57.25,-5.08333333333333,0.1629266190300383
-57.083333333333336,-5.08333333333333,0.1815672918799033
-56.91666666666667,-5.08333333333333,0.2038058328368209
-56.75,-5.08333333333333,0.214123506057786
-56.583333333333336,-5.08333333333333,0.16293301963214118
-56.41666666666667,-5.08333333333333,0.16645973279780454
-56.25,-5.08333333333333,0.18384649702725225
-56.083333333333336,-5.08333333333333,0.19677006752095258
-55.91666666666667,-5.08333333333333,0.16783114499151477
-55.75,-5.08333333333333,0.13661325447063993
-55.583333333333336,-5.08333333333333,0.12050139029021151
-55.41666666666667,-5.08333333333333,0.10747201215140618
-55.25,-5.08333333333333,0.1200572409243397
-55.083333333333336,-5.08333333333333,0.08504290797652314
-54.91666666666667,-5.08333333333333,0.09399789930031226
-54.75,-5.08333333333333,0.07790118990849433
-54.583333333333336,-5.08333333333333,0.08412584484825429
-54.41666666666667,-5.08333333333333,0.08381362412166961
-54.25,-5.08333333333333,0.047412713170014935
-54.083333333333336,-5.08333333333333,0.05966280171967404
-53.91666666666667,-5.08333333333333,0.06495025530327785
-53.75,-5.08333333333333,0.07212150295003845
-53.583333333333336,-5.08333333333333,0.05158337483400036
-53.41666666666667,-5.08333333333333,0.06651072745518594
-53.25,-5.08333333333333,0.05080817871021114
-53.083333333333336,-5.08333333333333,0.05485668847667061
-52.91666666666667,-5.08333333333333,0.056539888360950294
-52.75,-5.08333333333333,0.061065754056847804
-52.583333333333336,-5.08333333333333,0.05391057295535834
-52.41666666666667,-5.08333333333333,0.049739322349169696
-52.25,-5.08333333333333,0.05210376493751198
-52.083333333333336,-5.08333333333333,0.045085344157595506
-51.91666666666667,-5.08333333333333,0.05749764243025961
-51.75,-5.08333333333333,0.05917169977987041
-51.583333333333336,-5.08333333333333,0.05768394453563688
-51.41666666666667,-5.08333333333333,0.06327357224780868
-51.25,-5.08333333333333,0.05999477129860287
-51.083333333333336,-5.08333333333333,0.05923497083257462
-50.91666666666667,-5.08333333333333,0.058448098348142484
-50.75,-5.08333333333333,0.06476080976493415
-50.583333333333336,-5.08333333333333,0.06888209845173182
-50.41666666666667,-5.08333333333333,0.09455611112905413
-50.25,-5.08333333333333,0.10468054372433291
-50.083333333333336,-5.08333333333333,0.1188883745615778
-49.91666666666667,-5.08333333333333,0.11976933946311674
-49.75,-5.08333333333333,0.11567458532393442
-49.583333333333336,-5.08333333333333,0.12152109707187381
-49.41666666666667,-5.08333333333333,0.1310904088663412
-49.25,-5.08333333333333,0.1259425210948637
-49.083333333333336,-5.08333333333333,0.12636489098553877
-48.91666666666667,-5.08333333333333,0.09752618492914437
-48.75,-5.08333333333333,0.09302727751619505
-48.583333333333336,-5.08333333333333,0.08316690498203086
-48.41666666666667,-5.08333333333333,0.07871244839986806
-48.25,-5.08333333333333,0.062311259028717675
-48.083333333333336,-5.08333333333333,0.05306104736003575
-47.91666666666667,-5.08333333333333,0.033370695651874706
-47.75,-5.08333333333333,0.03608294654470982
-47.583333333333336,-5.08333333333333,0.02065606242291308
-47.41666666666667,-5.08333333333333,0.02052025109939158
-47.25,-5.08333333333333,0.023471822995013544
-47.083333333333336,-5.08333333333333,0.02488189079652735
-46.91666666666667,-5.08333333333333,0.027786509755016658
-46.75,-5.08333333333333,0.029722756609743495
-46.583333333333336,-5.08333333333333,0.022197296823189716
-46.41666666666667,-5.08333333333333,0.035770184264216486
-46.25,-5.08333333333333,0.028807383223351385
-46.083333333333336,-5.08333333333333,0.032184320674751965
-45.91666666666667,-5.08333333333333,0.03699502452189445
-72.75,-5.2499999999999964,0.049679103325649246
-72.58333333333333,-5.2499999999999964,0.05063682615617836
-72.41666666666667,-5.2499999999999964,0.03295378950967536
-72.25,-5.2499999999999964,0.039438725553719085
-72.08333333333333,-5.2499999999999964,0.04561162308536522
-71.91666666666667,-5.2499999999999964,0.05944971842567273
-71.75,-5.2499999999999964,0.05977183677088344
-71.58333333333333,-5.2499999999999964,0.05337422989749685
-71.41666666666667,-5.2499999999999964,0.04652183307608514
-71.25,-5.2499999999999964,0.05126815607110153
-71.08333333333333,-5.2499999999999964,0.05521667484177786
-70.91666666666667,-5.2499999999999964,0.050831072996028834
-70.75,-5.2499999999999964,0.07224548931389499
-70.58333333333333,-5.2499999999999964,0.13440075701399243
-70.41666666666667,-5.2499999999999964,0.09976394126964382
-70.25,-5.2499999999999964,0.14494949754687766
-70.08333333333333,-5.2499999999999964,0.13403159881696297
-69.91666666666667,-5.2499999999999964,0.1218879653080363
-69.75,-5.2499999999999964,0.08732684086391103
-69.58333333333333,-5.2499999999999964,0.09962816828779532
-69.41666666666667,-5.2499999999999964,0.11362168480489933
-69.25,-5.2499999999999964,0.10430621522887575
-69.08333333333333,-5.2499999999999964,0.09467656616915607
-68.91666666666667,-5.2499999999999964,0.12306823032934916
-68.75,-5.2499999999999964,0.1147007745886394
-68.58333333333333,-5.2499999999999964,0.0917076962058111
-68.41666666666667,-5.2499999999999964,0.11623696286711134
-68.25,-5.2499999999999964,0.1470291040526194
-68.08333333333333,-5.2499999999999964,0.14397562156802804
-67.91666666666667,-5.2499999999999964,0.12479150670932262
-67.75,-5.2499999999999964,0.13491791193045102
-67.58333333333333,-5.2499999999999964,0.15770415467393614
-67.41666666666667,-5.2499999999999964,0.16106117363341982
-67.25,-5.2499999999999964,0.1468868525603975
-67.08333333333333,-5.2499999999999964,0.1953644419949013
-66.91666666666667,-5.2499999999999964,0.18665393649318823
-66.75,-5.2499999999999964,0.15138583747903467
-66.58333333333333,-5.2499999999999964,0.16321971424009457
-66.41666666666667,-5.2499999999999964,0.15058445391165748
-66.25,-5.2499999999999964,0.1375848897618812
-66.08333333333333,-5.2499999999999964,0.13182228766221193
-65.91666666666667,-5.2499999999999964,0.12415870386868955
-65.75,-5.2499999999999964,0.11217659420550974
-65.58333333333333,-5.2499999999999964,0.10602059876989475
-65.41666666666667,-5.2499999999999964,0.10850348344772401
-65.25,-5.2499999999999964,0.09996847915977639
-65.08333333333333,-5.2499999999999964,0.08873373249703542
-64.91666666666667,-5.2499999999999964,0.08446548335100247
-64.75,-5.2499999999999964,0.08652288545544722
-64.58333333333333,-5.2499999999999964,0.08426539600212432
-64.41666666666667,-5.2499999999999964,0.14451632574833506
-64.25,-5.2499999999999964,0.08267006841340001
-64.08333333333333,-5.2499999999999964,0.07640965353068156
-63.91666666666667,-5.2499999999999964,0.07961029466380111
-63.75,-5.2499999999999964,0.10216877212252176
-63.583333333333336,-5.2499999999999964,0.1081828698636745
-63.41666666666667,-5.2499999999999964,0.1190459705551649
-63.25,-5.2499999999999964,0.12918920846291507
-63.083333333333336,-5.2499999999999964,0.12023905651520606
-62.91666666666667,-5.2499999999999964,0.05187045095465327
-62.75,-5.2499999999999964,0.1506352336100451
-62.583333333333336,-5.2499999999999964,0.1466559938316151
-62.41666666666667,-5.2499999999999964,0.1430464659085059
-62.25,-5.2499999999999964,0.09014327973747395
-62.083333333333336,-5.2499999999999964,0.06827335023600507
-61.91666666666667,-5.2499999999999964,0.07151109298374748
-61.75,-5.2499999999999964,0.08232791070128945
-61.583333333333336,-5.2499999999999964,0.08374992907354076
-61.41666666666667,-5.2499999999999964,0.08850443225788496
-61.25,-5.2499999999999964,0.09056416724330754
-61.083333333333336,-5.2499999999999964,0.12394652146162818
-60.91666666666667,-5.2499999999999964,0.11703708424061511
-60.75,-5.2499999999999964,0.12835044407275648
-60.583333333333336,-5.2499999999999964,0.12460170701289819
-60.41666666666667,-5.2499999999999964,0.17649226334748824
-60.25,-5.2499999999999964,0.17022454256178593
-60.083333333333336,-5.2499999999999964,0.12894629542477354
-59.91666666666667,-5.2499999999999964,0.1340765900353955
-59.75,-5.2499999999999964,0.16136716635971882
-59.583333333333336,-5.2499999999999964,0.17650542127436109
-59.41666666666667,-5.2499999999999964,0.1930600392401676
-59.25,-5.2499999999999964,0.19366527091675717
-59.083333333333336,-5.2499999999999964,0.19802983286710388
-58.91666666666667,-5.2499999999999964,0.18033886583159073
-58.75,-5.2499999999999964,0.16482311449905174
-58.583333333333336,-5.2499999999999964,0.22184972549736467
-58.41666666666667,-5.2499999999999964,0.22517371071225994
-58.25,-5.2499999999999964,0.21134951035117217
-58.083333333333336,-5.2499999999999964,0.2021692910887465
-57.91666666666667,-5.2499999999999964,0.20836073066782382
-57.75,-5.2499999999999964,0.18828893153011
-57.583333333333336,-5.2499999999999964,0.18170477829719492
-57.41666666666667,-5.2499999999999964,0.2284506899897173
-57.25,-5.2499999999999964,0.15407959059223592
-57.083333333333336,-5.2499999999999964,0.19168401023242684
-56.91666666666667,-5.2499999999999964,0.18726689998287363
-56.75,-5.2499999999999964,0.2193133172373196
-56.583333333333336,-5.2499999999999964,0.18905474546679205
-56.41666666666667,-5.2499999999999964,0.1659332221840312
-56.25,-5.2499999999999964,0.14426680740508752
-56.083333333333336,-5.2499999999999964,0.16723323951836788
-55.91666666666667,-5.2499999999999964,0.16023915293440788
-55.75,-5.2499999999999964,0.15084843604230644
-55.583333333333336,-5.2499999999999964,0.1114357475572339
-55.41666666666667,-5.2499999999999964,0.0890270084325096
-55.25,-5.2499999999999964,0.11882165871026852
-55.083333333333336,-5.2499999999999964,0.10037838547155943
-54.91666666666667,-5.2499999999999964,0.08069573945071248
-54.75,-5.2499999999999964,0.07611905119825672
-54.583333333333336,-5.2499999999999964,0.07271911691603963
-54.41666666666667,-5.2499999999999964,0.0830602563351721
-54.25,-5.2499999999999964,0.05716796037905727
-54.083333333333336,-5.2499999999999964,0.055793860025869925
-53.91666666666667,-5.2499999999999964,0.05743618458684225
-53.75,-5.2499999999999964,0.06745174516814413
-53.583333333333336,-5.2499999999999964,0.059882366730070684
-53.41666666666667,-5.2499999999999964,0.05163725111407546
-53.25,-5.2499999999999964,0.04591551758311583
-53.083333333333336,-5.2499999999999964,0.0502856221279705
-52.91666666666667,-5.2499999999999964,0.05001751010919954
-52.75,-5.2499999999999964,0.05633087732972161
-52.583333333333336,-5.2499999999999964,0.048506754358719414
-52.41666666666667,-5.2499999999999964,0.04386066443095822
-52.25,-5.2499999999999964,0.04410505263749435
-52.083333333333336,-5.2499999999999964,0.03658893805328915
-51.91666666666667,-5.2499999999999964,0.044059304833467004
-51.75,-5.2499999999999964,0.0458383546630095
-51.583333333333336,-5.2499999999999964,0.04836823555045235
-51.41666666666667,-5.2499999999999964,0.06252341987435955
-51.25,-5.2499999999999964,0.057502460097347295
-51.083333333333336,-5.2499999999999964,0.05738810442881129
-50.91666666666667,-5.2499999999999964,0.056638641737247905
-50.75,-5.2499999999999964,0.06021059297273583
-50.583333333333336,-5.2499999999999964,0.07209997705112729
-50.41666666666667,-5.2499999999999964,0.09149403838738887
-50.25,-5.2499999999999964,0.10398681821758786
-50.083333333333336,-5.2499999999999964,0.11006378413729287
-49.91666666666667,-5.2499999999999964,0.10775127536787737
-49.75,-5.2499999999999964,0.10170570859160971
-49.583333333333336,-5.2499999999999964,0.11797722155754754
-49.41666666666667,-5.2499999999999964,0.12819104868958237
-49.25,-5.2499999999999964,0.12548397354895585
-49.083333333333336,-5.2499999999999964,0.12644434240978691
-48.91666666666667,-5.2499999999999964,0.10812199673828943
-48.75,-5.2499999999999964,0.09125590290445379
-48.583333333333336,-5.2499999999999964,0.07665590597388884
-48.41666666666667,-5.2499999999999964,0.06366169511981402
-48.25,-5.2499999999999964,0.049649674586939745
-48.083333333333336,-5.2499999999999964,0.0402876649205092
-47.083333333333336,-5.2499999999999964,0.023271183341351892
-46.91666666666667,-5.2499999999999964,0.024737032546794727
-46.75,-5.2499999999999964,0.027175020085022355
-46.583333333333336,-5.2499999999999964,0.027548808749849815
-72.75,-5.416666666666664,0.047009367993914974
-72.58333333333333,-5.416666666666664,0.03617916112259834
-72.41666666666667,-5.416666666666664,0.04184512033055986
-72.25,-5.416666666666664,0.04614290832973906
-72.08333333333333,-5.416666666666664,0.05380675171558864
-71.91666666666667,-5.416666666666664,0.053080055238635244
-71.75,-5.416666666666664,0.053016238243072354
-71.58333333333333,-5.416666666666664,0.046219263937235786
-71.41666666666667,-5.416666666666664,0.050153718294617795
-71.25,-5.416666666666664,0.04882437578564503
-71.08333333333333,-5.416666666666664,0.05066790799888901
-70.91666666666667,-5.416666666666664,0.06701008688331
-70.75,-5.416666666666664,0.058016389293709496
-70.58333333333333,-5.416666666666664,0.09596632778350248
-70.41666666666667,-5.416666666666664,0.10310338990580971
-70.25,-5.416666666666664,0.14083123728745628
-70.08333333333333,-5.416666666666664,0.12192270338812743
-69.91666666666667,-5.416666666666664,0.10754475768997668
-69.75,-5.416666666666664,0.10296901749018682
-69.58333333333333,-5.416666666666664,0.11275217073225192
-69.41666666666667,-5.416666666666664,0.11038607898890535
-69.25,-5.416666666666664,0.0976431751187715
-69.08333333333333,-5.416666666666664,0.12052963369781726
-68.91666666666667,-5.416666666666664,0.12385171035475384
-68.75,-5.416666666666664,0.11898836466593339
-68.58333333333333,-5.416666666666664,0.1118834043320061
-68.41666666666667,-5.416666666666664,0.11452950660027174
-68.25,-5.416666666666664,0.14805526299577038
-68.08333333333333,-5.416666666666664,0.12213130462114886
-67.91666666666667,-5.416666666666664,0.13764012794209546
-67.75,-5.416666666666664,0.15080194259819713
-67.58333333333333,-5.416666666666664,0.16857801830775118
-67.41666666666667,-5.416666666666664,0.14787983780588912
-67.25,-5.416666666666664,0.19864616421201942
-67.08333333333333,-5.416666666666664,0.1947333347983203
-66.91666666666667,-5.416666666666664,0.18289028522459297
-66.75,-5.416666666666664,0.16431246175390238
-66.58333333333333,-5.416666666666664,0.16391140523191275
-66.41666666666667,-5.416666666666664,0.1525756088542612
-66.25,-5.416666666666664,0.15358706766481847
-66.08333333333333,-5.416666666666664,0.15050856749730615
-65.91666666666667,-5.416666666666664,0.1356175894911868
-65.75,-5.416666666666664,0.12195061215237771
-65.58333333333333,-5.416666666666664,0.1186701766486929
-65.41666666666667,-5.416666666666664,0.10823033590392736
-65.25,-5.416666666666664,0.10157721401979228
-65.08333333333333,-5.416666666666664,0.09307507481438479
-64.91666666666667,-5.416666666666664,0.08694791429265696
-64.75,-5.416666666666664,0.0908802759010716
-64.58333333333333,-5.416666666666664,0.08947813358775049
-64.41666666666667,-5.416666666666664,0.09661860981175724
-64.25,-5.416666666666664,0.1612638600205307
-64.08333333333333,-5.416666666666664,0.09448185834205225
-63.91666666666667,-5.416666666666664,0.18382116792620112
-63.75,-5.416666666666664,0.11051295175733107
-63.583333333333336,-5.416666666666664,0.11906645148357754
-63.41666666666667,-5.416666666666664,0.17513869604715873
-63.25,-5.416666666666664,0.12125801907351923
-63.083333333333336,-5.416666666666664,0.15757883553831376
-62.91666666666667,-5.416666666666664,0.1605752671650869
-62.75,-5.416666666666664,0.11440546903267773
-62.583333333333336,-5.416666666666664,0.14290085477107933
-62.41666666666667,-5.416666666666664,0.08715067769000434
-62.25,-5.416666666666664,0.06602833169407048
-62.083333333333336,-5.416666666666664,0.06933480119326192
-61.91666666666667,-5.416666666666664,0.0717136334643906
-61.75,-5.416666666666664,0.07312658836667663
-61.583333333333336,-5.416666666666664,0.07842587864993708
-61.41666666666667,-5.416666666666664,0.0940750107392786
-61.25,-5.416666666666664,0.09856891420888453
-61.083333333333336,-5.416666666666664,0.110104827653483
-60.91666666666667,-5.416666666666664,0.11424385981356322
-60.75,-5.416666666666664,0.11772450502307155
-60.583333333333336,-5.416666666666664,0.15630252427668814
-60.41666666666667,-5.416666666666664,0.16704354539050703
-60.25,-5.416666666666664,0.15058950171064517
-60.083333333333336,-5.416666666666664,0.12158269755199883
-59.91666666666667,-5.416666666666664,0.1292482710697676
-59.75,-5.416666666666664,0.17625955877004532
-59.583333333333336,-5.416666666666664,0.178843873302847
-59.41666666666667,-5.416666666666664,0.18656625526997683
-59.25,-5.416666666666664,0.18329295542710283
-59.083333333333336,-5.416666666666664,0.18131511928006283
-58.91666666666667,-5.416666666666664,0.14266099140233376
-58.75,-5.416666666666664,0.19727753676247034
-58.583333333333336,-5.416666666666664,0.19539683566501156
-58.41666666666667,-5.416666666666664,0.19249346809068604
-58.25,-5.416666666666664,0.1855198699221398
-58.083333333333336,-5.416666666666664,0.14876619511325126
-57.91666666666667,-5.416666666666664,0.19263973543902507
-57.75,-5.416666666666664,0.17453476684425956
-57.583333333333336,-5.416666666666664,0.13122684269876947
-57.41666666666667,-5.416666666666664,0.14081571325607825
-57.25,-5.416666666666664,0.16457820079486107
-57.083333333333336,-5.416666666666664,0.18504789014446812
-56.91666666666667,-5.416666666666664,0.2118192447507773
-56.75,-5.416666666666664,0.18644387205034654
-56.583333333333336,-5.416666666666664,0.16318500900265745
-56.41666666666667,-5.416666666666664,0.1463006594492481
-56.25,-5.416666666666664,0.1622154247580767
-56.083333333333336,-5.416666666666664,0.17575025858575832
-55.91666666666667,-5.416666666666664,0.1719480217238527
-55.75,-5.416666666666664,0.11786230923737967
-55.583333333333336,-5.416666666666664,0.09793242326048325
-55.41666666666667,-5.416666666666664,0.07138070834336745
-55.25,-5.416666666666664,0.08722601201019921
-55.083333333333336,-5.416666666666664,0.0936803003113706
-54.91666666666667,-5.416666666666664,0.07040903837793856
-54.75,-5.416666666666664,0.06508454528063566
-54.583333333333336,-5.416666666666664,0.06572596027694415
-54.41666666666667,-5.416666666666664,0.07017053818594263
-54.25,-5.416666666666664,0.06244319265515647
-54.083333333333336,-5.416666666666664,0.04560259375293379
-53.91666666666667,-5.416666666666664,0.05410814894404844
-53.75,-5.416666666666664,0.06119468802809433
-53.583333333333336,-5.416666666666664,0.051949418639259656
-53.41666666666667,-5.416666666666664,0.03195800699574083
-53.25,-5.416666666666664,0.0439460055990332
-53.083333333333336,-5.416666666666664,0.04123554435052115
-52.91666666666667,-5.416666666666664,0.043725800626092076
-52.75,-5.416666666666664,0.05614869874474814
-52.583333333333336,-5.416666666666664,0.04940679836317475
-52.41666666666667,-5.416666666666664,0.04651693671470191
-52.25,-5.416666666666664,0.04677448287923261
-52.083333333333336,-5.416666666666664,0.04298789031389076
-51.91666666666667,-5.416666666666664,0.03677376997514981
-51.75,-5.416666666666664,0.03428879768993375
-51.583333333333336,-5.416666666666664,0.03898247856841045
-51.41666666666667,-5.416666666666664,0.04202653338648447
-51.25,-5.416666666666664,0.05572113867228519
-51.083333333333336,-5.416666666666664,0.054269932668247936
-50.91666666666667,-5.416666666666664,0.04703200156122514
-50.75,-5.416666666666664,0.05791611457770886
-50.583333333333336,-5.416666666666664,0.0757704322234489
-50.41666666666667,-5.416666666666664,0.08147450769008799
-50.25,-5.416666666666664,0.09505895761919093
-50.083333333333336,-5.416666666666664,0.10059217488347023
-49.91666666666667,-5.416666666666664,0.09566808862938017
-49.75,-5.416666666666664,0.09994716152264549
-49.583333333333336,-5.416666666666664,0.09996435371717069
-49.41666666666667,-5.416666666666664,0.1004092026937635
-49.25,-5.416666666666664,0.10196311518653707
-49.083333333333336,-5.416666666666664,0.12907060354050584
-48.91666666666667,-5.416666666666664,0.11039547312934328
-48.75,-5.416666666666664,0.10301459823679607
-48.583333333333336,-5.416666666666664,0.09471275960001134
-48.41666666666667,-5.416666666666664,0.07175357561122339
-48.25,-5.416666666666664,0.056967713623509025
-48.083333333333336,-5.416666666666664,0.04595523483078908
-72.75,-5.58333333333333,0.0430156382441832
-72.58333333333333,-5.58333333333333,0.04313867987334051
-72.41666666666667,-5.58333333333333,0.04484604348960652
-72.25,-5.58333333333333,0.04457509740927369
-72.08333333333333,-5.58333333333333,0.05415340847979704
-71.91666666666667,-5.58333333333333,0.050127409767128886
-71.75,-5.58333333333333,0.04741210701420339
-71.58333333333333,-5.58333333333333,0.04172955382935262
-71.41666666666667,-5.58333333333333,0.04802530601857004
-71.25,-5.58333333333333,0.06298548831615922
-71.08333333333333,-5.58333333333333,0.05825142234946385
-70.91666666666667,-5.58333333333333,0.060657315217384204
-70.75,-5.58333333333333,0.048114626793841715
-70.58333333333333,-5.58333333333333,0.10908486325169803
-70.41666666666667,-5.58333333333333,0.14056236328696906
-70.25,-5.58333333333333,0.1271078659641787
-70.08333333333333,-5.58333333333333,0.12090782916815183
-69.91666666666667,-5.58333333333333,0.1054059869452405
-69.75,-5.58333333333333,0.1034755334767109
-69.58333333333333,-5.58333333333333,0.11018356103059777
-69.41666666666667,-5.58333333333333,0.10901355009354836
-69.25,-5.58333333333333,0.09828930471867219
-69.08333333333333,-5.58333333333333,0.14355458474626082
-68.91666666666667,-5.58333333333333,0.12646157119750262
-68.75,-5.58333333333333,0.10751216745564063
-68.58333333333333,-5.58333333333333,0.11404743261543952
-68.41666666666667,-5.58333333333333,0.12264884720413535
-68.25,-5.58333333333333,0.14634688480520527
-68.08333333333333,-5.58333333333333,0.13252325499635773
-67.91666666666667,-5.58333333333333,0.15187418028452754
-67.75,-5.58333333333333,0.17610763460015144
-67.58333333333333,-5.58333333333333,0.1504752483344258
-67.41666666666667,-5.58333333333333,0.20121692975894742
-67.25,-5.58333333333333,0.1965696949149448
-67.08333333333333,-5.58333333333333,0.18085209810827557
-66.91666666666667,-5.58333333333333,0.16959699110186183
-66.75,-5.58333333333333,0.1760323986685349
-66.58333333333333,-5.58333333333333,0.18055007694801042
-66.41666666666667,-5.58333333333333,0.14924476309468337
-66.25,-5.58333333333333,0.15106589418832558
-66.08333333333333,-5.58333333333333,0.16089814265982985
-65.91666666666667,-5.58333333333333,0.15354400618867095
-65.75,-5.58333333333333,0.14348866043736588
-65.58333333333333,-5.58333333333333,0.13351405890588516
-65.41666666666667,-5.58333333333333,0.1209752350688055
-65.25,-5.58333333333333,0.10594075065043398
-65.08333333333333,-5.58333333333333,0.10404238839133521
-64.91666666666667,-5.58333333333333,0.09748670494267292
-64.75,-5.58333333333333,0.09426243025918268
-64.58333333333333,-5.58333333333333,0.09458101292680908
-64.41666666666667,-5.58333333333333,0.09503033128689144
-64.25,-5.58333333333333,0.10738495860681159
-64.08333333333333,-5.58333333333333,0.18295479979897952
-63.91666666666667,-5.58333333333333,0.11122384888724653
-63.75,-5.58333333333333,0.11173485442544724
-63.583333333333336,-5.58333333333333,0.1069721817377498
-63.41666666666667,-5.58333333333333,0.11689668936109585
-63.25,-5.58333333333333,0.1530164400089488
-63.083333333333336,-5.58333333333333,0.16133710931733716
-62.91666666666667,-5.58333333333333,0.15060484232175952
-62.75,-5.58333333333333,0.11727505818790578
-62.583333333333336,-5.58333333333333,0.1438288802066714
-62.41666666666667,-5.58333333333333,0.08935239940122339
-62.25,-5.58333333333333,0.06795271020860243
-62.083333333333336,-5.58333333333333,0.06616574907113379
-61.91666666666667,-5.58333333333333,0.07025432508172443
-61.75,-5.58333333333333,0.07342830331914049
-61.583333333333336,-5.58333333333333,0.08034258338513059
-61.41666666666667,-5.58333333333333,0.09307390392159719
-61.25,-5.58333333333333,0.10468859411308404
-61.083333333333336,-5.58333333333333,0.11799554035259593
-60.91666666666667,-5.58333333333333,0.10228596840675898
-60.75,-5.58333333333333,0.12967357837007093
-60.583333333333336,-5.58333333333333,0.1296764570002514
-60.41666666666667,-5.58333333333333,0.10995123025471326
-60.25,-5.58333333333333,0.13589407876768286
-60.083333333333336,-5.58333333333333,0.14039324551166255
-59.91666666666667,-5.58333333333333,0.1579154935981418
-59.75,-5.58333333333333,0.12400984923267273
-59.583333333333336,-5.58333333333333,0.1645935941973205
-59.41666666666667,-5.58333333333333,0.16448642424835888
-59.25,-5.58333333333333,0.1653838905142635
-59.083333333333336,-5.58333333333333,0.15785403754799399
-58.91666666666667,-5.58333333333333,0.12576083503783886
-58.75,-5.58333333333333,0.17707916793901352
-58.583333333333336,-5.58333333333333,0.17415942894343928
-58.41666666666667,-5.58333333333333,0.1724333243357
-58.25,-5.58333333333333,0.15330561869017587
-58.083333333333336,-5.58333333333333,0.12195506131328417
-57.91666666666667,-5.58333333333333,0.16837628069115135
-57.75,-5.58333333333333,0.14388804017743645
-57.583333333333336,-5.58333333333333,0.13191862442670355
-57.41666666666667,-5.58333333333333,0.15790817290195325
-57.25,-5.58333333333333,0.16705826914896058
-57.083333333333336,-5.58333333333333,0.186539258684978
-56.91666666666667,-5.58333333333333,0.16595975065097995
-56.75,-5.58333333333333,0.16344521430580933
-56.583333333333336,-5.58333333333333,0.15628043927082655
-56.41666666666667,-5.58333333333333,0.09131000363255454
-56.25,-5.58333333333333,0.11893738956293319
-56.083333333333336,-5.58333333333333,0.14276317930248916
-55.91666666666667,-5.58333333333333,0.1335203112242335
-55.75,-5.58333333333333,0.10892538793374343
-55.583333333333336,-5.58333333333333,0.08986013425073783
-55.41666666666667,-5.58333333333333,0.13756279763565205
-55.25,-5.58333333333333,0.1127936180298019
-55.083333333333336,-5.58333333333333,0.10103521183955211
-54.91666666666667,-5.58333333333333,0.06580246115395276
-54.75,-5.58333333333333,0.07576100450320705
-54.583333333333336,-5.58333333333333,0.07808398146020157
-54.41666666666667,-5.58333333333333,0.0631166462140341
-54.25,-5.58333333333333,0.07722252098599329
-54.083333333333336,-5.58333333333333,0.0563475659665781
-53.91666666666667,-5.58333333333333,0.03351803033695658
-53.75,-5.58333333333333,0.04147047788491908
-53.583333333333336,-5.58333333333333,0.03868484958057136
-53.41666666666667,-5.58333333333333,0.036815216866231334
-53.25,-5.58333333333333,0.0400080521630584
-53.083333333333336,-5.58333333333333,0.05296598190747632
-52.91666666666667,-5.58333333333333,0.03660656841945114
-52.75,-5.58333333333333,0.03850957264743519
-52.583333333333336,-5.58333333333333,0.04605177084393673
-52.41666666666667,-5.58333333333333,0.04583037609155118
-52.25,-5.58333333333333,0.053481757229730455
-52.083333333333336,-5.58333333333333,0.041034414384939974
-51.91666666666667,-5.58333333333333,0.0378708664895907
-51.75,-5.58333333333333,0.039424499147350085
-51.583333333333336,-5.58333333333333,0.03969834519505114
-51.41666666666667,-5.58333333333333,0.053458692596660334
-51.25,-5.58333333333333,0.060962306522162
-51.083333333333336,-5.58333333333333,0.06745461123576582
-50.91666666666667,-5.58333333333333,0.039349660956101554
-50.75,-5.58333333333333,0.05700240995290009
-50.583333333333336,-5.58333333333333,0.07053923705071785
-50.41666666666667,-5.58333333333333,0.08446669121200702
-50.25,-5.58333333333333,0.08838641497530088
-50.083333333333336,-5.58333333333333,0.09656743087617535
-49.91666666666667,-5.58333333333333,0.10024340852992304
-49.75,-5.58333333333333,0.09614754511264327
-49.583333333333336,-5.58333333333333,0.09972441323035558
-49.41666666666667,-5.58333333333333,0.10395080197744855
-49.25,-5.58333333333333,0.095549006817378
-49.083333333333336,-5.58333333333333,0.10721219461447162
-48.91666666666667,-5.58333333333333,0.108784199593088
-48.75,-5.58333333333333,0.0963611215618658
-48.583333333333336,-5.58333333333333,0.08546498572862327
-48.41666666666667,-5.58333333333333,0.056280958510286624
-48.25,-5.58333333333333,0.041732994195865035
-72.75,-5.7499999999999964,0.03665116339343573
-72.58333333333333,-5.7499999999999964,0.038729272898809675
-72.41666666666667,-5.7499999999999964,0.03885142739527893
-72.25,-5.7499999999999964,0.03707793723015666
-72.08333333333333,-5.7499999999999964,0.054117266438780245
-71.91666666666667,-5.7499999999999964,0.05236262144618077
-71.75,-5.7499999999999964,0.03717659694603852
-71.58333333333333,-5.7499999999999964,0.040824479318258555
-71.41666666666667,-5.7499999999999964,0.04382226480433642
-71.25,-5.7499999999999964,0.05367302632904264
-71.08333333333333,-5.7499999999999964,0.03940272607801016
-70.91666666666667,-5.7499999999999964,0.0484324049307576
-70.75,-5.7499999999999964,0.09624431477970455
-70.58333333333333,-5.7499999999999964,0.09484012435681774
-70.41666666666667,-5.7499999999999964,0.14101420308697654
-70.25,-5.7499999999999964,0.1199542680270548
-70.08333333333333,-5.7499999999999964,0.11857015012424237
-69.91666666666667,-5.7499999999999964,0.09590500211783679
-69.75,-5.7499999999999964,0.10843666048107371
-69.58333333333333,-5.7499999999999964,0.11685775464016769
-69.41666666666667,-5.7499999999999964,0.12009532605330366
-69.25,-5.7499999999999964,0.15101767481731923
-69.08333333333333,-5.7499999999999964,0.13935904671382876
-68.91666666666667,-5.7499999999999964,0.1364791863501974
-68.75,-5.7499999999999964,0.11372086748306288
-68.58333333333333,-5.7499999999999964,0.12868258387766865
-68.41666666666667,-5.7499999999999964,0.12830688161032083
-68.25,-5.7499999999999964,0.1588180935567426
-68.08333333333333,-5.7499999999999964,0.14832449696341893
-67.91666666666667,-5.7499999999999964,0.17735239244069625
-67.75,-5.7499999999999964,0.1680434257680494
-67.58333333333333,-5.7499999999999964,0.20490110029032163
-67.41666666666667,-5.7499999999999964,0.1988800677580282
-67.25,-5.7499999999999964,0.14342217490525225
-67.08333333333333,-5.7499999999999964,0.1685676281655335
-66.91666666666667,-5.7499999999999964,0.17889582720395836
-66.75,-5.7499999999999964,0.1666021737745658
-66.58333333333333,-5.7499999999999964,0.15837766552933602
-66.41666666666667,-5.7499999999999964,0.15099857580561857
-66.25,-5.7499999999999964,0.15006521100191747
-66.08333333333333,-5.7499999999999964,0.14886517327311227
-65.91666666666667,-5.7499999999999964,0.15028594993911004
-65.75,-5.7499999999999964,0.1301488741980932
-65.58333333333333,-5.7499999999999964,0.12280184651820197
-65.41666666666667,-5.7499999999999964,0.1250757161889248
-65.25,-5.7499999999999964,0.12033918769732378
-65.08333333333333,-5.7499999999999964,0.11175304956012869
-64.91666666666667,-5.7499999999999964,0.1061943866880841
-64.75,-5.7499999999999964,0.10441025799112112
-64.58333333333333,-5.7499999999999964,0.10559924284305097
-64.41666666666667,-5.7499999999999964,0.11334615521922432
-64.25,-5.7499999999999964,0.09748004350153562
-64.08333333333333,-5.7499999999999964,0.13136135271916485
-63.91666666666667,-5.7499999999999964,0.17244608498473743
-63.75,-5.7499999999999964,0.2111259969024578
-63.583333333333336,-5.7499999999999964,0.21684948716350017
-63.41666666666667,-5.7499999999999964,0.16533038623484786
-63.25,-5.7499999999999964,0.20569910579171735
-63.083333333333336,-5.7499999999999964,0.19846223568117852
-62.91666666666667,-5.7499999999999964,0.15085821519348605
-62.75,-5.7499999999999964,0.1140928687721487
-62.583333333333336,-5.7499999999999964,0.1405375485808909
-62.41666666666667,-5.7499999999999964,0.0844195620129126
-62.25,-5.7499999999999964,0.06507876479715144
-62.083333333333336,-5.7499999999999964,0.0649275559991977
-61.91666666666667,-5.7499999999999964,0.07353331302604754
-61.75,-5.7499999999999964,0.08577593757031536
-61.583333333333336,-5.7499999999999964,0.093253788552867
-61.41666666666667,-5.7499999999999964,0.09966531531621386
-61.25,-5.7499999999999964,0.12469778219546261
-61.083333333333336,-5.7499999999999964,0.12252888720431634
-60.91666666666667,-5.7499999999999964,0.09572925137183919
-60.75,-5.7499999999999964,0.12050896534098914
-60.583333333333336,-5.7499999999999964,0.11738879329858946
-60.41666666666667,-5.7499999999999964,0.0937025033980248
-60.25,-5.7499999999999964,0.10370843141876124
-60.083333333333336,-5.7499999999999964,0.13441874892130193
-59.91666666666667,-5.7499999999999964,0.14740193814637859
-59.75,-5.7499999999999964,0.11598598417888399
-59.583333333333336,-5.7499999999999964,0.12448970560968878
-59.41666666666667,-5.7499999999999964,0.1572800684665104
-59.25,-5.7499999999999964,0.15720559800384767
-59.083333333333336,-5.7499999999999964,0.14872068189852722
-58.91666666666667,-5.7499999999999964,0.13678062588359471
-58.75,-5.7499999999999964,0.14890457195001655
-58.583333333333336,-5.7499999999999964,0.15259235443155647
-58.41666666666667,-5.7499999999999964,0.1469547753703323
-58.25,-5.7499999999999964,0.11863434094330061
-58.083333333333336,-5.7499999999999964,0.10709313905973637
-57.91666666666667,-5.7499999999999964,0.1340182626117778
-57.75,-5.7499999999999964,0.11480995963667948
-57.583333333333336,-5.7499999999999964,0.14870265273531527
-57.41666666666667,-5.7499999999999964,0.15183997049312917
-57.25,-5.7499999999999964,0.15316639041510838
-57.083333333333336,-5.7499999999999964,0.14751873133366836
-56.91666666666667,-5.7499999999999964,0.13910244767110905
-56.75,-5.7499999999999964,0.1384389110067811
-56.583333333333336,-5.7499999999999964,0.13836701499034734
-56.41666666666667,-5.7499999999999964,0.11260236952523758
-56.25,-5.7499999999999964,0.12250836621471889
-56.083333333333336,-5.7499999999999964,0.11436804288852642
-55.91666666666667,-5.7499999999999964,0.16026516025021093
-55.75,-5.7499999999999964,0.17536917626570864
-55.583333333333336,-5.7499999999999964,0.1523070020015646
-55.41666666666667,-5.7499999999999964,0.11223920301991493
-55.25,-5.7499999999999964,0.08754917737696001
-55.083333333333336,-5.7499999999999964,0.08396500309591884
-54.91666666666667,-5.7499999999999964,0.07907467210342065
-54.75,-5.7499999999999964,0.08292816455949839
-54.583333333333336,-5.7499999999999964,0.07176359642091852
-54.41666666666667,-5.7499999999999964,0.061472167959032334
-54.25,-5.7499999999999964,0.06702590695443282
-54.083333333333336,-5.7499999999999964,0.06564617660605325
-53.91666666666667,-5.7499999999999964,0.05386033252914022
-53.75,-5.7499999999999964,0.041212558660669134
-53.583333333333336,-5.7499999999999964,0.029536085379015982
-53.41666666666667,-5.7499999999999964,0.03721096909209285
-53.25,-5.7499999999999964,0.03275081391220116
-53.083333333333336,-5.7499999999999964,0.04474066277951211
-52.91666666666667,-5.7499999999999964,0.02207950437750865
-52.75,-5.7499999999999964,0.03623300257849293
-52.583333333333336,-5.7499999999999964,0.04418713853545492
-52.41666666666667,-5.7499999999999964,0.03315937561738333
-52.25,-5.7499999999999964,0.03271093019521851
-52.083333333333336,-5.7499999999999964,0.019659686079061524
-51.91666666666667,-5.7499999999999964,0.029076822723465314
-51.75,-5.7499999999999964,0.03421851770646725
-51.583333333333336,-5.7499999999999964,0.035694914715383906
-51.41666666666667,-5.7499999999999964,0.05608711969947108
-51.25,-5.7499999999999964,0.04899091209926121
-51.083333333333336,-5.7499999999999964,0.04560355754616091
-50.91666666666667,-5.7499999999999964,0.026393476969193242
-50.75,-5.7499999999999964,0.04694989976469208
-50.583333333333336,-5.7499999999999964,0.039690148516523215
-50.41666666666667,-5.7499999999999964,0.06768348213354992
-50.25,-5.7499999999999964,0.08695598043978686
-50.083333333333336,-5.7499999999999964,0.09490876086034884
-49.91666666666667,-5.7499999999999964,0.09715665168814676
-49.75,-5.7499999999999964,0.1421409741939826
-49.583333333333336,-5.7499999999999964,0.09088320361442648
-49.41666666666667,-5.7499999999999964,0.10215387578398327
-49.25,-5.7499999999999964,0.09382367906030603
-49.083333333333336,-5.7499999999999964,0.09886932539146737
-48.91666666666667,-5.7499999999999964,0.095278320865872207
-48.75,-5.7499999999999964,0.08684670692553799
-48.583333333333336,-5.7499999999999964,0.07562129657737826
-48.41666666666667,-5.7499999999999964,0.059747869122306035
-48.25,-5.7499999999999964,0.04436566722093862
-72.91666666666667,-5.916666666666664,0.05307202025464084
-72.75,-5.916666666666664,0.037171185960788375
-72.58333333333333,-5.916666666666664,0.04079318677358426
-72.41666666666667,-5.916666666666664,0.03740453310185693
-72.25,-5.916666666666664,0.041923966270378324
-72.08333333333333,-5.916666666666664,0.05323818097991565
-71.91666666666667,-5.916666666666664,0.045483131131083515
-71.75,-5.916666666666664,0.03930131082220315
-71.58333333333333,-5.916666666666664,0.039476041969031796
-71.41666666666667,-5.916666666666664,0.04850141244833685
-71.25,-5.916666666666664,0.033982855705368804
-71.08333333333333,-5.916666666666664,0.03793961286607082
-70.91666666666667,-5.916666666666664,0.04936602619457433
-70.75,-5.916666666666664,0.0884172881179617
-70.58333333333333,-5.916666666666664,0.09845615128486651
-70.41666666666667,-5.916666666666664,0.1324134838333737
-70.25,-5.916666666666664,0.1135308722498682
-70.08333333333333,-5.916666666666664,0.0966152179247585
-69.91666666666667,-5.916666666666664,0.11700899064774208
-69.75,-5.916666666666664,0.13456968595777177
-69.58333333333333,-5.916666666666664,0.13387143220463849
-69.41666666666667,-5.916666666666664,0.15938635668698597
-69.25,-5.916666666666664,0.1474044338654122
-69.08333333333333,-5.916666666666664,0.13603714352835702
-68.91666666666667,-5.916666666666664,0.11915909598861563
-68.75,-5.916666666666664,0.12515027473111964
-68.58333333333333,-5.916666666666664,0.13538805713167143
-68.41666666666667,-5.916666666666664,0.168739158100385
-68.25,-5.916666666666664,0.12333084201258517
-68.08333333333333,-5.916666666666664,0.16373263938648802
-67.91666666666667,-5.916666666666664,0.18707841553856694
-67.75,-5.916666666666664,0.21207706499003126
-67.58333333333333,-5.916666666666664,0.19909025010396847
-67.41666666666667,-5.916666666666664,0.16559597628514197
-67.25,-5.916666666666664,0.17336334354485652
-67.08333333333333,-5.916666666666664,0.17256148541127614
-66.91666666666667,-5.916666666666664,0.16825325862264748
-66.75,-5.916666666666664,0.2099356045139822
-66.58333333333333,-5.916666666666664,0.15414074262193653
-66.41666666666667,-5.916666666666664,0.15676681634307368
-66.25,-5.916666666666664,0.14610930443771863
-66.08333333333333,-5.916666666666664,0.14609405184365354
-65.91666666666667,-5.916666666666664,0.13757326253934263
-65.75,-5.916666666666664,0.13019864936149467
-65.58333333333333,-5.916666666666664,0.12194194730841446
-65.41666666666667,-5.916666666666664,0.11672916896064495
-65.25,-5.916666666666664,0.1057591046354962
-65.08333333333333,-5.916666666666664,0.10734285652630163
-64.91666666666667,-5.916666666666664,0.11120514140915642
-64.75,-5.916666666666664,0.11350586182060801
-64.58333333333333,-5.916666666666664,0.11206903482865183
-64.41666666666667,-5.916666666666664,0.10473013660727355
-64.25,-5.916666666666664,0.13807049648694208
-64.08333333333333,-5.916666666666664,0.14651587054619947
-63.91666666666667,-5.916666666666664,0.18194935555080005
-63.75,-5.916666666666664,0.21560916912106656
-63.583333333333336,-5.916666666666664,0.1746900175575321
-63.41666666666667,-5.916666666666664,0.17263973142919514
-63.25,-5.916666666666664,0.20649978497479468
-63.083333333333336,-5.916666666666664,0.1975769282189548
-62.91666666666667,-5.916666666666664,0.15233272099036002
-62.75,-5.916666666666664,0.11365421282725068
-62.583333333333336,-5.916666666666664,0.13010330683503857
-62.41666666666667,-5.916666666666664,0.06950437985499631
-62.25,-5.916666666666664,0.0722952423384953
-62.083333333333336,-5.916666666666664,0.07419704325807584
-61.91666666666667,-5.916666666666664,0.07607318173972422
-61.75,-5.916666666666664,0.08793981654283774
-61.583333333333336,-5.916666666666664,0.08808910933880368
-61.41666666666667,-5.916666666666664,0.11440925462004871
-61.25,-5.916666666666664,0.11158773929231965
-61.083333333333336,-5.916666666666664,0.08157275071352142
-60.91666666666667,-5.916666666666664,0.08605466973179245
-60.75,-5.916666666666664,0.08027380853989476
-60.583333333333336,-5.916666666666664,0.10842762190125911
-60.41666666666667,-5.916666666666664,0.08615614963032664
-60.25,-5.916666666666664,0.08253144985903448
-60.083333333333336,-5.916666666666664,0.11949871119836705
-59.91666666666667,-5.916666666666664,0.12647766746287936
-59.75,-5.916666666666664,0.1010227527403528
-59.583333333333336,-5.916666666666664,0.1109346927336931
-59.41666666666667,-5.916666666666664,0.14296794085686204
-59.25,-5.916666666666664,0.1417606475939316
-59.083333333333336,-5.916666666666664,0.1403840788203765
-58.91666666666667,-5.916666666666664,0.12810462473309586
-58.75,-5.916666666666664,0.1296831156080235
-58.583333333333336,-5.916666666666664,0.13555440201606817
-58.41666666666667,-5.916666666666664,0.1255947622299545
-58.25,-5.916666666666664,0.09438216791541977
-58.083333333333336,-5.916666666666664,0.09053937799060181
-57.91666666666667,-5.916666666666664,0.08664319442399657
-57.75,-5.916666666666664,0.10651996246008621
-57.583333333333336,-5.916666666666664,0.12779921578239947
-57.41666666666667,-5.916666666666664,0.14211040964190075
-57.25,-5.916666666666664,0.13096112687667
-57.083333333333336,-5.916666666666664,0.10999880883465347
-56.91666666666667,-5.916666666666664,0.1403411390711453
-56.75,-5.916666666666664,0.12322669028072655
-56.583333333333336,-5.916666666666664,0.08963975721579838
-56.41666666666667,-5.916666666666664,0.12127157758189631
-56.25,-5.916666666666664,0.17307450815367895
-56.083333333333336,-5.916666666666664,0.15685128090214984
-55.91666666666667,-5.916666666666664,0.12571954208116895
-55.75,-5.916666666666664,0.1728085441160639
-55.583333333333336,-5.916666666666664,0.12917653085372977
-55.41666666666667,-5.916666666666664,0.09159604137788684
-55.25,-5.916666666666664,0.07216988673614386
-55.083333333333336,-5.916666666666664,0.07293514194501259
-54.91666666666667,-5.916666666666664,0.08227013059635314
-54.75,-5.916666666666664,0.07428067669274933
-54.583333333333336,-5.916666666666664,0.06677218616994939
-54.41666666666667,-5.916666666666664,0.0581635308250539
-54.25,-5.916666666666664,0.053575575198355374
-54.083333333333336,-5.916666666666664,0.05384133603663842
-53.91666666666667,-5.916666666666664,0.06089698063886047
-53.75,-5.916666666666664,0.04905364489877837
-53.583333333333336,-5.916666666666664,0.02395066259466155
-53.41666666666667,-5.916666666666664,0.02822712546426384
-53.25,-5.916666666666664,0.021731971459008965
-53.083333333333336,-5.916666666666664,0.024803332041895502
-52.91666666666667,-5.916666666666664,0.02890507388917445
-52.75,-5.916666666666664,0.032972961285601905
-52.583333333333336,-5.916666666666664,0.031005310918665673
-52.41666666666667,-5.916666666666664,0.04554293170316032
-52.25,-5.916666666666664,0.02628177943467185
-52.083333333333336,-5.916666666666664,0.013354210837267299
-51.91666666666667,-5.916666666666664,0.021458443807441836
-51.75,-5.916666666666664,0.019217097569297084
-51.583333333333336,-5.916666666666664,0.027015981586461624
-51.41666666666667,-5.916666666666664,0.02792025660423157
-51.25,-5.916666666666664,0.03433847559183467
-51.083333333333336,-5.916666666666664,0.03214527904008449
-50.91666666666667,-5.916666666666664,0.019694861353975794
-50.75,-5.916666666666664,0.027608540695989076
-50.583333333333336,-5.916666666666664,0.04023784356244138
-50.41666666666667,-5.916666666666664,0.07351791980296213
-50.25,-5.916666666666664,0.12056533267718923
-50.083333333333336,-5.916666666666664,0.11567212938536638
-49.91666666666667,-5.916666666666664,0.09736958707109455
-49.75,-5.916666666666664,0.087183407212045
-49.583333333333336,-5.916666666666664,0.05825133511663679
-49.41666666666667,-5.916666666666664,0.10015125612495035
-49.25,-5.916666666666664,0.08153881201578898
-49.083333333333336,-5.916666666666664,0.09359830777616632
-48.91666666666667,-5.916666666666664,0.08534797106981946
-48.75,-5.916666666666664,0.07973652679987558
-48.583333333333336,-5.916666666666664,0.045613229681524356
-48.41666666666667,-5.916666666666664,0.05805612810356796
-48.25,-5.916666666666664,0.045575979514731704
-73.08333333333333,-6.08333333333333,0.04998256503806491
-72.91666666666667,-6.08333333333333,0.036897678697140474
-72.75,-6.08333333333333,0.040459862716338536
-72.58333333333333,-6.08333333333333,0.03990905303176221
-72.41666666666667,-6.08333333333333,0.0389555208766869
-72.25,-6.08333333333333,0.03819372486612724
-72.08333333333333,-6.08333333333333,0.050880734283416704
-71.91666666666667,-6.08333333333333,0.04377413766746457
-71.75,-6.08333333333333,0.038899069961095156
-71.58333333333333,-6.08333333333333,0.0538166358531745
-71.41666666666667,-6.08333333333333,0.04616312097146248
-71.25,-6.08333333333333,0.03630507482145
-71.08333333333333,-6.08333333333333,0.04939153442690504
-70.91666666666667,-6.08333333333333,0.03229523578834338
-70.75,-6.08333333333333,0.09737221131010247
-70.58333333333333,-6.08333333333333,0.13226442944100214
-70.41666666666667,-6.08333333333333,0.11652514350055854
-70.25,-6.08333333333333,0.11095469237609586
-70.08333333333333,-6.08333333333333,0.09863366979524761
-69.91666666666667,-6.08333333333333,0.12065499592135459
-69.75,-6.08333333333333,0.12626036117846368
-69.58333333333333,-6.08333333333333,0.1595947239158578
-69.41666666666667,-6.08333333333333,0.1606930636385515
-69.25,-6.08333333333333,0.14686950766393134
-69.08333333333333,-6.08333333333333,0.12406464356719392
-68.91666666666667,-6.08333333333333,0.12888720864035355
-68.75,-6.08333333333333,0.1316517659262438
-68.58333333333333,-6.08333333333333,0.13647623561377756
-68.41666666666667,-6.08333333333333,0.13721160978117314
-68.25,-6.08333333333333,0.15937968676252384
-68.08333333333333,-6.08333333333333,0.1864412523811845
-67.91666666666667,-6.08333333333333,0.18805031798942368
-67.75,-6.08333333333333,0.22135525795026884
-67.58333333333333,-6.08333333333333,0.20184663657556562
-67.41666666666667,-6.08333333333333,0.18191107676637852
-67.25,-6.08333333333333,0.17377807381791685
-67.08333333333333,-6.08333333333333,0.17204306555819038
-66.91666666666667,-6.08333333333333,0.19867745088661382
-66.75,-6.08333333333333,0.14906990229975994
-66.58333333333333,-6.08333333333333,0.15218472337950179
-66.41666666666667,-6.08333333333333,0.1588434940615949
-66.25,-6.08333333333333,0.15586091941034377
-66.08333333333333,-6.08333333333333,0.15344903363030282
-65.91666666666667,-6.08333333333333,0.13366526860034358
-65.75,-6.08333333333333,0.12068939727154522
-65.58333333333333,-6.08333333333333,0.11859454805240663
-65.41666666666667,-6.08333333333333,0.10997725664359717
-65.25,-6.08333333333333,0.0994879392057096
-65.08333333333333,-6.08333333333333,0.09752826720584551
-64.91666666666667,-6.08333333333333,0.09887452902961749
-64.75,-6.08333333333333,0.09893376258036292
-64.58333333333333,-6.08333333333333,0.10693910642266931
-64.41666666666667,-6.08333333333333,0.1102672329635483
-64.25,-6.08333333333333,0.1421302196987924
-64.08333333333333,-6.08333333333333,0.14436346042676354
-63.91666666666667,-6.08333333333333,0.188728029365739
-63.75,-6.08333333333333,0.22585689689436905
-63.583333333333336,-6.08333333333333,0.18795878913041592
-63.41666666666667,-6.08333333333333,0.1658229922111068
-63.25,-6.08333333333333,0.21099759377847777
-63.083333333333336,-6.08333333333333,0.2015798802685824
-62.91666666666667,-6.08333333333333,0.15781749746881685
-62.75,-6.08333333333333,0.11558271982965193
-62.583333333333336,-6.08333333333333,0.10578921381251954
-62.41666666666667,-6.08333333333333,0.0762269636623358
-62.25,-6.08333333333333,0.07535555850951225
-62.083333333333336,-6.08333333333333,0.07281591481995858
-61.91666666666667,-6.08333333333333,0.07044360823598864
-61.75,-6.08333333333333,0.09366672850465643
-61.583333333333336,-6.08333333333333,0.11150922999130315
-61.41666666666667,-6.08333333333333,0.11000242501609164
-61.25,-6.08333333333333,0.07934317322885243
-61.083333333333336,-6.08333333333333,0.0771446296594088
-60.91666666666667,-6.08333333333333,0.07772303420073456
-60.75,-6.08333333333333,0.09815115339640831
-60.583333333333336,-6.08333333333333,0.09555801535964459
-60.41666666666667,-6.08333333333333,0.07724106438542713
-60.25,-6.08333333333333,0.07903469882962907
-60.083333333333336,-6.08333333333333,0.11043392863986225
-59.91666666666667,-6.08333333333333,0.11845435500651778
-59.75,-6.08333333333333,0.1155334103513219
-59.583333333333336,-6.08333333333333,0.09812536304117592
-59.41666666666667,-6.08333333333333,0.1312337786140328
-59.25,-6.08333333333333,0.1203363252941204
-59.083333333333336,-6.08333333333333,0.13134546972928274
-58.91666666666667,-6.08333333333333,0.11476119182483621
-58.75,-6.08333333333333,0.1178301234554377
-58.583333333333336,-6.08333333333333,0.10443206989615875
-58.41666666666667,-6.08333333333333,0.09864750409797543
-58.25,-6.08333333333333,0.09232214315802974
-58.083333333333336,-6.08333333333333,0.09652319641925537
-57.91666666666667,-6.08333333333333,0.09157651893598268
-57.75,-6.08333333333333,0.10730911454085285
-57.583333333333336,-6.08333333333333,0.10443528622617822
-57.41666666666667,-6.08333333333333,0.12019563233137937
-57.25,-6.08333333333333,0.11087283035251924
-57.083333333333336,-6.08333333333333,0.10316064675484157
-56.91666666666667,-6.08333333333333,0.11805890956223374
-56.75,-6.08333333333333,0.10822439730794778
-56.583333333333336,-6.08333333333333,0.12393324663585292
-56.41666666666667,-6.08333333333333,0.11747471161963652
-56.25,-6.08333333333333,0.13871599979339305
-56.083333333333336,-6.08333333333333,0.09278545667924075
-55.91666666666667,-6.08333333333333,0.08279228578014997
-55.75,-6.08333333333333,0.12207125814102916
-55.583333333333336,-6.08333333333333,0.08373433596521583
-55.41666666666667,-6.08333333333333,0.0597742034201102
-55.25,-6.08333333333333,0.05766095764472992
-55.083333333333336,-6.08333333333333,0.06721338250361404
-54.91666666666667,-6.08333333333333,0.07449442237705405
-54.75,-6.08333333333333,0.0653886840340437
-54.583333333333336,-6.08333333333333,0.060851517081597785
-54.41666666666667,-6.08333333333333,0.07062545277439336
-54.25,-6.08333333333333,0.05009508689889065
-54.083333333333336,-6.08333333333333,0.057824536069952484
-53.91666666666667,-6.08333333333333,0.056614853666948475
-53.75,-6.08333333333333,0.051360627462504395
-53.583333333333336,-6.08333333333333,0.030840713734249903
-53.41666666666667,-6.08333333333333,0.030636298811189983
-53.25,-6.08333333333333,0.02662325314780422
-53.083333333333336,-6.08333333333333,0.027718535641492962
-52.91666666666667,-6.08333333333333,0.019795639670373302
-52.75,-6.08333333333333,0.02603092137456251
-52.583333333333336,-6.08333333333333,0.03201362288010562
-52.41666666666667,-6.08333333333333,0.036746324393536874
-52.25,-6.08333333333333,0.03325425548279515
-52.083333333333336,-6.08333333333333,0.02135181263475737
-51.91666666666667,-6.08333333333333,0.019894962033967963
-51.75,-6.08333333333333,0.02542686981964417
-51.583333333333336,-6.08333333333333,0.025379592749800332
-51.41666666666667,-6.08333333333333,0.02300784810344973
-51.25,-6.08333333333333,0.02170618559129891
-51.083333333333336,-6.08333333333333,0.01884514738938605
-50.91666666666667,-6.08333333333333,0.036559555427896524
-50.75,-6.08333333333333,0.05218757960680832
-50.583333333333336,-6.08333333333333,0.018029962384467534
-50.41666666666667,-6.08333333333333,0.016843187860319457
-50.25,-6.08333333333333,0.01069931749729313
-50.083333333333336,-6.08333333333333,0.03355644044396576
-49.91666666666667,-6.08333333333333,0.07345191152504774
-49.75,-6.08333333333333,0.04956282922067667
-49.583333333333336,-6.08333333333333,0.07900043126449588
-49.41666666666667,-6.08333333333333,0.07940998203309106
-49.25,-6.08333333333333,0.0639901680253111
-49.083333333333336,-6.08333333333333,0.08179910258751963
-48.91666666666667,-6.08333333333333,0.0776752363830136
-48.75,-6.08333333333333,0.07450124838772254
-48.583333333333336,-6.08333333333333,0.0523905947644834
-48.41666666666667,-6.08333333333333,0.05834344469393426
-48.25,-6.08333333333333,0.06698446305002126
-72.91666666666667,-6.2499999999999964,0.03477738883428536
-72.75,-6.2499999999999964,0.04289139215190195
-72.58333333333333,-6.2499999999999964,0.03890983626336263
-72.41666666666667,-6.2499999999999964,0.03829011419544804
-72.25,-6.2499999999999964,0.03917238592393
-72.08333333333333,-6.2499999999999964,0.050138692785790064
-71.91666666666667,-6.2499999999999964,0.04051324833781478
-71.75,-6.2499999999999964,0.03712853345446628
-71.58333333333333,-6.2499999999999964,0.049613155265253145
-71.41666666666667,-6.2499999999999964,0.040004382584661484
-71.25,-6.2499999999999964,0.037796784089094926
-71.08333333333333,-6.2499999999999964,0.04209196209412742
-70.91666666666667,-6.2499999999999964,0.037601208703645174
-70.75,-6.2499999999999964,0.03792601381397285
-70.58333333333333,-6.2499999999999964,0.12924537181766432
-70.41666666666667,-6.2499999999999964,0.12182385643419072
-70.25,-6.2499999999999964,0.07772702266494119
-70.08333333333333,-6.2499999999999964,0.10851079227203989
-69.91666666666667,-6.2499999999999964,0.12363249765160977
-69.75,-6.2499999999999964,0.1233002244534472
-69.58333333333333,-6.2499999999999964,0.15827320039001444
-69.41666666666667,-6.2499999999999964,0.1540535144203333
-69.25,-6.2499999999999964,0.14023134063525644
-69.08333333333333,-6.2499999999999964,0.15086039221875833
-68.91666666666667,-6.2499999999999964,0.14581200185834095
-68.75,-6.2499999999999964,0.15281475156015856
-68.58333333333333,-6.2499999999999964,0.15705898650321065
-68.41666666666667,-6.2499999999999964,0.16856288677548964
-68.25,-6.2499999999999964,0.18445120528443898
-68.08333333333333,-6.2499999999999964,0.2027540134093341
-67.91666666666667,-6.2499999999999964,0.2317272698516122
-67.75,-6.2499999999999964,0.22233270443510103
-67.58333333333333,-6.2499999999999964,0.17500099118824936
-67.41666666666667,-6.2499999999999964,0.1889767214550299
-67.25,-6.2499999999999964,0.18025732748928883
-67.08333333333333,-6.2499999999999964,0.1744028663966297
-66.91666666666667,-6.2499999999999964,0.17549408070738315
-66.75,-6.2499999999999964,0.1828659008769288
-66.58333333333333,-6.2499999999999964,0.17343967839140975
-66.41666666666667,-6.2499999999999964,0.16148064686245403
-66.25,-6.2499999999999964,0.16346856298471135
-66.08333333333333,-6.2499999999999964,0.15830395552542176
-65.91666666666667,-6.2499999999999964,0.1585097616877005
-65.75,-6.2499999999999964,0.15010612995120728
-65.58333333333333,-6.2499999999999964,0.1343480396778362
-65.41666666666667,-6.2499999999999964,0.11919085143823391
-65.25,-6.2499999999999964,0.10648062257313622
-65.08333333333333,-6.2499999999999964,0.09724918334570477
-64.91666666666667,-6.2499999999999964,0.09793504730301261
-64.75,-6.2499999999999964,0.1116484845196587
-64.58333333333333,-6.2499999999999964,0.11087819046563983
-64.41666666666667,-6.2499999999999964,0.11325825475396631
-64.25,-6.2499999999999964,0.1494387624576699
-64.08333333333333,-6.2499999999999964,0.22469051619526922
-63.91666666666667,-6.2499999999999964,0.11909140881634811
-63.75,-6.2499999999999964,0.2214355139307164
-63.583333333333336,-6.2499999999999964,0.1977488431647317
-63.41666666666667,-6.2499999999999964,0.17545032853511483
-63.25,-6.2499999999999964,0.2129489103647573
-63.083333333333336,-6.2499999999999964,0.18932909320513408
-62.91666666666667,-6.2499999999999964,0.17850904602753173
-62.75,-6.2499999999999964,0.18494476743944532
-62.583333333333336,-6.2499999999999964,0.13911313350641458
-62.41666666666667,-6.2499999999999964,0.08448642292377764
-62.25,-6.2499999999999964,0.08152897609900797
-62.083333333333336,-6.2499999999999964,0.06823765078301579
-61.91666666666667,-6.2499999999999964,0.0846354718716618
-61.75,-6.2499999999999964,0.10330058789321271
-61.583333333333336,-6.2499999999999964,0.10362474446516177
-61.41666666666667,-6.2499999999999964,0.07475516501956041
-61.25,-6.2499999999999964,0.07437750130234298
-61.083333333333336,-6.2499999999999964,0.0717269241814646
-60.91666666666667,-6.2499999999999964,0.069511598796783175
-60.75,-6.2499999999999964,0.09161895365589898
-60.583333333333336,-6.2499999999999964,0.08720819249856018
-60.41666666666667,-6.2499999999999964,0.09721981097043332
-60.25,-6.2499999999999964,0.10153955204756143
-60.083333333333336,-6.2499999999999964,0.1068266501277202
-59.91666666666667,-6.2499999999999964,0.11255285589683814
-59.75,-6.2499999999999964,0.10515700663870978
-59.583333333333336,-6.2499999999999964,0.0800384414532153
-59.41666666666667,-6.2499999999999964,0.0808705368132676
-59.25,-6.2499999999999964,0.08424476375472399
-59.083333333333336,-6.2499999999999964,0.11464964472075326
-58.91666666666667,-6.2499999999999964,0.10426593628077159
-58.75,-6.2499999999999964,0.10008085026188125
-58.583333333333336,-6.2499999999999964,0.07924883150384578
-58.41666666666667,-6.2499999999999964,0.09212235591999969
-58.25,-6.2499999999999964,0.10206004138741759
-58.083333333333336,-6.2499999999999964,0.10610703853280153
-57.91666666666667,-6.2499999999999964,0.10015720048957058
-57.75,-6.2499999999999964,0.10309106105171643
-57.583333333333336,-6.2499999999999964,0.09717403977938116
-57.41666666666667,-6.2499999999999964,0.10354738401100394
-57.25,-6.2499999999999964,0.10702261098431369
-57.083333333333336,-6.2499999999999964,0.1135205200372613
-56.91666666666667,-6.2499999999999964,0.06449378170361547
-56.75,-6.2499999999999964,0.10848832083228883
-56.583333333333336,-6.2499999999999964,0.1085905386967838
-56.41666666666667,-6.2499999999999964,0.10118165354839667
-56.25,-6.2499999999999964,0.13972859996518064
-56.083333333333336,-6.2499999999999964,0.10733962322127145
-55.91666666666667,-6.2499999999999964,0.08812226126397205
-55.75,-6.2499999999999964,0.10863569901007529
-55.583333333333336,-6.2499999999999964,0.09217395803880835
-55.41666666666667,-6.2499999999999964,0.06555601558681673
-55.25,-6.2499999999999964,0.07380108945834554
-55.083333333333336,-6.2499999999999964,0.06892520012742025
-54.91666666666667,-6.2499999999999964,0.06273317563856586
-54.75,-6.2499999999999964,0.06254987558763009
-54.583333333333336,-6.2499999999999964,0.05474435750429742
-54.41666666666667,-6.2499999999999964,0.0671817510256701
-54.25,-6.2499999999999964,0.04819441373593643
-54.083333333333336,-6.2499999999999964,0.059537596392764236
-53.91666666666667,-6.2499999999999964,0.05669334944687175
-53.75,-6.2499999999999964,0.03804408124742741
-53.583333333333336,-6.2499999999999964,0.03713175515547325
-53.41666666666667,-6.2499999999999964,0.040950568672594535
-53.25,-6.2499999999999964,0.027176180613513453
-53.083333333333336,-6.2499999999999964,0.030938622619032116
-52.91666666666667,-6.2499999999999964,0.032258300098999534
-52.75,-6.2499999999999964,0.02308216662237822
-52.583333333333336,-6.2499999999999964,0.027931415168313038
-52.41666666666667,-6.2499999999999964,0.03230289652986442
-52.25,-6.2499999999999964,0.02313918179960203
-52.083333333333336,-6.2499999999999964,0.020418734901985015
-51.91666666666667,-6.2499999999999964,0.027515740410245952
-51.75,-6.2499999999999964,0.021084122560621536
-51.583333333333336,-6.2499999999999964,0.020867550740452438
-51.41666666666667,-6.2499999999999964,0.029551169647845793
-51.25,-6.2499999999999964,0.021832784842802582
-51.083333333333336,-6.2499999999999964,0.020138857696727207
-50.91666666666667,-6.2499999999999964,0.037039920062519625
-50.75,-6.2499999999999964,0.05112684174062832
-50.583333333333336,-6.2499999999999964,0.07257514983653762
-50.41666666666667,-6.2499999999999964,0.010415632359055968
-50.25,-6.2499999999999964,0.01829800138658578
-50.083333333333336,-6.2499999999999964,0.03604215891859259
-49.91666666666667,-6.2499999999999964,0.05316221444347729
-49.75,-6.2499999999999964,0.05666108433374442
-49.583333333333336,-6.2499999999999964,0.07711776180276024
-49.41666666666667,-6.2499999999999964,0.07313387990729997
-49.25,-6.2499999999999964,0.08820652358724963
-49.083333333333336,-6.2499999999999964,0.057746328626254964
-48.91666666666667,-6.2499999999999964,0.06967004043849899
-48.75,-6.2499999999999964,0.05910365740045987
-48.583333333333336,-6.2499999999999964,0.04327100502554416
-48.41666666666667,-6.2499999999999964,0.04618248243971683
-48.25,-6.2499999999999964,0.04375819596861435
-72.91666666666667,-6.416666666666664,0.03615082349068405
-72.75,-6.416666666666664,0.04375604741066244
-72.58333333333333,-6.416666666666664,0.05605290748342127
-72.41666666666667,-6.416666666666664,0.053308750461558224
-72.25,-6.416666666666664,0.03848674139549551
-72.08333333333333,-6.416666666666664,0.04932552727355364
-71.91666666666667,-6.416666666666664,0.03074124552805033
-71.75,-6.416666666666664,0.03733814217044898
-71.58333333333333,-6.416666666666664,0.04349349778535921
-71.41666666666667,-6.416666666666664,0.0341069650505862
-71.25,-6.416666666666664,0.03623275858548313
-71.08333333333333,-6.416666666666664,0.03553047462193779
-70.91666666666667,-6.416666666666664,0.03623164901375263
-70.75,-6.416666666666664,0.0493811248053271
-70.58333333333333,-6.416666666666664,0.12990592079420096
-70.41666666666667,-6.416666666666664,0.11303169938692768
-70.25,-6.416666666666664,0.09723369842609894
-70.08333333333333,-6.416666666666664,0.11211275543251002
-69.91666666666667,-6.416666666666664,0.1258470169682316
-69.75,-6.416666666666664,0.13588525576288368
-69.58333333333333,-6.416666666666664,0.1503134084681141
-69.41666666666667,-6.416666666666664,0.17182394109326968
-69.25,-6.416666666666664,0.1885750027989487
-69.08333333333333,-6.416666666666664,0.19602653186362987
-68.91666666666667,-6.416666666666664,0.20016289837287557
-68.75,-6.416666666666664,0.19986533623996386
-68.58333333333333,-6.416666666666664,0.1964427045073201
-68.41666666666667,-6.416666666666664,0.2018306130307646
-68.25,-6.416666666666664,0.2060636758830395
-68.08333333333333,-6.416666666666664,0.201091767210304
-67.91666666666667,-6.416666666666664,0.24513582371786552
-67.75,-6.416666666666664,0.23054234849774474
-67.58333333333333,-6.416666666666664,0.19163647009280474
-67.41666666666667,-6.416666666666664,0.1957373708316704
-67.25,-6.416666666666664,0.19622475393763375
-67.08333333333333,-6.416666666666664,0.1963155695334876
-66.91666666666667,-6.416666666666664,0.1908815327903482
-66.75,-6.416666666666664,0.1847889978079724
-66.58333333333333,-6.416666666666664,0.19180295044762802
-66.41666666666667,-6.416666666666664,0.18096484694667744
-66.25,-6.416666666666664,0.1706035339064951
-66.08333333333333,-6.416666666666664,0.1689843417969061
-65.91666666666667,-6.416666666666664,0.16694543347090096
-65.75,-6.416666666666664,0.14384962190535278
-65.58333333333333,-6.416666666666664,0.1263395976803175
-65.41666666666667,-6.416666666666664,0.11959709026615592
-65.25,-6.416666666666664,0.11379695640061006
-65.08333333333333,-6.416666666666664,0.10706059879581135
-64.91666666666667,-6.416666666666664,0.0955258708588448
-64.75,-6.416666666666664,0.11823356782370145
-64.58333333333333,-6.416666666666664,0.12233024171266878
-64.41666666666667,-6.416666666666664,0.10873352183782771
-64.25,-6.416666666666664,0.1571096755144704
-64.08333333333333,-6.416666666666664,0.23229712988658122
-63.91666666666667,-6.416666666666664,0.18464728426295396
-63.75,-6.416666666666664,0.18791548060553773
-63.583333333333336,-6.416666666666664,0.20213373563253975
-63.41666666666667,-6.416666666666664,0.19713229506250635
-63.25,-6.416666666666664,0.22200848734612721
-63.083333333333336,-6.416666666666664,0.20874726824113668
-62.91666666666667,-6.416666666666664,0.19815136780102427
-62.75,-6.416666666666664,0.20073575825358253
-62.583333333333336,-6.416666666666664,0.1975710802998186
-62.41666666666667,-6.416666666666664,0.128199282694455
-62.25,-6.416666666666664,0.09724576996788739
-62.083333333333336,-6.416666666666664,0.10449092169316987
-61.91666666666667,-6.416666666666664,0.10905642582178317
-61.75,-6.416666666666664,0.10622238044521273
-61.583333333333336,-6.416666666666664,0.0867194475463897
-61.41666666666667,-6.416666666666664,0.06962090606389568
-61.25,-6.416666666666664,0.06640115153281279
-61.083333333333336,-6.416666666666664,0.06300091952962716
-60.91666666666667,-6.416666666666664,0.08598572161232863
-60.75,-6.416666666666664,0.06569464563761548
-60.583333333333336,-6.416666666666664,0.06839761795620117
-60.41666666666667,-6.416666666666664,0.09174717222405046
-60.25,-6.416666666666664,0.08848706094168436
-60.083333333333336,-6.416666666666664,0.10403628654520121
-59.91666666666667,-6.416666666666664,0.10269182078578744
-59.75,-6.416666666666664,0.09429054971691933
-59.583333333333336,-6.416666666666664,0.08717594730241535
-59.41666666666667,-6.416666666666664,0.0697403939305293
-59.25,-6.416666666666664,0.07739116962765077
-59.083333333333336,-6.416666666666664,0.10037279431892496
-58.91666666666667,-6.416666666666664,0.09637198178072787
-58.75,-6.416666666666664,0.07527593897221933
-58.583333333333336,-6.416666666666664,0.06944993362693475
-58.41666666666667,-6.416666666666664,0.07104885031848697
-58.25,-6.416666666666664,0.07518606663676453
-58.083333333333336,-6.416666666666664,0.08153689018963942
-57.91666666666667,-6.416666666666664,0.1023788108009838
-57.75,-6.416666666666664,0.09521166685511723
-57.583333333333336,-6.416666666666664,0.06409704996234322
-57.41666666666667,-6.416666666666664,0.09259888868713968
-57.25,-6.416666666666664,0.12556802083413177
-57.083333333333336,-6.416666666666664,0.08460447513767216
-56.91666666666667,-6.416666666666664,0.07061919974642629
-56.75,-6.416666666666664,0.09443651276143832
-56.583333333333336,-6.416666666666664,0.0752825305856264
-56.41666666666667,-6.416666666666664,0.07161071396499112
-56.25,-6.416666666666664,0.0788402548448115
-56.083333333333336,-6.416666666666664,0.08516039557289809
-55.91666666666667,-6.416666666666664,0.07215444228167862
-55.75,-6.416666666666664,0.07316513172923274
-55.583333333333336,-6.416666666666664,0.1015662539555016
-55.41666666666667,-6.416666666666664,0.1004443042842212
-55.25,-6.416666666666664,0.0790980352045419
-55.083333333333336,-6.416666666666664,0.07579947154236234
-54.91666666666667,-6.416666666666664,0.0723915918082644
-54.75,-6.416666666666664,0.07572454504170152
-54.583333333333336,-6.416666666666664,0.06669695754897369
-54.41666666666667,-6.416666666666664,0.05280791980647831
-54.25,-6.416666666666664,0.04663702875989193
-54.083333333333336,-6.416666666666664,0.04178540225042304
-53.91666666666667,-6.416666666666664,0.058638377452387036
-53.75,-6.416666666666664,0.0333828448613209
-53.583333333333336,-6.416666666666664,0.03273481739208856
-53.41666666666667,-6.416666666666664,0.04056656164635261
-53.25,-6.416666666666664,0.024859594791659965
-53.083333333333336,-6.416666666666664,0.030813673519325045
-52.91666666666667,-6.416666666666664,0.037035552979147464
-52.75,-6.416666666666664,0.025744677588289043
-52.583333333333336,-6.416666666666664,0.02404958104439087
-52.41666666666667,-6.416666666666664,0.02286392266815718
-52.25,-6.416666666666664,0.024756232853640085
-52.083333333333336,-6.416666666666664,0.03024513831294553
-51.91666666666667,-6.416666666666664,0.016672681645840584
-51.75,-6.416666666666664,0.014852709055355538
-51.583333333333336,-6.416666666666664,0.020316490829278708
-51.41666666666667,-6.416666666666664,0.026722602001924018
-51.25,-6.416666666666664,0.03485864935005571
-51.083333333333336,-6.416666666666664,0.026040070127766764
-50.91666666666667,-6.416666666666664,0.02883217777759807
-50.75,-6.416666666666664,0.034870336165528586
-50.583333333333336,-6.416666666666664,0.05375588589191033
-50.41666666666667,-6.416666666666664,0.03336568957947854
-50.25,-6.416666666666664,0.028816199807986508
-50.083333333333336,-6.416666666666664,0.061672949152162315
-49.91666666666667,-6.416666666666664,0.050754429271283964
-49.75,-6.416666666666664,0.04562856768645043
-49.583333333333336,-6.416666666666664,0.07596287378074007
-49.41666666666667,-6.416666666666664,0.0784752272253879
-49.25,-6.416666666666664,0.08007572908708452
-49.083333333333336,-6.416666666666664,0.051560121476246536
-48.91666666666667,-6.416666666666664,0.04800503847790832
-48.75,-6.416666666666664,0.05225733689265583
-48.583333333333336,-6.416666666666664,0.06349373865823678
-48.41666666666667,-6.416666666666664,0.0411319964218749
-48.25,-6.416666666666664,0.04734913902263798
-72.91666666666667,-6.58333333333333,0.04399455702820377
-72.75,-6.58333333333333,0.045230044546148006
-72.58333333333333,-6.58333333333333,0.057035272917826216
-72.41666666666667,-6.58333333333333,0.05218833915295977
-72.25,-6.58333333333333,0.038266963764381365
-72.08333333333333,-6.58333333333333,0.03518678291919162
-71.91666666666667,-6.58333333333333,0.04519200647943111
-71.75,-6.58333333333333,0.0447728743946109
-71.58333333333333,-6.58333333333333,0.04224215040544057
-71.41666666666667,-6.58333333333333,0.032520922746157276
-71.25,-6.58333333333333,0.0346687599379785
-71.08333333333333,-6.58333333333333,0.0357989050948065
-70.91666666666667,-6.58333333333333,0.034091136651777695
-70.75,-6.58333333333333,0.035674479965081524
-70.58333333333333,-6.58333333333333,0.11148325454271296
-70.41666666666667,-6.58333333333333,0.11879607261297448
-70.25,-6.58333333333333,0.12540800915017924
-70.08333333333333,-6.58333333333333,0.14193700385695948
-69.91666666666667,-6.58333333333333,0.14734332716453144
-69.75,-6.58333333333333,0.161169761213059
-69.58333333333333,-6.58333333333333,0.1687590716800693
-69.41666666666667,-6.58333333333333,0.18314810993050298
-69.25,-6.58333333333333,0.1913092925116724
-69.08333333333333,-6.58333333333333,0.1934836908512861
-68.91666666666667,-6.58333333333333,0.20133708036818165
-68.75,-6.58333333333333,0.20593757845116123
-68.58333333333333,-6.58333333333333,0.20985599219673068
-68.41666666666667,-6.58333333333333,0.1951777833213203
-68.25,-6.58333333333333,0.20902011443507665
-68.08333333333333,-6.58333333333333,0.2612375769822655
-67.91666666666667,-6.58333333333333,0.25258327129525054
-67.75,-6.58333333333333,0.24248498084297226
-67.58333333333333,-6.58333333333333,0.2033102424538855
-67.41666666666667,-6.58333333333333,0.19983093099313598
-67.25,-6.58333333333333,0.19686825794701138
-67.08333333333333,-6.58333333333333,0.19559531171353972
-66.91666666666667,-6.58333333333333,0.19253449542895273
-66.75,-6.58333333333333,0.19113240063494463
-66.58333333333333,-6.58333333333333,0.1967475376864957
-66.41666666666667,-6.58333333333333,0.19861910616157244
-66.25,-6.58333333333333,0.18242434608119085
-66.08333333333333,-6.58333333333333,0.16969211432447603
-65.91666666666667,-6.58333333333333,0.1542318670477426
-65.75,-6.58333333333333,0.14431834082292808
-65.58333333333333,-6.58333333333333,0.13111757675268335
-65.41666666666667,-6.58333333333333,0.11968984588961203
-65.25,-6.58333333333333,0.11291829189753226
-65.08333333333333,-6.58333333333333,0.11127554586205171
-64.91666666666667,-6.58333333333333,0.10079433492540803
-64.75,-6.58333333333333,0.1117412319822039
-64.58333333333333,-6.58333333333333,0.130822732388274
-64.41666666666667,-6.58333333333333,0.15955057891405797
-64.25,-6.58333333333333,0.16068519108672047
-64.08333333333333,-6.58333333333333,0.24513553426503298
-63.91666666666667,-6.58333333333333,0.19709643483304184
-63.75,-6.58333333333333,0.20274165251587567
-63.583333333333336,-6.58333333333333,0.20530616031059995
-63.41666666666667,-6.58333333333333,0.20994277955923613
-63.25,-6.58333333333333,0.19880673506226743
-63.083333333333336,-6.58333333333333,0.20835820880390968
-62.91666666666667,-6.58333333333333,0.21771932784078135
-62.75,-6.58333333333333,0.21752130842072478
-62.583333333333336,-6.58333333333333,0.21144045041019172
-62.41666666666667,-6.58333333333333,0.2249089550878152
-62.25,-6.58333333333333,0.11136996829850868
-62.083333333333336,-6.58333333333333,0.10677787131677158
-61.91666666666667,-6.58333333333333,0.09729731538245662
-61.75,-6.58333333333333,0.09191953159099976
-61.583333333333336,-6.58333333333333,0.08304578601265161
-61.41666666666667,-6.58333333333333,0.08098303532303411
-61.25,-6.58333333333333,0.07843873133964811
-61.083333333333336,-6.58333333333333,0.07694387554185254
-60.91666666666667,-6.58333333333333,0.07719778302684997
-60.75,-6.58333333333333,0.05790391721944067
-60.583333333333336,-6.58333333333333,0.06439148216303299
-60.41666666666667,-6.58333333333333,0.09071779783355662
-60.25,-6.58333333333333,0.07737619352810132
-60.083333333333336,-6.58333333333333,0.09052965620876359
-59.91666666666667,-6.58333333333333,0.08609836536790927
-59.75,-6.58333333333333,0.0649479410719111
-59.583333333333336,-6.58333333333333,0.08257759274314032
-59.41666666666667,-6.58333333333333,0.07939802951396017
-59.25,-6.58333333333333,0.07182411798267627
-59.083333333333336,-6.58333333333333,0.08875716728054436
-58.91666666666667,-6.58333333333333,0.0843522759530957
-58.75,-6.58333333333333,0.06590463470447475
-58.583333333333336,-6.58333333333333,0.06725090738745997
-58.41666666666667,-6.58333333333333,0.08537548546360091
-58.25,-6.58333333333333,0.09009284060828376
-58.083333333333336,-6.58333333333333,0.06479102278204045
-57.91666666666667,-6.58333333333333,0.06734847914461263
-57.75,-6.58333333333333,0.07578958988780472
-57.583333333333336,-6.58333333333333,0.05373058327378513
-57.41666666666667,-6.58333333333333,0.1128877138395942
-57.25,-6.58333333333333,0.1319788781068584
-57.083333333333336,-6.58333333333333,0.07022285444537345
-56.91666666666667,-6.58333333333333,0.06531511780710367
-56.75,-6.58333333333333,0.09560706080749123
-56.583333333333336,-6.58333333333333,0.059351306714838965
-56.41666666666667,-6.58333333333333,0.0464792092963969
-56.25,-6.58333333333333,0.07316830467217209
-56.083333333333336,-6.58333333333333,0.07542168364596384
-55.91666666666667,-6.58333333333333,0.0892981358981387
-55.75,-6.58333333333333,0.06771224185835495
-55.583333333333336,-6.58333333333333,0.07506058170363662
-55.41666666666667,-6.58333333333333,0.09832351077776877
-55.25,-6.58333333333333,0.09207356021368822
-55.083333333333336,-6.58333333333333,0.06775534821467673
-54.91666666666667,-6.58333333333333,0.0659925764633135
-54.75,-6.58333333333333,0.069342521811021
-54.583333333333336,-6.58333333333333,0.058740782946676805
-54.41666666666667,-6.58333333333333,0.04878477332299662
-54.25,-6.58333333333333,0.04716796030314823
-54.083333333333336,-6.58333333333333,0.04322348701731022
-53.91666666666667,-6.58333333333333,0.05904677791145512
-53.75,-6.58333333333333,0.03264114000397469
-53.583333333333336,-6.58333333333333,0.028007572386977167
-53.41666666666667,-6.58333333333333,0.026391583439214068
-53.25,-6.58333333333333,0.02629225858069489
-53.083333333333336,-6.58333333333333,0.032188757619981245
-52.91666666666667,-6.58333333333333,0.030545625619007387
-52.75,-6.58333333333333,0.04238856277267114
-52.583333333333336,-6.58333333333333,0.028302180723237792
-52.41666666666667,-6.58333333333333,0.02285416982090639
-52.25,-6.58333333333333,0.03834983410741189
-52.083333333333336,-6.58333333333333,0.03209655330548231
-51.91666666666667,-6.58333333333333,0.021519908208357266
-51.75,-6.58333333333333,0.030255135379043344
-51.583333333333336,-6.58333333333333,0.028710111208862663
-51.41666666666667,-6.58333333333333,0.030973185634993936
-51.25,-6.58333333333333,0.033734058929449126
-51.083333333333336,-6.58333333333333,0.029198307221440727
-50.91666666666667,-6.58333333333333,0.028548556547047
-50.75,-6.58333333333333,0.024166925072161477
-50.583333333333336,-6.58333333333333,0.02388054910736526
-50.41666666666667,-6.58333333333333,0.04283653057575454
-50.25,-6.58333333333333,0.056581706080354
-50.083333333333336,-6.58333333333333,0.06389571983137853
-49.91666666666667,-6.58333333333333,0.05767948898126912
-49.75,-6.58333333333333,0.051226817439368084
-49.583333333333336,-6.58333333333333,0.0728075950800135
-49.41666666666667,-6.58333333333333,0.06884033739807242
-49.25,-6.58333333333333,0.0696456481569327
-49.083333333333336,-6.58333333333333,0.06731289787221585
-48.91666666666667,-6.58333333333333,0.05845480835165081
-48.75,-6.58333333333333,0.057228779489598085
-48.583333333333336,-6.58333333333333,0.0724467196992688
-48.41666666666667,-6.58333333333333,0.048057202769082916
-48.25,-6.58333333333333,0.05100190258482951
-73.25,-6.7499999999999964,0.05665947986620622
-73.08333333333333,-6.7499999999999964,0.0494242629894196
-72.91666666666667,-6.7499999999999964,0.044901064615998715
-72.75,-6.7499999999999964,0.06483061555198433
-72.58333333333333,-6.7499999999999964,0.054036377791596264
-72.41666666666667,-6.7499999999999964,0.03577247493684665
-72.25,-6.7499999999999964,0.03823261796983982
-72.08333333333333,-6.7499999999999964,0.037650834475036206
-71.91666666666667,-6.7499999999999964,0.045846174337965194
-71.75,-6.7499999999999964,0.035687193929522756
-71.58333333333333,-6.7499999999999964,0.027243409876971485
-71.41666666666667,-6.7499999999999964,0.037568858664907084
-71.25,-6.7499999999999964,0.04485649475738259
-71.08333333333333,-6.7499999999999964,0.052614048885329556
-70.91666666666667,-6.7499999999999964,0.04984404858598095
-70.75,-6.7499999999999964,0.048438802970720514
-70.58333333333333,-6.7499999999999964,0.04896347019576894
-70.41666666666667,-6.7499999999999964,0.16396137522558007
-70.25,-6.7499999999999964,0.16779007139572613
-70.08333333333333,-6.7499999999999964,0.16689265189623212
-69.91666666666667,-6.7499999999999964,0.15861035301414342
-69.75,-6.7499999999999964,0.18889093876460003
-69.58333333333333,-6.7499999999999964,0.2043685171416478
-69.41666666666667,-6.7499999999999964,0.18415305328716405
-69.25,-6.7499999999999964,0.19814201777856957
-69.08333333333333,-6.7499999999999964,0.2055928570669889
-68.91666666666667,-6.7499999999999964,0.21231695191023633
-68.75,-6.7499999999999964,0.21600747271496906
-68.58333333333333,-6.7499999999999964,0.2187859047219871
-68.41666666666667,-6.7499999999999964,0.26130115520292013
-68.25,-6.7499999999999964,0.26627936148194425
-68.08333333333333,-6.7499999999999964,0.2614207414329731
-67.91666666666667,-6.7499999999999964,0.20221876928985408
-67.75,-6.7499999999999964,0.23335037258436878
-67.58333333333333,-6.7499999999999964,0.22708921906725804
-67.41666666666667,-6.7499999999999964,0.23287445435839335
-67.25,-6.7499999999999964,0.22036291582004489
-67.08333333333333,-6.7499999999999964,0.21298924290228022
-66.91666666666667,-6.7499999999999964,0.20404383490797143
-66.75,-6.7499999999999964,0.19877967970335184
-66.58333333333333,-6.7499999999999964,0.1967161873846102
-66.41666666666667,-6.7499999999999964,0.1869807240475546
-66.25,-6.7499999999999964,0.17199425537433585
-66.08333333333333,-6.7499999999999964,0.16469202445263528
-65.91666666666667,-6.7499999999999964,0.1938810902691767
-65.75,-6.7499999999999964,0.14078828850575265
-65.58333333333333,-6.7499999999999964,0.1346791504417235
-65.41666666666667,-6.7499999999999964,0.12922988270119556
-65.25,-6.7499999999999964,0.1267545272276187
-65.08333333333333,-6.7499999999999964,0.12263007642104991
-64.91666666666667,-6.7499999999999964,0.11431573736990082
-64.75,-6.7499999999999964,0.130254222247537
-64.58333333333333,-6.7499999999999964,0.12429387087312962
-64.41666666666667,-6.7499999999999964,0.16503607286985594
-64.25,-6.7499999999999964,0.16124775782871534
-64.08333333333333,-6.7499999999999964,0.2435375026746994
-63.91666666666667,-6.7499999999999964,0.206340995208403
-63.75,-6.7499999999999964,0.21303401446035247
-63.583333333333336,-6.7499999999999964,0.21659534769863414
-63.41666666666667,-6.7499999999999964,0.21598843931551934
-63.25,-6.7499999999999964,0.2275450277489161
-63.083333333333336,-6.7499999999999964,0.23452267566756005
-62.91666666666667,-6.7499999999999964,0.23959614397756143
-62.75,-6.7499999999999964,0.22864945381724713
-62.583333333333336,-6.7499999999999964,0.2298405967349288
-62.41666666666667,-6.7499999999999964,0.25678344174234885
-62.25,-6.7499999999999964,0.18486076857199102
-62.083333333333336,-6.7499999999999964,0.10505237170010345
-61.91666666666667,-6.7499999999999964,0.09534499252089657
-61.75,-6.7499999999999964,0.08565567858082189
-61.583333333333336,-6.7499999999999964,0.08422552886810045
-61.41666666666667,-6.7499999999999964,0.08058674162515392
-61.25,-6.7499999999999964,0.07878110767373005
-61.083333333333336,-6.7499999999999964,0.07335624810518504
-60.91666666666667,-6.7499999999999964,0.06718138555661755
-60.75,-6.7499999999999964,0.05472602993593565
-60.583333333333336,-6.7499999999999964,0.05863566819130702
-60.41666666666667,-6.7499999999999964,0.08745825683565894
-60.25,-6.7499999999999964,0.07530513104365079
-60.083333333333336,-6.7499999999999964,0.08984728938244028
-59.91666666666667,-6.7499999999999964,0.07809090840446925
-59.75,-6.7499999999999964,0.05083893149234002
-59.583333333333336,-6.7499999999999964,0.07610444714285937
-59.41666666666667,-6.7499999999999964,0.06591158311756112
-59.25,-6.7499999999999964,0.05857112017642054
-59.083333333333336,-6.7499999999999964,0.067958687367168
-58.91666666666667,-6.7499999999999964,0.07713477095423302
-58.75,-6.7499999999999964,0.06925997683310635
-58.583333333333336,-6.7499999999999964,0.052519470878524016
-58.41666666666667,-6.7499999999999964,0.1136435034193078
-58.25,-6.7499999999999964,0.08669841058864534
-58.083333333333336,-6.7499999999999964,0.06309521306036481
-57.91666666666667,-6.7499999999999964,0.07915326132195093
-57.75,-6.7499999999999964,0.06929459242983707
-57.583333333333336,-6.7499999999999964,0.08085246422988937
-57.41666666666667,-6.7499999999999964,0.09147970225603025
-57.25,-6.7499999999999964,0.11127416680410512
-57.083333333333336,-6.7499999999999964,0.06631491805165342
-56.91666666666667,-6.7499999999999964,0.054574176859704476
-56.75,-6.7499999999999964,0.07978162016595301
-56.583333333333336,-6.7499999999999964,0.05120051107535854
-56.41666666666667,-6.7499999999999964,0.052608896306490294
-56.25,-6.7499999999999964,0.06349740227372505
-56.083333333333336,-6.7499999999999964,0.08444497082113323
-55.91666666666667,-6.7499999999999964,0.08454206281609987
-55.75,-6.7499999999999964,0.06537599813189147
-55.583333333333336,-6.7499999999999964,0.07582580088154166
-55.41666666666667,-6.7499999999999964,0.09571612252322524
-55.25,-6.7499999999999964,0.059501246927986876
-55.083333333333336,-6.7499999999999964,0.056736002652656235
-54.91666666666667,-6.7499999999999964,0.06417123405576432
-54.75,-6.7499999999999964,0.07269772071019209
-54.583333333333336,-6.7499999999999964,0.057025078461093434
-54.41666666666667,-6.7499999999999964,0.04742784548855951
-54.25,-6.7499999999999964,0.04628195446848866
-54.083333333333336,-6.7499999999999964,0.04373622238963452
-53.91666666666667,-6.7499999999999964,0.0522002742777728
-53.75,-6.7499999999999964,0.047544329179295
-53.583333333333336,-6.7499999999999964,0.0291719848371343
-53.41666666666667,-6.7499999999999964,0.017576165396945908
-53.25,-6.7499999999999964,0.023995716599611444
-53.083333333333336,-6.7499999999999964,0.026920296309844348
-52.91666666666667,-6.7499999999999964,0.03702165817234867
-52.75,-6.7499999999999964,0.028553646334950937
-52.583333333333336,-6.7499999999999964,0.012968019218973163
-52.41666666666667,-6.7499999999999964,0.014975371173675197
-52.25,-6.7499999999999964,0.024295009867430408
-52.083333333333336,-6.7499999999999964,0.014148973922773337
-51.91666666666667,-6.7499999999999964,0.024243564571424285
-51.75,-6.7499999999999964,0.022971110100130455
-51.583333333333336,-6.7499999999999964,0.021841271187135015
-51.41666666666667,-6.7499999999999964,0.032244484508530076
-51.25,-6.7499999999999964,0.031099523227536608
-51.083333333333336,-6.7499999999999964,0.03420165271760535
-50.91666666666667,-6.7499999999999964,0.04047379666317981
-50.75,-6.7499999999999964,0.025295710373577925
-50.583333333333336,-6.7499999999999964,0.038091919773596786
-50.41666666666667,-6.7499999999999964,0.035452981463630906
-50.25,-6.7499999999999964,0.04000713023290509
-50.083333333333336,-6.7499999999999964,0.04767261440035597
-49.91666666666667,-6.7499999999999964,0.05312557943792051
-49.75,-6.7499999999999964,0.06116110892399421
-49.583333333333336,-6.7499999999999964,0.07916011606131775
-49.41666666666667,-6.7499999999999964,0.055268881998476516
-49.25,-6.7499999999999964,0.06701415132151643
-49.083333333333336,-6.7499999999999964,0.07604274960322693
-48.91666666666667,-6.7499999999999964,0.06106914462932122
-48.75,-6.7499999999999964,0.07749993823737324
-48.583333333333336,-6.7499999999999964,0.07308392693766111
-48.41666666666667,-6.7499999999999964,0.05046892225932878
-48.25,-6.7499999999999964,0.04789685673846312
-73.58333333333333,-6.916666666666664,0.0363453632226157
-73.41666666666667,-6.916666666666664,0.039153825864248565
-73.25,-6.916666666666664,0.05057037616018614
-73.08333333333333,-6.916666666666664,0.03729340193724873
-72.91666666666667,-6.916666666666664,0.04793108892391322
-72.75,-6.916666666666664,0.05679021776360745
-72.58333333333333,-6.916666666666664,0.04577539976604316
-72.41666666666667,-6.916666666666664,0.03961595742467569
-72.25,-6.916666666666664,0.04360059718020499
-72.08333333333333,-6.916666666666664,0.03982168160661394
-71.91666666666667,-6.916666666666664,0.03440452833123483
-71.75,-6.916666666666664,0.0357722137091728
-71.58333333333333,-6.916666666666664,0.03698044434544666
-71.41666666666667,-6.916666666666664,0.048520646624286436
-71.25,-6.916666666666664,0.05261565647788378
-71.08333333333333,-6.916666666666664,0.07030696384829759
-70.91666666666667,-6.916666666666664,0.053604659688495204
-70.75,-6.916666666666664,0.0499992864185786
-70.58333333333333,-6.916666666666664,0.0629520842895477
-70.41666666666667,-6.916666666666664,0.04698056085484082
-70.25,-6.916666666666664,0.16681738073057487
-70.08333333333333,-6.916666666666664,0.16252426457485367
-69.91666666666667,-6.916666666666664,0.16382525005617277
-69.75,-6.916666666666664,0.2107915832122414
-69.58333333333333,-6.916666666666664,0.2094845541947859
-69.41666666666667,-6.916666666666664,0.21970440157498614
-69.25,-6.916666666666664,0.18385519002626063
-69.08333333333333,-6.916666666666664,0.1981503055266648
-68.91666666666667,-6.916666666666664,0.19482199517415563
-68.75,-6.916666666666664,0.20202297418481296
-68.58333333333333,-6.916666666666664,0.2024836171467734
-68.41666666666667,-6.916666666666664,0.20376981845577616
-68.25,-6.916666666666664,0.20261726896026003
-68.08333333333333,-6.916666666666664,0.20979987800715563
-67.91666666666667,-6.916666666666664,0.23194699229214724
-67.75,-6.916666666666664,0.21422484948261128
-67.58333333333333,-6.916666666666664,0.23417974368309671
-67.41666666666667,-6.916666666666664,0.23335745826187929
-67.25,-6.916666666666664,0.25258358866499536
-67.08333333333333,-6.916666666666664,0.200118891698495
-66.91666666666667,-6.916666666666664,0.19794284608398385
-66.75,-6.916666666666664,0.19400087939477698
-66.58333333333333,-6.916666666666664,0.19132674898491722
-66.41666666666667,-6.916666666666664,0.18683474120482418
-66.25,-6.916666666666664,0.17716626321736614
-66.08333333333333,-6.916666666666664,0.16463533831626456
-65.91666666666667,-6.916666666666664,0.15535664583723657
-65.75,-6.916666666666664,0.15354373668102292
-65.58333333333333,-6.916666666666664,0.1486097921073996
-65.41666666666667,-6.916666666666664,0.1428453666167042
-65.25,-6.916666666666664,0.13630166511246344
-65.08333333333333,-6.916666666666664,0.13343603939871215
-64.91666666666667,-6.916666666666664,0.12812395402282067
-64.75,-6.916666666666664,0.1323239704115181
-64.58333333333333,-6.916666666666664,0.16073153133540266
-64.41666666666667,-6.916666666666664,0.1601182147118441
-64.25,-6.916666666666664,0.15996363687270718
-64.08333333333333,-6.916666666666664,0.16489374332845635
-63.91666666666667,-6.916666666666664,0.21239330512314
-63.75,-6.916666666666664,0.22614776028203804
-63.583333333333336,-6.916666666666664,0.2273132983431528
-63.41666666666667,-6.916666666666664,0.23443385074606538
-63.25,-6.916666666666664,0.24388747997209934
-63.083333333333336,-6.916666666666664,0.2519211474018595
-62.91666666666667,-6.916666666666664,0.24423599402342452
-62.75,-6.916666666666664,0.24688990675924327
-62.583333333333336,-6.916666666666664,0.264237160158681
-62.41666666666667,-6.916666666666664,0.25824183116195665
-62.25,-6.916666666666664,0.2580552620120442
-62.083333333333336,-6.916666666666664,0.17611673035376585
-61.91666666666667,-6.916666666666664,0.09979956208885209
-61.75,-6.916666666666664,0.09050158014691737
-61.583333333333336,-6.916666666666664,0.0840693594484854
-61.41666666666667,-6.916666666666664,0.07512416790388923
-61.25,-6.916666666666664,0.0514295223325443
-61.083333333333336,-6.916666666666664,0.05042224980209718
-60.91666666666667,-6.916666666666664,0.05946517822902015
-60.75,-6.916666666666664,0.044470741097807596
-60.583333333333336,-6.916666666666664,0.07299525727260657
-60.41666666666667,-6.916666666666664,0.07068503791893556
-60.25,-6.916666666666664,0.06761504806677579
-60.083333333333336,-6.916666666666664,0.0772801961275134
-59.91666666666667,-6.916666666666664,0.059254118998788664
-59.75,-6.916666666666664,0.05515579199559391
-59.583333333333336,-6.916666666666664,0.05771676903697121
-59.41666666666667,-6.916666666666664,0.053169629158660255
-59.25,-6.916666666666664,0.05772674242260284
-59.083333333333336,-6.916666666666664,0.06591629255294318
-58.91666666666667,-6.916666666666664,0.07344073350958645
-58.75,-6.916666666666664,0.06965248571516845
-58.583333333333336,-6.916666666666664,0.0695538733632425
-58.41666666666667,-6.916666666666664,0.09452806453062161
-58.25,-6.916666666666664,0.07483952860235708
-58.083333333333336,-6.916666666666664,0.05409572914768033
-57.91666666666667,-6.916666666666664,0.04877697781115574
-57.75,-6.916666666666664,0.05291748084835779
-57.583333333333336,-6.916666666666664,0.07706510939110997
-57.41666666666667,-6.916666666666664,0.06795540501151158
-57.25,-6.916666666666664,0.0987817504300997
-57.083333333333336,-6.916666666666664,0.06528159395037167
-56.91666666666667,-6.916666666666664,0.05563746773484433
-56.75,-6.916666666666664,0.06515135025776474
-56.583333333333336,-6.916666666666664,0.046613975846158257
-56.41666666666667,-6.916666666666664,0.04797337372453841
-56.25,-6.916666666666664,0.0480010843965542
-56.083333333333336,-6.916666666666664,0.06873145595569685
-55.91666666666667,-6.916666666666664,0.05673919366193417
-55.75,-6.916666666666664,0.06296772938269997
-55.583333333333336,-6.916666666666664,0.07279407872292674
-55.41666666666667,-6.916666666666664,0.08758698074750995
-55.25,-6.916666666666664,0.0720119334399466
-55.083333333333336,-6.916666666666664,0.06667454593584488
-54.91666666666667,-6.916666666666664,0.05549350947739685
-54.75,-6.916666666666664,0.06823703252527519
-54.583333333333336,-6.916666666666664,0.05615685010191757
-54.41666666666667,-6.916666666666664,0.03500203168068355
-54.25,-6.916666666666664,0.0464211764563683
-54.083333333333336,-6.916666666666664,0.041756764161318155
-53.91666666666667,-6.916666666666664,0.034361347345626736
-53.75,-6.916666666666664,0.0475191526557178
-53.583333333333336,-6.916666666666664,0.03875907204888568
-53.41666666666667,-6.916666666666664,0.02946338354660499
-53.25,-6.916666666666664,0.01955885885967419
-53.083333333333336,-6.916666666666664,0.023416780219621926
-52.91666666666667,-6.916666666666664,0.026074313791919008
-52.75,-6.916666666666664,0.017047620530229797
-52.583333333333336,-6.916666666666664,0.021379471334333974
-52.41666666666667,-6.916666666666664,0.03313587141954631
-52.25,-6.916666666666664,0.032727794246126096
-52.083333333333336,-6.916666666666664,0.031403391846535345
-51.91666666666667,-6.916666666666664,0.017340347902939507
-51.75,-6.916666666666664,0.01895334761181644
-51.583333333333336,-6.916666666666664,0.021909502085006267
-51.41666666666667,-6.916666666666664,0.032402278581590636
-51.25,-6.916666666666664,0.0348293025680088
-51.083333333333336,-6.916666666666664,0.03760587215874659
-50.91666666666667,-6.916666666666664,0.016763919081104667
-50.75,-6.916666666666664,0.007304905910658283
-50.583333333333336,-6.916666666666664,0.029377817269241432
-50.41666666666667,-6.916666666666664,0.03867179667286117
-50.25,-6.916666666666664,0.0392269346088791
-50.083333333333336,-6.916666666666664,0.04473383628284334
-49.91666666666667,-6.916666666666664,0.0459076901984933
-49.75,-6.916666666666664,0.07042761370141534
-49.583333333333336,-6.916666666666664,0.07139432761142162
-49.41666666666667,-6.916666666666664,0.06641389360079639
-49.25,-6.916666666666664,0.07278934190688242
-49.083333333333336,-6.916666666666664,0.06459389542990597
-48.91666666666667,-6.916666666666664,0.0820359521064925
-48.75,-6.916666666666664,0.08474733010766672
-48.583333333333336,-6.916666666666664,0.08514657812478346
-48.41666666666667,-6.916666666666664,0.05875932435166074
-73.58333333333333,-7.08333333333333,0.03922916687937623
-73.41666666666667,-7.08333333333333,0.03700520320121329
-73.25,-7.08333333333333,0.036016929500843564
-73.08333333333333,-7.08333333333333,0.04737024695033453
-72.91666666666667,-7.08333333333333,0.055977891446189365
-72.75,-7.08333333333333,0.06107156167171274
-72.58333333333333,-7.08333333333333,0.06016634155247215
-72.41666666666667,-7.08333333333333,0.05294490646543813
-72.25,-7.08333333333333,0.046671808377267546
-72.08333333333333,-7.08333333333333,0.044491990193544446
-71.91666666666667,-7.08333333333333,0.04429883029853468
-71.75,-7.08333333333333,0.04265631200933438
-71.58333333333333,-7.08333333333333,0.045130460143834226
-71.41666666666667,-7.08333333333333,0.06641075337917908
-71.25,-7.08333333333333,0.07501960468071853
-71.08333333333333,-7.08333333333333,0.0763162043267857
-70.91666666666667,-7.08333333333333,0.056872135218786285
-70.75,-7.08333333333333,0.08174003454354896
-70.58333333333333,-7.08333333333333,0.06886166818918507
-70.41666666666667,-7.08333333333333,0.0471267462115726
-70.25,-7.08333333333333,0.05114863181978146
-70.08333333333333,-7.08333333333333,0.17918480592724476
-69.91666666666667,-7.08333333333333,0.18510980373319832
-69.75,-7.08333333333333,0.23097007105557515
-69.58333333333333,-7.08333333333333,0.2227032952175695
-69.41666666666667,-7.08333333333333,0.17785561772676484
-69.25,-7.08333333333333,0.21453935833351237
-69.08333333333333,-7.08333333333333,0.21829238295741651
-68.91666666666667,-7.08333333333333,0.23359712552464687
-68.75,-7.08333333333333,0.2136999033040642
-68.58333333333333,-7.08333333333333,0.2084208668655066
-68.41666666666667,-7.08333333333333,0.23071942446977878
-68.25,-7.08333333333333,0.210217659674034
-68.08333333333333,-7.08333333333333,0.21140674661708014
-67.91666666666667,-7.08333333333333,0.20698169366799385
-67.75,-7.08333333333333,0.21132247812213176
-67.58333333333333,-7.08333333333333,0.20586299105427194
-67.41666666666667,-7.08333333333333,0.23088158577477924
-67.25,-7.08333333333333,0.20969608167653062
-67.08333333333333,-7.08333333333333,0.21002420486155177
-66.91666666666667,-7.08333333333333,0.19530803645585737
-66.75,-7.08333333333333,0.19058867759115078
-66.58333333333333,-7.08333333333333,0.19703437590792514
-66.41666666666667,-7.08333333333333,0.1969812619080997
-66.25,-7.08333333333333,0.1961191806132098
-66.08333333333333,-7.08333333333333,0.18180813397799664
-65.91666666666667,-7.08333333333333,0.1727401684014094
-65.75,-7.08333333333333,0.15943583509205883
-65.58333333333333,-7.08333333333333,0.15657734286455027
-65.41666666666667,-7.08333333333333,0.14830824476791796
-65.25,-7.08333333333333,0.1415448941941499
-65.08333333333333,-7.08333333333333,0.1405235996958922
-64.91666666666667,-7.08333333333333,0.13907198225215123
-64.75,-7.08333333333333,0.11879517085231593
-64.58333333333333,-7.08333333333333,0.1643740291878238
-64.41666666666667,-7.08333333333333,0.16119835461248025
-64.25,-7.08333333333333,0.1342771511426685
-64.08333333333333,-7.08333333333333,0.1767381751736819
-63.91666666666667,-7.08333333333333,0.21729751659982285
-63.75,-7.08333333333333,0.2312386471006132
-63.583333333333336,-7.08333333333333,0.23056111411213712
-63.41666666666667,-7.08333333333333,0.2583192855700288
-63.25,-7.08333333333333,0.26521492906550936
-63.083333333333336,-7.08333333333333,0.26215692171122706
-62.91666666666667,-7.08333333333333,0.2620173944920017
-62.75,-7.08333333333333,0.29252643929010386
-62.583333333333336,-7.08333333333333,0.27961687699152055
-62.41666666666667,-7.08333333333333,0.27320542075262894
-62.25,-7.08333333333333,0.26430124458973964
-62.083333333333336,-7.08333333333333,0.2557376575844143
-61.91666666666667,-7.08333333333333,0.18308369182731993
-61.75,-7.08333333333333,0.17699823286065977
-61.583333333333336,-7.08333333333333,0.16900804639641154
-61.41666666666667,-7.08333333333333,0.06825606641283949
-61.25,-7.08333333333333,0.05061736251744368
-61.083333333333336,-7.08333333333333,0.04765222938291486
-60.91666666666667,-7.08333333333333,0.05736453104975516
-60.75,-7.08333333333333,0.0554160369209954
-60.583333333333336,-7.08333333333333,0.057614809293318026
-60.41666666666667,-7.08333333333333,0.06226035503176072
-60.25,-7.08333333333333,0.07098355299032558
-60.083333333333336,-7.08333333333333,0.06848608588844966
-59.91666666666667,-7.08333333333333,0.07882623338565065
-59.75,-7.08333333333333,0.06811022803024996
-59.583333333333336,-7.08333333333333,0.07176175558492279
-59.41666666666667,-7.08333333333333,0.04083494483048693
-59.25,-7.08333333333333,0.046017994038331095
-59.083333333333336,-7.08333333333333,0.057647288443653424
-58.91666666666667,-7.08333333333333,0.06627561778437666
-58.75,-7.08333333333333,0.10800860568773434
-58.583333333333336,-7.08333333333333,0.08208501387981726
-58.41666666666667,-7.08333333333333,0.06650264182557274
-58.25,-7.08333333333333,0.08605360461099372
-58.083333333333336,-7.08333333333333,0.08614744365682474
-57.91666666666667,-7.08333333333333,0.06921957242928296
-57.75,-7.08333333333333,0.0529910823593289
-57.583333333333336,-7.08333333333333,0.049425883763848266
-57.41666666666667,-7.08333333333333,0.07034478669179253
-57.25,-7.08333333333333,0.08317063692506076
-57.083333333333336,-7.08333333333333,0.0620740442880814
-56.91666666666667,-7.08333333333333,0.06254937719722328
-56.75,-7.08333333333333,0.059321098040456335
-56.583333333333336,-7.08333333333333,0.037204308818431314
-56.41666666666667,-7.08333333333333,0.0441997867299066
-56.25,-7.08333333333333,0.05326053747573547
-56.083333333333336,-7.08333333333333,0.0561325164330182
-55.91666666666667,-7.08333333333333,0.054482192056192
-55.75,-7.08333333333333,0.06298889951009105
-55.583333333333336,-7.08333333333333,0.06672639358172004
-55.41666666666667,-7.08333333333333,0.09214427478370882
-55.25,-7.08333333333333,0.06199631689291189
-55.083333333333336,-7.08333333333333,0.06741823370327547
-54.91666666666667,-7.08333333333333,0.06706246000964668
-54.75,-7.08333333333333,0.056224583382694364
-54.583333333333336,-7.08333333333333,0.06043428389754451
-54.41666666666667,-7.08333333333333,0.03842022675962269
-54.25,-7.08333333333333,0.041772018823628604
-54.083333333333336,-7.08333333333333,0.03942237204242888
-53.91666666666667,-7.08333333333333,0.03621594770952653
-53.75,-7.08333333333333,0.04237650680305099
-53.583333333333336,-7.08333333333333,0.03504947747512817
-53.41666666666667,-7.08333333333333,0.023119454177117808
-53.25,-7.08333333333333,0.02210419156012757
-53.083333333333336,-7.08333333333333,0.02673794127917469
-52.91666666666667,-7.08333333333333,0.028628978768313173
-52.75,-7.08333333333333,0.022507966198953247
-52.583333333333336,-7.08333333333333,0.024738200492097816
-52.41666666666667,-7.08333333333333,0.029882420539095674
-52.25,-7.08333333333333,0.03478161917153365
-52.083333333333336,-7.08333333333333,0.02198225167947752
-51.91666666666667,-7.08333333333333,0.021029255506017985
-51.75,-7.08333333333333,0.02525202999861108
-51.583333333333336,-7.08333333333333,0.021201355823542396
-51.41666666666667,-7.08333333333333,0.03344626479317059
-51.25,-7.08333333333333,0.022742484304520593
-51.083333333333336,-7.08333333333333,0.02032154256056382
-50.91666666666667,-7.08333333333333,0.01596047469233359
-50.75,-7.08333333333333,0.012198717330045189
-50.583333333333336,-7.08333333333333,0.016397884325509118
-50.41666666666667,-7.08333333333333,0.029250692621625614
-50.25,-7.08333333333333,0.04447221876095858
-50.083333333333336,-7.08333333333333,0.04841054908370016
-49.91666666666667,-7.08333333333333,0.056535073938796095
-49.75,-7.08333333333333,0.07195433955155642
-49.583333333333336,-7.08333333333333,0.07450720533270003
-49.41666666666667,-7.08333333333333,0.06813523094918522
-49.25,-7.08333333333333,0.07822067714919505
-49.083333333333336,-7.08333333333333,0.08770523942651004
-48.91666666666667,-7.08333333333333,0.07454919022679779
-48.75,-7.08333333333333,0.08171155838505421
-48.583333333333336,-7.08333333333333,0.07648659664308206
-48.41666666666667,-7.08333333333333,0.04160926066070322
-73.58333333333333,-7.2499999999999964,0.040127918284454604
-73.41666666666667,-7.2499999999999964,0.03923956968255433
-73.25,-7.2499999999999964,0.04885609625171055
-73.08333333333333,-7.2499999999999964,0.05500961995040248
-72.91666666666667,-7.2499999999999964,0.06692060870447501
-72.75,-7.2499999999999964,0.05747113005571958
-72.58333333333333,-7.2499999999999964,0.0662497102999192
-72.41666666666667,-7.2499999999999964,0.06844365692435152
-72.25,-7.2499999999999964,0.06638967651577579
-72.08333333333333,-7.2499999999999964,0.059390554652384644
-71.91666666666667,-7.2499999999999964,0.04688489640636945
-71.75,-7.2499999999999964,0.04813688092281354
-71.58333333333333,-7.2499999999999964,0.07006160991948746
-71.41666666666667,-7.2499999999999964,0.07627809430823705
-71.25,-7.2499999999999964,0.08467924969299548
-71.08333333333333,-7.2499999999999964,0.06218875120390397
-70.91666666666667,-7.2499999999999964,0.0727178601061409
-70.75,-7.2499999999999964,0.08069828065374109
-70.58333333333333,-7.2499999999999964,0.05849561260843986
-70.41666666666667,-7.2499999999999964,0.05045555124724414
-70.25,-7.2499999999999964,0.05991989758932082
-70.08333333333333,-7.2499999999999964,0.05549458398780487
-69.91666666666667,-7.2499999999999964,0.1969171465616911
-69.75,-7.2499999999999964,0.23516506396862044
-69.58333333333333,-7.2499999999999964,0.243097158677431
-69.41666666666667,-7.2499999999999964,0.23025680055572595
-69.25,-7.2499999999999964,0.2271303240269875
-69.08333333333333,-7.2499999999999964,0.20338158766780629
-68.91666666666667,-7.2499999999999964,0.2491026151212639
-68.75,-7.2499999999999964,0.21991966184475187
-68.58333333333333,-7.2499999999999964,0.2223773794005431
-68.41666666666667,-7.2499999999999964,0.2581667715790848
-68.25,-7.2499999999999964,0.26706600635338096
-68.08333333333333,-7.2499999999999964,0.2585343802333295
-67.91666666666667,-7.2499999999999964,0.2275769197420716
-67.75,-7.2499999999999964,0.22214507040084436
-67.58333333333333,-7.2499999999999964,0.2126492207196634
-67.41666666666667,-7.2499999999999964,0.21507116638625304
-67.25,-7.2499999999999964,0.197519209286974
-67.08333333333333,-7.2499999999999964,0.19838089645051712
-66.91666666666667,-7.2499999999999964,0.21129229564537577
-66.75,-7.2499999999999964,0.19583850997980157
-66.58333333333333,-7.2499999999999964,0.20320404997690858
-66.41666666666667,-7.2499999999999964,0.20530385870876977
-66.25,-7.2499999999999964,0.1904840294337455
-66.08333333333333,-7.2499999999999964,0.19670065181632607
-65.91666666666667,-7.2499999999999964,0.18545048237971423
-65.75,-7.2499999999999964,0.17160136148969835
-65.58333333333333,-7.2499999999999964,0.17430067569340746
-65.41666666666667,-7.2499999999999964,0.16328695277462715
-65.25,-7.2499999999999964,0.15313638944618793
-65.08333333333333,-7.2499999999999964,0.14882470274853726
-64.91666666666667,-7.2499999999999964,0.129031983666476
-64.75,-7.2499999999999964,0.1576516935451203
-64.58333333333333,-7.2499999999999964,0.1651020861318205
-64.41666666666667,-7.2499999999999964,0.12304512798513824
-64.25,-7.2499999999999964,0.13498144469045484
-64.08333333333333,-7.2499999999999964,0.17390527271594072
-63.91666666666667,-7.2499999999999964,0.14543348901738956
-63.75,-7.2499999999999964,0.2352364926781833
-63.583333333333336,-7.2499999999999964,0.23300467617340453
-63.41666666666667,-7.2499999999999964,0.2680141204057053
-63.25,-7.2499999999999964,0.27631259487046633
-63.083333333333336,-7.2499999999999964,0.2741832035167252
-62.91666666666667,-7.2499999999999964,0.2595112901071345
-62.75,-7.2499999999999964,0.2964097725549166
-62.583333333333336,-7.2499999999999964,0.28282541484841495
-62.41666666666667,-7.2499999999999964,0.23513051673053934
-62.25,-7.2499999999999964,0.22809335184572313
-62.083333333333336,-7.2499999999999964,0.26761072802916414
-61.91666666666667,-7.2499999999999964,0.26882570334597977
-61.75,-7.2499999999999964,0.17713302470006773
-61.583333333333336,-7.2499999999999964,0.16638172428089942
-61.41666666666667,-7.2499999999999964,0.1435237257105115
-61.25,-7.2499999999999964,0.11798628687738415
-61.083333333333336,-7.2499999999999964,0.06250697683685011
-60.91666666666667,-7.2499999999999964,0.04960932661375066
-60.75,-7.2499999999999964,0.04266629636099889
-60.583333333333336,-7.2499999999999964,0.05652722102511821
-60.41666666666667,-7.2499999999999964,0.05545748261412319
-60.25,-7.2499999999999964,0.053962550526339935
-60.083333333333336,-7.2499999999999964,0.09230180382988275
-59.91666666666667,-7.2499999999999964,0.05522599873939907
-59.75,-7.2499999999999964,0.050270182565532576
-59.583333333333336,-7.2499999999999964,0.04493094752113326
-59.41666666666667,-7.2499999999999964,0.04217259415905285
-59.25,-7.2499999999999964,0.0648106470003321
-59.083333333333336,-7.2499999999999964,0.08353774207795113
-58.91666666666667,-7.2499999999999964,0.09749407777362847
-58.75,-7.2499999999999964,0.10779223855545438
-58.583333333333336,-7.2499999999999964,0.07505042656679935
-58.41666666666667,-7.2499999999999964,0.07027967520461317
-58.25,-7.2499999999999964,0.06811908682944594
-58.083333333333336,-7.2499999999999964,0.08023342326862055
-57.91666666666667,-7.2499999999999964,0.0748752967060298
-57.75,-7.2499999999999964,0.054756430939993654
-57.583333333333336,-7.2499999999999964,0.04331089048777383
-57.41666666666667,-7.2499999999999964,0.044543185720584126
-57.25,-7.2499999999999964,0.06350348238515013
-57.083333333333336,-7.2499999999999964,0.06396159030019653
-56.91666666666667,-7.2499999999999964,0.05627628609654866
-56.75,-7.2499999999999964,0.05080470594118054
-56.583333333333336,-7.2499999999999964,0.038376120026285966
-56.41666666666667,-7.2499999999999964,0.04787520150049454
-56.25,-7.2499999999999964,0.054998875113338536
-56.083333333333336,-7.2499999999999964,0.056439981184937524
-55.91666666666667,-7.2499999999999964,0.052503415602918865
-55.75,-7.2499999999999964,0.06883021568939567
-55.583333333333336,-7.2499999999999964,0.054404159274173906
-55.41666666666667,-7.2499999999999964,0.08362297776277557
-55.25,-7.2499999999999964,0.06249122599337591
-55.083333333333336,-7.2499999999999964,0.05374381160370119
-54.91666666666667,-7.2499999999999964,0.05893741203336929
-54.75,-7.2499999999999964,0.052084830383766566
-54.583333333333336,-7.2499999999999964,0.053946479407567416
-54.41666666666667,-7.2499999999999964,0.04826180648692589
-54.25,-7.2499999999999964,0.034038274491119076
-54.083333333333336,-7.2499999999999964,0.03937366228975316
-53.91666666666667,-7.2499999999999964,0.03599667702657107
-53.75,-7.2499999999999964,0.03135510682187606
-53.583333333333336,-7.2499999999999964,0.04144433207808958
-53.41666666666667,-7.2499999999999964,0.024990137003971184
-53.25,-7.2499999999999964,0.012920252554247096
-53.083333333333336,-7.2499999999999964,0.022006764000607058
-52.91666666666667,-7.2499999999999964,0.019441273582982282
-52.75,-7.2499999999999964,0.01792167756683746
-52.583333333333336,-7.2499999999999964,0.03157293510637289
-52.41666666666667,-7.2499999999999964,0.03242172567583908
-52.25,-7.2499999999999964,0.030215621691251675
-52.083333333333336,-7.2499999999999964,0.026027549174146954
-51.91666666666667,-7.2499999999999964,0.023298577955759812
-51.75,-7.2499999999999964,0.023986971264809653
-51.583333333333336,-7.2499999999999964,0.030779225158188397
-51.41666666666667,-7.2499999999999964,0.029621765722646843
-51.25,-7.2499999999999964,0.025538597474562053
-51.083333333333336,-7.2499999999999964,0.026116607795868208
-50.91666666666667,-7.2499999999999964,0.0321726326722073
-50.75,-7.2499999999999964,0.027695050143909244
-50.583333333333336,-7.2499999999999964,0.021090075676292702
-50.41666666666667,-7.2499999999999964,0.019594831963836115
-50.25,-7.2499999999999964,0.04684473684660209
-50.083333333333336,-7.2499999999999964,0.05393486750321312
-49.91666666666667,-7.2499999999999964,0.056596041241721066
-49.75,-7.2499999999999964,0.07974783078068202
-49.583333333333336,-7.2499999999999964,0.06978531228376247
-49.41666666666667,-7.2499999999999964,0.06677705100348857
-49.25,-7.2499999999999964,0.07743002780808372
-49.083333333333336,-7.2499999999999964,0.09321521148207196
-48.91666666666667,-7.2499999999999964,0.07215082598679477
-48.75,-7.2499999999999964,0.07901431297603854
-48.583333333333336,-7.2499999999999964,0.06406285835840098
-48.41666666666667,-7.2499999999999964,0.03450209092805066
-73.58333333333333,-7.416666666666664,0.04468246661906565
-73.41666666666667,-7.416666666666664,0.0459655535961719
-73.25,-7.416666666666664,0.05218580051133718
-73.08333333333333,-7.416666666666664,0.0637825313424026
-72.91666666666667,-7.416666666666664,0.06996913331366664
-72.75,-7.416666666666664,0.060552794029410155
-72.58333333333333,-7.416666666666664,0.07215624887508236
-72.41666666666667,-7.416666666666664,0.06994196998684443
-72.25,-7.416666666666664,0.08805111376239107
-72.08333333333333,-7.416666666666664,0.07858424358538167
-71.91666666666667,-7.416666666666664,0.07704898528601442
-71.75,-7.416666666666664,0.0733814737482619
-71.58333333333333,-7.416666666666664,0.08420538056690718
-71.41666666666667,-7.416666666666664,0.08551895261626727
-71.25,-7.416666666666664,0.06391459197409864
-71.08333333333333,-7.416666666666664,0.10038601455673532
-70.91666666666667,-7.416666666666664,0.09170990967075474
-70.75,-7.416666666666664,0.0595091421742152
-70.58333333333333,-7.416666666666664,0.06167523370531637
-70.41666666666667,-7.416666666666664,0.06734420266530808
-70.25,-7.416666666666664,0.06434741855644115
-70.08333333333333,-7.416666666666664,0.06185344667828689
-69.91666666666667,-7.416666666666664,0.07787494971355505
-69.75,-7.416666666666664,0.07611312514041886
-69.58333333333333,-7.416666666666664,0.07597283572344833
-69.41666666666667,-7.416666666666664,0.05838629758063835
-69.25,-7.416666666666664,0.06288319848750888
-69.08333333333333,-7.416666666666664,0.26452071216717693
-68.91666666666667,-7.416666666666664,0.2721309558791079
-68.75,-7.416666666666664,0.23024900969418363
-68.58333333333333,-7.416666666666664,0.24881694516915587
-68.41666666666667,-7.416666666666664,0.2380572829949176
-68.25,-7.416666666666664,0.23739120165870659
-68.08333333333333,-7.416666666666664,0.2463241517256933
-67.91666666666667,-7.416666666666664,0.2395663955129791
-67.75,-7.416666666666664,0.22710595011404158
-67.58333333333333,-7.416666666666664,0.2396111292269037
-67.41666666666667,-7.416666666666664,0.2348536223617078
-67.25,-7.416666666666664,0.2241140480210513
-67.08333333333333,-7.416666666666664,0.19219973159804624
-66.91666666666667,-7.416666666666664,0.19152534543944383
-66.75,-7.416666666666664,0.22042196053659638
-66.58333333333333,-7.416666666666664,0.22952494842279808
-66.41666666666667,-7.416666666666664,0.23964104949921383
-66.25,-7.416666666666664,0.23240215120521368
-66.08333333333333,-7.416666666666664,0.23606570180531092
-65.91666666666667,-7.416666666666664,0.20959794401767193
-65.75,-7.416666666666664,0.2036768240734945
-65.58333333333333,-7.416666666666664,0.19121233626286696
-65.41666666666667,-7.416666666666664,0.18032615057453977
-65.25,-7.416666666666664,0.16287110707028707
-65.08333333333333,-7.416666666666664,0.14574899980416636
-64.91666666666667,-7.416666666666664,0.1623134993361113
-64.75,-7.416666666666664,0.16378957238446948
-64.58333333333333,-7.416666666666664,0.16815089124798135
-64.41666666666667,-7.416666666666664,0.1306791788185619
-64.25,-7.416666666666664,0.13859155174875154
-64.08333333333333,-7.416666666666664,0.1798584595972204
-63.91666666666667,-7.416666666666664,0.15598421873962343
-63.75,-7.416666666666664,0.169813417089151
-63.583333333333336,-7.416666666666664,0.26383395590459957
-63.41666666666667,-7.416666666666664,0.2784054158833241
-63.25,-7.416666666666664,0.2810212098862269
-63.083333333333336,-7.416666666666664,0.2816632936079563
-62.91666666666667,-7.416666666666664,0.3036866993771236
-62.75,-7.416666666666664,0.29616900434163074
-62.583333333333336,-7.416666666666664,0.2774398330182183
-62.41666666666667,-7.416666666666664,0.2296323905295936
-62.25,-7.416666666666664,0.22703711278873592
-62.083333333333336,-7.416666666666664,0.26588009906855586
-61.91666666666667,-7.416666666666664,0.26759861787999045
-61.75,-7.416666666666664,0.17076414746314728
-61.583333333333336,-7.416666666666664,0.15720879646419356
-61.41666666666667,-7.416666666666664,0.10580372427470748
-61.25,-7.416666666666664,0.10953518989178654
-61.083333333333336,-7.416666666666664,0.12427822571788388
-60.91666666666667,-7.416666666666664,0.09802473904144213
-60.75,-7.416666666666664,0.046769166119174393
-60.583333333333336,-7.416666666666664,0.059097955444518575
-60.41666666666667,-7.416666666666664,0.05363634085190981
-60.25,-7.416666666666664,0.09056265368784418
-60.083333333333336,-7.416666666666664,0.07494692689633538
-59.91666666666667,-7.416666666666664,0.05311549363237712
-59.75,-7.416666666666664,0.05259897469282368
-59.583333333333336,-7.416666666666664,0.07038855737983578
-59.41666666666667,-7.416666666666664,0.06323633692292932
-59.25,-7.416666666666664,0.05653515644144811
-59.083333333333336,-7.416666666666664,0.07276417652963453
-58.91666666666667,-7.416666666666664,0.07374637685355284
-58.75,-7.416666666666664,0.09257077913859911
-58.583333333333336,-7.416666666666664,0.062433959629455575
-58.41666666666667,-7.416666666666664,0.06627496792217545
-58.25,-7.416666666666664,0.059321243216278595
-58.083333333333336,-7.416666666666664,0.06755624063733004
-57.91666666666667,-7.416666666666664,0.07478936553071375
-57.75,-7.416666666666664,0.0708465061773998
-57.583333333333336,-7.416666666666664,0.05313165569896598
-57.41666666666667,-7.416666666666664,0.03618048778248511
-57.25,-7.416666666666664,0.04765533915825964
-57.083333333333336,-7.416666666666664,0.05720905162647554
-56.91666666666667,-7.416666666666664,0.0441298507071031
-56.75,-7.416666666666664,0.04549762548173464
-56.583333333333336,-7.416666666666664,0.035397302111040335
-56.41666666666667,-7.416666666666664,0.04239709913521541
-56.25,-7.416666666666664,0.06152147884453348
-56.083333333333336,-7.416666666666664,0.05940319801761201
-55.91666666666667,-7.416666666666664,0.04739168270775784
-55.75,-7.416666666666664,0.0661224881811731
-55.583333333333336,-7.416666666666664,0.053879486841395104
-55.41666666666667,-7.416666666666664,0.06813861706040017
-55.25,-7.416666666666664,0.06857196299134259
-55.083333333333336,-7.416666666666664,0.04304625850783189
-54.91666666666667,-7.416666666666664,0.0548655756089395
-54.75,-7.416666666666664,0.051434052063588
-54.583333333333336,-7.416666666666664,0.06262579453032761
-54.41666666666667,-7.416666666666664,0.04971837370673056
-54.25,-7.416666666666664,0.04335379659048381
-54.083333333333336,-7.416666666666664,0.03368387967596734
-53.91666666666667,-7.416666666666664,0.032412795752243914
-53.75,-7.416666666666664,0.028683233124582406
-53.583333333333336,-7.416666666666664,0.03544096434401147
-53.41666666666667,-7.416666666666664,0.0320405689284194
-53.25,-7.416666666666664,0.022584631881930713
-53.083333333333336,-7.416666666666664,0.01587814830295314
-52.91666666666667,-7.416666666666664,0.017687709211304595
-52.75,-7.416666666666664,0.020706551611520865
-52.583333333333336,-7.416666666666664,0.02876256275355526
-52.41666666666667,-7.416666666666664,0.02698382266778683
-52.25,-7.416666666666664,0.016398405755072745
-52.083333333333336,-7.416666666666664,0.008746422782880528
-51.91666666666667,-7.416666666666664,0.021657778328186106
-51.75,-7.416666666666664,0.023508866315450013
-51.583333333333336,-7.416666666666664,0.0196805899051009
-51.41666666666667,-7.416666666666664,0.016484832346235753
-51.25,-7.416666666666664,0.02928587149225953
-51.083333333333336,-7.416666666666664,0.028518708995517512
-50.91666666666667,-7.416666666666664,0.029496816393835567
-50.75,-7.416666666666664,0.026462558439295448
-50.583333333333336,-7.416666666666664,0.016878425001162926
-50.41666666666667,-7.416666666666664,0.013523309828822775
-50.25,-7.416666666666664,0.05800886601484053
-50.083333333333336,-7.416666666666664,0.04882255246004659
-49.91666666666667,-7.416666666666664,0.04949809893124054
-49.75,-7.416666666666664,0.07300015350267083
-49.583333333333336,-7.416666666666664,0.0654826686370729
-49.41666666666667,-7.416666666666664,0.06274597132599469
-49.25,-7.416666666666664,0.086182572432295
-49.083333333333336,-7.416666666666664,0.07902637920929241
-48.91666666666667,-7.416666666666664,0.06108137256740477
-48.75,-7.416666666666664,0.07569241480432584
-48.583333333333336,-7.416666666666664,0.06334882889220925
-73.75,-7.58333333333333,0.026058946071776532
-73.58333333333333,-7.58333333333333,0.04310073181634918
-73.41666666666667,-7.58333333333333,0.04587238876345559
-73.25,-7.58333333333333,0.05145831046827159
-73.08333333333333,-7.58333333333333,0.05830653929318444
-72.91666666666667,-7.58333333333333,0.07923760528782489
-72.75,-7.58333333333333,0.08453498514312652
-72.58333333333333,-7.58333333333333,0.09222200660697359
-72.41666666666667,-7.58333333333333,0.10212472181914835
-72.25,-7.58333333333333,0.09113944583562299
-72.08333333333333,-7.58333333333333,0.06064292055259847
-71.91666666666667,-7.58333333333333,0.08814572547771958
-71.75,-7.58333333333333,0.0825524334274946
-71.58333333333333,-7.58333333333333,0.060915419019184784
-71.41666666666667,-7.58333333333333,0.06664897331543619
-71.25,-7.58333333333333,0.10180763888152297
-71.08333333333333,-7.58333333333333,0.09795464033483157
-70.91666666666667,-7.58333333333333,0.07203672120346775
-70.75,-7.58333333333333,0.0629848377650871
-70.58333333333333,-7.58333333333333,0.06442216160677397
-70.41666666666667,-7.58333333333333,0.06765785503815828
-70.25,-7.58333333333333,0.0651806192739383
-70.08333333333333,-7.58333333333333,0.07833976036208498
-69.91666666666667,-7.58333333333333,0.07198407008730347
-69.75,-7.58333333333333,0.05763125276367683
-69.58333333333333,-7.58333333333333,0.055846538754711406
-69.41666666666667,-7.58333333333333,0.05990324165008857
-69.25,-7.58333333333333,0.060314307888341814
-69.08333333333333,-7.58333333333333,0.07491592604538835
-68.91666666666667,-7.58333333333333,0.06809522460256587
-68.75,-7.58333333333333,0.23678445097176268
-68.58333333333333,-7.58333333333333,0.2742714885594791
-68.41666666666667,-7.58333333333333,0.2909418953622975
-68.25,-7.58333333333333,0.28412557279575246
-68.08333333333333,-7.58333333333333,0.28424785654372936
-67.91666666666667,-7.58333333333333,0.2753759350694672
-67.75,-7.58333333333333,0.2406976520921302
-67.58333333333333,-7.58333333333333,0.24530287600699652
-67.41666666666667,-7.58333333333333,0.24294563822817394
-67.25,-7.58333333333333,0.23149324865024437
-67.08333333333333,-7.58333333333333,0.2112916344268372
-66.91666666666667,-7.58333333333333,0.19758256920356193
-66.75,-7.58333333333333,0.20214304513856673
-66.58333333333333,-7.58333333333333,0.23877210831695825
-66.41666666666667,-7.58333333333333,0.25278571625675533
-66.25,-7.58333333333333,0.2578955937475474
-66.08333333333333,-7.58333333333333,0.2643541905400959
-65.91666666666667,-7.58333333333333,0.24305237693483597
-65.75,-7.58333333333333,0.22417611212139701
-65.58333333333333,-7.58333333333333,0.20121799628085288
-65.41666666666667,-7.58333333333333,0.18471977379611484
-65.25,-7.58333333333333,0.14593396761408425
-65.08333333333333,-7.58333333333333,0.14806483441523777
-64.91666666666667,-7.58333333333333,0.1690612202044952
-64.75,-7.58333333333333,0.16770705653258128
-64.58333333333333,-7.58333333333333,0.17024630107773986
-64.41666666666667,-7.58333333333333,0.1439933378094622
-64.25,-7.58333333333333,0.14599284922214337
-64.08333333333333,-7.58333333333333,0.18856193817481318
-63.91666666666667,-7.58333333333333,0.16826955155377307
-63.75,-7.58333333333333,0.17508191534670875
-63.583333333333336,-7.58333333333333,0.18001376399413108
-63.41666666666667,-7.58333333333333,0.2775364956907076
-63.25,-7.58333333333333,0.28360812362240795
-63.083333333333336,-7.58333333333333,0.2942509632514365
-62.91666666666667,-7.58333333333333,0.3111407625478726
-62.75,-7.58333333333333,0.29381255857084404
-62.583333333333336,-7.58333333333333,0.280187458687293
-62.41666666666667,-7.58333333333333,0.26419646227912236
-62.25,-7.58333333333333,0.263001989306585
-62.083333333333336,-7.58333333333333,0.265419870115491
-61.91666666666667,-7.58333333333333,0.264875614902083
-61.75,-7.58333333333333,0.1655359042135687
-61.583333333333336,-7.58333333333333,0.14662377749047653
-61.41666666666667,-7.58333333333333,0.1114169941185286
-61.25,-7.58333333333333,0.10567053470887104
-61.083333333333336,-7.58333333333333,0.2354565219225083
-60.91666666666667,-7.58333333333333,0.09348239881422475
-60.75,-7.58333333333333,0.20938751728719224
-60.583333333333336,-7.58333333333333,0.23631232528953486
-60.41666666666667,-7.58333333333333,0.19986338417404015
-60.25,-7.58333333333333,0.10928874954310559
-60.083333333333336,-7.58333333333333,0.10668943135251979
-59.91666666666667,-7.58333333333333,0.08174704650902385
-59.75,-7.58333333333333,0.05503202702723699
-59.583333333333336,-7.58333333333333,0.06535600697455471
-59.41666666666667,-7.58333333333333,0.05611048175447082
-59.25,-7.58333333333333,0.04467569432919191
-59.083333333333336,-7.58333333333333,0.0620077569240277
-58.91666666666667,-7.58333333333333,0.05981177265007972
-58.75,-7.58333333333333,0.07474608672002157
-58.583333333333336,-7.58333333333333,0.06821130364624506
-58.41666666666667,-7.58333333333333,0.06253646665742427
-58.25,-7.58333333333333,0.054687285369344175
-58.083333333333336,-7.58333333333333,0.046114305711103434
-57.91666666666667,-7.58333333333333,0.06399130504343886
-57.75,-7.58333333333333,0.06566683869768374
-57.583333333333336,-7.58333333333333,0.07224648803214104
-57.41666666666667,-7.58333333333333,0.07291860241231
-57.25,-7.58333333333333,0.04218140928477216
-57.083333333333336,-7.58333333333333,0.04234531721248914
-56.91666666666667,-7.58333333333333,0.04400700964786423
-56.75,-7.58333333333333,0.033497387389959235
-56.583333333333336,-7.58333333333333,0.032754132734413424
-56.41666666666667,-7.58333333333333,0.04836504348231092
-56.25,-7.58333333333333,0.056488468466608516
-56.083333333333336,-7.58333333333333,0.06536165544087966
-55.91666666666667,-7.58333333333333,0.06101301227012139
-55.75,-7.58333333333333,0.05233535244479408
-55.583333333333336,-7.58333333333333,0.06493297439161906
-55.41666666666667,-7.58333333333333,0.0658237244639437
-55.25,-7.58333333333333,0.08587622281727006
-55.083333333333336,-7.58333333333333,0.05982460482853235
-54.91666666666667,-7.58333333333333,0.06100304240720522
-54.75,-7.58333333333333,0.06267487894131897
-54.583333333333336,-7.58333333333333,0.05626562262646918
-54.41666666666667,-7.58333333333333,0.05455848806336435
-54.25,-7.58333333333333,0.03851995593046814
-54.083333333333336,-7.58333333333333,0.028664951253887013
-53.91666666666667,-7.58333333333333,0.031205363640481872
-53.75,-7.58333333333333,0.03038073932024541
-53.583333333333336,-7.58333333333333,0.027762803545096575
-53.41666666666667,-7.58333333333333,0.03222928948561656
-53.25,-7.58333333333333,0.024485258507242928
-53.083333333333336,-7.58333333333333,0.01585599339589976
-52.91666666666667,-7.58333333333333,0.022551493041454023
-52.75,-7.58333333333333,0.021233886414443418
-52.583333333333336,-7.58333333333333,0.022743262794864015
-52.41666666666667,-7.58333333333333,0.026777764927686392
-52.25,-7.58333333333333,0.008926747428215148
-52.083333333333336,-7.58333333333333,0.009573901608537543
-51.91666666666667,-7.58333333333333,0.015021503943504147
-51.75,-7.58333333333333,0.01747641492040241
-51.583333333333336,-7.58333333333333,0.024811564080875877
-51.41666666666667,-7.58333333333333,0.01705596595917272
-51.25,-7.58333333333333,0.02669365754167513
-51.083333333333336,-7.58333333333333,0.015858012184795055
-50.91666666666667,-7.58333333333333,0.009043779439380324
-50.75,-7.58333333333333,0.010503136787384251
-50.583333333333336,-7.58333333333333,0.013887024708403833
-50.41666666666667,-7.58333333333333,0.011664227533185302
-50.25,-7.58333333333333,0.054215083179453345
-50.083333333333336,-7.58333333333333,0.04642009378701394
-49.91666666666667,-7.58333333333333,0.06721363032858908
-49.75,-7.58333333333333,0.0721436234497633
-49.583333333333336,-7.58333333333333,0.05503949117088817
-49.41666666666667,-7.58333333333333,0.07386008685254228
-49.25,-7.58333333333333,0.07411590976424827
-49.083333333333336,-7.58333333333333,0.07903647664342349
-48.91666666666667,-7.58333333333333,0.07011639836678489
-48.75,-7.58333333333333,0.07588491405556202
-73.58333333333333,-7.7499999999999964,0.042063230686851624
-73.41666666666667,-7.7499999999999964,0.05367944110219431
-73.25,-7.7499999999999964,0.05281970459277141
-73.08333333333333,-7.7499999999999964,0.05958334660085547
-72.91666666666667,-7.7499999999999964,0.07075738996275423
-72.75,-7.7499999999999964,0.08126095010413766
-72.58333333333333,-7.7499999999999964,0.08642613660755843
-72.41666666666667,-7.7499999999999964,0.10117664480802528
-72.25,-7.7499999999999964,0.08761853897615213
-72.08333333333333,-7.7499999999999964,0.06787576921005425
-71.91666666666667,-7.7499999999999964,0.09156838627465765
-71.75,-7.7499999999999964,0.0791369154503998
-71.58333333333333,-7.7499999999999964,0.06889308379836932
-71.41666666666667,-7.7499999999999964,0.09670958647282586
-71.25,-7.7499999999999964,0.10237183760093714
-71.08333333333333,-7.7499999999999964,0.05902170629335363
-70.91666666666667,-7.7499999999999964,0.06834604980302111
-70.75,-7.7499999999999964,0.07025790660063855
-70.58333333333333,-7.7499999999999964,0.06607547759794206
-70.41666666666667,-7.7499999999999964,0.056556095532542455
-70.25,-7.7499999999999964,0.06378070567436696
-70.08333333333333,-7.7499999999999964,0.07529713348562567
-69.91666666666667,-7.7499999999999964,0.06846980997283293
-69.75,-7.7499999999999964,0.05319554676799305
-69.58333333333333,-7.7499999999999964,0.05552454856857911
-69.41666666666667,-7.7499999999999964,0.060819943317391274
-69.25,-7.7499999999999964,0.05668800114849465
-69.08333333333333,-7.7499999999999964,0.058788202238938554
-68.91666666666667,-7.7499999999999964,0.08126875248563296
-68.75,-7.7499999999999964,0.08094661632668865
-68.58333333333333,-7.7499999999999964,0.06702240808981814
-68.41666666666667,-7.7499999999999964,0.06824239675589454
-68.25,-7.7499999999999964,0.2633208120766525
-68.08333333333333,-7.7499999999999964,0.2783002594764506
-67.91666666666667,-7.7499999999999964,0.2839382546475677
-67.75,-7.7499999999999964,0.25046611094777227
-67.58333333333333,-7.7499999999999964,0.24381096192770038
-67.41666666666667,-7.7499999999999964,0.23932378897753828
-67.25,-7.7499999999999964,0.23511134663625108
-67.08333333333333,-7.7499999999999964,0.22128885569086873
-66.91666666666667,-7.7499999999999964,0.2032062504010221
-66.75,-7.7499999999999964,0.20173780507062544
-66.58333333333333,-7.7499999999999964,0.2055114078304822
-66.41666666666667,-7.7499999999999964,0.22859252329197247
-66.25,-7.7499999999999964,0.24715531931185375
-66.08333333333333,-7.7499999999999964,0.24890565935086126
-65.91666666666667,-7.7499999999999964,0.24276209858791784
-65.75,-7.7499999999999964,0.23134903103630872
-65.58333333333333,-7.7499999999999964,0.19954255611642843
-65.41666666666667,-7.7499999999999964,0.18390362910718938
-65.25,-7.7499999999999964,0.1612320639430107
-65.08333333333333,-7.7499999999999964,0.15379286735954376
-64.91666666666667,-7.7499999999999964,0.17991342129081225
-64.75,-7.7499999999999964,0.1324364294727867
-64.58333333333333,-7.7499999999999964,0.13471982866752463
-64.41666666666667,-7.7499999999999964,0.14826112661347304
-64.25,-7.7499999999999964,0.1514845992516962
-64.08333333333333,-7.7499999999999964,0.19296985849463147
-63.91666666666667,-7.7499999999999964,0.17959372648379937
-63.75,-7.7499999999999964,0.16311814556327853
-63.583333333333336,-7.7499999999999964,0.1705333218376341
-63.41666666666667,-7.7499999999999964,0.19082547864684174
-63.25,-7.7499999999999964,0.2850088697195372
-63.083333333333336,-7.7499999999999964,0.2859490758093226
-62.91666666666667,-7.7499999999999964,0.3097493137985219
-62.75,-7.7499999999999964,0.2943702913834208
-62.583333333333336,-7.7499999999999964,0.2801825166534914
-62.41666666666667,-7.7499999999999964,0.26981550042569064
-62.25,-7.7499999999999964,0.1929474263129752
-62.083333333333336,-7.7499999999999964,0.2635392383050485
-61.91666666666667,-7.7499999999999964,0.18905631117321345
-61.75,-7.7499999999999964,0.27502921684999476
-61.583333333333336,-7.7499999999999964,0.24252923601646528
-61.41666666666667,-7.7499999999999964,0.2079656121799824
-61.25,-7.7499999999999964,0.20494196276768425
-61.083333333333336,-7.7499999999999964,0.22992650310007384
-60.91666666666667,-7.7499999999999964,0.23008668085031814
-60.75,-7.7499999999999964,0.19931496250557185
-60.583333333333336,-7.7499999999999964,0.23169346660172607
-60.41666666666667,-7.7499999999999964,0.2148057530243232
-60.25,-7.7499999999999964,0.19332691202495586
-60.083333333333336,-7.7499999999999964,0.16936197707069486
-59.91666666666667,-7.7499999999999964,0.1706343359122487
-59.75,-7.7499999999999964,0.06606961629484437
-59.583333333333336,-7.7499999999999964,0.05937533507777778
-59.41666666666667,-7.7499999999999964,0.04993245023936489
-59.25,-7.7499999999999964,0.046459580082042755
-59.083333333333336,-7.7499999999999964,0.04334718378740894
-58.91666666666667,-7.7499999999999964,0.057528608216825206
-58.75,-7.7499999999999964,0.060785333979825634
-58.583333333333336,-7.7499999999999964,0.0577661921606338
-58.41666666666667,-7.7499999999999964,0.05453423804259127
-58.25,-7.7499999999999964,0.06822302122963002
-58.083333333333336,-7.7499999999999964,0.062439604376502825
-57.91666666666667,-7.7499999999999964,0.053444708608925535
-57.75,-7.7499999999999964,0.05888419087610267
-57.583333333333336,-7.7499999999999964,0.05874509896179151
-57.41666666666667,-7.7499999999999964,0.08437752005014723
-57.25,-7.7499999999999964,0.06271376600344968
-57.083333333333336,-7.7499999999999964,0.03725522886967421
-56.91666666666667,-7.7499999999999964,0.023491030489586198
-56.75,-7.7499999999999964,0.03663495368616811
-56.583333333333336,-7.7499999999999964,0.04224114545394806
-56.41666666666667,-7.7499999999999964,0.049354138719891916
-56.25,-7.7499999999999964,0.06100537454065772
-56.083333333333336,-7.7499999999999964,0.06486569884987467
-55.91666666666667,-7.7499999999999964,0.04909933867701096
-55.75,-7.7499999999999964,0.058571637817054524
-55.583333333333336,-7.7499999999999964,0.06436294587998177
-55.41666666666667,-7.7499999999999964,0.06376236626569864
-55.25,-7.7499999999999964,0.08283683920419065
-55.083333333333336,-7.7499999999999964,0.06791867298504155
-54.91666666666667,-7.7499999999999964,0.06002205763123196
-54.75,-7.7499999999999964,0.06368203054563101
-54.583333333333336,-7.7499999999999964,0.05667117941299375
-54.41666666666667,-7.7499999999999964,0.05986268108646685
-54.25,-7.7499999999999964,0.04134183210234927
-54.083333333333336,-7.7499999999999964,0.03822192942927224
-53.91666666666667,-7.7499999999999964,0.027026036827418366
-53.75,-7.7499999999999964,0.025634766574294962
-53.583333333333336,-7.7499999999999964,0.02453550942505033
-53.41666666666667,-7.7499999999999964,0.029824981729948952
-53.25,-7.7499999999999964,0.023807469071700466
-53.083333333333336,-7.7499999999999964,0.014953494454658246
-52.91666666666667,-7.7499999999999964,0.018922198667752053
-52.75,-7.7499999999999964,0.01891092994282302
-52.583333333333336,-7.7499999999999964,0.023721657754273328
-52.41666666666667,-7.7499999999999964,0.024814651392946842
-52.25,-7.7499999999999964,0.015276676761175985
-52.083333333333336,-7.7499999999999964,0.01696955146299414
-51.91666666666667,-7.7499999999999964,0.02585440641608667
-51.75,-7.7499999999999964,0.01651168826004887
-51.583333333333336,-7.7499999999999964,0.011272301970380028
-51.41666666666667,-7.7499999999999964,0.016006577127153306
-51.25,-7.7499999999999964,0.017038731952324464
-51.083333333333336,-7.7499999999999964,0.02462144742072611
-50.91666666666667,-7.7499999999999964,0.02275705399398712
-50.75,-7.7499999999999964,0.020094198292407137
-50.583333333333336,-7.7499999999999964,0.019971805973540657
-50.41666666666667,-7.7499999999999964,0.02532508449734395
-50.25,-7.7499999999999964,0.04529057142566547
-50.083333333333336,-7.7499999999999964,0.05630109305973463
-49.91666666666667,-7.7499999999999964,0.06590445198742699
-49.75,-7.7499999999999964,0.05684934790802136
-49.583333333333336,-7.7499999999999964,0.07437113840369615
-49.41666666666667,-7.7499999999999964,0.06515853154619375
-49.25,-7.7499999999999964,0.058703566778875615
-49.083333333333336,-7.7499999999999964,0.07953130552327957
-48.91666666666667,-7.7499999999999964,0.07163266871827927
-48.75,-7.7499999999999964,0.07698180294735178
-73.58333333333333,-7.916666666666664,0.04413048715211675
-73.41666666666667,-7.916666666666664,0.058104870006932346
-73.25,-7.916666666666664,0.06022580596310307
-73.08333333333333,-7.916666666666664,0.06796176969778142
-72.91666666666667,-7.916666666666664,0.07885330589536732
-72.75,-7.916666666666664,0.08313484467667988
-72.58333333333333,-7.916666666666664,0.10282590965670146
-72.41666666666667,-7.916666666666664,0.0982629560742337
-72.25,-7.916666666666664,0.062487546966328536
-72.08333333333333,-7.916666666666664,0.06718202962352918
-71.91666666666667,-7.916666666666664,0.08611623788917783
-71.75,-7.916666666666664,0.0734765669110675
-71.58333333333333,-7.916666666666664,0.06716679055827188
-71.41666666666667,-7.916666666666664,0.09556724585281576
-71.25,-7.916666666666664,0.07337191548693406
-71.08333333333333,-7.916666666666664,0.05598796208663261
-70.91666666666667,-7.916666666666664,0.0676793248559171
-70.75,-7.916666666666664,0.05794039965051081
-70.58333333333333,-7.916666666666664,0.0680231940399447
-70.41666666666667,-7.916666666666664,0.05176602549584851
-70.25,-7.916666666666664,0.06342229901310659
-70.08333333333333,-7.916666666666664,0.05768235036143434
-69.91666666666667,-7.916666666666664,0.067291041194693
-69.75,-7.916666666666664,0.04505115678249061
-69.58333333333333,-7.916666666666664,0.05733946630400324
-69.41666666666667,-7.916666666666664,0.052401394090234026
-69.25,-7.916666666666664,0.07071936798713085
-69.08333333333333,-7.916666666666664,0.06851152408894262
-68.91666666666667,-7.916666666666664,0.07261006257462252
-68.75,-7.916666666666664,0.064079738340939
-68.58333333333333,-7.916666666666664,0.06318659724771232
-68.41666666666667,-7.916666666666664,0.07813112926892721
-68.25,-7.916666666666664,0.0831345207604731
-68.08333333333333,-7.916666666666664,0.2907676761443927
-67.91666666666667,-7.916666666666664,0.2886694507684789
-67.75,-7.916666666666664,0.27005308734644057
-67.58333333333333,-7.916666666666664,0.24958177832931264
-67.41666666666667,-7.916666666666664,0.2561134531044798
-67.25,-7.916666666666664,0.24307504288330528
-67.08333333333333,-7.916666666666664,0.21761748321884491
-66.91666666666667,-7.916666666666664,0.24378923425719698
-66.75,-7.916666666666664,0.24429631643047414
-66.58333333333333,-7.916666666666664,0.2075422837738129
-66.41666666666667,-7.916666666666664,0.2110348125763539
-66.25,-7.916666666666664,0.22142328259948535
-66.08333333333333,-7.916666666666664,0.23995581245580408
-65.91666666666667,-7.916666666666664,0.23352607923156973
-65.75,-7.916666666666664,0.2211863820786194
-65.58333333333333,-7.916666666666664,0.20592888611847376
-65.41666666666667,-7.916666666666664,0.18094232551423234
-65.25,-7.916666666666664,0.17412643729627655
-65.08333333333333,-7.916666666666664,0.19932168149674767
-64.91666666666667,-7.916666666666664,0.15543683714622403
-64.75,-7.916666666666664,0.1633998894092796
-64.58333333333333,-7.916666666666664,0.1489483396762114
-64.41666666666667,-7.916666666666664,0.15728667372267238
-64.25,-7.916666666666664,0.16134409812236777
-64.08333333333333,-7.916666666666664,0.16317390532698828
-63.91666666666667,-7.916666666666664,0.1810943190202119
-63.75,-7.916666666666664,0.16885730741600505
-63.583333333333336,-7.916666666666664,0.1818364876669124
-63.41666666666667,-7.916666666666664,0.1930342425717938
-63.25,-7.916666666666664,0.197884971378115
-63.083333333333336,-7.916666666666664,0.20586048730228634
-62.91666666666667,-7.916666666666664,0.2366042237840204
-62.75,-7.916666666666664,0.21556293331271814
-62.583333333333336,-7.916666666666664,0.20210493842609947
-62.41666666666667,-7.916666666666664,0.19330797238192846
-62.25,-7.916666666666664,0.18071395145888194
-62.083333333333336,-7.916666666666664,0.18567330120723086
-61.91666666666667,-7.916666666666664,0.26559101735227014
-61.75,-7.916666666666664,0.27130734910089793
-61.583333333333336,-7.916666666666664,0.2490925108478412
-61.41666666666667,-7.916666666666664,0.20809109428341815
-61.25,-7.916666666666664,0.20335504038243896
-61.083333333333336,-7.916666666666664,0.22296595565478183
-60.91666666666667,-7.916666666666664,0.22763717911699305
-60.75,-7.916666666666664,0.18387513645523518
-60.583333333333336,-7.916666666666664,0.19687780408080638
-60.41666666666667,-7.916666666666664,0.17761304902862032
-60.25,-7.916666666666664,0.18337139038642825
-60.083333333333336,-7.916666666666664,0.16851691852787687
-59.91666666666667,-7.916666666666664,0.16865429847045496
-59.75,-7.916666666666664,0.06971102702083146
-59.583333333333336,-7.916666666666664,0.06571441113690996
-59.41666666666667,-7.916666666666664,0.06138483431064607
-59.25,-7.916666666666664,0.054767121669862674
-59.083333333333336,-7.916666666666664,0.047325751592477094
-58.91666666666667,-7.916666666666664,0.052582309192456406
-58.75,-7.916666666666664,0.050912372845859526
-58.583333333333336,-7.916666666666664,0.05718880384596211
-58.41666666666667,-7.916666666666664,0.05493417726909049
-58.25,-7.916666666666664,0.06687931471139547
-58.083333333333336,-7.916666666666664,0.06374595133384134
-57.91666666666667,-7.916666666666664,0.05451912253127968
-57.75,-7.916666666666664,0.05779201302126143
-57.583333333333336,-7.916666666666664,0.05919853607856462
-57.41666666666667,-7.916666666666664,0.07009636250495989
-57.25,-7.916666666666664,0.0993169231418981
-57.083333333333336,-7.916666666666664,0.05768046769768978
-56.91666666666667,-7.916666666666664,0.025722416605999672
-56.75,-7.916666666666664,0.036057136180452
-56.583333333333336,-7.916666666666664,0.05492004480835945
-56.41666666666667,-7.916666666666664,0.054669258600050036
-56.25,-7.916666666666664,0.05594595110220809
-56.083333333333336,-7.916666666666664,0.06173989681111788
-55.91666666666667,-7.916666666666664,0.0526960415232217
-55.75,-7.916666666666664,0.05391850843426294
-55.583333333333336,-7.916666666666664,0.06119126286782149
-55.41666666666667,-7.916666666666664,0.06055093889939226
-55.25,-7.916666666666664,0.07238629302142732
-55.083333333333336,-7.916666666666664,0.06371460003128562
-54.91666666666667,-7.916666666666664,0.05891320162190926
-54.75,-7.916666666666664,0.06753787187514228
-54.583333333333336,-7.916666666666664,0.06524825468057426
-54.41666666666667,-7.916666666666664,0.05705993069813513
-54.25,-7.916666666666664,0.04755622653099924
-54.083333333333336,-7.916666666666664,0.03016674294046896
-53.91666666666667,-7.916666666666664,0.022349659868249543
-53.75,-7.916666666666664,0.025961003183062173
-53.583333333333336,-7.916666666666664,0.024295819883733374
-53.41666666666667,-7.916666666666664,0.019691135382717682
-53.25,-7.916666666666664,0.0259566572544843
-53.083333333333336,-7.916666666666664,0.023325540442459856
-52.91666666666667,-7.916666666666664,0.0189983826692072
-52.75,-7.916666666666664,0.019442173749171888
-52.583333333333336,-7.916666666666664,0.02162917210270605
-52.41666666666667,-7.916666666666664,0.017256934144352316
-52.25,-7.916666666666664,0.019679336910273713
-52.083333333333336,-7.916666666666664,0.019920150745637705
-51.91666666666667,-7.916666666666664,0.014826803879286175
-51.75,-7.916666666666664,0.006126363755343447
-51.583333333333336,-7.916666666666664,0.009403947906233676
-51.41666666666667,-7.916666666666664,0.024171842197596702
-51.25,-7.916666666666664,0.021801542668678144
-51.083333333333336,-7.916666666666664,0.02126908778229631
-50.91666666666667,-7.916666666666664,0.024142298687890296
-50.75,-7.916666666666664,0.028082172989530082
-50.583333333333336,-7.916666666666664,0.02355591478675278
-50.41666666666667,-7.916666666666664,0.03594112541846169
-50.25,-7.916666666666664,0.042845040866699394
-50.083333333333336,-7.916666666666664,0.05220423668917799
-49.41666666666667,-7.916666666666664,0.06253132860751376
-49.25,-7.916666666666664,0.07228935961395612
-49.083333333333336,-7.916666666666664,0.07389008250082289
-48.91666666666667,-7.916666666666664,0.0864240054775267
-48.75,-7.916666666666664,0.09151564431530024
-73.41666666666667,-8.08333333333333,0.05704390074785146
-73.25,-8.08333333333333,0.05610253255381142
-73.08333333333333,-8.08333333333333,0.05987126251634223
-72.91666666666667,-8.08333333333333,0.07012432861999375
-72.75,-8.08333333333333,0.0713855643031077
-72.58333333333333,-8.08333333333333,0.08717237643905269
-72.41666666666667,-8.08333333333333,0.08180746449650315
-72.25,-8.08333333333333,0.05402352260788511
-72.08333333333333,-8.08333333333333,0.08378887714808979
-71.91666666666667,-8.08333333333333,0.07791816187571901
-71.75,-8.08333333333333,0.05198619004537925
-71.58333333333333,-8.08333333333333,0.08215518404761317
-71.41666666666667,-8.08333333333333,0.07502220123538678
-71.25,-8.08333333333333,0.056160825953757244
-71.08333333333333,-8.08333333333333,0.06205321969843047
-70.91666666666667,-8.08333333333333,0.05499060012563436
-70.75,-8.08333333333333,0.05587535644988313
-70.58333333333333,-8.08333333333333,0.04838502741871835
-70.41666666666667,-8.08333333333333,0.056048651628046134
-70.25,-8.08333333333333,0.056020311249985355
-70.08333333333333,-8.08333333333333,0.051128288501329944
-69.91666666666667,-8.08333333333333,0.06859439643568158
-69.75,-8.08333333333333,0.057539653849547824
-69.58333333333333,-8.08333333333333,0.04875742114238881
-69.41666666666667,-8.08333333333333,0.04875647821174688
-69.25,-8.08333333333333,0.06325778677919706
-69.08333333333333,-8.08333333333333,0.06113684988690533
-68.91666666666667,-8.08333333333333,0.07060789075427633
-68.75,-8.08333333333333,0.05614628936066856
-68.58333333333333,-8.08333333333333,0.0746047958761908
-68.41666666666667,-8.08333333333333,0.0803806180170904
-68.25,-8.08333333333333,0.07071093184423181
-68.08333333333333,-8.08333333333333,0.07950082348133714
-67.91666666666667,-8.08333333333333,0.08582203108811234
-67.75,-8.08333333333333,0.26261911701043134
-67.58333333333333,-8.08333333333333,0.24136855749568722
-67.41666666666667,-8.08333333333333,0.26717214988238386
-67.25,-8.08333333333333,0.25429090758962325
-67.08333333333333,-8.08333333333333,0.2504442254425708
-66.91666666666667,-8.08333333333333,0.2561646930230045
-66.75,-8.08333333333333,0.23397847092724047
-66.58333333333333,-8.08333333333333,0.2061549513611986
-66.41666666666667,-8.08333333333333,0.22305584096931924
-66.25,-8.08333333333333,0.2245482383361529
-66.08333333333333,-8.08333333333333,0.21938068480220935
-65.91666666666667,-8.08333333333333,0.22181686549293314
-65.75,-8.08333333333333,0.21058809687416355
-65.58333333333333,-8.08333333333333,0.20333072192003243
-65.41666666666667,-8.08333333333333,0.20024344038871317
-65.25,-8.08333333333333,0.181675739566862
-65.08333333333333,-8.08333333333333,0.2117653976016612
-64.91666666666667,-8.08333333333333,0.17043342406519912
-64.75,-8.08333333333333,0.17837296315614543
-64.58333333333333,-8.08333333333333,0.17244782124263838
-64.41666666666667,-8.08333333333333,0.16202141677887688
-64.25,-8.08333333333333,0.17297091903117726
-64.08333333333333,-8.08333333333333,0.1741807402427232
-63.91666666666667,-8.08333333333333,0.17530486622943106
-63.75,-8.08333333333333,0.17526709301410406
-63.583333333333336,-8.08333333333333,0.20563831356780812
-63.41666666666667,-8.08333333333333,0.22059686001482065
-63.25,-8.08333333333333,0.2150914566773215
-63.083333333333336,-8.08333333333333,0.21069014169188086
-62.91666666666667,-8.08333333333333,0.24400271817586483
-62.75,-8.08333333333333,0.22398077391598345
-62.583333333333336,-8.08333333333333,0.1963961267297157
-62.41666666666667,-8.08333333333333,0.1891900351771744
-62.25,-8.08333333333333,0.15017552058315783
-62.083333333333336,-8.08333333333333,0.17806205609158354
-61.91666666666667,-8.08333333333333,0.17176697173861502
-61.75,-8.08333333333333,0.24914046597320794
-61.583333333333336,-8.08333333333333,0.2562879922132174
-61.41666666666667,-8.08333333333333,0.23307050769155
-61.25,-8.08333333333333,0.21198186351225629
-61.083333333333336,-8.08333333333333,0.23737930897301066
-60.91666666666667,-8.08333333333333,0.22816771917220163
-60.75,-8.08333333333333,0.1725104519779367
-60.583333333333336,-8.08333333333333,0.17951605440910137
-60.41666666666667,-8.08333333333333,0.16176464659891476
-60.25,-8.08333333333333,0.18577601267847788
-60.083333333333336,-8.08333333333333,0.17151004373628684
-59.91666666666667,-8.08333333333333,0.1739728351770957
-59.75,-8.08333333333333,0.14121190738801873
-59.583333333333336,-8.08333333333333,0.1374920574314504
-59.41666666666667,-8.08333333333333,0.13022568033783116
-59.25,-8.08333333333333,0.06356727332914258
-59.083333333333336,-8.08333333333333,0.03489133085294033
-58.91666666666667,-8.08333333333333,0.04564596729298253
-58.75,-8.08333333333333,0.042003733069521786
-58.583333333333336,-8.08333333333333,0.06305707413033622
-58.41666666666667,-8.08333333333333,0.06676140887324336
-58.25,-8.08333333333333,0.05204741253553276
-58.083333333333336,-8.08333333333333,0.062350158985352615
-57.91666666666667,-8.08333333333333,0.0522876335566049
-57.75,-8.08333333333333,0.05101350852060554
-57.583333333333336,-8.08333333333333,0.06379931603559852
-57.41666666666667,-8.08333333333333,0.07589442036908535
-57.25,-8.08333333333333,0.10518636692346559
-57.083333333333336,-8.08333333333333,0.052809031831396076
-56.91666666666667,-8.08333333333333,0.026756532773530364
-56.75,-8.08333333333333,0.02470759330818381
-56.583333333333336,-8.08333333333333,0.06114390214898208
-56.41666666666667,-8.08333333333333,0.04249492046986666
-56.25,-8.08333333333333,0.0787240302396823
-56.083333333333336,-8.08333333333333,0.07679691217835655
-55.91666666666667,-8.08333333333333,0.05751803901222789
-55.75,-8.08333333333333,0.05476228792195009
-55.583333333333336,-8.08333333333333,0.06368402187224793
-55.41666666666667,-8.08333333333333,0.058312811905055315
-55.25,-8.08333333333333,0.0604540600251509
-55.083333333333336,-8.08333333333333,0.05435584286298915
-54.91666666666667,-8.08333333333333,0.05336401746961697
-54.75,-8.08333333333333,0.08261994260823861
-54.583333333333336,-8.08333333333333,0.062356519070186335
-54.41666666666667,-8.08333333333333,0.046895429083403765
-54.25,-8.08333333333333,0.05123425170601057
-54.083333333333336,-8.08333333333333,0.022948494126949676
-53.91666666666667,-8.08333333333333,0.022610642525112228
-53.75,-8.08333333333333,0.028704127675718467
-53.583333333333336,-8.08333333333333,0.021934897532951848
-53.41666666666667,-8.08333333333333,0.02723367594715579
-53.25,-8.08333333333333,0.01760566289995382
-53.083333333333336,-8.08333333333333,0.02387713066290242
-52.91666666666667,-8.08333333333333,0.013762864176234572
-52.75,-8.08333333333333,0.020411313103339917
-52.583333333333336,-8.08333333333333,0.024192876914382714
-52.41666666666667,-8.08333333333333,0.016793772101625734
-52.25,-8.08333333333333,0.01930602080836945
-52.083333333333336,-8.08333333333333,0.012731655552349862
-51.91666666666667,-8.08333333333333,0.008124801267958745
-51.75,-8.08333333333333,0.007312527071912345
-51.583333333333336,-8.08333333333333,0.02703672697905408
-51.41666666666667,-8.08333333333333,0.02447713626798112
-51.25,-8.08333333333333,0.02495549027562456
-51.083333333333336,-8.08333333333333,0.020774639500804538
-50.91666666666667,-8.08333333333333,0.024576002233870232
-50.75,-8.08333333333333,0.021627611000770996
-50.583333333333336,-8.08333333333333,0.017975367000000093
-50.41666666666667,-8.08333333333333,0.0342840371800236
-50.25,-8.08333333333333,0.039231004399158796
-49.41666666666667,-8.08333333333333,0.05703333349119524
-49.25,-8.08333333333333,0.082775574850617345
-49.083333333333336,-8.08333333333333,0.0776344472632996
-48.91666666666667,-8.08333333333333,0.08215694792110712
-48.75,-8.08333333333333,0.08366151185970631
-73.41666666666667,-8.249999999999996,0.05780203371087554
-73.25,-8.249999999999996,0.05874648427194457
-73.08333333333333,-8.249999999999996,0.0644868679705975
-72.91666666666667,-8.249999999999996,0.06481426722655206
-72.75,-8.249999999999996,0.05944210522242604
-72.58333333333333,-8.249999999999996,0.08370878985490704
-72.41666666666667,-8.249999999999996,0.08596510976309801
-72.25,-8.249999999999996,0.07195049649283182
-72.08333333333333,-8.249999999999996,0.08406580052583103
-71.91666666666667,-8.249999999999996,0.07015253682784399
-71.75,-8.249999999999996,0.06703154346410922
-71.58333333333333,-8.249999999999996,0.06672169806572073
-71.41666666666667,-8.249999999999996,0.04442933586003509
-71.25,-8.249999999999996,0.05516630207534389
-71.08333333333333,-8.249999999999996,0.061806902276825754
-70.91666666666667,-8.249999999999996,0.05981452598601679
-70.75,-8.249999999999996,0.050445324843061065
-70.58333333333333,-8.249999999999996,0.048031993751040725
-70.41666666666667,-8.249999999999996,0.053258721725723046
-70.25,-8.249999999999996,0.06328226805279055
-70.08333333333333,-8.249999999999996,0.04978296080500313
-69.91666666666667,-8.249999999999996,0.04951510911727719
-69.75,-8.249999999999996,0.05903139927517476
-69.58333333333333,-8.249999999999996,0.046371871375276624
-69.41666666666667,-8.249999999999996,0.04867723542187949
-69.25,-8.249999999999996,0.06492993358938405
-69.08333333333333,-8.249999999999996,0.06756535082451985
-68.91666666666667,-8.249999999999996,0.06899098166184386
-68.75,-8.249999999999996,0.0527602933114203
-68.58333333333333,-8.249999999999996,0.06690533095547224
-68.41666666666667,-8.249999999999996,0.07494372323632725
-68.25,-8.249999999999996,0.07622370842484397
-68.08333333333333,-8.249999999999996,0.08573071491335195
-67.91666666666667,-8.249999999999996,0.08801639472615724
-67.75,-8.249999999999996,0.07297398349152498
-67.58333333333333,-8.249999999999996,0.27811766171408425
-67.41666666666667,-8.249999999999996,0.26131356419017276
-67.25,-8.249999999999996,0.24071866649046564
-67.08333333333333,-8.249999999999996,0.26417763240217235
-66.91666666666667,-8.249999999999996,0.25154364505021853
-66.75,-8.249999999999996,0.1924390051724711
-66.58333333333333,-8.249999999999996,0.21763828404865423
-66.41666666666667,-8.249999999999996,0.2198475513966429
-66.25,-8.249999999999996,0.2044921811317208
-66.08333333333333,-8.249999999999996,0.21091353863561096
-65.91666666666667,-8.249999999999996,0.20437812269448413
-65.75,-8.249999999999996,0.19456199568209132
-65.58333333333333,-8.249999999999996,0.19025945677221265
-65.41666666666667,-8.249999999999996,0.1758332738684466
-65.25,-8.249999999999996,0.18440199709775265
-65.08333333333333,-8.249999999999996,0.22763850291519008
-64.91666666666667,-8.249999999999996,0.18263628214673824
-64.75,-8.249999999999996,0.18939692035184097
-64.58333333333333,-8.249999999999996,0.18681313522909251
-64.41666666666667,-8.249999999999996,0.21295778426843312
-64.25,-8.249999999999996,0.1861078646778753
-64.08333333333333,-8.249999999999996,0.17114733691776196
-63.91666666666667,-8.249999999999996,0.16799041061364586
-63.75,-8.249999999999996,0.1784094076391213
-63.583333333333336,-8.249999999999996,0.19056471231871402
-63.41666666666667,-8.249999999999996,0.1951100583799016
-63.25,-8.249999999999996,0.24550574933167132
-63.083333333333336,-8.249999999999996,0.2551079124621542
-62.91666666666667,-8.249999999999996,0.2409626731183218
-62.75,-8.249999999999996,0.22462467458843388
-62.583333333333336,-8.249999999999996,0.2012925584475134
-62.41666666666667,-8.249999999999996,0.15540736464896002
-62.25,-8.249999999999996,0.1537303077496947
-62.083333333333336,-8.249999999999996,0.15381986000799108
-61.91666666666667,-8.249999999999996,0.16879523994145162
-61.75,-8.249999999999996,0.264467627448325
-61.583333333333336,-8.249999999999996,0.26777172183286996
-61.41666666666667,-8.249999999999996,0.2283123925744253
-61.25,-8.249999999999996,0.19939970263653908
-61.083333333333336,-8.249999999999996,0.1777274830719798
-60.91666666666667,-8.249999999999996,0.19894187970020355
-60.75,-8.249999999999996,0.17208350280728255
-60.583333333333336,-8.249999999999996,0.18180706957883022
-60.41666666666667,-8.249999999999996,0.1950420097225667
-60.25,-8.249999999999996,0.1874645264408659
-60.083333333333336,-8.249999999999996,0.15037787304952577
-59.91666666666667,-8.249999999999996,0.16197462820480654
-59.75,-8.249999999999996,0.15189145163055767
-59.583333333333336,-8.249999999999996,0.14156533227975895
-59.41666666666667,-8.249999999999996,0.1454848935162067
-59.25,-8.249999999999996,0.12027720455610064
-59.083333333333336,-8.249999999999996,0.04704120827906823
-58.91666666666667,-8.249999999999996,0.044257059679879876
-58.75,-8.249999999999996,0.04701159872340672
-58.583333333333336,-8.249999999999996,0.056625045777128034
-58.41666666666667,-8.249999999999996,0.06406514786159778
-58.25,-8.249999999999996,0.05101795746236212
-58.083333333333336,-8.249999999999996,0.05124402623534227
-57.91666666666667,-8.249999999999996,0.0461506922285446
-57.75,-8.249999999999996,0.048859208522556236
-57.583333333333336,-8.249999999999996,0.06170770028335567
-57.41666666666667,-8.249999999999996,0.08588422812524388
-57.25,-8.249999999999996,0.0739762084435982
-57.083333333333336,-8.249999999999996,0.036255716072018745
-56.91666666666667,-8.249999999999996,0.027309304193071503
-56.75,-8.249999999999996,0.015854410122229
-56.583333333333336,-8.249999999999996,0.02180824645976022
-56.41666666666667,-8.249999999999996,0.024521085373089366
-56.25,-8.249999999999996,0.030188732505575286
-56.083333333333336,-8.249999999999996,0.029908922665888057
-55.91666666666667,-8.249999999999996,0.07587841427946555
-55.75,-8.249999999999996,0.0740188033498806
-55.583333333333336,-8.249999999999996,0.08125287078334409
-55.41666666666667,-8.249999999999996,0.05677787483592258
-55.25,-8.249999999999996,0.05238581877853071
-55.083333333333336,-8.249999999999996,0.056583798587962496
-54.91666666666667,-8.249999999999996,0.044673652591557464
-54.75,-8.249999999999996,0.05541642348184534
-54.583333333333336,-8.249999999999996,0.0685740084886451
-54.41666666666667,-8.249999999999996,0.04610918565530393
-54.25,-8.249999999999996,0.04140535268335128
-54.083333333333336,-8.249999999999996,0.024424350319138054
-53.91666666666667,-8.249999999999996,0.02949180200052629
-53.75,-8.249999999999996,0.02634640654051081
-53.583333333333336,-8.249999999999996,0.017998931232773654
-53.41666666666667,-8.249999999999996,0.025386266931732814
-53.25,-8.249999999999996,0.01653000419436784
-53.083333333333336,-8.249999999999996,0.016839165717668077
-52.91666666666667,-8.249999999999996,0.018615694471668713
-52.75,-8.249999999999996,0.02030904393278844
-52.583333333333336,-8.249999999999996,0.019222985024211103
-52.41666666666667,-8.249999999999996,0.022875758828915113
-52.25,-8.249999999999996,0.014719587433934998
-52.083333333333336,-8.249999999999996,0.010295364802210799
-51.91666666666667,-8.249999999999996,0.005752453199917998
-51.75,-8.249999999999996,0.01060224127884633
-51.583333333333336,-8.249999999999996,0.028397515081479606
-51.41666666666667,-8.249999999999996,0.015708295267030433
-51.25,-8.249999999999996,0.02299511690996253
-51.083333333333336,-8.249999999999996,0.016093735642424202
-50.91666666666667,-8.249999999999996,0.014979733321641174
-50.75,-8.249999999999996,0.015377287105419633
-50.583333333333336,-8.249999999999996,0.034945064162970135
-50.41666666666667,-8.249999999999996,0.0479649164783454
-50.25,-8.249999999999996,0.04840410109125358
-49.41666666666667,-8.249999999999996,0.06003603054297332
-49.25,-8.249999999999996,0.07580153643434442
-49.083333333333336,-8.249999999999996,0.0813577811701618
-48.91666666666667,-8.249999999999996,0.08735244601399554
-48.75,-8.249999999999996,0.07237537981440247
-73.25,-8.416666666666664,0.047216508972705996
-73.08333333333333,-8.416666666666664,0.05541414226481329
-72.91666666666667,-8.416666666666664,0.06137564119235859
-72.75,-8.416666666666664,0.07796950379040508
-72.58333333333333,-8.416666666666664,0.08243196574093468
-72.41666666666667,-8.416666666666664,0.07829141219949737
-72.25,-8.416666666666664,0.07438371186877869
-72.08333333333333,-8.416666666666664,0.07760235708266319
-71.91666666666667,-8.416666666666664,0.06387425382369535
-71.75,-8.416666666666664,0.04674609691108562
-71.58333333333333,-8.416666666666664,0.04227309763662068
-71.41666666666667,-8.416666666666664,0.05145764531462813
-71.25,-8.416666666666664,0.05723782471924545
-71.08333333333333,-8.416666666666664,0.056194159174951595
-70.91666666666667,-8.416666666666664,0.05248430904132962
-70.75,-8.416666666666664,0.05119859191338731
-70.58333333333333,-8.416666666666664,0.05170340654876236
-70.41666666666667,-8.416666666666664,0.06498147325235057
-70.25,-8.416666666666664,0.06262909396095044
-70.08333333333333,-8.416666666666664,0.04785139226696755
-69.91666666666667,-8.416666666666664,0.048357817761859094
-69.75,-8.416666666666664,0.05795897217520738
-69.58333333333333,-8.416666666666664,0.04306386909502405
-69.41666666666667,-8.416666666666664,0.04645344919219211
-69.25,-8.416666666666664,0.06224253935754731
-69.08333333333333,-8.416666666666664,0.046927563134615845
-68.91666666666667,-8.416666666666664,0.054084802643599945
-68.75,-8.416666666666664,0.06361647388583921
-68.58333333333333,-8.416666666666664,0.06765055558429474
-68.41666666666667,-8.416666666666664,0.06906343284342953
-68.25,-8.416666666666664,0.08704598959272823
-68.08333333333333,-8.416666666666664,0.09057894930356171
-67.91666666666667,-8.416666666666664,0.08652217018201008
-67.75,-8.416666666666664,0.07603495045832329
-67.58333333333333,-8.416666666666664,0.26582881506638134
-67.41666666666667,-8.416666666666664,0.2645365348621329
-67.25,-8.416666666666664,0.255374812547131
-67.08333333333333,-8.416666666666664,0.25307253181540873
-66.91666666666667,-8.416666666666664,0.1942912763858176
-66.75,-8.416666666666664,0.20879076797126908
-66.58333333333333,-8.416666666666664,0.200959527310451
-66.41666666666667,-8.416666666666664,0.19428667686337997
-66.25,-8.416666666666664,0.19763864205750767
-66.08333333333333,-8.416666666666664,0.20025243163087894
-65.91666666666667,-8.416666666666664,0.20962145149032183
-65.75,-8.416666666666664,0.2003300526656861
-65.58333333333333,-8.416666666666664,0.21295229926800263
-65.41666666666667,-8.416666666666664,0.18598771858398327
-65.25,-8.416666666666664,0.17781009976338222
-65.08333333333333,-8.416666666666664,0.160988778174132
-64.91666666666667,-8.416666666666664,0.18923522315046207
-64.75,-8.416666666666664,0.20115292031605106
-64.58333333333333,-8.416666666666664,0.19757975977934028
-64.41666666666667,-8.416666666666664,0.22628321443108945
-64.25,-8.416666666666664,0.1892275170735166
-64.08333333333333,-8.416666666666664,0.18383744475573804
-63.91666666666667,-8.416666666666664,0.18924827871706357
-63.75,-8.416666666666664,0.2042064673467795
-63.583333333333336,-8.416666666666664,0.20916540208779652
-63.41666666666667,-8.416666666666664,0.22970376556859523
-63.25,-8.416666666666664,0.2647516181164851
-63.083333333333336,-8.416666666666664,0.25769209450620356
-62.91666666666667,-8.416666666666664,0.24633557567941666
-62.75,-8.416666666666664,0.2336763703766808
-62.583333333333336,-8.416666666666664,0.20143732146705268
-62.41666666666667,-8.416666666666664,0.18569622894204518
-62.25,-8.416666666666664,0.1530850095926515
-62.083333333333336,-8.416666666666664,0.15790807739583917
-61.91666666666667,-8.416666666666664,0.12753295603783937
-61.75,-8.416666666666664,0.2765352984391294
-61.583333333333336,-8.416666666666664,0.2684947988441939
-61.41666666666667,-8.416666666666664,0.24089435147325094
-61.25,-8.416666666666664,0.19982461235811233
-61.083333333333336,-8.416666666666664,0.18008452204178776
-60.91666666666667,-8.416666666666664,0.20944921404806902
-60.75,-8.416666666666664,0.20875543221565296
-60.583333333333336,-8.416666666666664,0.18683334017959527
-60.41666666666667,-8.416666666666664,0.19999027261703972
-60.25,-8.416666666666664,0.1846396843070368
-60.083333333333336,-8.416666666666664,0.15613115700221317
-59.91666666666667,-8.416666666666664,0.14113749807935222
-59.75,-8.416666666666664,0.15941121011128914
-59.583333333333336,-8.416666666666664,0.15014678087867295
-59.41666666666667,-8.416666666666664,0.14401046842291515
-59.25,-8.416666666666664,0.11045190655405229
-59.083333333333336,-8.416666666666664,0.08128036482765007
-58.91666666666667,-8.416666666666664,0.045311197340497295
-58.75,-8.416666666666664,0.052663296702042325
-58.583333333333336,-8.416666666666664,0.06311019494122486
-58.41666666666667,-8.416666666666664,0.06294972666417986
-58.25,-8.416666666666664,0.04430869434651697
-58.083333333333336,-8.416666666666664,0.058212377609870025
-57.91666666666667,-8.416666666666664,0.06379396394790741
-57.75,-8.416666666666664,0.04939714723638473
-57.583333333333336,-8.416666666666664,0.05342062307065666
-57.41666666666667,-8.416666666666664,0.08635677816301945
-57.25,-8.416666666666664,0.05255525379942378
-57.083333333333336,-8.416666666666664,0.044875391126230256
-56.91666666666667,-8.416666666666664,0.03946803240497184
-56.75,-8.416666666666664,0.0346338513980645
-56.583333333333336,-8.416666666666664,0.028135247739575608
-56.41666666666667,-8.416666666666664,0.020762560202138743
-56.25,-8.416666666666664,0.013591244236802783
-56.083333333333336,-8.416666666666664,0.02064093397376474
-55.91666666666667,-8.416666666666664,0.017575193252417787
-55.75,-8.416666666666664,0.028873911023800904
-55.583333333333336,-8.416666666666664,0.0709009747371849
-55.41666666666667,-8.416666666666664,0.07369858050655226
-55.25,-8.416666666666664,0.049807478329839706
-55.083333333333336,-8.416666666666664,0.06993494475744626
-54.91666666666667,-8.416666666666664,0.05928497821881055
-54.75,-8.416666666666664,0.05260796540010736
-54.583333333333336,-8.416666666666664,0.06343326148805356
-54.41666666666667,-8.416666666666664,0.04539155462728877
-54.25,-8.416666666666664,0.03197384168416905
-54.083333333333336,-8.416666666666664,0.020383115658332247
-53.91666666666667,-8.416666666666664,0.023821992120366935
-53.75,-8.416666666666664,0.020984698385321354
-53.583333333333336,-8.416666666666664,0.01936709697250154
-53.41666666666667,-8.416666666666664,0.025400475697581287
-53.25,-8.416666666666664,0.01773548322007507
-53.083333333333336,-8.416666666666664,0.017592282128241234
-52.91666666666667,-8.416666666666664,0.01620342473717816
-52.75,-8.416666666666664,0.01974712453257193
-52.583333333333336,-8.416666666666664,0.021241052965165298
-52.41666666666667,-8.416666666666664,0.02109042587575715
-52.25,-8.416666666666664,0.012013762513946695
-52.083333333333336,-8.416666666666664,0.007538597962006404
-51.91666666666667,-8.416666666666664,0.0048764262779110125
-51.75,-8.416666666666664,0.008130733667139088
-51.583333333333336,-8.416666666666664,0.02469366234772895
-51.41666666666667,-8.416666666666664,0.02247429612071672
-51.25,-8.416666666666664,0.022189217268296407
-51.083333333333336,-8.416666666666664,0.019921597338350548
-50.91666666666667,-8.416666666666664,0.021418803830852137
-50.75,-8.416666666666664,0.032913989751985
-50.583333333333336,-8.416666666666664,0.04224460564129544
-50.41666666666667,-8.416666666666664,0.04028434429011436
-50.25,-8.416666666666664,0.04184543181245153
-48.75,-8.416666666666664,0.0554147850908681
-73.08333333333333,-8.58333333333333,0.05391200041507684
-72.91666666666667,-8.58333333333333,0.0625598045563369
-72.75,-8.58333333333333,0.0799990777959735
-72.58333333333333,-8.58333333333333,0.07730608506195613
-72.41666666666667,-8.58333333333333,0.07344754379424842
-72.25,-8.58333333333333,0.06486585110948064
-72.08333333333333,-8.58333333333333,0.06053590889008234
-71.91666666666667,-8.58333333333333,0.04773015175649168
-71.75,-8.58333333333333,0.04075061942030747
-71.58333333333333,-8.58333333333333,0.04856245054321855
-71.41666666666667,-8.58333333333333,0.04373606239046234
-71.25,-8.58333333333333,0.039842171876233234
-71.08333333333333,-8.58333333333333,0.049015029766669584
-70.91666666666667,-8.58333333333333,0.05722348164801409
-70.75,-8.58333333333333,0.04975202270549773
-70.58333333333333,-8.58333333333333,0.04985860744806921
-70.41666666666667,-8.58333333333333,0.05740280777648849
-70.25,-8.58333333333333,0.04354751679559865
-70.08333333333333,-8.58333333333333,0.049590967666129915
-69.91666666666667,-8.58333333333333,0.047663753037220695
-69.75,-8.58333333333333,0.05908175546186824
-69.58333333333333,-8.58333333333333,0.042459579184179086
-69.41666666666667,-8.58333333333333,0.040451621145200206
-69.25,-8.58333333333333,0.04657302754096955
-69.08333333333333,-8.58333333333333,0.055307822251846
-68.91666666666667,-8.58333333333333,0.06362529768291504
-68.75,-8.58333333333333,0.06578641943888065
-68.58333333333333,-8.58333333333333,0.08229911049060996
-68.41666666666667,-8.58333333333333,0.09199595783521787
-68.25,-8.58333333333333,0.09196247703344491
-68.08333333333333,-8.58333333333333,0.09129945813523015
-67.91666666666667,-8.58333333333333,0.08822060432972942
-67.75,-8.58333333333333,0.08517852678958124
-67.58333333333333,-8.58333333333333,0.07836960424219036
-67.41666666666667,-8.58333333333333,0.2459299507252749
-67.25,-8.58333333333333,0.24942007710486822
-67.08333333333333,-8.58333333333333,0.22545985626931916
-66.91666666666667,-8.58333333333333,0.18576198832178917
-66.75,-8.58333333333333,0.18492407997795499
-66.58333333333333,-8.58333333333333,0.18243986777383098
-66.41666666666667,-8.58333333333333,0.18949530800927353
-66.25,-8.58333333333333,0.1860645784451172
-66.08333333333333,-8.58333333333333,0.1956066437981826
-65.91666666666667,-8.58333333333333,0.19438910265515694
-65.75,-8.58333333333333,0.18566999442745483
-65.58333333333333,-8.58333333333333,0.22077762858015093
-65.41666666666667,-8.58333333333333,0.17882966551572782
-65.25,-8.58333333333333,0.18434812299494335
-65.08333333333333,-8.58333333333333,0.18321078056256895
-64.91666666666667,-8.58333333333333,0.17922677129848755
-64.75,-8.58333333333333,0.17733608640228632
-64.58333333333333,-8.58333333333333,0.1836006523140152
-64.41666666666667,-8.58333333333333,0.1837547421673166
-64.25,-8.58333333333333,0.18089938985109108
-64.08333333333333,-8.58333333333333,0.18326368639879995
-63.91666666666667,-8.58333333333333,0.18893948702705832
-63.75,-8.58333333333333,0.20054491884161274
-63.583333333333336,-8.58333333333333,0.22739219549087122
-63.41666666666667,-8.58333333333333,0.26908415435089234
-63.25,-8.58333333333333,0.2673465878209257
-63.083333333333336,-8.58333333333333,0.25525624532844543
-62.91666666666667,-8.58333333333333,0.21897390126181443
-62.75,-8.58333333333333,0.24496377976012162
-62.583333333333336,-8.58333333333333,0.21995132480591303
-62.41666666666667,-8.58333333333333,0.16946098677260255
-62.25,-8.58333333333333,0.1552056305975975
-62.083333333333336,-8.58333333333333,0.1372434741267222
-61.91666666666667,-8.58333333333333,0.26317315487503606
-61.75,-8.58333333333333,0.27664096642234187
-61.583333333333336,-8.58333333333333,0.261076001480566
-61.41666666666667,-8.58333333333333,0.236136809641606
-61.25,-8.58333333333333,0.1941060674045627
-61.083333333333336,-8.58333333333333,0.20451294263625672
-60.91666666666667,-8.58333333333333,0.21568042338419036
-60.75,-8.58333333333333,0.20937081491839227
-60.583333333333336,-8.58333333333333,0.1906727917092738
-60.41666666666667,-8.58333333333333,0.17073130462576872
-60.25,-8.58333333333333,0.1988044552120986
-60.083333333333336,-8.58333333333333,0.16212184085624673
-59.91666666666667,-8.58333333333333,0.15425475158302626
-59.75,-8.58333333333333,0.16575107743517478
-59.583333333333336,-8.58333333333333,0.13403100095638149
-59.41666666666667,-8.58333333333333,0.14906790257540187
-59.25,-8.58333333333333,0.14612245866254317
-59.083333333333336,-8.58333333333333,0.08078605652439104
-58.91666666666667,-8.58333333333333,0.09944240834804538
-58.75,-8.58333333333333,0.10594245943546693
-58.583333333333336,-8.58333333333333,0.05018013704830803
-58.41666666666667,-8.58333333333333,0.057950689568578996
-58.25,-8.58333333333333,0.027080379450211273
-58.083333333333336,-8.58333333333333,0.055450113131448917
-57.91666666666667,-8.58333333333333,0.06834227447437533
-57.75,-8.58333333333333,0.05780121875414643
-57.583333333333336,-8.58333333333333,0.057421637017964273
-57.41666666666667,-8.58333333333333,0.07664335789957027
-57.25,-8.58333333333333,0.06562166229171143
-57.083333333333336,-8.58333333333333,0.07884725572954374
-56.91666666666667,-8.58333333333333,0.0761253422917701
-56.75,-8.58333333333333,0.08086976184832853
-56.583333333333336,-8.58333333333333,0.06923668815282723
-56.41666666666667,-8.58333333333333,0.05775872403140891
-56.25,-8.58333333333333,0.04775326106727595
-56.083333333333336,-8.58333333333333,0.04115448368939089
-55.91666666666667,-8.58333333333333,0.028147378296449994
-55.75,-8.58333333333333,0.021244160799622797
-55.583333333333336,-8.58333333333333,0.05046787494229801
-55.41666666666667,-8.58333333333333,0.06168921452216015
-55.25,-8.58333333333333,0.08692257673924429
-55.083333333333336,-8.58333333333333,0.0649654218777299
-54.91666666666667,-8.58333333333333,0.07331780995700386
-54.75,-8.58333333333333,0.057060357506752604
-54.583333333333336,-8.58333333333333,0.0644462956144012
-54.41666666666667,-8.58333333333333,0.04210297890196486
-54.25,-8.58333333333333,0.020258113414188882
-54.083333333333336,-8.58333333333333,0.0241264315989899
-53.91666666666667,-8.58333333333333,0.021498762118648682
-53.75,-8.58333333333333,0.01824862162123729
-53.583333333333336,-8.58333333333333,0.017936107001660942
-53.41666666666667,-8.58333333333333,0.02200122912880697
-53.25,-8.58333333333333,0.021226985964096372
-53.083333333333336,-8.58333333333333,0.01647647921915587
-52.91666666666667,-8.58333333333333,0.014475551626172601
-52.75,-8.58333333333333,0.01776094746219231
-52.583333333333336,-8.58333333333333,0.018005791126998454
-52.41666666666667,-8.58333333333333,0.025013062717011397
-52.25,-8.58333333333333,0.029658493171231082
-52.083333333333336,-8.58333333333333,0.01961812652222419
-51.91666666666667,-8.58333333333333,0.01674478275532395
-51.75,-8.58333333333333,0.00798353924037223
-51.583333333333336,-8.58333333333333,0.019252113259123505
-51.41666666666667,-8.58333333333333,0.019029763262934405
-51.25,-8.58333333333333,0.01693656274770658
-51.083333333333336,-8.58333333333333,0.009683034619470466
-50.91666666666667,-8.58333333333333,0.029105141742793113
-50.75,-8.58333333333333,0.03459721042529851
-50.583333333333336,-8.58333333333333,0.040855554727667005
-50.41666666666667,-8.58333333333333,0.03579521679492477
-50.25,-8.58333333333333,0.04017787904149814
-48.75,-8.58333333333333,0.06788049663859586
-72.91666666666667,-8.749999999999996,0.05937871776108856
-72.75,-8.749999999999996,0.07673330711228404
-72.58333333333333,-8.749999999999996,0.07308438063917977
-72.41666666666667,-8.749999999999996,0.06377656206701389
-72.25,-8.749999999999996,0.0566955729752817
-72.08333333333333,-8.749999999999996,0.04674811907462494
-71.91666666666667,-8.749999999999996,0.036465831970058205
-71.75,-8.749999999999996,0.04648019950855175
-71.58333333333333,-8.749999999999996,0.04028350432760192
-71.41666666666667,-8.749999999999996,0.03957601976963732
-71.25,-8.749999999999996,0.05207469383843212
-71.08333333333333,-8.749999999999996,0.053825810841599146
-70.91666666666667,-8.749999999999996,0.048162556731169356
-70.75,-8.749999999999996,0.05223664375349539
-70.58333333333333,-8.749999999999996,0.06873000487717272
-70.41666666666667,-8.749999999999996,0.060296242347447085
-70.25,-8.749999999999996,0.05017023018041203
-70.08333333333333,-8.749999999999996,0.04976636694828571
-69.91666666666667,-8.749999999999996,0.062106068952107144
-69.75,-8.749999999999996,0.04132894790173248
-69.58333333333333,-8.749999999999996,0.043818756545656826
-69.41666666666667,-8.749999999999996,0.04902926633460334
-69.25,-8.749999999999996,0.05387419308810083
-69.08333333333333,-8.749999999999996,0.025097133707373345
-68.91666666666667,-8.749999999999996,0.024403790227141037
-68.75,-8.749999999999996,0.09123039605862028
-68.58333333333333,-8.749999999999996,0.09030270341906174
-68.41666666666667,-8.749999999999996,0.11620518516665757
-68.25,-8.749999999999996,0.1192010612396929
-68.08333333333333,-8.749999999999996,0.08579559568419987
-67.91666666666667,-8.749999999999996,0.0905235410162691
-67.75,-8.749999999999996,0.09075445754054948
-67.58333333333333,-8.749999999999996,0.08111918601709739
-67.41666666666667,-8.749999999999996,0.22720011499869236
-67.25,-8.749999999999996,0.24458988500779466
-67.08333333333333,-8.749999999999996,0.22794017613205877
-66.91666666666667,-8.749999999999996,0.17172409224913093
-66.75,-8.749999999999996,0.15793569226793208
-66.58333333333333,-8.749999999999996,0.18380320927345567
-66.41666666666667,-8.749999999999996,0.18521608271064469
-66.25,-8.749999999999996,0.1740916629402448
-66.08333333333333,-8.749999999999996,0.1792215343288007
-65.91666666666667,-8.749999999999996,0.17021719116069142
-65.75,-8.749999999999996,0.20732787012167753
-65.58333333333333,-8.749999999999996,0.2154261159321072
-65.41666666666667,-8.749999999999996,0.1789438007054149
-65.25,-8.749999999999996,0.18928753863259418
-65.08333333333333,-8.749999999999996,0.1800542118144347
-64.91666666666667,-8.749999999999996,0.24582297372711895
-64.75,-8.749999999999996,0.17141245841290756
-64.58333333333333,-8.749999999999996,0.1853660558854313
-64.41666666666667,-8.749999999999996,0.2120901961489156
-64.25,-8.749999999999996,0.18294163408220515
-64.08333333333333,-8.749999999999996,0.1832781544742973
-63.91666666666667,-8.749999999999996,0.20122779633036475
-63.75,-8.749999999999996,0.20003976496059728
-63.583333333333336,-8.749999999999996,0.24454016386409586
-63.41666666666667,-8.749999999999996,0.22450879482876798
-63.25,-8.749999999999996,0.2569670201911491
-63.083333333333336,-8.749999999999996,0.1969784201159229
-62.91666666666667,-8.749999999999996,0.21248244953821302
-62.75,-8.749999999999996,0.2267559908164124
-62.583333333333336,-8.749999999999996,0.20908175919803013
-62.41666666666667,-8.749999999999996,0.16011212434235908
-62.25,-8.749999999999996,0.1549955211552359
-62.083333333333336,-8.749999999999996,0.11994884550655129
-61.91666666666667,-8.749999999999996,0.2748230218455013
-61.75,-8.749999999999996,0.2615292076555708
-61.583333333333336,-8.749999999999996,0.22460637977619863
-61.41666666666667,-8.749999999999996,0.19680545269825395
-61.25,-8.749999999999996,0.20628572126564515
-61.083333333333336,-8.749999999999996,0.1798703848912091
-60.91666666666667,-8.749999999999996,0.2185484294961515
-60.75,-8.749999999999996,0.2303443162442302
-60.583333333333336,-8.749999999999996,0.15941923120293564
-60.41666666666667,-8.749999999999996,0.1847165069079323
-60.25,-8.749999999999996,0.20484322956841455
-60.083333333333336,-8.749999999999996,0.1443678297775388
-59.91666666666667,-8.749999999999996,0.15855838007989148
-59.75,-8.749999999999996,0.13723586875346983
-59.583333333333336,-8.749999999999996,0.129571968927496
-59.41666666666667,-8.749999999999996,0.13482273426729655
-59.25,-8.749999999999996,0.1521531665916557
-59.083333333333336,-8.749999999999996,0.09040744528785986
-58.91666666666667,-8.749999999999996,0.10160832563657991
-58.75,-8.749999999999996,0.12119426630362452
-58.583333333333336,-8.749999999999996,0.044494134672414615
-58.41666666666667,-8.749999999999996,0.04909972727892445
-58.25,-8.749999999999996,0.027283516285501887
-58.083333333333336,-8.749999999999996,0.041218009032370724
-57.91666666666667,-8.749999999999996,0.03726795552707726
-57.75,-8.749999999999996,0.045952917878082054
-57.583333333333336,-8.749999999999996,0.05421673144775959
-57.41666666666667,-8.749999999999996,0.06020937440711631
-57.25,-8.749999999999996,0.058247033051031065
-57.083333333333336,-8.749999999999996,0.07309877526645393
-56.91666666666667,-8.749999999999996,0.07777324363074935
-56.75,-8.749999999999996,0.1054832548325514
-56.583333333333336,-8.749999999999996,0.10096999744440473
-56.41666666666667,-8.749999999999996,0.1004162852387936
-56.25,-8.749999999999996,0.07282395672499163
-56.083333333333336,-8.749999999999996,0.08113874737503995
-55.91666666666667,-8.749999999999996,0.08773331723165555
-55.75,-8.749999999999996,0.04543194030712642
-55.583333333333336,-8.749999999999996,0.03481366625838628
-55.41666666666667,-8.749999999999996,0.0732714064734747
-55.25,-8.749999999999996,0.06132050266042438
-55.083333333333336,-8.749999999999996,0.05333875587294436
-54.91666666666667,-8.749999999999996,0.0813504683964043
-54.75,-8.749999999999996,0.05374194787788287
-54.583333333333336,-8.749999999999996,0.05724683904095689
-54.41666666666667,-8.749999999999996,0.03969190304628661
-54.25,-8.749999999999996,0.023752068614448195
-54.083333333333336,-8.749999999999996,0.024076923043981388
-53.91666666666667,-8.749999999999996,0.01944723601361384
-53.75,-8.749999999999996,0.017971820487388438
-53.583333333333336,-8.749999999999996,0.0200696651864753
-53.41666666666667,-8.749999999999996,0.020138195952136423
-53.25,-8.749999999999996,0.02247179975745268
-53.083333333333336,-8.749999999999996,0.011720716035656234
-52.91666666666667,-8.749999999999996,0.016917700632102947
-52.75,-8.749999999999996,0.019697542444531393
-52.583333333333336,-8.749999999999996,0.01585793546127353
-52.41666666666667,-8.749999999999996,0.014656228898938865
-52.25,-8.749999999999996,0.023802521839467374
-52.083333333333336,-8.749999999999996,0.01496910314012089
-51.91666666666667,-8.749999999999996,0.014499671085157526
-51.75,-8.749999999999996,0.010034178314629388
-51.583333333333336,-8.749999999999996,0.01415383864842006
-51.41666666666667,-8.749999999999996,0.028850759242341845
-51.25,-8.749999999999996,0.02380587841809315
-51.083333333333336,-8.749999999999996,0.006425503399405485
-50.91666666666667,-8.749999999999996,0.028153628344206226
-50.75,-8.749999999999996,0.03214317713622245
-50.583333333333336,-8.749999999999996,0.04280553090296973
-50.41666666666667,-8.749999999999996,0.03581094392293015
-50.25,-8.749999999999996,0.035584131110999416
-72.91666666666667,-8.916666666666664,0.05077157307017483
-72.75,-8.916666666666664,0.05434911317810346
-72.58333333333333,-8.916666666666664,0.06946749342223138
-72.41666666666667,-8.916666666666664,0.06196774852303202
-72.25,-8.916666666666664,0.05466123157914334
-72.08333333333333,-8.916666666666664,0.03791591403502641
-71.91666666666667,-8.916666666666664,0.039512154319370676
-71.75,-8.916666666666664,0.03774824671148484
-71.58333333333333,-8.916666666666664,0.039943483889755396
-71.41666666666667,-8.916666666666664,0.04857377488724401
-71.25,-8.916666666666664,0.046956364973216015
-71.08333333333333,-8.916666666666664,0.04440333404875686
-70.91666666666667,-8.916666666666664,0.05126774450452461
-70.75,-8.916666666666664,0.05124323198930134
-70.58333333333333,-8.916666666666664,0.07053870699849041
-70.41666666666667,-8.916666666666664,0.058719294760405896
-70.25,-8.916666666666664,0.04966148605056287
-70.08333333333333,-8.916666666666664,0.05132081243310013
-69.91666666666667,-8.916666666666664,0.052107171367954244
-69.75,-8.916666666666664,0.05273004708609637
-69.58333333333333,-8.916666666666664,0.056135613582931426
-69.41666666666667,-8.916666666666664,0.01842015545034381
-69.25,-8.916666666666664,0.020506231799591608
-69.08333333333333,-8.916666666666664,0.017849786042271016
-68.91666666666667,-8.916666666666664,0.0224385439594545
-68.75,-8.916666666666664,0.03399830526405887
-68.58333333333333,-8.916666666666664,0.11818101789415332
-68.41666666666667,-8.916666666666664,0.1075086747794324
-68.25,-8.916666666666664,0.10572630449856943
-68.08333333333333,-8.916666666666664,0.11258974642749965
-67.91666666666667,-8.916666666666664,0.11879073098587407
-67.75,-8.916666666666664,0.10240286541054307
-67.58333333333333,-8.916666666666664,0.09241139184491627
-67.41666666666667,-8.916666666666664,0.24239651949801236
-67.25,-8.916666666666664,0.24898486730547048
-67.08333333333333,-8.916666666666664,0.2208877464859794
-66.91666666666667,-8.916666666666664,0.1935276246316662
-66.75,-8.916666666666664,0.17964504831266473
-66.58333333333333,-8.916666666666664,0.17990423006437986
-66.41666666666667,-8.916666666666664,0.16532954094117472
-66.25,-8.916666666666664,0.16823783495707637
-66.08333333333333,-8.916666666666664,0.1681392167194975
-65.91666666666667,-8.916666666666664,0.16412691648997302
-65.75,-8.916666666666664,0.15919091245163602
-65.58333333333333,-8.916666666666664,0.1575061801747769
-65.41666666666667,-8.916666666666664,0.16176895049457762
-65.25,-8.916666666666664,0.1655635157665363
-65.08333333333333,-8.916666666666664,0.2179283666429794
-64.91666666666667,-8.916666666666664,0.21068539899714206
-64.75,-8.916666666666664,0.17675588063329178
-64.58333333333333,-8.916666666666664,0.1996308103019946
-64.41666666666667,-8.916666666666664,0.19359891887338243
-64.25,-8.916666666666664,0.1815640826730909
-64.08333333333333,-8.916666666666664,0.1833486593900182
-63.91666666666667,-8.916666666666664,0.17754737477656357
-63.75,-8.916666666666664,0.2073784049148331
-63.583333333333336,-8.916666666666664,0.19758391120842259
-63.41666666666667,-8.916666666666664,0.18283299608204862
-63.25,-8.916666666666664,0.21001727454622787
-63.083333333333336,-8.916666666666664,0.18690410883748776
-62.91666666666667,-8.916666666666664,0.17893037990677493
-62.75,-8.916666666666664,0.17617747963889746
-62.583333333333336,-8.916666666666664,0.18344288162040048
-62.41666666666667,-8.916666666666664,0.1366353650285638
-62.25,-8.916666666666664,0.14180900953963202
-62.083333333333336,-8.916666666666664,0.1617989550597213
-61.91666666666667,-8.916666666666664,0.2696912611665304
-61.75,-8.916666666666664,0.2393064024754784
-61.583333333333336,-8.916666666666664,0.230821948639201
-61.41666666666667,-8.916666666666664,0.22005178551544324
-61.25,-8.916666666666664,0.21297799445935975
-61.083333333333336,-8.916666666666664,0.24381545265015883
-60.91666666666667,-8.916666666666664,0.2340983584233173
-60.75,-8.916666666666664,0.23246485945380993
-60.583333333333336,-8.916666666666664,0.168574976567576
-60.41666666666667,-8.916666666666664,0.19573015641156594
-60.25,-8.916666666666664,0.20817090499631824
-60.083333333333336,-8.916666666666664,0.176900721335059
-59.91666666666667,-8.916666666666664,0.14885479707533558
-59.75,-8.916666666666664,0.1407702904593917
-59.583333333333336,-8.916666666666664,0.1379714125953232
-59.41666666666667,-8.916666666666664,0.12301610510997667
-59.25,-8.916666666666664,0.1556194808394367
-59.083333333333336,-8.916666666666664,0.12783627586483143
-58.91666666666667,-8.916666666666664,0.09703911683251144
-58.75,-8.916666666666664,0.08553074624546012
-58.583333333333336,-8.916666666666664,0.04331684535830502
-58.41666666666667,-8.916666666666664,0.04262460347996893
-58.25,-8.916666666666664,0.03202432739567005
-58.083333333333336,-8.916666666666664,0.037191814591019584
-57.91666666666667,-8.916666666666664,0.04378957687062005
-57.75,-8.916666666666664,0.043300128371906034
-57.583333333333336,-8.916666666666664,0.05049799994118988
-57.41666666666667,-8.916666666666664,0.05510507856058714
-57.25,-8.916666666666664,0.04150600260743805
-57.083333333333336,-8.916666666666664,0.06525227347175051
-56.91666666666667,-8.916666666666664,0.0691872907510635
-56.75,-8.916666666666664,0.08502150763210552
-56.583333333333336,-8.916666666666664,0.10957131664913897
-56.41666666666667,-8.916666666666664,0.09408151619265431
-56.25,-8.916666666666664,0.0872875558167614
-56.083333333333336,-8.916666666666664,0.09025493050504481
-55.91666666666667,-8.916666666666664,0.07162881025337865
-55.75,-8.916666666666664,0.05146441800660353
-55.583333333333336,-8.916666666666664,0.0468249536137502
-55.41666666666667,-8.916666666666664,0.04430948503981523
-55.25,-8.916666666666664,0.042853319800663585
-55.083333333333336,-8.916666666666664,0.04151271116021816
-54.91666666666667,-8.916666666666664,0.05996206105640616
-54.75,-8.916666666666664,0.06679727901711321
-54.583333333333336,-8.916666666666664,0.040587428302895405
-54.41666666666667,-8.916666666666664,0.029990270450735174
-54.25,-8.916666666666664,0.023928617696558224
-54.083333333333336,-8.916666666666664,0.024581043416850402
-53.91666666666667,-8.916666666666664,0.019336467576170295
-53.75,-8.916666666666664,0.02122791067552819
-53.583333333333336,-8.916666666666664,0.020421980753448688
-53.41666666666667,-8.916666666666664,0.019586926304737098
-53.25,-8.916666666666664,0.02213569217696541
-53.083333333333336,-8.916666666666664,0.01483749577241013
-52.91666666666667,-8.916666666666664,0.016995418249298063
-52.75,-8.916666666666664,0.01622334223970285
-52.583333333333336,-8.916666666666664,0.02103621515637203
-52.41666666666667,-8.916666666666664,0.015869664952009022
-52.25,-8.916666666666664,0.025758867767833184
-52.083333333333336,-8.916666666666664,0.023960648311389946
-51.91666666666667,-8.916666666666664,0.014582588595643797
-51.75,-8.916666666666664,0.01067866489396595
-51.583333333333336,-8.916666666666664,0.020059519365568813
-51.41666666666667,-8.916666666666664,0.033534532037259555
-51.25,-8.916666666666664,0.040922998693264025
-51.083333333333336,-8.916666666666664,0.01851675786805837
-50.91666666666667,-8.916666666666664,0.047017806520594944
-50.75,-8.916666666666664,0.034707077021440685
-50.583333333333336,-8.916666666666664,0.03946648698118035
-50.41666666666667,-8.916666666666664,0.034590157109094674
-50.25,-8.916666666666664,0.04278968884541386
-50.083333333333336,-8.916666666666664,0.08589316183295291
-72.91666666666667,-9.08333333333333,0.04600990688859195
-72.75,-9.08333333333333,0.04840275390475464
-72.58333333333333,-9.08333333333333,0.06201890937510143
-72.41666666666667,-9.08333333333333,0.05643211592726822
-72.25,-9.08333333333333,0.05455090447279021
-72.08333333333333,-9.08333333333333,0.042474956420319
-71.91666666666667,-9.08333333333333,0.03337196225774714
-71.75,-9.08333333333333,0.03232070038533938
-71.58333333333333,-9.08333333333333,0.0420074726677954
-71.41666666666667,-9.08333333333333,0.04013414322213537
-71.25,-9.08333333333333,0.037295339976867216
-71.08333333333333,-9.08333333333333,0.04424389266168391
-70.91666666666667,-9.08333333333333,0.050912382854686036
-70.75,-9.08333333333333,0.052290093106641136
-70.58333333333333,-9.08333333333333,0.06592810776374032
-70.41666666666667,-9.08333333333333,0.04072656335572327
-70.25,-9.08333333333333,0.05728592455975568
-70.08333333333333,-9.08333333333333,0.06472183592374829
-69.91666666666667,-9.08333333333333,0.064608106107865
-69.75,-9.08333333333333,0.02035430122512328
-69.58333333333333,-9.08333333333333,0.017692758452806247
-69.41666666666667,-9.08333333333333,0.015851211172464522
-69.25,-9.08333333333333,0.016736809786772118
-69.08333333333333,-9.08333333333333,0.02202085994667163
-68.91666666666667,-9.08333333333333,0.030425645470957524
-68.75,-9.08333333333333,0.03594082266298771
-68.58333333333333,-9.08333333333333,0.12296655263359184
-68.41666666666667,-9.08333333333333,0.12166598601859359
-68.25,-9.08333333333333,0.113825968083973
-68.08333333333333,-9.08333333333333,0.11598680116902717
-67.91666666666667,-9.08333333333333,0.09627151250827175
-67.75,-9.08333333333333,0.10034455715534646
-67.58333333333333,-9.08333333333333,0.09035628664740561
-67.41666666666667,-9.08333333333333,0.20291913929743124
-67.25,-9.08333333333333,0.23352729693611562
-67.08333333333333,-9.08333333333333,0.2594457365126412
-66.91666666666667,-9.08333333333333,0.19332077116314572
-66.75,-9.08333333333333,0.18264498131586612
-66.58333333333333,-9.08333333333333,0.16325082300530802
-66.41666666666667,-9.08333333333333,0.20377060334238675
-66.25,-9.08333333333333,0.204247406474257
-66.08333333333333,-9.08333333333333,0.15824153460591056
-65.91666666666667,-9.08333333333333,0.1703631835506396
-65.75,-9.08333333333333,0.15861037707955278
-65.58333333333333,-9.08333333333333,0.15360300374186556
-65.41666666666667,-9.08333333333333,0.19352370750211617
-65.25,-9.08333333333333,0.15546016618771688
-65.08333333333333,-9.08333333333333,0.15871837553311732
-64.91666666666667,-9.08333333333333,0.1494490305078169
-64.75,-9.08333333333333,0.16614422880612106
-64.58333333333333,-9.08333333333333,0.1962959259589686
-64.41666666666667,-9.08333333333333,0.20992652509495074
-64.25,-9.08333333333333,0.2486965152886466
-64.08333333333333,-9.08333333333333,0.221596233576003
-63.91666666666667,-9.08333333333333,0.200158415919659
-63.75,-9.08333333333333,0.2269857809479358
-63.583333333333336,-9.08333333333333,0.18947333838194005
-63.41666666666667,-9.08333333333333,0.1829408291589166
-63.25,-9.08333333333333,0.2271548069474802
-63.083333333333336,-9.08333333333333,0.20469138846633503
-62.91666666666667,-9.08333333333333,0.21305840002439302
-62.75,-9.08333333333333,0.17005166177657854
-62.583333333333336,-9.08333333333333,0.16154136861053917
-62.41666666666667,-9.08333333333333,0.16707272759346564
-62.25,-9.08333333333333,0.1632401894534394
-62.083333333333336,-9.08333333333333,0.11837566040984676
-61.91666666666667,-9.08333333333333,0.250247710438304
-61.75,-9.08333333333333,0.2583197070889743
-61.583333333333336,-9.08333333333333,0.25826784954708176
-61.41666666666667,-9.08333333333333,0.24769019257527317
-61.25,-9.08333333333333,0.24959942213102404
-61.083333333333336,-9.08333333333333,0.24253967655459127
-60.91666666666667,-9.08333333333333,0.18707529558959593
-60.75,-9.08333333333333,0.21027523130612294
-60.583333333333336,-9.08333333333333,0.17925084836869412
-60.41666666666667,-9.08333333333333,0.1994540347802209
-60.25,-9.08333333333333,0.21656835947632294
-60.083333333333336,-9.08333333333333,0.20542294594318625
-59.91666666666667,-9.08333333333333,0.1595463905248147
-59.75,-9.08333333333333,0.14951822742174467
-59.583333333333336,-9.08333333333333,0.1469422105303585
-59.41666666666667,-9.08333333333333,0.1499636467243293
-59.25,-9.08333333333333,0.14963883674585696
-59.083333333333336,-9.08333333333333,0.13457206412210665
-58.91666666666667,-9.08333333333333,0.13915407202715002
-58.75,-9.08333333333333,0.0856570304601063
-58.583333333333336,-9.08333333333333,0.06508431064711159
-58.41666666666667,-9.08333333333333,0.04231959240930247
-58.25,-9.08333333333333,0.031188200568137838
-58.083333333333336,-9.08333333333333,0.04077183306235943
-57.91666666666667,-9.08333333333333,0.04925558759892619
-57.75,-9.08333333333333,0.03377891098768284
-57.583333333333336,-9.08333333333333,0.04410272622469919
-57.41666666666667,-9.08333333333333,0.053717464551484385
-57.25,-9.08333333333333,0.059628851114930735
-57.083333333333336,-9.08333333333333,0.06611250321145462
-56.91666666666667,-9.08333333333333,0.09817894966676043
-56.75,-9.08333333333333,0.1262755552504227
-56.583333333333336,-9.08333333333333,0.10829938620015155
-56.41666666666667,-9.08333333333333,0.08055412112984237
-56.25,-9.08333333333333,0.0776577610813393
-56.083333333333336,-9.08333333333333,0.11507439856540913
-55.91666666666667,-9.08333333333333,0.09802883039670182
-55.75,-9.08333333333333,0.05313626955186232
-55.583333333333336,-9.08333333333333,0.0488460116316331
-55.41666666666667,-9.08333333333333,0.04968681819347462
-55.25,-9.08333333333333,0.045443892724318515
-55.083333333333336,-9.08333333333333,0.047739182154840756
-54.91666666666667,-9.08333333333333,0.05016718988138414
-54.75,-9.08333333333333,0.05359008032710185
-54.583333333333336,-9.08333333333333,0.05207430395625089
-54.41666666666667,-9.08333333333333,0.03249187686158295
-54.25,-9.08333333333333,0.02857110451025636
-54.083333333333336,-9.08333333333333,0.022235532023966716
-53.91666666666667,-9.08333333333333,0.02073695451836695
-53.75,-9.08333333333333,0.020119878095776787
-53.583333333333336,-9.08333333333333,0.01786850881105949
-53.41666666666667,-9.08333333333333,0.021506173799662433
-53.25,-9.08333333333333,0.0194192165067334
-53.083333333333336,-9.08333333333333,0.0131033518518281
-52.91666666666667,-9.08333333333333,0.016322071971381826
-52.75,-9.08333333333333,0.020153194049119354
-52.583333333333336,-9.08333333333333,0.017549521053535747
-52.41666666666667,-9.08333333333333,0.026465638505008167
-52.25,-9.08333333333333,0.02733391673105248
-52.083333333333336,-9.08333333333333,0.037134063365637286
-51.91666666666667,-9.08333333333333,0.03914419233236745
-51.75,-9.08333333333333,0.03389258796281894
-51.583333333333336,-9.08333333333333,0.014503190689172682
-51.41666666666667,-9.08333333333333,0.032826575497486465
-51.25,-9.08333333333333,0.030006287610109386
-51.083333333333336,-9.08333333333333,0.03873308550431091
-50.91666666666667,-9.08333333333333,0.06695693039761155
-50.75,-9.08333333333333,0.07238970701682146
-50.583333333333336,-9.08333333333333,0.07446334951222737
-50.41666666666667,-9.08333333333333,0.0691365059112103
-50.25,-9.08333333333333,0.08333655248843472
-72.91666666666667,-9.249999999999996,0.04025504514112978
-72.75,-9.249999999999996,0.04185628016599379
-72.58333333333333,-9.249999999999996,0.05572912574877012
-72.41666666666667,-9.249999999999996,0.05117168199014942
-72.25,-9.249999999999996,0.04682788129562731
-72.08333333333333,-9.249999999999996,0.042191704822790714
-71.91666666666667,-9.249999999999996,0.030540525165021853
-71.75,-9.249999999999996,0.029822120263135955
-71.58333333333333,-9.249999999999996,0.03819412834600727
-71.41666666666667,-9.249999999999996,0.03708016718166284
-71.25,-9.249999999999996,0.04230932607072731
-71.08333333333333,-9.249999999999996,0.04762835250461427
-70.91666666666667,-9.249999999999996,0.052921834603507106
-70.75,-9.249999999999996,0.05999509851194049
-70.58333333333333,-9.249999999999996,0.04625422731962678
-70.41666666666667,-9.249999999999996,0.0535308744937236
-70.25,-9.249999999999996,0.05618931263829217
-70.08333333333333,-9.249999999999996,0.05899703493926928
-69.91666666666667,-9.249999999999996,0.05920445397936409
-69.75,-9.249999999999996,0.054127547088117366
-69.58333333333333,-9.249999999999996,0.020485413674098188
-69.41666666666667,-9.249999999999996,0.020616053261563766
-69.25,-9.249999999999996,0.02369222546145654
-69.08333333333333,-9.249999999999996,0.0265497092016087
-68.91666666666667,-9.249999999999996,0.03299343699291607
-68.75,-9.249999999999996,0.05335870215166707
-68.58333333333333,-9.249999999999996,0.1364764864801651
-68.41666666666667,-9.249999999999996,0.10347794559829337
-68.25,-9.249999999999996,0.11865692100494021
-68.08333333333333,-9.249999999999996,0.11867563303520498
-67.91666666666667,-9.249999999999996,0.1125966663892903
-67.75,-9.249999999999996,0.11915291354970889
-67.58333333333333,-9.249999999999996,0.09947929606027855
-67.41666666666667,-9.249999999999996,0.24256938473914097
-67.25,-9.249999999999996,0.2630325339444491
-67.08333333333333,-9.249999999999996,0.19473510524830165
-66.91666666666667,-9.249999999999996,0.19077340986409405
-66.75,-9.249999999999996,0.1700808413624486
-66.58333333333333,-9.249999999999996,0.19473885462576035
-66.41666666666667,-9.249999999999996,0.20043515882561586
-66.25,-9.249999999999996,0.19159966831247652
-66.08333333333333,-9.249999999999996,0.18584165289170987
-65.91666666666667,-9.249999999999996,0.1626732792315803
-65.75,-9.249999999999996,0.1442909027878004
-65.58333333333333,-9.249999999999996,0.17869732716101128
-65.41666666666667,-9.249999999999996,0.17886738956940032
-65.25,-9.249999999999996,0.1229879126014334
-65.08333333333333,-9.249999999999996,0.1480594044602602
-64.91666666666667,-9.249999999999996,0.1474355579603072
-64.75,-9.249999999999996,0.1534197087156884
-64.58333333333333,-9.249999999999996,0.24373892307444225
-64.41666666666667,-9.249999999999996,0.2528172170261531
-64.25,-9.249999999999996,0.20302225881220712
-64.08333333333333,-9.249999999999996,0.2119963291511467
-63.91666666666667,-9.249999999999996,0.18532076041615617
-63.75,-9.249999999999996,0.19629651275528098
-63.583333333333336,-9.249999999999996,0.22662038095829057
-63.41666666666667,-9.249999999999996,0.19365083536194438
-63.25,-9.249999999999996,0.23002511218073324
-63.083333333333336,-9.249999999999996,0.23778204518442553
-62.91666666666667,-9.249999999999996,0.21876528987619223
-62.75,-9.249999999999996,0.1913222477667663
-62.583333333333336,-9.249999999999996,0.16420707513122557
-62.41666666666667,-9.249999999999996,0.16603653941369856
-62.25,-9.249999999999996,0.1321338259989614
-62.083333333333336,-9.249999999999996,0.23870296658941736
-61.91666666666667,-9.249999999999996,0.237116197268005
-61.75,-9.249999999999996,0.25880085332751
-61.583333333333336,-9.249999999999996,0.2479171131202201
-61.41666666666667,-9.249999999999996,0.24410794225994373
-61.25,-9.249999999999996,0.23073444816970543
-61.083333333333336,-9.249999999999996,0.19156847624225673
-60.91666666666667,-9.249999999999996,0.21242638046730036
-60.75,-9.249999999999996,0.20028351453289314
-60.583333333333336,-9.249999999999996,0.19119154860243365
-60.41666666666667,-9.249999999999996,0.1953690470741427
-60.25,-9.249999999999996,0.22141651367859289
-60.083333333333336,-9.249999999999996,0.195838172885181
-59.91666666666667,-9.249999999999996,0.16327115688008334
-59.75,-9.249999999999996,0.15172979192345387
-59.583333333333336,-9.249999999999996,0.153062143593642
-59.41666666666667,-9.249999999999996,0.1596144596655448
-59.25,-9.249999999999996,0.1451239055366232
-59.083333333333336,-9.249999999999996,0.1393375476925916
-58.91666666666667,-9.249999999999996,0.12105635096338423
-58.75,-9.249999999999996,0.09252840551807591
-58.583333333333336,-9.249999999999996,0.07778221954956337
-58.41666666666667,-9.249999999999996,0.0708543799333681
-58.25,-9.249999999999996,0.03179537657284909
-58.083333333333336,-9.249999999999996,0.03720160222239686
-57.91666666666667,-9.249999999999996,0.0463570785460839
-57.75,-9.249999999999996,0.027973826811989063
-57.583333333333336,-9.249999999999996,0.02500151818819662
-57.41666666666667,-9.249999999999996,0.03511903631080598
-57.25,-9.249999999999996,0.037636656283330364
-57.083333333333336,-9.249999999999996,0.05858452575312729
-56.91666666666667,-9.249999999999996,0.08499134422023157
-56.75,-9.249999999999996,0.08634162273123941
-56.583333333333336,-9.249999999999996,0.07845285449785476
-56.41666666666667,-9.249999999999996,0.11157735872450505
-56.25,-9.249999999999996,0.16876799418261632
-56.083333333333336,-9.249999999999996,0.16992019165406214
-55.91666666666667,-9.249999999999996,0.10978877247681144
-55.75,-9.249999999999996,0.05127422514271043
-55.583333333333336,-9.249999999999996,0.04862902613304919
-55.41666666666667,-9.249999999999996,0.0562895957806186
-55.25,-9.249999999999996,0.05425632479602653
-55.083333333333336,-9.249999999999996,0.05077187520149345
-54.91666666666667,-9.249999999999996,0.055143212797589214
-54.75,-9.249999999999996,0.05141876163454925
-54.583333333333336,-9.249999999999996,0.04676304993062483
-54.41666666666667,-9.249999999999996,0.03749723104762497
-54.25,-9.249999999999996,0.03173587129162219
-54.083333333333336,-9.249999999999996,0.026015817035164472
-53.91666666666667,-9.249999999999996,0.023319343261088074
-53.75,-9.249999999999996,0.017678006339505722
-53.583333333333336,-9.249999999999996,0.01593700921592697
-53.41666666666667,-9.249999999999996,0.015544127992113311
-53.25,-9.249999999999996,0.01968237359822802
-53.083333333333336,-9.249999999999996,0.017482792045431624
-52.91666666666667,-9.249999999999996,0.01257000945710069
-52.75,-9.249999999999996,0.01644033688519029
-52.583333333333336,-9.249999999999996,0.026458052136618282
-52.41666666666667,-9.249999999999996,0.027080659701476474
-52.25,-9.249999999999996,0.040470756463470335
-52.083333333333336,-9.249999999999996,0.03599720359684028
-51.91666666666667,-9.249999999999996,0.04629927015958962
-51.75,-9.249999999999996,0.050449689852184024
-51.583333333333336,-9.249999999999996,0.023765562738989183
-51.41666666666667,-9.249999999999996,0.02577355801202327
-51.25,-9.249999999999996,0.028492473676984684
-51.083333333333336,-9.249999999999996,0.038199541858436624
-50.91666666666667,-9.249999999999996,0.05715719437504792
-50.75,-9.249999999999996,0.059746993828509044
-50.583333333333336,-9.249999999999996,0.10189314760492606
-50.41666666666667,-9.249999999999996,0.09738929658672403
-50.25,-9.249999999999996,0.09833384736074235
-72.25,-9.416666666666664,0.03591918713274967
-72.08333333333333,-9.416666666666664,0.03372994421408438
-71.91666666666667,-9.416666666666664,0.026048414685929087
-71.75,-9.416666666666664,0.027267823172133613
-71.58333333333333,-9.416666666666664,0.03368173660294696
-71.41666666666667,-9.416666666666664,0.04296185929184281
-71.25,-9.416666666666664,0.05127377934197801
-71.08333333333333,-9.416666666666664,0.04751132917869895
-70.91666666666667,-9.416666666666664,0.057420549106053334
-70.75,-9.416666666666664,0.042519595148539424
-70.58333333333333,-9.416666666666664,0.053131543207173317
-70.41666666666667,-9.416666666666664,0.047052976899870466
-70.25,-9.416666666666664,0.046118154317434296
-70.08333333333333,-9.416666666666664,0.058876654871085614
-69.91666666666667,-9.416666666666664,0.0194753833990077
-69.75,-9.416666666666664,0.019417030386900985
-69.58333333333333,-9.416666666666664,0.024434977861910043
-69.41666666666667,-9.416666666666664,0.02413458862391136
-69.25,-9.416666666666664,0.07291985958006639
-69.08333333333333,-9.416666666666664,0.08169394502304894
-68.91666666666667,-9.416666666666664,0.10027793024423559
-68.75,-9.416666666666664,0.13625756537076325
-68.58333333333333,-9.416666666666664,0.1205841048185603
-68.41666666666667,-9.416666666666664,0.10912721486992949
-68.25,-9.416666666666664,0.13124750563783358
-68.08333333333333,-9.416666666666664,0.12872534903918648
-67.91666666666667,-9.416666666666664,0.12148279034883716
-67.75,-9.416666666666664,0.1181993008605427
-67.58333333333333,-9.416666666666664,0.10528411906565248
-67.41666666666667,-9.416666666666664,0.2351422572891352
-67.25,-9.416666666666664,0.24834663245463753
-67.08333333333333,-9.416666666666664,0.22979867869597528
-66.91666666666667,-9.416666666666664,0.21598500946412463
-66.75,-9.416666666666664,0.18302820177955376
-66.58333333333333,-9.416666666666664,0.2024434627042273
-66.41666666666667,-9.416666666666664,0.20483693658547508
-66.25,-9.416666666666664,0.1832258154316788
-66.08333333333333,-9.416666666666664,0.17416485723627503
-65.91666666666667,-9.416666666666664,0.1465322784963727
-65.75,-9.416666666666664,0.1452235067560289
-65.58333333333333,-9.416666666666664,0.13524113132734727
-65.41666666666667,-9.416666666666664,0.15207306910796003
-65.25,-9.416666666666664,0.1594706347500565
-65.08333333333333,-9.416666666666664,0.1402184279631381
-64.91666666666667,-9.416666666666664,0.1446206219881472
-64.75,-9.416666666666664,0.21262112128523525
-64.58333333333333,-9.416666666666664,0.21050101411965316
-64.41666666666667,-9.416666666666664,0.19805182757882772
-64.25,-9.416666666666664,0.20264476072810753
-64.08333333333333,-9.416666666666664,0.2065724291358451
-63.91666666666667,-9.416666666666664,0.19491410692669386
-63.75,-9.416666666666664,0.2111881477721017
-63.583333333333336,-9.416666666666664,0.21009096861475637
-63.41666666666667,-9.416666666666664,0.20920903821646408
-63.25,-9.416666666666664,0.17256503191103273
-63.083333333333336,-9.416666666666664,0.18496307612377083
-62.91666666666667,-9.416666666666664,0.19865254829587578
-62.75,-9.416666666666664,0.18162055418416428
-62.583333333333336,-9.416666666666664,0.17450663978099987
-62.41666666666667,-9.416666666666664,0.1499077811678551
-62.25,-9.416666666666664,0.2593195075989902
-62.083333333333336,-9.416666666666664,0.25818335968922373
-61.91666666666667,-9.416666666666664,0.22523415316829468
-61.75,-9.416666666666664,0.24511371097469742
-61.583333333333336,-9.416666666666664,0.22928584652724535
-61.41666666666667,-9.416666666666664,0.20506891046888429
-61.25,-9.416666666666664,0.23950452341128897
-61.083333333333336,-9.416666666666664,0.2364469416647898
-60.91666666666667,-9.416666666666664,0.2103692771518001
-60.75,-9.416666666666664,0.20511723066845988
-60.583333333333336,-9.416666666666664,0.19949701012643714
-60.41666666666667,-9.416666666666664,0.1911300265356941
-60.25,-9.416666666666664,0.22787106166080007
-60.083333333333336,-9.416666666666664,0.21583731717967913
-59.91666666666667,-9.416666666666664,0.18999473413584708
-59.75,-9.416666666666664,0.15098174224906888
-59.583333333333336,-9.416666666666664,0.15578729288387005
-59.41666666666667,-9.416666666666664,0.1523483758651086
-59.25,-9.416666666666664,0.15936259934299352
-59.083333333333336,-9.416666666666664,0.15839086446424575
-58.91666666666667,-9.416666666666664,0.11590148069221978
-58.75,-9.416666666666664,0.06896403243419601
-58.583333333333336,-9.416666666666664,0.07245962278224369
-58.41666666666667,-9.416666666666664,0.0696455138401505
-58.25,-9.416666666666664,0.04045387987489511
-58.083333333333336,-9.416666666666664,0.04063520765396839
-57.91666666666667,-9.416666666666664,0.04528765448791805
-57.75,-9.416666666666664,0.038316677452130715
-57.583333333333336,-9.416666666666664,0.029614334321512767
-57.41666666666667,-9.416666666666664,0.040744665862595245
-57.25,-9.416666666666664,0.04836473463401437
-57.083333333333336,-9.416666666666664,0.05215507267596084
-56.91666666666667,-9.416666666666664,0.06027162869567726
-56.75,-9.416666666666664,0.04603847717044311
-56.583333333333336,-9.416666666666664,0.06694578635727946
-56.41666666666667,-9.416666666666664,0.08458002869333425
-56.25,-9.416666666666664,0.037030882983661584
-56.083333333333336,-9.416666666666664,0.03805524409216948
-55.91666666666667,-9.416666666666664,0.1067042811982283
-55.75,-9.416666666666664,0.05848345241252885
-55.583333333333336,-9.416666666666664,0.043752965706310765
-55.41666666666667,-9.416666666666664,0.050851172555691264
-55.25,-9.416666666666664,0.051813297129441035
-55.083333333333336,-9.416666666666664,0.04876641313210909
-54.91666666666667,-9.416666666666664,0.05599443997874843
-54.75,-9.416666666666664,0.05389965022537096
-54.583333333333336,-9.416666666666664,0.03935312271865004
-54.41666666666667,-9.416666666666664,0.031167646617594715
-54.25,-9.416666666666664,0.02715568570489851
-54.083333333333336,-9.416666666666664,0.021987259964688692
-53.91666666666667,-9.416666666666664,0.02002523153610193
-53.75,-9.416666666666664,0.022876113137535375
-53.583333333333336,-9.416666666666664,0.016025323639719667
-53.41666666666667,-9.416666666666664,0.01410131883396296
-53.25,-9.416666666666664,0.019635199962419164
-53.083333333333336,-9.416666666666664,0.015792587066864396
-52.91666666666667,-9.416666666666664,0.01472244551856501
-52.75,-9.416666666666664,0.040158576308088015
-52.583333333333336,-9.416666666666664,0.046670468239628254
-52.41666666666667,-9.416666666666664,0.03765459833345026
-52.25,-9.416666666666664,0.04112828190972886
-52.083333333333336,-9.416666666666664,0.049926781962508326
-51.91666666666667,-9.416666666666664,0.03891733021280224
-51.75,-9.416666666666664,0.04555848384115664
-51.583333333333336,-9.416666666666664,0.023718144301565013
-51.41666666666667,-9.416666666666664,0.012057722251207426
-51.25,-9.416666666666664,0.02460167907316456
-51.083333333333336,-9.416666666666664,0.04108707623223285
-50.91666666666667,-9.416666666666664,0.08574984410729107
-50.75,-9.416666666666664,0.08660978012579292
-50.583333333333336,-9.416666666666664,0.09107806855980086
-50.41666666666667,-9.416666666666664,0.09483913217673967
-50.25,-9.416666666666664,0.10616677399163406
-72.08333333333333,-9.58333333333333,0.03191108041857567
-71.91666666666667,-9.58333333333333,0.021783373253564175
-71.75,-9.58333333333333,0.028521853474705667
-71.58333333333333,-9.58333333333333,0.03816126027774361
-71.41666666666667,-9.58333333333333,0.04423057984407019
-71.25,-9.58333333333333,0.038739241424608044
-71.08333333333333,-9.58333333333333,0.055838192536427904
-70.41666666666667,-9.58333333333333,0.04209682714411776
-70.25,-9.58333333333333,0.057036978036743964
-70.08333333333333,-9.58333333333333,0.059393066647085546
-69.91666666666667,-9.58333333333333,0.052985927074275865
-69.75,-9.58333333333333,0.06638369935104904
-69.58333333333333,-9.58333333333333,0.023173127909140615
-69.41666666666667,-9.58333333333333,0.06649495346201931
-69.25,-9.58333333333333,0.06963202753347218
-69.08333333333333,-9.58333333333333,0.08750499270237416
-68.91666666666667,-9.58333333333333,0.09538488134008194
-68.75,-9.58333333333333,0.13582246935199943
-68.58333333333333,-9.58333333333333,0.12218389061620778
-68.41666666666667,-9.58333333333333,0.1299945433732043
-68.25,-9.58333333333333,0.11765130053573197
-68.08333333333333,-9.58333333333333,0.1172807655144536
-67.91666666666667,-9.58333333333333,0.11831236455343344
-67.75,-9.58333333333333,0.13208642261709352
-67.58333333333333,-9.58333333333333,0.20618637940529239
-67.41666666666667,-9.58333333333333,0.25590807376804703
-67.25,-9.58333333333333,0.20562757201035586
-67.08333333333333,-9.58333333333333,0.22660041350479898
-66.91666666666667,-9.58333333333333,0.17840612563464692
-66.75,-9.58333333333333,0.18579847814389508
-66.58333333333333,-9.58333333333333,0.19690314145269872
-66.41666666666667,-9.58333333333333,0.15703442397838765
-66.25,-9.58333333333333,0.17117426277739364
-66.08333333333333,-9.58333333333333,0.1650664058733774
-65.91666666666667,-9.58333333333333,0.18308274345350117
-65.75,-9.58333333333333,0.15576849870860698
-65.58333333333333,-9.58333333333333,0.13810675711445677
-65.41666666666667,-9.58333333333333,0.14375246717489862
-65.25,-9.58333333333333,0.13830770160590172
-65.08333333333333,-9.58333333333333,0.13631548719015177
-64.91666666666667,-9.58333333333333,0.1173527123237414
-64.75,-9.58333333333333,0.15163380974485074
-64.58333333333333,-9.58333333333333,0.1667470924368558
-64.41666666666667,-9.58333333333333,0.14654161500856197
-64.25,-9.58333333333333,0.18929112174600474
-64.08333333333333,-9.58333333333333,0.19996394906167048
-63.91666666666667,-9.58333333333333,0.15630454368219343
-63.75,-9.58333333333333,0.19434603797496947
-63.583333333333336,-9.58333333333333,0.1813834145457148
-63.41666666666667,-9.58333333333333,0.20337420684687166
-63.25,-9.58333333333333,0.1749324616918698
-63.083333333333336,-9.58333333333333,0.1813423220904842
-62.91666666666667,-9.58333333333333,0.17359499433249628
-62.75,-9.58333333333333,0.17547315433107818
-62.583333333333336,-9.58333333333333,0.317066133224362
-62.41666666666667,-9.58333333333333,0.2635510751888356
-62.25,-9.58333333333333,0.26469993650546264
-62.083333333333336,-9.58333333333333,0.24271307840635786
-61.91666666666667,-9.58333333333333,0.21623046682923402
-61.75,-9.58333333333333,0.2513728011430249
-61.583333333333336,-9.58333333333333,0.24470241103101487
-61.41666666666667,-9.58333333333333,0.20821232457915417
-61.25,-9.58333333333333,0.2506282591901677
-61.083333333333336,-9.58333333333333,0.24787027823564062
-60.91666666666667,-9.58333333333333,0.21327501301954385
-60.75,-9.58333333333333,0.21313220706678263
-60.583333333333336,-9.58333333333333,0.2392422389948403
-60.41666666666667,-9.58333333333333,0.23685787282588938
-60.25,-9.58333333333333,0.22798614290918723
-60.083333333333336,-9.58333333333333,0.20124323845232922
-59.91666666666667,-9.58333333333333,0.16603335596290011
-59.75,-9.58333333333333,0.15357148923274638
-59.583333333333336,-9.58333333333333,0.14971810077236122
-59.41666666666667,-9.58333333333333,0.16238617329895078
-59.25,-9.58333333333333,0.15905641223207911
-59.083333333333336,-9.58333333333333,0.12687927601668397
-58.91666666666667,-9.58333333333333,0.0864820989773482
-58.75,-9.58333333333333,0.06033908278874258
-58.583333333333336,-9.58333333333333,0.06859392064092416
-58.41666666666667,-9.58333333333333,0.06642350159569015
-58.25,-9.58333333333333,0.07990282377116784
-58.083333333333336,-9.58333333333333,0.06654181552429474
-57.91666666666667,-9.58333333333333,0.03748328206935739
-57.75,-9.58333333333333,0.042343793540478104
-57.583333333333336,-9.58333333333333,0.03698364634250125
-57.41666666666667,-9.58333333333333,0.048834357616906264
-57.25,-9.58333333333333,0.044761452020442974
-57.083333333333336,-9.58333333333333,0.06067591627027669
-56.91666666666667,-9.58333333333333,0.06506324734479704
-56.75,-9.58333333333333,0.037950959767841366
-56.583333333333336,-9.58333333333333,0.04687552331733824
-56.41666666666667,-9.58333333333333,0.14857572531127392
-56.25,-9.58333333333333,0.17061323135814993
-56.083333333333336,-9.58333333333333,0.10425026737913849
-55.91666666666667,-9.58333333333333,0.0916615367413685
-55.75,-9.58333333333333,0.033891082510034864
-55.583333333333336,-9.58333333333333,0.033284063149927705
-55.41666666666667,-9.58333333333333,0.04460928820465346
-55.25,-9.58333333333333,0.04592960003479248
-55.083333333333336,-9.58333333333333,0.04195303357683861
-54.91666666666667,-9.58333333333333,0.043119745815649584
-54.75,-9.58333333333333,0.04655494290961689
-54.583333333333336,-9.58333333333333,0.0277148251073722
-54.41666666666667,-9.58333333333333,0.02456247094838744
-54.25,-9.58333333333333,0.027418507489478716
-54.083333333333336,-9.58333333333333,0.02220895937148169
-53.91666666666667,-9.58333333333333,0.017460492094278204
-53.75,-9.58333333333333,0.017280816364254284
-53.583333333333336,-9.58333333333333,0.017936789466096524
-53.41666666666667,-9.58333333333333,0.01961322113950096
-53.25,-9.58333333333333,0.018121455083766266
-53.083333333333336,-9.58333333333333,0.028479018752898502
-52.91666666666667,-9.58333333333333,0.04236584979102541
-52.75,-9.58333333333333,0.04534130901418994
-52.583333333333336,-9.58333333333333,0.04566488677506907
-52.41666666666667,-9.58333333333333,0.04381013642334448
-52.25,-9.58333333333333,0.04794998755460858
-52.083333333333336,-9.58333333333333,0.049962149593047206
-51.91666666666667,-9.58333333333333,0.03266802215094506
-51.75,-9.58333333333333,0.039605861277951494
-51.583333333333336,-9.58333333333333,0.041734669201688834
-51.41666666666667,-9.58333333333333,0.018303070870615806
-51.25,-9.58333333333333,0.028925020398341692
-51.083333333333336,-9.58333333333333,0.078006197230807
-50.91666666666667,-9.58333333333333,0.08447629824472219
-50.75,-9.58333333333333,0.07989707733167595
-50.583333333333336,-9.58333333333333,0.05076536906271298
-50.41666666666667,-9.58333333333333,0.06136820002928315
-50.25,-9.58333333333333,0.07558544249282868
-72.08333333333333,-9.749999999999996,0.016696992030494462
-71.91666666666667,-9.749999999999996,0.027141379356667644
-71.75,-9.749999999999996,0.036096058102137646
-71.58333333333333,-9.749999999999996,0.035466099441454804
-71.41666666666667,-9.749999999999996,0.03619560243851619
-71.25,-9.749999999999996,0.03511690354364025
-70.41666666666667,-9.749999999999996,0.04617949079469687
-70.25,-9.749999999999996,0.05253998064722003
-70.08333333333333,-9.749999999999996,0.05379614661904338
-69.91666666666667,-9.749999999999996,0.0674289438797175
-69.75,-9.749999999999996,0.0595157055860374
-69.58333333333333,-9.749999999999996,0.05778361361989862
-69.41666666666667,-9.749999999999996,0.07123465784883751
-69.25,-9.749999999999996,0.08209260228886801
-69.08333333333333,-9.749999999999996,0.08886153157830397
-68.91666666666667,-9.749999999999996,0.1163964265830652
-68.75,-9.749999999999996,0.12034373267568535
-68.58333333333333,-9.749999999999996,0.08790767200973425
-68.41666666666667,-9.749999999999996,0.11537656258934226
-68.25,-9.749999999999996,0.11875500453545183
-68.08333333333333,-9.749999999999996,0.11637370694989171
-67.91666666666667,-9.749999999999996,0.11611776430602498
-67.75,-9.749999999999996,0.11644426133466194
-67.58333333333333,-9.749999999999996,0.10988594008339106
-67.41666666666667,-9.749999999999996,0.197008623391358
-67.25,-9.749999999999996,0.1659598429444307
-67.08333333333333,-9.749999999999996,0.18417861753535283
-66.91666666666667,-9.749999999999996,0.16511653063283346
-66.75,-9.749999999999996,0.17066045712229522
-66.58333333333333,-9.749999999999996,0.16466259752168325
-66.41666666666667,-9.749999999999996,0.13813498032821417
-65.08333333333333,-9.749999999999996,0.14432988782507736
-64.91666666666667,-9.749999999999996,0.1508955720042667
-64.75,-9.749999999999996,0.1610565456132003
-64.58333333333333,-9.749999999999996,0.12166418303940259
-64.41666666666667,-9.749999999999996,0.14379262049271307
-64.25,-9.749999999999996,0.1916109733180398
-64.08333333333333,-9.749999999999996,0.1913562381885141
-63.91666666666667,-9.749999999999996,0.2079307283467797
-63.75,-9.749999999999996,0.17118672860300496
-63.583333333333336,-9.749999999999996,0.17540204419266975
-63.41666666666667,-9.749999999999996,0.1730313350058114
-63.25,-9.749999999999996,0.1624140452882111
-63.083333333333336,-9.749999999999996,0.17174066878254352
-62.91666666666667,-9.749999999999996,0.15677133580081415
-62.75,-9.749999999999996,0.2979461367396478
-62.583333333333336,-9.749999999999996,0.2733574299580734
-62.41666666666667,-9.749999999999996,0.25488484954637286
-62.25,-9.749999999999996,0.23686807690181738
-62.083333333333336,-9.749999999999996,0.23683634680394972
-61.91666666666667,-9.749999999999996,0.2351538473039906
-61.75,-9.749999999999996,0.25025571520009676
-61.583333333333336,-9.749999999999996,0.2525290242726161
-61.41666666666667,-9.749999999999996,0.22156755851920595
-61.25,-9.749999999999996,0.24748330985382588
-61.083333333333336,-9.749999999999996,0.24511393353665797
-60.91666666666667,-9.749999999999996,0.23877011018084554
-60.75,-9.749999999999996,0.23187569015599577
-60.583333333333336,-9.749999999999996,0.2457166394310674
-60.41666666666667,-9.749999999999996,0.24496436153618134
-60.25,-9.749999999999996,0.1946585682970648
-60.083333333333336,-9.749999999999996,0.21541523226590983
-59.91666666666667,-9.749999999999996,0.18716250163397924
-59.75,-9.749999999999996,0.15874070469187296
-59.583333333333336,-9.749999999999996,0.15613227860329287
-59.41666666666667,-9.749999999999996,0.16698408464992198
-59.25,-9.749999999999996,0.16646220012397553
-59.083333333333336,-9.749999999999996,0.16604093323217547
-58.91666666666667,-9.749999999999996,0.13653516368859345
-58.75,-9.749999999999996,0.09402875762567718
-58.583333333333336,-9.749999999999996,0.07773372672679002
-58.41666666666667,-9.749999999999996,0.06618128976862592
-58.25,-9.749999999999996,0.06276691918828232
-58.083333333333336,-9.749999999999996,0.06962683957250884
-57.91666666666667,-9.749999999999996,0.07365885810269938
-57.75,-9.749999999999996,0.0441013592598722
-57.583333333333336,-9.749999999999996,0.033451453488818665
-57.41666666666667,-9.749999999999996,0.04729025615597178
-57.25,-9.749999999999996,0.06455713070925913
-57.083333333333336,-9.749999999999996,0.04152299262314619
-56.91666666666667,-9.749999999999996,0.06233297954198264
-56.75,-9.749999999999996,0.0518282293525926
-56.583333333333336,-9.749999999999996,0.05367269759136453
-56.41666666666667,-9.749999999999996,0.09474923965742305
-56.25,-9.749999999999996,0.14996708852660623
-56.083333333333336,-9.749999999999996,0.188029381924586
-55.91666666666667,-9.749999999999996,0.16899151237316623
-55.75,-9.749999999999996,0.21295045134867077
-55.583333333333336,-9.749999999999996,0.1394082902140537
-55.41666666666667,-9.749999999999996,0.06585008977238584
-55.25,-9.749999999999996,0.06721473556285767
-55.083333333333336,-9.749999999999996,0.025859708980677888
-54.91666666666667,-9.749999999999996,0.04892729374459841
-54.75,-9.749999999999996,0.031507560718629236
-54.583333333333336,-9.749999999999996,0.03529972092242549
-54.41666666666667,-9.749999999999996,0.030740499216023003
-54.25,-9.749999999999996,0.02524410478481042
-54.083333333333336,-9.749999999999996,0.01939643226928055
-53.91666666666667,-9.749999999999996,0.01706556853437249
-53.75,-9.749999999999996,0.020916988905320708
-53.583333333333336,-9.749999999999996,0.024245245981650818
-53.41666666666667,-9.749999999999996,0.019251442702389654
-53.25,-9.749999999999996,0.016728628148618887
-53.083333333333336,-9.749999999999996,0.02765329343117462
-52.91666666666667,-9.749999999999996,0.03244181623368434
-52.75,-9.749999999999996,0.04128744975452441
-52.583333333333336,-9.749999999999996,0.041582560254251784
-52.41666666666667,-9.749999999999996,0.04762265790769294
-52.25,-9.749999999999996,0.05313470645361569
-52.083333333333336,-9.749999999999996,0.056926568768629206
-51.91666666666667,-9.749999999999996,0.04812475833497566
-51.75,-9.749999999999996,0.0309353048026974
-51.583333333333336,-9.749999999999996,0.029621505170610164
-51.41666666666667,-9.749999999999996,0.02374579997699658
-51.25,-9.749999999999996,0.058336759520075124
-51.083333333333336,-9.749999999999996,0.05988861383198441
-50.91666666666667,-9.749999999999996,0.051189870985693116
-50.75,-9.749999999999996,0.050335026423879534
-50.583333333333336,-9.749999999999996,0.06710924410975783
-70.41666666666667,-9.916666666666664,0.0473980608391103
-70.25,-9.916666666666664,0.04949095781126589
-70.08333333333333,-9.916666666666664,0.04892336082993211
-69.91666666666667,-9.916666666666664,0.0495724464148867
-69.75,-9.916666666666664,0.05615782491396373
-69.58333333333333,-9.916666666666664,0.06961999333688511
-69.41666666666667,-9.916666666666664,0.07702391352880937
-69.25,-9.916666666666664,0.07809730937696481
-69.08333333333333,-9.916666666666664,0.10094862792746695
-68.91666666666667,-9.916666666666664,0.11348695992301527
-68.75,-9.916666666666664,0.08350529008062456
-68.58333333333333,-9.916666666666664,0.114545085778178
-68.41666666666667,-9.916666666666664,0.12405220020420145
-68.25,-9.916666666666664,0.11648560599155533
-68.08333333333333,-9.916666666666664,0.10807205915231895
-67.91666666666667,-9.916666666666664,0.11190831988730073
-67.75,-9.916666666666664,0.124034096178308
-67.58333333333333,-9.916666666666664,0.12462402172325655
-67.41666666666667,-9.916666666666664,0.1876950367067734
-67.25,-9.916666666666664,0.16945901700763655
-67.08333333333333,-9.916666666666664,0.16336019428449036
-66.91666666666667,-9.916666666666664,0.16518952866448297
-65.08333333333333,-9.916666666666664,0.1463016346406986
-64.91666666666667,-9.916666666666664,0.15421502770407275
-64.75,-9.916666666666664,0.14789824365774137
-64.58333333333333,-9.916666666666664,0.12278827576944285
-64.41666666666667,-9.916666666666664,0.15789540398230528
-64.25,-9.916666666666664,0.17494277955984025
-64.08333333333333,-9.916666666666664,0.19137666114269591
-63.91666666666667,-9.916666666666664,0.14636686552278194
-63.75,-9.916666666666664,0.16599299900540376
-63.583333333333336,-9.916666666666664,0.21472828094184337
-63.41666666666667,-9.916666666666664,0.1648776256510381
-63.25,-9.916666666666664,0.1670836262114584
-63.083333333333336,-9.916666666666664,0.22981558433540464
-62.91666666666667,-9.916666666666664,0.27254097284716855
-62.75,-9.916666666666664,0.2866868677837609
-62.583333333333336,-9.916666666666664,0.26442770864594073
-62.41666666666667,-9.916666666666664,0.24002611175492744
-62.25,-9.916666666666664,0.2343809921856844
-62.083333333333336,-9.916666666666664,0.23338535732762739
-61.91666666666667,-9.916666666666664,0.25720585456934325
-61.75,-9.916666666666664,0.28479431346662165
-61.583333333333336,-9.916666666666664,0.2734355964929649
-61.41666666666667,-9.916666666666664,0.24683983509118046
-61.25,-9.916666666666664,0.2799970859090787
-61.083333333333336,-9.916666666666664,0.23157643885606383
-60.91666666666667,-9.916666666666664,0.24205445780865684
-60.75,-9.916666666666664,0.22262424287924135
-60.583333333333336,-9.916666666666664,0.245518031370565
-60.41666666666667,-9.916666666666664,0.2454324469102235
-60.25,-9.916666666666664,0.1821838255756782
-60.083333333333336,-9.916666666666664,0.23095707863059914
-59.91666666666667,-9.916666666666664,0.18840246374969508
-59.75,-9.916666666666664,0.16272290556036373
-59.583333333333336,-9.916666666666664,0.1656549928294647
-59.41666666666667,-9.916666666666664,0.1471186360779248
-59.25,-9.916666666666664,0.17236929147239183
-59.083333333333336,-9.916666666666664,0.15967393539645625
-58.91666666666667,-9.916666666666664,0.16084392474762826
-58.75,-9.916666666666664,0.13164667759169235
-58.583333333333336,-9.916666666666664,0.0915381786403019
-58.41666666666667,-9.916666666666664,0.06634758819821658
-58.25,-9.916666666666664,0.07199630526875067
-58.083333333333336,-9.916666666666664,0.08789107957255654
-57.91666666666667,-9.916666666666664,0.08574780506963091
-57.75,-9.916666666666664,0.0865828669393114
-57.583333333333336,-9.916666666666664,0.04664366502112403
-57.41666666666667,-9.916666666666664,0.05182882409370799
-57.25,-9.916666666666664,0.04533891815129164
-57.083333333333336,-9.916666666666664,0.046159970078471814
-56.91666666666667,-9.916666666666664,0.04867093734582193
-56.75,-9.916666666666664,0.06384121398066021
-56.583333333333336,-9.916666666666664,0.0674704577539579
-56.41666666666667,-9.916666666666664,0.054261936375094945
-56.25,-9.916666666666664,0.0930170725452432
-56.083333333333336,-9.916666666666664,0.15479701513618363
-55.91666666666667,-9.916666666666664,0.1615911949730356
-55.75,-9.916666666666664,0.1570292363774499
-55.583333333333336,-9.916666666666664,0.09093377588655582
-55.41666666666667,-9.916666666666664,0.0907675709059084
-55.25,-9.916666666666664,0.14605646548620063
-55.083333333333336,-9.916666666666664,0.1941211469445869
-54.91666666666667,-9.916666666666664,0.09201264334724624
-54.75,-9.916666666666664,0.01915915404899867
-54.583333333333336,-9.916666666666664,0.02201648317644007
-54.41666666666667,-9.916666666666664,0.033623211606395566
-54.25,-9.916666666666664,0.015031332038081916
-54.083333333333336,-9.916666666666664,0.02216825184193958
-53.91666666666667,-9.916666666666664,0.019011895140562042
-53.75,-9.916666666666664,0.03213216521745621
-53.583333333333336,-9.916666666666664,0.04008060771071378
-53.41666666666667,-9.916666666666664,0.05263768341494522
-53.25,-9.916666666666664,0.03923789236194989
-53.083333333333336,-9.916666666666664,0.0411132521260979
-52.91666666666667,-9.916666666666664,0.05133073661720372
-52.75,-9.916666666666664,0.04564029656695666
-52.583333333333336,-9.916666666666664,0.044315188048187903
-52.41666666666667,-9.916666666666664,0.051441026177587654
-52.25,-9.916666666666664,0.03471617707929892
-52.083333333333336,-9.916666666666664,0.025404438408025063
-51.91666666666667,-9.916666666666664,0.02627793509607144
-51.75,-9.916666666666664,0.05244141078914194
-51.583333333333336,-9.916666666666664,0.03223815388027397
-51.41666666666667,-9.916666666666664,0.018360265956529648
-51.25,-9.916666666666664,0.04940756228330195
-51.083333333333336,-9.916666666666664,0.054674518879625884
-50.91666666666667,-9.916666666666664,0.0547381604135886
-50.75,-9.916666666666664,0.06079203895143645
-50.583333333333336,-9.916666666666664,0.0724916807901176
-70.41666666666667,-10.08333333333333,0.04888422594658222
-70.25,-10.08333333333333,0.046609013783776285
-70.08333333333333,-10.08333333333333,0.04511318340819481
-69.91666666666667,-10.08333333333333,0.05089260745985912
-69.75,-10.08333333333333,0.06251288346612952
-69.58333333333333,-10.08333333333333,0.06665113847414492
-69.41666666666667,-10.08333333333333,0.06635589102332304
-69.25,-10.08333333333333,0.07354902875155245
-69.08333333333333,-10.08333333333333,0.110233088499082
-68.91666666666667,-10.08333333333333,0.07865895287574862
-68.75,-10.08333333333333,0.10125013443207773
-68.58333333333333,-10.08333333333333,0.11728913219985763
-68.41666666666667,-10.08333333333333,0.1239257856761391
-68.25,-10.08333333333333,0.12858386662909913
-68.08333333333333,-10.08333333333333,0.11588322506144372
-67.91666666666667,-10.08333333333333,0.10434861990994782
-67.75,-10.08333333333333,0.11783181686235743
-67.58333333333333,-10.08333333333333,0.13602189038942944
-67.41666666666667,-10.08333333333333,0.1379824335767713
-67.25,-10.08333333333333,0.1630212796069061
-67.08333333333333,-10.08333333333333,0.15783262725808622
-65.08333333333333,-10.08333333333333,0.13227960232827957
-64.91666666666667,-10.08333333333333,0.14831306952131756
-64.75,-10.08333333333333,0.14508890190185028
-64.58333333333333,-10.08333333333333,0.12453242173916194
-64.41666666666667,-10.08333333333333,0.1413642908598971
-64.25,-10.08333333333333,0.1569514400935824
-64.08333333333333,-10.08333333333333,0.1810478529091453
-63.91666666666667,-10.08333333333333,0.14187043441592248
-63.75,-10.08333333333333,0.1640284827962688
-63.583333333333336,-10.08333333333333,0.18510286073772217
-63.41666666666667,-10.08333333333333,0.1386864091559256
-63.25,-10.08333333333333,0.2545419767077914
-63.083333333333336,-10.08333333333333,0.22053882624027252
-62.91666666666667,-10.08333333333333,0.25357131422428625
-62.75,-10.08333333333333,0.250376437678781
-62.583333333333336,-10.08333333333333,0.22531344154159055
-62.41666666666667,-10.08333333333333,0.2258072493433208
-62.25,-10.08333333333333,0.2545516811077291
-62.083333333333336,-10.08333333333333,0.22006832628977469
-61.91666666666667,-10.08333333333333,0.28913543398159847
-61.75,-10.08333333333333,0.2892865546753268
-61.583333333333336,-10.08333333333333,0.25294685963554575
-61.41666666666667,-10.08333333333333,0.24791414671776948
-61.25,-10.08333333333333,0.2511194811491696
-61.083333333333336,-10.08333333333333,0.2283227813187483
-60.91666666666667,-10.08333333333333,0.2460412135943445
-60.75,-10.08333333333333,0.2368401257260144
-60.583333333333336,-10.08333333333333,0.24445892802160413
-60.41666666666667,-10.08333333333333,0.2587296447904239
-60.25,-10.08333333333333,0.2174614974318721
-60.083333333333336,-10.08333333333333,0.23182122063961383
-59.91666666666667,-10.08333333333333,0.17749312175196913
-59.75,-10.08333333333333,0.17568106706997044
-59.583333333333336,-10.08333333333333,0.17865144651771167
-59.41666666666667,-10.08333333333333,0.20676426580553728
-59.25,-10.08333333333333,0.17857937789831474
-59.083333333333336,-10.08333333333333,0.16520931386212234
-58.91666666666667,-10.08333333333333,0.18865966627018915
-58.75,-10.08333333333333,0.14555866481013605
-58.583333333333336,-10.08333333333333,0.11901628299549885
-58.41666666666667,-10.08333333333333,0.09622682940208103
-58.25,-10.08333333333333,0.10019660037070206
-58.083333333333336,-10.08333333333333,0.09446257087079361
-57.91666666666667,-10.08333333333333,0.084172163501692
-57.75,-10.08333333333333,0.07450503317275474
-57.583333333333336,-10.08333333333333,0.11712358277028614
-57.41666666666667,-10.08333333333333,0.057305794762750904
-57.25,-10.08333333333333,0.05086218687751947
-57.083333333333336,-10.08333333333333,0.05774522802898553
-56.91666666666667,-10.08333333333333,0.04802220044549982
-56.75,-10.08333333333333,0.061034046838515016
-56.583333333333336,-10.08333333333333,0.060480218132409634
-56.41666666666667,-10.08333333333333,0.056040145647363766
-56.25,-10.08333333333333,0.05100787265812058
-56.083333333333336,-10.08333333333333,0.0320396313738489
-55.91666666666667,-10.08333333333333,0.047049016494810594
-55.75,-10.08333333333333,0.041321072931122055
-55.583333333333336,-10.08333333333333,0.03031287502246752
-55.41666666666667,-10.08333333333333,0.030878170226357676
-55.25,-10.08333333333333,0.04568233214416975
-55.083333333333336,-10.08333333333333,0.11505467753641577
-54.91666666666667,-10.08333333333333,0.1135189067772609
-54.75,-10.08333333333333,0.04109537402691361
-54.583333333333336,-10.08333333333333,0.036954570063156375
-54.41666666666667,-10.08333333333333,0.03245272604329563
-54.25,-10.08333333333333,0.026596475238321846
-54.083333333333336,-10.08333333333333,0.026655203518449008
-53.91666666666667,-10.08333333333333,0.026023977150632156
-53.75,-10.08333333333333,0.030150671324926277
-53.583333333333336,-10.08333333333333,0.04321597164126624
-53.41666666666667,-10.08333333333333,0.04097675554895965
-53.25,-10.08333333333333,0.04953463032884283
-53.083333333333336,-10.08333333333333,0.053342840747164104
-52.91666666666667,-10.08333333333333,0.06135691857296572
-52.75,-10.08333333333333,0.0518836263915163
-52.583333333333336,-10.08333333333333,0.037984697632165984
-52.41666666666667,-10.08333333333333,0.04552396121368454
-52.25,-10.08333333333333,0.025789239137499514
-52.083333333333336,-10.08333333333333,0.033616120459912364
-51.91666666666667,-10.08333333333333,0.03430723472487776
-51.75,-10.08333333333333,0.039830213134836645
-51.583333333333336,-10.08333333333333,0.04462772776964352
-51.41666666666667,-10.08333333333333,0.03612016392393309
-51.25,-10.08333333333333,0.05508416198639063
-51.083333333333336,-10.08333333333333,0.05112932769066737
-50.91666666666667,-10.08333333333333,0.05667010424804219
-50.75,-10.08333333333333,0.06677160955623226
-50.583333333333336,-10.08333333333333,0.08085674711985485
-70.41666666666667,-10.249999999999996,0.040971562841543456
-70.25,-10.249999999999996,0.04460790052134008
-70.08333333333333,-10.249999999999996,0.047643851887197164
-69.91666666666667,-10.249999999999996,0.05330124284018449
-69.75,-10.249999999999996,0.051960053190283316
-69.58333333333333,-10.249999999999996,0.05851810790110315
-69.41666666666667,-10.249999999999996,0.09020111002641684
-69.25,-10.249999999999996,0.09329738785864855
-69.08333333333333,-10.249999999999996,0.09262394557795356
-68.91666666666667,-10.249999999999996,0.07815133381082855
-68.75,-10.249999999999996,0.09793983886363679
-68.58333333333333,-10.249999999999996,0.10747412821114848
-68.41666666666667,-10.249999999999996,0.11994861049591714
-68.25,-10.249999999999996,0.11949270877631621
-68.08333333333333,-10.249999999999996,0.11870341434689262
-67.91666666666667,-10.249999999999996,0.0977204712343944
-67.75,-10.249999999999996,0.11319933898266277
-67.58333333333333,-10.249999999999996,0.10827750591601777
-67.41666666666667,-10.249999999999996,0.14914193542892634
-67.25,-10.249999999999996,0.10875737000578059
-65.08333333333333,-10.249999999999996,0.14542838511390094
-64.91666666666667,-10.249999999999996,0.1361867640252541
-64.75,-10.249999999999996,0.13080426466666578
-64.58333333333333,-10.249999999999996,0.12154652692029314
-64.41666666666667,-10.249999999999996,0.13435915334362417
-64.25,-10.249999999999996,0.1771510346758261
-64.08333333333333,-10.249999999999996,0.17054474727635258
-63.91666666666667,-10.249999999999996,0.1380411726614495
-63.75,-10.249999999999996,0.19169825339722826
-63.583333333333336,-10.249999999999996,0.1838248916654733
-63.41666666666667,-10.249999999999996,0.12522805103472937
-63.25,-10.249999999999996,0.24137350571556074
-63.083333333333336,-10.249999999999996,0.2603381305500952
-62.91666666666667,-10.249999999999996,0.2641675174214378
-62.75,-10.249999999999996,0.2415957494334829
-62.583333333333336,-10.249999999999996,0.2009225141644526
-62.41666666666667,-10.249999999999996,0.23754509830855783
-62.25,-10.249999999999996,0.1969170381441602
-62.083333333333336,-10.249999999999996,0.26605378578481204
-61.91666666666667,-10.249999999999996,0.28298850796374575
-61.75,-10.249999999999996,0.2921968111680395
-61.583333333333336,-10.249999999999996,0.2196720451576442
-61.41666666666667,-10.249999999999996,0.21141330910706665
-61.25,-10.249999999999996,0.22536026294929537
-61.083333333333336,-10.249999999999996,0.27597956924778466
-60.91666666666667,-10.249999999999996,0.24558378832462485
-60.75,-10.249999999999996,0.24518534104947132
-60.583333333333336,-10.249999999999996,0.24499167274742428
-60.41666666666667,-10.249999999999996,0.27199303137521563
-60.25,-10.249999999999996,0.24447929745144562
-60.083333333333336,-10.249999999999996,0.22488258306261044
-59.91666666666667,-10.249999999999996,0.1757988984957259
-59.75,-10.249999999999996,0.19069907522685425
-59.583333333333336,-10.249999999999996,0.1673725253958685
-59.41666666666667,-10.249999999999996,0.16716562347122046
-59.25,-10.249999999999996,0.12635969492924146
-59.083333333333336,-10.249999999999996,0.1692254811484091
-58.91666666666667,-10.249999999999996,0.16738652089451458
-58.75,-10.249999999999996,0.18434922751763394
-58.583333333333336,-10.249999999999996,0.12341983335348033
-58.41666666666667,-10.249999999999996,0.11211006394044135
-58.25,-10.249999999999996,0.1231316101997628
-58.083333333333336,-10.249999999999996,0.14277965297541112
-57.91666666666667,-10.249999999999996,0.13323319028567715
-57.75,-10.249999999999996,0.09552994087161674
-57.583333333333336,-10.249999999999996,0.1220812910834457
-57.41666666666667,-10.249999999999996,0.06742331845544909
-57.25,-10.249999999999996,0.02966303743772391
-57.083333333333336,-10.249999999999996,0.04829674448527768
-56.91666666666667,-10.249999999999996,0.055593585117618624
-56.75,-10.249999999999996,0.06729720429952751
-56.583333333333336,-10.249999999999996,0.05560774503149304
-56.41666666666667,-10.249999999999996,0.053122539278676335
-56.25,-10.249999999999996,0.03054914098100777
-56.083333333333336,-10.249999999999996,0.03502588745249136
-55.91666666666667,-10.249999999999996,0.03866588448424415
-55.75,-10.249999999999996,0.030206355677918562
-55.583333333333336,-10.249999999999996,0.021500621889017357
-55.41666666666667,-10.249999999999996,0.08869454668967293
-55.25,-10.249999999999996,0.049926039221049136
-55.083333333333336,-10.249999999999996,0.08935265933512461
-54.91666666666667,-10.249999999999996,0.08833124418490244
-54.75,-10.249999999999996,0.02976437430972426
-54.583333333333336,-10.249999999999996,0.027195590445693398
-54.41666666666667,-10.249999999999996,0.025188741697132616
-54.25,-10.249999999999996,0.031062769546719993
-54.083333333333336,-10.249999999999996,0.02593130260973476
-53.91666666666667,-10.249999999999996,0.04289599541012686
-53.75,-10.249999999999996,0.04694205226779873
-53.583333333333336,-10.249999999999996,0.04562039759398324
-53.41666666666667,-10.249999999999996,0.045008697818938966
-53.25,-10.249999999999996,0.05289855978928507
-53.083333333333336,-10.249999999999996,0.06097546507245522
-52.91666666666667,-10.249999999999996,0.06665164779251327
-52.75,-10.249999999999996,0.06371291689966424
-52.583333333333336,-10.249999999999996,0.04681747983159542
-52.41666666666667,-10.249999999999996,0.021682183153750093
-52.25,-10.249999999999996,0.03072280101938289
-52.083333333333336,-10.249999999999996,0.04461672821818707
-51.91666666666667,-10.249999999999996,0.047694473241165304
-51.75,-10.249999999999996,0.039089643072806386
-51.583333333333336,-10.249999999999996,0.04031612438953842
-51.41666666666667,-10.249999999999996,0.032751738398051504
-51.25,-10.249999999999996,0.05703435375106034
-51.083333333333336,-10.249999999999996,0.057036919917873415
-50.91666666666667,-10.249999999999996,0.06091954732071762
-50.75,-10.249999999999996,0.06520629677820099
-70.41666666666667,-10.416666666666664,0.049665207632434684
-70.25,-10.416666666666664,0.039400957238172524
-70.08333333333333,-10.416666666666664,0.0454485808422659
-69.91666666666667,-10.416666666666664,0.049414819837192134
-69.75,-10.416666666666664,0.05523925626742296
-69.58333333333333,-10.416666666666664,0.07972513832310772
-69.41666666666667,-10.416666666666664,0.07381542473718898
-69.25,-10.416666666666664,0.052995938725724466
-69.08333333333333,-10.416666666666664,0.062117844956113125
-68.91666666666667,-10.416666666666664,0.0759674765259931
-68.75,-10.416666666666664,0.08239995417169137
-68.58333333333333,-10.416666666666664,0.09624177024359591
-68.41666666666667,-10.416666666666664,0.09806447100476105
-68.25,-10.416666666666664,0.11040288280886186
-68.08333333333333,-10.416666666666664,0.11627460188107805
-67.91666666666667,-10.416666666666664,0.10376144271368326
-67.75,-10.416666666666664,0.10651874142327203
-65.25,-10.416666666666664,0.11938807216207932
-65.08333333333333,-10.416666666666664,0.1366186450014713
-64.91666666666667,-10.416666666666664,0.14160628954200483
-64.75,-10.416666666666664,0.13578261615365803
-64.58333333333333,-10.416666666666664,0.17602344517470675
-64.41666666666667,-10.416666666666664,0.18854742378673184
-64.25,-10.416666666666664,0.18008517490254325
-64.08333333333333,-10.416666666666664,0.1890309472803645
-63.91666666666667,-10.416666666666664,0.14250157909710442
-63.75,-10.416666666666664,0.21548899494944873
-63.583333333333336,-10.416666666666664,0.18300111589242007
-63.41666666666667,-10.416666666666664,0.18441633721916556
-63.25,-10.416666666666664,0.21332202865170755
-63.083333333333336,-10.416666666666664,0.22609720882743994
-62.91666666666667,-10.416666666666664,0.21509745638635291
-62.75,-10.416666666666664,0.16589249185381455
-62.583333333333336,-10.416666666666664,0.19176570849512076
-62.41666666666667,-10.416666666666664,0.21079616364265905
-62.25,-10.416666666666664,0.21441617901699875
-62.083333333333336,-10.416666666666664,0.24291015528598464
-61.91666666666667,-10.416666666666664,0.24803754435902683
-61.75,-10.416666666666664,0.29046651150187935
-61.583333333333336,-10.416666666666664,0.2704041192848774
-61.41666666666667,-10.416666666666664,0.20696841540403668
-61.25,-10.416666666666664,0.22165137125556233
-61.083333333333336,-10.416666666666664,0.2758721033693882
-60.91666666666667,-10.416666666666664,0.27221044266748373
-60.75,-10.416666666666664,0.24827677929443434
-60.583333333333336,-10.416666666666664,0.26421084123993593
-60.41666666666667,-10.416666666666664,0.2805841715765606
-60.25,-10.416666666666664,0.24632430402669206
-60.083333333333336,-10.416666666666664,0.18393929871985915
-59.91666666666667,-10.416666666666664,0.2039690273562793
-59.75,-10.416666666666664,0.1893529649318051
-59.583333333333336,-10.416666666666664,0.13464367578860292
-59.41666666666667,-10.416666666666664,0.12369604759623197
-59.25,-10.416666666666664,0.1413049454431037
-59.083333333333336,-10.416666666666664,0.11496669516942497
-58.91666666666667,-10.416666666666664,0.1250176679351369
-58.75,-10.416666666666664,0.16203320797166304
-58.583333333333336,-10.416666666666664,0.14223499809693582
-58.41666666666667,-10.416666666666664,0.11669348876158753
-58.25,-10.416666666666664,0.14736371429098422
-58.083333333333336,-10.416666666666664,0.153150022231607
-57.91666666666667,-10.416666666666664,0.06059397506571512
-57.75,-10.416666666666664,0.06608780984639763
-57.583333333333336,-10.416666666666664,0.05588989716919086
-57.41666666666667,-10.416666666666664,0.06313737007811955
-57.25,-10.416666666666664,0.07840121115251754
-57.083333333333336,-10.416666666666664,0.07961144024499998
-56.91666666666667,-10.416666666666664,0.03751476297219953
-56.75,-10.416666666666664,0.04374422722381461
-56.583333333333336,-10.416666666666664,0.03760702949648741
-56.41666666666667,-10.416666666666664,0.028030449544754255
-56.25,-10.416666666666664,0.0332071422701344
-56.083333333333336,-10.416666666666664,0.037594381644413775
-55.91666666666667,-10.416666666666664,0.03043839725032049
-55.75,-10.416666666666664,0.029694151976936665
-55.583333333333336,-10.416666666666664,0.028893978851683384
-55.41666666666667,-10.416666666666664,0.06930737157237701
-55.25,-10.416666666666664,0.07669404637562459
-55.083333333333336,-10.416666666666664,0.034436051491309974
-54.91666666666667,-10.416666666666664,0.05449497200342934
-54.75,-10.416666666666664,0.02427956474792896
-54.583333333333336,-10.416666666666664,0.027481136526701526
-54.41666666666667,-10.416666666666664,0.029679578212816072
-54.25,-10.416666666666664,0.028800655745463217
-54.083333333333336,-10.416666666666664,0.04904198951307073
-53.91666666666667,-10.416666666666664,0.04552963696639566
-53.75,-10.416666666666664,0.05205801014335743
-53.583333333333336,-10.416666666666664,0.058952898556266974
-53.41666666666667,-10.416666666666664,0.05773024474395011
-53.25,-10.416666666666664,0.06120955163089171
-53.083333333333336,-10.416666666666664,0.03530891650124444
-52.91666666666667,-10.416666666666664,0.054527776227450975
-52.75,-10.416666666666664,0.03600017677804947
-52.583333333333336,-10.416666666666664,0.03724938180017144
-52.41666666666667,-10.416666666666664,0.03213096183122263
-52.25,-10.416666666666664,0.05057949168178449
-52.083333333333336,-10.416666666666664,0.035442063973970775
-51.91666666666667,-10.416666666666664,0.040792362378562375
-51.75,-10.416666666666664,0.04585338572791705
-51.583333333333336,-10.416666666666664,0.047002834607893076
-51.41666666666667,-10.416666666666664,0.0378154936729715
-51.25,-10.416666666666664,0.03777879541934919
-51.083333333333336,-10.416666666666664,0.0630382796441979
-50.91666666666667,-10.416666666666664,0.05834410812384815
-50.75,-10.416666666666664,0.06294737976056387
-70.41666666666667,-10.58333333333333,0.03419556103797093
-70.25,-10.58333333333333,0.03985192186786142
-70.08333333333333,-10.58333333333333,0.047877246494170085
-69.91666666666667,-10.58333333333333,0.05282323937286348
-69.75,-10.58333333333333,0.06951346655628099
-69.58333333333333,-10.58333333333333,0.06324681562322503
-69.41666666666667,-10.58333333333333,0.04758253550030268
-69.25,-10.58333333333333,0.06595430174577718
-69.08333333333333,-10.58333333333333,0.07596244759015612
-68.91666666666667,-10.58333333333333,0.08678921041403265
-68.75,-10.58333333333333,0.1007991465768667
-68.58333333333333,-10.58333333333333,0.10245138801810874
-68.41666666666667,-10.58333333333333,0.11259561850052356
-68.25,-10.58333333333333,0.1099393461421923
-65.25,-10.58333333333333,0.1376676297330561
-65.08333333333333,-10.58333333333333,0.14787626123980596
-64.91666666666667,-10.58333333333333,0.14209333997528542
-64.75,-10.58333333333333,0.11159757204851212
-64.58333333333333,-10.58333333333333,0.11665205207889673
-64.41666666666667,-10.58333333333333,0.09482017651770958
-64.25,-10.58333333333333,0.13544279125955247
-64.08333333333333,-10.58333333333333,0.12451485350660603
-63.91666666666667,-10.58333333333333,0.15002857393039148
-63.75,-10.58333333333333,0.22968740213440464
-63.583333333333336,-10.58333333333333,0.22243961100098464
-63.41666666666667,-10.58333333333333,0.1458931461241668
-63.25,-10.58333333333333,0.14353177945055956
-63.083333333333336,-10.58333333333333,0.1922377285981065
-62.91666666666667,-10.58333333333333,0.12360998230425904
-62.75,-10.58333333333333,0.16344885062444317
-62.583333333333336,-10.58333333333333,0.21442151079832014
-62.41666666666667,-10.58333333333333,0.20353301403544108
-62.25,-10.58333333333333,0.18868775942164587
-62.083333333333336,-10.58333333333333,0.21976455301124595
-61.91666666666667,-10.58333333333333,0.23574566354400925
-61.75,-10.58333333333333,0.2911404770091269
-61.583333333333336,-10.58333333333333,0.2634610688135963
-61.41666666666667,-10.58333333333333,0.18297686605197133
-61.25,-10.58333333333333,0.24578656103599172
-61.083333333333336,-10.58333333333333,0.25828818666462783
-60.91666666666667,-10.58333333333333,0.27946778813166023
-60.75,-10.58333333333333,0.2365559335544936
-60.583333333333336,-10.58333333333333,0.25698859073649616
-60.41666666666667,-10.58333333333333,0.24788850833366272
-60.25,-10.58333333333333,0.21862104210289054
-60.083333333333336,-10.58333333333333,0.16645498092604846
-59.91666666666667,-10.58333333333333,0.19731080936463874
-59.75,-10.58333333333333,0.13286247134799306
-59.583333333333336,-10.58333333333333,0.10592657939454451
-59.41666666666667,-10.58333333333333,0.10081637493213287
-59.25,-10.58333333333333,0.1288101502249635
-59.083333333333336,-10.58333333333333,0.09371049974949666
-58.91666666666667,-10.58333333333333,0.05577685204568408
-58.75,-10.58333333333333,0.0960536793029403
-58.583333333333336,-10.58333333333333,0.14753146330033243
-58.41666666666667,-10.58333333333333,0.11080740352947081
-58.25,-10.58333333333333,0.1388744727975023
-58.083333333333336,-10.58333333333333,0.148656777610534
-57.91666666666667,-10.58333333333333,0.09040472248964321
-57.75,-10.58333333333333,0.041237788370084766
-57.583333333333336,-10.58333333333333,0.053543703662280645
-57.41666666666667,-10.58333333333333,0.07467615012514489
-57.25,-10.58333333333333,0.07156979992298447
-57.083333333333336,-10.58333333333333,0.07442372310848235
-56.91666666666667,-10.58333333333333,0.07081048146911266
-56.75,-10.58333333333333,0.08381176692593456
-56.583333333333336,-10.58333333333333,0.0363179170041703
-56.41666666666667,-10.58333333333333,0.025087380695688232
-56.25,-10.58333333333333,0.03639126705587548
-56.083333333333336,-10.58333333333333,0.03233867398045423
-55.91666666666667,-10.58333333333333,0.042130495380459106
-55.75,-10.58333333333333,0.03567960077640505
-55.583333333333336,-10.58333333333333,0.022029509840157977
-55.41666666666667,-10.58333333333333,0.03061735726853617
-55.25,-10.58333333333333,0.033810506019535495
-55.083333333333336,-10.58333333333333,0.027154531222851882
-54.91666666666667,-10.58333333333333,0.02052918423093893
-54.75,-10.58333333333333,0.021506543652389687
-54.583333333333336,-10.58333333333333,0.06687535753809665
-54.41666666666667,-10.58333333333333,0.05316762124057744
-54.25,-10.58333333333333,0.03787612507980903
-54.083333333333336,-10.58333333333333,0.04185007804608767
-53.91666666666667,-10.58333333333333,0.053695489715309894
-53.75,-10.58333333333333,0.05687483173347142
-53.583333333333336,-10.58333333333333,0.06376008429737949
-53.41666666666667,-10.58333333333333,0.06230910688905142
-53.25,-10.58333333333333,0.037711099093261244
-53.083333333333336,-10.58333333333333,0.05030054779033425
-52.91666666666667,-10.58333333333333,0.051797045322076206
-52.75,-10.58333333333333,0.05937202514349913
-52.583333333333336,-10.58333333333333,0.04679722259772602
-52.41666666666667,-10.58333333333333,0.04400623441125764
-52.25,-10.58333333333333,0.03604358528249377
-52.083333333333336,-10.58333333333333,0.0422003154028138
-51.91666666666667,-10.58333333333333,0.04851232238649336
-51.75,-10.58333333333333,0.055775313140907404
-51.583333333333336,-10.58333333333333,0.0576560955557637
-51.41666666666667,-10.58333333333333,0.06424080714746087
-51.25,-10.58333333333333,0.036572284041398534
-51.083333333333336,-10.58333333333333,0.08273743435525044
-50.91666666666667,-10.58333333333333,0.08150005229878915
-70.41666666666667,-10.749999999999996,0.04102427866405568
-70.25,-10.749999999999996,0.04441017864693198
-70.08333333333333,-10.749999999999996,0.04150068143424002
-69.91666666666667,-10.749999999999996,0.04297143061363502
-69.75,-10.749999999999996,0.050308056766509575
-69.58333333333333,-10.749999999999996,0.03966224561975965
-69.41666666666667,-10.749999999999996,0.0514196431645774
-69.25,-10.749999999999996,0.056069898961463895
-69.08333333333333,-10.749999999999996,0.06335735011560142
-68.91666666666667,-10.749999999999996,0.07273582147968842
-68.75,-10.749999999999996,0.08322313705080811
-68.58333333333333,-10.749999999999996,0.0926244323024881
-68.41666666666667,-10.749999999999996,0.09075873162279455
-65.08333333333333,-10.749999999999996,0.1262249770586398
-64.91666666666667,-10.749999999999996,0.1329042205500925
-64.75,-10.749999999999996,0.13967999072379716
-64.58333333333333,-10.749999999999996,0.1637361784863552
-64.41666666666667,-10.749999999999996,0.15149630776676656
-64.25,-10.749999999999996,0.09386888166796943
-64.08333333333333,-10.749999999999996,0.06194522075670308
-63.91666666666667,-10.749999999999996,0.09643623705598357
-63.75,-10.749999999999996,0.12409818553226203
-63.583333333333336,-10.749999999999996,0.058362029088922567
-63.41666666666667,-10.749999999999996,0.13911904404065903
-63.25,-10.749999999999996,0.16919440472021233
-63.083333333333336,-10.749999999999996,0.1484533203377465
-62.91666666666667,-10.749999999999996,0.12508739854300388
-62.75,-10.749999999999996,0.1546954017185287
-62.583333333333336,-10.749999999999996,0.1772513775367424
-62.41666666666667,-10.749999999999996,0.15997630540747382
-62.25,-10.749999999999996,0.1793380297273253
-62.083333333333336,-10.749999999999996,0.2456047366605989
-61.91666666666667,-10.749999999999996,0.19634875214906372
-61.75,-10.749999999999996,0.2945417240965931
-61.583333333333336,-10.749999999999996,0.25330047473745
-61.41666666666667,-10.749999999999996,0.18408850256543893
-61.25,-10.749999999999996,0.2609748427573817
-61.083333333333336,-10.749999999999996,0.2653068787211355
-60.91666666666667,-10.749999999999996,0.24116401955261468
-60.75,-10.749999999999996,0.2427072571615515
-60.583333333333336,-10.749999999999996,0.21693482666542252
-60.41666666666667,-10.749999999999996,0.2695030103089355
-60.25,-10.749999999999996,0.25215885037967756
-60.083333333333336,-10.749999999999996,0.16657013183846517
-59.91666666666667,-10.749999999999996,0.15584501750842195
-59.75,-10.749999999999996,0.1446016782461804
-59.583333333333336,-10.749999999999996,0.10033160005805995
-59.41666666666667,-10.749999999999996,0.1031021823716243
-59.25,-10.749999999999996,0.08450172602100034
-59.083333333333336,-10.749999999999996,0.06793162305591391
-58.91666666666667,-10.749999999999996,0.08557079491096764
-58.75,-10.749999999999996,0.08171324297190424
-58.583333333333336,-10.749999999999996,0.12890447801778754
-58.41666666666667,-10.749999999999996,0.08534084597959099
-58.25,-10.749999999999996,0.10707030287353674
-58.083333333333336,-10.749999999999996,0.1041423586598049
-57.91666666666667,-10.749999999999996,0.1175177158540845
-57.75,-10.749999999999996,0.0942356222975159
-57.583333333333336,-10.749999999999996,0.05541993273163365
-57.41666666666667,-10.749999999999996,0.042346646044924184
-57.25,-10.749999999999996,0.04382731962039305
-57.083333333333336,-10.749999999999996,0.042574761638820624
-56.91666666666667,-10.749999999999996,0.07725240621186892
-56.75,-10.749999999999996,0.09837644762542638
-56.583333333333336,-10.749999999999996,0.07896864378272203
-56.41666666666667,-10.749999999999996,0.07625575819846202
-56.25,-10.749999999999996,0.0765545742974692
-56.083333333333336,-10.749999999999996,0.07218216210437514
-55.91666666666667,-10.749999999999996,0.041997445417373186
-55.75,-10.749999999999996,0.032954528144878835
-55.583333333333336,-10.749999999999996,0.036403989541260874
-55.41666666666667,-10.749999999999996,0.037636186323449276
-55.25,-10.749999999999996,0.033033943489369944
-55.083333333333336,-10.749999999999996,0.024660865135768106
-54.91666666666667,-10.749999999999996,0.041615892744811075
-54.75,-10.749999999999996,0.039974699227434254
-54.583333333333336,-10.749999999999996,0.05417966028877363
-54.41666666666667,-10.749999999999996,0.04193183251741778
-54.25,-10.749999999999996,0.052547487392626935
-54.083333333333336,-10.749999999999996,0.05936751996964702
-53.91666666666667,-10.749999999999996,0.06495475542375356
-53.75,-10.749999999999996,0.07027735317533294
-53.583333333333336,-10.749999999999996,0.06689665695712224
-53.41666666666667,-10.749999999999996,0.05033904753097377
-53.25,-10.749999999999996,0.04021408948739298
-53.083333333333336,-10.749999999999996,0.056046683059529805
-52.91666666666667,-10.749999999999996,0.04375803093217158
-52.75,-10.749999999999996,0.06513669849088051
-52.583333333333336,-10.749999999999996,0.062387307326575193
-52.41666666666667,-10.749999999999996,0.02702662471082109
-52.25,-10.749999999999996,0.03177242860259694
-52.083333333333336,-10.749999999999996,0.04015586549870122
-51.41666666666667,-10.749999999999996,0.0868804528969932
-51.25,-10.749999999999996,0.08963487470461096
-70.25,-10.916666666666664,0.03242020458770847
-68.91666666666667,-10.916666666666664,0.07331449643087358
-68.75,-10.916666666666664,0.0779357028709565
-68.58333333333333,-10.916666666666664,0.07832147456625672
-68.41666666666667,-10.916666666666664,0.07480538908471672
-65.08333333333333,-10.916666666666664,0.1485471532015021
-64.91666666666667,-10.916666666666664,0.1261586376726663
-64.75,-10.916666666666664,0.0922101907883565
-64.58333333333333,-10.916666666666664,0.1333847448144683
-64.41666666666667,-10.916666666666664,0.14614964419086585
-64.25,-10.916666666666664,0.13648008968868003
-64.08333333333333,-10.916666666666664,0.11400063897027678
-63.91666666666667,-10.916666666666664,0.07390268704507978
-63.75,-10.916666666666664,0.019759915093601275
-63.583333333333336,-10.916666666666664,0.008702687286828274
-63.41666666666667,-10.916666666666664,0.14335588296637178
-63.25,-10.916666666666664,0.13188605365160466
-63.083333333333336,-10.916666666666664,0.12344536748881857
-62.91666666666667,-10.916666666666664,0.11452096081706523
-62.75,-10.916666666666664,0.09405820946047576
-62.583333333333336,-10.916666666666664,0.12404548227489075
-62.41666666666667,-10.916666666666664,0.09572755805356074
-62.25,-10.916666666666664,0.19712123254774017
-62.083333333333336,-10.916666666666664,0.2306950282281714
-61.91666666666667,-10.916666666666664,0.25589607307411155
-61.75,-10.916666666666664,0.2972092403112177
-61.583333333333336,-10.916666666666664,0.17140799547939825
-61.41666666666667,-10.916666666666664,0.18593545092826408
-61.25,-10.916666666666664,0.24806024788552186
-61.083333333333336,-10.916666666666664,0.260316593029369
-60.91666666666667,-10.916666666666664,0.2195498264244724
-60.75,-10.916666666666664,0.22884537481233133
-60.583333333333336,-10.916666666666664,0.2245385634488126
-60.41666666666667,-10.916666666666664,0.25494855151032625
-60.25,-10.916666666666664,0.2352773045294695
-60.083333333333336,-10.916666666666664,0.1419151285299695
-59.91666666666667,-10.916666666666664,0.135795912732746
-59.75,-10.916666666666664,0.08779492221775194
-59.583333333333336,-10.916666666666664,0.06970861242758183
-59.41666666666667,-10.916666666666664,0.06930350576852289
-59.25,-10.916666666666664,0.0861345469736304
-59.083333333333336,-10.916666666666664,0.0656531372016108
-58.91666666666667,-10.916666666666664,0.052230225934614655
-58.75,-10.916666666666664,0.0610342533931933
-58.583333333333336,-10.916666666666664,0.07676813156409665
-58.41666666666667,-10.916666666666664,0.08884132988500894
-58.25,-10.916666666666664,0.11464965024874565
-58.083333333333336,-10.916666666666664,0.09023194794609614
-57.91666666666667,-10.916666666666664,0.08417890482638932
-57.75,-10.916666666666664,0.10494772196388055
-57.583333333333336,-10.916666666666664,0.11830314714797047
-57.41666666666667,-10.916666666666664,0.08570618067807817
-57.25,-10.916666666666664,0.06274224468410321
-57.083333333333336,-10.916666666666664,0.04309743242519417
-56.91666666666667,-10.916666666666664,0.03753904566554533
-56.75,-10.916666666666664,0.04952791822387668
-56.583333333333336,-10.916666666666664,0.05608294974416647
-56.41666666666667,-10.916666666666664,0.04805131235080891
-56.25,-10.916666666666664,0.07778085031889062
-56.083333333333336,-10.916666666666664,0.07910324489146595
-55.91666666666667,-10.916666666666664,0.08884965112704622
-55.75,-10.916666666666664,0.05949807775007333
-55.583333333333336,-10.916666666666664,0.04590890656941082
-55.41666666666667,-10.916666666666664,0.03725618943597913
-55.25,-10.916666666666664,0.03213329543416919
-55.083333333333336,-10.916666666666664,0.044293582380131605
-54.91666666666667,-10.916666666666664,0.03340701699826877
-54.75,-10.916666666666664,0.038315438637254944
-54.583333333333336,-10.916666666666664,0.046412504522064094
-54.41666666666667,-10.916666666666664,0.056533077237802154
-54.25,-10.916666666666664,0.06476215153428289
-54.083333333333336,-10.916666666666664,0.07123429399876711
-53.91666666666667,-10.916666666666664,0.04420371236932791
-53.75,-10.916666666666664,0.04251319264893998
-53.583333333333336,-10.916666666666664,0.04923781434868866
-53.41666666666667,-10.916666666666664,0.0441017838652888
-53.25,-10.916666666666664,0.044543422939169755
-53.083333333333336,-10.916666666666664,0.05979961160963674
-52.91666666666667,-10.916666666666664,0.11664164721502175
-52.75,-10.916666666666664,0.05583844935912481
-52.583333333333336,-10.916666666666664,0.05951055429592128
-52.41666666666667,-10.916666666666664,0.03230166619173233
-52.25,-10.916666666666664,0.03932992658647243
-52.083333333333336,-10.916666666666664,0.04264399496771012
-65.08333333333333,-11.083333333333329,0.14140679863222239
-64.91666666666667,-11.083333333333329,0.1472746765295214
-64.75,-11.083333333333329,0.14583279475715627
-64.58333333333333,-11.083333333333329,0.12801036031826224
-64.41666666666667,-11.083333333333329,0.12642524323605883
-64.25,-11.083333333333329,0.1297614066843487
-64.08333333333333,-11.083333333333329,0.1467248395370896
-63.91666666666667,-11.083333333333329,0.18775988299473179
-63.75,-11.083333333333329,0.1253039599059288
-63.583333333333336,-11.083333333333329,0.10573593786428306
-63.41666666666667,-11.083333333333329,0.10004356894703301
-63.25,-11.083333333333329,0.0841668716211465
-63.083333333333336,-11.083333333333329,0.07154514931937192
-62.91666666666667,-11.083333333333329,0.09118879461335151
-62.75,-11.083333333333329,0.0925792832774515
-62.583333333333336,-11.083333333333329,0.10389987270740408
-62.41666666666667,-11.083333333333329,0.15555951749566238
-62.25,-11.083333333333329,0.18431855540542033
-62.083333333333336,-11.083333333333329,0.18969854006440787
-61.91666666666667,-11.083333333333329,0.24919238526078977
-61.75,-11.083333333333329,0.22764168351314576
-61.583333333333336,-11.083333333333329,0.11085154488268138
-61.41666666666667,-11.083333333333329,0.19961672011922738
-61.25,-11.083333333333329,0.19912846532275147
-61.083333333333336,-11.083333333333329,0.2415621869308002
-60.91666666666667,-11.083333333333329,0.2530314310771871
-60.75,-11.083333333333329,0.20364995219579873
-60.583333333333336,-11.083333333333329,0.22476068399323404
-60.41666666666667,-11.083333333333329,0.26462753446554343
-60.25,-11.083333333333329,0.24169171251693894
-60.083333333333336,-11.083333333333329,0.15682320217376533
-59.91666666666667,-11.083333333333329,0.12626377599262595
-59.75,-11.083333333333329,0.06985631931324536
-59.583333333333336,-11.083333333333329,0.07733057615745939
-59.41666666666667,-11.083333333333329,0.060446333305639734
-59.25,-11.083333333333329,0.07734993538013732
-59.083333333333336,-11.083333333333329,0.052524773400683795
-58.91666666666667,-11.083333333333329,0.04981264742705965
-58.75,-11.083333333333329,0.06456860452198168
-58.583333333333336,-11.083333333333329,0.07364421833175805
-58.41666666666667,-11.083333333333329,0.08917896351435926
-58.25,-11.083333333333329,0.11528519784924542
-58.083333333333336,-11.083333333333329,0.08481980761513645
-57.91666666666667,-11.083333333333329,0.08213350261872224
-57.75,-11.083333333333329,0.08010136880776302
-57.583333333333336,-11.083333333333329,0.08321927785716092
-57.41666666666667,-11.083333333333329,0.06879999678037456
-57.25,-11.083333333333329,0.08645317742881567
-57.083333333333336,-11.083333333333329,0.0643909011533773
-56.91666666666667,-11.083333333333329,0.04679888319343907
-56.75,-11.083333333333329,0.05145887345378659
-56.583333333333336,-11.083333333333329,0.04003981735710848
-56.41666666666667,-11.083333333333329,0.029742195646257137
-56.25,-11.083333333333329,0.02286161765151707
-56.083333333333336,-11.083333333333329,0.035995926332383896
-55.91666666666667,-11.083333333333329,0.04298319038503949
-55.75,-11.083333333333329,0.0359789023219968
-55.583333333333336,-11.083333333333329,0.03774163432552738
-55.41666666666667,-11.083333333333329,0.042383481992339544
-55.25,-11.083333333333329,0.06893473898762675
-55.083333333333336,-11.083333333333329,0.0504712539271344
-54.91666666666667,-11.083333333333329,0.04460727016749156
-54.75,-11.083333333333329,0.054846684769172274
-54.583333333333336,-11.083333333333329,0.05682357176181613
-54.41666666666667,-11.083333333333329,0.05814390643120554
-54.25,-11.083333333333329,0.06481906882816685
-54.083333333333336,-11.083333333333329,0.06521335103156856
-53.91666666666667,-11.083333333333329,0.054383495042185634
-53.75,-11.083333333333329,0.050978606824714535
-53.583333333333336,-11.083333333333329,0.06871818043747022
-53.41666666666667,-11.083333333333329,0.04889482527239516
-53.25,-11.083333333333329,0.03861792909429154
-53.083333333333336,-11.083333333333329,0.05301946775418693
-52.91666666666667,-11.083333333333329,0.04846848043951069
-52.75,-11.083333333333329,0.03474769439841819
-52.583333333333336,-11.083333333333329,0.0333038119513702
-52.41666666666667,-11.083333333333329,0.030320256809209814
-52.25,-11.083333333333329,0.039247328900855104
-52.083333333333336,-11.083333333333329,0.04161009414177203
-65.25,-11.249999999999996,0.1299773254470444
-65.08333333333333,-11.249999999999996,0.1393537779035056
-64.91666666666667,-11.249999999999996,0.13557256953432817
-64.75,-11.249999999999996,0.1289333584345566
-64.58333333333333,-11.249999999999996,0.13437043852958344
-64.41666666666667,-11.249999999999996,0.12163410644986461
-64.25,-11.249999999999996,0.119750410169354
-64.08333333333333,-11.249999999999996,0.11787637329593506
-63.91666666666667,-11.249999999999996,0.12386428178740906
-63.75,-11.249999999999996,0.09263163254199454
-63.583333333333336,-11.249999999999996,0.10675373059970858
-63.41666666666667,-11.249999999999996,0.09280692944252322
-63.25,-11.249999999999996,0.09045985237887198
-63.083333333333336,-11.249999999999996,0.10088426123435094
-62.91666666666667,-11.249999999999996,0.10143913882379473
-62.75,-11.249999999999996,0.08052460262483983
-62.583333333333336,-11.249999999999996,0.10685828840047147
-62.41666666666667,-11.249999999999996,0.13438697459305232
-62.25,-11.249999999999996,0.1529211361799432
-62.083333333333336,-11.249999999999996,0.15933464530938962
-61.91666666666667,-11.249999999999996,0.2161689523787543
-61.75,-11.249999999999996,0.20637300145814202
-61.583333333333336,-11.249999999999996,0.14926487737374314
-61.41666666666667,-11.249999999999996,0.16293995971434463
-61.25,-11.249999999999996,0.19174672290923953
-61.083333333333336,-11.249999999999996,0.192844162166269
-60.91666666666667,-11.249999999999996,0.1707473910983782
-60.75,-11.249999999999996,0.1115457526589925
-60.583333333333336,-11.249999999999996,0.19352969149995147
-60.41666666666667,-11.249999999999996,0.19976207378572203
-60.25,-11.249999999999996,0.12778396771492975
-60.083333333333336,-11.249999999999996,0.0804023402461341
-59.91666666666667,-11.249999999999996,0.07718667886837427
-59.75,-11.249999999999996,0.048097019574731906
-59.583333333333336,-11.249999999999996,0.06802994424950659
-59.41666666666667,-11.249999999999996,0.07312470100647407
-59.25,-11.249999999999996,0.08183184476108572
-59.083333333333336,-11.249999999999996,0.05055122389213217
-58.91666666666667,-11.249999999999996,0.04542132818960182
-58.75,-11.249999999999996,0.03621791850489725
-58.583333333333336,-11.249999999999996,0.054860161287715765
-58.41666666666667,-11.249999999999996,0.08435432821204589
-58.25,-11.249999999999996,0.11549172585355907
-58.083333333333336,-11.249999999999996,0.10219453391471348
-57.91666666666667,-11.249999999999996,0.06863270515121814
-57.75,-11.249999999999996,0.08428612103399673
-57.583333333333336,-11.249999999999996,0.0842811047604064
-57.41666666666667,-11.249999999999996,0.07081639875276656
-57.25,-11.249999999999996,0.09026839946136336
-57.083333333333336,-11.249999999999996,0.07225744254198718
-56.91666666666667,-11.249999999999996,0.04015587580656452
-56.75,-11.249999999999996,0.05381473038810966
-56.583333333333336,-11.249999999999996,0.0667562867940642
-56.41666666666667,-11.249999999999996,0.03831050113406476
-56.25,-11.249999999999996,0.02551529101685293
-56.083333333333336,-11.249999999999996,0.02355688656754723
-55.91666666666667,-11.249999999999996,0.022641147225006916
-55.75,-11.249999999999996,0.03186463166814568
-55.583333333333336,-11.249999999999996,0.03133305161120469
-55.41666666666667,-11.249999999999996,0.04306519544445081
-55.25,-11.249999999999996,0.03576569056265526
-55.083333333333336,-11.249999999999996,0.03164975164888473
-54.91666666666667,-11.249999999999996,0.03381621830807497
-54.75,-11.249999999999996,0.03479749054015921
-54.583333333333336,-11.249999999999996,0.05370396071757152
-54.41666666666667,-11.249999999999996,0.045644069610031104
-54.25,-11.249999999999996,0.055701205133852114
-54.083333333333336,-11.249999999999996,0.05928428893560769
-53.91666666666667,-11.249999999999996,0.050458262050000244
-53.75,-11.249999999999996,0.07025993652821137
-53.583333333333336,-11.249999999999996,0.043958806608675675
-53.41666666666667,-11.249999999999996,0.040945182817722206
-53.25,-11.249999999999996,0.04285265625446922
-53.083333333333336,-11.249999999999996,0.042043163595377804
-52.91666666666667,-11.249999999999996,0.0421860235536495
-52.75,-11.249999999999996,0.04214977922291576
-52.583333333333336,-11.249999999999996,0.037826775171595405
-52.41666666666667,-11.249999999999996,0.05127813521298528
-52.25,-11.249999999999996,0.027710677990500004
-52.083333333333336,-11.249999999999996,0.037041135416471783
-51.91666666666667,-11.249999999999996,0.051491760756605165
-65.08333333333333,-11.416666666666664,0.1349880748380083
-64.91666666666667,-11.416666666666664,0.1431296695455142
-64.75,-11.416666666666664,0.13901600068893483
-64.58333333333333,-11.416666666666664,0.14011987634768566
-64.41666666666667,-11.416666666666664,0.12957371094411174
-64.25,-11.416666666666664,0.12315108911623562
-64.08333333333333,-11.416666666666664,0.11068268351996403
-63.91666666666667,-11.416666666666664,0.1030214917917898
-63.75,-11.416666666666664,0.0798641354902573
-63.583333333333336,-11.416666666666664,0.08007189310120828
-63.41666666666667,-11.416666666666664,0.09191763278224323
-63.25,-11.416666666666664,0.06289114652589342
-63.083333333333336,-11.416666666666664,0.09738047525413127
-62.91666666666667,-11.416666666666664,0.12561056351469185
-62.75,-11.416666666666664,0.1061298406037907
-62.583333333333336,-11.416666666666664,0.09295884844665445
-62.41666666666667,-11.416666666666664,0.1178353543986598
-62.25,-11.416666666666664,0.14645621275833742
-62.083333333333336,-11.416666666666664,0.15534934705206246
-61.91666666666667,-11.416666666666664,0.18083146338174919
-61.75,-11.416666666666664,0.20292847717645607
-61.583333333333336,-11.416666666666664,0.1952384338390804
-61.41666666666667,-11.416666666666664,0.17241599093699922
-61.25,-11.416666666666664,0.17777163540871943
-61.083333333333336,-11.416666666666664,0.1679195334924819
-60.91666666666667,-11.416666666666664,0.1788134592509757
-60.75,-11.416666666666664,0.07793351359931312
-60.583333333333336,-11.416666666666664,0.12375996244820256
-60.41666666666667,-11.416666666666664,0.1635634553671141
-60.25,-11.416666666666664,0.07021798767538037
-60.083333333333336,-11.416666666666664,0.058028226432732165
-59.91666666666667,-11.416666666666664,0.08106927814779638
-59.75,-11.416666666666664,0.057083025005834405
-59.583333333333336,-11.416666666666664,0.05073600462641004
-59.41666666666667,-11.416666666666664,0.06686266873832213
-59.25,-11.416666666666664,0.07208908724070873
-59.083333333333336,-11.416666666666664,0.05744387935496565
-58.91666666666667,-11.416666666666664,0.03726572494200966
-58.75,-11.416666666666664,0.059823241154626054
-58.583333333333336,-11.416666666666664,0.0849376552168906
-58.41666666666667,-11.416666666666664,0.09668032630584349
-58.25,-11.416666666666664,0.08556683485001862
-58.083333333333336,-11.416666666666664,0.102412051457491
-57.91666666666667,-11.416666666666664,0.10020167299259357
-57.75,-11.416666666666664,0.07216327244638605
-57.583333333333336,-11.416666666666664,0.0881753751720241
-57.41666666666667,-11.416666666666664,0.10560354467240193
-57.25,-11.416666666666664,0.10671433634276747
-57.083333333333336,-11.416666666666664,0.08319384469284748
-56.91666666666667,-11.416666666666664,0.056752095531027794
-56.75,-11.416666666666664,0.0651883535104812
-56.583333333333336,-11.416666666666664,0.06057971315394955
-56.41666666666667,-11.416666666666664,0.05718823993748648
-56.25,-11.416666666666664,0.050189839237825086
-56.083333333333336,-11.416666666666664,0.043590442494924185
-55.91666666666667,-11.416666666666664,0.02966443170368883
-55.75,-11.416666666666664,0.025729232219459375
-55.583333333333336,-11.416666666666664,0.03667297877329515
-55.41666666666667,-11.416666666666664,0.04201794236678531
-55.25,-11.416666666666664,0.04080617449248667
-55.083333333333336,-11.416666666666664,0.03691613294363181
-54.91666666666667,-11.416666666666664,0.0438955914676723
-54.75,-11.416666666666664,0.04014155640455083
-54.583333333333336,-11.416666666666664,0.03908072594584599
-54.41666666666667,-11.416666666666664,0.04493082509724204
-54.25,-11.416666666666664,0.0533379935078862
-54.083333333333336,-11.416666666666664,0.06739149231209948
-53.91666666666667,-11.416666666666664,0.06591958357031208
-53.75,-11.416666666666664,0.05395997414432389
-53.583333333333336,-11.416666666666664,0.05013918015397219
-53.41666666666667,-11.416666666666664,0.03886015296079717
-53.25,-11.416666666666664,0.03693188900667723
-53.083333333333336,-11.416666666666664,0.037442913467245466
-52.91666666666667,-11.416666666666664,0.0398082583894952
-52.75,-11.416666666666664,0.034870323014375385
-52.583333333333336,-11.416666666666664,0.031676350579250494
-52.41666666666667,-11.416666666666664,0.029954615917420054
-52.25,-11.416666666666664,0.02622405584139957
-52.083333333333336,-11.416666666666664,0.03189028729059895
-51.91666666666667,-11.416666666666664,0.040404142797023146
-51.75,-11.416666666666664,0.045760901826238584
-65.08333333333333,-11.583333333333329,0.11801187882722024
-64.91666666666667,-11.583333333333329,0.12679278175745665
-64.75,-11.583333333333329,0.12576946768523944
-64.58333333333333,-11.583333333333329,0.1324360699151876
-64.41666666666667,-11.583333333333329,0.13097953511166197
-64.25,-11.583333333333329,0.11859263546408016
-64.08333333333333,-11.583333333333329,0.101191391359146
-63.91666666666667,-11.583333333333329,0.10618548923131109
-63.75,-11.583333333333329,0.0744065179438679
-63.583333333333336,-11.583333333333329,0.07146271275986182
-63.41666666666667,-11.583333333333329,0.06623487060929246
-63.25,-11.583333333333329,0.0899832134428167
-63.083333333333336,-11.583333333333329,0.09281677540653187
-62.91666666666667,-11.583333333333329,0.14567964659982058
-62.75,-11.583333333333329,0.15636983334110174
-62.583333333333336,-11.583333333333329,0.143394663466291
-62.41666666666667,-11.583333333333329,0.10382628824365156
-62.25,-11.583333333333329,0.12550997033889255
-62.083333333333336,-11.583333333333329,0.14534647586743607
-61.91666666666667,-11.583333333333329,0.1302613305519231
-61.75,-11.583333333333329,0.13863106442997178
-61.583333333333336,-11.583333333333329,0.1724895704273823
-61.41666666666667,-11.583333333333329,0.15186827295912414
-61.25,-11.583333333333329,0.17850521622978155
-61.083333333333336,-11.583333333333329,0.19103245331404023
-60.91666666666667,-11.583333333333329,0.17914225522084337
-60.75,-11.583333333333329,0.13422665409454734
-60.583333333333336,-11.583333333333329,0.06963484365421149
-60.41666666666667,-11.583333333333329,0.06995258420125686
-60.25,-11.583333333333329,0.05073640618779614
-60.083333333333336,-11.583333333333329,0.07619160384516134
-59.91666666666667,-11.583333333333329,0.06877494520313154
-59.75,-11.583333333333329,0.06765762020701671
-59.583333333333336,-11.583333333333329,0.04962766871458973
-59.41666666666667,-11.583333333333329,0.052960466322561316
-59.25,-11.583333333333329,0.07319442236248307
-59.083333333333336,-11.583333333333329,0.060090481334542006
-58.91666666666667,-11.583333333333329,0.07215499867398857
-58.75,-11.583333333333329,0.08675569917497514
-58.583333333333336,-11.583333333333329,0.09078435611188011
-58.41666666666667,-11.583333333333329,0.09981320039232425
-58.25,-11.583333333333329,0.09128711486207923
-58.083333333333336,-11.583333333333329,0.10837555207413353
-57.91666666666667,-11.583333333333329,0.11746983743178999
-57.75,-11.583333333333329,0.10221881622658058
-57.583333333333336,-11.583333333333329,0.09745247394774863
-57.41666666666667,-11.583333333333329,0.11843313900123081
-57.25,-11.583333333333329,0.12684523156419797
-57.083333333333336,-11.583333333333329,0.11220339276568608
-56.91666666666667,-11.583333333333329,0.11302495353351394
-56.75,-11.583333333333329,0.09465845161093989
-56.583333333333336,-11.583333333333329,0.06593686543771704
-56.41666666666667,-11.583333333333329,0.05215849811077873
-56.25,-11.583333333333329,0.06476920816610064
-56.083333333333336,-11.583333333333329,0.04097392201503512
-55.91666666666667,-11.583333333333329,0.0262836295413676
-55.75,-11.583333333333329,0.029091640935933676
-55.583333333333336,-11.583333333333329,0.030863927068063825
-55.41666666666667,-11.583333333333329,0.04168484038883959
-55.25,-11.583333333333329,0.03691186735316382
-55.083333333333336,-11.583333333333329,0.03444084256666435
-54.91666666666667,-11.583333333333329,0.03851021055147513
-54.75,-11.583333333333329,0.04297089334353648
-54.583333333333336,-11.583333333333329,0.039086753077729686
-54.41666666666667,-11.583333333333329,0.10506283865166503
-54.25,-11.583333333333329,0.05153160616456674
-54.083333333333336,-11.583333333333329,0.0518537107173232
-53.91666666666667,-11.583333333333329,0.05394734135039738
-53.75,-11.583333333333329,0.05138205515074181
-53.583333333333336,-11.583333333333329,0.05332943354440296
-53.41666666666667,-11.583333333333329,0.06277992423848817
-53.25,-11.583333333333329,0.03837750270905475
-53.083333333333336,-11.583333333333329,0.03974422105524614
-52.91666666666667,-11.583333333333329,0.04089885588944852
-52.75,-11.583333333333329,0.041446588768987824
-52.583333333333336,-11.583333333333329,0.03826245843494109
-52.41666666666667,-11.583333333333329,0.03649332616305254
-52.25,-11.583333333333329,0.029984983779487783
-52.083333333333336,-11.583333333333329,0.02723052865890642
-51.91666666666667,-11.583333333333329,0.03431193925993413
-51.75,-11.583333333333329,0.04110738813965971
-51.583333333333336,-11.583333333333329,0.04945127387601401
-64.91666666666667,-11.749999999999996,0.11821323272213001
-64.75,-11.749999999999996,0.12600917270902023
-64.58333333333333,-11.749999999999996,0.12725520905960158
-64.41666666666667,-11.749999999999996,0.11486256299636084
-64.25,-11.749999999999996,0.08721579295137565
-64.08333333333333,-11.749999999999996,0.10440293553818121
-63.91666666666667,-11.749999999999996,0.11778681251301125
-63.75,-11.749999999999996,0.07907300357105083
-63.583333333333336,-11.749999999999996,0.057476187297488636
-63.41666666666667,-11.749999999999996,0.10183335636036525
-63.25,-11.749999999999996,0.10950890929286466
-63.083333333333336,-11.749999999999996,0.0997543902450587
-62.91666666666667,-11.749999999999996,0.13843619189629164
-62.75,-11.749999999999996,0.15538060325322112
-62.583333333333336,-11.749999999999996,0.14926232785198715
-62.41666666666667,-11.749999999999996,0.099644694991705
-62.25,-11.749999999999996,0.09630445974779123
-62.083333333333336,-11.749999999999996,0.11841438257014618
-61.91666666666667,-11.749999999999996,0.12365787684332737
-61.75,-11.749999999999996,0.12644338566737273
-61.583333333333336,-11.749999999999996,0.12032388932431132
-61.41666666666667,-11.749999999999996,0.1293984143481075
-61.25,-11.749999999999996,0.13655374978986393
-61.083333333333336,-11.749999999999996,0.19505538697418293
-60.91666666666667,-11.749999999999996,0.21205978776285236
-60.75,-11.749999999999996,0.2286723815699815
-60.583333333333336,-11.749999999999996,0.14285299795131484
-60.41666666666667,-11.749999999999996,0.07910433404679268
-60.25,-11.749999999999996,0.052210787278111834
-60.083333333333336,-11.749999999999996,0.05251657597806833
-59.91666666666667,-11.749999999999996,0.04940073126599697
-59.75,-11.749999999999996,0.06711966282993707
-59.583333333333336,-11.749999999999996,0.07492839766385925
-59.41666666666667,-11.749999999999996,0.07296227172801102
-59.25,-11.749999999999996,0.053881381216093774
-59.083333333333336,-11.749999999999996,0.05451098528002859
-58.91666666666667,-11.749999999999996,0.05420951231096924
-58.75,-11.749999999999996,0.0832740624647426
-58.583333333333336,-11.749999999999996,0.10419107356079865
-58.41666666666667,-11.749999999999996,0.10404787046440112
-58.25,-11.749999999999996,0.08675043407755169
-58.083333333333336,-11.749999999999996,0.10845190782701394
-57.91666666666667,-11.749999999999996,0.13915724890450498
-57.75,-11.749999999999996,0.13102841445566388
-57.583333333333336,-11.749999999999996,0.11223508327138094
-57.41666666666667,-11.749999999999996,0.14551202203563968
-57.25,-11.749999999999996,0.14650908259201476
-57.083333333333336,-11.749999999999996,0.022201446736221604
-56.91666666666667,-11.749999999999996,0.0232963465423972
-56.75,-11.749999999999996,0.017707532070728126
-56.583333333333336,-11.749999999999996,0.01455699336746024
-56.41666666666667,-11.749999999999996,0.012946323118367638
-56.25,-11.749999999999996,0.01460183792976379
-56.083333333333336,-11.749999999999996,0.04117229434044272
-55.91666666666667,-11.749999999999996,0.04821621941978376
-55.75,-11.749999999999996,0.046409902854740566
-55.583333333333336,-11.749999999999996,0.035266658053853636
-55.41666666666667,-11.749999999999996,0.045172837836712505
-55.25,-11.749999999999996,0.03689130728352676
-55.083333333333336,-11.749999999999996,0.03657734097898739
-54.91666666666667,-11.749999999999996,0.044272718349960834
-54.75,-11.749999999999996,0.041707418657007764
-54.583333333333336,-11.749999999999996,0.036418302799116065
-54.41666666666667,-11.749999999999996,0.035974293330930815
-54.25,-11.749999999999996,0.041010630612364256
-54.083333333333336,-11.749999999999996,0.04895119098853457
-53.91666666666667,-11.749999999999996,0.043296313091592625
-53.75,-11.749999999999996,0.04915932028428917
-53.583333333333336,-11.749999999999996,0.0510069488002404
-53.41666666666667,-11.749999999999996,0.05535019486737565
-53.25,-11.749999999999996,0.04015635405404676
-53.083333333333336,-11.749999999999996,0.043595957210050884
-52.91666666666667,-11.749999999999996,0.03831069096254034
-52.75,-11.749999999999996,0.048752015650712105
-52.583333333333336,-11.749999999999996,0.048791088157210095
-52.41666666666667,-11.749999999999996,0.042113478852635645
-52.25,-11.749999999999996,0.042830339181376936
-52.083333333333336,-11.749999999999996,0.031489983427085644
-51.91666666666667,-11.749999999999996,0.04088903002173538
-51.75,-11.749999999999996,0.031893012443752054
-51.583333333333336,-11.749999999999996,0.04483344567109665
-64.75,-11.916666666666664,0.12829161589814722
-64.58333333333333,-11.916666666666664,0.12703334405100788
-64.41666666666667,-11.916666666666664,0.12352571988592823
-64.25,-11.916666666666664,0.12212551529201526
-64.08333333333333,-11.916666666666664,0.10772509470549757
-63.91666666666667,-11.916666666666664,0.10997799311355747
-63.75,-11.916666666666664,0.11070949892400175
-63.583333333333336,-11.916666666666664,0.10836661736070136
-63.41666666666667,-11.916666666666664,0.11103554402309831
-63.25,-11.916666666666664,0.10741223438807788
-63.083333333333336,-11.916666666666664,0.1004563395450257
-62.91666666666667,-11.916666666666664,0.10194734930231679
-62.75,-11.916666666666664,0.15988584203465628
-62.583333333333336,-11.916666666666664,0.10962093245969233
-62.41666666666667,-11.916666666666664,0.15786034148978856
-62.25,-11.916666666666664,0.09207055999635413
-62.083333333333336,-11.916666666666664,0.055600249010557726
-61.91666666666667,-11.916666666666664,0.07857756377876138
-61.75,-11.916666666666664,0.1152756154929056
-61.583333333333336,-11.916666666666664,0.10618785375490652
-61.41666666666667,-11.916666666666664,0.11789657128066458
-61.25,-11.916666666666664,0.11995524645410745
-61.083333333333336,-11.916666666666664,0.15580079738645072
-60.91666666666667,-11.916666666666664,0.1776127954909109
-60.75,-11.916666666666664,0.12003985896546865
-60.583333333333336,-11.916666666666664,0.1022033622071341
-60.41666666666667,-11.916666666666664,0.08080874055194341
-60.25,-11.916666666666664,0.06264451276146309
-60.083333333333336,-11.916666666666664,0.06145670034043232
-59.91666666666667,-11.916666666666664,0.04734795922853109
-59.75,-11.916666666666664,0.05602310911286274
-59.583333333333336,-11.916666666666664,0.05902819165707112
-58.91666666666667,-11.916666666666664,0.08480722059579267
-58.75,-11.916666666666664,0.10418886415252233
-58.583333333333336,-11.916666666666664,0.10221917664931504
-58.41666666666667,-11.916666666666664,0.12599210996632648
-58.25,-11.916666666666664,0.10156101207290133
-58.083333333333336,-11.916666666666664,0.1216278677899837
-57.91666666666667,-11.916666666666664,0.16079456580893037
-57.75,-11.916666666666664,0.1554719128518494
-57.583333333333336,-11.916666666666664,0.1399358375252915
-57.41666666666667,-11.916666666666664,0.021270804822792564
-57.25,-11.916666666666664,0.025422518888691167
-57.083333333333336,-11.916666666666664,0.03099106728137889
-56.91666666666667,-11.916666666666664,0.026552785437728956
-56.75,-11.916666666666664,0.02557386227946588
-56.583333333333336,-11.916666666666664,0.035597251986413794
-56.41666666666667,-11.916666666666664,0.030710014305480333
-56.25,-11.916666666666664,0.029414439081562542
-56.083333333333336,-11.916666666666664,0.057946732082176156
-55.91666666666667,-11.916666666666664,0.0604009989413693
-55.75,-11.916666666666664,0.04921470106413848
-55.583333333333336,-11.916666666666664,0.04477391477575569
-55.41666666666667,-11.916666666666664,0.03613163415429526
-55.25,-11.916666666666664,0.03399016174530803
-55.083333333333336,-11.916666666666664,0.034455962210651954
-54.91666666666667,-11.916666666666664,0.043726531213601684
-54.75,-11.916666666666664,0.0358746584874725
-54.583333333333336,-11.916666666666664,0.03605900418384044
-54.41666666666667,-11.916666666666664,0.04056231258732327
-54.25,-11.916666666666664,0.03860483104217411
-54.083333333333336,-11.916666666666664,0.03988987309932648
-53.91666666666667,-11.916666666666664,0.047109519669886725
-53.75,-11.916666666666664,0.05273652478231986
-53.583333333333336,-11.916666666666664,0.050384980159642746
-53.41666666666667,-11.916666666666664,0.053267055113806534
-53.25,-11.916666666666664,0.056506428648154805
-53.083333333333336,-11.916666666666664,0.05076500993517206
-52.91666666666667,-11.916666666666664,0.035900881096022526
-52.75,-11.916666666666664,0.0469959198629821
-52.583333333333336,-11.916666666666664,0.04683978793698164
-52.41666666666667,-11.916666666666664,0.04527802906703868
-52.25,-11.916666666666664,0.039524768928668415
-52.083333333333336,-11.916666666666664,0.03818062324583263
-51.91666666666667,-11.916666666666664,0.03241149452912565
-51.75,-11.916666666666664,0.027447994825481704
-51.583333333333336,-11.916666666666664,0.03769488109397028
-64.58333333333333,-12.083333333333329,0.11619015333795987
-64.41666666666667,-12.083333333333329,0.11829862886028299
-64.25,-12.083333333333329,0.11370344929106758
-64.08333333333333,-12.083333333333329,0.10635040669442378
-63.91666666666667,-12.083333333333329,0.10350736454906202
-63.75,-12.083333333333329,0.08658522103711828
-63.583333333333336,-12.083333333333329,0.10085934967074725
-63.41666666666667,-12.083333333333329,0.10200437429327819
-63.25,-12.083333333333329,0.10791827468659795
-63.083333333333336,-12.083333333333329,0.11460798979444946
-62.91666666666667,-12.083333333333329,0.11552413395416171
-62.75,-12.083333333333329,0.1135718370094046
-62.583333333333336,-12.083333333333329,0.12978186542138814
-62.41666666666667,-12.083333333333329,0.11673953023248516
-62.25,-12.083333333333329,0.03662398470219299
-62.083333333333336,-12.083333333333329,0.030315700645242326
-61.91666666666667,-12.083333333333329,0.03295048851316292
-61.75,-12.083333333333329,0.040592198445379674
-61.583333333333336,-12.083333333333329,0.07696857563631081
-61.41666666666667,-12.083333333333329,0.10367749861752329
-61.25,-12.083333333333329,0.10531264500926135
-61.083333333333336,-12.083333333333329,0.1011807219671215
-60.91666666666667,-12.083333333333329,0.08269158801799198
-60.75,-12.083333333333329,0.07308052386587076
-60.583333333333336,-12.083333333333329,0.09630493501805587
-60.41666666666667,-12.083333333333329,0.07798747340416452
-60.25,-12.083333333333329,0.07289584502471615
-60.083333333333336,-12.083333333333329,0.045815797471364446
-58.25,-12.083333333333329,0.11036039607216566
-58.083333333333336,-12.083333333333329,0.1332904028971271
-57.91666666666667,-12.083333333333329,0.1504242860146082
-57.75,-12.083333333333329,0.17102697560671778
-57.583333333333336,-12.083333333333329,0.02832055914544488
-57.41666666666667,-12.083333333333329,0.021459362264329835
-57.25,-12.083333333333329,0.022417809475481245
-57.083333333333336,-12.083333333333329,0.02699670877536725
-56.91666666666667,-12.083333333333329,0.036851714667980665
-56.75,-12.083333333333329,0.05021400091834035
-56.583333333333336,-12.083333333333329,0.05619882712191542
-56.41666666666667,-12.083333333333329,0.052262517278355514
-56.25,-12.083333333333329,0.04779256347481968
-56.083333333333336,-12.083333333333329,0.060997578611770846
-55.91666666666667,-12.083333333333329,0.05393657526944889
-55.75,-12.083333333333329,0.03732825193820188
-55.583333333333336,-12.083333333333329,0.05533356924134653
-55.41666666666667,-12.083333333333329,0.042024901020494075
-55.25,-12.083333333333329,0.03561910840597144
-55.083333333333336,-12.083333333333329,0.03956521714629341
-54.91666666666667,-12.083333333333329,0.04697985180478853
-54.75,-12.083333333333329,0.022684197370923996
-54.583333333333336,-12.083333333333329,0.019786386411996964
-54.41666666666667,-12.083333333333329,0.040354861568069916
-54.25,-12.083333333333329,0.04284807188555361
-54.083333333333336,-12.083333333333329,0.022163726873756943
-53.91666666666667,-12.083333333333329,0.024667307265286778
-53.75,-12.083333333333329,0.045377538099351016
-53.583333333333336,-12.083333333333329,0.05887920640956537
-53.41666666666667,-12.083333333333329,0.058149950082507514
-53.25,-12.083333333333329,0.056774979377285865
-53.083333333333336,-12.083333333333329,0.05641543406662305
-52.91666666666667,-12.083333333333329,0.0459706075806845
-52.75,-12.083333333333329,0.04617745544616167
-52.583333333333336,-12.083333333333329,0.04678279806765486
-52.41666666666667,-12.083333333333329,0.035063297611455456
-52.25,-12.083333333333329,0.04637527215595286
-52.083333333333336,-12.083333333333329,0.04923053140208634
-51.91666666666667,-12.083333333333329,0.044109182466256454
-51.75,-12.083333333333329,0.030123744238190253
-51.583333333333336,-12.083333333333329,0.05330807769694386
-64.41666666666667,-12.249999999999996,0.1309308925117522
-64.25,-12.249999999999996,0.11391472975345757
-64.08333333333333,-12.249999999999996,0.09361376039118532
-63.91666666666667,-12.249999999999996,0.10428892131394835
-63.75,-12.249999999999996,0.09576648367610044
-63.583333333333336,-12.249999999999996,0.10546070716915582
-63.41666666666667,-12.249999999999996,0.10534951419126354
-63.25,-12.249999999999996,0.09670356382937295
-63.083333333333336,-12.249999999999996,0.11738486595102368
-62.91666666666667,-12.249999999999996,0.12733509724047842
-62.75,-12.249999999999996,0.1253325644215114
-62.583333333333336,-12.249999999999996,0.13356033655004645
-62.41666666666667,-12.249999999999996,0.1543573061449718
-62.25,-12.249999999999996,0.09089034141646335
-62.083333333333336,-12.249999999999996,0.09187571371944514
-61.91666666666667,-12.249999999999996,0.10733852908769527
-61.75,-12.249999999999996,0.04624311486865463
-61.583333333333336,-12.249999999999996,0.05968731087950681
-61.41666666666667,-12.249999999999996,0.06968096899396649
-61.25,-12.249999999999996,0.07410698525628014
-61.083333333333336,-12.249999999999996,0.06331690554898763
-60.91666666666667,-12.249999999999996,0.08782400789362314
-60.75,-12.249999999999996,0.07905433691671968
-60.583333333333336,-12.249999999999996,0.08846648795477355
-60.41666666666667,-12.249999999999996,0.09411536253609044
-60.25,-12.249999999999996,0.07304739044204722
-60.083333333333336,-12.249999999999996,0.044963458563980485
-58.25,-12.249999999999996,0.10966037074358967
-58.083333333333336,-12.249999999999996,0.15253750370651847
-57.91666666666667,-12.249999999999996,0.1863886941719949
-57.75,-12.249999999999996,0.17392437756293255
-57.583333333333336,-12.249999999999996,0.030926820669411638
-57.41666666666667,-12.249999999999996,0.023551862456587257
-57.25,-12.249999999999996,0.016446761976525916
-57.083333333333336,-12.249999999999996,0.029243002024039417
-56.91666666666667,-12.249999999999996,0.056749548384550805
-56.75,-12.249999999999996,0.06167893605166192
-56.583333333333336,-12.249999999999996,0.06383417963873156
-56.41666666666667,-12.249999999999996,0.06328363020119426
-56.25,-12.249999999999996,0.05740803871481039
-56.083333333333336,-12.249999999999996,0.01350858203414248
-55.91666666666667,-12.249999999999996,0.02275376601881057
-55.75,-12.249999999999996,0.04602195040412675
-55.583333333333336,-12.249999999999996,0.06991860598642909
-55.41666666666667,-12.249999999999996,0.05195424266074875
-55.25,-12.249999999999996,0.0398219063567243
-55.083333333333336,-12.249999999999996,0.019975340307532823
-54.91666666666667,-12.249999999999996,0.018978092676585148
-54.75,-12.249999999999996,0.02029794466766243
-54.583333333333336,-12.249999999999996,0.022291782974057085
-54.41666666666667,-12.249999999999996,0.01851553053935806
-54.25,-12.249999999999996,0.020508351343644808
-54.083333333333336,-12.249999999999996,0.018839677209747788
-53.91666666666667,-12.249999999999996,0.022444569143876072
-53.75,-12.249999999999996,0.022850538426174325
-53.583333333333336,-12.249999999999996,0.04122399528335337
-53.41666666666667,-12.249999999999996,0.04621314727814765
-53.25,-12.249999999999996,0.06375091984115529
-53.083333333333336,-12.249999999999996,0.06003449797480546
-52.91666666666667,-12.249999999999996,0.05495813235930255
-52.75,-12.249999999999996,0.05071071862416314
-52.583333333333336,-12.249999999999996,0.047787920148179404
-52.41666666666667,-12.249999999999996,0.037098686948806685
-52.25,-12.249999999999996,0.04092015328487737
-52.083333333333336,-12.249999999999996,0.05207487964468378
-51.91666666666667,-12.249999999999996,0.0546466569243477
-51.75,-12.249999999999996,0.045217978805546274
-51.583333333333336,-12.249999999999996,0.04397537297911243
-64.08333333333333,-12.416666666666664,0.12156817759174157
-63.41666666666667,-12.416666666666664,0.09837810416110153
-63.25,-12.416666666666664,0.10217292783719245
-63.083333333333336,-12.416666666666664,0.10413439328492133
-62.91666666666667,-12.416666666666664,0.1342670946291734
-62.75,-12.416666666666664,0.12528506958167457
-62.583333333333336,-12.416666666666664,0.11970084567480126
-62.41666666666667,-12.416666666666664,0.10745192033863438
-62.25,-12.416666666666664,0.10865202605377679
-62.083333333333336,-12.416666666666664,0.12495349246101749
-61.91666666666667,-12.416666666666664,0.14266921507421718
-61.75,-12.416666666666664,0.05109512869781458
-61.583333333333336,-12.416666666666664,0.02431469845657005
-61.41666666666667,-12.416666666666664,0.03837995880028732
-61.25,-12.416666666666664,0.0364062792672134
-61.083333333333336,-12.416666666666664,0.06606307607063057
-60.91666666666667,-12.416666666666664,0.08039608823819172
-60.75,-12.416666666666664,0.09895205682105146
-60.583333333333336,-12.416666666666664,0.08716663015517953
-60.41666666666667,-12.416666666666664,0.09033526634022823
-60.25,-12.416666666666664,0.060815687004651585
-60.083333333333336,-12.416666666666664,0.03489915374706621
-57.75,-12.416666666666664,0.1382380253658501
-57.583333333333336,-12.416666666666664,0.026821043580901694
-57.41666666666667,-12.416666666666664,0.035571116963039655
-57.25,-12.416666666666664,0.021593526972212684
-57.083333333333336,-12.416666666666664,0.029388696835226897
-56.91666666666667,-12.416666666666664,0.05820740247981906
-56.75,-12.416666666666664,0.057092699966505116
-56.583333333333336,-12.416666666666664,0.05753669001680354
-56.41666666666667,-12.416666666666664,0.05141800144596223
-56.25,-12.416666666666664,0.053625285154202736
-56.083333333333336,-12.416666666666664,0.019253316977841096
-55.41666666666667,-12.416666666666664,0.0522681480719192
-55.25,-12.416666666666664,0.0394124927430663
-55.083333333333336,-12.416666666666664,0.018426483711177184
-54.91666666666667,-12.416666666666664,0.01820848353285527
-54.75,-12.416666666666664,0.01850016731162516
-54.583333333333336,-12.416666666666664,0.019682687878090042
-54.41666666666667,-12.416666666666664,0.02116825057561418
-54.25,-12.416666666666664,0.0190856700048585
-54.083333333333336,-12.416666666666664,0.021399700075000607
-53.91666666666667,-12.416666666666664,0.01866426845939229
-53.75,-12.416666666666664,0.01930085933019588
-53.583333333333336,-12.416666666666664,0.02105753588605223
-53.41666666666667,-12.416666666666664,0.03530901304460274
-53.25,-12.416666666666664,0.05074915482279935
-53.083333333333336,-12.416666666666664,0.06697523557280435
-52.91666666666667,-12.416666666666664,0.06161480444819726
-52.75,-12.416666666666664,0.05463580152978712
-52.583333333333336,-12.416666666666664,0.04407749067341573
-52.41666666666667,-12.416666666666664,0.04907603566272487
-52.25,-12.416666666666664,0.03663097634286673
-52.083333333333336,-12.416666666666664,0.03786344639395484
-51.91666666666667,-12.416666666666664,0.05058414343000273
-51.75,-12.416666666666664,0.038308400206642446
-51.583333333333336,-12.416666666666664,0.0397916455235072
-63.25,-12.583333333333329,0.08550186366310487
-63.083333333333336,-12.583333333333329,0.10783491273106925
-62.91666666666667,-12.583333333333329,0.11377959943583794
-62.75,-12.583333333333329,0.12637081879340334
-62.583333333333336,-12.583333333333329,0.12408551608368727
-62.41666666666667,-12.583333333333329,0.10990836977974096
-62.25,-12.583333333333329,0.11631201659004492
-62.083333333333336,-12.583333333333329,0.1115432301572649
-61.91666666666667,-12.583333333333329,0.13917276600833348
-61.75,-12.583333333333329,0.13307191542070537
-61.583333333333336,-12.583333333333329,0.09766532262333603
-61.41666666666667,-12.583333333333329,0.062079464544083245
-61.25,-12.583333333333329,0.047835696135252494
-61.083333333333336,-12.583333333333329,0.05283207460787875
-60.91666666666667,-12.583333333333329,0.07138420147308855
-60.75,-12.583333333333329,0.07116027381141715
-60.583333333333336,-12.583333333333329,0.04988821667996302
-60.41666666666667,-12.583333333333329,0.03581012460510545
-60.25,-12.583333333333329,0.0298248189465126
-60.083333333333336,-12.583333333333329,0.01106534695547515
-57.75,-12.583333333333329,0.1584652574328897
-57.583333333333336,-12.583333333333329,0.025476543042272922
-57.41666666666667,-12.583333333333329,0.03584541160028268
-57.25,-12.583333333333329,0.023317300662654375
-57.083333333333336,-12.583333333333329,0.024074425426874758
-56.91666666666667,-12.583333333333329,0.03534798524869064
-56.75,-12.583333333333329,0.04774830990575723
-56.583333333333336,-12.583333333333329,0.04874505478888368
-55.41666666666667,-12.583333333333329,0.02219203115557602
-55.25,-12.583333333333329,0.018238384565200882
-55.083333333333336,-12.583333333333329,0.016932266327936294
-54.91666666666667,-12.583333333333329,0.0183850646090134
-54.75,-12.583333333333329,0.017142348852771508
-54.583333333333336,-12.583333333333329,0.024534920003463443
-54.41666666666667,-12.583333333333329,0.04177961054114231
-54.25,-12.583333333333329,0.018528577098035185
-54.083333333333336,-12.583333333333329,0.03890042934036478
-53.91666666666667,-12.583333333333329,0.019043953473963798
-53.75,-12.583333333333329,0.02226552977329171
-53.583333333333336,-12.583333333333329,0.02029872842493906
-53.41666666666667,-12.583333333333329,0.021921335331238558
-53.25,-12.583333333333329,0.026574241384854154
-53.083333333333336,-12.583333333333329,0.07408256684934435
-52.91666666666667,-12.583333333333329,0.06585108185121487
-52.75,-12.583333333333329,0.06324185989766512
-52.583333333333336,-12.583333333333329,0.05036352634415399
-52.41666666666667,-12.583333333333329,0.044686411043189544
-52.25,-12.583333333333329,0.04390353565481667
-52.083333333333336,-12.583333333333329,0.0444815560361265
-51.91666666666667,-12.583333333333329,0.05270648943823263
-51.75,-12.583333333333329,0.03711738552909989
-62.91666666666667,-12.749999999999996,0.1111822819466187
-62.75,-12.749999999999996,0.11800758423664848
-62.583333333333336,-12.749999999999996,0.140871525797243
-62.41666666666667,-12.749999999999996,0.11702427824853198
-62.25,-12.749999999999996,0.12286971170389607
-62.083333333333336,-12.749999999999996,0.12724974335795775
-61.91666666666667,-12.749999999999996,0.13722241727659715
-61.75,-12.749999999999996,0.1488341662706287
-61.583333333333336,-12.749999999999996,0.14763323438258552
-61.41666666666667,-12.749999999999996,0.13192814710666015
-61.25,-12.749999999999996,0.07712433857371392
-61.083333333333336,-12.749999999999996,0.06609123883576645
-60.91666666666667,-12.749999999999996,0.07538664581709048
-60.75,-12.749999999999996,0.10424883768184347
-60.583333333333336,-12.749999999999996,0.1039833891294428
-60.41666666666667,-12.749999999999996,0.03262339538029678
-60.25,-12.749999999999996,0.020991354127477452
-60.083333333333336,-12.749999999999996,0.013073934486116774
-57.75,-12.749999999999996,0.022022690946832856
-57.583333333333336,-12.749999999999996,0.030584840611687328
-57.41666666666667,-12.749999999999996,0.03374467610376987
-57.25,-12.749999999999996,0.02299444724578694
-57.083333333333336,-12.749999999999996,0.016020176777570578
-56.91666666666667,-12.749999999999996,0.028136240659186636
-56.75,-12.749999999999996,0.03591436313589339
-56.583333333333336,-12.749999999999996,0.03578756190881519
-55.41666666666667,-12.749999999999996,0.013375430308696359
-55.25,-12.749999999999996,0.020466741589508893
-55.083333333333336,-12.749999999999996,0.016952913542380273
-54.91666666666667,-12.749999999999996,0.017221516168153265
-54.75,-12.749999999999996,0.016705321630548924
-54.583333333333336,-12.749999999999996,0.01945113697022388
-54.41666666666667,-12.749999999999996,0.018745506053335
-54.25,-12.749999999999996,0.02496343579109927
-54.083333333333336,-12.749999999999996,0.021841077070767115
-53.91666666666667,-12.749999999999996,0.019876911841156655
-53.75,-12.749999999999996,0.012705220799383835
-53.583333333333336,-12.749999999999996,0.013669729045797045
-53.41666666666667,-12.749999999999996,0.016632257894156965
-53.25,-12.749999999999996,0.023799543260326402
-53.083333333333336,-12.749999999999996,0.023130578250296515
-52.91666666666667,-12.749999999999996,0.07860095089646164
-52.75,-12.749999999999996,0.06980498222781367
-52.583333333333336,-12.749999999999996,0.054113123797838836
-52.41666666666667,-12.749999999999996,0.044209491144068656
-52.25,-12.749999999999996,0.04489051355665166
-52.083333333333336,-12.749999999999996,0.05272235706639974
-51.91666666666667,-12.749999999999996,0.04022703282814285
-62.583333333333336,-12.916666666666664,0.06246429052099296
-62.41666666666667,-12.916666666666664,0.06630859016634037
-62.25,-12.916666666666664,0.06833503722143758
-62.083333333333336,-12.916666666666664,0.0761534524582042
-61.91666666666667,-12.916666666666664,0.08293015596285107
-61.75,-12.916666666666664,0.14072628669008125
-61.583333333333336,-12.916666666666664,0.13824977262126692
-61.41666666666667,-12.916666666666664,0.14737647051640013
-61.25,-12.916666666666664,0.13368577643125065
-61.083333333333336,-12.916666666666664,0.12130520585533425
-60.91666666666667,-12.916666666666664,0.09424690285292657
-60.75,-12.916666666666664,0.1034565399691969
-60.583333333333336,-12.916666666666664,0.027943418858976506
-60.41666666666667,-12.916666666666664,0.10568451374067665
-60.25,-12.916666666666664,0.11143616113940828
-60.083333333333336,-12.916666666666664,0.022949372219397923
-57.91666666666667,-12.916666666666664,0.09367602531446761
-57.75,-12.916666666666664,0.018485660940086603
-57.583333333333336,-12.916666666666664,0.02434143208658386
-57.41666666666667,-12.916666666666664,0.021335996203087744
-57.25,-12.916666666666664,0.029123605089427636
-57.083333333333336,-12.916666666666664,0.021523980736854898
-56.91666666666667,-12.916666666666664,0.009273969941644032
-56.75,-12.916666666666664,0.023790467910387757
-56.583333333333336,-12.916666666666664,0.010899708183142861
-55.25,-12.916666666666664,0.007400219897201734
-55.083333333333336,-12.916666666666664,0.01742218169167082
-54.91666666666667,-12.916666666666664,0.016885973981089614
-54.75,-12.916666666666664,0.01946773629607557
-54.583333333333336,-12.916666666666664,0.02311944743329366
-54.41666666666667,-12.916666666666664,0.019824275555555673
-54.25,-12.916666666666664,0.019229909047320602
-54.083333333333336,-12.916666666666664,0.011334123557128447
-53.91666666666667,-12.916666666666664,0.0320338477922454
-53.75,-12.916666666666664,0.016664828117917488
-53.583333333333336,-12.916666666666664,0.014091158770287923
-53.41666666666667,-12.916666666666664,0.015332504377163
-53.25,-12.916666666666664,0.023720535257633537
-53.083333333333336,-12.916666666666664,0.022265444520968108
-52.91666666666667,-12.916666666666664,0.05803141947501502
-52.75,-12.916666666666664,0.06667858627296498
-52.583333333333336,-12.916666666666664,0.05324240427266422
-52.41666666666667,-12.916666666666664,0.05238385524399961
-52.25,-12.916666666666664,0.04016528005168929
-52.083333333333336,-12.916666666666664,0.0491487512240723
-61.91666666666667,-13.083333333333329,0.07599442840581642
-61.75,-13.083333333333329,0.08837647862789069
-61.583333333333336,-13.083333333333329,0.08158009303007005
-61.41666666666667,-13.083333333333329,0.15882772045323224
-61.25,-13.083333333333329,0.1615309629852445
-61.083333333333336,-13.083333333333329,0.1682728671079298
-60.91666666666667,-13.083333333333329,0.1610214704223369
-60.75,-13.083333333333329,0.10715412287571117
-60.583333333333336,-13.083333333333329,0.06170914094337826
-60.41666666666667,-13.083333333333329,0.1514073409120178
-60.25,-13.083333333333329,0.24130121246111108
-60.083333333333336,-13.083333333333329,0.06298105293671091
-59.91666666666667,-13.083333333333329,0.024701198732304655
-57.583333333333336,-13.083333333333329,0.02159352998951417
-57.41666666666667,-13.083333333333329,0.02342788627256006
-57.25,-13.083333333333329,0.01244993226726542
-57.083333333333336,-13.083333333333329,0.01831909796331673
-56.91666666666667,-13.083333333333329,0.010433088904262578
-56.75,-13.083333333333329,0.011475534936700869
-56.583333333333336,-13.083333333333329,0.010433277677785393
-56.41666666666667,-13.083333333333329,0.010190907470868413
-55.083333333333336,-13.083333333333329,0.007359905785928061
-54.91666666666667,-13.083333333333329,0.009363711621876623
-54.75,-13.083333333333329,0.014991111385358542
-54.583333333333336,-13.083333333333329,0.013626918448700233
-54.41666666666667,-13.083333333333329,0.013550020808855834
-54.25,-13.083333333333329,0.03132603645741649
-54.083333333333336,-13.083333333333329,0.014655551317411909
-53.91666666666667,-13.083333333333329,0.01595435846358045
-53.75,-13.083333333333329,0.010767615096420557
-53.583333333333336,-13.083333333333329,0.012307440150447073
-53.41666666666667,-13.083333333333329,0.020702111252734134
-53.25,-13.083333333333329,0.06214383369699434
-53.083333333333336,-13.083333333333329,0.056518338391802474
-52.91666666666667,-13.083333333333329,0.05480470256622253
-52.75,-13.083333333333329,0.06564891847961744
-52.583333333333336,-13.083333333333329,0.05358645278814772
-52.41666666666667,-13.083333333333329,0.04967839202554381
-61.91666666666667,-13.249999999999996,0.07293047937075005
-61.75,-13.249999999999996,0.07810043836393876
-61.583333333333336,-13.249999999999996,0.08446880980645093
-61.41666666666667,-13.249999999999996,0.08971202593127266
-61.25,-13.249999999999996,0.1772353222981025
-61.083333333333336,-13.249999999999996,0.18498660692519037
-60.91666666666667,-13.249999999999996,0.197776127964156
-60.75,-13.249999999999996,0.23364748698818402
-60.583333333333336,-13.249999999999996,0.12609757910121802
-60.41666666666667,-13.249999999999996,0.1682110135829302
-60.25,-13.249999999999996,0.23306372712935286
-60.083333333333336,-13.249999999999996,0.1829587057226355
-59.91666666666667,-13.249999999999996,0.042788573658825275
-57.41666666666667,-13.249999999999996,0.010029353236020583
-57.25,-13.249999999999996,0.00960789744495292
-57.083333333333336,-13.249999999999996,0.014048876959097475
-56.91666666666667,-13.249999999999996,0.009557624724401295
-56.75,-13.249999999999996,0.009882113131772674
-56.583333333333336,-13.249999999999996,0.01128169313456032
-56.41666666666667,-13.249999999999996,0.01006535994659581
-55.083333333333336,-13.249999999999996,0.006780113719155001
-54.91666666666667,-13.249999999999996,0.009007526093649222
-54.75,-13.249999999999996,0.014576557772220354
-54.583333333333336,-13.249999999999996,0.009638741784283039
-54.41666666666667,-13.249999999999996,0.012149078230984666
-54.25,-13.249999999999996,0.013230748870042903
-54.083333333333336,-13.249999999999996,0.01945030121592224
-53.91666666666667,-13.249999999999996,0.015470147902698319
-53.75,-13.249999999999996,0.010017970316315038
-53.583333333333336,-13.249999999999996,0.013473288817529749
-53.41666666666667,-13.249999999999996,0.017388326092363463
-53.25,-13.249999999999996,0.050789300508600844
-53.083333333333336,-13.249999999999996,0.053671584317372595
-52.91666666666667,-13.249999999999996,0.07687998142337957
-52.75,-13.249999999999996,0.04494957713173173
-52.583333333333336,-13.249999999999996,0.05222074283102986
-52.41666666666667,-13.249999999999996,0.052563480943393526
-61.75,-13.416666666666664,0.0774065113964478
-61.583333333333336,-13.416666666666664,0.0933430675656055
-61.41666666666667,-13.416666666666664,0.09098860762670123
-61.25,-13.416666666666664,0.0892944824359198
-61.083333333333336,-13.416666666666664,0.20455547542730196
-60.91666666666667,-13.416666666666664,0.21274036792762976
-60.75,-13.416666666666664,0.24008462972824582
-60.583333333333336,-13.416666666666664,0.19131391881983756
-60.41666666666667,-13.416666666666664,0.2197639688717553
-60.25,-13.416666666666664,0.22590015003349773
-60.083333333333336,-13.416666666666664,0.15896209354911828
-59.91666666666667,-13.416666666666664,0.03465107572091076
-57.25,-13.416666666666664,0.011164284437171561
-57.083333333333336,-13.416666666666664,0.01374068887719491
-56.91666666666667,-13.416666666666664,0.008766956845932154
-56.75,-13.416666666666664,0.009762537872031405
-56.583333333333336,-13.416666666666664,0.012083305768664758
-56.41666666666667,-13.416666666666664,0.010359083277163504
-54.41666666666667,-13.416666666666664,0.011660635673876141
-54.25,-13.416666666666664,0.012683086069874124
-54.083333333333336,-13.416666666666664,0.014422627812035549
-53.91666666666667,-13.416666666666664,0.007425527815513585
-53.75,-13.416666666666664,0.01143341230145632
-53.583333333333336,-13.416666666666664,0.012175281719127296
-53.41666666666667,-13.416666666666664,0.018228499717658355
-53.25,-13.416666666666664,0.038341219474861625
-60.583333333333336,-13.583333333333329,0.07040583590804686
-60.41666666666667,-13.583333333333329,0.08142962456718085
-60.25,-13.583333333333329,0.09906529777626612
-60.083333333333336,-13.583333333333329,0.039153287926186525
-59.91666666666667,-13.583333333333329,0.06240608528929181
-57.083333333333336,-13.583333333333329,0.014111737088299978
-56.91666666666667,-13.583333333333329,0.007508870202786272
-56.75,-13.583333333333329,0.011075662484845207
-56.583333333333336,-13.583333333333329,0.010037268620014934
-56.41666666666667,-13.583333333333329,0.011955599107655387
-56.25,-13.583333333333329,0.009780802144761232
-54.25,-13.583333333333329,0.008929428681343629
-54.083333333333336,-13.583333333333329,0.007669780284551564
-60.25,-13.749999999999996,0.11225734721405739
-60.083333333333336,-13.749999999999996,0.09155193478065944
-59.91666666666667,-13.749999999999996,0.02659970803205112
-56.91666666666667,-13.749999999999996,0.007697261777518479
-56.75,-13.749999999999996,0.010242886226240425
-56.583333333333336,-13.749999999999996,0.009506555255624275
-56.41666666666667,-13.749999999999996,0.009645098325739171
-60.25,-13.916666666666664,0.10863978419700869
-60.083333333333336,-13.916666666666664,0.11233327877348381
-59.91666666666667,-13.916666666666664,0.10825512799847441
-59.75,-13.916666666666664,0.028028960793952867
-56.75,-13.916666666666664,0.007088438329169342
-60.25,-14.083333333333329,0.11144661436279203
-60.083333333333336,-14.083333333333329,0.11936926663504852
-59.91666666666667,-14.083333333333329,0.12120917692786944
-59.75,-14.083333333333329,0.1571152020351139
-56.75,-14.083333333333329,0.008775140648187595
-60.25,-14.249999999999996,0.15751323398458975
-60.083333333333336,-14.249999999999996,0.12018140694835802
-59.91666666666667,-14.249999999999996,0.11392381834474025
-59.75,-14.249999999999996,0.17939745257390802
-56.75,-14.249999999999996,0.01797576715776227
-60.25,-14.416666666666664,0.10070002822604504
-60.083333333333336,-14.416666666666664,0.14536823814458263
-59.91666666666667,-14.416666666666664,0.1651296286170442
-59.75,-14.416666666666664,0.1528882842117023
-57.41666666666667,-14.416666666666664,0.05251980247760626
-57.25,-14.416666666666664,0.03230088380946132
-57.083333333333336,-14.416666666666664,0.02329729772182214
-56.91666666666667,-14.416666666666664,0.034789244176721586
-60.083333333333336,-14.583333333333329,0.17253182144565624
-59.91666666666667,-14.583333333333329,0.14454946333022198
-59.75,-14.583333333333329,0.054630173991309185
-59.583333333333336,-14.583333333333329,0.14493971585304438
-57.75,-14.583333333333329,0.019782914968834834
-57.583333333333336,-14.583333333333329,0.010938806681682877
-57.41666666666667,-14.583333333333329,0.030163207349446084
-57.25,-14.583333333333329,0.0220471499364565
-57.083333333333336,-14.583333333333329,0.0424802806054522
-56.91666666666667,-14.583333333333329,0.09542387783579925
-60.083333333333336,-14.749999999999996,0.24349022432160689
-59.91666666666667,-14.749999999999996,0.19092803472493078
-59.75,-14.749999999999996,0.029356554208921398
-59.583333333333336,-14.749999999999996,0.047880659304192275
-59.41666666666667,-14.749999999999996,0.19350870458755262
-57.91666666666667,-14.749999999999996,0.027294460653497908
-57.75,-14.749999999999996,0.029471585267413537
-57.583333333333336,-14.749999999999996,0.01699932864301734
-57.41666666666667,-14.749999999999996,0.027291624322280966
-57.25,-14.749999999999996,0.16042102904113786
-57.083333333333336,-14.749999999999996,0.1668751878003502
-56.91666666666667,-14.749999999999996,0.13437273071993233
-60.083333333333336,-14.916666666666664,0.024211462279854015
-59.91666666666667,-14.916666666666664,0.19355582568397356
-59.75,-14.916666666666664,0.2274038135154534
-59.583333333333336,-14.916666666666664,0.08137953224862339
-59.41666666666667,-14.916666666666664,0.1648618931710408
-57.91666666666667,-14.916666666666664,0.04593921394981329
-57.75,-14.916666666666664,0.0372118496512377
-57.583333333333336,-14.916666666666664,0.04084977651161638
-57.41666666666667,-14.916666666666664,0.0530646098095241
-57.25,-14.916666666666664,0.0629883884443272
-57.083333333333336,-14.916666666666664,0.07261001344231519
-60.083333333333336,-15.083333333333329,0.13973266314767868
-59.91666666666667,-15.083333333333329,0.2274129461561134
-59.75,-15.083333333333329,0.1952273946184982
-59.583333333333336,-15.083333333333329,0.1505976494511212
-59.41666666666667,-15.083333333333329,0.12090345743149476
-59.25,-15.083333333333329,0.16532169765787874
-59.083333333333336,-15.083333333333329,0.11386800317262892
-58.083333333333336,-15.083333333333329,0.09083740902724993
-57.91666666666667,-15.083333333333329,0.255932583523638
-57.75,-15.083333333333329,0.04240649886224875
-57.583333333333336,-15.083333333333329,0.043904382693242205
-57.41666666666667,-15.083333333333329,0.05920466033336188
-57.25,-15.083333333333329,0.07762102073096677
-60.25,-15.249999999999996,0.152504224861075
-60.083333333333336,-15.249999999999996,0.1756338881063096
-59.91666666666667,-15.249999999999996,0.1805452864587849
-59.75,-15.249999999999996,0.1701881409160047
-59.583333333333336,-15.249999999999996,0.17387349132825725
-59.41666666666667,-15.249999999999996,0.14250125953511963
-59.25,-15.249999999999996,0.13655395790777972
-59.083333333333336,-15.249999999999996,0.13479045020147803
-58.91666666666667,-15.249999999999996,0.04449135773970902
-58.75,-15.249999999999996,0.09223330483882085
-58.583333333333336,-15.249999999999996,0.08721964827988675
-58.41666666666667,-15.249999999999996,0.12360313641191804
-58.25,-15.249999999999996,0.12340816084313021
-58.083333333333336,-15.249999999999996,0.23137519678049767
-57.91666666666667,-15.249999999999996,0.24179825131828847
-57.75,-15.249999999999996,0.057990029415255544
-57.583333333333336,-15.249999999999996,0.06177943924005557
-57.41666666666667,-15.249999999999996,0.07825793212401091
-60.083333333333336,-15.416666666666664,0.15690230074702372
-59.91666666666667,-15.416666666666664,0.15927832692735985
-59.75,-15.416666666666664,0.19861863310405117
-59.583333333333336,-15.416666666666664,0.2197484232123409
-59.41666666666667,-15.416666666666664,0.19028472074865396
-59.25,-15.416666666666664,0.1097261926139823
-59.083333333333336,-15.416666666666664,0.05945065658415613
-58.91666666666667,-15.416666666666664,0.08510243371549059
-58.75,-15.416666666666664,0.16371092636189144
-58.583333333333336,-15.416666666666664,0.20848691144976422
-58.41666666666667,-15.416666666666664,0.1914319120175474
-58.25,-15.416666666666664,0.19665163929057744
-58.083333333333336,-15.416666666666664,0.1953444269701787
-57.91666666666667,-15.416666666666664,0.25181252833476964
-57.75,-15.416666666666664,0.25011083549111984
-57.583333333333336,-15.416666666666664,0.0809510323313356
-60.083333333333336,-15.583333333333329,0.1553026306844626
-59.91666666666667,-15.583333333333329,0.1852156959256968
-59.75,-15.583333333333329,0.21396756728001876
-59.583333333333336,-15.583333333333329,0.184729325446369
-59.41666666666667,-15.583333333333329,0.09230154346630101
-59.25,-15.583333333333329,0.11469602865506509
-59.083333333333336,-15.583333333333329,0.059213326929072
-58.91666666666667,-15.583333333333329,0.15450696839198527
-58.75,-15.583333333333329,0.17685669409630306
-58.583333333333336,-15.583333333333329,0.19837212056422518
-58.41666666666667,-15.583333333333329,0.21220505470876136
-58.25,-15.583333333333329,0.18645254519832988
-58.083333333333336,-15.583333333333329,0.17335807779762413
-57.91666666666667,-15.583333333333329,0.24726026385894675
-57.75,-15.583333333333329,0.26099749732706173
-57.583333333333336,-15.583333333333329,0.1372058718066671
-60.083333333333336,-15.749999999999996,0.14946810250304185
-59.91666666666667,-15.749999999999996,0.18667314941545274
-59.75,-15.749999999999996,0.21747715752815433
-59.583333333333336,-15.749999999999996,0.3254702730646665
-59.41666666666667,-15.749999999999996,0.021180294581227582
-59.25,-15.749999999999996,0.14354559197882483
-59.083333333333336,-15.749999999999996,0.11963921040799014
-58.91666666666667,-15.749999999999996,0.15431238108500242
-58.75,-15.749999999999996,0.1616625838720767
-58.583333333333336,-15.749999999999996,0.2005843369149329
-58.41666666666667,-15.749999999999996,0.21311128146494465
-58.25,-15.749999999999996,0.23025863576194314
-60.083333333333336,-15.916666666666664,0.15844815395318176
-59.91666666666667,-15.916666666666664,0.1963066472340979
-59.75,-15.916666666666664,0.22890332959820517
-59.583333333333336,-15.916666666666664,0.3661964662556301
-59.41666666666667,-15.916666666666664,0.013801914596343582
-59.25,-15.916666666666664,0.0418728125062586
-59.083333333333336,-15.916666666666664,0.18290560773543366
-58.91666666666667,-15.916666666666664,0.15059191283193213
-58.75,-15.916666666666664,0.18036820777747872
-58.583333333333336,-15.916666666666664,0.19423188499379768
-58.41666666666667,-15.916666666666664,0.21842518852134848
-58.25,-15.916666666666664,0.22818736115674554
-60.083333333333336,-16.08333333333333,0.16120714153091878
-59.91666666666667,-16.08333333333333,0.16192646748096226
-59.75,-16.08333333333333,0.22315051854130882
-59.583333333333336,-16.08333333333333,0.18554799528768368
-59.41666666666667,-16.08333333333333,0.023867797048295624
-59.25,-16.08333333333333,0.23245903010372007
-59.083333333333336,-16.08333333333333,0.331309519793513
-58.91666666666667,-16.08333333333333,0.2488784356786126
-58.75,-16.08333333333333,0.240626761613006
-58.583333333333336,-16.08333333333333,0.1918750067246591
-58.41666666666667,-16.08333333333333,0.21587161141683214
-58.25,-16.08333333333333,0.22011134085860518
