variavel,variavel_legenda,valor,adequabilidade,importancia_relativa
bio3_isotermalidade,Bio3 isotermalidade,66.64388595581055,0.6063157650286095,0
bio3_isotermalidade,Bio3 isotermalidade,66.80112962044325,0.6063157650286095,0
bio3_isotermalidade,Bio3 isotermalidade,66.95837328507596,0.6063157650286095,0
bio3_isotermalidade,Bio3 isotermalidade,67.11561694970867,0.6063157650286095,0
bio3_isotermalidade,Bio3 isotermalidade,67.27286061434138,0.6063157650286095,0
bio3_isotermalidade,Bio3 isotermalidade,67.43010427897408,0.6063157650286095,0
bio3_isotermalidade,Bio3 isotermalidade,67.58734794360679,0.6063157650286095,0
bio3_isotermalidade,Bio3 isotermalidade,67.7445916082395,0.6063157650286095,0
bio3_isotermalidade,Bio3 isotermalidade,67.9018352728722,0.6063157650286095,0
bio3_isotermalidade,Bio3 isotermalidade,68.05907893750492,0.6063157650286095,0
bio3_isotermalidade,Bio3 isotermalidade,68.21632260213762,0.6063157650286095,0
bio3_isotermalidade,Bio3 isotermalidade,68.37356626677033,0.6063157650286095,0
bio3_isotermalidade,Bio3 isotermalidade,68.53080993140304,0.6063157650286095,0
bio3_isotermalidade,Bio3 isotermalidade,68.68805359603574,0.6063157650286095,0
bio3_isotermalidade,Bio3 isotermalidade,68.84529726066845,0.6063157650286095,0
bio3_isotermalidade,Bio3 isotermalidade,69.00254092530116,0.6063157650286095,0
bio3_isotermalidade,Bio3 isotermalidade,69.15978458993386,0.6063157650286095,0
bio3_isotermalidade,Bio3 isotermalidade,69.31702825456658,0.6063157650286095,0
bio3_isotermalidade,Bio3 isotermalidade,69.47427191919928,0.6063157650286095,0
bio3_isotermalidade,Bio3 isotermalidade,69.63151558383198,0.6063157650286095,0
bio3_isotermalidade,Bio3 isotermalidade,69.7887592484647,0.6063157650286095,0
bio3_isotermalidade,Bio3 isotermalidade,69.9460029130974,0.6063157650286095,0
bio3_isotermalidade,Bio3 isotermalidade,70.10324657773012,0.6063157650286095,0
bio3_isotermalidade,Bio3 isotermalidade,70.26049024236282,0.6063157650286095,0
bio3_isotermalidade,Bio3 isotermalidade,70.41773390699552,0.6063157650286095,0
bio3_isotermalidade,Bio3 isotermalidade,70.57497757162824,0.6063157650286095,0
bio3_isotermalidade,Bio3 isotermalidade,70.73222123626094,0.6063157650286095,0
bio3_isotermalidade,Bio3 isotermalidade,70.88946490089364,0.6063157650286095,0
bio3_isotermalidade,Bio3 isotermalidade,71.04670856552636,0.6063157650286095,0
bio3_isotermalidade,Bio3 isotermalidade,71.20395223015906,0.6063157650286095,0
bio3_isotermalidade,Bio3 isotermalidade,71.36119589479178,0.6063157650286095,0
bio3_isotermalidade,Bio3 isotermalidade,71.51843955942448,0.6063157650286095,0
bio3_isotermalidade,Bio3 isotermalidade,71.67568322405718,0.6063157650286095,0
bio3_isotermalidade,Bio3 isotermalidade,71.8329268886899,0.6063157650286095,0
bio3_isotermalidade,Bio3 isotermalidade,71.9901705533226,0.6063157650286095,0
bio3_isotermalidade,Bio3 isotermalidade,72.14741421795532,0.6063157650286095,0
bio3_isotermalidade,Bio3 isotermalidade,72.30465788258802,0.6063157650286095,0
bio3_isotermalidade,Bio3 isotermalidade,72.46190154722072,0.6063157650286095,0
bio3_isotermalidade,Bio3 isotermalidade,72.61914521185344,0.6063157650286095,0
bio3_isotermalidade,Bio3 isotermalidade,72.77638887648614,0.6063157650286095,0
bio3_isotermalidade,Bio3 isotermalidade,72.93363254111885,0.6063157650286095,0
bio3_isotermalidade,Bio3 isotermalidade,73.09087620575156,0.6063157650286095,0
bio3_isotermalidade,Bio3 isotermalidade,73.24811987038426,0.6063157650286095,0
bio3_isotermalidade,Bio3 isotermalidade,73.40536353501697,0.6063157650286095,0
bio3_isotermalidade,Bio3 isotermalidade,73.56260719964968,0.6063157650286095,0
bio3_isotermalidade,Bio3 isotermalidade,73.71985086428239,0.6063157650286095,0
bio3_isotermalidade,Bio3 isotermalidade,73.8770945289151,0.6063157650286095,0
bio3_isotermalidade,Bio3 isotermalidade,74.0343381935478,0.6063157650286095,0
bio3_isotermalidade,Bio3 isotermalidade,74.19158185818051,0.6063157650286095,0
bio3_isotermalidade,Bio3 isotermalidade,74.34882552281321,0.6063157650286095,0
bio3_isotermalidade,Bio3 isotermalidade,74.50606918744592,0.6063157650286095,0
bio3_isotermalidade,Bio3 isotermalidade,74.66331285207863,0.6063157650286095,0
bio3_isotermalidade,Bio3 isotermalidade,74.82055651671133,0.6063157650286095,0
bio3_isotermalidade,Bio3 isotermalidade,74.97780018134405,0.6063157650286095,0
bio3_isotermalidade,Bio3 isotermalidade,75.13504384597675,0.6063157650286095,0
bio3_isotermalidade,Bio3 isotermalidade,75.29228751060946,0.6063157650286095,0
bio3_isotermalidade,Bio3 isotermalidade,75.44953117524217,0.6063157650286095,0
bio3_isotermalidade,Bio3 isotermalidade,75.60677483987487,0.6063157650286095,0
bio3_isotermalidade,Bio3 isotermalidade,75.76401850450759,0.6063157650286095,0
bio3_isotermalidade,Bio3 isotermalidade,75.92126216914029,0.6063157650286095,0
bio3_isotermalidade,Bio3 isotermalidade,76.078505833773,0.6063157650286095,0
bio3_isotermalidade,Bio3 isotermalidade,76.23574949840571,0.6063157650286095,0
bio3_isotermalidade,Bio3 isotermalidade,76.39299316303841,0.6063157650286095,0
bio3_isotermalidade,Bio3 isotermalidade,76.55023682767111,0.6063157650286095,0
bio3_isotermalidade,Bio3 isotermalidade,76.70748049230383,0.6063157650286095,0
bio3_isotermalidade,Bio3 isotermalidade,76.86472415693653,0.6063157650286095,0
bio3_isotermalidade,Bio3 isotermalidade,77.02196782156925,0.6063157650286095,0
bio3_isotermalidade,Bio3 isotermalidade,77.17921148620195,0.6063157650286095,0
bio3_isotermalidade,Bio3 isotermalidade,77.33645515083465,0.6063157650286095,0
bio3_isotermalidade,Bio3 isotermalidade,77.49369881546737,0.6063157650286095,0
bio3_isotermalidade,Bio3 isotermalidade,77.65094248010007,0.6063157650286095,0
bio3_isotermalidade,Bio3 isotermalidade,77.80818614473279,0.6063157650286095,0
bio3_isotermalidade,Bio3 isotermalidade,77.96542980936549,0.6063157650286095,0
bio3_isotermalidade,Bio3 isotermalidade,78.12267347399819,0.6063157650286095,0
bio3_isotermalidade,Bio3 isotermalidade,78.2799171386309,0.6063157650286095,0
bio3_isotermalidade,Bio3 isotermalidade,78.43716080326361,0.6063157650286095,0
bio3_isotermalidade,Bio3 isotermalidade,78.59440446789631,0.6063157650286095,0
bio3_isotermalidade,Bio3 isotermalidade,78.75164813252903,0.6063157650286095,0
bio3_isotermalidade,Bio3 isotermalidade,78.90889179716173,0.6063157650286095,0
bio3_isotermalidade,Bio3 isotermalidade,79.06613546179445,0.6063157650286095,0
bio3_isotermalidade,Bio3 isotermalidade,79.22337912642715,0.6063157650286095,0
bio3_isotermalidade,Bio3 isotermalidade,79.38062279105986,0.6063157650286095,0
bio3_isotermalidade,Bio3 isotermalidade,79.53786645569257,0.6063157650286095,0
bio3_isotermalidade,Bio3 isotermalidade,79.69511012032527,0.6063157650286095,0
bio3_isotermalidade,Bio3 isotermalidade,79.85235378495798,0.6063157650286095,0
bio3_isotermalidade,Bio3 isotermalidade,80.00959744959069,0.6063157650286095,0
bio3_isotermalidade,Bio3 isotermalidade,80.16684111422339,0.6063157650286095,0
bio3_isotermalidade,Bio3 isotermalidade,80.3240847788561,0.6063157650286095,0
bio3_isotermalidade,Bio3 isotermalidade,80.4813284434888,0.6063157650286095,0
bio3_isotermalidade,Bio3 isotermalidade,80.63857210812152,0.6063157650286095,0
bio3_isotermalidade,Bio3 isotermalidade,80.79581577275422,0.6063157650286095,0
bio3_isotermalidade,Bio3 isotermalidade,80.95305943738693,0.6063157650286095,0
bio3_isotermalidade,Bio3 isotermalidade,81.11030310201964,0.6063157650286095,0
bio3_isotermalidade,Bio3 isotermalidade,81.26754676665234,0.6063157650286095,0
bio3_isotermalidade,Bio3 isotermalidade,81.42479043128506,0.6063157650286095,0
bio3_isotermalidade,Bio3 isotermalidade,81.58203409591776,0.6063157650286095,0
bio3_isotermalidade,Bio3 isotermalidade,81.73927776055046,0.6063157650286095,0
bio3_isotermalidade,Bio3 isotermalidade,81.89652142518318,0.6063157650286095,0
bio3_isotermalidade,Bio3 isotermalidade,82.05376508981588,0.6063157650286095,0
bio3_isotermalidade,Bio3 isotermalidade,82.21100875444859,0.6063157650286095,0
bio3_isotermalidade,Bio3 isotermalidade,82.3682524190813,0.6063157650286095,0
bio3_isotermalidade,Bio3 isotermalidade,82.525496083714,0.6063157650286095,0
bio3_isotermalidade,Bio3 isotermalidade,82.68273974834672,0.6063157650286095,0
bio3_isotermalidade,Bio3 isotermalidade,82.83998341297942,0.6063157650286095,0
bio3_isotermalidade,Bio3 isotermalidade,82.99722707761214,0.6063157650286095,0
bio3_isotermalidade,Bio3 isotermalidade,83.15447074224484,0.6063157650286095,0
bio3_isotermalidade,Bio3 isotermalidade,83.31171440687754,0.6063157650286095,0
bio3_isotermalidade,Bio3 isotermalidade,83.46895807151026,0.6063157650286095,0
bio3_isotermalidade,Bio3 isotermalidade,83.62620173614296,0.6063157650286095,0
bio3_isotermalidade,Bio3 isotermalidade,83.78344540077566,0.6063157650286095,0
bio3_isotermalidade,Bio3 isotermalidade,83.94068906540838,0.6063157650286095,0
bio3_isotermalidade,Bio3 isotermalidade,84.09793273004108,0.6063157650286095,0
bio3_isotermalidade,Bio3 isotermalidade,84.25517639467378,0.6063157650286095,0
bio3_isotermalidade,Bio3 isotermalidade,84.4124200593065,0.6063157650286095,0
bio3_isotermalidade,Bio3 isotermalidade,84.5696637239392,0.6063157650286095,0
bio3_isotermalidade,Bio3 isotermalidade,84.72690738857192,0.6063157650286095,0
bio3_isotermalidade,Bio3 isotermalidade,84.88415105320462,0.6063157650286095,0
bio3_isotermalidade,Bio3 isotermalidade,85.04139471783733,0.6063157650286095,0
bio3_isotermalidade,Bio3 isotermalidade,85.19863838247004,0.6063157650286095,0
bio3_isotermalidade,Bio3 isotermalidade,85.35588204710274,0.6063157650286095,0
bio3_isotermalidade,Bio3 isotermalidade,85.51312571173546,0.6063157650286095,0
bio3_isotermalidade,Bio3 isotermalidade,85.67036937636816,0.6063157650286095,0
bio3_isotermalidade,Bio3 isotermalidade,85.82761304100086,0.6063157650286095,0
bio3_isotermalidade,Bio3 isotermalidade,85.98485670563358,0.6063157650286095,0
bio3_isotermalidade,Bio3 isotermalidade,86.14210037026628,0.6063157650286095,0
bio3_isotermalidade,Bio3 isotermalidade,86.29934403489898,0.6063157650286095,0
bio3_isotermalidade,Bio3 isotermalidade,86.4565876995317,0.6063157650286095,0
bio3_isotermalidade,Bio3 isotermalidade,86.6138313641644,0.6063157650286095,0
bio3_isotermalidade,Bio3 isotermalidade,86.77107502879711,0.6063157650286095,0
bio3_isotermalidade,Bio3 isotermalidade,86.92831869342982,0.6063157650286095,0
bio3_isotermalidade,Bio3 isotermalidade,87.08556235806253,0.6063157650286095,0
bio3_isotermalidade,Bio3 isotermalidade,87.24280602269523,0.6063157650286095,0
bio3_isotermalidade,Bio3 isotermalidade,87.40004968732794,0.6063157650286095,0
bio3_isotermalidade,Bio3 isotermalidade,87.55729335196065,0.6063157650286095,0
bio3_isotermalidade,Bio3 isotermalidade,87.71453701659335,0.6063157650286095,0
bio3_isotermalidade,Bio3 isotermalidade,87.87178068122606,0.6063157650286095,0
bio3_isotermalidade,Bio3 isotermalidade,88.02902434585877,0.6063157650286095,0
bio3_isotermalidade,Bio3 isotermalidade,88.18626801049147,0.6063157650286095,0
bio3_isotermalidade,Bio3 isotermalidade,88.34351167512419,0.6063157650286095,0
bio3_isotermalidade,Bio3 isotermalidade,88.50075533975689,0.6063157650286095,0
bio3_isotermalidade,Bio3 isotermalidade,88.65799900438961,0.6063157650286095,0
bio3_isotermalidade,Bio3 isotermalidade,88.81524266902231,0.6063157650286095,0
bio3_isotermalidade,Bio3 isotermalidade,88.97248633365501,0.6063157650286095,0
bio3_isotermalidade,Bio3 isotermalidade,89.12972999828773,0.6063157650286095,0
bio3_isotermalidade,Bio3 isotermalidade,89.28697366292043,0.6063157650286095,0
bio3_isotermalidade,Bio3 isotermalidade,89.44421732755313,0.6063157650286095,0
bio3_isotermalidade,Bio3 isotermalidade,89.60146099218585,0.6063157650286095,0
bio3_isotermalidade,Bio3 isotermalidade,89.75870465681855,0.6063157650286095,0
bio3_isotermalidade,Bio3 isotermalidade,89.91594832145125,0.6063157650286095,0
bio3_isotermalidade,Bio3 isotermalidade,90.07319198608397,0.6063157650286095,0
bio4_sazonalidade_temperatura,Bio4 sazonalidade temperatura,25.181279067993167,0.16631811157441345,0
bio4_sazonalidade_temperatura,Bio4 sazonalidade temperatura,25.818330584532465,0.17281689204614847,0
bio4_sazonalidade_temperatura,Bio4 sazonalidade temperatura,26.455382101071763,0.17954129217132164,0
bio4_sazonalidade_temperatura,Bio4 sazonalidade temperatura,27.09243361761106,0.18649675241936192,0
bio4_sazonalidade_temperatura,Bio4 sazonalidade temperatura,27.72948513415036,0.1936886321736454,0
bio4_sazonalidade_temperatura,Bio4 sazonalidade temperatura,28.366536650689657,0.20112218582028984,0
bio4_sazonalidade_temperatura,Bio4 sazonalidade temperatura,29.003588167228955,0.20880253686014771,0
bio4_sazonalidade_temperatura,Bio4 sazonalidade temperatura,29.640639683768253,0.21673464996749203,0
bio4_sazonalidade_temperatura,Bio4 sazonalidade temperatura,30.27769120030755,0.22492330092513424,0
bio4_sazonalidade_temperatura,Bio4 sazonalidade temperatura,30.91474271684685,0.23337304437370243,0
bio4_sazonalidade_temperatura,Bio4 sazonalidade temperatura,31.551794233386147,0.2420881793227393,0
bio4_sazonalidade_temperatura,Bio4 sazonalidade temperatura,32.18884574992545,0.2510727123833679,0
bio4_sazonalidade_temperatura,Bio4 sazonalidade temperatura,32.82589726646474,0.2603303186967766,0
bio4_sazonalidade_temperatura,Bio4 sazonalidade temperatura,33.46294878300404,0.2698643005498871,0
bio4_sazonalidade_temperatura,Bio4 sazonalidade temperatura,34.10000029954334,0.27967754368958697,0
bio4_sazonalidade_temperatura,Bio4 sazonalidade temperatura,34.73705181608264,0.2897724713700025,0
bio4_sazonalidade_temperatura,Bio4 sazonalidade temperatura,35.374103332621935,0.30015099619377994,0
bio4_sazonalidade_temperatura,Bio4 sazonalidade temperatura,36.01115484916123,0.3108144698383871,0
bio4_sazonalidade_temperatura,Bio4 sazonalidade temperatura,36.64820636570053,0.32176363079230985,0
bio4_sazonalidade_temperatura,Bio4 sazonalidade temperatura,37.28525788223983,0.33299855026384584,0
bio4_sazonalidade_temperatura,Bio4 sazonalidade temperatura,37.92230939877913,0.34451857646718353,0
bio4_sazonalidade_temperatura,Bio4 sazonalidade temperatura,38.55936091531842,0.3563222775366799,0
bio4_sazonalidade_temperatura,Bio4 sazonalidade temperatura,39.19641243185772,0.3684073833707625,0
bio4_sazonalidade_temperatura,Bio4 sazonalidade temperatura,39.833463948397025,0.380770726761703,0
bio4_sazonalidade_temperatura,Bio4 sazonalidade temperatura,40.47051546493632,0.3934081842264662,0
bio4_sazonalidade_temperatura,Bio4 sazonalidade temperatura,41.107566981475614,0.4063146170167915,0
bio4_sazonalidade_temperatura,Bio4 sazonalidade temperatura,41.744618498014916,0.4194838128531959,0
bio4_sazonalidade_temperatura,Bio4 sazonalidade temperatura,42.38167001455422,0.43290842899731075,0
bio4_sazonalidade_temperatura,Bio4 sazonalidade temperatura,43.01872153109351,0.4465799373491459,0
bio4_sazonalidade_temperatura,Bio4 sazonalidade temperatura,43.655773047632806,0.4604885723297458,0
bio4_sazonalidade_temperatura,Bio4 sazonalidade temperatura,44.29282456417211,0.4746232823841714,0
bio4_sazonalidade_temperatura,Bio4 sazonalidade temperatura,44.92987608071141,0.48897168601360785,0
bio4_sazonalidade_temperatura,Bio4 sazonalidade temperatura,45.566927597250704,0.5035200333170698,0
bio4_sazonalidade_temperatura,Bio4 sazonalidade temperatura,46.20397911379,0.5182531740908842,0
bio4_sazonalidade_temperatura,Bio4 sazonalidade temperatura,46.8410306303293,0.5331545335958805,0
bio4_sazonalidade_temperatura,Bio4 sazonalidade temperatura,47.4780821468686,0.5482060971555714,0
bio4_sazonalidade_temperatura,Bio4 sazonalidade temperatura,48.115133663407896,0.5633884047909619,0
bio4_sazonalidade_temperatura,Bio4 sazonalidade temperatura,48.75218517994719,0.5786805571261202,0
bio4_sazonalidade_temperatura,Bio4 sazonalidade temperatura,49.38923669648649,0.5940602338100424,0
bio4_sazonalidade_temperatura,Bio4 sazonalidade temperatura,50.026288213025794,0.6054920095116976,0
bio4_sazonalidade_temperatura,Bio4 sazonalidade temperatura,50.66333972956509,0.6093602356797247,0
bio4_sazonalidade_temperatura,Bio4 sazonalidade temperatura,51.30039124610438,0.6132309093398269,0
bio4_sazonalidade_temperatura,Bio4 sazonalidade temperatura,51.937442762643684,0.6171036256195803,0
bio4_sazonalidade_temperatura,Bio4 sazonalidade temperatura,52.574494279182986,0.620977974697003,0
bio4_sazonalidade_temperatura,Bio4 sazonalidade temperatura,53.21154579572228,0.6248535418768468,0
bio4_sazonalidade_temperatura,Bio4 sazonalidade temperatura,53.848597312261575,0.6287299076712174,0
bio4_sazonalidade_temperatura,Bio4 sazonalidade temperatura,54.485648828800876,0.6326066478845862,0
bio4_sazonalidade_temperatura,Bio4 sazonalidade temperatura,55.12270034534018,0.6364833337032365,0
bio4_sazonalidade_temperatura,Bio4 sazonalidade temperatura,55.75975186187947,0.6403595317892008,0
bio4_sazonalidade_temperatura,Bio4 sazonalidade temperatura,56.39680337841877,0.6442348043787434,0
bio4_sazonalidade_temperatura,Bio4 sazonalidade temperatura,57.03385489495807,0.648108709385423,0
bio4_sazonalidade_temperatura,Bio4 sazonalidade temperatura,57.67090641149736,0.6519808005077881,0
bio4_sazonalidade_temperatura,Bio4 sazonalidade temperatura,58.307957928036664,0.6558506273417359,0
bio4_sazonalidade_temperatura,Bio4 sazonalidade temperatura,58.945009444575966,0.65971773549758606,0
bio4_sazonalidade_temperatura,Bio4 sazonalidade temperatura,59.58206096111526,0.6635816667218823,0
bio4_sazonalidade_temperatura,Bio4 sazonalidade temperatura,60.219112477654555,0.6674419590239686,0
bio4_sazonalidade_temperatura,Bio4 sazonalidade temperatura,60.85616399419386,0.6712981468073546,0
bio4_sazonalidade_temperatura,Bio4 sazonalidade temperatura,61.49321551073316,0.6751497610059012,0
bio4_sazonalidade_temperatura,Bio4 sazonalidade temperatura,62.13026702727245,0.678996329224834,0
bio4_sazonalidade_temperatura,Bio4 sazonalidade temperatura,62.76731854381175,0.6828373758866029,0
bio4_sazonalidade_temperatura,Bio4 sazonalidade temperatura,63.40437006035105,0.6866724223816003,0
bio4_sazonalidade_temperatura,Bio4 sazonalidade temperatura,64.04142157689034,0.6905009872237341,0
bio4_sazonalidade_temperatura,Bio4 sazonalidade temperatura,64.67847309342964,0.6943225862108588,0
bio4_sazonalidade_temperatura,Bio4 sazonalidade temperatura,65.31552460996895,0.698136732590058,0
bio4_sazonalidade_temperatura,Bio4 sazonalidade temperatura,65.95257612650823,0.7019429372277722,0
bio4_sazonalidade_temperatura,Bio4 sazonalidade temperatura,66.58962764304755,0.705740708784746,0
bio4_sazonalidade_temperatura,Bio4 sazonalidade temperatura,67.22667915958684,0.7095295538957773,0
bio4_sazonalidade_temperatura,Bio4 sazonalidade temperatura,67.86373067612612,0.7133089773542484,0
bio4_sazonalidade_temperatura,Bio4 sazonalidade temperatura,68.50078219266544,0.7170784823013917,0
bio4_sazonalidade_temperatura,Bio4 sazonalidade temperatura,69.13783370920473,0.7208375704202584,0
bio4_sazonalidade_temperatura,Bio4 sazonalidade temperatura,69.77488522574403,0.724585742134348,0
bio4_sazonalidade_temperatura,Bio4 sazonalidade temperatura,70.41193674228333,0.728322496810837,0
bio4_sazonalidade_temperatura,Bio4 sazonalidade temperatura,71.04898825882262,0.7320473329683562,0
bio4_sazonalidade_temperatura,Bio4 sazonalidade temperatura,71.68603977536193,0.7357597484892447,0
bio4_sazonalidade_temperatura,Bio4 sazonalidade temperatura,72.32309129190122,0.7394592408362191,0
bio4_sazonalidade_temperatura,Bio4 sazonalidade temperatura,72.96014280844051,0.743145307273364,0
bio4_sazonalidade_temperatura,Bio4 sazonalidade temperatura,73.59719432497982,0.7468174450913728,0
bio4_sazonalidade_temperatura,Bio4 sazonalidade temperatura,74.23424584151911,0.7504751518369304,0
bio4_sazonalidade_temperatura,Bio4 sazonalidade temperatura,74.87129735805841,0.7541179255461546,0
bio4_sazonalidade_temperatura,Bio4 sazonalidade temperatura,75.50834887459771,0.7577452649819715,0
bio4_sazonalidade_temperatura,Bio4 sazonalidade temperatura,76.145400391137,0.761356669875316,0
bio4_sazonalidade_temperatura,Bio4 sazonalidade temperatura,76.78245190767632,0.7649516411700409,0
bio4_sazonalidade_temperatura,Bio4 sazonalidade temperatura,77.4195034242156,0.7685296812713899,0
bio4_sazonalidade_temperatura,Bio4 sazonalidade temperatura,78.05655494075489,0.7720902942979032,0
bio4_sazonalidade_temperatura,Bio4 sazonalidade temperatura,78.69360645729421,0.7756329863366132,0
bio4_sazonalidade_temperatura,Bio4 sazonalidade temperatura,79.3306579738335,0.7791572657013635,0
bio4_sazonalidade_temperatura,Bio4 sazonalidade temperatura,79.9677094903728,0.7826626431940995,0
bio4_sazonalidade_temperatura,Bio4 sazonalidade temperatura,80.6047610069121,0.7861486323689504,0
bio4_sazonalidade_temperatura,Bio4 sazonalidade temperatura,81.24181252345139,0.7896147497989339,0
bio4_sazonalidade_temperatura,Bio4 sazonalidade temperatura,81.8788640399907,0.7930605153450863,0
bio4_sazonalidade_temperatura,Bio4 sazonalidade temperatura,82.51591555652999,0.7964854524278249,0
bio4_sazonalidade_temperatura,Bio4 sazonalidade temperatura,83.15296707306928,0.7998890883003487,0
bio4_sazonalidade_temperatura,Bio4 sazonalidade temperatura,83.7900185896086,0.8032709543238499,0
bio4_sazonalidade_temperatura,Bio4 sazonalidade temperatura,84.42707010614788,0.8066305862443306,0
bio4_sazonalidade_temperatura,Bio4 sazonalidade temperatura,85.06412162268718,0.8099675244707876,0
bio4_sazonalidade_temperatura,Bio4 sazonalidade temperatura,85.70117313922648,0.8132813143545391,0
bio4_sazonalidade_temperatura,Bio4 sazonalidade temperatura,86.33822465576577,0.8165715064694395,0
bio4_sazonalidade_temperatura,Bio4 sazonalidade temperatura,86.97527617230509,0.8198376568927409,0
bio4_sazonalidade_temperatura,Bio4 sazonalidade temperatura,87.61232768884437,0.8230793274863344,0
bio4_sazonalidade_temperatura,Bio4 sazonalidade temperatura,88.24937920538366,0.8262960861781157,0
bio4_sazonalidade_temperatura,Bio4 sazonalidade temperatura,88.88643072192298,0.8294875072431919,0
bio4_sazonalidade_temperatura,Bio4 sazonalidade temperatura,89.52348223846226,0.832653171584652,0
bio4_sazonalidade_temperatura,Bio4 sazonalidade temperatura,90.16053375500155,0.8357926670136199,0
bio4_sazonalidade_temperatura,Bio4 sazonalidade temperatura,90.79758527154087,0.8389055885282903,0
bio4_sazonalidade_temperatura,Bio4 sazonalidade temperatura,91.43463678808016,0.8419915385916478,0
bio4_sazonalidade_temperatura,Bio4 sazonalidade temperatura,92.07168830461947,0.8450501274075661,0
bio4_sazonalidade_temperatura,Bio4 sazonalidade temperatura,92.70873982115876,0.848080973194972,0
bio4_sazonalidade_temperatura,Bio4 sazonalidade temperatura,93.34579133769805,0.8510837024597628,0
bio4_sazonalidade_temperatura,Bio4 sazonalidade temperatura,93.98284285423736,0.8540579502641472,0
bio4_sazonalidade_temperatura,Bio4 sazonalidade temperatura,94.61989437077665,0.8570033604930848,0
bio4_sazonalidade_temperatura,Bio4 sazonalidade temperatura,95.25694588731594,0.859919586117499,0
bio4_sazonalidade_temperatura,Bio4 sazonalidade temperatura,95.89399740385525,0.8628062894539162,0
bio4_sazonalidade_temperatura,Bio4 sazonalidade temperatura,96.53104892039454,0.8656631424202028,0
bio4_sazonalidade_temperatura,Bio4 sazonalidade temperatura,97.16810043693386,0.8684898267870471,0
bio4_sazonalidade_temperatura,Bio4 sazonalidade temperatura,97.80515195347314,0.8712860344248542,0
bio4_sazonalidade_temperatura,Bio4 sazonalidade temperatura,98.44220347001243,0.8740514675456927,0
bio4_sazonalidade_temperatura,Bio4 sazonalidade temperatura,99.07925498655175,0.8767858389399547,0
bio4_sazonalidade_temperatura,Bio4 sazonalidade temperatura,99.71630650309103,0.8794888722073706,0
bio4_sazonalidade_temperatura,Bio4 sazonalidade temperatura,100.35335801963032,0.8821603019820397,0
bio4_sazonalidade_temperatura,Bio4 sazonalidade temperatura,100.99040953616964,0.8847998741511117,0
bio4_sazonalidade_temperatura,Bio4 sazonalidade temperatura,101.62746105270892,0.8874073460667791,0
bio4_sazonalidade_temperatura,Bio4 sazonalidade temperatura,102.26451256924824,0.8899824867512304,0
bio4_sazonalidade_temperatura,Bio4 sazonalidade temperatura,102.90156408578753,0.892525077094213,0
bio4_sazonalidade_temperatura,Bio4 sazonalidade temperatura,103.53861560232681,0.8950349100428652,0
bio4_sazonalidade_temperatura,Bio4 sazonalidade temperatura,104.17566711886613,0.8975117907834729,0
bio4_sazonalidade_temperatura,Bio4 sazonalidade temperatura,104.81271863540542,0.8999555369148191,0
bio4_sazonalidade_temperatura,Bio4 sazonalidade temperatura,105.4497701519447,0.9023659786127863,0
bio4_sazonalidade_temperatura,Bio4 sazonalidade temperatura,106.08682166848402,0.904742958785889,0
bio4_sazonalidade_temperatura,Bio4 sazonalidade temperatura,106.72387318502331,0.9070863332214111,0
bio4_sazonalidade_temperatura,Bio4 sazonalidade temperatura,107.36092470156262,0.9093959707218409,0
bio4_sazonalidade_temperatura,Bio4 sazonalidade temperatura,107.99797621810191,0.9116717532312838,0
bio4_sazonalidade_temperatura,Bio4 sazonalidade temperatura,108.6350277346412,0.9139135759515669,0
bio4_sazonalidade_temperatura,Bio4 sazonalidade temperatura,109.27207925118051,0.9161213474477351,0
bio4_sazonalidade_temperatura,Bio4 sazonalidade temperatura,109.9091307677198,0.9182949897426653,0
bio4_sazonalidade_temperatura,Bio4 sazonalidade temperatura,110.54618228425909,0.9204344384005227,0
bio4_sazonalidade_temperatura,Bio4 sazonalidade temperatura,111.1832338007984,0.9225396425988082,0
bio4_sazonalidade_temperatura,Bio4 sazonalidade temperatura,111.82028531733769,0.9246105651887433,0
bio4_sazonalidade_temperatura,Bio4 sazonalidade temperatura,112.45733683387701,0.9266471827437632,0
bio4_sazonalidade_temperatura,Bio4 sazonalidade temperatura,113.0943883504163,0.9286494855958956,0
bio4_sazonalidade_temperatura,Bio4 sazonalidade temperatura,113.73143986695558,0.9306174778598242,0
bio4_sazonalidade_temperatura,Bio4 sazonalidade temperatura,114.3684913834949,0.9325511774444389,0
bio4_sazonalidade_temperatura,Bio4 sazonalidade temperatura,115.00554290003419,0.9344506160517063,0
bio4_sazonalidade_temperatura,Bio4 sazonalidade temperatura,115.64259441657347,0.9363158391626961,0
bio4_sazonalidade_temperatura,Bio4 sazonalidade temperatura,116.27964593311279,0.938146906010627,0
bio4_sazonalidade_temperatura,Bio4 sazonalidade temperatura,116.91669744965208,0.9399438895408054,0
bio4_sazonalidade_temperatura,Bio4 sazonalidade temperatura,117.55374896619139,0.9417068763573575,0
bio4_sazonalidade_temperatura,Bio4 sazonalidade temperatura,118.19080048273068,0.9434359666566657,0
bio4_sazonalidade_temperatura,Bio4 sazonalidade temperatura,118.82785199926997,0.9451312741474464,0
bio4_sazonalidade_temperatura,Bio4 sazonalidade temperatura,119.46490351580928,0.9467929259574243,0
bio4_sazonalidade_temperatura,Bio4 sazonalidade temperatura,120.10195503234858,0.9484210625265799,0
bio5_temp_max_mes_quente,Bio5 temp max mes quente,30.77347429275513,0.7804636770909388,0
bio5_temp_max_mes_quente,Bio5 temp max mes quente,30.804061152310982,0.7776182894955586,0
bio5_temp_max_mes_quente,Bio5 temp max mes quente,30.834648011866832,0.774760659236739,0
bio5_temp_max_mes_quente,Bio5 temp max mes quente,30.865234871422686,0.7718910461711909,0
bio5_temp_max_mes_quente,Bio5 temp max mes quente,30.89582173097854,0.7690097111955494,0
bio5_temp_max_mes_quente,Bio5 temp max mes quente,30.92640859053439,0.7661169161557639,0
bio5_temp_max_mes_quente,Bio5 temp max mes quente,30.956995450090243,0.7632129237573252,0
bio5_temp_max_mes_quente,Bio5 temp max mes quente,30.987582309646097,0.7602979974763662,0
bio5_temp_max_mes_quente,Bio5 temp max mes quente,31.018169169201947,0.7573724014716732,0
bio5_temp_max_mes_quente,Bio5 temp max mes quente,31.0487560287578,0.7544364004976414,0
bio5_temp_max_mes_quente,Bio5 temp max mes quente,31.079342888313654,0.7514902598182054,0
bio5_temp_max_mes_quente,Bio5 temp max mes quente,31.109929747869504,0.7485342451217794,0
bio5_temp_max_mes_quente,Bio5 temp max mes quente,31.140516607425358,0.7455686224372344,0
bio5_temp_max_mes_quente,Bio5 temp max mes quente,31.17110346698121,0.7425936580509414,0
bio5_temp_max_mes_quente,Bio5 temp max mes quente,31.20169032653706,0.7396096184249092,0
bio5_temp_max_mes_quente,Bio5 temp max mes quente,31.232277186092915,0.7366167701160362,0
bio5_temp_max_mes_quente,Bio5 temp max mes quente,31.26286404564877,0.733615379696515,0
bio5_temp_max_mes_quente,Bio5 temp max mes quente,31.29345090520462,0.7306057136753914,0
bio5_temp_max_mes_quente,Bio5 temp max mes quente,31.324037764760472,0.7275880384213149,0
bio5_temp_max_mes_quente,Bio5 temp max mes quente,31.354624624316326,0.7245626200865031,0
bio5_temp_max_mes_quente,Bio5 temp max mes quente,31.385211483872176,0.7215297245319211,0
bio5_temp_max_mes_quente,Bio5 temp max mes quente,31.41579834342803,0.7184896172537096,0
bio5_temp_max_mes_quente,Bio5 temp max mes quente,31.446385202983883,0.7154425633108787,0
bio5_temp_max_mes_quente,Bio5 temp max mes quente,31.476972062539733,0.7123888272542658,0
bio5_temp_max_mes_quente,Bio5 temp max mes quente,31.507558922095587,0.7093286730567863,0
bio5_temp_max_mes_quente,Bio5 temp max mes quente,31.53814578165144,0.7062623640449934,0
bio5_temp_max_mes_quente,Bio5 temp max mes quente,31.56873264120729,0.703190162831937,0
bio5_temp_max_mes_quente,Bio5 temp max mes quente,31.599319500763144,0.7001123312513523,0
bio5_temp_max_mes_quente,Bio5 temp max mes quente,31.629906360318998,0.6970291302931826,0
bio5_temp_max_mes_quente,Bio5 temp max mes quente,31.660493219874848,0.6939408200404391,0
bio5_temp_max_mes_quente,Bio5 temp max mes quente,31.6910800794307,0.6908476596074007,0
bio5_temp_max_mes_quente,Bio5 temp max mes quente,31.721666938986555,0.6877499070791787,0
bio5_temp_max_mes_quente,Bio5 temp max mes quente,31.752253798542405,0.6846478194526318,0
bio5_temp_max_mes_quente,Bio5 temp max mes quente,31.78284065809826,0.6815416525786354,0
bio5_temp_max_mes_quente,Bio5 temp max mes quente,31.813427517654112,0.6784316611057284,0
bio5_temp_max_mes_quente,Bio5 temp max mes quente,31.844014377209966,0.6753180984251155,0
bio5_temp_max_mes_quente,Bio5 temp max mes quente,31.874601236765816,0.6722012166170362,0
bio5_temp_max_mes_quente,Bio5 temp max mes quente,31.90518809632167,0.6690812663985006,0
bio5_temp_max_mes_quente,Bio5 temp max mes quente,31.93577495587752,0.6659584970723971,0
bio5_temp_max_mes_quente,Bio5 temp max mes quente,31.966361815433373,0.6628331564779482,0
bio5_temp_max_mes_quente,Bio5 temp max mes quente,31.996948674989227,0.6597054909425417,0
bio5_temp_max_mes_quente,Bio5 temp max mes quente,32.02753553454508,0.656575745234913,0
bio5_temp_max_mes_quente,Bio5 temp max mes quente,32.058122394100934,0.653444162519676,0
bio5_temp_max_mes_quente,Bio5 temp max mes quente,32.08870925365678,0.6503109843132082,0
bio5_temp_max_mes_quente,Bio5 temp max mes quente,32.119296113212634,0.6471764504408735,0
bio5_temp_max_mes_quente,Bio5 temp max mes quente,32.14988297276849,0.6440407989955841,0
bio5_temp_max_mes_quente,Bio5 temp max mes quente,32.18046983232434,0.6409042662976873,0
bio5_temp_max_mes_quente,Bio5 temp max mes quente,32.211056691880195,0.6377670868561738,0
bio5_temp_max_mes_quente,Bio5 temp max mes quente,32.24164355143605,0.6346294933312009,0
bio5_temp_max_mes_quente,Bio5 temp max mes quente,32.272230410991895,0.6314917164979137,0
bio5_temp_max_mes_quente,Bio5 temp max mes quente,32.30281727054775,0.6283539852115615,0
bio5_temp_max_mes_quente,Bio5 temp max mes quente,32.3334041301036,0.6252165263739021,0
bio5_temp_max_mes_quente,Bio5 temp max mes quente,32.363990989659456,0.6220795649008724,0
bio5_temp_max_mes_quente,Bio5 temp max mes quente,32.39457784921531,0.618943323691522,0
bio5_temp_max_mes_quente,Bio5 temp max mes quente,32.42516470877116,0.6158080235982013,0
bio5_temp_max_mes_quente,Bio5 temp max mes quente,32.45575156832701,0.612673883397978,0
bio5_temp_max_mes_quente,Bio5 temp max mes quente,32.48633842788286,0.6095411197652846,0
bio5_temp_max_mes_quente,Bio5 temp max mes quente,32.51692528743872,0.6064099472457789,0
bio5_temp_max_mes_quente,Bio5 temp max mes quente,32.54751214699457,0.6032805782313988,0
bio5_temp_max_mes_quente,Bio5 temp max mes quente,32.578099006550424,0.6001532229366024,0
bio5_temp_max_mes_quente,Bio5 temp max mes quente,32.60868586610628,0.5970280893757809,0
bio5_temp_max_mes_quente,Bio5 temp max mes quente,32.639272725662124,0.5939053833418262,0
bio5_temp_max_mes_quente,Bio5 temp max mes quente,32.66985958521798,0.5907853083858357,0
bio5_temp_max_mes_quente,Bio5 temp max mes quente,32.70044644477383,0.5876680657979507,0
bio5_temp_max_mes_quente,Bio5 temp max mes quente,32.731033304329685,0.5845538545892992,0
bio5_temp_max_mes_quente,Bio5 temp max mes quente,32.76162016388554,0.5814428714750359,0
bio5_temp_max_mes_quente,Bio5 temp max mes quente,32.79220702344139,0.5783353108584609,0
bio5_temp_max_mes_quente,Bio5 temp max mes quente,32.822793882997246,0.575231364816203,0
bio5_temp_max_mes_quente,Bio5 temp max mes quente,32.85338074255309,0.572131223084446,0
bio5_temp_max_mes_quente,Bio5 temp max mes quente,32.883967602108946,0.5690350730461871,0
bio5_temp_max_mes_quente,Bio5 temp max mes quente,32.9145544616648,0.5659430997195116,0
bio5_temp_max_mes_quente,Bio5 temp max mes quente,32.94514132122065,0.5628554857468606,0
bio5_temp_max_mes_quente,Bio5 temp max mes quente,32.97572818077651,0.5597724113852798,0
bio5_temp_max_mes_quente,Bio5 temp max mes quente,33.00631504033235,0.5566940544976304,0
bio5_temp_max_mes_quente,Bio5 temp max mes quente,33.03690189988821,0.553620590544748,0
bio5_temp_max_mes_quente,Bio5 temp max mes quente,33.06748875944406,0.5505521925785266,0
bio5_temp_max_mes_quente,Bio5 temp max mes quente,33.098075618999914,0.547489031235917,0
bio5_temp_max_mes_quente,Bio5 temp max mes quente,33.12866247855577,0.5444312747338156,0
bio5_temp_max_mes_quente,Bio5 temp max mes quente,33.15924933811162,0.5413790888648329,0
bio5_temp_max_mes_quente,Bio5 temp max mes quente,33.189836197667475,0.5383326369939174,0
bio5_temp_max_mes_quente,Bio5 temp max mes quente,33.22042305722332,0.5352920800558267,0
bio5_temp_max_mes_quente,Bio5 temp max mes quente,33.251009916779175,0.532257576553412,0
bio5_temp_max_mes_quente,Bio5 temp max mes quente,33.28159677633503,0.529229282556722,0
bio5_temp_max_mes_quente,Bio5 temp max mes quente,33.31218363589088,0.52620735170288635,0
bio5_temp_max_mes_quente,Bio5 temp max mes quente,33.342770495446736,0.5231919351967753,0
bio5_temp_max_mes_quente,Bio5 temp max mes quente,33.37335735500258,0.5201831818124116,0
bio5_temp_max_mes_quente,Bio5 temp max mes quente,33.403944214558436,0.5171812378951182,0
bio5_temp_max_mes_quente,Bio5 temp max mes quente,33.43453107411429,0.5141862473643926,0
bio5_temp_max_mes_quente,Bio5 temp max mes quente,33.46511793367014,0.5111983517174723,0
bio5_temp_max_mes_quente,Bio5 temp max mes quente,33.495704793226,0.5082176900335955,0
bio5_temp_max_mes_quente,Bio5 temp max mes quente,33.52629165278185,0.5052443989789246,0
bio5_temp_max_mes_quente,Bio5 temp max mes quente,33.556878512337704,0.5022786128121233,0
bio5_temp_max_mes_quente,Bio5 temp max mes quente,33.58746537189355,0.49932046339056746,0
bio5_temp_max_mes_quente,Bio5 temp max mes quente,33.618052231449404,0.49637008017717166,0
bio5_temp_max_mes_quente,Bio5 temp max mes quente,33.64863909100526,0.49342759024782423,0
bio5_temp_max_mes_quente,Bio5 temp max mes quente,33.67922595056111,0.4904931182993958,0
bio5_temp_max_mes_quente,Bio5 temp max mes quente,33.709812810116965,0.4875667866583252,0
bio5_temp_max_mes_quente,Bio5 temp max mes quente,33.74039966967282,0.4846487152897535,0
bio5_temp_max_mes_quente,Bio5 temp max mes quente,33.770986529228665,0.4817390218071954,0
bio5_temp_max_mes_quente,Bio5 temp max mes quente,33.80157338878452,0.478837821482727,0
bio5_temp_max_mes_quente,Bio5 temp max mes quente,33.83216024834037,0.47594522725768695,0
bio5_temp_max_mes_quente,Bio5 temp max mes quente,33.862747107896226,0.4730613497538543,0
bio5_temp_max_mes_quente,Bio5 temp max mes quente,33.89333396745208,0.47018629728510875,0
bio5_temp_max_mes_quente,Bio5 temp max mes quente,33.92392082700793,0.46732017586954455,0
bio5_temp_max_mes_quente,Bio5 temp max mes quente,33.95450768656378,0.46446308924202984,0
bio5_temp_max_mes_quente,Bio5 temp max mes quente,33.98509454611963,0.46161513886718886,0
bio5_temp_max_mes_quente,Bio5 temp max mes quente,34.01568140567549,0.4587764239528075,0
bio5_temp_max_mes_quente,Bio5 temp max mes quente,34.04626826523134,0.4559470414636251,0
bio5_temp_max_mes_quente,Bio5 temp max mes quente,34.076855124787194,0.4531270861355198,0
bio5_temp_max_mes_quente,Bio5 temp max mes quente,34.10744198434305,0.4503166504900594,0
bio5_temp_max_mes_quente,Bio5 temp max mes quente,34.138028843898894,0.447515824849412,0
bio5_temp_max_mes_quente,Bio5 temp max mes quente,34.16861570345475,0.44472469735159303,0
bio5_temp_max_mes_quente,Bio5 temp max mes quente,34.1992025630106,0.4419433539660492,0
bio5_temp_max_mes_quente,Bio5 temp max mes quente,34.229789422566455,0.43917187850955297,0
bio5_temp_max_mes_quente,Bio5 temp max mes quente,34.26037628212231,0.43641035266239736,0
bio5_temp_max_mes_quente,Bio5 temp max mes quente,34.29096314167816,0.4336588559848856,0
bio5_temp_max_mes_quente,Bio5 temp max mes quente,34.32155000123401,0.4309174659340942,0
bio5_temp_max_mes_quente,Bio5 temp max mes quente,34.35213686078986,0.4285490327788132,0
bio5_temp_max_mes_quente,Bio5 temp max mes quente,34.382723720345716,0.4262741012189687,0
bio5_temp_max_mes_quente,Bio5 temp max mes quente,34.41331057990157,0.4240063618525127,0
bio5_temp_max_mes_quente,Bio5 temp max mes quente,34.44389743945742,0.42174585548297483,0
bio5_temp_max_mes_quente,Bio5 temp max mes quente,34.47448429901328,0.4194926219280736,0
bio5_temp_max_mes_quente,Bio5 temp max mes quente,34.50507115856912,0.4172467000270663,0
bio5_temp_max_mes_quente,Bio5 temp max mes quente,34.53565801812498,0.41500812764816186,0
bio5_temp_max_mes_quente,Bio5 temp max mes quente,34.56624487768083,0.41277694169600354,0
bio5_temp_max_mes_quente,Bio5 temp max mes quente,34.596831737236684,0.4105531781192102,0
bio5_temp_max_mes_quente,Bio5 temp max mes quente,34.62741859679254,0.4083368719179764,0
bio5_temp_max_mes_quente,Bio5 temp max mes quente,34.65800545634839,0.40612805715172773,0
bio5_temp_max_mes_quente,Bio5 temp max mes quente,34.68859231590424,0.4039267669468306,0
bio5_temp_max_mes_quente,Bio5 temp max mes quente,34.71917917546009,0.40173303350435074,0
bio5_temp_max_mes_quente,Bio5 temp max mes quente,34.749766035015945,0.3995468881078581,0
bio5_temp_max_mes_quente,Bio5 temp max mes quente,34.7803528945718,0.3973683611312755,0
bio5_temp_max_mes_quente,Bio5 temp max mes quente,34.81093975412765,0.3951974820467712,0
bio5_temp_max_mes_quente,Bio5 temp max mes quente,34.841526613683506,0.39303427943268376,0
bio5_temp_max_mes_quente,Bio5 temp max mes quente,34.87211347323935,0.39087878098149165,0
bio5_temp_max_mes_quente,Bio5 temp max mes quente,34.902700332795206,0.3887310135078037,0
bio5_temp_max_mes_quente,Bio5 temp max mes quente,34.93328719235106,0.38659100295639515,0
bio5_temp_max_mes_quente,Bio5 temp max mes quente,34.96387405190691,0.384458774410258,0
bio5_temp_max_mes_quente,Bio5 temp max mes quente,34.99446091146277,0.3823343520986848,0
bio5_temp_max_mes_quente,Bio5 temp max mes quente,35.02504777101862,0.38021775940537417,0
bio5_temp_max_mes_quente,Bio5 temp max mes quente,35.055634630574474,0.37810901887655246,0
bio5_temp_max_mes_quente,Bio5 temp max mes quente,35.08622149013032,0.3760081522291212,0
bio5_temp_max_mes_quente,Bio5 temp max mes quente,35.116808349686174,0.37391518035881244,0
bio5_temp_max_mes_quente,Bio5 temp max mes quente,35.14739520924203,0.37183012334836596,0
bio5_temp_max_mes_quente,Bio5 temp max mes quente,35.17798206879788,0.3697530004757106,0
bio5_temp_max_mes_quente,Bio5 temp max mes quente,35.208568928353735,0.36768383022216133,0
bio5_temp_max_mes_quente,Bio5 temp max mes quente,35.23915578790958,0.36562263028061714,0
bio5_temp_max_mes_quente,Bio5 temp max mes quente,35.269742647465435,0.3635694175637685,0
bio5_temp_max_mes_quente,Bio5 temp max mes quente,35.30032950702129,0.3615242082123079,0
bio5_temp_max_mes_quente,Bio5 temp max mes quente,35.33091636657714,0.35948701760313906,0
bio8_temp_media_trimestre_umido,Bio8 temp media trimestre umido,24.16404653549194,0.6079515006027321,0
bio8_temp_media_trimestre_umido,Bio8 temp media trimestre umido,24.181044089426127,0.6079338518030641,0
bio8_temp_media_trimestre_umido,Bio8 temp media trimestre umido,24.198041643360316,0.6079161906472678,0
bio8_temp_media_trimestre_umido,Bio8 temp media trimestre umido,24.2150391972945,0.6078985171354959,0
bio8_temp_media_trimestre_umido,Bio8 temp media trimestre umido,24.23203675122869,0.6078808312679003,0
bio8_temp_media_trimestre_umido,Bio8 temp media trimestre umido,24.249034305162876,0.6078631330446336,0
bio8_temp_media_trimestre_umido,Bio8 temp media trimestre umido,24.266031859097062,0.6078454224658494,0
bio8_temp_media_trimestre_umido,Bio8 temp media trimestre umido,24.28302941303125,0.6078276995317008,0
bio8_temp_media_trimestre_umido,Bio8 temp media trimestre umido,24.300026966965437,0.60780996424234,0
bio8_temp_media_trimestre_umido,Bio8 temp media trimestre umido,24.317024520899622,0.6077922165979225,0
bio8_temp_media_trimestre_umido,Bio8 temp media trimestre umido,24.33402207483381,0.6077744565986009,0
bio8_temp_media_trimestre_umido,Bio8 temp media trimestre umido,24.351019628767997,0.6077566842445293,0
bio8_temp_media_trimestre_umido,Bio8 temp media trimestre umido,24.368017182702186,0.6077388995358628,0
bio8_temp_media_trimestre_umido,Bio8 temp media trimestre umido,24.38501473663637,0.6077211024727552,0
bio8_temp_media_trimestre_umido,Bio8 temp media trimestre umido,24.402012290570557,0.6077032930553622,0
bio8_temp_media_trimestre_umido,Bio8 temp media trimestre umido,24.419009844504746,0.607685471283838,0
bio8_temp_media_trimestre_umido,Bio8 temp media trimestre umido,24.43600739843893,0.6076676371583388,0
bio8_temp_media_trimestre_umido,Bio8 temp media trimestre umido,24.45300495237312,0.6076497906790194,0
bio8_temp_media_trimestre_umido,Bio8 temp media trimestre umido,24.470002506307306,0.6076319318460355,0
bio8_temp_media_trimestre_umido,Bio8 temp media trimestre umido,24.487000060241492,0.6076140606595439,0
bio8_temp_media_trimestre_umido,Bio8 temp media trimestre umido,24.50399761417568,0.6075961771197012,0
bio8_temp_media_trimestre_umido,Bio8 temp media trimestre umido,24.520995168109867,0.6075782812266628,0
bio8_temp_media_trimestre_umido,Bio8 temp media trimestre umido,24.537992722044052,0.6075603729805856,0
bio8_temp_media_trimestre_umido,Bio8 temp media trimestre umido,24.55499027597824,0.6075424523816275,0
bio8_temp_media_trimestre_umido,Bio8 temp media trimestre umido,24.571987829912427,0.6075245194299457,0
bio8_temp_media_trimestre_umido,Bio8 temp media trimestre umido,24.588985383846616,0.6075065741256969,0
bio8_temp_media_trimestre_umido,Bio8 temp media trimestre umido,24.6059829377808,0.607488616469039,0
bio8_temp_media_trimestre_umido,Bio8 temp media trimestre umido,24.622980491714987,0.6074706464601305,0
bio8_temp_media_trimestre_umido,Bio8 temp media trimestre umido,24.639978045649176,0.6074526640991293,0
bio8_temp_media_trimestre_umido,Bio8 temp media trimestre umido,24.65697559958336,0.6074346693861943,0
bio8_temp_media_trimestre_umido,Bio8 temp media trimestre umido,24.67397315351755,0.6074166623214836,0
bio8_temp_media_trimestre_umido,Bio8 temp media trimestre umido,24.690970707451736,0.607398642905157,0
bio8_temp_media_trimestre_umido,Bio8 temp media trimestre umido,24.707968261385922,0.607380611137373,0
bio8_temp_media_trimestre_umido,Bio8 temp media trimestre umido,24.72496581532011,0.6073625670182909,0
bio8_temp_media_trimestre_umido,Bio8 temp media trimestre umido,24.741963369254297,0.6073445105480713,0
bio8_temp_media_trimestre_umido,Bio8 temp media trimestre umido,24.758960923188482,0.6073264417268742,0
bio8_temp_media_trimestre_umido,Bio8 temp media trimestre umido,24.77595847712267,0.607308360554859,0
bio8_temp_media_trimestre_umido,Bio8 temp media trimestre umido,24.792956031056857,0.6072902670321862,0
bio8_temp_media_trimestre_umido,Bio8 temp media trimestre umido,24.809953584991046,0.6072721611590174,0
bio8_temp_media_trimestre_umido,Bio8 temp media trimestre umido,24.82695113892523,0.6072540429355133,0
bio8_temp_media_trimestre_umido,Bio8 temp media trimestre umido,24.843948692859417,0.6072359123618345,0
bio8_temp_media_trimestre_umido,Bio8 temp media trimestre umido,24.860946246793606,0.6072177694381427,0
bio8_temp_media_trimestre_umido,Bio8 temp media trimestre umido,24.87794380072779,0.6071996141645999,0
bio8_temp_media_trimestre_umido,Bio8 temp media trimestre umido,24.894941354661977,0.6071814465413676,0
bio8_temp_media_trimestre_umido,Bio8 temp media trimestre umido,24.911938908596166,0.6071632665686088,0
bio8_temp_media_trimestre_umido,Bio8 temp media trimestre umido,24.928936462530352,0.607145074246485,0
bio8_temp_media_trimestre_umido,Bio8 temp media trimestre umido,24.94593401646454,0.6071268695751597,0
bio8_temp_media_trimestre_umido,Bio8 temp media trimestre umido,24.962931570398727,0.6071086525547954,0
bio8_temp_media_trimestre_umido,Bio8 temp media trimestre umido,24.979929124332912,0.6070904231855551,0
bio8_temp_media_trimestre_umido,Bio8 temp media trimestre umido,24.9969266782671,0.6070721814676029,0
bio8_temp_media_trimestre_umido,Bio8 temp media trimestre umido,25.013924232201287,0.6070539274011026,0
bio8_temp_media_trimestre_umido,Bio8 temp media trimestre umido,25.030921786135476,0.6070356609862175,0
bio8_temp_media_trimestre_umido,Bio8 temp media trimestre umido,25.04791934006966,0.6070173822231117,0
bio8_temp_media_trimestre_umido,Bio8 temp media trimestre umido,25.064916894003847,0.6069990911119506,0
bio8_temp_media_trimestre_umido,Bio8 temp media trimestre umido,25.081914447938036,0.6069807876528988,0
bio8_temp_media_trimestre_umido,Bio8 temp media trimestre umido,25.098912001872222,0.6069624718461204,0
bio8_temp_media_trimestre_umido,Bio8 temp media trimestre umido,25.115909555806407,0.6069441436917808,0
bio8_temp_media_trimestre_umido,Bio8 temp media trimestre umido,25.132907109740596,0.6069258031900462,0
bio8_temp_media_trimestre_umido,Bio8 temp media trimestre umido,25.149904663674782,0.6069074503410816,0
bio8_temp_media_trimestre_umido,Bio8 temp media trimestre umido,25.16690221760897,0.6068890851450537,0
bio8_temp_media_trimestre_umido,Bio8 temp media trimestre umido,25.183899771543157,0.6068707076021279,0
bio8_temp_media_trimestre_umido,Bio8 temp media trimestre umido,25.200897325477342,0.6068523177124716,0
bio8_temp_media_trimestre_umido,Bio8 temp media trimestre umido,25.21789487941153,0.6068339154762508,0
bio8_temp_media_trimestre_umido,Bio8 temp media trimestre umido,25.234892433345717,0.6068155008936325,0
bio8_temp_media_trimestre_umido,Bio8 temp media trimestre umido,25.251889987279903,0.6067970739647852,0
bio8_temp_media_trimestre_umido,Bio8 temp media trimestre umido,25.26888754121409,0.6067786346898745,0
bio8_temp_media_trimestre_umido,Bio8 temp media trimestre umido,25.285885095148277,0.6067601830690695,0
bio8_temp_media_trimestre_umido,Bio8 temp media trimestre umido,25.302882649082466,0.6067417191025383,0
bio8_temp_media_trimestre_umido,Bio8 temp media trimestre umido,25.319880203016652,0.6067232427904483,0
bio8_temp_media_trimestre_umido,Bio8 temp media trimestre umido,25.336877756950837,0.6067047541329683,0
bio8_temp_media_trimestre_umido,Bio8 temp media trimestre umido,25.353875310885027,0.6066862531302677,0
bio8_temp_media_trimestre_umido,Bio8 temp media trimestre umido,25.370872864819212,0.6066677397825146,0
bio8_temp_media_trimestre_umido,Bio8 temp media trimestre umido,25.3878704187534,0.6066492140898794,0
bio8_temp_media_trimestre_umido,Bio8 temp media trimestre umido,25.404867972687587,0.6066306760525308,0
bio8_temp_media_trimestre_umido,Bio8 temp media trimestre umido,25.421865526621772,0.6066121256706392,0
bio8_temp_media_trimestre_umido,Bio8 temp media trimestre umido,25.43886308055596,0.6065935629443742,0
bio8_temp_media_trimestre_umido,Bio8 temp media trimestre umido,25.455860634490147,0.6065749878739066,0
bio8_temp_media_trimestre_umido,Bio8 temp media trimestre umido,25.472858188424333,0.6065564004594066,0
bio8_temp_media_trimestre_umido,Bio8 temp media trimestre umido,25.48985574235852,0.6065378007010456,0
bio8_temp_media_trimestre_umido,Bio8 temp media trimestre umido,25.506853296292707,0.606519188598994,0
bio8_temp_media_trimestre_umido,Bio8 temp media trimestre umido,25.523850850226896,0.6065005641534231,0
bio8_temp_media_trimestre_umido,Bio8 temp media trimestre umido,25.540848404161082,0.6064819273645055,0
bio8_temp_media_trimestre_umido,Bio8 temp media trimestre umido,25.557845958095267,0.6064632782324129,0
bio8_temp_media_trimestre_umido,Bio8 temp media trimestre umido,25.574843512029457,0.6064446167573166,0
bio8_temp_media_trimestre_umido,Bio8 temp media trimestre umido,25.591841065963642,0.6064259429393895,0
bio8_temp_media_trimestre_umido,Bio8 temp media trimestre umido,25.60883861989783,0.6064072567788045,0
bio8_temp_media_trimestre_umido,Bio8 temp media trimestre umido,25.625836173832017,0.606388558275734,0
bio8_temp_media_trimestre_umido,Bio8 temp media trimestre umido,25.642833727766202,0.606369847430352,0
bio8_temp_media_trimestre_umido,Bio8 temp media trimestre umido,25.65983128170039,0.6063511242428319,0
bio8_temp_media_trimestre_umido,Bio8 temp media trimestre umido,25.676828835634577,0.606332388713346,0
bio8_temp_media_trimestre_umido,Bio8 temp media trimestre umido,25.693826389568763,0.6063136408420706,0
bio8_temp_media_trimestre_umido,Bio8 temp media trimestre umido,25.71082394350295,0.6062948806291775,0
bio8_temp_media_trimestre_umido,Bio8 temp media trimestre umido,25.727821497437137,0.6062761080748428,0
bio8_temp_media_trimestre_umido,Bio8 temp media trimestre umido,25.744819051371326,0.6062573231792412,0
bio8_temp_media_trimestre_umido,Bio8 temp media trimestre umido,25.761816605305512,0.6062385259425471,0
bio8_temp_media_trimestre_umido,Bio8 temp media trimestre umido,25.778814159239698,0.6062197163649365,0
bio8_temp_media_trimestre_umido,Bio8 temp media trimestre umido,25.795811713173887,0.6062008944465844,0
bio8_temp_media_trimestre_umido,Bio8 temp media trimestre umido,25.812809267108072,0.6061820601876664,0
bio8_temp_media_trimestre_umido,Bio8 temp media trimestre umido,25.82980682104226,0.6061632135883595,0
bio8_temp_media_trimestre_umido,Bio8 temp media trimestre umido,25.846804374976447,0.6061443546488399,0
bio8_temp_media_trimestre_umido,Bio8 temp media trimestre umido,25.863801928910632,0.6061254833692835,0
bio8_temp_media_trimestre_umido,Bio8 temp media trimestre umido,25.88079948284482,0.6061065997498674,0
bio8_temp_media_trimestre_umido,Bio8 temp media trimestre umido,25.897797036779007,0.60608770379076915,0
bio8_temp_media_trimestre_umido,Bio8 temp media trimestre umido,25.914794590713193,0.6060687954921657,0
bio8_temp_media_trimestre_umido,Bio8 temp media trimestre umido,25.931792144647382,0.6060498748542356,0
bio8_temp_media_trimestre_umido,Bio8 temp media trimestre umido,25.948789698581567,0.6060309418771557,0
bio8_temp_media_trimestre_umido,Bio8 temp media trimestre umido,25.965787252515756,0.6060119965611052,0
bio8_temp_media_trimestre_umido,Bio8 temp media trimestre umido,25.982784806449942,0.6059930389062618,0
bio8_temp_media_trimestre_umido,Bio8 temp media trimestre umido,25.999782360384128,0.6059740689128041,0
bio8_temp_media_trimestre_umido,Bio8 temp media trimestre umido,26.016779914318317,0.6059550865809129,0
bio8_temp_media_trimestre_umido,Bio8 temp media trimestre umido,26.033777468252502,0.6059360919107653,0
bio8_temp_media_trimestre_umido,Bio8 temp media trimestre umido,26.05077502218669,0.6059170849025418,0
bio8_temp_media_trimestre_umido,Bio8 temp media trimestre umido,26.067772576120877,0.6058980655564228,0
bio8_temp_media_trimestre_umido,Bio8 temp media trimestre umido,26.084770130055063,0.6058790338725875,0
bio8_temp_media_trimestre_umido,Bio8 temp media trimestre umido,26.10176768398925,0.605859989851216,0
bio8_temp_media_trimestre_umido,Bio8 temp media trimestre umido,26.118765237923437,0.6058409334924901,0
bio8_temp_media_trimestre_umido,Bio8 temp media trimestre umido,26.135762791857623,0.6058218647965898,0
bio8_temp_media_trimestre_umido,Bio8 temp media trimestre umido,26.152760345791812,0.6058027837636968,0
bio8_temp_media_trimestre_umido,Bio8 temp media trimestre umido,26.169757899725997,0.6057836903939922,0
bio8_temp_media_trimestre_umido,Bio8 temp media trimestre umido,26.186755453660183,0.605764584687658,0
bio8_temp_media_trimestre_umido,Bio8 temp media trimestre umido,26.203753007594372,0.6057454666448765,0
bio8_temp_media_trimestre_umido,Bio8 temp media trimestre umido,26.220750561528558,0.6057263362658285,0
bio8_temp_media_trimestre_umido,Bio8 temp media trimestre umido,26.237748115462747,0.6057071935506978,0
bio8_temp_media_trimestre_umido,Bio8 temp media trimestre umido,26.254745669396932,0.6056880384996673,0
bio8_temp_media_trimestre_umido,Bio8 temp media trimestre umido,26.27174322333112,0.6056688711129194,0
bio8_temp_media_trimestre_umido,Bio8 temp media trimestre umido,26.288740777265307,0.6056496913906382,0
bio8_temp_media_trimestre_umido,Bio8 temp media trimestre umido,26.305738331199493,0.6056304993330064,0
bio8_temp_media_trimestre_umido,Bio8 temp media trimestre umido,26.32273588513368,0.6056112949402079,0
bio8_temp_media_trimestre_umido,Bio8 temp media trimestre umido,26.339733439067867,0.605592078212428,0
bio8_temp_media_trimestre_umido,Bio8 temp media trimestre umido,26.356730993002053,0.6055728491498504,0
bio8_temp_media_trimestre_umido,Bio8 temp media trimestre umido,26.373728546936242,0.6055536077526598,0
bio8_temp_media_trimestre_umido,Bio8 temp media trimestre umido,26.390726100870427,0.6055343540210409,0
bio8_temp_media_trimestre_umido,Bio8 temp media trimestre umido,26.407723654804613,0.6055150879551796,0
bio8_temp_media_trimestre_umido,Bio8 temp media trimestre umido,26.424721208738802,0.6054958095552607,0
bio8_temp_media_trimestre_umido,Bio8 temp media trimestre umido,26.441718762672988,0.605476518821471,0
bio8_temp_media_trimestre_umido,Bio8 temp media trimestre umido,26.458716316607177,0.6054572157539956,0
bio8_temp_media_trimestre_umido,Bio8 temp media trimestre umido,26.475713870541362,0.6054379003530216,0
bio8_temp_media_trimestre_umido,Bio8 temp media trimestre umido,26.49271142447555,0.6054185726187349,0
bio8_temp_media_trimestre_umido,Bio8 temp media trimestre umido,26.509708978409737,0.6053992325513233,0
bio8_temp_media_trimestre_umido,Bio8 temp media trimestre umido,26.526706532343923,0.6053798801509731,0
bio8_temp_media_trimestre_umido,Bio8 temp media trimestre umido,26.54370408627811,0.6053605154178718,0
bio8_temp_media_trimestre_umido,Bio8 temp media trimestre umido,26.560701640212297,0.6053411383522079,0
bio8_temp_media_trimestre_umido,Bio8 temp media trimestre umido,26.577699194146483,0.6053217489541693,0
bio8_temp_media_trimestre_umido,Bio8 temp media trimestre umido,26.594696748080672,0.6053023472239438,0
bio8_temp_media_trimestre_umido,Bio8 temp media trimestre umido,26.611694302014858,0.6052829331617198,0
bio8_temp_media_trimestre_umido,Bio8 temp media trimestre umido,26.628691855949043,0.6052635067676867,0
bio8_temp_media_trimestre_umido,Bio8 temp media trimestre umido,26.645689409883232,0.6052440680420339,0
bio8_temp_media_trimestre_umido,Bio8 temp media trimestre umido,26.662686963817418,0.6052246169849493,0
bio8_temp_media_trimestre_umido,Bio8 temp media trimestre umido,26.679684517751607,0.6052051535966247,0
bio8_temp_media_trimestre_umido,Bio8 temp media trimestre umido,26.696682071685792,0.6051856778772486,0
bio12_precipitacao_anual,Bio12 precipitacao anual,1546.56,0.13410102198955565,0
bio12_precipitacao_anual,Bio12 precipitacao anual,1558.7363087248323,0.13851377907645668,0
bio12_precipitacao_anual,Bio12 precipitacao anual,1570.9126174496644,0.14305941915916487,0
bio12_precipitacao_anual,Bio12 precipitacao anual,1583.0889261744967,0.14774107993064045,0
bio12_precipitacao_anual,Bio12 precipitacao anual,1595.2652348993288,0.15256191047485168,0
bio12_precipitacao_anual,Bio12 precipitacao anual,1607.4415436241611,0.1575250658802454,0
bio12_precipitacao_anual,Bio12 precipitacao anual,1619.6178523489932,0.16263370138506694,0
bio12_precipitacao_anual,Bio12 precipitacao anual,1631.7941610738255,0.16789096603121734,0
bio12_precipitacao_anual,Bio12 precipitacao anual,1643.9704697986576,0.17329999580319033,0
bio12_precipitacao_anual,Bio12 precipitacao anual,1656.14677852349,0.17886390622860748,0
bio12_precipitacao_anual,Bio12 precipitacao anual,1668.323087248322,0.18458578441699702,0
bio12_precipitacao_anual,Bio12 precipitacao anual,1680.4993959731544,0.19046868051376564,0
bio12_precipitacao_anual,Bio12 precipitacao anual,1692.6757046979865,0.1965155985468009,0
bio12_precipitacao_anual,Bio12 precipitacao anual,1704.8520134228188,0.2027294866438455,0
bio12_precipitacao_anual,Bio12 precipitacao anual,1717.028322147651,0.2091132265997402,0
bio12_precipitacao_anual,Bio12 precipitacao anual,1729.2046308724832,0.21566962277384827,0
bio12_precipitacao_anual,Bio12 precipitacao anual,1741.3809395973153,0.22240139029947614,0
bio12_precipitacao_anual,Bio12 precipitacao anual,1753.5572483221476,0.22931114258897312,0
bio12_precipitacao_anual,Bio12 precipitacao anual,1765.7335570469797,0.23640137812036577,0
bio12_precipitacao_anual,Bio12 precipitacao anual,1777.909865771812,0.24367446649400482,0
bio12_precipitacao_anual,Bio12 precipitacao anual,1790.0861744966442,0.2511326337507035,0
bio12_precipitacao_anual,Bio12 precipitacao anual,1802.2624832214765,0.2587779469463587,0
bio12_precipitacao_anual,Bio12 precipitacao anual,1814.4387919463086,0.26661229798199804,0
bio12_precipitacao_anual,Bio12 precipitacao anual,1826.615100671141,0.2746373866927627,0
bio12_precipitacao_anual,Bio12 precipitacao anual,1838.791409395973,0.282854703204388,0
bio12_precipitacao_anual,Bio12 precipitacao anual,1850.9677181208053,0.29126550957148667,0
bio12_precipitacao_anual,Bio12 precipitacao anual,1863.1440268456377,0.2998708207182582,0
bio12_precipitacao_anual,Bio12 precipitacao anual,1875.3203355704698,0.308671384709308,0
bio12_precipitacao_anual,Bio12 precipitacao anual,1887.4966442953018,0.3176676623859541,0
bio12_precipitacao_anual,Bio12 precipitacao anual,1899.6729530201342,0.32685980641191736,0
bio12_precipitacao_anual,Bio12 precipitacao anual,1911.8492617449665,0.3362476397814732,0
bio12_precipitacao_anual,Bio12 precipitacao anual,1924.0255704697986,0.3458306338531819,0
bio12_precipitacao_anual,Bio12 precipitacao anual,1936.2018791946307,0.3556078859830847,0
bio12_precipitacao_anual,Bio12 precipitacao anual,1948.378187919463,0.36557809684282727,0
bio12_precipitacao_anual,Bio12 precipitacao anual,1960.5544966442953,0.3757395475205293,0
bio12_precipitacao_anual,Bio12 precipitacao anual,1972.7308053691274,0.3860900765153328,0
bio12_precipitacao_anual,Bio12 precipitacao anual,1984.9071140939595,0.3966270567503789,0
bio12_precipitacao_anual,Bio12 precipitacao anual,1997.0834228187919,0.40734737274348864,0
bio12_precipitacao_anual,Bio12 precipitacao anual,2009.2597315436242,0.41824739808993183,0
bio12_precipitacao_anual,Bio12 precipitacao anual,2021.4360402684563,0.4293229734273072,0
bio12_precipitacao_anual,Bio12 precipitacao anual,2033.6123489932884,0.4405693850685978,0
bio12_precipitacao_anual,Bio12 precipitacao anual,2045.7886577181207,0.4519813445058246,0
bio12_precipitacao_anual,Bio12 precipitacao anual,2057.964966442953,0.46355296900312926,0
bio12_precipitacao_anual,Bio12 precipitacao anual,2070.1412751677854,0.4752649354868381,0
bio12_precipitacao_anual,Bio12 precipitacao anual,2082.317583892617,0.487063179522663,0
bio12_precipitacao_anual,Bio12 precipitacao anual,2094.4938926174495,0.49899808748084373,0
bio12_precipitacao_anual,Bio12 precipitacao anual,2106.670201342282,0.5110613950124759,0
bio12_precipitacao_anual,Bio12 precipitacao anual,2118.8465100671137,0.5232441877584291,0
bio12_precipitacao_anual,Bio12 precipitacao anual,2131.0228187919465,0.5322700370668666,0
bio12_precipitacao_anual,Bio12 precipitacao anual,2143.1991275167784,0.5409807492034852,0
bio12_precipitacao_anual,Bio12 precipitacao anual,2155.3754362416107,0.5497386970070699,0
bio12_precipitacao_anual,Bio12 precipitacao anual,2167.551744966443,0.5585399919862541,0
bio12_precipitacao_anual,Bio12 precipitacao anual,2179.728053691275,0.5673805825326611,0
bio12_precipitacao_anual,Bio12 precipitacao anual,2191.9043624161072,0.5762562550274252,0
bio12_precipitacao_anual,Bio12 precipitacao anual,2204.0806711409396,0.5851626354575106,0
bio12_precipitacao_anual,Bio12 precipitacao anual,2216.256979865772,0.5940951915690387,0
bio12_precipitacao_anual,Bio12 precipitacao anual,2228.433288590604,0.6030492355843278,0
bio12_precipitacao_anual,Bio12 precipitacao anual,2240.609597315436,0.6120199275086207,0
bio12_precipitacao_anual,Bio12 precipitacao anual,2252.7859060402684,0.6210022790515811,0
bio12_precipitacao_anual,Bio12 precipitacao anual,2264.9622147651007,0.629991158187429,0
bio12_precipitacao_anual,Bio12 precipitacao anual,2277.1385234899326,0.6389812943761912,0
bio12_precipitacao_anual,Bio12 precipitacao anual,2289.314832214765,0.647967284466836,0
bio12_precipitacao_anual,Bio12 precipitacao anual,2301.4911409395972,0.6569435993010826,0
bio12_precipitacao_anual,Bio12 precipitacao anual,2313.6674496644296,0.6659045910344191,0
bio12_precipitacao_anual,Bio12 precipitacao anual,2325.843758389262,0.674844501188254,0
bio12_precipitacao_anual,Bio12 precipitacao anual,2338.0200671140938,0.6837574694442645,0
bio12_precipitacao_anual,Bio12 precipitacao anual,2350.196375838926,0.6926375431887456,0
bio12_precipitacao_anual,Bio12 precipitacao anual,2362.3726845637584,0.701478687811226,0
bio12_precipitacao_anual,Bio12 precipitacao anual,2374.5489932885903,0.7102747977577286,0
bio12_precipitacao_anual,Bio12 precipitacao anual,2386.7253020134226,0.7190197083348002,0
bio12_precipitacao_anual,Bio12 precipitacao anual,2398.901610738255,0.7277072082558946,0
bio12_precipitacao_anual,Bio12 precipitacao anual,2411.0779194630873,0.736331052916797,0
bio12_precipitacao_anual,Bio12 precipitacao anual,2423.2542281879196,0.7448849783815561,0
bio12_precipitacao_anual,Bio12 precipitacao anual,2435.4305369127514,0.7533627160548952,0
bio12_precipitacao_anual,Bio12 precipitacao anual,2447.606845637584,0.7617580080112808,0
bio12_precipitacao_anual,Bio12 precipitacao anual,2459.783154362416,0.7700646229447597,0
bio12_precipitacao_anual,Bio12 precipitacao anual,2471.959463087248,0.7782763726974128,0
bio12_precipitacao_anual,Bio12 precipitacao anual,2484.1357718120803,0.7863871293178032,0
bio12_precipitacao_anual,Bio12 precipitacao anual,2496.3120805369126,0.7943908425941615,0
bio12_precipitacao_anual,Bio12 precipitacao anual,2508.488389261745,0.8022815580003403,0
bio12_precipitacao_anual,Bio12 precipitacao anual,2520.6646979865773,0.810053434985806,0
bio12_precipitacao_anual,Bio12 precipitacao anual,2532.841006711409,0.8177007655341524,0
bio12_precipitacao_anual,Bio12 precipitacao anual,2545.0173154362415,0.8252179929079815,0
bio12_precipitacao_anual,Bio12 precipitacao anual,2557.193624161074,0.8325997304914343,0
bio12_precipitacao_anual,Bio12 precipitacao anual,2569.369932885906,0.8398407806353863,0
bio12_precipitacao_anual,Bio12 precipitacao anual,2581.5462416107384,0.8469361534043405,0
bio12_precipitacao_anual,Bio12 precipitacao anual,2593.7225503355703,0.8538810851184648,0
bio12_precipitacao_anual,Bio12 precipitacao anual,2605.8988590604026,0.8606710565791669,0
bio12_precipitacao_anual,Bio12 precipitacao anual,2618.075167785235,0.8673018108620966,0
bio12_precipitacao_anual,Bio12 precipitacao anual,2630.251476510067,0.8737693705576968,0
bio12_precipitacao_anual,Bio12 precipitacao anual,2642.427785234899,0.8800700543364244,0
bio12_precipitacao_anual,Bio12 precipitacao anual,2654.6040939597315,0.8862004927136549,0
bio12_precipitacao_anual,Bio12 precipitacao anual,2666.7804026845633,0.8921576428881862,0
bio12_precipitacao_anual,Bio12 precipitacao anual,2678.956711409396,0.8979388025282337,0
bio12_precipitacao_anual,Bio12 precipitacao anual,2691.133020134228,0.9035416223799505,0
bio12_precipitacao_anual,Bio12 precipitacao anual,2703.3093288590603,0.9089641175759405,0
bio12_precipitacao_anual,Bio12 precipitacao anual,2715.4856375838926,0.9142046775249534,0
bio12_precipitacao_anual,Bio12 precipitacao anual,2727.6619463087245,0.9192620742691062,0
bio12_precipitacao_anual,Bio12 precipitacao anual,2739.8382550335573,0.9241354692015581,0
bio12_precipitacao_anual,Bio12 precipitacao anual,2752.014563758389,0.9288244180456021,0
bio12_precipitacao_anual,Bio12 precipitacao anual,2764.1908724832215,0.9333288740057196,0
bio12_precipitacao_anual,Bio12 precipitacao anual,2776.367181208054,0.9376491890121442,0
bio12_precipitacao_anual,Bio12 precipitacao anual,2788.5434899328857,0.941786112992997,0
bio12_precipitacao_anual,Bio12 precipitacao anual,2800.719798657718,0.9457407911219445,0
bio12_precipitacao_anual,Bio12 precipitacao anual,2812.8961073825503,0.949514759004569,0
bio12_precipitacao_anual,Bio12 precipitacao anual,2825.072416107382,0.9531099357831008,0
bio12_precipitacao_anual,Bio12 precipitacao anual,2837.248724832215,0.9565286151567285,0
bio12_precipitacao_anual,Bio12 precipitacao anual,2849.425033557047,0.9597734543332086,0
bio12_precipitacao_anual,Bio12 precipitacao anual,2861.601342281879,0.9628474609467689,0
bio12_precipitacao_anual,Bio12 precipitacao anual,2873.7776510067115,0.9657539779971094,0
bio12_precipitacao_anual,Bio12 precipitacao anual,2885.9539597315434,0.9684966668844508,0
bio12_precipitacao_anual,Bio12 precipitacao anual,2898.1302684563757,0.9710794886357584,0
bio12_precipitacao_anual,Bio12 precipitacao anual,2910.306577181208,0.973506683437249,0
bio12_precipitacao_anual,Bio12 precipitacao anual,2922.48288590604,0.9757827486077412,0
bio12_precipitacao_anual,Bio12 precipitacao anual,2934.6591946308727,0.9779124151660471,0
bio12_precipitacao_anual,Bio12 precipitacao anual,2946.8355033557045,0.9799006231631067,0
bio12_precipitacao_anual,Bio12 precipitacao anual,2959.011812080537,0.9817524959656252,0
bio12_precipitacao_anual,Bio12 precipitacao anual,2971.188120805369,0.9834733136922736,0
bio12_precipitacao_anual,Bio12 precipitacao anual,2983.364429530201,0.98506848601576,0
bio12_precipitacao_anual,Bio12 precipitacao anual,2995.5407382550334,0.9865435245539954,0
bio12_precipitacao_anual,Bio12 precipitacao anual,3007.7170469798657,0.9879040150809008,0
bio12_precipitacao_anual,Bio12 precipitacao anual,3019.8933557046976,0.9891555897919256,0
bio12_precipitacao_anual,Bio12 precipitacao anual,3032.0696644295303,0.9903038998608731,0
bio12_precipitacao_anual,Bio12 precipitacao anual,3044.245973154362,0.9913545885230333,0
bio12_precipitacao_anual,Bio12 precipitacao anual,3056.4222818791945,0.9923132649148267,0
bio12_precipitacao_anual,Bio12 precipitacao anual,3068.598590604027,0.9931854788921186,0
bio12_precipitacao_anual,Bio12 precipitacao anual,3080.7748993288587,0.9939766970381395,0
bio12_precipitacao_anual,Bio12 precipitacao anual,3092.951208053691,0.9946922800576163,0
bio12_precipitacao_anual,Bio12 precipitacao anual,3105.1275167785234,0.9953374617364625,0
bio12_precipitacao_anual,Bio12 precipitacao anual,3117.3038255033557,0.9959173296264138,0
bio12_precipitacao_anual,Bio12 precipitacao anual,3129.480134228188,0.996436807591638,0
bio12_precipitacao_anual,Bio12 precipitacao anual,3141.65644295302,0.9969006403299239,0
bio12_precipitacao_anual,Bio12 precipitacao anual,3153.8327516778522,0.9973133799549914,0
bio12_precipitacao_anual,Bio12 precipitacao anual,3166.0090604026846,0.997679374699204,0
bio12_precipitacao_anual,Bio12 precipitacao anual,3178.1853691275164,0.9980027597679911,0
bio12_precipitacao_anual,Bio12 precipitacao anual,3190.361677852349,0.9982874503491249,0
bio12_precipitacao_anual,Bio12 precipitacao anual,3202.537986577181,0.9985371367521552,0
bio12_precipitacao_anual,Bio12 precipitacao anual,3214.7142953020134,0.9987552816263323,0
bio12_precipitacao_anual,Bio12 precipitacao anual,3226.8906040268457,0.9989451191797356,0
bio12_precipitacao_anual,Bio12 precipitacao anual,3239.0669127516776,0.999109656298575,0
bio12_precipitacao_anual,Bio12 precipitacao anual,3251.24322147651,0.9992516754441839,0
bio12_precipitacao_anual,Bio12 precipitacao anual,3263.4195302013422,0.9993737391864729,0
bio12_precipitacao_anual,Bio12 precipitacao anual,3275.595838926174,0.9994781962168804,0
bio12_precipitacao_anual,Bio12 precipitacao anual,3287.772147651007,0.9995671886714148,0
bio12_precipitacao_anual,Bio12 precipitacao anual,3299.9484563758388,0.9996426605853845,0
bio12_precipitacao_anual,Bio12 precipitacao anual,3312.124765100671,0.999706367295958,0
bio12_precipitacao_anual,Bio12 precipitacao anual,3324.3010738255034,0.9997598856067786,0
bio12_precipitacao_anual,Bio12 precipitacao anual,3336.4773825503353,0.9998046245303874,0
bio12_precipitacao_anual,Bio12 precipitacao anual,3348.6536912751676,0.9998418364290081,0
bio12_precipitacao_anual,Bio12 precipitacao anual,3360.83,0.9998726283820655,0
bio13_precipitacao_mes_umido,Bio13 precipitacao mes umido,249.39000000000001,0.655095313486223,0
bio13_precipitacao_mes_umido,Bio13 precipitacao mes umido,250.74080536912751,0.6542846034542141,0
bio13_precipitacao_mes_umido,Bio13 precipitacao mes umido,252.09161073825504,0.6534732114665862,0
bio13_precipitacao_mes_umido,Bio13 precipitacao mes umido,253.44241610738254,0.6526611414807413,0
bio13_precipitacao_mes_umido,Bio13 precipitacao mes umido,254.79322147651007,0.6518483974639683,0
bio13_precipitacao_mes_umido,Bio13 precipitacao mes umido,256.1440268456376,0.65103498339337,0
bio13_precipitacao_mes_umido,Bio13 precipitacao mes umido,257.4948322147651,0.6502209032557904,0
bio13_precipitacao_mes_umido,Bio13 precipitacao mes umido,258.8456375838926,0.6494061610477428,0
bio13_precipitacao_mes_umido,Bio13 precipitacao mes umido,260.1964429530201,0.6485907607753363,0
bio13_precipitacao_mes_umido,Bio13 precipitacao mes umido,261.54724832214765,0.647774706454204,0
bio13_precipitacao_mes_umido,Bio13 precipitacao mes umido,262.89805369127515,0.6469580021094303,0
bio13_precipitacao_mes_umido,Bio13 precipitacao mes umido,264.24885906040265,0.6461406517754754,0
bio13_precipitacao_mes_umido,Bio13 precipitacao mes umido,265.59966442953015,0.6453226594961038,0
bio13_precipitacao_mes_umido,Bio13 precipitacao mes umido,266.95046979865765,0.6445040293243085,0
bio13_precipitacao_mes_umido,Bio13 precipitacao mes umido,268.3012751677852,0.6436847653222393,0
bio13_precipitacao_mes_umido,Bio13 precipitacao mes umido,269.6520805369127,0.642864871561124,0
bio13_precipitacao_mes_umido,Bio13 precipitacao mes umido,271.0028859060402,0.6420443521212,0
bio13_precipitacao_mes_umido,Bio13 precipitacao mes umido,272.3536912751677,0.6412232110916346,0
bio13_precipitacao_mes_umido,Bio13 precipitacao mes umido,273.70449664429526,0.6404014525704509,0
bio13_precipitacao_mes_umido,Bio13 precipitacao mes umido,275.05530201342276,0.6395790806644537,0
bio13_precipitacao_mes_umido,Bio13 precipitacao mes umido,276.40610738255026,0.6387560994891545,0
bio13_precipitacao_mes_umido,Bio13 precipitacao mes umido,277.75691275167776,0.6379325131686918,0
bio13_precipitacao_mes_umido,Bio13 precipitacao mes umido,279.1077181208053,0.6371083258357608,0
bio13_precipitacao_mes_umido,Bio13 precipitacao mes umido,280.4585234899328,0.6362835416315336,0
bio13_precipitacao_mes_umido,Bio13 precipitacao mes umido,281.8093288590603,0.6354581647055821,0
bio13_precipitacao_mes_umido,Bio13 precipitacao mes umido,283.1601342281878,0.6346321992158053,0
bio13_precipitacao_mes_umido,Bio13 precipitacao mes umido,284.5109395973153,0.6338056493283484,0
bio13_precipitacao_mes_umido,Bio13 precipitacao mes umido,285.86174496644287,0.632978519217527,0
bio13_precipitacao_mes_umido,Bio13 precipitacao mes umido,287.21255033557037,0.6321508130657529,0
bio13_precipitacao_mes_umido,Bio13 precipitacao mes umido,288.56335570469787,0.6313225350634534,0
bio13_precipitacao_mes_umido,Bio13 precipitacao mes umido,289.91416107382537,0.6304936894089919,0
bio13_precipitacao_mes_umido,Bio13 precipitacao mes umido,291.2649664429529,0.6296642803085957,0
bio13_precipitacao_mes_umido,Bio13 precipitacao mes umido,292.6157718120804,0.6288343119762756,0
bio13_precipitacao_mes_umido,Bio13 precipitacao mes umido,293.9665771812079,0.6280037886337442,0
bio13_precipitacao_mes_umido,Bio13 precipitacao mes umido,295.3173825503354,0.6271727145103428,0
bio13_precipitacao_mes_umido,Bio13 precipitacao mes umido,296.668187919463,0.6263410938429613,0
bio13_precipitacao_mes_umido,Bio13 precipitacao mes umido,298.0189932885905,0.6255089308759558,0
bio13_precipitacao_mes_umido,Bio13 precipitacao mes umido,299.369798657718,0.6246762298610763,0
bio13_precipitacao_mes_umido,Bio13 precipitacao mes umido,300.7206040268455,0.6238429950573825,0
bio13_precipitacao_mes_umido,Bio13 precipitacao mes umido,302.071409395973,0.6230092307311659,0
bio13_precipitacao_mes_umido,Bio13 precipitacao mes umido,303.42221476510053,0.6221749411558714,0
bio13_precipitacao_mes_umido,Bio13 precipitacao mes umido,304.77302013422803,0.6213401306120183,0
bio13_precipitacao_mes_umido,Bio13 precipitacao mes umido,306.12382550335553,0.6205048033871163,0
bio13_precipitacao_mes_umido,Bio13 precipitacao mes umido,307.47463087248303,0.6196689637755922,0
bio13_precipitacao_mes_umido,Bio13 precipitacao mes umido,308.8254362416106,0.618832616078705,0
bio13_precipitacao_mes_umido,Bio13 precipitacao mes umido,310.1762416107381,0.6179957646044665,0
bio13_precipitacao_mes_umido,Bio13 precipitacao mes umido,311.5270469798656,0.617158413667563,0
bio13_precipitacao_mes_umido,Bio13 precipitacao mes umido,312.8778523489931,0.6163205675892731,0
bio13_precipitacao_mes_umido,Bio13 precipitacao mes umido,314.22865771812064,0.6154822306973862,0
bio13_precipitacao_mes_umido,Bio13 precipitacao mes umido,315.57946308724814,0.6146434073261254,0
bio13_precipitacao_mes_umido,Bio13 precipitacao mes umido,316.93026845637564,0.613804101816064,0
bio13_precipitacao_mes_umido,Bio13 precipitacao mes umido,318.28107382550314,0.6129643185140421,0
bio13_precipitacao_mes_umido,Bio13 precipitacao mes umido,319.63187919463064,0.6121240617730913,0
bio13_precipitacao_mes_umido,Bio13 precipitacao mes umido,320.9826845637582,0.6112833359523484,0
bio13_precipitacao_mes_umido,Bio13 precipitacao mes umido,322.3334899328857,0.6104421454169774,0
bio13_precipitacao_mes_umido,Bio13 precipitacao mes umido,323.6842953020132,0.6096004945380854,0
bio13_precipitacao_mes_umido,Bio13 precipitacao mes umido,325.03510067114075,0.6087583876926417,0
bio13_precipitacao_mes_umido,Bio13 precipitacao mes umido,326.38590604026825,0.6079158292633968,0
bio13_precipitacao_mes_umido,Bio13 precipitacao mes umido,327.73671140939575,0.6070728236388019,0
bio13_precipitacao_mes_umido,Bio13 precipitacao mes umido,329.08751677852325,0.6062293752129209,0
bio13_precipitacao_mes_umido,Bio13 precipitacao mes umido,330.43832214765075,0.6053854883853566,0
bio13_precipitacao_mes_umido,Bio13 precipitacao mes umido,331.7891275167783,0.6045411675611629,0
bio13_precipitacao_mes_umido,Bio13 precipitacao mes umido,333.1399328859058,0.6036964171507633,0
bio13_precipitacao_mes_umido,Bio13 precipitacao mes umido,334.4907382550333,0.6028512415698706,0
bio13_precipitacao_mes_umido,Bio13 precipitacao mes umido,335.8415436241608,0.6020056452394016,0
bio13_precipitacao_mes_umido,Bio13 precipitacao mes umido,337.1923489932883,0.6011596325853974,0
bio13_precipitacao_mes_umido,Bio13 precipitacao mes umido,338.54315436241586,0.6003132080389382,0
bio13_precipitacao_mes_umido,Bio13 precipitacao mes umido,339.89395973154336,0.5994663760360621,0
bio13_precipitacao_mes_umido,Bio13 precipitacao mes umido,341.24476510067086,0.5986191410176815,0
bio13_precipitacao_mes_umido,Bio13 precipitacao mes umido,342.5955704697984,0.5977715074295012,0
bio13_precipitacao_mes_umido,Bio13 precipitacao mes umido,343.9463758389259,0.5969234797219332,0
bio13_precipitacao_mes_umido,Bio13 precipitacao mes umido,345.2971812080534,0.5960750623500166,0
bio13_precipitacao_mes_umido,Bio13 precipitacao mes umido,346.6479865771809,0.5952262597733313,0
bio13_precipitacao_mes_umido,Bio13 precipitacao mes umido,347.9987919463084,0.5943770764559189,0
bio13_precipitacao_mes_umido,Bio13 precipitacao mes umido,349.349597315436,0.5935275168661929,0
bio13_precipitacao_mes_umido,Bio13 precipitacao mes umido,350.70040268456347,0.5926775854768628,0
bio13_precipitacao_mes_umido,Bio13 precipitacao mes umido,352.05120805369097,0.5918272867648462,0
bio13_precipitacao_mes_umido,Bio13 precipitacao mes umido,353.40201342281847,0.5909766252111853,0
bio13_precipitacao_mes_umido,Bio13 precipitacao mes umido,354.75281879194597,0.5901256053009653,0
bio13_precipitacao_mes_umido,Bio13 precipitacao mes umido,356.1036241610735,0.58927423152323,0
bio13_precipitacao_mes_umido,Bio13 precipitacao mes umido,357.454429530201,0.5884225083708983,0
bio13_precipitacao_mes_umido,Bio13 precipitacao mes umido,358.8052348993285,0.5875704403406786,0
bio13_precipitacao_mes_umido,Bio13 precipitacao mes umido,360.1560402684561,0.586718031932989,0
bio13_precipitacao_mes_umido,Bio13 precipitacao mes umido,361.5068456375836,0.5858652876518693,0
bio13_precipitacao_mes_umido,Bio13 precipitacao mes umido,362.8576510067111,0.58501221200490106,0
bio13_precipitacao_mes_umido,Bio13 precipitacao mes umido,364.2084563758386,0.58415880950312,0
bio13_precipitacao_mes_umido,Bio13 precipitacao mes umido,365.5592617449661,0.5833050846609358,0
bio13_precipitacao_mes_umido,Bio13 precipitacao mes umido,366.91006711409364,0.5824510419960449,0
bio13_precipitacao_mes_umido,Bio13 precipitacao mes umido,368.26087248322114,0.5815966860293494,0
bio13_precipitacao_mes_umido,Bio13 precipitacao mes umido,369.61167785234863,0.5807420212848708,0
bio13_precipitacao_mes_umido,Bio13 precipitacao mes umido,370.96248322147613,0.579887052289668,0
bio13_precipitacao_mes_umido,Bio13 precipitacao mes umido,372.31328859060363,0.5790317835737513,0
bio13_precipitacao_mes_umido,Bio13 precipitacao mes umido,373.6640939597312,0.5781762196700007,0
bio13_precipitacao_mes_umido,Bio13 precipitacao mes umido,375.0148993288587,0.5773203651140799,0
bio13_precipitacao_mes_umido,Bio13 precipitacao mes umido,376.3657046979862,0.5764642244443526,0
bio13_precipitacao_mes_umido,Bio13 precipitacao mes umido,377.71651006711375,0.5756078022017996,0
bio13_precipitacao_mes_umido,Bio13 precipitacao mes umido,379.0673154362412,0.5747511029299346,0
bio13_precipitacao_mes_umido,Bio13 precipitacao mes umido,380.41812080536874,0.573894131174719,0
bio13_precipitacao_mes_umido,Bio13 precipitacao mes umido,381.76892617449624,0.5730368914844781,0
bio13_precipitacao_mes_umido,Bio13 precipitacao mes umido,383.11973154362374,0.5721793884098186,0
bio13_precipitacao_mes_umido,Bio13 precipitacao mes umido,384.4705369127513,0.5713216265035419,0
bio13_precipitacao_mes_umido,Bio13 precipitacao mes umido,385.8213422818788,0.5704636103205646,0
bio13_precipitacao_mes_umido,Bio13 precipitacao mes umido,387.1721476510063,0.5696053444178286,0
bio13_precipitacao_mes_umido,Bio13 precipitacao mes umido,388.5229530201338,0.5687468333542223,0
bio13_precipitacao_mes_umido,Bio13 precipitacao mes umido,389.8737583892613,0.567888081690493,0
bio13_precipitacao_mes_umido,Bio13 precipitacao mes umido,391.22456375838885,0.5670290939891658,0
bio13_precipitacao_mes_umido,Bio13 precipitacao mes umido,392.57536912751635,0.5661698748144572,0
bio13_precipitacao_mes_umido,Bio13 precipitacao mes umido,393.92617449664385,0.565310428732194,0
bio13_precipitacao_mes_umido,Bio13 precipitacao mes umido,395.2769798657714,0.564450760309726,0
bio13_precipitacao_mes_umido,Bio13 precipitacao mes umido,396.62778523489885,0.5635908741158462,0
bio13_precipitacao_mes_umido,Bio13 precipitacao mes umido,397.9785906040264,0.5627307747207031,0
bio13_precipitacao_mes_umido,Bio13 precipitacao mes umido,399.3293959731539,0.5618704666957204,0
bio13_precipitacao_mes_umido,Bio13 precipitacao mes umido,400.6802013422814,0.5610099546135108,0
bio13_precipitacao_mes_umido,Bio13 precipitacao mes umido,402.03100671140896,0.5601492430477923,0
bio13_precipitacao_mes_umido,Bio13 precipitacao mes umido,403.38181208053646,0.559288336573309,0
bio13_precipitacao_mes_umido,Bio13 precipitacao mes umido,404.73261744966396,0.5584272397657404,0
bio13_precipitacao_mes_umido,Bio13 precipitacao mes umido,406.08342281879146,0.5575659572016235,0
bio13_precipitacao_mes_umido,Bio13 precipitacao mes umido,407.43422818791896,0.5567044934582688,0
bio13_precipitacao_mes_umido,Bio13 precipitacao mes umido,408.7850335570465,0.5558428531136721,0
bio13_precipitacao_mes_umido,Bio13 precipitacao mes umido,410.135838926174,0.5549810407464385,0
bio13_precipitacao_mes_umido,Bio13 precipitacao mes umido,411.4866442953015,0.554119060935694,0
bio13_precipitacao_mes_umido,Bio13 precipitacao mes umido,412.8374496644291,0.553256918261003,0
bio13_precipitacao_mes_umido,Bio13 precipitacao mes umido,414.1882550335565,0.552394617302287,0
bio13_precipitacao_mes_umido,Bio13 precipitacao mes umido,415.5390604026841,0.5515321626397414,0
bio13_precipitacao_mes_umido,Bio13 precipitacao mes umido,416.88986577181157,0.5506695588537488,0
bio13_precipitacao_mes_umido,Bio13 precipitacao mes umido,418.24067114093907,0.5498068105248022,0
bio13_precipitacao_mes_umido,Bio13 precipitacao mes umido,419.5914765100666,0.5489439222334183,0
bio13_precipitacao_mes_umido,Bio13 precipitacao mes umido,420.9422818791941,0.5480808985600529,0
bio13_precipitacao_mes_umido,Bio13 precipitacao mes umido,422.2930872483216,0.5472177440850237,0
bio13_precipitacao_mes_umido,Bio13 precipitacao mes umido,423.6438926174491,0.5463544633884256,0
bio13_precipitacao_mes_umido,Bio13 precipitacao mes umido,424.9946979865766,0.5454910610500447,0
bio13_precipitacao_mes_umido,Bio13 precipitacao mes umido,426.3455033557042,0.5446275416492806,0
bio13_precipitacao_mes_umido,Bio13 precipitacao mes umido,427.6963087248317,0.543763909765063,0
bio13_precipitacao_mes_umido,Bio13 precipitacao mes umido,429.0471140939592,0.5429001699757672,0
bio13_precipitacao_mes_umido,Bio13 precipitacao mes umido,430.39791946308674,0.5420363268591358,0
bio13_precipitacao_mes_umido,Bio13 precipitacao mes umido,431.7487248322142,0.5411723849921937,0
bio13_precipitacao_mes_umido,Bio13 precipitacao mes umido,433.09953020134174,0.540308348951167,0
bio13_precipitacao_mes_umido,Bio13 precipitacao mes umido,434.45033557046924,0.539444223311402,0
bio13_precipitacao_mes_umido,Bio13 precipitacao mes umido,435.80114093959673,0.538580012647284,0
bio13_precipitacao_mes_umido,Bio13 precipitacao mes umido,437.1519463087243,0.5377157215321541,0
bio13_precipitacao_mes_umido,Bio13 precipitacao mes umido,438.5027516778518,0.5368513545382287,0
bio13_precipitacao_mes_umido,Bio13 precipitacao mes umido,439.8535570469793,0.535986916236519,0
bio13_precipitacao_mes_umido,Bio13 precipitacao mes umido,441.2043624161068,0.5351224111967481,0
bio13_precipitacao_mes_umido,Bio13 precipitacao mes umido,442.5551677852343,0.5342578439872723,0
bio13_precipitacao_mes_umido,Bio13 precipitacao mes umido,443.90597315436185,0.5333932191749975,0
bio13_precipitacao_mes_umido,Bio13 precipitacao mes umido,445.25677852348934,0.5325285413253007,0
bio13_precipitacao_mes_umido,Bio13 precipitacao mes umido,446.60758389261684,0.5316638150019499,0
bio13_precipitacao_mes_umido,Bio13 precipitacao mes umido,447.9583892617444,0.5307990447670191,0
bio13_precipitacao_mes_umido,Bio13 precipitacao mes umido,449.30919463087184,0.5299342351808148,0
bio13_precipitacao_mes_umido,Bio13 precipitacao mes umido,450.6599999999994,0.5290693908017892,0
bio14_precipitacao_mes_seco,Bio14 precipitacao mes seco,1,0.7067925511930863,0
bio14_precipitacao_mes_seco,Bio14 precipitacao mes seco,2.48731543624161,0.706639002778223,0
bio14_precipitacao_mes_seco,Bio14 precipitacao mes seco,3.9746308724832202,0.7063544405423362,0
bio14_precipitacao_mes_seco,Bio14 precipitacao mes seco,5.46194630872483,0.7059387945603204,0
bio14_precipitacao_mes_seco,Bio14 precipitacao mes seco,6.9492617449664404,0.7053919635827064,0
bio14_precipitacao_mes_seco,Bio14 precipitacao mes seco,8.436577181208051,0.7047138160050257,0
bio14_precipitacao_mes_seco,Bio14 precipitacao mes seco,9.92389261744966,0.7039041911413069,0
bio14_precipitacao_mes_seco,Bio14 precipitacao mes seco,11.41120805369127,0.7029629008004719,0
bio14_precipitacao_mes_seco,Bio14 precipitacao mes seco,12.898523489932881,0.7018897311640331,0
bio14_precipitacao_mes_seco,Bio14 precipitacao mes seco,14.385838926174491,0.7006844449630922,0
bio14_precipitacao_mes_seco,Bio14 precipitacao mes seco,15.873154362416102,0.6993467839521734,0
bio14_precipitacao_mes_seco,Bio14 precipitacao mes seco,17.36046979865771,0.6978764716769212,0
bio14_precipitacao_mes_seco,Bio14 precipitacao mes seco,18.84778523489932,0.6962732165321078,0
bio14_precipitacao_mes_seco,Bio14 precipitacao mes seco,20.335100671140932,0.6945367151057374,0
bio14_precipitacao_mes_seco,Bio14 precipitacao mes seco,21.82241610738254,0.6926666558043387,0
bio14_precipitacao_mes_seco,Bio14 precipitacao mes seco,23.309731543624153,0.6906627227537058,0
bio14_precipitacao_mes_seco,Bio14 precipitacao mes seco,24.797046979865762,0.6885245999684937,0
bio14_precipitacao_mes_seco,Bio14 precipitacao mes seco,26.28436241610737,0.6862519757830944,0
bio14_precipitacao_mes_seco,Bio14 precipitacao mes seco,27.771677852348983,0.6838445475351926,0
bio14_precipitacao_mes_seco,Bio14 precipitacao mes seco,29.25899328859059,0.6813020264922456,0
bio14_precipitacao_mes_seco,Bio14 precipitacao mes seco,30.746308724832204,0.6786241430099507,0
bio14_precipitacao_mes_seco,Bio14 precipitacao mes seco,32.23362416107381,0.6758106519104634,0
bio14_precipitacao_mes_seco,Bio14 precipitacao mes seco,33.72093959731542,0.6728613380667644,0
bio14_precipitacao_mes_seco,Bio14 precipitacao mes seco,35.20825503355703,0.6697760221781666,0
bio14_precipitacao_mes_seco,Bio14 precipitacao mes seco,36.69557046979864,0.66655456672045,0
bio14_precipitacao_mes_seco,Bio14 precipitacao mes seco,38.182885906040255,0.663196882052588,0
bio14_precipitacao_mes_seco,Bio14 precipitacao mes seco,39.670201342281864,0.6597029326604398,0
bio14_precipitacao_mes_seco,Bio14 precipitacao mes seco,41.15751677852347,0.6560727435162063,0
bio14_precipitacao_mes_seco,Bio14 precipitacao mes seco,42.64483221476508,0.6523064065307983,0
bio14_precipitacao_mes_seco,Bio14 precipitacao mes seco,44.13214765100669,0.6484040870746693,0
bio14_precipitacao_mes_seco,Bio14 precipitacao mes seco,45.619463087248306,0.6443660305410697,0
bio14_precipitacao_mes_seco,Bio14 precipitacao mes seco,47.106778523489915,0.6401925689240912,0
bio14_precipitacao_mes_seco,Bio14 precipitacao mes seco,48.594093959731524,0.6358841273823848,0
bio14_precipitacao_mes_seco,Bio14 precipitacao mes seco,50.08140939597313,0.6314412307579782,0
bio14_precipitacao_mes_seco,Bio14 precipitacao mes seco,51.56872483221474,0.6268645100182806,0
bio14_precipitacao_mes_seco,Bio14 precipitacao mes seco,53.05604026845636,0.6221547085881252,0
bio14_precipitacao_mes_seco,Bio14 precipitacao mes seco,54.543355704697966,0.6173126885375957,0
bio14_precipitacao_mes_seco,Bio14 precipitacao mes seco,56.030671140939575,0.612339436590456,0
bio14_precipitacao_mes_seco,Bio14 precipitacao mes seco,57.51798657718118,0.6072360699172143,0
bio14_precipitacao_mes_seco,Bio14 precipitacao mes seco,59.00530201342279,0.6020038416762863,0
bio14_precipitacao_mes_seco,Bio14 precipitacao mes seco,60.49261744966441,0.596644146266387,0
bio14_precipitacao_mes_seco,Bio14 precipitacao mes seco,61.97993288590602,0.5911585242531228,0
bio14_precipitacao_mes_seco,Bio14 precipitacao mes seco,63.467248322147626,0.5855486669329292,0
bio14_precipitacao_mes_seco,Bio14 precipitacao mes seco,64.95456375838924,0.5798164204978579,0
bio14_precipitacao_mes_seco,Bio14 precipitacao mes seco,66.44187919463084,0.5739637897654246,0
bio14_precipitacao_mes_seco,Bio14 precipitacao mes seco,67.92919463087246,0.5679929414386804,0
bio14_precipitacao_mes_seco,Bio14 precipitacao mes seco,69.41651006711406,0.5619062068629435,0
bio14_precipitacao_mes_seco,Bio14 precipitacao mes seco,70.90382550335568,0.5557060842471975,0
bio14_precipitacao_mes_seco,Bio14 precipitacao mes seco,72.39114093959728,0.5493952403200406,0
bio14_precipitacao_mes_seco,Bio14 precipitacao mes seco,73.8784563758389,0.542976511392252,0
bio14_precipitacao_mes_seco,Bio14 precipitacao mes seco,75.36577181208051,0.5364529038005232,0
bio14_precipitacao_mes_seco,Bio14 precipitacao mes seco,76.85308724832211,0.5298275937096815,0
bio14_precipitacao_mes_seco,Bio14 precipitacao mes seco,78.34040268456373,0.5231039262537691,0
bio14_precipitacao_mes_seco,Bio14 precipitacao mes seco,79.82771812080533,0.5162854139996894,0
bio14_precipitacao_mes_seco,Bio14 precipitacao mes seco,81.31503355704695,0.5093757347206516,0
bio14_precipitacao_mes_seco,Bio14 precipitacao mes seco,82.80234899328856,0.5023787284704689,0
bio14_precipitacao_mes_seco,Bio14 precipitacao mes seco,84.28966442953016,0.4952983939537057,0
bio14_precipitacao_mes_seco,Bio14 precipitacao mes seco,85.77697986577178,0.4881388841908332,0
bio14_precipitacao_mes_seco,Bio14 precipitacao mes seco,87.26429530201338,0.48090450148181685,0
bio14_precipitacao_mes_seco,Bio14 precipitacao mes seco,88.751610738255,0.4735996916759275,0
bio14_precipitacao_mes_seco,Bio14 precipitacao mes seco,90.23892617449661,0.4662290377600006,0
bio14_precipitacao_mes_seco,Bio14 precipitacao mes seco,91.72624161073821,0.45879725278181416,0
bio14_precipitacao_mes_seco,Bio14 precipitacao mes seco,93.21355704697983,0.45130917212968635,0
bio14_precipitacao_mes_seco,Bio14 precipitacao mes seco,94.70087248322143,0.4437697451937569,0
bio14_precipitacao_mes_seco,Bio14 precipitacao mes seco,96.18818791946305,0.43618402643868504,0
bio14_precipitacao_mes_seco,Bio14 precipitacao mes seco,97.67550335570466,0.428557165921601,0
bio14_precipitacao_mes_seco,Bio14 precipitacao mes seco,99.16281879194626,0.42089439929310046,0
bio14_precipitacao_mes_seco,Bio14 precipitacao mes seco,100.65013422818788,0.4132010373227495,0
bio14_precipitacao_mes_seco,Bio14 precipitacao mes seco,102.13744966442948,0.40548245499403834,0
bio14_precipitacao_mes_seco,Bio14 precipitacao mes seco,103.6247651006711,0.3977440802168395,0
bio14_precipitacao_mes_seco,Bio14 precipitacao mes seco,105.11208053691271,0.3899913822082596,0
bio14_precipitacao_mes_seco,Bio14 precipitacao mes seco,106.59939597315432,0.3822298595952133,0
bio14_precipitacao_mes_seco,Bio14 precipitacao mes seco,108.08671140939593,0.3744650282941232,0
bio14_precipitacao_mes_seco,Bio14 precipitacao mes seco,109.57402684563753,0.366702409224813,0
bio14_precipitacao_mes_seco,Bio14 precipitacao mes seco,111.06134228187915,0.3589475159168791,0
bio14_precipitacao_mes_seco,Bio14 precipitacao mes seco,112.54865771812077,0.35120584206765904,0
bio14_precipitacao_mes_seco,Bio14 precipitacao mes seco,114.03597315436237,0.3434828491112466,0
bio14_precipitacao_mes_seco,Bio14 precipitacao mes seco,115.52328859060398,0.33578395385792537,0
bio14_precipitacao_mes_seco,Bio14 precipitacao mes seco,117.01060402684558,0.32811451626286237,0
bio14_precipitacao_mes_seco,Bio14 precipitacao mes seco,118.4979194630872,0.3204798273819217,0
bio14_precipitacao_mes_seco,Bio14 precipitacao mes seco,119.98523489932882,0.3128850975710802,0
bio14_precipitacao_mes_seco,Bio14 precipitacao mes seco,121.47255033557042,0.3053354449840945,0
bio14_precipitacao_mes_seco,Bio14 precipitacao mes seco,122.95986577181203,0.2978358844209036,0
bio14_precipitacao_mes_seco,Bio14 precipitacao mes seco,124.44718120805364,0.29039131657665684,0
bio14_precipitacao_mes_seco,Bio14 precipitacao mes seco,125.93449664429525,0.2830065177383825,0
bio14_precipitacao_mes_seco,Bio14 precipitacao mes seco,127.42181208053685,0.2756861299730884,0
bio14_precipitacao_mes_seco,Bio14 precipitacao mes seco,128.90912751677848,0.26843465184761306,0
bio14_precipitacao_mes_seco,Bio14 precipitacao mes seco,130.39644295302008,0.2612564297168214,0
bio14_precipitacao_mes_seco,Bio14 precipitacao mes seco,131.8837583892617,0.25415564961282333,0
bio14_precipitacao_mes_seco,Bio14 precipitacao mes seco,133.3710738255033,0.24713632976380728,0
bio14_precipitacao_mes_seco,Bio14 precipitacao mes seco,134.85838926174492,0.2402023137668804,0
bio14_precipitacao_mes_seco,Bio14 precipitacao mes seco,136.34570469798652,0.23335726443502203,0
bio14_precipitacao_mes_seco,Bio14 precipitacao mes seco,137.83302013422812,0.2266046583339163,0
bio14_precipitacao_mes_seco,Bio14 precipitacao mes seco,139.32033557046975,0.21994778102011503,0
bio14_precipitacao_mes_seco,Bio14 precipitacao mes seco,140.80765100671135,0.21338972298765968,0
bio14_precipitacao_mes_seco,Bio14 precipitacao mes seco,142.29496644295295,0.20693337632607156,0
bio14_precipitacao_mes_seco,Bio14 precipitacao mes seco,143.78228187919456,0.20058143208849055,0
bio14_precipitacao_mes_seco,Bio14 precipitacao mes seco,145.2695973154362,0.19433637836473683,0
bio14_precipitacao_mes_seco,Bio14 precipitacao mes seco,146.7569127516778,0.18820049905025227,0
bio14_precipitacao_mes_seco,Bio14 precipitacao mes seco,148.2442281879194,0.18217587329822693,0
bio14_precipitacao_mes_seco,Bio14 precipitacao mes seco,149.73154362416102,0.17626437563879527,0
bio14_precipitacao_mes_seco,Bio14 precipitacao mes seco,151.21885906040262,0.17046767674598828,0
bio14_precipitacao_mes_seco,Bio14 precipitacao mes seco,152.70617449664422,0.16478724483018747,0
bio14_precipitacao_mes_seco,Bio14 precipitacao mes seco,154.19348993288585,0.1592243476311479,0
bio14_precipitacao_mes_seco,Bio14 precipitacao mes seco,155.68080536912746,0.1537800549842524,0
bio14_precipitacao_mes_seco,Bio14 precipitacao mes seco,157.16812080536906,0.1484552419305396,0
bio14_precipitacao_mes_seco,Bio14 precipitacao mes seco,158.65543624161066,0.14325059233921533,0
bio14_precipitacao_mes_seco,Bio14 precipitacao mes seco,160.1427516778523,0.13816660300980932,0
bio14_precipitacao_mes_seco,Bio14 precipitacao mes seco,161.6300671140939,0.1332035882198792,0
bio14_precipitacao_mes_seco,Bio14 precipitacao mes seco,163.1173825503355,0.1283616846831911,0
bio14_precipitacao_mes_seco,Bio14 precipitacao mes seco,164.60469798657712,0.12364085688259618,0
bio14_precipitacao_mes_seco,Bio14 precipitacao mes seco,166.09201342281872,0.11904090274140078,0
bio14_precipitacao_mes_seco,Bio14 precipitacao mes seco,167.57932885906033,0.11456145959683484,0
bio14_precipitacao_mes_seco,Bio14 precipitacao mes seco,169.06664429530196,0.11020201043929923,0
bio14_precipitacao_mes_seco,Bio14 precipitacao mes seco,170.55395973154356,0.10596189038136439,0
bio14_precipitacao_mes_seco,Bio14 precipitacao mes seco,172.04127516778516,0.10184029332099631,0
bio14_precipitacao_mes_seco,Bio14 precipitacao mes seco,173.52859060402676,0.09783627876419965,0
bio14_precipitacao_mes_seco,Bio14 precipitacao mes seco,175.0159060402684,0.09394877877315,0
bio14_precipitacao_mes_seco,Bio14 precipitacao mes seco,176.50322147651,0.09017660500693836,0
bio14_precipitacao_mes_seco,Bio14 precipitacao mes seco,177.9905369127516,0.08651845582324558,0
bio14_precipitacao_mes_seco,Bio14 precipitacao mes seco,179.47785234899322,0.08297292341059248,0
bio14_precipitacao_mes_seco,Bio14 precipitacao mes seco,180.96516778523483,0.07953850092223469,0
bio14_precipitacao_mes_seco,Bio14 precipitacao mes seco,182.45248322147643,0.07621358958430458,0
bio14_precipitacao_mes_seco,Bio14 precipitacao mes seco,183.93979865771806,0.07299650575239425,0
bio14_precipitacao_mes_seco,Bio14 precipitacao mes seco,185.42711409395966,0.06988548789243765,0
bio14_precipitacao_mes_seco,Bio14 precipitacao mes seco,186.91442953020126,0.06687870346344038,0
bio14_precipitacao_mes_seco,Bio14 precipitacao mes seco,188.40174496644286,0.06397425568134452,0
bio14_precipitacao_mes_seco,Bio14 precipitacao mes seco,189.8890604026845,0.06117019014504377,0
bio14_precipitacao_mes_seco,Bio14 precipitacao mes seco,191.3763758389261,0.05846450130731351,0
bio14_precipitacao_mes_seco,Bio14 precipitacao mes seco,192.8636912751677,0.055855138775143254,0
bio14_precipitacao_mes_seco,Bio14 precipitacao mes seco,194.35100671140933,0.05334001342566275,0
bio14_precipitacao_mes_seco,Bio14 precipitacao mes seco,195.83832214765093,0.05091700332553084,0
bio14_precipitacao_mes_seco,Bio14 precipitacao mes seco,197.32563758389253,0.04858395944327365,0
bio14_precipitacao_mes_seco,Bio14 precipitacao mes seco,198.81295302013413,0.0463387111456488,0
bio14_precipitacao_mes_seco,Bio14 precipitacao mes seco,200.30026845637576,0.044179071470623166,0
bio14_precipitacao_mes_seco,Bio14 precipitacao mes seco,201.78758389261736,0.04210284217101612,0
bio14_precipitacao_mes_seco,Bio14 precipitacao mes seco,203.27489932885896,0.040107818524246386,0
bio14_precipitacao_mes_seco,Bio14 precipitacao mes seco,204.7622147651006,0.038191793904939986,0
bio14_precipitacao_mes_seco,Bio14 precipitacao mes seco,206.2495302013422,0.036352564118397934,0
bio14_precipitacao_mes_seco,Bio14 precipitacao mes seco,207.7368456375838,0.03458793149408823,0
bio14_precipitacao_mes_seco,Bio14 precipitacao mes seco,209.22416107382543,0.03289570873941383,0
bio14_precipitacao_mes_seco,Bio14 precipitacao mes seco,210.71147651006703,0.031273722555014816,0
bio14_precipitacao_mes_seco,Bio14 precipitacao mes seco,212.19879194630863,0.02971981701378945,0
bio14_precipitacao_mes_seco,Bio14 precipitacao mes seco,213.68610738255023,0.028231856706668945,0
bio14_precipitacao_mes_seco,Bio14 precipitacao mes seco,215.17342281879186,0.026807729658951507,0
bio14_precipitacao_mes_seco,Bio14 precipitacao mes seco,216.66073825503346,0.02544535002169357,0
bio14_precipitacao_mes_seco,Bio14 precipitacao mes seco,218.14805369127507,0.024142660543279182,0
bio14_precipitacao_mes_seco,Bio14 precipitacao mes seco,219.6353691275167,0.02289763482683338,0
bio14_precipitacao_mes_seco,Bio14 precipitacao mes seco,221.1226845637583,0.021708279379626938,0
bio14_precipitacao_mes_seco,Bio14 precipitacao mes seco,222.6099999999999,0.020572635461029942,0
bio18_precipitacao_trimestre_quente,Bio18 precipitacao trimestre quente,113.39,0.4480402094769099,0
bio18_precipitacao_trimestre_quente,Bio18 precipitacao trimestre quente,118.02120805369127,0.4754559469676033,0
bio18_precipitacao_trimestre_quente,Bio18 precipitacao trimestre quente,122.65241610738255,0.5036325116478504,0
bio18_precipitacao_trimestre_quente,Bio18 precipitacao trimestre quente,127.28362416107382,0.5324585627367813,0
bio18_precipitacao_trimestre_quente,Bio18 precipitacao trimestre quente,131.91483221476508,0.5618035590718349,0
bio18_precipitacao_trimestre_quente,Bio18 precipitacao trimestre quente,136.54604026845635,0.5915178307892115,0
bio18_precipitacao_trimestre_quente,Bio18 precipitacao trimestre quente,141.17724832214765,0.6214332530729543,0
bio18_precipitacao_trimestre_quente,Bio18 precipitacao trimestre quente,145.80845637583892,0.6513646256015299,0
bio18_precipitacao_trimestre_quente,Bio18 precipitacao trimestre quente,150.43966442953018,0.6811118489935171,0
bio18_precipitacao_trimestre_quente,Bio18 precipitacao trimestre quente,155.07087248322145,0.7104629669503779,0
bio18_precipitacao_trimestre_quente,Bio18 precipitacao trimestre quente,159.70208053691272,0.7286470993001428,0
bio18_precipitacao_trimestre_quente,Bio18 precipitacao trimestre quente,164.333288590604,0.7388955835089914,0
bio18_precipitacao_trimestre_quente,Bio18 precipitacao trimestre quente,168.96449664429528,0.748992646307853,0
bio18_precipitacao_trimestre_quente,Bio18 precipitacao trimestre quente,173.59570469798655,0.7579914566329888,0
bio18_precipitacao_trimestre_quente,Bio18 precipitacao trimestre quente,178.22691275167782,0.7561209544094469,0
bio18_precipitacao_trimestre_quente,Bio18 precipitacao trimestre quente,182.85812080536908,0.7541968524696294,0
bio18_precipitacao_trimestre_quente,Bio18 precipitacao trimestre quente,187.48932885906038,0.7522188887017852,0
bio18_precipitacao_trimestre_quente,Bio18 precipitacao trimestre quente,192.12053691275162,0.7501868042830344,0
bio18_precipitacao_trimestre_quente,Bio18 precipitacao trimestre quente,196.7517449664429,0.7481003444425054,0
bio18_precipitacao_trimestre_quente,Bio18 precipitacao trimestre quente,201.38295302013418,0.7459592592410675,0
bio18_precipitacao_trimestre_quente,Bio18 precipitacao trimestre quente,206.01416107382545,0.7437633043670104,0
bio18_precipitacao_trimestre_quente,Bio18 precipitacao trimestre quente,210.64536912751674,0.7415122419469915,0
bio18_precipitacao_trimestre_quente,Bio18 precipitacao trimestre quente,215.27657718120798,0.7392058413714886,0
bio18_precipitacao_trimestre_quente,Bio18 precipitacao trimestre quente,219.90778523489928,0.7368438801339343,0
bio18_precipitacao_trimestre_quente,Bio18 precipitacao trimestre quente,224.53899328859055,0.7344261446826541,0
bio18_precipitacao_trimestre_quente,Bio18 precipitacao trimestre quente,229.1702013422818,0.7319524312846483,0
bio18_precipitacao_trimestre_quente,Bio18 precipitacao trimestre quente,233.8014093959731,0.7294225469001998,0
bio18_precipitacao_trimestre_quente,Bio18 precipitacao trimestre quente,238.43261744966435,0.7268363100672162,0
bio18_precipitacao_trimestre_quente,Bio18 precipitacao trimestre quente,243.06382550335564,0.7241935517941563,0
bio18_precipitacao_trimestre_quente,Bio18 precipitacao trimestre quente,247.69503355704688,0.7214941164603023,0
bio18_precipitacao_trimestre_quente,Bio18 precipitacao trimestre quente,252.32624161073818,0.7187378627220904,0
bio18_precipitacao_trimestre_quente,Bio18 precipitacao trimestre quente,256.9574496644295,0.7159246644241407,0
bio18_precipitacao_trimestre_quente,Bio18 precipitacao trimestre quente,261.5886577181207,0.7130544115135407,0
bio18_precipitacao_trimestre_quente,Bio18 precipitacao trimestre quente,266.219865771812,0.7101270109559001,0
bio18_precipitacao_trimestre_quente,Bio18 precipitacao trimestre quente,270.85107382550325,0.7071423876516072,0
bio18_precipitacao_trimestre_quente,Bio18 precipitacao trimestre quente,275.48228187919455,0.7041004853506586,0
bio18_precipitacao_trimestre_quente,Bio18 precipitacao trimestre quente,280.11348993288584,0.7010012675643871,0
bio18_precipitacao_trimestre_quente,Bio18 precipitacao trimestre quente,284.7446979865771,0.6978447184723243,0
bio18_precipitacao_trimestre_quente,Bio18 precipitacao trimestre quente,289.3759060402684,0.6946308438224146,0
bio18_precipitacao_trimestre_quente,Bio18 precipitacao trimestre quente,294.0071140939596,0.6913596718227106,0
bio18_precipitacao_trimestre_quente,Bio18 precipitacao trimestre quente,298.6383221476509,0.6880312540226612,0
bio18_precipitacao_trimestre_quente,Bio18 precipitacao trimestre quente,303.2695302013422,0.6846456661820265,0
bio18_precipitacao_trimestre_quente,Bio18 precipitacao trimestre quente,307.90073825503345,0.6812030091254409,0
bio18_precipitacao_trimestre_quente,Bio18 precipitacao trimestre quente,312.53194630872474,0.6777034095805978,0
bio18_precipitacao_trimestre_quente,Bio18 precipitacao trimestre quente,317.163154362416,0.6741470209979836,0
bio18_precipitacao_trimestre_quente,Bio18 precipitacao trimestre quente,321.7943624161073,0.670534024350095,0
bio18_precipitacao_trimestre_quente,Bio18 precipitacao trimestre quente,326.4255704697986,0.6668646289080088,0
bio18_precipitacao_trimestre_quente,Bio18 precipitacao trimestre quente,331.0567785234898,0.6631390729932118,0
bio18_precipitacao_trimestre_quente,Bio18 precipitacao trimestre quente,335.6879865771811,0.6593576247025297,0
bio18_precipitacao_trimestre_quente,Bio18 precipitacao trimestre quente,340.31919463087235,0.6555205826040491,0
bio18_precipitacao_trimestre_quente,Bio18 precipitacao trimestre quente,344.95040268456364,0.6516282764018783,0
bio18_precipitacao_trimestre_quente,Bio18 precipitacao trimestre quente,349.58161073825494,0.6476810675676552,0
bio18_precipitacao_trimestre_quente,Bio18 precipitacao trimestre quente,354.2128187919462,0.6436793499366822,0
bio18_precipitacao_trimestre_quente,Bio18 precipitacao trimestre quente,358.8440268456375,0.6396235502666219,0
bio18_precipitacao_trimestre_quente,Bio18 precipitacao trimestre quente,363.4752348993287,0.6355141287567201,0
bio18_precipitacao_trimestre_quente,Bio18 precipitacao trimestre quente,368.10644295302,0.6313515795255418,0
bio18_precipitacao_trimestre_quente,Bio18 precipitacao trimestre quente,372.73765100671125,0.627136431045288,0
bio18_precipitacao_trimestre_quente,Bio18 precipitacao trimestre quente,377.36885906040254,0.6228692465307778,0
bio18_precipitacao_trimestre_quente,Bio18 precipitacao trimestre quente,382.0000671140938,0.6185506242812833,0
bio18_precipitacao_trimestre_quente,Bio18 precipitacao trimestre quente,386.6312751677851,0.6141811979734497,0
bio18_precipitacao_trimestre_quente,Bio18 precipitacao trimestre quente,391.2624832214764,0.6097616369036205,0
bio18_precipitacao_trimestre_quente,Bio18 precipitacao trimestre quente,395.8936912751676,0.605292646177983,0
bio18_precipitacao_trimestre_quente,Bio18 precipitacao trimestre quente,400.5248993288589,0.6007749668490308,0
bio18_precipitacao_trimestre_quente,Bio18 precipitacao trimestre quente,405.15610738255015,0.5962093759969525,0
bio18_precipitacao_trimestre_quente,Bio18 precipitacao trimestre quente,409.78731543624144,0.5915966867546587,0
bio18_precipitacao_trimestre_quente,Bio18 precipitacao trimestre quente,414.41852348993274,0.586937748275279,0
bio18_precipitacao_trimestre_quente,Bio18 precipitacao trimestre quente,419.049731543624,0.5822334456410847,0
bio18_precipitacao_trimestre_quente,Bio18 precipitacao trimestre quente,423.6809395973153,0.577484699712918,0
bio18_precipitacao_trimestre_quente,Bio18 precipitacao trimestre quente,428.3121476510065,0.5726924669193413,0
bio18_precipitacao_trimestre_quente,Bio18 precipitacao trimestre quente,432.9433557046978,0.5678577389848776,0
bio18_precipitacao_trimestre_quente,Bio18 precipitacao trimestre quente,437.5745637583891,0.5629815425968274,0
bio18_precipitacao_trimestre_quente,Bio18 precipitacao trimestre quente,442.20577181208034,0.5580649390103345,0
bio18_precipitacao_trimestre_quente,Bio18 precipitacao trimestre quente,446.83697986577164,0.5531090235914937,0
bio18_precipitacao_trimestre_quente,Bio18 precipitacao trimestre quente,451.4681879194629,0.5481149252984785,0
bio18_precipitacao_trimestre_quente,Bio18 precipitacao trimestre quente,456.0993959731542,0.5430838061008081,0
bio18_precipitacao_trimestre_quente,Bio18 precipitacao trimestre quente,460.73060402684547,0.5380168603370463,0
bio18_precipitacao_trimestre_quente,Bio18 precipitacao trimestre quente,465.3618120805367,0.5329153140113898,0
bio18_precipitacao_trimestre_quente,Bio18 precipitacao trimestre quente,469.993020134228,0.527780424029761,0
bio18_precipitacao_trimestre_quente,Bio18 precipitacao trimestre quente,474.62422818791924,0.5226134773762044,0
bio18_precipitacao_trimestre_quente,Bio18 precipitacao trimestre quente,479.25543624161054,0.517415790230531,0
bio18_precipitacao_trimestre_quente,Bio18 precipitacao trimestre quente,483.88664429530183,0.5121887070283384,0
bio18_precipitacao_trimestre_quente,Bio18 precipitacao trimestre quente,488.5178523489931,0.5069335994646869,0
bio18_precipitacao_trimestre_quente,Bio18 precipitacao trimestre quente,493.14906040268437,0.5016518654428868,0
bio18_precipitacao_trimestre_quente,Bio18 precipitacao trimestre quente,497.7802684563756,0.49554401128211567,0
bio18_precipitacao_trimestre_quente,Bio18 precipitacao trimestre quente,502.4114765100669,0.4824650645645683,0
bio18_precipitacao_trimestre_quente,Bio18 precipitacao trimestre quente,507.04268456375814,0.4695069743428082,0
bio18_precipitacao_trimestre_quente,Bio18 precipitacao trimestre quente,511.67389261744944,0.4566815970701348,0
bio18_precipitacao_trimestre_quente,Bio18 precipitacao trimestre quente,516.3051006711407,0.4440000790757458,0
bio18_precipitacao_trimestre_quente,Bio18 precipitacao trimestre quente,520.936308724832,0.43147284943738595,0
bio18_precipitacao_trimestre_quente,Bio18 precipitacao trimestre quente,525.5675167785233,0.4191096168473102,0
bio18_precipitacao_trimestre_quente,Bio18 precipitacao trimestre quente,530.1987248322146,0.4069193702092554,0
bio18_precipitacao_trimestre_quente,Bio18 precipitacao trimestre quente,534.8299328859058,0.39491038269570566,0
bio18_precipitacao_trimestre_quente,Bio18 precipitacao trimestre quente,539.4611409395972,0.38309021898975093,0
bio18_precipitacao_trimestre_quente,Bio18 precipitacao trimestre quente,544.0923489932884,0.3714657454339836,0
bio18_precipitacao_trimestre_quente,Bio18 precipitacao trimestre quente,548.7235570469796,0.36004314280981764,0
bio18_precipitacao_trimestre_quente,Bio18 precipitacao trimestre quente,553.3547651006709,0.3488279214740676,0
bio18_precipitacao_trimestre_quente,Bio18 precipitacao trimestre quente,557.9859731543622,0.33782493858527485,0
bio18_precipitacao_trimestre_quente,Bio18 precipitacao trimestre quente,562.6171812080535,0.32703841715980964,0
bio18_precipitacao_trimestre_quente,Bio18 precipitacao trimestre quente,567.2483892617447,0.3164719667069278,0
bio18_precipitacao_trimestre_quente,Bio18 precipitacao trimestre quente,571.8795973154361,0.3061286052024701,0
bio18_precipitacao_trimestre_quente,Bio18 precipitacao trimestre quente,576.5108053691273,0.2960107821724449,0
bio18_precipitacao_trimestre_quente,Bio18 precipitacao trimestre quente,581.1420134228185,0.28612040267016803,0
bio18_precipitacao_trimestre_quente,Bio18 precipitacao trimestre quente,585.7732214765099,0.27645885194366104,0
bio18_precipitacao_trimestre_quente,Bio18 precipitacao trimestre quente,590.4044295302011,0.2670270206034695,0
bio18_precipitacao_trimestre_quente,Bio18 precipitacao trimestre quente,595.0356375838924,0.2578253301147505,0
bio18_precipitacao_trimestre_quente,Bio18 precipitacao trimestre quente,599.6668456375836,0.24885375845125535,0
bio18_precipitacao_trimestre_quente,Bio18 precipitacao trimestre quente,604.298053691275,0.24011186576251953,0
bio18_precipitacao_trimestre_quente,Bio18 precipitacao trimestre quente,608.9292617449662,0.23159881991909337,0
bio18_precipitacao_trimestre_quente,Bio18 precipitacao trimestre quente,613.5604697986574,0.2233134218138254,0
bio18_precipitacao_trimestre_quente,Bio18 precipitacao trimestre quente,618.1916778523488,0.2152541303100498,0
bio18_precipitacao_trimestre_quente,Bio18 precipitacao trimestre quente,622.82288590604,0.2074190867398451,0
bio18_precipitacao_trimestre_quente,Bio18 precipitacao trimestre quente,627.4540939597313,0.19980613886735576,0
bio18_precipitacao_trimestre_quente,Bio18 precipitacao trimestre quente,632.0853020134225,0.19241286424340687,0
bio18_precipitacao_trimestre_quente,Bio18 precipitacao trimestre quente,636.7165100671139,0.18523659288824978,0
bio18_precipitacao_trimestre_quente,Bio18 precipitacao trimestre quente,641.3477181208051,0.17827442924928283,0
bio18_precipitacao_trimestre_quente,Bio18 precipitacao trimestre quente,645.9789261744963,0.17152327338990647,0
bio18_precipitacao_trimestre_quente,Bio18 precipitacao trimestre quente,650.6101342281876,0.16497984137435173,0
bio18_precipitacao_trimestre_quente,Bio18 precipitacao trimestre quente,655.2413422818789,0.15864068482135052,0
bio18_precipitacao_trimestre_quente,Bio18 precipitacao trimestre quente,659.8725503355702,0.15250220960686023,0
bio18_precipitacao_trimestre_quente,Bio18 precipitacao trimestre quente,664.5037583892614,0.14656069370280378,0
bio18_precipitacao_trimestre_quente,Bio18 precipitacao trimestre quente,669.1349664429528,0.1408123041448862,0
bio18_precipitacao_trimestre_quente,Bio18 precipitacao trimestre quente,673.766174496644,0.1352531131280732,0
bio18_precipitacao_trimestre_quente,Bio18 precipitacao trimestre quente,678.3973825503352,0.12987911323323975,0
bio18_precipitacao_trimestre_quente,Bio18 precipitacao trimestre quente,683.0285906040266,0.12468623179290506,0
bio18_precipitacao_trimestre_quente,Bio18 precipitacao trimestre quente,687.6597986577178,0.1196703444078373,0
bio18_precipitacao_trimestre_quente,Bio18 precipitacao trimestre quente,692.2910067114091,0.11482728762970529,0
bio18_precipitacao_trimestre_quente,Bio18 precipitacao trimestre quente,696.9222147651003,0.11015287082787362,0
bio18_precipitacao_trimestre_quente,Bio18 precipitacao trimestre quente,701.5534228187917,0.10564288726095206,0
bio18_precipitacao_trimestre_quente,Bio18 precipitacao trimestre quente,706.1846308724829,0.1012931243758115,0
bio18_precipitacao_trimestre_quente,Bio18 precipitacao trimestre quente,710.8158389261741,0.09709937335851704,0
bio18_precipitacao_trimestre_quente,Bio18 precipitacao trimestre quente,715.4470469798655,0.093057437963043,0
bio18_precipitacao_trimestre_quente,Bio18 precipitacao trimestre quente,720.0782550335567,0.0891631426447218,0
bio18_precipitacao_trimestre_quente,Bio18 precipitacao trimestre quente,724.709463087248,0.08541234002620846,0
bio18_precipitacao_trimestre_quente,Bio18 precipitacao trimestre quente,729.3406711409392,0.08180091772429998,0
bio18_precipitacao_trimestre_quente,Bio18 precipitacao trimestre quente,733.9718791946306,0.07832480456629554,0
bio18_precipitacao_trimestre_quente,Bio18 precipitacao trimestre quente,738.6030872483218,0.07497997622471275,0
bio18_precipitacao_trimestre_quente,Bio18 precipitacao trimestre quente,743.234295302013,0.0717624602991368,0
bio18_precipitacao_trimestre_quente,Bio18 precipitacao trimestre quente,747.8655033557044,0.06866834087377438,0
bio18_precipitacao_trimestre_quente,Bio18 precipitacao trimestre quente,752.4967114093956,0.06569376257894022,0
bio18_precipitacao_trimestre_quente,Bio18 precipitacao trimestre quente,757.1279194630869,0.06283493418424779,0
bio18_precipitacao_trimestre_quente,Bio18 precipitacao trimestre quente,761.7591275167782,0.06008813175069494,0
bio18_precipitacao_trimestre_quente,Bio18 precipitacao trimestre quente,766.3903355704695,0.0574497013682056,0
bio18_precipitacao_trimestre_quente,Bio18 precipitacao trimestre quente,771.0215436241607,0.05491606150442996,0
bio18_precipitacao_trimestre_quente,Bio18 precipitacao trimestre quente,775.6527516778519,0.052483704989850444,0
bio18_precipitacao_trimestre_quente,Bio18 precipitacao trimestre quente,780.2839597315433,0.05014920066337525,0
bio18_precipitacao_trimestre_quente,Bio18 precipitacao trimestre quente,784.9151677852345,0.04790919470175292,0
bio18_precipitacao_trimestre_quente,Bio18 precipitacao trimestre quente,789.5463758389258,0.045760411655220934,0
bio18_precipitacao_trimestre_quente,Bio18 precipitacao trimestre quente,794.1775838926171,0.04369965521089414,0
bio18_precipitacao_trimestre_quente,Bio18 precipitacao trimestre quente,798.8087919463084,0.04172380870446435,0
bio18_precipitacao_trimestre_quente,Bio18 precipitacao trimestre quente,803.4399999999996,0.03982983539984131,0
bio19_precipitacao_trimestre_frio,Bio19 precipitacao trimestre frio,37,0.7278451153539693,0
bio19_precipitacao_trimestre_frio,Bio19 precipitacao trimestre frio,44.59469798657718,0.7276545327125838,0
bio19_precipitacao_trimestre_frio,Bio19 precipitacao trimestre frio,52.18939597315436,0.7274284318691759,0
bio19_precipitacao_trimestre_frio,Bio19 precipitacao trimestre frio,59.78409395973154,0.7271667925388936,0
bio19_precipitacao_trimestre_frio,Bio19 precipitacao trimestre frio,67.37879194630872,0.7268695913624557,0
bio19_precipitacao_trimestre_frio,Bio19 precipitacao trimestre frio,74.97348993288591,0.7265368019537601,0
bio19_precipitacao_trimestre_frio,Bio19 precipitacao trimestre frio,82.56818791946309,0.7261683949539343,0
bio19_precipitacao_trimestre_frio,Bio19 precipitacao trimestre frio,90.16288590604026,0.7257643380918289,0
bio19_precipitacao_trimestre_frio,Bio19 precipitacao trimestre frio,97.75758389261745,0.725324596250932,0
bio19_precipitacao_trimestre_frio,Bio19 precipitacao trimestre frio,105.35228187919463,0.7248491315427164,0
bio19_precipitacao_trimestre_frio,Bio19 precipitacao trimestre frio,112.94697986577181,0.7243379033863887,0
bio19_precipitacao_trimestre_frio,Bio19 precipitacao trimestre frio,120.54167785234898,0.7237908685950458,0
bio19_precipitacao_trimestre_frio,Bio19 precipitacao trimestre frio,128.13637583892617,0.723207981468212,0
bio19_precipitacao_trimestre_frio,Bio19 precipitacao trimestre frio,135.73107382550336,0.7225891938907518,0
bio19_precipitacao_trimestre_frio,Bio19 precipitacao trimestre frio,143.32577181208052,0.7219344554381315,0
bio19_precipitacao_trimestre_frio,Bio19 precipitacao trimestre frio,150.9204697986577,0.7212437134880175,0
bio19_precipitacao_trimestre_frio,Bio19 precipitacao trimestre frio,158.5151677852349,0.7205169133381828,0
bio19_precipitacao_trimestre_frio,Bio19 precipitacao trimestre frio,166.10986577181208,0.7197539983306958,0
bio19_precipitacao_trimestre_frio,Bio19 precipitacao trimestre frio,173.70456375838927,0.718954909982369,0
bio19_precipitacao_trimestre_frio,Bio19 precipitacao trimestre frio,181.29926174496643,0.7181195881214253,0
bio19_precipitacao_trimestre_frio,Bio19 precipitacao trimestre frio,188.89395973154362,0.7172479710303552,0
bio19_precipitacao_trimestre_frio,Bio19 precipitacao trimestre frio,196.4886577181208,0.7163399955949193,0
bio19_precipitacao_trimestre_frio,Bio19 precipitacao trimestre frio,204.08335570469796,0.715395597459251,0
bio19_precipitacao_trimestre_frio,Bio19 precipitacao trimestre frio,211.67805369127515,0.7144147111870164,0
bio19_precipitacao_trimestre_frio,Bio19 precipitacao trimestre frio,219.27275167785234,0.7133972704285705,0
bio19_precipitacao_trimestre_frio,Bio19 precipitacao trimestre frio,226.86744966442953,0.7123432080940565,0
bio19_precipitacao_trimestre_frio,Bio19 precipitacao trimestre frio,234.46214765100672,0.7112524565323814,0
bio19_precipitacao_trimestre_frio,Bio19 precipitacao trimestre frio,242.05684563758388,0.7101249477159952,0
bio19_precipitacao_trimestre_frio,Bio19 precipitacao trimestre frio,249.65154362416106,0.7089606134314042,0
bio19_precipitacao_trimestre_frio,Bio19 precipitacao trimestre frio,257.24624161073825,0.7077593854753275,0
bio19_precipitacao_trimestre_frio,Bio19 precipitacao trimestre frio,264.8409395973154,0.7065211958564166,0
bio19_precipitacao_trimestre_frio,Bio19 precipitacao trimestre frio,272.43563758389257,0.7052459770024333,0
bio19_precipitacao_trimestre_frio,Bio19 precipitacao trimestre frio,280.0303355704698,0.7039336619727861,0
bio19_precipitacao_trimestre_frio,Bio19 precipitacao trimestre frio,287.625033557047,0.7025841846763171,0
bio19_precipitacao_trimestre_frio,Bio19 precipitacao trimestre frio,295.21973154362416,0.701197480094212,0
bio19_precipitacao_trimestre_frio,Bio19 precipitacao trimestre frio,302.8144295302013,0.6997734845079162,0
bio19_precipitacao_trimestre_frio,Bio19 precipitacao trimestre frio,310.40912751677854,0.6983121357319136,0
bio19_precipitacao_trimestre_frio,Bio19 precipitacao trimestre frio,318.0038255033557,0.6968133733512246,0
bio19_precipitacao_trimestre_frio,Bio19 precipitacao trimestre frio,325.59852348993286,0.6952771389634758,0
bio19_precipitacao_trimestre_frio,Bio19 precipitacao trimestre frio,333.1932214765101,0.6937033764253702,0
bio19_precipitacao_trimestre_frio,Bio19 precipitacao trimestre frio,340.78791946308723,0.6920920321033934,0
bio19_precipitacao_trimestre_frio,Bio19 precipitacao trimestre frio,348.3826174496644,0.6904430551285701,0
bio19_precipitacao_trimestre_frio,Bio19 precipitacao trimestre frio,355.9773154362416,0.6887563976550778,0
bio19_precipitacao_trimestre_frio,Bio19 precipitacao trimestre frio,363.57201342281877,0.6870320151225232,0
bio19_precipitacao_trimestre_frio,Bio19 precipitacao trimestre frio,371.16671140939593,0.6852698665216588,0
bio19_precipitacao_trimestre_frio,Bio19 precipitacao trimestre frio,378.76140939597315,0.6834699146633294,0
bio19_precipitacao_trimestre_frio,Bio19 precipitacao trimestre frio,386.3561073825503,0.6816321264504044,0
bio19_precipitacao_trimestre_frio,Bio19 precipitacao trimestre frio,393.9508053691275,0.6797564731524649,0
bio19_precipitacao_trimestre_frio,Bio19 precipitacao trimestre frio,401.5455033557047,0.6778429306829763,0
bio19_precipitacao_trimestre_frio,Bio19 precipitacao trimestre frio,409.14020134228184,0.6758914798787018,0
bio19_precipitacao_trimestre_frio,Bio19 precipitacao trimestre frio,416.73489932885906,0.6739021067810615,0
bio19_precipitacao_trimestre_frio,Bio19 precipitacao trimestre frio,424.3295973154362,0.6718748029191652,0
bio19_precipitacao_trimestre_frio,Bio19 precipitacao trimestre frio,431.92429530201343,0.6698095655942191,0
bio19_precipitacao_trimestre_frio,Bio19 precipitacao trimestre frio,439.5189932885906,0.6677063981649973,0
bio19_precipitacao_trimestre_frio,Bio19 precipitacao trimestre frio,447.11369127516775,0.6655653103340604,0
bio19_precipitacao_trimestre_frio,Bio19 precipitacao trimestre frio,454.70838926174497,0.6633863184343999,0
bio19_precipitacao_trimestre_frio,Bio19 precipitacao trimestre frio,462.30308724832213,0.6611694457161637,0
bio19_precipitacao_trimestre_frio,Bio19 precipitacao trimestre frio,469.8977852348993,0.6589147226331182,0
bio19_precipitacao_trimestre_frio,Bio19 precipitacao trimestre frio,477.4924832214765,0.6566221871284892,0
bio19_precipitacao_trimestre_frio,Bio19 precipitacao trimestre frio,485.08718120805366,0.6542918849198218,0
bio19_precipitacao_trimestre_frio,Bio19 precipitacao trimestre frio,492.6818791946308,0.6519238697824692,0
bio19_precipitacao_trimestre_frio,Bio19 precipitacao trimestre frio,500.27657718120804,0.64951820383134,0
bio19_precipitacao_trimestre_frio,Bio19 precipitacao trimestre frio,507.8712751677852,0.647074957800509,0
bio19_precipitacao_trimestre_frio,Bio19 precipitacao trimestre frio,515.4659731543625,0.6445942113202874,0
bio19_precipitacao_trimestre_frio,Bio19 precipitacao trimestre frio,523.0606711409396,0.6420760531913441,0
bio19_precipitacao_trimestre_frio,Bio19 precipitacao trimestre frio,530.6553691275167,0.6395205816554737,0
bio19_precipitacao_trimestre_frio,Bio19 precipitacao trimestre frio,538.250067114094,0.6369279046625804,0
bio19_precipitacao_trimestre_frio,Bio19 precipitacao trimestre frio,545.8447651006711,0.6342981401334555,0
bio19_precipitacao_trimestre_frio,Bio19 precipitacao trimestre frio,553.4394630872483,0.6316314162179173,0
bio19_precipitacao_trimestre_frio,Bio19 precipitacao trimestre frio,561.0341610738254,0.6289278715478852,0
bio19_precipitacao_trimestre_frio,Bio19 precipitacao trimestre frio,568.6288590604026,0.6261876554849295,0
bio19_precipitacao_trimestre_frio,Bio19 precipitacao trimestre frio,576.2235570469799,0.6234109283618827,0
bio19_precipitacao_trimestre_frio,Bio19 precipitacao trimestre frio,583.8182550335571,0.6205978617180408,0
bio19_precipitacao_trimestre_frio,Bio19 precipitacao trimestre frio,591.4129530201342,0.6177486385275311,0
bio19_precipitacao_trimestre_frio,Bio19 precipitacao trimestre frio,599.0076510067114,0.6148634534203854,0
bio19_precipitacao_trimestre_frio,Bio19 precipitacao trimestre frio,606.6023489932886,0.6119425128958841,0
bio19_precipitacao_trimestre_frio,Bio19 precipitacao trimestre frio,614.1970469798657,0.6089860355277184,0
bio19_precipitacao_trimestre_frio,Bio19 precipitacao trimestre frio,621.7917449664429,0.6059942521605362,0
bio19_precipitacao_trimestre_frio,Bio19 precipitacao trimestre frio,629.3864429530202,0.6029674060974288,0
bio19_precipitacao_trimestre_frio,Bio19 precipitacao trimestre frio,636.9811409395973,0.5999057532779214,0
bio19_precipitacao_trimestre_frio,Bio19 precipitacao trimestre frio,644.5758389261745,0.596809562446046,0
bio19_precipitacao_trimestre_frio,Bio19 precipitacao trimestre frio,652.1705369127517,0.5936791153080637,0
bio19_precipitacao_trimestre_frio,Bio19 precipitacao trimestre frio,659.7652348993288,0.5905147066794288,0
bio19_precipitacao_trimestre_frio,Bio19 precipitacao trimestre frio,667.359932885906,0.5873166446205811,0
bio19_precipitacao_trimestre_frio,Bio19 precipitacao trimestre frio,674.9546308724832,0.5840852505611667,0
bio19_precipitacao_trimestre_frio,Bio19 precipitacao trimestre frio,682.5493288590603,0.5808208594123064,0
bio19_precipitacao_trimestre_frio,Bio19 precipitacao trimestre frio,690.1440268456375,0.5775238196665229,0
bio19_precipitacao_trimestre_frio,Bio19 precipitacao trimestre frio,697.7387248322148,0.5741944934849761,0
bio19_precipitacao_trimestre_frio,Bio19 precipitacao trimestre frio,705.3334228187919,0.5708332567716362,0
bio19_precipitacao_trimestre_frio,Bio19 precipitacao trimestre frio,712.9281208053691,0.5674404992340787,0
bio19_precipitacao_trimestre_frio,Bio19 precipitacao trimestre frio,720.5228187919463,0.5640166244305624,0
bio19_precipitacao_trimestre_frio,Bio19 precipitacao trimestre frio,728.1175167785235,0.5605620498030958,0
bio19_precipitacao_trimestre_frio,Bio19 precipitacao trimestre frio,735.7122147651006,0.557077206696196,0
bio19_precipitacao_trimestre_frio,Bio19 precipitacao trimestre frio,743.3069127516778,0.5535625403610779,0
bio19_precipitacao_trimestre_frio,Bio19 precipitacao trimestre frio,750.901610738255,0.550018509945021,0
bio19_precipitacao_trimestre_frio,Bio19 precipitacao trimestre frio,758.4963087248321,0.5464455884656825,0
bio19_precipitacao_trimestre_frio,Bio19 precipitacao trimestre frio,766.0910067114094,0.5428442627701507,0
bio19_precipitacao_trimestre_frio,Bio19 precipitacao trimestre frio,773.6857046979866,0.5392150334785463,0
bio19_precipitacao_trimestre_frio,Bio19 precipitacao trimestre frio,781.2804026845637,0.5355584149120218,0
bio19_precipitacao_trimestre_frio,Bio19 precipitacao trimestre frio,788.8751006711409,0.531874935005,0
bio19_precipitacao_trimestre_frio,Bio19 precipitacao trimestre frio,796.4697986577181,0.528165135201553,0
bio19_precipitacao_trimestre_frio,Bio19 precipitacao trimestre frio,804.0644966442952,0.5244295703358164,0
bio19_precipitacao_trimestre_frio,Bio19 precipitacao trimestre frio,811.6591946308724,0.520668808496388,0
bio19_precipitacao_trimestre_frio,Bio19 precipitacao trimestre frio,819.2538926174497,0.5168834308746595,0
bio19_precipitacao_trimestre_frio,Bio19 precipitacao trimestre frio,826.8485906040269,0.5130740315970747,0
bio19_precipitacao_trimestre_frio,Bio19 precipitacao trimestre frio,834.443288590604,0.5092412175413304,0
bio19_precipitacao_trimestre_frio,Bio19 precipitacao trimestre frio,842.0379865771812,0.5053856081365579,0
bio19_precipitacao_trimestre_frio,Bio19 precipitacao trimestre frio,849.6326845637584,0.5015078351475594,0
bio19_precipitacao_trimestre_frio,Bio19 precipitacao trimestre frio,857.2273825503355,0.49760854244319597,0
bio19_precipitacao_trimestre_frio,Bio19 precipitacao trimestre frio,864.8220805369127,0.4936883857490514,0
bio19_precipitacao_trimestre_frio,Bio19 precipitacao trimestre frio,872.4167785234899,0.4897480323845328,0
bio19_precipitacao_trimestre_frio,Bio19 precipitacao trimestre frio,880.011476510067,0.48578816098458333,0
bio19_precipitacao_trimestre_frio,Bio19 precipitacao trimestre frio,887.6061744966443,0.4818094612062288,0
bio19_precipitacao_trimestre_frio,Bio19 precipitacao trimestre frio,895.2008724832215,0.4778126334201859,0
bio19_precipitacao_trimestre_frio,Bio19 precipitacao trimestre frio,902.7955704697986,0.4737983883878162,0
bio19_precipitacao_trimestre_frio,Bio19 precipitacao trimestre frio,910.3902684563758,0.46976744692370154,0
bio19_precipitacao_trimestre_frio,Bio19 precipitacao trimestre frio,917.984966442953,0.46572053954418857,0
bio19_precipitacao_trimestre_frio,Bio19 precipitacao trimestre frio,925.5796644295301,0.4616584061022302,0
bio19_precipitacao_trimestre_frio,Bio19 precipitacao trimestre frio,933.1743624161073,0.45758179540891686,0
bio19_precipitacao_trimestre_frio,Bio19 precipitacao trimestre frio,940.7690604026845,0.4534914648420961,0
bio19_precipitacao_trimestre_frio,Bio19 precipitacao trimestre frio,948.3637583892616,0.4493881799425091,0
bio19_precipitacao_trimestre_frio,Bio19 precipitacao trimestre frio,955.9584563758389,0.4452727139978955,0
bio19_precipitacao_trimestre_frio,Bio19 precipitacao trimestre frio,963.5531543624161,0.44114584761555176,0
bio19_precipitacao_trimestre_frio,Bio19 precipitacao trimestre frio,971.1478523489933,0.4370083682838366,0
bio19_precipitacao_trimestre_frio,Bio19 precipitacao trimestre frio,978.7425503355704,0.4328610699231491,0
bio19_precipitacao_trimestre_frio,Bio19 precipitacao trimestre frio,986.3372483221476,0.4287047524269242,0
bio19_precipitacao_trimestre_frio,Bio19 precipitacao trimestre frio,993.9319463087248,0.42454022119321544,0
bio19_precipitacao_trimestre_frio,Bio19 precipitacao trimestre frio,1001.5266442953019,0.4203682866474361,0
bio19_precipitacao_trimestre_frio,Bio19 precipitacao trimestre frio,1009.1213422818792,0.41618976375687355,0
bio19_precipitacao_trimestre_frio,Bio19 precipitacao trimestre frio,1016.7160402684564,0.4120054715375905,0
bio19_precipitacao_trimestre_frio,Bio19 precipitacao trimestre frio,1024.3107382550334,0.40781623255434785,0
bio19_precipitacao_trimestre_frio,Bio19 precipitacao trimestre frio,1031.9054362416107,0.4036228724141947,0
bio19_precipitacao_trimestre_frio,Bio19 precipitacao trimestre frio,1039.500134228188,0.3994262192543958,0
bio19_precipitacao_trimestre_frio,Bio19 precipitacao trimestre frio,1047.0948322147651,0.39522710322536114,0
bio19_precipitacao_trimestre_frio,Bio19 precipitacao trimestre frio,1054.6895302013422,0.3910263559692647,0
bio19_precipitacao_trimestre_frio,Bio19 precipitacao trimestre frio,1062.2842281879193,0.3868248100950453,0
bio19_precipitacao_trimestre_frio,Bio19 precipitacao trimestre frio,1069.8789261744967,0.3826232986504913,0
bio19_precipitacao_trimestre_frio,Bio19 precipitacao trimestre frio,1077.4736241610738,0.3784226545921092,0
bio19_precipitacao_trimestre_frio,Bio19 precipitacao trimestre frio,1085.0683221476509,0.374223710253491,0
bio19_precipitacao_trimestre_frio,Bio19 precipitacao trimestre frio,1092.6630201342282,0.3700272968128906,0
bio19_precipitacao_trimestre_frio,Bio19 precipitacao trimestre frio,1100.2577181208053,0.36583424376072415,0
bio19_precipitacao_trimestre_frio,Bio19 precipitacao trimestre frio,1107.8524161073824,0.3616453783677144,0
bio19_precipitacao_trimestre_frio,Bio19 precipitacao trimestre frio,1115.4471140939597,0.35746152515437546,0
bio19_precipitacao_trimestre_frio,Bio19 precipitacao trimestre frio,1123.0418120805368,0.35328350536257125,0
bio19_precipitacao_trimestre_frio,Bio19 precipitacao trimestre frio,1130.6365100671142,0.3491121364298281,0
bio19_precipitacao_trimestre_frio,Bio19 precipitacao trimestre frio,1138.2312080536913,0.34494823146711906,0
bio19_precipitacao_trimestre_frio,Bio19 precipitacao trimestre frio,1145.8259060402684,0.3407925987407997,0
bio19_precipitacao_trimestre_frio,Bio19 precipitacao trimestre frio,1153.4206040268457,0.33664604115938435,0
bio19_precipitacao_trimestre_frio,Bio19 precipitacao trimestre frio,1161.0153020134228,0.33250935576582996,0
bio19_precipitacao_trimestre_frio,Bio19 precipitacao trimestre frio,1168.61,0.32838333323599167,0
elevacao,Elevacao,9,0.6604110915731185,0
elevacao,Elevacao,11.947785234899328,0.7123668060468324,0
elevacao,Elevacao,14.895570469798656,0.7624763216379844,0
elevacao,Elevacao,17.843355704697984,0.8095044981291794,0
elevacao,Elevacao,20.791140939597312,0.8522771348058741,0
elevacao,Elevacao,23.73892617449664,0.8710602302183174,0
elevacao,Elevacao,26.686711409395965,0.8673405114967413,0
elevacao,Elevacao,29.634496644295293,0.8635369885289027,0
elevacao,Elevacao,32.582281879194625,0.8596491297417455,0
elevacao,Elevacao,35.53006711409395,0.8556764624683092,0
elevacao,Elevacao,38.47785234899328,0.8516185751056107,0
elevacao,Elevacao,41.4256375838926,0.8474751192058303,0
elevacao,Elevacao,44.37342281879193,0.8432458114936187,0
elevacao,Elevacao,47.32120805369126,0.8389304358024039,0
elevacao,Elevacao,50.268993288590586,0.834528844922698,0
elevacao,Elevacao,53.216778523489914,0.8300409623555085,0
elevacao,Elevacao,56.16456375838924,0.8254667839641698,0
elevacao,Elevacao,59.11234899328857,0.8208063795180558,0
elevacao,Elevacao,62.0601342281879,0.8160598941219136,0
elevacao,Elevacao,65.00791946308723,0.8112275495247776,0
elevacao,Elevacao,67.95570469798656,0.8063096453027327,0
elevacao,Elevacao,70.90348993288589,0.8013065599101119,0
elevacao,Elevacao,73.8512751677852,0.7962187515940435,0
elevacao,Elevacao,76.79906040268453,0.7910467591676557,0
elevacao,Elevacao,79.74684563758386,0.7857912026376199,0
elevacao,Elevacao,82.69463087248319,0.780452783682152,0
elevacao,Elevacao,85.64241610738252,0.7750322859760157,0
elevacao,Elevacao,88.59020134228184,0.7695305753595469,0
elevacao,Elevacao,91.53798657718117,0.7639485998491844,0
elevacao,Elevacao,94.4857718120805,0.7582873894874868,0
elevacao,Elevacao,97.43355704697983,0.7525480560311322,0
elevacao,Elevacao,100.38134228187916,0.7467317924759004,0
elevacao,Elevacao,103.32912751677848,0.7408398724181688,0
elevacao,Elevacao,106.27691275167781,0.7348736492529908,0
elevacao,Elevacao,109.22469798657714,0.72883455520935,0
elevacao,Elevacao,112.17248322147647,0.7227241002237197,0
elevacao,Elevacao,115.1202684563758,0.7165438706536053,0
elevacao,Elevacao,118.06805369127513,0.7102955278332579,0
elevacao,Elevacao,121.01583892617445,0.703980806474281,0
elevacao,Elevacao,123.96362416107378,0.6976015129143596,0
elevacao,Elevacao,126.91140939597311,0.6911595232178531,0
elevacao,Elevacao,129.85919463087242,0.6846567811324638,0
elevacao,Elevacao,132.80697986577178,0.6780952959066766,0
elevacao,Elevacao,135.75476510067108,0.6714771399731141,0
elevacao,Elevacao,138.7025503355704,0.6648044465033782,0
elevacao,Elevacao,141.65033557046974,0.658079406840363,0
elevacao,Elevacao,144.59812080536906,0.6513042678144003,0
elevacao,Elevacao,147.5459060402684,0.6444813289499685,0
elevacao,Elevacao,150.49369127516772,0.6376129395700083,0
elevacao,Elevacao,153.44147651006705,0.6307014958052107,0
elevacao,Elevacao,156.38926174496638,0.6237494375158819,0
elevacao,Elevacao,159.3370469798657,0.6167592451342712,0
elevacao,Elevacao,162.28483221476503,0.6097334364354076,0
elevacao,Elevacao,165.23261744966436,0.6026745632447081,0
elevacao,Elevacao,168.1804026845637,0.595585208090722,0
elevacao,Elevacao,171.12818791946302,0.5884679808115241,0
elevacao,Elevacao,174.07597315436234,0.5813255151233025,0
elevacao,Elevacao,177.02375838926167,0.5741604651597616,0
elevacao,Elevacao,179.971543624161,0.5669755019909426,0
elevacao,Elevacao,182.91932885906033,0.5597733101300617,0
elevacao,Elevacao,185.86711409395966,0.5525565840368865,0
elevacao,Elevacao,188.81489932885898,0.5453280246261013,0
elevacao,Elevacao,191.7626845637583,0.5380903357889792,0
elevacao,Elevacao,194.71046979865764,0.5308462209365472,0
elevacao,Elevacao,197.65825503355697,0.5235983795722351,0
elevacao,Elevacao,200.6060402684563,0.5163495039018113,0
elevacao,Elevacao,203.55382550335563,0.5091022754881793,0
elevacao,Elevacao,206.50161073825495,0.501859361958348,0
elevacao,Elevacao,209.44939597315428,0.4946234137696238,0
elevacao,Elevacao,212.3971812080536,0.4873970610417827,0
elevacao,Elevacao,215.34496644295294,0.48018291046164807,0
elevacao,Elevacao,218.29275167785227,0.4729835422661981,0
elevacao,Elevacao,221.2405369127516,0.46580150730996095,0
elevacao,Elevacao,224.18832214765092,0.4586393242221104,0
elevacao,Elevacao,227.13610738255025,0.45149947665829027,0
elevacao,Elevacao,230.08389261744958,0.44438441065184964,0
elevacao,Elevacao,233.0316778523489,0.43729653206873975,0
elevacao,Elevacao,235.97946308724823,0.43023820416998126,0
elevacao,Elevacao,238.92724832214756,0.42321174528517347,0
elevacao,Elevacao,241.8750335570469,0.41621942660014266,0
elevacao,Elevacao,244.82281879194622,0.40926347006143593,0
elevacao,Elevacao,247.77060402684555,0.4023460463999423,0
elevacao,Elevacao,250.71838926174487,0.3954692732755579,0
elevacao,Elevacao,253.6661744966442,0.38863521354441355,0
elevacao,Elevacao,256.61395973154356,0.3818458736497946,0
elevacao,Elevacao,259.56174496644286,0.37510320213751747,0
elevacao,Elevacao,262.50953020134216,0.3684090882961568,0
elevacao,Elevacao,265.4573154362415,0.3617653609221563,0
elevacao,Elevacao,268.4051006711408,0.3551737872095245,0
elevacao,Elevacao,271.35288590604017,0.34863607176346134,0
elevacao,Elevacao,274.30067114093947,0.3421538557369658,0
elevacao,Elevacao,277.2484563758388,0.335728716089146,0
elevacao,Elevacao,280.1962416107381,0.3293621649636783,0
elevacao,Elevacao,283.1440268456375,0.3230556491855717,0
elevacao,Elevacao,286.0918120805368,0.31681054987414003,0
elevacao,Elevacao,289.03959731543614,0.31062818216983135,0
elevacao,Elevacao,291.98738255033544,0.30450979507235443,0
elevacao,Elevacao,294.9351677852348,0.298456571387291,0
elevacao,Elevacao,297.8829530201341,0.29246962777823593,0
elevacao,Elevacao,300.83073825503345,0.2865500149212826,0
elevacao,Elevacao,303.77852348993275,0.28069871775854704,0
elevacao,Elevacao,306.7263087248321,0.2749166558472451,0
elevacao,Elevacao,309.6740939597314,0.2692046838007418,0
elevacao,Elevacao,312.62187919463076,0.2635635918178445,0
elevacao,Elevacao,315.56966442953006,0.2579941062965547,0
elevacao,Elevacao,318.5174496644294,0.25249689052837243,0
elevacao,Elevacao,321.4652348993287,0.2470725454692172,0
elevacao,Elevacao,324.4130201342281,0.2417216105829565,0
elevacao,Elevacao,327.3608053691274,0.23644456475350772,0
elevacao,Elevacao,330.30859060402673,0.23124182726145703,0
elevacao,Elevacao,333.25637583892603,0.22611375882112472,0
elevacao,Elevacao,336.2041610738254,0.2210606626740239,0
elevacao,Elevacao,339.1519463087247,0.21608278573465545,0
elevacao,Elevacao,342.09973154362405,0.21118031978463503,0
elevacao,Elevacao,345.04751677852335,0.20635340271116576,0
elevacao,Elevacao,347.9953020134227,0.201602119785933,0
elevacao,Elevacao,350.943087248322,0.1969265049805512,0
elevacao,Elevacao,353.89087248322136,0.1923265423147572,0
elevacao,Elevacao,356.83865771812066,0.18780216723363163,0
elevacao,Elevacao,359.78644295302,0.18335326801019702,0
elevacao,Elevacao,362.7342281879193,0.17897968716984558,0
elevacao,Elevacao,365.68201342281867,0.1746812229331396,0
elevacao,Elevacao,368.62979865771797,0.17045763067362796,0
elevacao,Elevacao,371.5775838926173,0.16630862438743232,0
elevacao,Elevacao,374.5253691275166,0.16223387817146562,0
elevacao,Elevacao,377.473154362416,0.15823302770725722,0
elevacao,Elevacao,380.4209395973153,0.154305671747488,0
elevacao,Elevacao,383.36872483221464,0.1504513736024391,0
elevacao,Elevacao,386.31651006711394,0.1466696626237015,0
elevacao,Elevacao,389.26429530201324,0.14296003568259963,0
elevacao,Elevacao,392.2120805369126,0.1393219586409189,0
elevacao,Elevacao,395.1598657718119,0.1357548678116446,0
elevacao,Elevacao,398.10765100671125,0.13225817140754925,0
elevacao,Elevacao,401.05543624161055,0.12883125097558634,0
elevacao,Elevacao,404.0032214765099,0.12547346281517124,0
elevacao,Elevacao,406.9510067114092,0.12218413937856454,0
elevacao,Elevacao,409.89879194630856,0.11896259065167669,0
elevacao,Elevacao,412.84657718120786,0.1158081055137421,0
elevacao,Elevacao,415.7943624161072,0.11271995307443483,0
elevacao,Elevacao,418.7421476510065,0.10969738398709794,0
elevacao,Elevacao,421.6899328859059,0.10673963173688039,0
elevacao,Elevacao,424.6377181208052,0.10384591390269216,0
elevacao,Elevacao,427.58550335570453,0.10101543339197416,0
elevacao,Elevacao,430.53328859060383,0.09824737964741015,0
elevacao,Elevacao,433.4810738255032,0.09554092982478568,0
elevacao,Elevacao,436.4288590604025,0.09289524994131215,0
elevacao,Elevacao,439.37664429530184,0.09030949599381588,0
elevacao,Elevacao,442.32442953020114,0.08778281504629604,0
elevacao,Elevacao,445.2722147651005,0.08531434628642864,0
elevacao,Elevacao,448.2199999999998,0.08290322205068401,0
declividade,Declividade,0.0029508732655085536,0.5278537769587746,0
declividade,Declividade,0.005539521590287743,0.5354009612586033,0
declividade,Declividade,0.008128169915066933,0.5429856586694211,0
declividade,Declividade,0.010716818239846122,0.5506053906175417,0
declividade,Declividade,0.013305466564625312,0.5582575850715574,0
declividade,Declividade,0.0158941148894045,0.5659395768898516,0
declividade,Declividade,0.01848276321418369,0.5681477200050954,0
declividade,Declividade,0.02107141153896288,0.5702801367053274,0
declividade,Declividade,0.023660059863742068,0.5724145018029376,0
declividade,Declividade,0.026248708188521257,0.5745507545539716,0
declividade,Declividade,0.028837356513300445,0.5766888336813074,0
declividade,Declividade,0.03142600483807964,0.5788286773764675,0
declividade,Declividade,0.03401465316285883,0.5809702233015394,0
declividade,Declividade,0.03660330148763802,0.5831134085912064,0
declividade,Declividade,0.03919194981241721,0.5852581698548878,0
declividade,Declividade,0.041780598137196395,0.5874044431789915,0
declividade,Declividade,0.044369246461975584,0.5895521641292802,0
declividade,Declividade,0.04695789478675477,0.5917012677533503,0
declividade,Declividade,0.04954654311153396,0.5938516885832281,0
declividade,Declividade,0.05213519143631315,0.5960033606380809,0
declividade,Declividade,0.05472383976109234,0.5981562174270489,0
declividade,Declividade,0.057312488085871534,0.6003101919521907,0
declividade,Declividade,0.05990113641065072,0.6024652167115537,0
declividade,Declividade,0.06248978473542991,0.6046212237023643,0
declividade,Declividade,0.0650784330602091,0.6067781444243391,0
declividade,Declividade,0.0676670813849883,0.6089359098831215,0
declividade,Declividade,0.07025572970976748,0.6110944505938416,0
declividade,Declividade,0.07284437803454667,0.6132536965848012,0
declividade,Declividade,0.07543302635932586,0.6154135774012863,0
declividade,Declividade,0.07802167468410505,0.6175740221095077,0
declividade,Declividade,0.08061032300888424,0.6197349593006686,0
declividade,Declividade,0.08319897133366343,0.6218963170951629,0
declividade,Declividade,0.08578761965844262,0.6240580231469043,0
declividade,Declividade,0.0883762679832218,0.6262200046477862,0
declividade,Declividade,0.09096491630800099,0.6283821883322742,0
declividade,Declividade,0.09355356463278018,0.6305445004821331,0
declividade,Declividade,0.09614221295755937,0.6327068669312861,0
declividade,Declividade,0.09873086128233856,0.6348692130708111,0
declividade,Declividade,0.10131950960711775,0.6370314638540719,0
declividade,Declividade,0.10390815793189694,0.6391935438019862,0
declividade,Declividade,0.10649680625667612,0.6413553770084317,0
declividade,Declividade,0.10908545458145533,0.6435168871457898,0
declividade,Declividade,0.11167410290623452,0.6456779974706287,0
declividade,Declividade,0.1142627512310137,0.6478386308295265,0
declividade,Declividade,0.11685139955579289,0.6499987096650339,0
declividade,Declividade,0.11944004788057208,0.6521581560217791,0
declividade,Declividade,0.12202869620535127,0.6543168915527127,0
declividade,Declividade,0.12461734453013046,0.6564748375254961,0
declividade,Declividade,0.12720599285490966,0.6586319148290332,0
declividade,Declividade,0.12979464117968884,0.6607880439801428,0
declividade,Declividade,0.13238328950446804,0.6629431451303778,0
declividade,Declividade,0.1349719378292472,0.6650971380729862,0
declividade,Declividade,0.13756058615402642,0.667249942250018,0
declividade,Declividade,0.1401492344788056,0.6694014767595766,0
declividade,Declividade,0.1427378828035848,0.6715516603632152,0
declividade,Declividade,0.14532653112836397,0.673700411493479,0
declividade,Declividade,0.14791517945314317,0.6758476482615937,0
declividade,Declividade,0.15050382777792234,0.6779932884652984,0
declividade,Declividade,0.15309247610270155,0.6801372495968261,0
declividade,Declividade,0.15568112442748072,0.6822794488510304,0
declividade,Declividade,0.15826977275225992,0.6844198031336572,0
declividade,Declividade,0.1608584210770391,0.6865582290697643,0
declividade,Declividade,0.1634470694018183,0.6886946430122861,0
declividade,Declividade,0.16603571772659748,0.6908289610507452,0
declividade,Declividade,0.16862436605137668,0.6929610990201106,0
declividade,Declividade,0.17121301437615588,0.6950909725098001,0
declividade,Declividade,0.17380166270093506,0.6972184968728308,0
declividade,Declividade,0.17639031102571426,0.6993435872351131,0
declividade,Declividade,0.17897895935049343,0.7014661585048914,0
declividade,Declividade,0.18156760767527264,0.7035861253823281,0
declividade,Declividade,0.1841562560000518,0.7057034023692342,0
declividade,Declividade,0.186744904324831,0.7078179037789412,0
declividade,Declividade,0.1893335526496102,0.7099295437463178,0
declividade,Declividade,0.1919222009743894,0.7120382362379303,0
declividade,Declividade,0.19451084929916856,0.7141438950623437,0
declividade,Declividade,0.19709949762394777,0.7162464338805639,0
declividade,Declividade,0.19968814594872694,0.7183457662166229,0
declividade,Declividade,0.20227679427350614,0.720441805468302,0
declividade,Declividade,0.20486544259828532,0.7225344649179942,0
declividade,Declividade,0.20745409092306452,0.7246236577437053,0
declividade,Declividade,0.2100427392478437,0.7267092970301918,0
declividade,Declividade,0.2126313875726229,0.7287912957802365,0
declividade,Declividade,0.2152200358974021,0.7308695669260544,0
declividade,Declividade,0.21780868422218128,0.7329440233408381,0
declividade,Declividade,0.22039733254696048,0.7350145778504314,0
declividade,Declividade,0.22298598087173965,0.7370811432451368,0
declividade,Declividade,0.22557462919651886,0.7391436322916511,0
declividade,Declividade,0.22816327752129803,0.74120195774513,0
declividade,Declividade,0.23075192584607723,0.7432560323613795,0
declividade,Declividade,0.2333405741708564,0.7453057689091728,0
declividade,Declividade,0.2359292224956356,0.74735108018269,0
declividade,Declividade,0.23851787082041478,0.7493918790140808,0
declividade,Declividade,0.241106519145194,0.7514280782861462,0
declividade,Declividade,0.24369516746997316,0.7534595909451391,0
declividade,Declividade,0.24628381579475236,0.7554863300136809,0
declividade,Declividade,0.24887246411953154,0.7575082086037928,0
declividade,Declividade,0.25146111244431074,0.7595251399300383,0
declividade,Declividade,0.25404976076908997,0.7615370373227774,0
declividade,Declividade,0.25663840909386915,0.7635438142415267,0
declividade,Declividade,0.2592270574186483,0.7655453842884264,0
declividade,Declividade,0.26181570574342755,0.7675416612218104,0
declividade,Declividade,0.2644043540682067,0.7695325589698764,0
declividade,Declividade,0.2669930023929859,0.7715179916444542,0
declividade,Declividade,0.2695816507177651,0.773497873554871,0
declividade,Declividade,0.2721702990425443,0.7754721192219076,0
declividade,Declividade,0.2747589473673235,0.7774406433918466,0
declividade,Declividade,0.27734759569210266,0.7794033610506066,0
declividade,Declividade,0.27993624401688183,0.7813601874379619,0
declividade,Declividade,0.28252489234166106,0.7833110380618429,0
declividade,Declividade,0.28511354066644023,0.7852558287127153,0
declividade,Declividade,0.2877021889912194,0.7871944754780353,0
declividade,Declividade,0.2902908373159986,0.7891268947567753,0
declividade,Declividade,0.2928794856407778,0.7910530032740204,0
declividade,Declividade,0.295468133965557,0.7929727180956283,0
declividade,Declividade,0.29805678229033616,0.7948859566429536,0
declividade,Declividade,0.3006454306151154,0.7967926367076285,0
declividade,Declividade,0.30323407893989457,0.7986926764664,0
declividade,Declividade,0.30582272726467374,0.8005859944960176,0
declividade,Declividade,0.3084113755894529,0.8024725097881695,0
declividade,Declividade,0.31100002391423215,0.8043521417644608,0
declividade,Declividade,0.3135886722390113,0.8062248102914338,0
declividade,Declividade,0.3161773205637905,0.8080904356956231,0
declividade,Declividade,0.3187659688885697,0.8099489387786427,0
declividade,Declividade,0.3213546172133489,0.811800240832301,0
declividade,Declividade,0.3239432655381281,0.8136442636537398,0
declividade,Declividade,0.32653191386290725,0.8154809295605919,0
declividade,Declividade,0.3291205621876864,0.8173101614061554,0
declividade,Declividade,0.33170921051246566,0.8191318825945768,0
declividade,Declividade,0.33429785883724483,0.8209460170960418,0
declividade,Declividade,0.336886507162024,0.8227524894619671,0
declividade,Declividade,0.33947515548680324,0.8245512248401902,0
declividade,Declividade,0.3420638038115824,0.8263421489901503,0
declividade,Declividade,0.3446524521363616,0.8281251882980591,0
declividade,Declividade,0.34724110046114076,0.8299002697920523,0
declividade,Declividade,0.34982974878592,0.8316673211573208,0
declividade,Declividade,0.35241839711069917,0.833426270751215,0
declividade,Declividade,0.35500704543547834,0.8351770476183168,0
declividade,Declividade,0.3575956937602575,0.8369195815054753,0
declividade,Declividade,0.36018434208503675,0.8386538028768009,0
declividade,Declividade,0.3627729904098159,0.8403796429286113,0
declividade,Declividade,0.3653616387345951,0.8420970336043272,0
declividade,Declividade,0.36795028705937427,0.8438059076093087,0
declividade,Declividade,0.3705389353841535,0.8455061984256302,0
declividade,Declividade,0.3731275837089327,0.8471978403267869,0
declividade,Declividade,0.37571623203371185,0.8488807683923274,0
declividade,Declividade,0.3783048803584911,0.8505549185224079,0
declividade,Declividade,0.38089352868327025,0.8522202274522622,0
declividade,Declividade,0.38348217700804943,0.8538766327665807,0
declividade,Declividade,0.3860708253328286,0.855524072913795,0
declividade,Declividade,0.3886594736576078,0.8571624872202606,0
orientacao,Orientacao,1.7121238565444947,0.5517608960924294,0
orientacao,Orientacao,4.094393234892979,0.5525224101655521,0
orientacao,Orientacao,6.476662613241464,0.553284240036413,0
orientacao,Orientacao,8.858931991589948,0.5540463830870308,0
orientacao,Orientacao,11.241201369938432,0.5548088366902633,0
orientacao,Orientacao,13.623470748286916,0.5555715982098093,0
orientacao,Orientacao,16.005740126635402,0.5563346650002159,0
orientacao,Orientacao,18.388009504983884,0.557098034406881,0
orientacao,Orientacao,20.77027888333237,0.5578617037660639,0
orientacao,Orientacao,23.152548261680856,0.5586256704048882,0
orientacao,Orientacao,25.53481764002934,0.5593899316413493,0
orientacao,Orientacao,27.917087018377824,0.5601544847843186,0
orientacao,Orientacao,30.29935639672631,0.5609193271335541,0
orientacao,Orientacao,32.68162577507479,0.5616844559797052,0
orientacao,Orientacao,35.063895153423275,0.5624498686043182,0
orientacao,Orientacao,37.446164531771764,0.5632155622798476,0
orientacao,Orientacao,39.828433910120246,0.5639815342696601,0
orientacao,Orientacao,42.21070328846873,0.5647477818280455,0
orientacao,Orientacao,44.59297266681722,0.5655143022002205,0
orientacao,Orientacao,46.9752420451657,0.5662810926223419,0
orientacao,Orientacao,49.35751142351418,0.5670481503215119,0
orientacao,Orientacao,51.73978080186267,0.5678154725157883,0
orientacao,Orientacao,54.122050180211154,0.5685830564141912,0
orientacao,Orientacao,56.50431955855964,0.569350899216715,0
orientacao,Orientacao,58.886588936908126,0.5701189981143372,0
orientacao,Orientacao,61.26885831525661,0.5708873502890252,0
orientacao,Orientacao,63.65112769360509,0.5716559529137502,0
orientacao,Orientacao,66.03339707195357,0.5724248031524946,0
orientacao,Orientacao,68.41566645030206,0.573193898160264,0
orientacao,Orientacao,70.79793582865055,0.5739632350830948,0
orientacao,Orientacao,73.18020520699903,0.574732811058069,0
orientacao,Orientacao,75.56247458534752,0.5755026232133222,0
orientacao,Orientacao,77.944743963696,0.5762726686680568,0
orientacao,Orientacao,80.32701334204448,0.5770429445325507,0
orientacao,Orientacao,82.70928272039296,0.5778134479081724,0
orientacao,Orientacao,85.09155209874145,0.5785841758873909,0
orientacao,Orientacao,87.47382147708994,0.5793551255537892,0
orientacao,Orientacao,89.85609085543842,0.5801262939820737,0
orientacao,Orientacao,92.2383602337869,0.5808976782380911,0
orientacao,Orientacao,94.62062961213539,0.5816692753788395,0
orientacao,Orientacao,97.00289899048387,0.582441082452479,0
orientacao,Orientacao,99.38516836883235,0.58321309649835,0
orientacao,Orientacao,101.76743774718085,0.583985314546983,0
orientacao,Orientacao,104.14970712552933,0.5847577336201146,0
orientacao,Orientacao,106.53197650387781,0.5855303507306995,0
orientacao,Orientacao,108.9142458822263,0.5863031628829272,0
orientacao,Orientacao,111.29651526057478,0.5870761670722355,0
orientacao,Orientacao,113.67878463892326,0.5878493602853265,0
orientacao,Orientacao,116.06105401727176,0.5886227395001782,0
orientacao,Orientacao,118.44332339562024,0.5893963016860647,0
orientacao,Orientacao,120.82559277396872,0.5901700438035697,0
orientacao,Orientacao,123.2078621523172,0.5909439628046003,0
orientacao,Orientacao,125.59013153066569,0.5917180556324066,0
orientacao,Orientacao,127.97240090901417,0.592492319221597,0
orientacao,Orientacao,130.35467028736267,0.5932667504981539,0
orientacao,Orientacao,132.73693966571116,0.5940413463794503,0
orientacao,Orientacao,135.11920904405963,0.5948161037742692,0
orientacao,Orientacao,137.50147842240813,0.5955910195828193,0
orientacao,Orientacao,139.88374780075662,0.596366090696754,0
orientacao,Orientacao,142.2660171791051,0.5971413139991857,0
orientacao,Orientacao,144.6482865574536,0.5979166863647095,0
orientacao,Orientacao,147.03055593580206,0.5986922046594186,0
orientacao,Orientacao,149.41282531415055,0.5994678657409216,0
orientacao,Orientacao,151.79509469249902,0.600243666458365,0
orientacao,Orientacao,154.17736407084752,0.60101960365245,0
orientacao,Orientacao,156.559633449196,0.601795674155454,0
orientacao,Orientacao,158.94190282754448,0.6025718747912465,0
orientacao,Orientacao,161.32417220589298,0.6033482023753143,0
orientacao,Orientacao,163.70644158424145,0.6041246537147784,0
orientacao,Orientacao,166.08871096258994,0.6049012256084165,0
orientacao,Orientacao,168.4709803409384,0.6056779148466809,0
orientacao,Orientacao,170.8532497192869,0.6064547182117235,0
orientacao,Orientacao,173.2355190976354,0.6072316324774156,0
orientacao,Orientacao,175.61778847598387,0.6080086544093675,0
orientacao,Orientacao,178.00005785433237,0.6087857807649538,0
orientacao,Orientacao,180.38232723268084,0.6095630082933343,0
orientacao,Orientacao,182.76459661102933,0.6103403337354768,0
orientacao,Orientacao,185.14686598937783,0.6111177538241773,0
orientacao,Orientacao,187.5291353677263,0.6118952652840874,0
orientacao,Orientacao,189.9114047460748,0.6126728648317352,0
orientacao,Orientacao,192.29367412442326,0.6134505491755492,0
orientacao,Orientacao,194.67594350277176,0.6142283150158807,0
orientacao,Orientacao,197.05821288112023,0.6150061590450316,0
orientacao,Orientacao,199.44048225946872,0.6157840779472759,0
orientacao,Orientacao,201.82275163781722,0.6165620683988859,0
orientacao,Orientacao,204.2050210161657,0.6173401270681551,0
orientacao,Orientacao,206.58729039451418,0.6181182506154265,0
orientacao,Orientacao,208.96955977286265,0.618896435693117,0
orientacao,Orientacao,211.35182915121115,0.6196746789457412,0
orientacao,Orientacao,213.73409852955962,0.6204529770099412,0
orientacao,Orientacao,216.1163679079081,0.6212313265145105,0
orientacao,Orientacao,218.4986372862566,0.6220097240804223,0
orientacao,Orientacao,220.88090666460508,0.6227881663208537,0
orientacao,Orientacao,223.26317604295357,0.6235666498412168,0
orientacao,Orientacao,225.64544542130204,0.6243451712391841,0
orientacao,Orientacao,228.02771479965054,0.6251237271047172,0
orientacao,Orientacao,230.40998417799904,0.625902314020093,0
orientacao,Orientacao,232.7922535563475,0.6266809285599353,0
orientacao,Orientacao,235.174522934696,0.6274595672912422,0
orientacao,Orientacao,237.55679231304447,0.628238226773413,0
orientacao,Orientacao,239.93906169139296,0.6290169035582815,0
orientacao,Orientacao,242.32133106974143,0.629795594190143,0
orientacao,Orientacao,244.70360044808993,0.6305742952057856,0
orientacao,Orientacao,247.08586982643843,0.6313530031345176,0
orientacao,Orientacao,249.4681392047869,0.6321317144982023,0
orientacao,Orientacao,251.8504085831354,0.6329104258112859,0
orientacao,Orientacao,254.23267796148386,0.6336891335808303,0
orientacao,Orientacao,256.6149473398323,0.6344678343065413,0
orientacao,Orientacao,258.9972167181808,0.6352465244808052,0
orientacao,Orientacao,261.3794860965293,0.6360252005887168,0
orientacao,Orientacao,263.7617554748778,0.6368038591081147,0
orientacao,Orientacao,266.1440248532263,0.6375824965096097,0
orientacao,Orientacao,268.52629423157475,0.6383611092566233,0
orientacao,Orientacao,270.90856360992325,0.6391396938054167,0
orientacao,Orientacao,273.29083298827175,0.639918246605125,0
orientacao,Orientacao,275.67310236662024,0.640696764097793,0
orientacao,Orientacao,278.05537174496874,0.6414752427184076,0
orientacao,Orientacao,280.4376411233172,0.6422536788949331,0
orientacao,Orientacao,282.8199105016657,0.6430320690483438,0
orientacao,Orientacao,285.20217988001417,0.6438104095926624,0
orientacao,Orientacao,287.58444925836267,0.6445886969349935,0
orientacao,Orientacao,289.9667186367111,0.6453669274755596,0
orientacao,Orientacao,292.3489880150596,0.646145097607735,0
orientacao,Orientacao,294.7312573934081,0.6469232037180861,0
orientacao,Orientacao,297.1135267717566,0.6477012421864059,0
orientacao,Orientacao,299.4957961501051,0.6484792093857485,0
orientacao,Orientacao,301.87806552845353,0.6492571016824711,0
orientacao,Orientacao,304.26033490680203,0.6500349154362679,0
orientacao,Orientacao,306.6426042851505,0.6508126470002098,0
orientacao,Orientacao,309.024873663499,0.6515902927207796,0
orientacao,Orientacao,311.4071430418475,0.652367848937915,0
orientacao,Orientacao,313.78941242019596,0.6531453119850439,0
orientacao,Orientacao,316.17168179854445,0.6539226781891251,0
orientacao,Orientacao,318.55395117689295,0.654699943870685,0
orientacao,Orientacao,320.93622055524145,0.6554771053438615,0
orientacao,Orientacao,323.31848993358994,0.6562541589164415,0
orientacao,Orientacao,325.7007593119384,0.6570311008898997,0
orientacao,Orientacao,328.0830286902869,0.6578079275594428,0
orientacao,Orientacao,330.4652980686354,0.6585846352140481,0
orientacao,Orientacao,332.8475674469839,0.6593612201365056,0
orientacao,Orientacao,335.2298368253323,0.6601376786034574,0
orientacao,Orientacao,337.6121062036808,0.6609140068854436,0
orientacao,Orientacao,339.9943755820293,0.6616902012469412,0
orientacao,Orientacao,342.3766449603778,0.6624662579464083,0
orientacao,Orientacao,344.7589143387263,0.6632421732363247,0
orientacao,Orientacao,347.14118371707474,0.6640179433632379,0
orientacao,Orientacao,349.52345309542324,0.6647935645678051,0
orientacao,Orientacao,351.90572247377173,0.6655690330848375,0
orientacao,Orientacao,354.28799185212023,0.666344345143342,0
orientacao,Orientacao,356.6702612304687,0.6671194969665695,0
