lon,lat,MOP_distancia,MOP_extrapolacao,cenario
-51.416666666666664,4.083333333333333,3.454125877293039,1,ssp585
-51.58333333333333,3.916666666666667,3.543466604557955,1,ssp585
-51.416666666666664,3.916666666666667,3.49867155524394,1,ssp585
-51.75,3.75,3.4489185838652343,1,ssp585
-51.58333333333333,3.75,3.4721322351080097,1,ssp585
-51.416666666666664,3.75,3.3514441309377667,1,ssp585
-51.25,3.75,3.2028745256957216,1,ssp585
-51.75,3.5833333333333335,3.311055573001092,1,ssp585
-51.58333333333333,3.5833333333333335,3.268080427707222,1,ssp585
-51.416666666666664,3.5833333333333335,3.3034782417892994,1,ssp585
-51.25,3.5833333333333335,3.163561730844865,1,ssp585
-51.916666666666664,3.416666666666667,2.7163676749835295,1,ssp585
-51.75,3.416666666666667,2.9559089659766618,1,ssp585
-51.58333333333333,3.416666666666667,3.1422465986165373,1,ssp585
-51.416666666666664,3.416666666666667,3.2003580703892647,1,ssp585
-51.25,3.416666666666667,3.1431631825717323,1,ssp585
-52.08333333333333,3.25,2.1188763293974966,1,ssp585
-51.916666666666664,3.25,2.348122654609975,1,ssp585
-51.75,3.25,2.5895438403892914,1,ssp585
-51.58333333333333,3.25,2.845048235632616,1,ssp585
-51.416666666666664,3.25,2.9588172785605327,1,ssp585
-51.25,3.25,3.0612985043113303,1,ssp585
-52.08333333333333,3.0833333333333335,1.9482814570616778,1,ssp585
-51.916666666666664,3.0833333333333335,2.140751984346371,1,ssp585
-51.75,3.0833333333333335,2.3502767821696695,1,ssp585
-51.58333333333333,3.0833333333333335,2.682789369451092,1,ssp585
-51.416666666666664,3.0833333333333335,2.8146791983244994,1,ssp585
-51.25,3.0833333333333335,2.819099639712558,1,ssp585
-60.08333333333333,2.916666666666667,2.582119786081705,1,ssp585
-52.25,2.916666666666667,1.777511699135053,1,ssp585
-52.08333333333333,2.916666666666667,1.7474163205658875,1,ssp585
-51.916666666666664,2.916666666666667,1.9562973039930402,1,ssp585
-51.75,2.916666666666667,2.366111799727688,1,ssp585
-51.58333333333333,2.916666666666667,2.552733389413346,1,ssp585
-51.416666666666664,2.916666666666667,2.7029034173436077,1,ssp585
-51.25,2.916666666666667,2.712903829707755,1,ssp585
-60.58333333333333,2.75,3.013998740710586,1,ssp585
-60.416666666666664,2.75,2.7141834045576125,1,ssp585
-60.25,2.75,2.7062114876231047,1,ssp585
-60.08333333333333,2.75,2.6216982886506277,1,ssp585
-52.25,2.75,1.8453054368533588,1,ssp585
-52.08333333333333,2.75,1.6800517203006053,1,ssp585
-51.916666666666664,2.75,1.795261613793583,1,ssp585
-51.75,2.75,2.2354481471042313,1,ssp585
-51.58333333333333,2.75,2.469769144160927,1,ssp585
-51.416666666666664,2.75,2.558617670528,1,ssp585
-51.25,2.75,2.6736322050326984,1,ssp585
-51.08333333333333,2.75,2.9374013890496067,1,ssp585
-60.916666666666664,2.5833333333333335,2.8716302323001157,1,ssp585
-60.75,2.5833333333333335,2.715843961455045,1,ssp585
-60.58333333333333,2.5833333333333335,2.881987063470972,1,ssp585
-60.416666666666664,2.5833333333333335,3.089590418228515,1,ssp585
-60.25,2.5833333333333335,3.039869557815984,1,ssp585
-60.08333333333333,2.5833333333333335,2.9735810948859998,1,ssp585
-52.416666666666664,2.5833333333333335,1.7369180551754615,1,ssp585
-52.25,2.5833333333333335,1.7298584279121045,1,ssp585
-52.08333333333333,2.5833333333333335,1.6514642811400837,1,ssp585
-51.916666666666664,2.5833333333333335,1.7252577572650392,1,ssp585
-51.75,2.5833333333333335,2.2344863128420034,1,ssp585
-51.58333333333333,2.5833333333333335,2.315639040162309,1,ssp585
-51.416666666666664,2.5833333333333335,2.4104232750924712,1,ssp585
-51.25,2.5833333333333335,2.59746262977413,1,ssp585
-51.08333333333333,2.5833333333333335,2.8795615785864843,1,ssp585
-61.25,2.416666666666667,2.333104009803525,1,ssp585
-61.08333333333333,2.416666666666667,2.4492650642868243,1,ssp585
-60.916666666666664,2.416666666666667,2.736378198743616,1,ssp585
-60.75,2.416666666666667,2.5889686464683503,1,ssp585
-60.58333333333333,2.416666666666667,2.870013978202786,1,ssp585
-60.416666666666664,2.416666666666667,2.5248578639412824,1,ssp585
-60.25,2.416666666666667,2.546212668346494,1,ssp585
-60.08333333333333,2.416666666666667,3.0260371782542586,1,ssp585
-55.25,2.416666666666667,1.7905259045030686,1,ssp585
-55.08333333333333,2.416666666666667,1.6370567845511248,1,ssp585
-52.416666666666664,2.416666666666667,1.7700274031593164,1,ssp585
-52.25,2.416666666666667,1.7083544543143547,1,ssp585
-52.08333333333333,2.416666666666667,1.566545626818847,1,ssp585
-51.916666666666664,2.416666666666667,1.719892574464906,1,ssp585
-51.75,2.416666666666667,2.0547675449484744,1,ssp585
-51.58333333333333,2.416666666666667,2.1967403191930237,1,ssp585
-51.416666666666664,2.416666666666667,2.3942734961187364,1,ssp585
-51.25,2.416666666666667,2.6227476335661715,1,ssp585
-51.08333333333333,2.416666666666667,2.8552480924479378,1,ssp585
-50.916666666666664,2.416666666666667,2.9259176294870817,1,ssp585
-61.416666666666664,2.25,2.9426269673994185,1,ssp585
-61.25,2.25,3.0506960862611665,1,ssp585
-61.08333333333333,2.25,2.813888235073041,1,ssp585
-60.916666666666664,2.25,2.6114837107385416,1,ssp585
-60.75,2.25,2.740407518968156,1,ssp585
-60.58333333333333,2.25,2.7618260056540826,1,ssp585
-60.416666666666664,2.25,2.7042704292295667,1,ssp585
-60.25,2.25,2.220438524110113,1,ssp585
-60.08333333333333,2.25,2.6246880481646424,1,ssp585
-55.916666666666664,2.25,2.6186978143314965,1,ssp585
-55.75,2.25,1.9871030388047088,1,ssp585
-55.58333333333333,2.25,2.1457753587753223,1,ssp585
-55.416666666666664,2.25,1.9010252562886374,1,ssp585
-55.25,2.25,1.840732090961806,1,ssp585
-55.08333333333333,2.25,1.78278105635448,1,ssp585
-54.916666666666664,2.25,1.6803634589198,1,ssp585
-54.75,2.25,1.6166407232318305,1,ssp585
-52.58333333333333,2.25,1.8435595212529152,1,ssp585
-52.416666666666664,2.25,1.8212182021702807,1,ssp585
-52.25,2.25,1.6131851333131886,1,ssp585
-52.08333333333333,2.25,1.731249697296988,1,ssp585
-51.916666666666664,2.25,1.7785956656340065,1,ssp585
-51.75,2.25,1.8193054447306427,1,ssp585
-51.58333333333333,2.25,2.0996265273904413,1,ssp585
-51.416666666666664,2.25,2.4671965003858394,1,ssp585
-51.25,2.25,2.5456595839792757,1,ssp585
-51.08333333333333,2.25,2.770526912437493,1,ssp585
-50.916666666666664,2.25,3.0691302840142107,1,ssp585
-61.58333333333333,2.0833333333333335,2.4921754435107584,1,ssp585
-61.416666666666664,2.0833333333333335,2.589209264510754,1,ssp585
-61.25,2.0833333333333335,2.6847852639172127,1,ssp585
-61.08333333333333,2.0833333333333335,2.6688328921240396,1,ssp585
-60.916666666666664,2.0833333333333335,2.7240535074595424,1,ssp585
-60.75,2.0833333333333335,2.434598684408411,1,ssp585
-60.58333333333333,2.0833333333333335,2.451103809862443,1,ssp585
-60.416666666666664,2.0833333333333335,2.4093091361548598,1,ssp585
-60.25,2.0833333333333335,2.181585272273408,1,ssp585
-60.08333333333333,2.0833333333333335,2.53477983862884,1,ssp585
-59.916666666666664,2.0833333333333335,2.525125528584018,1,ssp585
-55.916666666666664,2.0833333333333335,2.8205932384476813,1,ssp585
-55.75,2.0833333333333335,2.527804554456576,1,ssp585
-55.58333333333333,2.0833333333333335,1.908022687685507,1,ssp585
-55.416666666666664,2.0833333333333335,1.9144744323293181,1,ssp585
-55.25,2.0833333333333335,1.8314285230709082,1,ssp585
-55.08333333333333,2.0833333333333335,1.783654208670732,1,ssp585
-54.916666666666664,2.0833333333333335,1.7486102753069501,1,ssp585
-54.75,2.0833333333333335,1.6798022612391335,1,ssp585
-54.58333333333333,2.0833333333333335,1.556684248071388,1,ssp585
-54.416666666666664,2.0833333333333335,1.6824890545081033,1,ssp585
-54.25,2.0833333333333335,1.6562219811412924,1,ssp585
-54.08333333333333,2.0833333333333335,1.684197722106986,1,ssp585
-53.916666666666664,2.0833333333333335,1.649478771333639,1,ssp585
-53.75,2.0833333333333335,1.5865637140684632,1,ssp585
-53.58333333333333,2.0833333333333335,1.5773850227897335,1,ssp585
-53.416666666666664,2.0833333333333335,1.5569913087937293,1,ssp585
-53.25,2.0833333333333335,1.5595059968893936,1,ssp585
-53.08333333333333,2.0833333333333335,1.7824716706758352,1,ssp585
-52.916666666666664,2.0833333333333335,1.779746301762674,1,ssp585
-52.75,2.0833333333333335,1.697623783972461,1,ssp585
-52.58333333333333,2.0833333333333335,1.7026260422237112,1,ssp585
-52.416666666666664,2.0833333333333335,1.699853831357202,1,ssp585
-52.25,2.0833333333333335,1.7094152243512815,1,ssp585
-52.08333333333333,2.0833333333333335,1.7900735181077776,1,ssp585
-51.916666666666664,2.0833333333333335,1.8642245736575205,1,ssp585
-51.75,2.0833333333333335,1.8842924567057986,1,ssp585
-51.58333333333333,2.0833333333333335,1.9524792723142685,1,ssp585
-51.416666666666664,2.0833333333333335,2.3978415494675893,1,ssp585
-51.25,2.0833333333333335,2.4952965506380482,1,ssp585
-51.08333333333333,2.0833333333333335,2.7365588679160724,1,ssp585
-50.916666666666664,2.0833333333333335,3.256980993923,1,ssp585
-50.75,2.0833333333333335,2.9789496700010862,1,ssp585
-50.58333333333333,2.0833333333333335,2.9405747449702337,1,ssp585
-61.75,1.916666666666667,3.734593751839628,1,ssp585
-61.58333333333333,1.916666666666667,3.376709790463187,1,ssp585
-61.416666666666664,1.916666666666667,2.67846780001298,1,ssp585
-61.25,1.916666666666667,2.691141905486851,1,ssp585
-61.08333333333333,1.916666666666667,2.633204199281423,1,ssp585
-60.916666666666664,1.916666666666667,2.653488266415501,1,ssp585
-60.75,1.916666666666667,2.6201303791031405,1,ssp585
-60.58333333333333,1.916666666666667,2.591162456900597,1,ssp585
-60.416666666666664,1.916666666666667,2.276986731182525,1,ssp585
-60.25,1.916666666666667,2.3898768177236587,1,ssp585
-60.08333333333333,1.916666666666667,2.3590400535449825,1,ssp585
-59.916666666666664,1.916666666666667,2.2842460033668956,1,ssp585
-55.916666666666664,1.916666666666667,2.5179739705916377,1,ssp585
-55.75,1.916666666666667,2.8411225914347673,1,ssp585
-55.58333333333333,1.916666666666667,2.3257501383353834,1,ssp585
-55.416666666666664,1.916666666666667,1.9202112309039738,1,ssp585
-55.25,1.916666666666667,1.8519236401980743,1,ssp585
-55.08333333333333,1.916666666666667,1.7554172694738694,1,ssp585
-54.916666666666664,1.916666666666667,1.7468916711646503,1,ssp585
-54.75,1.916666666666667,1.6981151941583656,1,ssp585
-54.58333333333333,1.916666666666667,1.61151450414425,1,ssp585
-54.416666666666664,1.916666666666667,1.7116027371648794,1,ssp585
-54.25,1.916666666666667,1.717221343018188,1,ssp585
-54.08333333333333,1.916666666666667,1.707664277038596,1,ssp585
-53.916666666666664,1.916666666666667,1.684910925046512,1,ssp585
-53.75,1.916666666666667,1.6272044544991677,1,ssp585
-53.58333333333333,1.916666666666667,1.632659203216067,1,ssp585
-53.416666666666664,1.916666666666667,1.5983091929176505,1,ssp585
-53.25,1.916666666666667,1.5781472867190767,1,ssp585
-53.08333333333333,1.916666666666667,1.5440067691677892,1,ssp585
-52.916666666666664,1.916666666666667,1.9478998731440378,1,ssp585
-52.75,1.916666666666667,1.780206730435849,1,ssp585
-52.58333333333333,1.916666666666667,1.7377218411485742,1,ssp585
-52.416666666666664,1.916666666666667,1.7709788890537441,1,ssp585
-52.25,1.916666666666667,1.7560699821614196,1,ssp585
-52.08333333333333,1.916666666666667,1.8818701352137317,1,ssp585
-51.916666666666664,1.916666666666667,1.8923639356212647,1,ssp585
-51.75,1.916666666666667,1.9203151871754216,1,ssp585
-51.58333333333333,1.916666666666667,2.0597399013841877,1,ssp585
-51.416666666666664,1.916666666666667,2.1669892277984437,1,ssp585
-51.25,1.916666666666667,2.4436738061409664,1,ssp585
-51.08333333333333,1.916666666666667,2.6836281180212334,1,ssp585
-50.916666666666664,1.916666666666667,3.035389069105456,1,ssp585
-50.75,1.916666666666667,2.8741071620753216,1,ssp585
-50.58333333333333,1.916666666666667,2.938858850078976,1,ssp585
-61.916666666666664,1.75,3.1867384445035882,1,ssp585
-61.75,1.75,4.111178524087137,1,ssp585
-61.58333333333333,1.75,4.134484254189907,1,ssp585
-61.416666666666664,1.75,2.696021748466549,1,ssp585
-61.25,1.75,2.668369073797781,1,ssp585
-61.08333333333333,1.75,2.6272013842327624,1,ssp585
-60.916666666666664,1.75,2.598856271351689,1,ssp585
-60.75,1.75,2.5223380889549234,1,ssp585
-60.58333333333333,1.75,2.508951240614555,1,ssp585
-60.416666666666664,1.75,2.505223575447178,1,ssp585
-60.25,1.75,2.2644775322610515,1,ssp585
-60.08333333333333,1.75,2.06758014862616,1,ssp585
-59.916666666666664,1.75,2.167934773253542,1,ssp585
-59.75,1.75,2.2065269236319835,1,ssp585
-57.25,1.75,2.118865872390065,1,ssp585
-57.08333333333333,1.75,2.061230303639256,1,ssp585
-56.916666666666664,1.75,2.0762774961366643,1,ssp585
-56.75,1.75,2.0943584806427302,1,ssp585
-56.58333333333333,1.75,2.0154562028803475,1,ssp585
-56.416666666666664,1.75,1.9461097625262718,1,ssp585
-56.08333333333333,1.75,2.234605522740254,1,ssp585
-55.916666666666664,1.75,2.4147866774937934,1,ssp585
-55.75,1.75,2.411439446470177,1,ssp585
-55.58333333333333,1.75,2.4056386523002744,1,ssp585
-55.416666666666664,1.75,1.9006019028156316,1,ssp585
-55.25,1.75,1.7925262194270495,1,ssp585
-55.08333333333333,1.75,1.7819982678968653,1,ssp585
-54.916666666666664,1.75,1.7766974788929581,1,ssp585
-54.75,1.75,1.6966354938722354,1,ssp585
-54.58333333333333,1.75,1.701715423515962,1,ssp585
-54.416666666666664,1.75,1.6898391902595578,1,ssp585
-54.25,1.75,1.6304238224708953,1,ssp585
-54.08333333333333,1.75,1.63696252777849,1,ssp585
-53.916666666666664,1.75,1.6333369773360658,1,ssp585
-53.75,1.75,1.6240274490080782,1,ssp585
-53.58333333333333,1.75,1.6250210071201192,1,ssp585
-53.416666666666664,1.75,1.6375216114615119,1,ssp585
-53.25,1.75,1.6064983611449424,1,ssp585
-53.08333333333333,1.75,1.5218802569584033,1,ssp585
-52.916666666666664,1.75,1.8632991929530816,1,ssp585
-52.75,1.75,1.7608130502081716,1,ssp585
-52.58333333333333,1.75,1.8453289392614896,1,ssp585
-52.416666666666664,1.75,1.8662701590873738,1,ssp585
-52.25,1.75,1.8635084711917709,1,ssp585
-52.08333333333333,1.75,1.9685560369107944,1,ssp585
-51.916666666666664,1.75,1.9766443099461817,1,ssp585
-51.75,1.75,1.9769145510118724,1,ssp585
-51.58333333333333,1.75,2.0949204481523673,1,ssp585
-51.416666666666664,1.75,2.229204810413278,1,ssp585
-51.25,1.75,2.467471333368606,1,ssp585
-51.08333333333333,1.75,2.7934782181529267,1,ssp585
-50.916666666666664,1.75,2.957364353444756,1,ssp585
-50.75,1.75,2.8046531656812013,1,ssp585
-50.58333333333333,1.75,2.8174661490027364,1,ssp585
-50.416666666666664,1.75,2.689786070967968,1,ssp585
-61.916666666666664,1.5833333333333335,2.7038458170008837,1,ssp585
-61.75,1.5833333333333335,4.131823324252077,1,ssp585
-61.58333333333333,1.5833333333333335,3.8533590979611256,1,ssp585
-61.416666666666664,1.5833333333333335,2.7910461356400265,1,ssp585
-61.25,1.5833333333333335,2.6447752631015016,1,ssp585
-61.08333333333333,1.5833333333333335,2.673822871212597,1,ssp585
-60.916666666666664,1.5833333333333335,2.713041999446326,1,ssp585
-60.75,1.5833333333333335,2.6463762102190613,1,ssp585
-60.58333333333333,1.5833333333333335,2.351291318655055,1,ssp585
-60.416666666666664,1.5833333333333335,2.3101519192799564,1,ssp585
-60.25,1.5833333333333335,2.314714384500489,1,ssp585
-60.08333333333333,1.5833333333333335,2.2199432192737727,1,ssp585
-59.916666666666664,1.5833333333333335,2.1400715929389107,1,ssp585
-59.75,1.5833333333333335,2.126929538163416,1,ssp585
-59.58333333333333,1.5833333333333335,2.199582155191865,1,ssp585
-57.75,1.5833333333333335,2.164025827849051,1,ssp585
-57.58333333333333,1.5833333333333335,2.1283371895732146,1,ssp585
-57.416666666666664,1.5833333333333335,2.1209727367405695,1,ssp585
-57.25,1.5833333333333335,2.084817895958427,1,ssp585
-57.08333333333333,1.5833333333333335,2.078675955377513,1,ssp585
-56.916666666666664,1.5833333333333335,2.044729477562939,1,ssp585
-56.75,1.5833333333333335,2.1183123393984373,1,ssp585
-56.58333333333333,1.5833333333333335,1.9987112900377086,1,ssp585
-56.416666666666664,1.5833333333333335,1.9314244888201288,1,ssp585
-56.25,1.5833333333333335,1.8528421182994728,1,ssp585
-56.08333333333333,1.5833333333333335,2.186526405102063,1,ssp585
-55.916666666666664,1.5833333333333335,2.327101904610935,1,ssp585
-55.75,1.5833333333333335,2.289542285779506,1,ssp585
-55.58333333333333,1.5833333333333335,2.0774484724903126,1,ssp585
-55.416666666666664,1.5833333333333335,1.8732177587444927,1,ssp585
-55.25,1.5833333333333335,1.885564782182527,1,ssp585
-55.08333333333333,1.5833333333333335,1.8074888076184938,1,ssp585
-54.916666666666664,1.5833333333333335,1.8423092197055941,1,ssp585
-54.75,1.5833333333333335,1.7172739989670165,1,ssp585
-54.58333333333333,1.5833333333333335,1.7138521470041153,1,ssp585
-54.416666666666664,1.5833333333333335,1.7047242713488102,1,ssp585
-54.25,1.5833333333333335,1.7099672233708583,1,ssp585
-54.08333333333333,1.5833333333333335,1.6918980339540286,1,ssp585
-53.916666666666664,1.5833333333333335,1.6364598735329394,1,ssp585
-53.75,1.5833333333333335,1.6335811554756599,1,ssp585
-53.58333333333333,1.5833333333333335,1.6257636181518211,1,ssp585
-53.416666666666664,1.5833333333333335,1.636860771097473,1,ssp585
-53.25,1.5833333333333335,1.6193474594376187,1,ssp585
-53.08333333333333,1.5833333333333335,1.7098091673714984,1,ssp585
-52.916666666666664,1.5833333333333335,1.5964659122076594,1,ssp585
-52.75,1.5833333333333335,1.9924726210444301,1,ssp585
-52.58333333333333,1.5833333333333335,1.907111591073584,1,ssp585
-52.416666666666664,1.5833333333333335,1.9008686666934669,1,ssp585
-52.25,1.5833333333333335,1.9334701887180386,1,ssp585
-52.08333333333333,1.5833333333333335,2.0335059652170386,1,ssp585
-51.916666666666664,1.5833333333333335,2.053213448495858,1,ssp585
-51.75,1.5833333333333335,2.0695939013195486,1,ssp585
-51.58333333333333,1.5833333333333335,2.1461476554184826,1,ssp585
-51.416666666666664,1.5833333333333335,2.244846590520122,1,ssp585
-51.25,1.5833333333333335,2.2944538465106485,1,ssp585
-51.08333333333333,1.5833333333333335,2.808880302202037,1,ssp585
-50.916666666666664,1.5833333333333335,2.8012261806641314,1,ssp585
-50.75,1.5833333333333335,2.600919474729895,1,ssp585
-50.58333333333333,1.5833333333333335,2.6656845282025263,1,ssp585
-50.416666666666664,1.5833333333333335,2.7414167556497424,1,ssp585
-50.25,1.5833333333333335,2.6516607410981523,1,ssp585
-50.08333333333333,1.5833333333333335,2.4512394894312317,1,ssp585
-62.25,1.416666666666667,2.386316235020367,1,ssp585
-62.08333333333333,1.416666666666667,3.2914926669216795,1,ssp585
-61.916666666666664,1.416666666666667,4.130195765480533,1,ssp585
-61.75,1.416666666666667,3.6479819608822655,1,ssp585
-61.58333333333333,1.416666666666667,2.672539994152626,1,ssp585
-61.416666666666664,1.416666666666667,2.785124337009588,1,ssp585
-61.25,1.416666666666667,2.655213200672928,1,ssp585
-61.08333333333333,1.416666666666667,2.837316111797631,1,ssp585
-60.916666666666664,1.416666666666667,2.7797772017260196,1,ssp585
-60.75,1.416666666666667,2.6434728104521144,1,ssp585
-60.58333333333333,1.416666666666667,2.7597363893385833,1,ssp585
-60.416666666666664,1.416666666666667,2.6508930016751306,1,ssp585
-60.25,1.416666666666667,2.022751739759555,1,ssp585
-60.08333333333333,1.416666666666667,2.073976905967048,1,ssp585
-59.916666666666664,1.416666666666667,2.0889732498679754,1,ssp585
-59.75,1.416666666666667,2.170205953149153,1,ssp585
-59.58333333333333,1.416666666666667,2.805872946190222,1,ssp585
-59.416666666666664,1.416666666666667,2.570373844799372,1,ssp585
-58.25,1.416666666666667,2.256512152484948,1,ssp585
-58.08333333333333,1.416666666666667,2.140350735033751,1,ssp585
-57.916666666666664,1.416666666666667,2.1394148058336495,1,ssp585
-57.75,1.416666666666667,2.1929144297062617,1,ssp585
-57.58333333333333,1.416666666666667,2.085105687712536,1,ssp585
-57.416666666666664,1.416666666666667,2.088174294806387,1,ssp585
-57.25,1.416666666666667,2.1086767594533766,1,ssp585
-57.08333333333333,1.416666666666667,2.0389228514425386,1,ssp585
-56.916666666666664,1.416666666666667,2.0205420165460994,1,ssp585
-56.75,1.416666666666667,2.0537987530176407,1,ssp585
-56.58333333333333,1.416666666666667,2.0289684970745756,1,ssp585
-56.416666666666664,1.416666666666667,1.8739252159696025,1,ssp585
-56.25,1.416666666666667,1.874331626785746,1,ssp585
-56.08333333333333,1.416666666666667,2.12121294488338,1,ssp585
-55.916666666666664,1.416666666666667,2.2896187949626134,1,ssp585
-55.75,1.416666666666667,2.0695626620093925,1,ssp585
-55.58333333333333,1.416666666666667,1.9343675988351274,1,ssp585
-55.416666666666664,1.416666666666667,1.8197534957120531,1,ssp585
-55.25,1.416666666666667,1.9126300559303984,1,ssp585
-55.08333333333333,1.416666666666667,1.811171836970708,1,ssp585
-54.916666666666664,1.416666666666667,1.8495710867912512,1,ssp585
-54.75,1.416666666666667,1.7798455316833988,1,ssp585
-54.58333333333333,1.416666666666667,1.7276993852867675,1,ssp585
-54.416666666666664,1.416666666666667,1.6414928696643245,1,ssp585
-54.25,1.416666666666667,1.58476487266548,1,ssp585
-54.08333333333333,1.416666666666667,1.6154801423365714,1,ssp585
-53.916666666666664,1.416666666666667,1.7086875596523468,1,ssp585
-53.75,1.416666666666667,1.6669181481666349,1,ssp585
-53.58333333333333,1.416666666666667,1.670019767531758,1,ssp585
-53.416666666666664,1.416666666666667,1.6692675527190022,1,ssp585
-53.25,1.416666666666667,1.6932245276583335,1,ssp585
-53.08333333333333,1.416666666666667,1.6849941613019916,1,ssp585
-52.916666666666664,1.416666666666667,1.5198187040617097,1,ssp585
-52.75,1.416666666666667,2.0186818143957495,1,ssp585
-52.58333333333333,1.416666666666667,1.8758701764134422,1,ssp585
-52.416666666666664,1.416666666666667,1.9618981086532603,1,ssp585
-52.25,1.416666666666667,1.963827269721835,1,ssp585
-52.08333333333333,1.416666666666667,2.099999087096204,1,ssp585
-51.916666666666664,1.416666666666667,2.1227202426935867,1,ssp585
-51.75,1.416666666666667,2.09025055900613,1,ssp585
-51.58333333333333,1.416666666666667,2.1154137644110818,1,ssp585
-51.416666666666664,1.416666666666667,2.2547202238880257,1,ssp585
-51.25,1.416666666666667,2.4313048648563043,1,ssp585
-51.08333333333333,1.416666666666667,2.8221908206541553,1,ssp585
-50.916666666666664,1.416666666666667,2.9659785070459743,1,ssp585
-50.75,1.416666666666667,2.984390583953921,1,ssp585
-50.58333333333333,1.416666666666667,2.700461710949622,1,ssp585
-50.416666666666664,1.416666666666667,2.6464869877613384,1,ssp585
-50.25,1.416666666666667,2.655178624614522,1,ssp585
-50.08333333333333,1.416666666666667,2.597597204821339,1,ssp585
-63.24999999999999,1.25,3.4366711750271355,1,ssp585
-63.08333333333333,1.25,2.5753735387142025,1,ssp585
-62.916666666666664,1.25,2.3278478720442664,1,ssp585
-62.75,1.25,2.2883697446283757,1,ssp585
-62.58333333333333,1.25,2.2566547982465175,1,ssp585
-62.416666666666664,1.25,2.2562183324922316,1,ssp585
-62.25,1.25,2.2938089910344974,1,ssp585
-62.08333333333333,1.25,3.303299059516644,1,ssp585
-61.916666666666664,1.25,3.3667474099874712,1,ssp585
-61.75,1.25,2.5991243694384036,1,ssp585
-61.58333333333333,1.25,2.618090504199175,1,ssp585
-61.416666666666664,1.25,2.6308090613701944,1,ssp585
-61.25,1.25,2.6558188475752473,1,ssp585
-61.08333333333333,1.25,2.838137921081504,1,ssp585
-60.916666666666664,1.25,2.7297667347750862,1,ssp585
-60.75,1.25,2.667921442954708,1,ssp585
-60.58333333333333,1.25,2.4874627585907865,1,ssp585
-60.416666666666664,1.25,2.532428345414951,1,ssp585
-60.25,1.25,2.618360518771654,1,ssp585
-60.08333333333333,1.25,2.4255129644148536,1,ssp585
-59.916666666666664,1.25,2.2594300807873626,1,ssp585
-59.75,1.25,2.2481273178041508,1,ssp585
-59.58333333333333,1.25,2.2339902945923025,1,ssp585
-59.416666666666664,1.25,2.2950057822792345,1,ssp585
-59.25,1.25,2.8516902483821256,1,ssp585
-58.416666666666664,1.25,2.401904465428033,1,ssp585
-58.25,1.25,2.218131011781838,1,ssp585
-58.08333333333333,1.25,2.187098440923478,1,ssp585
-57.916666666666664,1.25,1.9190539802819633,1,ssp585
-57.75,1.25,2.040399949179268,1,ssp585
-57.58333333333333,1.25,2.1832040493139484,1,ssp585
-57.416666666666664,1.25,2.0565578708043453,1,ssp585
-57.25,1.25,2.09796262062897,1,ssp585
-57.08333333333333,1.25,1.999327145109442,1,ssp585
-56.916666666666664,1.25,1.9918965471444243,1,ssp585
-56.75,1.25,2.0390033703293935,1,ssp585
-56.58333333333333,1.25,1.991680567100537,1,ssp585
-56.416666666666664,1.25,1.8743872203951804,1,ssp585
-56.25,1.25,1.9162570721162422,1,ssp585
-56.08333333333333,1.25,1.9621527919032675,1,ssp585
-55.916666666666664,1.25,2.1082263528199037,1,ssp585
-55.75,1.25,1.934742255100325,1,ssp585
-55.58333333333333,1.25,1.8631118715691193,1,ssp585
-55.416666666666664,1.25,1.8381348259119779,1,ssp585
-55.25,1.25,1.8820030494190996,1,ssp585
-55.08333333333333,1.25,1.8455567783108093,1,ssp585
-54.916666666666664,1.25,1.7868256402591323,1,ssp585
-54.75,1.25,1.8157544769296794,1,ssp585
-54.58333333333333,1.25,1.7367610555043678,1,ssp585
-54.416666666666664,1.25,1.7344879005296763,1,ssp585
-54.25,1.25,1.5865572306834668,1,ssp585
-54.08333333333333,1.25,1.8356108443702361,1,ssp585
-53.916666666666664,1.25,1.5847454002985994,1,ssp585
-53.75,1.25,1.6160482693278102,1,ssp585
-53.58333333333333,1.25,1.6702322664024236,1,ssp585
-53.416666666666664,1.25,1.7033187491860533,1,ssp585
-53.25,1.25,1.722484292412706,1,ssp585
-53.08333333333333,1.25,1.7047180330535632,1,ssp585
-52.916666666666664,1.25,1.6771045598278955,1,ssp585
-52.75,1.25,2.0671358680376932,1,ssp585
-52.58333333333333,1.25,1.9399162618411028,1,ssp585
-52.416666666666664,1.25,2.04814257484823,1,ssp585
-52.25,1.25,2.001406770119369,1,ssp585
-52.08333333333333,1.25,2.087856915655843,1,ssp585
-51.916666666666664,1.25,2.108086450065245,1,ssp585
-51.75,1.25,2.1300614517285945,1,ssp585
-51.58333333333333,1.25,2.233525572525788,1,ssp585
-51.416666666666664,1.25,2.2058823034655335,1,ssp585
-51.25,1.25,2.427787587341414,1,ssp585
-51.08333333333333,1.25,2.893787860128403,1,ssp585
-50.916666666666664,1.25,3.137990977405578,1,ssp585
-50.75,1.25,3.003860757693564,1,ssp585
-50.58333333333333,1.25,2.6936660805195336,1,ssp585
-50.416666666666664,1.25,2.6060834586787607,1,ssp585
-50.25,1.25,2.5433176477879162,1,ssp585
-50.08333333333333,1.25,2.5884506990030522,1,ssp585
-63.58333333333333,1.0833333333333335,3.522837852079701,1,ssp585
-63.416666666666664,1.0833333333333335,3.943972276970631,1,ssp585
-63.24999999999999,1.0833333333333335,3.887093933885863,1,ssp585
-63.08333333333333,1.0833333333333335,3.4134824225362457,1,ssp585
-62.916666666666664,1.0833333333333335,2.3216693963262958,1,ssp585
-62.75,1.0833333333333335,2.2554073493038618,1,ssp585
-62.58333333333333,1.0833333333333335,2.197441608240434,1,ssp585
-62.416666666666664,1.0833333333333335,2.2685361359417304,1,ssp585
-62.25,1.0833333333333335,2.3189205477385095,1,ssp585
-62.08333333333333,1.0833333333333335,2.658102082079613,1,ssp585
-61.916666666666664,1.0833333333333335,2.548487659167077,1,ssp585
-61.75,1.0833333333333335,2.498286513666469,1,ssp585
-61.58333333333333,1.0833333333333335,2.67677058299589,1,ssp585
-61.416666666666664,1.0833333333333335,2.5593872689499233,1,ssp585
-61.25,1.0833333333333335,2.6051209719026858,1,ssp585
-61.08333333333333,1.0833333333333335,2.8339097973350045,1,ssp585
-60.916666666666664,1.0833333333333335,2.686432902628698,1,ssp585
-60.75,1.0833333333333335,2.653287411727428,1,ssp585
-60.58333333333333,1.0833333333333335,2.3170320884295936,1,ssp585
-60.416666666666664,1.0833333333333335,2.3956350078076043,1,ssp585
-60.25,1.0833333333333335,2.4110389081796177,1,ssp585
-60.08333333333333,1.0833333333333335,2.4238083377079036,1,ssp585
-59.916666666666664,1.0833333333333335,2.3987931924186006,1,ssp585
-59.75,1.0833333333333335,2.1616740088371666,1,ssp585
-59.58333333333333,1.0833333333333335,2.0930221324780494,1,ssp585
-59.416666666666664,1.0833333333333335,2.1083489362312386,1,ssp585
-59.25,1.0833333333333335,2.2065693012666956,1,ssp585
-59.08333333333333,1.0833333333333335,2.743674342219073,1,ssp585
-58.916666666666664,1.0833333333333335,2.3920071716946616,1,ssp585
-58.75,1.0833333333333335,2.1717826791766996,1,ssp585
-58.58333333333333,1.0833333333333335,2.149176474876298,1,ssp585
-58.416666666666664,1.0833333333333335,2.2867841489703227,1,ssp585
-58.25,1.0833333333333335,2.4233913432743104,1,ssp585
-58.08333333333333,1.0833333333333335,1.9885904588069534,1,ssp585
-57.916666666666664,1.0833333333333335,2.1349719681731036,1,ssp585
-57.75,1.0833333333333335,1.996398557650813,1,ssp585
-57.58333333333333,1.0833333333333335,2.099688717981997,1,ssp585
-57.416666666666664,1.0833333333333335,2.138957021332263,1,ssp585
-57.25,1.0833333333333335,2.1015429009032274,1,ssp585
-57.08333333333333,1.0833333333333335,2.0562954370957898,1,ssp585
-56.916666666666664,1.0833333333333335,1.9873795163693595,1,ssp585
-56.75,1.0833333333333335,2.0801583528880148,1,ssp585
-56.58333333333333,1.0833333333333335,2.0351816056037872,1,ssp585
-56.416666666666664,1.0833333333333335,1.8919654530370502,1,ssp585
-56.25,1.0833333333333335,1.8833122869540022,1,ssp585
-56.08333333333333,1.0833333333333335,1.9024865359767191,1,ssp585
-55.916666666666664,1.0833333333333335,1.9769797314366855,1,ssp585
-55.75,1.0833333333333335,1.9049788075810667,1,ssp585
-55.58333333333333,1.0833333333333335,1.9026941849931482,1,ssp585
-55.416666666666664,1.0833333333333335,1.8959923665681104,1,ssp585
-55.25,1.0833333333333335,1.923253206932322,1,ssp585
-55.08333333333333,1.0833333333333335,1.9102960897070531,1,ssp585
-54.916666666666664,1.0833333333333335,1.780777038618882,1,ssp585
-54.75,1.0833333333333335,1.8629665976251732,1,ssp585
-54.58333333333333,1.0833333333333335,1.777564885575878,1,ssp585
-54.416666666666664,1.0833333333333335,1.617786248866335,1,ssp585
-54.25,1.0833333333333335,1.7806267294697176,1,ssp585
-54.08333333333333,1.0833333333333335,1.731287284349978,1,ssp585
-53.916666666666664,1.0833333333333335,1.6417392835769327,1,ssp585
-53.75,1.0833333333333335,1.519266288875667,1,ssp585
-53.58333333333333,1.0833333333333335,1.6303725064889654,1,ssp585
-53.416666666666664,1.0833333333333335,1.7171527467781247,1,ssp585
-53.25,1.0833333333333335,1.7254958625183756,1,ssp585
-53.08333333333333,1.0833333333333335,1.7603143276902202,1,ssp585
-52.916666666666664,1.0833333333333335,1.7407784139383125,1,ssp585
-52.75,1.0833333333333335,2.1243462502303894,1,ssp585
-52.58333333333333,1.0833333333333335,1.8882990214850537,1,ssp585
-52.416666666666664,1.0833333333333335,2.0236217169736457,1,ssp585
-52.25,1.0833333333333335,2.0947471227914605,1,ssp585
-52.08333333333333,1.0833333333333335,2.1123077082602886,1,ssp585
-51.916666666666664,1.0833333333333335,2.0700514225484166,1,ssp585
-51.75,1.0833333333333335,2.1411056493238205,1,ssp585
-51.58333333333333,1.0833333333333335,2.1703051313646387,1,ssp585
-51.416666666666664,1.0833333333333335,2.134549727471874,1,ssp585
-51.25,1.0833333333333335,2.7170450872787684,1,ssp585
-51.08333333333333,1.0833333333333335,3.117089999609066,1,ssp585
-50.916666666666664,1.0833333333333335,2.7533734018223814,1,ssp585
-50.75,1.0833333333333335,2.6570427827293193,1,ssp585
-50.58333333333333,1.0833333333333335,2.480604834591277,1,ssp585
-50.416666666666664,1.0833333333333335,2.482620319698705,1,ssp585
-50.25,1.0833333333333335,2.4182385045342625,1,ssp585
-50.08333333333333,1.0833333333333335,2.419640622751135,1,ssp585
-63.916666666666664,0.916666666666667,3.1283486987689995,1,ssp585
-63.74999999999999,0.916666666666667,3.7610878805428207,1,ssp585
-63.58333333333333,0.916666666666667,4.16704281957346,1,ssp585
-63.416666666666664,0.916666666666667,4.164213554584838,1,ssp585
-63.24999999999999,0.916666666666667,4.060515555008062,1,ssp585
-63.08333333333333,0.916666666666667,3.600355099247207,1,ssp585
-62.916666666666664,0.916666666666667,2.375194038066777,1,ssp585
-62.75,0.916666666666667,2.272568672307277,1,ssp585
-62.58333333333333,0.916666666666667,2.217912038044628,1,ssp585
-62.416666666666664,0.916666666666667,2.177718328503135,1,ssp585
-62.25,0.916666666666667,2.3111579702429883,1,ssp585
-62.08333333333333,0.916666666666667,2.286681390215877,1,ssp585
-61.916666666666664,0.916666666666667,2.496312763500948,1,ssp585
-61.75,0.916666666666667,2.469916803732424,1,ssp585
-61.58333333333333,0.916666666666667,2.5215431123076746,1,ssp585
-61.416666666666664,0.916666666666667,2.3949968158349817,1,ssp585
-61.25,0.916666666666667,2.5281115668866496,1,ssp585
-61.08333333333333,0.916666666666667,2.7512596416740553,1,ssp585
-60.916666666666664,0.916666666666667,2.694930900825987,1,ssp585
-60.75,0.916666666666667,2.4521077700200027,1,ssp585
-60.58333333333333,0.916666666666667,2.3683084040842504,1,ssp585
-60.416666666666664,0.916666666666667,2.4565093629462216,1,ssp585
-60.25,0.916666666666667,2.170247346811063,1,ssp585
-60.08333333333333,0.916666666666667,2.3542478291223627,1,ssp585
-59.916666666666664,0.916666666666667,2.3877254029262365,1,ssp585
-59.75,0.916666666666667,2.3581059730559586,1,ssp585
-59.58333333333333,0.916666666666667,2.3765122896281023,1,ssp585
-59.416666666666664,0.916666666666667,2.3205679893853537,1,ssp585
-59.25,0.916666666666667,2.1892954053687648,1,ssp585
-59.08333333333333,0.916666666666667,2.420153082166622,1,ssp585
-58.916666666666664,0.916666666666667,2.213205936215819,1,ssp585
-58.75,0.916666666666667,2.3321566908740983,1,ssp585
-58.58333333333333,0.916666666666667,2.215159310320308,1,ssp585
-58.416666666666664,0.916666666666667,2.263861434376354,1,ssp585
-58.25,0.916666666666667,2.313442738022629,1,ssp585
-58.08333333333333,0.916666666666667,2.105753428629106,1,ssp585
-57.916666666666664,0.916666666666667,2.1446156672181433,1,ssp585
-57.75,0.916666666666667,2.0469657824979532,1,ssp585
-57.58333333333333,0.916666666666667,2.1263492789115883,1,ssp585
-57.416666666666664,0.916666666666667,2.1122130692063736,1,ssp585
-57.25,0.916666666666667,2.061596170659845,1,ssp585
-57.08333333333333,0.916666666666667,2.1009893098594197,1,ssp585
-56.916666666666664,0.916666666666667,1.968023666405037,1,ssp585
-56.75,0.916666666666667,2.057897277016699,1,ssp585
-56.58333333333333,0.916666666666667,2.118488254688185,1,ssp585
-56.416666666666664,0.916666666666667,1.946874901404042,1,ssp585
-56.25,0.916666666666667,1.8735160054814224,1,ssp585
-56.08333333333333,0.916666666666667,1.8993496766837212,1,ssp585
-55.916666666666664,0.916666666666667,1.9009695406868283,1,ssp585
-55.75,0.916666666666667,1.879229186728067,1,ssp585
-55.58333333333333,0.916666666666667,1.9228493222775607,1,ssp585
-55.416666666666664,0.916666666666667,1.9351010351461277,1,ssp585
-55.25,0.916666666666667,1.9261305342650625,1,ssp585
-55.08333333333333,0.916666666666667,1.8688429035414347,1,ssp585
-54.916666666666664,0.916666666666667,1.7842773392978748,1,ssp585
-54.75,0.916666666666667,1.8225640971503643,1,ssp585
-54.58333333333333,0.916666666666667,1.8938678728447824,1,ssp585
-54.416666666666664,0.916666666666667,1.705643072727319,1,ssp585
-54.25,0.916666666666667,1.6970972529595567,1,ssp585
-54.08333333333333,0.916666666666667,1.8096547420848526,1,ssp585
-53.916666666666664,0.916666666666667,1.7068276866553773,1,ssp585
-53.75,0.916666666666667,1.62257955168297,1,ssp585
-53.58333333333333,0.916666666666667,1.544501513626708,1,ssp585
-53.416666666666664,0.916666666666667,1.726286227436434,1,ssp585
-53.25,0.916666666666667,1.6880225986319695,1,ssp585
-53.08333333333333,0.916666666666667,1.7553599901569095,1,ssp585
-52.916666666666664,0.916666666666667,1.6160301987857972,1,ssp585
-52.75,0.916666666666667,1.709635186192937,1,ssp585
-52.58333333333333,0.916666666666667,2.000438615029427,1,ssp585
-52.416666666666664,0.916666666666667,2.004925575537083,1,ssp585
-52.25,0.916666666666667,2.023752441845096,1,ssp585
-52.08333333333333,0.916666666666667,2.1455946282222214,1,ssp585
-51.916666666666664,0.916666666666667,2.065797861016453,1,ssp585
-51.75,0.916666666666667,2.0849820270573103,1,ssp585
-51.58333333333333,0.916666666666667,2.150936292959441,1,ssp585
-51.416666666666664,0.916666666666667,2.1337876597300016,1,ssp585
-51.25,0.916666666666667,2.7500341002309385,1,ssp585
-51.08333333333333,0.916666666666667,2.8233695079193826,1,ssp585
-50.916666666666664,0.916666666666667,2.174044033954904,1,ssp585
-50.75,0.916666666666667,2.2520189910506976,1,ssp585
-50.58333333333333,0.916666666666667,2.378585131589711,1,ssp585
-50.416666666666664,0.916666666666667,2.4852526408280453,1,ssp585
-50.25,0.916666666666667,2.160613868154844,1,ssp585
-64.25,0.75,3.2203066146049117,1,ssp585
-64.08333333333333,0.75,3.1810493741146986,1,ssp585
-63.916666666666664,0.75,3.089811226716561,1,ssp585
-63.74999999999999,0.75,2.92532409896909,1,ssp585
-63.58333333333333,0.75,3.6955350455723197,1,ssp585
-63.416666666666664,0.75,4.157904725228911,1,ssp585
-63.24999999999999,0.75,3.9109675232151107,1,ssp585
-63.08333333333333,0.75,3.515441095353118,1,ssp585
-62.916666666666664,0.75,2.4869727951478784,1,ssp585
-62.75,0.75,2.335458218781781,1,ssp585
-62.58333333333333,0.75,2.2840349194305194,1,ssp585
-62.416666666666664,0.75,2.245285228470924,1,ssp585
-62.25,0.75,2.3644502509479284,1,ssp585
-62.08333333333333,0.75,2.325027567397428,1,ssp585
-61.916666666666664,0.75,2.339899873080929,1,ssp585
-61.75,0.75,2.4468200224843946,1,ssp585
-61.58333333333333,0.75,2.344276769653451,1,ssp585
-61.416666666666664,0.75,2.392005448779813,1,ssp585
-61.25,0.75,2.5429222434403402,1,ssp585
-61.08333333333333,0.75,2.7059200436942077,1,ssp585
-60.916666666666664,0.75,2.561200395086942,1,ssp585
-60.75,0.75,2.3614146969915444,1,ssp585
-60.58333333333333,0.75,2.314946519943768,1,ssp585
-60.416666666666664,0.75,2.3457632396202013,1,ssp585
-60.25,0.75,2.267783087159789,1,ssp585
-60.08333333333333,0.75,2.2509605634871424,1,ssp585
-59.916666666666664,0.75,2.2784296529221932,1,ssp585
-59.75,0.75,2.37953612521568,1,ssp585
-59.58333333333333,0.75,2.310036113225361,1,ssp585
-59.416666666666664,0.75,2.3617426512716437,1,ssp585
-59.25,0.75,2.3585182416460446,1,ssp585
-59.08333333333333,0.75,2.712208561368297,1,ssp585
-58.916666666666664,0.75,2.4302211485030276,1,ssp585
-58.75,0.75,2.260331852777934,1,ssp585
-58.58333333333333,0.75,2.3746985308804387,1,ssp585
-58.416666666666664,0.75,2.1233892002478796,1,ssp585
-58.25,0.75,2.3608711673196705,1,ssp585
-58.08333333333333,0.75,2.316886329840574,1,ssp585
-57.916666666666664,0.75,2.094000244900969,1,ssp585
-57.75,0.75,2.1566660604252577,1,ssp585
-57.58333333333333,0.75,2.1791463979556767,1,ssp585
-57.416666666666664,0.75,2.1074661766603544,1,ssp585
-57.25,0.75,2.1005761099863185,1,ssp585
-57.08333333333333,0.75,2.028256993695665,1,ssp585
-56.916666666666664,0.75,1.984710576613746,1,ssp585
-56.75,0.75,1.9819995517869686,1,ssp585
-56.58333333333333,0.75,2.117775344956412,1,ssp585
-56.416666666666664,0.75,2.003495793425447,1,ssp585
-56.25,0.75,2.006539404672718,1,ssp585
-56.08333333333333,0.75,1.9691388401347076,1,ssp585
-55.916666666666664,0.75,1.9027628446807148,1,ssp585
-55.75,0.75,1.9426425040683548,1,ssp585
-55.58333333333333,0.75,1.9299644477491749,1,ssp585
-55.416666666666664,0.75,1.9923307129920915,1,ssp585
-55.25,0.75,1.857059520449791,1,ssp585
-55.08333333333333,0.75,1.8385133083152712,1,ssp585
-54.916666666666664,0.75,1.76529183354521,1,ssp585
-54.75,0.75,1.7819988000150588,1,ssp585
-54.58333333333333,0.75,1.7709628841830694,1,ssp585
-54.416666666666664,0.75,1.7428078728694267,1,ssp585
-54.25,0.75,1.7091738770397653,1,ssp585
-54.08333333333333,0.75,1.6798011002231845,1,ssp585
-53.916666666666664,0.75,1.6771084507906096,1,ssp585
-53.75,0.75,1.5934736958602402,1,ssp585
-53.58333333333333,0.75,1.6495785655563286,1,ssp585
-53.416666666666664,0.75,1.5200542244931474,1,ssp585
-53.25,0.75,1.796577963965507,1,ssp585
-53.08333333333333,0.75,1.7699813702014109,1,ssp585
-52.916666666666664,0.75,1.7620218991582144,1,ssp585
-52.75,0.75,1.5624540179380677,1,ssp585
-52.58333333333333,0.75,1.829017134303312,1,ssp585
-52.416666666666664,0.75,2.0537131913305084,1,ssp585
-52.25,0.75,1.9376933214006498,1,ssp585
-52.08333333333333,0.75,2.10632693816189,1,ssp585
-51.916666666666664,0.75,2.308651842044142,1,ssp585
-51.75,0.75,2.1530559970566743,1,ssp585
-51.58333333333333,0.75,2.22976554452137,1,ssp585
-51.416666666666664,0.75,2.383105474788542,1,ssp585
-51.25,0.75,2.59491423637369,1,ssp585
-51.08333333333333,0.75,2.46611958535233,1,ssp585
-50.916666666666664,0.75,2.1940249992041987,1,ssp585
-50.75,0.75,2.1928062206394334,1,ssp585
-50.58333333333333,0.75,2.2686427999241143,1,ssp585
-50.416666666666664,0.75,2.3447981736177663,1,ssp585
-50.25,0.75,2.192414440495332,1,ssp585
-64.41666666666666,0.5833333333333335,3.370946159657811,1,ssp585
-64.25,0.5833333333333335,3.3468550865879005,1,ssp585
-64.08333333333333,0.5833333333333335,3.3079106694581237,1,ssp585
-63.916666666666664,0.5833333333333335,3.2322352801040486,1,ssp585
-63.74999999999999,0.5833333333333335,3.091038319706795,1,ssp585
-63.58333333333333,0.5833333333333335,3.0192783802168974,1,ssp585
-63.416666666666664,0.5833333333333335,3.16924485985621,1,ssp585
-63.24999999999999,0.5833333333333335,3.25029820311435,1,ssp585
-63.08333333333333,0.5833333333333335,2.8853464065634657,1,ssp585
-62.916666666666664,0.5833333333333335,2.6831390133347157,1,ssp585
-62.75,0.5833333333333335,2.458094282537519,1,ssp585
-62.58333333333333,0.5833333333333335,2.390915111947825,1,ssp585
-62.416666666666664,0.5833333333333335,2.4418597235252686,1,ssp585
-62.25,0.5833333333333335,2.3546712795199856,1,ssp585
-62.08333333333333,0.5833333333333335,2.308486291391692,1,ssp585
-61.916666666666664,0.5833333333333335,2.2996674209567463,1,ssp585
-61.75,0.5833333333333335,2.3695910506038245,1,ssp585
-61.58333333333333,0.5833333333333335,2.318540423463651,1,ssp585
-61.416666666666664,0.5833333333333335,2.4111602724956116,1,ssp585
-61.25,0.5833333333333335,2.566592684313312,1,ssp585
-61.08333333333333,0.5833333333333335,2.7037713511413646,1,ssp585
-60.916666666666664,0.5833333333333335,2.565489294632092,1,ssp585
-60.75,0.5833333333333335,2.4086889454115803,1,ssp585
-60.58333333333333,0.5833333333333335,2.3211828986779452,1,ssp585
-60.416666666666664,0.5833333333333335,2.417696041032554,1,ssp585
-60.25,0.5833333333333335,2.3405089019517864,1,ssp585
-60.08333333333333,0.5833333333333335,2.311056774379193,1,ssp585
-59.916666666666664,0.5833333333333335,2.246615242124415,1,ssp585
-59.75,0.5833333333333335,2.2224758174355084,1,ssp585
-59.58333333333333,0.5833333333333335,2.2762220844496244,1,ssp585
-59.416666666666664,0.5833333333333335,2.3466221817491513,1,ssp585
-59.25,0.5833333333333335,2.354913508969104,1,ssp585
-59.08333333333333,0.5833333333333335,2.3584640091807443,1,ssp585
-58.916666666666664,0.5833333333333335,2.375645755279493,1,ssp585
-58.75,0.5833333333333335,2.6965720150576593,1,ssp585
-58.58333333333333,0.5833333333333335,2.2331536222122805,1,ssp585
-58.416666666666664,0.5833333333333335,2.2133128684142367,1,ssp585
-58.25,0.5833333333333335,2.2615780043793343,1,ssp585
-58.08333333333333,0.5833333333333335,2.5542810605944344,1,ssp585
-57.916666666666664,0.5833333333333335,2.238099006561123,1,ssp585
-57.75,0.5833333333333335,2.2149374830564676,1,ssp585
-57.58333333333333,0.5833333333333335,2.089591002744037,1,ssp585
-57.416666666666664,0.5833333333333335,2.040789614512915,1,ssp585
-57.25,0.5833333333333335,1.9953254486830958,1,ssp585
-57.08333333333333,0.5833333333333335,1.9805046943315883,1,ssp585
-56.916666666666664,0.5833333333333335,2.0051814663909937,1,ssp585
-56.75,0.5833333333333335,1.9929002617411273,1,ssp585
-56.58333333333333,0.5833333333333335,2.0453821762859725,1,ssp585
-56.416666666666664,0.5833333333333335,2.139857136497116,1,ssp585
-56.25,0.5833333333333335,2.1595455251609486,1,ssp585
-56.08333333333333,0.5833333333333335,2.0218619104700504,1,ssp585
-55.916666666666664,0.5833333333333335,1.974827754235674,1,ssp585
-55.75,0.5833333333333335,2.075151022013473,1,ssp585
-55.58333333333333,0.5833333333333335,1.9838787438151368,1,ssp585
-55.416666666666664,0.5833333333333335,1.9633296771795763,1,ssp585
-55.25,0.5833333333333335,1.835166434912799,1,ssp585
-55.08333333333333,0.5833333333333335,1.8563113466525223,1,ssp585
-54.916666666666664,0.5833333333333335,1.7586385565082783,1,ssp585
-54.75,0.5833333333333335,1.7570134348247777,1,ssp585
-54.58333333333333,0.5833333333333335,1.795333328395046,1,ssp585
-54.416666666666664,0.5833333333333335,1.8518801525766644,1,ssp585
-54.25,0.5833333333333335,1.6588733921021415,1,ssp585
-54.08333333333333,0.5833333333333335,1.6218445210614638,1,ssp585
-53.916666666666664,0.5833333333333335,1.683963113944929,1,ssp585
-53.75,0.5833333333333335,1.740607913049114,1,ssp585
-53.58333333333333,0.5833333333333335,1.7650576031137728,1,ssp585
-53.416666666666664,0.5833333333333335,1.5882574041413091,1,ssp585
-53.25,0.5833333333333335,1.708246525264121,1,ssp585
-53.08333333333333,0.5833333333333335,1.7261210913021316,1,ssp585
-52.916666666666664,0.5833333333333335,1.7074117259707575,1,ssp585
-52.75,0.5833333333333335,1.5930408130417917,1,ssp585
-52.58333333333333,0.5833333333333335,1.472853698167397,1,ssp585
-52.416666666666664,0.5833333333333335,1.7576007615944662,1,ssp585
-52.25,0.5833333333333335,2.0738905225761606,1,ssp585
-52.08333333333333,0.5833333333333335,2.0509799016680956,1,ssp585
-51.916666666666664,0.5833333333333335,2.1703390521779387,1,ssp585
-51.75,0.5833333333333335,2.1922003158955463,1,ssp585
-51.58333333333333,0.5833333333333335,2.1730285930549647,1,ssp585
-51.416666666666664,0.5833333333333335,2.2502413590376062,1,ssp585
-51.25,0.5833333333333335,2.4356482732866436,1,ssp585
-51.08333333333333,0.5833333333333335,2.5379632258095595,1,ssp585
-50.916666666666664,0.5833333333333335,2.6199828000990757,1,ssp585
-50.75,0.5833333333333335,2.5851533038762766,1,ssp585
-50.58333333333333,0.5833333333333335,2.1615366513495147,1,ssp585
-50.416666666666664,0.5833333333333335,2.0330768005031006,1,ssp585
-50.25,0.5833333333333335,2.0524764635848474,1,ssp585
-64.58333333333333,0.41666666666666696,3.4376062193844406,1,ssp585
-64.41666666666666,0.41666666666666696,3.493547536790363,1,ssp585
-64.25,0.41666666666666696,3.474973218845712,1,ssp585
-64.08333333333333,0.41666666666666696,3.4110076503711086,1,ssp585
-63.916666666666664,0.41666666666666696,3.3829085357651905,1,ssp585
-63.74999999999999,0.41666666666666696,3.304839766404613,1,ssp585
-63.58333333333333,0.41666666666666696,3.2327649035838033,1,ssp585
-63.416666666666664,0.41666666666666696,3.20801915703388,1,ssp585
-63.24999999999999,0.41666666666666696,3.0823762378361015,1,ssp585
-63.08333333333333,0.41666666666666696,2.9700391604520395,1,ssp585
-62.916666666666664,0.41666666666666696,2.915302199946466,1,ssp585
-62.75,0.41666666666666696,2.6096083417327103,1,ssp585
-62.58333333333333,0.41666666666666696,2.6885274006003472,1,ssp585
-62.416666666666664,0.41666666666666696,2.587181525785394,1,ssp585
-62.25,0.41666666666666696,2.596233821717926,1,ssp585
-62.08333333333333,0.41666666666666696,2.392751277615944,1,ssp585
-61.916666666666664,0.41666666666666696,2.4613533909407037,1,ssp585
-61.75,0.41666666666666696,2.3065097752009307,1,ssp585
-61.58333333333333,0.41666666666666696,2.4606878359500866,1,ssp585
-61.416666666666664,0.41666666666666696,2.4713736412967466,1,ssp585
-61.25,0.41666666666666696,2.6392236292795133,1,ssp585
-61.08333333333333,0.41666666666666696,2.6482482736916384,1,ssp585
-60.916666666666664,0.41666666666666696,2.4830405996833758,1,ssp585
-60.75,0.41666666666666696,2.5610359846290955,1,ssp585
-60.58333333333333,0.41666666666666696,2.4727589982021643,1,ssp585
-60.416666666666664,0.41666666666666696,2.410379291404556,1,ssp585
-60.25,0.41666666666666696,2.276010108931099,1,ssp585
-60.08333333333333,0.41666666666666696,2.1828504729005687,1,ssp585
-59.916666666666664,0.41666666666666696,2.220548541658641,1,ssp585
-59.75,0.41666666666666696,2.208860967690886,1,ssp585
-59.58333333333333,0.41666666666666696,2.261247594233293,1,ssp585
-59.416666666666664,0.41666666666666696,2.3687719714085724,1,ssp585
-59.25,0.41666666666666696,2.241560230390283,1,ssp585
-59.08333333333333,0.41666666666666696,2.2852809205151394,1,ssp585
-58.916666666666664,0.41666666666666696,2.2403727042761137,1,ssp585
-58.75,0.41666666666666696,2.294643092662521,1,ssp585
-58.58333333333333,0.41666666666666696,2.276669478543398,1,ssp585
-58.416666666666664,0.41666666666666696,2.3158417678842405,1,ssp585
-58.25,0.41666666666666696,2.3370204966221264,1,ssp585
-58.08333333333333,0.41666666666666696,2.3333060965076475,1,ssp585
-57.916666666666664,0.41666666666666696,2.349491103294965,1,ssp585
-57.75,0.41666666666666696,2.3740831013448296,1,ssp585
-57.58333333333333,0.41666666666666696,2.2701246143781697,1,ssp585
-57.416666666666664,0.41666666666666696,2.134615420166592,1,ssp585
-57.25,0.41666666666666696,2.096646301484982,1,ssp585
-57.08333333333333,0.41666666666666696,2.1195455609895415,1,ssp585
-56.916666666666664,0.41666666666666696,2.0688218852747213,1,ssp585
-56.75,0.41666666666666696,2.0630046405934666,1,ssp585
-56.58333333333333,0.41666666666666696,2.1205581555680357,1,ssp585
-56.416666666666664,0.41666666666666696,2.1083669640192433,1,ssp585
-56.25,0.41666666666666696,2.085770964728033,1,ssp585
-56.08333333333333,0.41666666666666696,2.129002895417653,1,ssp585
-55.916666666666664,0.41666666666666696,1.9993608467224366,1,ssp585
-55.75,0.41666666666666696,1.969174904703565,1,ssp585
-55.58333333333333,0.41666666666666696,1.9637255538492302,1,ssp585
-55.416666666666664,0.41666666666666696,1.9427402729651957,1,ssp585
-55.25,0.41666666666666696,1.8251490524118557,1,ssp585
-55.08333333333333,0.41666666666666696,1.8597744529916624,1,ssp585
-54.916666666666664,0.41666666666666696,1.6999049689043224,1,ssp585
-54.75,0.41666666666666696,1.7721889961599728,1,ssp585
-54.58333333333333,0.41666666666666696,1.7324008788272947,1,ssp585
-54.416666666666664,0.41666666666666696,1.7878422259235327,1,ssp585
-54.25,0.41666666666666696,1.8175475209183332,1,ssp585
-54.08333333333333,0.41666666666666696,1.6884503570610814,1,ssp585
-53.916666666666664,0.41666666666666696,1.6337754224468617,1,ssp585
-53.75,0.41666666666666696,1.6439004815548341,1,ssp585
-53.58333333333333,0.41666666666666696,1.721912100096992,1,ssp585
-53.416666666666664,0.41666666666666696,1.8958713910413905,1,ssp585
-53.25,0.41666666666666696,1.9081146081584799,1,ssp585
-53.08333333333333,0.41666666666666696,1.9615548247342183,1,ssp585
-52.916666666666664,0.41666666666666696,1.6723085972532188,1,ssp585
-52.75,0.41666666666666696,1.673147393353831,1,ssp585
-52.58333333333333,0.41666666666666696,1.6755920046644206,1,ssp585
-52.416666666666664,0.41666666666666696,1.6535662514626441,1,ssp585
-52.25,0.41666666666666696,2.0402737433588958,1,ssp585
-52.08333333333333,0.41666666666666696,1.9508854766129025,1,ssp585
-51.916666666666664,0.41666666666666696,2.0456257072654664,1,ssp585
-51.75,0.41666666666666696,2.3091019993133113,1,ssp585
-51.58333333333333,0.41666666666666696,2.1727189415924357,1,ssp585
-51.416666666666664,0.41666666666666696,2.112411104106668,1,ssp585
-51.25,0.41666666666666696,2.327250250866675,1,ssp585
-51.08333333333333,0.41666666666666696,2.897249369778701,1,ssp585
-50.916666666666664,0.41666666666666696,2.8834392826181925,1,ssp585
-50.75,0.41666666666666696,2.309661761220019,1,ssp585
-50.58333333333333,0.41666666666666696,2.0577745868869934,1,ssp585
-50.416666666666664,0.41666666666666696,1.98374968762573,1,ssp585
-50.25,0.41666666666666696,2.0285496863678736,1,ssp585
-64.75,0.25,3.4596309758153723,1,ssp585
-64.58333333333333,0.25,3.427085084314362,1,ssp585
-64.41666666666666,0.25,3.5531996497865004,1,ssp585
-64.25,0.25,3.524502107044394,1,ssp585
-64.08333333333333,0.25,3.400489542469887,1,ssp585
-63.916666666666664,0.25,3.4223467740391214,1,ssp585
-63.74999999999999,0.25,3.418353209368024,1,ssp585
-63.58333333333333,0.25,3.2737631053608354,1,ssp585
-63.416666666666664,0.25,3.1769639248610337,1,ssp585
-63.24999999999999,0.25,3.0700675707594685,1,ssp585
-63.08333333333333,0.25,3.037904950251913,1,ssp585
-62.916666666666664,0.25,3.0072620003387907,1,ssp585
-62.75,0.25,2.7247124223757515,1,ssp585
-62.58333333333333,0.25,2.800311962627427,1,ssp585
-62.416666666666664,0.25,2.7192523015953625,1,ssp585
-62.25,0.25,2.6787091281980233,1,ssp585
-62.08333333333333,0.25,2.6216086416976543,1,ssp585
-61.916666666666664,0.25,2.5636253070751778,1,ssp585
-61.75,0.25,2.397362618600412,1,ssp585
-61.58333333333333,0.25,2.475389141416789,1,ssp585
-61.416666666666664,0.25,2.630757591856316,1,ssp585
-61.25,0.25,2.653676127523586,1,ssp585
-61.08333333333333,0.25,2.615698944583523,1,ssp585
-60.916666666666664,0.25,2.529740807440371,1,ssp585
-60.75,0.25,2.554464718540387,1,ssp585
-60.58333333333333,0.25,2.5283703237715685,1,ssp585
-60.416666666666664,0.25,2.4286257234558053,1,ssp585
-60.25,0.25,2.325096097550017,1,ssp585
-60.08333333333333,0.25,2.152039136535528,1,ssp585
-59.916666666666664,0.25,2.2722239230163197,1,ssp585
-59.75,0.25,2.300160012724828,1,ssp585
-59.58333333333333,0.25,2.2696908827027262,1,ssp585
-59.416666666666664,0.25,2.3386595787734845,1,ssp585
-59.25,0.25,2.2410701206438666,1,ssp585
-59.08333333333333,0.25,2.222531579603177,1,ssp585
-58.916666666666664,0.25,2.2739011389902837,1,ssp585
-58.75,0.25,2.342743279622621,1,ssp585
-58.58333333333333,0.25,2.3805162795826273,1,ssp585
-58.416666666666664,0.25,2.3386299831277144,1,ssp585
-58.25,0.25,2.3711595559230987,1,ssp585
-58.08333333333333,0.25,2.394156874010866,1,ssp585
-57.916666666666664,0.25,2.3107178749037085,1,ssp585
-57.75,0.25,2.248825441277167,1,ssp585
-57.58333333333333,0.25,2.2984616154695487,1,ssp585
-57.416666666666664,0.25,2.226972569150416,1,ssp585
-57.25,0.25,2.2146428731683363,1,ssp585
-57.08333333333333,0.25,2.2177042656773893,1,ssp585
-56.916666666666664,0.25,2.1723915401582037,1,ssp585
-56.75,0.25,2.121909505131926,1,ssp585
-56.58333333333333,0.25,2.145569374653611,1,ssp585
-56.416666666666664,0.25,2.1622788451402464,1,ssp585
-56.25,0.25,2.0744214943648855,1,ssp585
-56.08333333333333,0.25,2.0854344978313946,1,ssp585
-55.916666666666664,0.25,2.046285752046132,1,ssp585
-55.75,0.25,2.0249839704585715,1,ssp585
-55.58333333333333,0.25,2.0345998177564875,1,ssp585
-55.416666666666664,0.25,1.9777499767210478,1,ssp585
-55.25,0.25,1.9221762582851358,1,ssp585
-55.08333333333333,0.25,1.8165105047639576,1,ssp585
-54.916666666666664,0.25,1.7890648303019365,1,ssp585
-54.75,0.25,1.6679105822251816,1,ssp585
-54.58333333333333,0.25,1.643886730012074,1,ssp585
-54.416666666666664,0.25,1.6350316148810018,1,ssp585
-54.25,0.25,1.7114117485644125,1,ssp585
-54.08333333333333,0.25,1.585475180870318,1,ssp585
-53.916666666666664,0.25,1.5978759387410837,1,ssp585
-53.75,0.25,1.5525842557552827,1,ssp585
-53.58333333333333,0.25,1.8689593187473625,1,ssp585
-53.416666666666664,0.25,1.7848994895358345,1,ssp585
-53.25,0.25,1.7468232083239015,1,ssp585
-53.08333333333333,0.25,1.85317295944285,1,ssp585
-52.916666666666664,0.25,2.074876165752528,1,ssp585
-52.75,0.25,1.90671721357838,1,ssp585
-52.58333333333333,0.25,1.9204476896570215,1,ssp585
-52.416666666666664,0.25,1.7465579524199435,1,ssp585
-52.25,0.25,1.9098036463072783,1,ssp585
-52.08333333333333,0.25,2.0131535200452944,1,ssp585
-51.916666666666664,0.25,2.1326282266663146,1,ssp585
-51.75,0.25,2.415929671989557,1,ssp585
-51.58333333333333,0.25,2.4147945702347804,1,ssp585
-51.416666666666664,0.25,3.0737117691392455,1,ssp585
-51.25,0.25,2.6861787128583665,1,ssp585
-51.08333333333333,0.25,2.871099869803518,1,ssp585
-50.916666666666664,0.25,2.1980442261168918,1,ssp585
-50.75,0.25,1.9527720260958368,1,ssp585
-50.58333333333333,0.25,2.1040462868996945,1,ssp585
-50.416666666666664,0.25,1.9818196273293813,1,ssp585
-50.25,0.25,2.186667324902621,1,ssp585
-50.08333333333333,0.25,2.331862707637719,1,ssp585
-49.916666666666664,0.25,2.602740710540014,1,ssp585
-49.75,0.25,2.5640999107968168,1,ssp585
-64.91666666666666,0.08333333333333393,3.5750498655661223,1,ssp585
-64.75,0.08333333333333393,3.526308622059798,1,ssp585
-64.58333333333333,0.08333333333333393,3.487383874479319,1,ssp585
-64.41666666666666,0.08333333333333393,3.5177529676839923,1,ssp585
-64.25,0.08333333333333393,3.5439479013596933,1,ssp585
-64.08333333333333,0.08333333333333393,3.3692383367268253,1,ssp585
-63.916666666666664,0.08333333333333393,3.31335174349315,1,ssp585
-63.74999999999999,0.08333333333333393,3.2434418184006355,1,ssp585
-63.58333333333333,0.08333333333333393,3.319572824212816,1,ssp585
-63.416666666666664,0.08333333333333393,3.187095240299473,1,ssp585
-63.24999999999999,0.08333333333333393,3.0669044196145157,1,ssp585
-63.08333333333333,0.08333333333333393,3.1002814686476436,1,ssp585
-62.916666666666664,0.08333333333333393,3.0325046883973594,1,ssp585
-62.75,0.08333333333333393,2.838503861131714,1,ssp585
-62.58333333333333,0.08333333333333393,2.9282328765515175,1,ssp585
-62.416666666666664,0.08333333333333393,2.9129953094206336,1,ssp585
-62.25,0.08333333333333393,2.7517071558195454,1,ssp585
-62.08333333333333,0.08333333333333393,2.621879146516152,1,ssp585
-61.916666666666664,0.08333333333333393,2.64310136584298,1,ssp585
-61.75,0.08333333333333393,2.523202282192638,1,ssp585
-61.58333333333333,0.08333333333333393,2.6319531926121806,1,ssp585
-61.416666666666664,0.08333333333333393,2.8005699707208844,1,ssp585
-61.25,0.08333333333333393,2.6871761412326283,1,ssp585
-61.08333333333333,0.08333333333333393,2.665500512162194,1,ssp585
-60.916666666666664,0.08333333333333393,2.699955712350838,1,ssp585
-60.75,0.08333333333333393,2.696101515419067,1,ssp585
-60.58333333333333,0.08333333333333393,2.5022229363942525,1,ssp585
-60.416666666666664,0.08333333333333393,2.385246176062394,1,ssp585
-60.25,0.08333333333333393,2.3471585470503866,1,ssp585
-60.08333333333333,0.08333333333333393,2.4427288802119818,1,ssp585
-59.916666666666664,0.08333333333333393,2.340422895382807,1,ssp585
-59.75,0.08333333333333393,2.4154500803700456,1,ssp585
-59.58333333333333,0.08333333333333393,2.4027988548115156,1,ssp585
-59.416666666666664,0.08333333333333393,2.4446065015532943,1,ssp585
-59.25,0.08333333333333393,2.3380755802217084,1,ssp585
-59.08333333333333,0.08333333333333393,2.2853979387818693,1,ssp585
-58.916666666666664,0.08333333333333393,2.2342426973957386,1,ssp585
-58.75,0.08333333333333393,2.2491919423121125,1,ssp585
-58.58333333333333,0.08333333333333393,2.3217447342352786,1,ssp585
-58.416666666666664,0.08333333333333393,2.3248074243533443,1,ssp585
-58.25,0.08333333333333393,2.3317609539135162,1,ssp585
-58.08333333333333,0.08333333333333393,2.277355669252247,1,ssp585
-57.916666666666664,0.08333333333333393,2.202439950415468,1,ssp585
-57.75,0.08333333333333393,2.3084991315095382,1,ssp585
-57.58333333333333,0.08333333333333393,2.35848923435837,1,ssp585
-57.416666666666664,0.08333333333333393,2.331436412373518,1,ssp585
-57.25,0.08333333333333393,2.452771537257725,1,ssp585
-57.08333333333333,0.08333333333333393,2.335993323175509,1,ssp585
-56.916666666666664,0.08333333333333393,2.3561359232719026,1,ssp585
-56.75,0.08333333333333393,2.2877138949112696,1,ssp585
-56.58333333333333,0.08333333333333393,2.262135667052664,1,ssp585
-56.416666666666664,0.08333333333333393,2.1678553920064827,1,ssp585
-56.25,0.08333333333333393,2.166803061696257,1,ssp585
-56.08333333333333,0.08333333333333393,2.17306329951201,1,ssp585
-55.916666666666664,0.08333333333333393,2.1195472633122265,1,ssp585
-55.75,0.08333333333333393,2.0877537179159913,1,ssp585
-55.58333333333333,0.08333333333333393,2.0530587848182087,1,ssp585
-55.416666666666664,0.08333333333333393,2.0142131355587463,1,ssp585
-55.25,0.08333333333333393,1.9650366545507696,1,ssp585
-55.08333333333333,0.08333333333333393,1.9196787843125993,1,ssp585
-54.916666666666664,0.08333333333333393,1.7953378533965074,1,ssp585
-54.75,0.08333333333333393,1.7884569876216279,1,ssp585
-54.58333333333333,0.08333333333333393,1.7540210798590365,1,ssp585
-54.416666666666664,0.08333333333333393,1.613125259753588,1,ssp585
-54.25,0.08333333333333393,1.7293424030585993,1,ssp585
-54.08333333333333,0.08333333333333393,1.7989038767342511,1,ssp585
-53.916666666666664,0.08333333333333393,1.690746999179804,1,ssp585
-53.75,0.08333333333333393,1.6697522592406346,1,ssp585
-53.58333333333333,0.08333333333333393,1.835059431198399,1,ssp585
-53.416666666666664,0.08333333333333393,1.9099828028928036,1,ssp585
-53.25,0.08333333333333393,1.8529863484056202,1,ssp585
-53.08333333333333,0.08333333333333393,1.9302334436958084,1,ssp585
-52.916666666666664,0.08333333333333393,1.8339136375335925,1,ssp585
-52.75,0.08333333333333393,1.7568833712359346,1,ssp585
-52.58333333333333,0.08333333333333393,1.8357318735585848,1,ssp585
-52.416666666666664,0.08333333333333393,1.7273285635707056,1,ssp585
-52.25,0.08333333333333393,1.710636317366618,1,ssp585
-52.08333333333333,0.08333333333333393,2.269353895703722,1,ssp585
-51.916666666666664,0.08333333333333393,2.185645487378914,1,ssp585
-51.75,0.08333333333333393,2.417266723271253,1,ssp585
-51.58333333333333,0.08333333333333393,2.4163528401747207,1,ssp585
-51.416666666666664,0.08333333333333393,2.6665446935442603,1,ssp585
-51.25,0.08333333333333393,2.5566599622470085,1,ssp585
-51.08333333333333,0.08333333333333393,2.9963874942735114,1,ssp585
-50.916666666666664,0.08333333333333393,2.2317828236903066,1,ssp585
-50.75,0.08333333333333393,2.1338465750484175,1,ssp585
-50.58333333333333,0.08333333333333393,1.9915649283723238,1,ssp585
-50.416666666666664,0.08333333333333393,2.079087138254598,1,ssp585
-50.25,0.08333333333333393,2.233169019947043,1,ssp585
-50.08333333333333,0.08333333333333393,2.5304324390118214,1,ssp585
-49.916666666666664,0.08333333333333393,2.6974338824753907,1,ssp585
-49.75,0.08333333333333393,2.7938371976246446,1,ssp585
-49.58333333333333,0.08333333333333393,2.9764459904307863,1,ssp585
-64.91666666666666,-0.08333333333333304,3.57370940209801,1,ssp585
-64.75,-0.08333333333333304,3.5673329122885753,1,ssp585
-64.58333333333333,-0.08333333333333304,3.521424660658356,1,ssp585
-64.41666666666666,-0.08333333333333304,3.494944665275572,1,ssp585
-64.25,-0.08333333333333304,3.4908883239114843,1,ssp585
-64.08333333333333,-0.08333333333333304,3.3728748638370867,1,ssp585
-63.916666666666664,-0.08333333333333304,3.2974408958707606,1,ssp585
-63.74999999999999,-0.08333333333333304,3.210213686986257,1,ssp585
-63.58333333333333,-0.08333333333333304,3.3439495804156176,1,ssp585
-63.416666666666664,-0.08333333333333304,3.108508240155805,1,ssp585
-63.24999999999999,-0.08333333333333304,3.0844738920444152,1,ssp585
-63.08333333333333,-0.08333333333333304,2.921236849649674,1,ssp585
-62.916666666666664,-0.08333333333333304,2.9493931833802125,1,ssp585
-62.75,-0.08333333333333304,2.7903758162105894,1,ssp585
-62.58333333333333,-0.08333333333333304,3.019978538285506,1,ssp585
-62.416666666666664,-0.08333333333333304,2.9605935059822155,1,ssp585
-62.25,-0.08333333333333304,2.8384485811895095,1,ssp585
-62.08333333333333,-0.08333333333333304,2.8023072390990817,1,ssp585
-61.916666666666664,-0.08333333333333304,2.749504313402307,1,ssp585
-61.75,-0.08333333333333304,2.722088950550921,1,ssp585
-61.58333333333333,-0.08333333333333304,2.7716887663770056,1,ssp585
-61.416666666666664,-0.08333333333333304,2.887697054526975,1,ssp585
-61.25,-0.08333333333333304,2.7124501458910943,1,ssp585
-61.08333333333333,-0.08333333333333304,2.687169369808862,1,ssp585
-60.916666666666664,-0.08333333333333304,2.6576209395098553,1,ssp585
-60.75,-0.08333333333333304,2.8207102123802916,1,ssp585
-60.58333333333333,-0.08333333333333304,2.586842388818462,1,ssp585
-60.416666666666664,-0.08333333333333304,2.4653017089128118,1,ssp585
-60.25,-0.08333333333333304,2.5221464594846843,1,ssp585
-60.08333333333333,-0.08333333333333304,2.5347770490415416,1,ssp585
-59.916666666666664,-0.08333333333333304,2.444701798587657,1,ssp585
-59.75,-0.08333333333333304,2.395146375791526,1,ssp585
-59.58333333333333,-0.08333333333333304,2.501970905353661,1,ssp585
-59.416666666666664,-0.08333333333333304,2.4688540853826417,1,ssp585
-59.25,-0.08333333333333304,2.584961511152235,1,ssp585
-59.08333333333333,-0.08333333333333304,2.654667841425088,1,ssp585
-58.916666666666664,-0.08333333333333304,2.4082953266269675,1,ssp585
-58.75,-0.08333333333333304,2.201142335670945,1,ssp585
-58.58333333333333,-0.08333333333333304,2.258935449233323,1,ssp585
-58.416666666666664,-0.08333333333333304,2.253491200812305,1,ssp585
-58.25,-0.08333333333333304,2.385083419425952,1,ssp585
-58.08333333333333,-0.08333333333333304,2.4451220688116835,1,ssp585
-57.916666666666664,-0.08333333333333304,2.336812595984727,1,ssp585
-57.75,-0.08333333333333304,2.287401335827634,1,ssp585
-57.58333333333333,-0.08333333333333304,2.364894539509111,1,ssp585
-57.416666666666664,-0.08333333333333304,2.4928084901532035,1,ssp585
-57.25,-0.08333333333333304,2.4810597073091993,1,ssp585
-57.08333333333333,-0.08333333333333304,2.4660465579109405,1,ssp585
-56.916666666666664,-0.08333333333333304,2.50965586588168,1,ssp585
-56.75,-0.08333333333333304,2.4462146721898383,1,ssp585
-56.58333333333333,-0.08333333333333304,2.396052627446994,1,ssp585
-56.416666666666664,-0.08333333333333304,2.4223588230560287,1,ssp585
-56.25,-0.08333333333333304,2.2878735143624924,1,ssp585
-56.08333333333333,-0.08333333333333304,2.2165554084654993,1,ssp585
-55.916666666666664,-0.08333333333333304,2.1556372330713356,1,ssp585
-55.75,-0.08333333333333304,2.1347574075495097,1,ssp585
-55.58333333333333,-0.08333333333333304,2.105584909662425,1,ssp585
-55.416666666666664,-0.08333333333333304,2.021973972367646,1,ssp585
-55.25,-0.08333333333333304,2.019465560414171,1,ssp585
-55.08333333333333,-0.08333333333333304,2.028841328775508,1,ssp585
-54.916666666666664,-0.08333333333333304,1.9017672139619883,1,ssp585
-54.75,-0.08333333333333304,1.8417991235563926,1,ssp585
-54.58333333333333,-0.08333333333333304,1.7531763344119242,1,ssp585
-54.416666666666664,-0.08333333333333304,1.5782004103094265,1,ssp585
-54.25,-0.08333333333333304,1.6210457207510212,1,ssp585
-54.08333333333333,-0.08333333333333304,1.779744241727125,1,ssp585
-53.916666666666664,-0.08333333333333304,1.8396095007781321,1,ssp585
-53.75,-0.08333333333333304,1.8316022259427727,1,ssp585
-53.58333333333333,-0.08333333333333304,1.815673761726915,1,ssp585
-53.416666666666664,-0.08333333333333304,1.8345050774095673,1,ssp585
-53.25,-0.08333333333333304,1.8535040324100065,1,ssp585
-53.08333333333333,-0.08333333333333304,1.9010634972669276,1,ssp585
-52.916666666666664,-0.08333333333333304,1.9216136564342297,1,ssp585
-52.75,-0.08333333333333304,1.8699346300266966,1,ssp585
-52.58333333333333,-0.08333333333333304,1.9157222628572832,1,ssp585
-52.416666666666664,-0.08333333333333304,1.896286351916159,1,ssp585
-52.25,-0.08333333333333304,1.7366603123898903,1,ssp585
-52.08333333333333,-0.08333333333333304,2.2850197410197364,1,ssp585
-51.916666666666664,-0.08333333333333304,2.28502873889064,1,ssp585
-51.75,-0.08333333333333304,2.5258794220181477,1,ssp585
-51.58333333333333,-0.08333333333333304,2.490729444408809,1,ssp585
-51.416666666666664,-0.08333333333333304,2.441878900917361,1,ssp585
-51.25,-0.08333333333333304,2.407662378730328,1,ssp585
-51.08333333333333,-0.08333333333333304,2.566787808838797,1,ssp585
-50.916666666666664,-0.08333333333333304,2.350193875510546,1,ssp585
-50.75,-0.08333333333333304,2.170718540920953,1,ssp585
-50.58333333333333,-0.08333333333333304,2.229680502524793,1,ssp585
-50.416666666666664,-0.08333333333333304,2.0869532307368344,1,ssp585
-50.25,-0.08333333333333304,2.402871357384511,1,ssp585
-50.08333333333333,-0.08333333333333304,2.647231203249776,1,ssp585
-49.916666666666664,-0.08333333333333304,2.9492459546556766,1,ssp585
-49.75,-0.08333333333333304,3.0202844853530024,1,ssp585
-49.58333333333333,-0.08333333333333304,3.157340096293259,1,ssp585
-65.08333333333333,-0.25,3.5027718262547944,1,ssp585
-64.91666666666666,-0.25,3.548164028367437,1,ssp585
-64.75,-0.25,3.5472394707273764,1,ssp585
-64.58333333333333,-0.25,3.498414367998779,1,ssp585
-64.41666666666666,-0.25,3.459914705756178,1,ssp585
-64.25,-0.25,3.4330821961066555,1,ssp585
-64.08333333333333,-0.25,3.3308635331555783,1,ssp585
-63.916666666666664,-0.25,3.28843807134962,1,ssp585
-63.74999999999999,-0.25,3.2607702262310205,1,ssp585
-63.58333333333333,-0.25,3.2879248202628655,1,ssp585
-63.416666666666664,-0.25,3.170344455550135,1,ssp585
-63.24999999999999,-0.25,3.014099888367129,1,ssp585
-63.08333333333333,-0.25,2.967538102738622,1,ssp585
-62.916666666666664,-0.25,2.888753309283001,1,ssp585
-62.75,-0.25,2.863920523238244,1,ssp585
-62.58333333333333,-0.25,2.999158326683811,1,ssp585
-62.416666666666664,-0.25,2.880218455345031,1,ssp585
-62.25,-0.25,2.828285722189991,1,ssp585
-62.08333333333333,-0.25,2.859618125259023,1,ssp585
-61.916666666666664,-0.25,2.873228997359115,1,ssp585
-61.75,-0.25,2.841953622919186,1,ssp585
-61.58333333333333,-0.25,2.8777170490186617,1,ssp585
-61.416666666666664,-0.25,2.876974713416533,1,ssp585
-61.25,-0.25,2.8914430944169007,1,ssp585
-61.08333333333333,-0.25,2.791898633593171,1,ssp585
-60.916666666666664,-0.25,2.721576202398819,1,ssp585
-60.75,-0.25,2.7171621620895072,1,ssp585
-60.58333333333333,-0.25,2.6621834949039864,1,ssp585
-60.416666666666664,-0.25,2.607469227990197,1,ssp585
-60.25,-0.25,2.6574446515598567,1,ssp585
-60.08333333333333,-0.25,2.6169620897189634,1,ssp585
-59.916666666666664,-0.25,2.5176913568217314,1,ssp585
-59.75,-0.25,2.3846107583610667,1,ssp585
-59.58333333333333,-0.25,2.4542237299666176,1,ssp585
-59.416666666666664,-0.25,2.531230858731915,1,ssp585
-59.25,-0.25,2.56842577141133,1,ssp585
-59.08333333333333,-0.25,2.6977940667898963,1,ssp585
-58.916666666666664,-0.25,2.4739960204237117,1,ssp585
-58.75,-0.25,2.2794925189043105,1,ssp585
-58.58333333333333,-0.25,2.320041645810693,1,ssp585
-58.416666666666664,-0.25,2.329695788950403,1,ssp585
-58.25,-0.25,2.3471106357827205,1,ssp585
-58.08333333333333,-0.25,2.389706825237525,1,ssp585
-57.916666666666664,-0.25,2.278123616021869,1,ssp585
-57.75,-0.25,2.2921638234252093,1,ssp585
-57.58333333333333,-0.25,2.343423957614714,1,ssp585
-57.416666666666664,-0.25,2.4696715771727025,1,ssp585
-57.25,-0.25,2.6053740747437866,1,ssp585
-57.08333333333333,-0.25,2.572559485088019,1,ssp585
-56.916666666666664,-0.25,2.654259290748529,1,ssp585
-56.75,-0.25,2.609630087005208,1,ssp585
-56.58333333333333,-0.25,2.511289684405923,1,ssp585
-56.416666666666664,-0.25,2.6707362216570956,1,ssp585
-56.25,-0.25,2.3235914207931767,1,ssp585
-56.08333333333333,-0.25,2.3148727401829476,1,ssp585
-55.916666666666664,-0.25,2.2552834781607927,1,ssp585
-55.75,-0.25,2.237588907710964,1,ssp585
-55.58333333333333,-0.25,2.1666993699298205,1,ssp585
-55.416666666666664,-0.25,2.149060060982409,1,ssp585
-55.25,-0.25,2.1071596013640743,1,ssp585
-55.08333333333333,-0.25,2.0816891355638227,1,ssp585
-54.916666666666664,-0.25,1.889434750642929,1,ssp585
-54.75,-0.25,1.820056079251896,1,ssp585
-54.58333333333333,-0.25,1.7564111127996156,1,ssp585
-54.416666666666664,-0.25,1.6513099858502078,1,ssp585
-54.25,-0.25,1.6186515606625953,1,ssp585
-54.08333333333333,-0.25,1.9360772253364706,1,ssp585
-53.916666666666664,-0.25,1.8368953580830585,1,ssp585
-53.75,-0.25,1.7528751828648073,1,ssp585
-53.58333333333333,-0.25,1.786544687435379,1,ssp585
-53.416666666666664,-0.25,1.9899256644760712,1,ssp585
-53.25,-0.25,2.0375343097084553,1,ssp585
-53.08333333333333,-0.25,1.8319948353447908,1,ssp585
-52.916666666666664,-0.25,1.8138865586348767,1,ssp585
-52.75,-0.25,1.9649450359220195,1,ssp585
-52.58333333333333,-0.25,2.015180510827544,1,ssp585
-52.416666666666664,-0.25,1.8304281511691827,1,ssp585
-52.25,-0.25,1.670252633903008,1,ssp585
-52.08333333333333,-0.25,2.220101499064679,1,ssp585
-51.916666666666664,-0.25,2.1686451844096926,1,ssp585
-51.75,-0.25,2.675367444286696,1,ssp585
-51.58333333333333,-0.25,2.640136639257595,1,ssp585
-51.416666666666664,-0.25,2.418413265248425,1,ssp585
-51.25,-0.25,2.3060249200068137,1,ssp585
-51.08333333333333,-0.25,2.3256569754050447,1,ssp585
-50.916666666666664,-0.25,2.2876454690294907,1,ssp585
-50.75,-0.25,2.3113327912324864,1,ssp585
-50.58333333333333,-0.25,2.3188538943151027,1,ssp585
-50.416666666666664,-0.25,2.234262988524382,1,ssp585
-50.25,-0.25,2.4043548191805537,1,ssp585
-50.08333333333333,-0.25,2.535427645449227,1,ssp585
-49.916666666666664,-0.25,2.7665386280155104,1,ssp585
-49.75,-0.25,3.1270690937459173,1,ssp585
-49.58333333333333,-0.25,3.2676136752848404,1,ssp585
-49.416666666666664,-0.25,3.308977624266915,1,ssp585
-49.25,-0.25,3.5301954834777085,1,ssp585
-49.08333333333333,-0.25,3.39187872921637,1,ssp585
-65.08333333333333,-0.4166666666666661,3.40539350278164,1,ssp585
-64.91666666666666,-0.4166666666666661,3.4671706323731706,1,ssp585
-64.75,-0.4166666666666661,3.4747684982022724,1,ssp585
-64.58333333333333,-0.4166666666666661,3.453230471733486,1,ssp585
-64.41666666666666,-0.4166666666666661,3.4501711243517126,1,ssp585
-64.25,-0.4166666666666661,3.41782395138156,1,ssp585
-64.08333333333333,-0.4166666666666661,3.4174199147897544,1,ssp585
-63.916666666666664,-0.4166666666666661,3.327673313550466,1,ssp585
-63.74999999999999,-0.4166666666666661,3.256382086828392,1,ssp585
-63.58333333333333,-0.4166666666666661,3.064040972653613,1,ssp585
-63.416666666666664,-0.4166666666666661,3.1423917062782274,1,ssp585
-63.24999999999999,-0.4166666666666661,3.120581857767236,1,ssp585
-63.08333333333333,-0.4166666666666661,3.022116019100153,1,ssp585
-62.916666666666664,-0.4166666666666661,2.901664390721116,1,ssp585
-62.75,-0.4166666666666661,2.907698216361924,1,ssp585
-62.58333333333333,-0.4166666666666661,2.909103828966389,1,ssp585
-62.416666666666664,-0.4166666666666661,2.911129480629144,1,ssp585
-62.25,-0.4166666666666661,2.9174386380058257,1,ssp585
-62.08333333333333,-0.4166666666666661,2.9422531159924024,1,ssp585
-61.916666666666664,-0.4166666666666661,2.999971205779953,1,ssp585
-61.75,-0.4166666666666661,2.904588931650473,1,ssp585
-61.58333333333333,-0.4166666666666661,2.975949916505404,1,ssp585
-61.416666666666664,-0.4166666666666661,2.988930409604683,1,ssp585
-61.25,-0.4166666666666661,2.996632323705648,1,ssp585
-61.08333333333333,-0.4166666666666661,2.970572674646153,1,ssp585
-60.916666666666664,-0.4166666666666661,2.8946129111731302,1,ssp585
-60.75,-0.4166666666666661,2.86757538198136,1,ssp585
-60.58333333333333,-0.4166666666666661,2.763294016931425,1,ssp585
-60.416666666666664,-0.4166666666666661,2.7745705110619685,1,ssp585
-60.25,-0.4166666666666661,2.7042437891375526,1,ssp585
-60.08333333333333,-0.4166666666666661,2.5554506596376694,1,ssp585
-59.916666666666664,-0.4166666666666661,2.498555146545117,1,ssp585
-59.75,-0.4166666666666661,2.416844462432415,1,ssp585
-59.58333333333333,-0.4166666666666661,2.4135784186087115,1,ssp585
-59.416666666666664,-0.4166666666666661,2.4210989162280514,1,ssp585
-59.25,-0.4166666666666661,2.5971849403330918,1,ssp585
-59.08333333333333,-0.4166666666666661,2.6269206102328133,1,ssp585
-58.916666666666664,-0.4166666666666661,2.356474820084849,1,ssp585
-58.75,-0.4166666666666661,2.514918897622745,1,ssp585
-58.58333333333333,-0.4166666666666661,2.5908860564067506,1,ssp585
-58.416666666666664,-0.4166666666666661,2.3572029301502497,1,ssp585
-58.25,-0.4166666666666661,2.4164402360943575,1,ssp585
-58.08333333333333,-0.4166666666666661,2.5372182967711296,1,ssp585
-57.916666666666664,-0.4166666666666661,2.7481510658892243,1,ssp585
-57.75,-0.4166666666666661,2.5442100893571253,1,ssp585
-57.58333333333333,-0.4166666666666661,2.8649712238944236,1,ssp585
-57.416666666666664,-0.4166666666666661,2.5446977286441,1,ssp585
-57.25,-0.4166666666666661,2.540095907859901,1,ssp585
-57.08333333333333,-0.4166666666666661,2.6547372189633736,1,ssp585
-56.916666666666664,-0.4166666666666661,2.8495949268757284,1,ssp585
-56.75,-0.4166666666666661,2.7619628875288083,1,ssp585
-56.58333333333333,-0.4166666666666661,2.6432576298375827,1,ssp585
-56.416666666666664,-0.4166666666666661,2.6463847323168164,1,ssp585
-56.25,-0.4166666666666661,2.539073029818569,1,ssp585
-56.08333333333333,-0.4166666666666661,2.4680856287729513,1,ssp585
-55.916666666666664,-0.4166666666666661,2.3940895817453995,1,ssp585
-55.75,-0.4166666666666661,2.3435471268606003,1,ssp585
-55.58333333333333,-0.4166666666666661,2.241507095485354,1,ssp585
-55.416666666666664,-0.4166666666666661,2.2226816239223437,1,ssp585
-55.25,-0.4166666666666661,2.083859982585371,1,ssp585
-55.08333333333333,-0.4166666666666661,2.1037734621344546,1,ssp585
-54.916666666666664,-0.4166666666666661,1.8623477681034302,1,ssp585
-54.75,-0.4166666666666661,1.7841583333630961,1,ssp585
-54.58333333333333,-0.4166666666666661,1.7902587113406558,1,ssp585
-54.416666666666664,-0.4166666666666661,1.6643663300469245,1,ssp585
-54.25,-0.4166666666666661,1.7440010122593739,1,ssp585
-54.08333333333333,-0.4166666666666661,1.574407838824452,1,ssp585
-53.916666666666664,-0.4166666666666661,1.793964244557162,1,ssp585
-53.75,-0.4166666666666661,1.8062104538103387,1,ssp585
-53.58333333333333,-0.4166666666666661,1.8777163782197475,1,ssp585
-53.416666666666664,-0.4166666666666661,1.8894642154873333,1,ssp585
-53.25,-0.4166666666666661,1.9314548315504556,1,ssp585
-53.08333333333333,-0.4166666666666661,1.8596424611960383,1,ssp585
-52.916666666666664,-0.4166666666666661,1.7128487965645043,1,ssp585
-52.75,-0.4166666666666661,1.7933594525162238,1,ssp585
-52.58333333333333,-0.4166666666666661,1.7559260602695812,1,ssp585
-52.416666666666664,-0.4166666666666661,1.5787335576884243,1,ssp585
-52.25,-0.4166666666666661,1.8738041513865773,1,ssp585
-52.08333333333333,-0.4166666666666661,2.937364133194878,1,ssp585
-51.916666666666664,-0.4166666666666661,2.4837091029851983,1,ssp585
-51.75,-0.4166666666666661,2.8571107184730358,1,ssp585
-51.58333333333333,-0.4166666666666661,2.5849101907360166,1,ssp585
-51.416666666666664,-0.4166666666666661,2.3531991820895968,1,ssp585
-51.25,-0.4166666666666661,2.3055602458624915,1,ssp585
-51.08333333333333,-0.4166666666666661,2.376251891780485,1,ssp585
-50.916666666666664,-0.4166666666666661,2.297016564566427,1,ssp585
-50.75,-0.4166666666666661,2.4059587363239343,1,ssp585
-50.58333333333333,-0.4166666666666661,2.399796276345014,1,ssp585
-50.416666666666664,-0.4166666666666661,2.3813821869205962,1,ssp585
-50.25,-0.4166666666666661,2.4545925283859122,1,ssp585
-50.08333333333333,-0.4166666666666661,2.572623856118601,1,ssp585
-49.916666666666664,-0.4166666666666661,2.7023056884350973,1,ssp585
-49.75,-0.4166666666666661,2.948164022140017,1,ssp585
-49.58333333333333,-0.4166666666666661,3.042460370730717,1,ssp585
-49.416666666666664,-0.4166666666666661,3.284204273929245,1,ssp585
-49.25,-0.4166666666666661,3.4862525153012616,1,ssp585
-49.08333333333333,-0.4166666666666661,3.680833553107044,1,ssp585
-48.916666666666664,-0.4166666666666661,3.735587177287839,1,ssp585
-48.75,-0.4166666666666661,3.668063204200891,1,ssp585
-48.58333333333333,-0.4166666666666661,3.613757197654266,1,ssp585
-65.08333333333333,-0.583333333333333,3.502043831011516,1,ssp585
-64.91666666666666,-0.583333333333333,3.5060246926422063,1,ssp585
-64.75,-0.583333333333333,3.5287650329531646,1,ssp585
-64.58333333333333,-0.583333333333333,3.485291300763811,1,ssp585
-64.41666666666666,-0.583333333333333,3.461364367042187,1,ssp585
-64.25,-0.583333333333333,3.4623250133234476,1,ssp585
-64.08333333333333,-0.583333333333333,3.3571969560279986,1,ssp585
-63.916666666666664,-0.583333333333333,3.3660573047662643,1,ssp585
-63.74999999999999,-0.583333333333333,3.295337854968825,1,ssp585
-63.58333333333333,-0.583333333333333,3.0953555847212844,1,ssp585
-63.416666666666664,-0.583333333333333,2.8500121464285924,1,ssp585
-63.24999999999999,-0.583333333333333,2.82796097870493,1,ssp585
-63.08333333333333,-0.583333333333333,2.982635976178969,1,ssp585
-62.916666666666664,-0.583333333333333,2.9382664713501767,1,ssp585
-62.75,-0.583333333333333,3.0168585718099523,1,ssp585
-62.58333333333333,-0.583333333333333,2.937485571589288,1,ssp585
-62.416666666666664,-0.583333333333333,2.919229213360169,1,ssp585
-62.25,-0.583333333333333,2.9721416004905405,1,ssp585
-62.08333333333333,-0.583333333333333,2.957641113299703,1,ssp585
-61.916666666666664,-0.583333333333333,3.0405950744772263,1,ssp585
-61.75,-0.583333333333333,3.0094719595535526,1,ssp585
-61.58333333333333,-0.583333333333333,3.0754411014547918,1,ssp585
-61.416666666666664,-0.583333333333333,3.0646140012507113,1,ssp585
-61.25,-0.583333333333333,3.029971127791596,1,ssp585
-61.08333333333333,-0.583333333333333,2.9716230922103892,1,ssp585
-60.916666666666664,-0.583333333333333,3.0226330066151306,1,ssp585
-60.75,-0.583333333333333,2.9965235365820577,1,ssp585
-60.58333333333333,-0.583333333333333,2.8518472542338547,1,ssp585
-60.416666666666664,-0.583333333333333,2.82302700362379,1,ssp585
-60.25,-0.583333333333333,2.63112235088911,1,ssp585
-60.08333333333333,-0.583333333333333,2.4750496502862953,1,ssp585
-59.916666666666664,-0.583333333333333,2.4651834256808476,1,ssp585
-59.75,-0.583333333333333,2.4874852875730427,1,ssp585
-59.58333333333333,-0.583333333333333,2.4672669688562108,1,ssp585
-59.416666666666664,-0.583333333333333,2.428291058335587,1,ssp585
-59.25,-0.583333333333333,2.5644109227006187,1,ssp585
-59.08333333333333,-0.583333333333333,2.4731942121064687,1,ssp585
-58.916666666666664,-0.583333333333333,2.4181286700012965,1,ssp585
-58.75,-0.583333333333333,2.6004517583264652,1,ssp585
-58.58333333333333,-0.583333333333333,2.6592884887002115,1,ssp585
-58.416666666666664,-0.583333333333333,2.5938725641082794,1,ssp585
-58.25,-0.583333333333333,2.33171562170495,1,ssp585
-58.08333333333333,-0.583333333333333,2.585492189580612,1,ssp585
-57.916666666666664,-0.583333333333333,2.6155365284710967,1,ssp585
-57.75,-0.583333333333333,2.861745207931748,1,ssp585
-57.58333333333333,-0.583333333333333,2.7580452035928302,1,ssp585
-57.416666666666664,-0.583333333333333,2.4941744471483025,1,ssp585
-57.25,-0.583333333333333,2.4618152283624184,1,ssp585
-57.08333333333333,-0.583333333333333,2.508393106949576,1,ssp585
-56.916666666666664,-0.583333333333333,2.7774595696313784,1,ssp585
-56.75,-0.583333333333333,2.8851407660884623,1,ssp585
-56.58333333333333,-0.583333333333333,2.7629447560094422,1,ssp585
-56.416666666666664,-0.583333333333333,2.6542468396722607,1,ssp585
-56.25,-0.583333333333333,2.7246125432112795,1,ssp585
-56.08333333333333,-0.583333333333333,2.6804480335802134,1,ssp585
-55.916666666666664,-0.583333333333333,2.5708699768259073,1,ssp585
-55.75,-0.583333333333333,2.3749506535192078,1,ssp585
-55.58333333333333,-0.583333333333333,2.2826588978086715,1,ssp585
-55.416666666666664,-0.583333333333333,2.217938903038042,1,ssp585
-55.25,-0.583333333333333,2.2226245677540972,1,ssp585
-55.08333333333333,-0.583333333333333,2.0562867507546803,1,ssp585
-54.916666666666664,-0.583333333333333,1.8889484152412856,1,ssp585
-54.75,-0.583333333333333,1.8435469776978164,1,ssp585
-54.58333333333333,-0.583333333333333,1.7802281191545712,1,ssp585
-54.416666666666664,-0.583333333333333,1.7302470294105246,1,ssp585
-54.25,-0.583333333333333,1.6686182768355882,1,ssp585
-54.08333333333333,-0.583333333333333,1.5914437152272307,1,ssp585
-53.916666666666664,-0.583333333333333,1.5857137232041545,1,ssp585
-53.75,-0.583333333333333,1.830244120674347,1,ssp585
-53.58333333333333,-0.583333333333333,1.913008764476377,1,ssp585
-53.416666666666664,-0.583333333333333,2.0338537629058275,1,ssp585
-53.25,-0.583333333333333,1.6781036985042794,1,ssp585
-53.08333333333333,-0.583333333333333,1.382524762732344,1,ssp585
-52.916666666666664,-0.583333333333333,1.5050016741826326,1,ssp585
-52.75,-0.583333333333333,1.485142635746909,1,ssp585
-52.58333333333333,-0.583333333333333,2.3506545720575054,1,ssp585
-52.416666666666664,-0.583333333333333,2.2060363444964137,1,ssp585
-52.25,-0.583333333333333,2.4974851844708144,1,ssp585
-52.08333333333333,-0.583333333333333,2.5120193985734867,1,ssp585
-51.916666666666664,-0.583333333333333,2.4538858836137316,1,ssp585
-51.75,-0.583333333333333,2.7195764725022724,1,ssp585
-51.58333333333333,-0.583333333333333,2.498677952587364,1,ssp585
-51.416666666666664,-0.583333333333333,2.482452735468952,1,ssp585
-51.25,-0.583333333333333,2.4822436695406473,1,ssp585
-51.08333333333333,-0.583333333333333,2.4317963177923643,1,ssp585
-50.916666666666664,-0.583333333333333,2.3929629478921157,1,ssp585
-50.75,-0.583333333333333,2.4949858806376084,1,ssp585
-50.58333333333333,-0.583333333333333,2.4800946851537273,1,ssp585
-50.416666666666664,-0.583333333333333,2.5255006385602523,1,ssp585
-50.25,-0.583333333333333,2.535720947941045,1,ssp585
-50.08333333333333,-0.583333333333333,2.592074601356275,1,ssp585
-49.916666666666664,-0.583333333333333,2.6968741570172905,1,ssp585
-49.75,-0.583333333333333,2.690236616096864,1,ssp585
-49.58333333333333,-0.583333333333333,2.819892474162787,1,ssp585
-49.416666666666664,-0.583333333333333,3.0850682488479846,1,ssp585
-49.25,-0.583333333333333,3.379153352294808,1,ssp585
-49.08333333333333,-0.583333333333333,3.586397415928826,1,ssp585
-48.916666666666664,-0.583333333333333,3.572956318568797,1,ssp585
-48.75,-0.583333333333333,3.695233018400681,1,ssp585
-48.58333333333333,-0.583333333333333,3.319657166177455,1,ssp585
-65.08333333333333,-0.75,3.4544112866011147,1,ssp585
-64.91666666666666,-0.75,3.469606255936795,1,ssp585
-64.75,-0.75,3.476561400978457,1,ssp585
-64.58333333333333,-0.75,3.4182115388228107,1,ssp585
-64.41666666666666,-0.75,3.4160098692782337,1,ssp585
-64.25,-0.75,3.3549286005025767,1,ssp585
-64.08333333333333,-0.75,3.3395278138491187,1,ssp585
-63.916666666666664,-0.75,3.370295096432036,1,ssp585
-63.74999999999999,-0.75,3.348972027782441,1,ssp585
-63.58333333333333,-0.75,3.2935951191639936,1,ssp585
-63.416666666666664,-0.75,2.969864561901373,1,ssp585
-63.24999999999999,-0.75,2.8106407262531485,1,ssp585
-63.08333333333333,-0.75,2.7075372358011656,1,ssp585
-62.916666666666664,-0.75,2.758982396358091,1,ssp585
-62.75,-0.75,3.005820289976926,1,ssp585
-62.58333333333333,-0.75,3.041277432748181,1,ssp585
-62.416666666666664,-0.75,2.9917677833849,1,ssp585
-62.25,-0.75,2.941321493455621,1,ssp585
-62.08333333333333,-0.75,2.9145447284796173,1,ssp585
-61.916666666666664,-0.75,2.948420853486922,1,ssp585
-61.75,-0.75,3.011199397321782,1,ssp585
-61.58333333333333,-0.75,3.126884079180785,1,ssp585
-61.416666666666664,-0.75,3.1472467573710774,1,ssp585
-61.25,-0.75,3.173028869974185,1,ssp585
-61.08333333333333,-0.75,3.060838687968142,1,ssp585
-60.916666666666664,-0.75,3.099542779673218,1,ssp585
-60.75,-0.75,3.0709928024250015,1,ssp585
-60.58333333333333,-0.75,2.956802484065908,1,ssp585
-60.416666666666664,-0.75,2.8675493909521776,1,ssp585
-60.25,-0.75,2.8560235292617726,1,ssp585
-60.08333333333333,-0.75,2.55910443076957,1,ssp585
-59.916666666666664,-0.75,2.534091411347501,1,ssp585
-59.75,-0.75,2.5498771878003668,1,ssp585
-59.58333333333333,-0.75,2.4875452206147437,1,ssp585
-59.416666666666664,-0.75,2.4663586478076986,1,ssp585
-59.25,-0.75,2.611919185488719,1,ssp585
-59.08333333333333,-0.75,2.7151533139729276,1,ssp585
-58.916666666666664,-0.75,2.5860846663801436,1,ssp585
-58.75,-0.75,2.361376362759081,1,ssp585
-58.58333333333333,-0.75,2.6740997610104817,1,ssp585
-58.416666666666664,-0.75,2.5958322898522312,1,ssp585
-58.25,-0.75,2.398033767661466,1,ssp585
-58.08333333333333,-0.75,2.3527279148371467,1,ssp585
-57.916666666666664,-0.75,2.5399708387944537,1,ssp585
-57.75,-0.75,2.596072534784006,1,ssp585
-57.58333333333333,-0.75,2.5360892672854076,1,ssp585
-57.416666666666664,-0.75,2.561906723945446,1,ssp585
-57.25,-0.75,2.4711830047563383,1,ssp585
-57.08333333333333,-0.75,2.507764828645663,1,ssp585
-56.916666666666664,-0.75,2.7154602444897775,1,ssp585
-56.75,-0.75,2.716854755571816,1,ssp585
-56.58333333333333,-0.75,2.8478526019181665,1,ssp585
-56.416666666666664,-0.75,2.8825125371823312,1,ssp585
-56.25,-0.75,2.8013437286198517,1,ssp585
-56.08333333333333,-0.75,2.9817346593939473,1,ssp585
-55.916666666666664,-0.75,2.86249975667773,1,ssp585
-55.75,-0.75,2.4261981449841943,1,ssp585
-55.58333333333333,-0.75,2.3577678966867737,1,ssp585
-55.416666666666664,-0.75,2.2236530666630347,1,ssp585
-55.25,-0.75,2.2718078561560135,1,ssp585
-55.08333333333333,-0.75,2.160686125920896,1,ssp585
-54.916666666666664,-0.75,1.9701409403176993,1,ssp585
-54.75,-0.75,1.9889316605801701,1,ssp585
-54.58333333333333,-0.75,1.829980832537493,1,ssp585
-54.416666666666664,-0.75,1.754051864241482,1,ssp585
-54.25,-0.75,1.689356284210197,1,ssp585
-54.08333333333333,-0.75,1.6624686436065057,1,ssp585
-53.916666666666664,-0.75,1.8436446164161435,1,ssp585
-53.75,-0.75,1.9522892930444207,1,ssp585
-53.58333333333333,-0.75,2.117942952625841,1,ssp585
-53.416666666666664,-0.75,1.6986022833169754,1,ssp585
-53.25,-0.75,1.667537164933473,1,ssp585
-53.08333333333333,-0.75,1.7622223562618786,1,ssp585
-52.916666666666664,-0.75,2.5664854731021554,1,ssp585
-52.75,-0.75,2.1009617518890638,1,ssp585
-52.58333333333333,-0.75,2.4972359184201003,1,ssp585
-52.416666666666664,-0.75,2.2006174609168374,1,ssp585
-52.25,-0.75,2.170875322196271,1,ssp585
-52.08333333333333,-0.75,2.3509439672350676,1,ssp585
-51.916666666666664,-0.75,2.631551604721588,1,ssp585
-51.75,-0.75,2.6575877315439875,1,ssp585
-51.58333333333333,-0.75,2.6171286285242683,1,ssp585
-51.416666666666664,-0.75,2.5506404174363615,1,ssp585
-51.25,-0.75,2.543824639404986,1,ssp585
-51.08333333333333,-0.75,2.502996659340429,1,ssp585
-50.916666666666664,-0.75,2.4855440712247323,1,ssp585
-50.75,-0.75,2.461338927687459,1,ssp585
-50.58333333333333,-0.75,2.5132635198443114,1,ssp585
-50.416666666666664,-0.75,2.532777259059924,1,ssp585
-50.25,-0.75,2.5553771227249835,1,ssp585
-50.08333333333333,-0.75,2.557809746153947,1,ssp585
-49.916666666666664,-0.75,2.5378530962682535,1,ssp585
-49.75,-0.75,2.6239812541964365,1,ssp585
-49.58333333333333,-0.75,2.655963448470905,1,ssp585
-49.416666666666664,-0.75,2.904629192237088,1,ssp585
-49.25,-0.75,3.159934993783359,1,ssp585
-49.08333333333333,-0.75,3.264529028781048,1,ssp585
-48.916666666666664,-0.75,3.333471240518701,1,ssp585
-48.75,-0.75,3.3506480112447727,1,ssp585
-48.58333333333333,-0.75,2.6703807605031775,1,ssp585
-48.416666666666664,-0.75,2.594485139455349,1,ssp585
-48.25,-0.75,2.557503632151048,1,ssp585
-48.08333333333333,-0.75,2.233489388282973,1,ssp585
-47.916666666666664,-0.75,2.2102074213461282,1,ssp585
-47.75,-0.75,2.2680477010062976,1,ssp585
-47.58333333333333,-0.75,2.315162932479225,1,ssp585
-47.416666666666664,-0.75,2.30634633372478,1,ssp585
-65.08333333333333,-0.9166666666666661,3.4065483887833716,1,ssp585
-64.91666666666666,-0.9166666666666661,3.408745595289829,1,ssp585
-64.75,-0.9166666666666661,3.4087617335801794,1,ssp585
-64.58333333333333,-0.9166666666666661,3.3757024738144135,1,ssp585
-64.41666666666666,-0.9166666666666661,3.32660845457095,1,ssp585
-64.25,-0.9166666666666661,3.299723428429931,1,ssp585
-64.08333333333333,-0.9166666666666661,3.255070506867126,1,ssp585
-63.916666666666664,-0.9166666666666661,3.1469465736504114,1,ssp585
-63.74999999999999,-0.9166666666666661,3.080553708665872,1,ssp585
-63.58333333333333,-0.9166666666666661,3.035345896414199,1,ssp585
-63.416666666666664,-0.9166666666666661,2.9041120693879625,1,ssp585
-63.24999999999999,-0.9166666666666661,2.844426238723375,1,ssp585
-63.08333333333333,-0.9166666666666661,2.6996615693529,1,ssp585
-62.916666666666664,-0.9166666666666661,2.5690380416255136,1,ssp585
-62.75,-0.9166666666666661,2.739589152565648,1,ssp585
-62.58333333333333,-0.9166666666666661,2.923862434303475,1,ssp585
-62.416666666666664,-0.9166666666666661,3.015547142753525,1,ssp585
-62.25,-0.9166666666666661,3.0135618459791944,1,ssp585
-62.08333333333333,-0.9166666666666661,2.933112306544806,1,ssp585
-61.916666666666664,-0.9166666666666661,2.945624213178553,1,ssp585
-61.75,-0.9166666666666661,3.06828337956212,1,ssp585
-61.58333333333333,-0.9166666666666661,3.186223229604703,1,ssp585
-61.416666666666664,-0.9166666666666661,3.2117741697970588,1,ssp585
-61.25,-0.9166666666666661,3.2595050368807383,1,ssp585
-61.08333333333333,-0.9166666666666661,3.127484550159,1,ssp585
-60.916666666666664,-0.9166666666666661,3.112727382051246,1,ssp585
-60.75,-0.9166666666666661,3.073042921225426,1,ssp585
-60.58333333333333,-0.9166666666666661,3.0093291537478635,1,ssp585
-60.416666666666664,-0.9166666666666661,2.9176462577539817,1,ssp585
-60.25,-0.9166666666666661,2.8486918509817736,1,ssp585
-60.08333333333333,-0.9166666666666661,2.5833116257858317,1,ssp585
-59.916666666666664,-0.9166666666666661,2.5785925534861813,1,ssp585
-59.75,-0.9166666666666661,2.5504304298643525,1,ssp585
-59.58333333333333,-0.9166666666666661,2.604064428313071,1,ssp585
-59.416666666666664,-0.9166666666666661,2.5900393878883845,1,ssp585
-59.25,-0.9166666666666661,2.516088504524696,1,ssp585
-59.08333333333333,-0.9166666666666661,2.580147592513158,1,ssp585
-58.916666666666664,-0.9166666666666661,2.64362317397879,1,ssp585
-58.75,-0.9166666666666661,2.3694133857737967,1,ssp585
-58.58333333333333,-0.9166666666666661,2.386401222747588,1,ssp585
-58.416666666666664,-0.9166666666666661,2.5740685333603333,1,ssp585
-58.25,-0.9166666666666661,2.488307964827247,1,ssp585
-58.08333333333333,-0.9166666666666661,2.430544787096269,1,ssp585
-57.916666666666664,-0.9166666666666661,2.1452101572669746,1,ssp585
-57.75,-0.9166666666666661,2.131114019273631,1,ssp585
-57.58333333333333,-0.9166666666666661,2.4071703125202637,1,ssp585
-57.416666666666664,-0.9166666666666661,2.1813802573175334,1,ssp585
-57.25,-0.9166666666666661,2.5231325596006178,1,ssp585
-57.08333333333333,-0.9166666666666661,2.6598724414733486,1,ssp585
-56.916666666666664,-0.9166666666666661,2.580597061871995,1,ssp585
-56.75,-0.9166666666666661,2.410722265133432,1,ssp585
-56.58333333333333,-0.9166666666666661,2.7743086005063766,1,ssp585
-56.416666666666664,-0.9166666666666661,2.665425941765046,1,ssp585
-56.25,-0.9166666666666661,2.7731241201499293,1,ssp585
-56.08333333333333,-0.9166666666666661,3.0132731592202466,1,ssp585
-55.916666666666664,-0.9166666666666661,3.043142849727625,1,ssp585
-55.75,-0.9166666666666661,2.6665505012211037,1,ssp585
-55.58333333333333,-0.9166666666666661,2.4023116426281876,1,ssp585
-55.416666666666664,-0.9166666666666661,2.273597720884731,1,ssp585
-55.25,-0.9166666666666661,2.3032320178724617,1,ssp585
-55.08333333333333,-0.9166666666666661,2.35127226172022,1,ssp585
-54.916666666666664,-0.9166666666666661,2.2695253227912984,1,ssp585
-54.75,-0.9166666666666661,2.0406422441691068,1,ssp585
-54.58333333333333,-0.9166666666666661,1.8860902537010595,1,ssp585
-54.416666666666664,-0.9166666666666661,1.9378424463378665,1,ssp585
-54.25,-0.9166666666666661,1.8306651474906397,1,ssp585
-54.08333333333333,-0.9166666666666661,1.6729123170046258,1,ssp585
-53.916666666666664,-0.9166666666666661,1.5808816421766811,1,ssp585
-53.75,-0.9166666666666661,1.7616282418847218,1,ssp585
-53.58333333333333,-0.9166666666666661,1.492053991250417,1,ssp585
-53.416666666666664,-0.9166666666666661,1.6493078139162307,1,ssp585
-53.25,-0.9166666666666661,2.064372933589223,1,ssp585
-53.08333333333333,-0.9166666666666661,2.383525524339768,1,ssp585
-52.916666666666664,-0.9166666666666661,2.3357971417523418,1,ssp585
-52.75,-0.9166666666666661,2.0100660858393575,1,ssp585
-52.58333333333333,-0.9166666666666661,2.067135257303195,1,ssp585
-52.416666666666664,-0.9166666666666661,2.2531051467692698,1,ssp585
-52.25,-0.9166666666666661,2.0646273093022955,1,ssp585
-52.08333333333333,-0.9166666666666661,2.4342302362710804,1,ssp585
-51.916666666666664,-0.9166666666666661,2.6173283570539363,1,ssp585
-51.75,-0.9166666666666661,2.653640280660352,1,ssp585
-51.58333333333333,-0.9166666666666661,2.537057161755807,1,ssp585
-51.416666666666664,-0.9166666666666661,2.541886093213328,1,ssp585
-51.25,-0.9166666666666661,2.5153300807527414,1,ssp585
-51.08333333333333,-0.9166666666666661,2.508428317826326,1,ssp585
-50.916666666666664,-0.9166666666666661,2.5035358472961304,1,ssp585
-50.75,-0.9166666666666661,2.4625821211850356,1,ssp585
-50.58333333333333,-0.9166666666666661,2.4706287433111007,1,ssp585
-50.416666666666664,-0.9166666666666661,2.48539620031235,1,ssp585
-50.25,-0.9166666666666661,2.4971616236358765,1,ssp585
-50.08333333333333,-0.9166666666666661,2.506811797475581,1,ssp585
-49.916666666666664,-0.9166666666666661,2.5043650425087254,1,ssp585
-49.75,-0.9166666666666661,2.5172708220513846,1,ssp585
-49.58333333333333,-0.9166666666666661,2.5827597751434226,1,ssp585
-49.416666666666664,-0.9166666666666661,2.827175208175515,1,ssp585
-49.25,-0.9166666666666661,2.9403944764276897,1,ssp585
-49.08333333333333,-0.9166666666666661,3.005424344634318,1,ssp585
-48.916666666666664,-0.9166666666666661,2.995714680322581,1,ssp585
-48.75,-0.9166666666666661,2.9094622740035683,1,ssp585
-48.58333333333333,-0.9166666666666661,2.248673962857435,1,ssp585
-48.416666666666664,-0.9166666666666661,2.4747563799305117,1,ssp585
-48.25,-0.9166666666666661,2.2167089766586314,1,ssp585
-48.08333333333333,-0.9166666666666661,2.2286604599928377,1,ssp585
-47.916666666666664,-0.9166666666666661,2.2855497709409915,1,ssp585
-47.75,-0.9166666666666661,2.2662800184758454,1,ssp585
-47.58333333333333,-0.9166666666666661,2.2755550218113703,1,ssp585
-47.416666666666664,-0.9166666666666661,2.2441129037989365,1,ssp585
-47.25,-0.9166666666666661,2.3694104115121832,1,ssp585
-47.08333333333333,-0.9166666666666661,2.3595419515138016,1,ssp585
-46.916666666666664,-0.9166666666666661,2.5040771001341575,1,ssp585
-46.75,-0.9166666666666661,2.3371639903101693,1,ssp585
-65.08333333333333,-1.083333333333333,3.341331246306308,1,ssp585
-64.91666666666666,-1.083333333333333,3.3862555943422543,1,ssp585
-64.75,-1.083333333333333,3.37565915384694,1,ssp585
-64.58333333333333,-1.083333333333333,3.352786470186309,1,ssp585
-64.41666666666666,-1.083333333333333,3.2741877732889733,1,ssp585
-64.25,-1.083333333333333,3.245753719436618,1,ssp585
-64.08333333333333,-1.083333333333333,3.198779777904286,1,ssp585
-63.916666666666664,-1.083333333333333,3.089044224897297,1,ssp585
-63.74999999999999,-1.083333333333333,3.0037483514109313,1,ssp585
-63.58333333333333,-1.083333333333333,2.944989244451818,1,ssp585
-63.416666666666664,-1.083333333333333,2.876158859359955,1,ssp585
-63.24999999999999,-1.083333333333333,2.8801118323209893,1,ssp585
-63.08333333333333,-1.083333333333333,2.8346548149752118,1,ssp585
-62.916666666666664,-1.083333333333333,2.6422938810242464,1,ssp585
-62.75,-1.083333333333333,2.6663440138815395,1,ssp585
-62.58333333333333,-1.083333333333333,2.7652219095912924,1,ssp585
-62.416666666666664,-1.083333333333333,2.900975040871974,1,ssp585
-62.25,-1.083333333333333,2.996118646245929,1,ssp585
-62.08333333333333,-1.083333333333333,3.084412845837011,1,ssp585
-61.916666666666664,-1.083333333333333,3.014338772116763,1,ssp585
-61.75,-1.083333333333333,3.111464611163303,1,ssp585
-61.58333333333333,-1.083333333333333,3.1913736971090834,1,ssp585
-61.416666666666664,-1.083333333333333,3.17664668787754,1,ssp585
-61.25,-1.083333333333333,3.2528594107395667,1,ssp585
-61.08333333333333,-1.083333333333333,3.1701903258072517,1,ssp585
-60.916666666666664,-1.083333333333333,3.0403263820959587,1,ssp585
-60.75,-1.083333333333333,2.9393760655667855,1,ssp585
-60.58333333333333,-1.083333333333333,3.0360023423173774,1,ssp585
-60.416666666666664,-1.083333333333333,3.0161398794503644,1,ssp585
-60.25,-1.083333333333333,2.9215008093362016,1,ssp585
-60.08333333333333,-1.083333333333333,2.8080513382932346,1,ssp585
-59.916666666666664,-1.083333333333333,2.678191525257555,1,ssp585
-59.75,-1.083333333333333,2.7732417326094567,1,ssp585
-59.58333333333333,-1.083333333333333,2.7265133663984287,1,ssp585
-59.416666666666664,-1.083333333333333,2.661183792377385,1,ssp585
-59.25,-1.083333333333333,2.5894196492069943,1,ssp585
-59.08333333333333,-1.083333333333333,2.4216051919574277,1,ssp585
-58.916666666666664,-1.083333333333333,2.532267391198608,1,ssp585
-58.75,-1.083333333333333,2.5640761628629756,1,ssp585
-58.58333333333333,-1.083333333333333,2.5067973451809067,1,ssp585
-58.416666666666664,-1.083333333333333,2.2513776364566223,1,ssp585
-58.25,-1.083333333333333,2.3195872914479163,1,ssp585
-58.08333333333333,-1.083333333333333,2.5089593656484954,1,ssp585
-57.916666666666664,-1.083333333333333,2.4158060948366336,1,ssp585
-57.75,-1.083333333333333,2.0411990011599315,1,ssp585
-57.58333333333333,-1.083333333333333,2.0199160503704467,1,ssp585
-57.416666666666664,-1.083333333333333,2.25418559854656,1,ssp585
-57.25,-1.083333333333333,2.566915361996545,1,ssp585
-57.08333333333333,-1.083333333333333,2.7296784342419462,1,ssp585
-56.916666666666664,-1.083333333333333,2.752488645021415,1,ssp585
-56.75,-1.083333333333333,3.009714032074656,1,ssp585
-56.58333333333333,-1.083333333333333,3.0299639203857067,1,ssp585
-56.416666666666664,-1.083333333333333,3.05978801179978,1,ssp585
-56.25,-1.083333333333333,2.9630356499096457,1,ssp585
-56.08333333333333,-1.083333333333333,3.049162161350611,1,ssp585
-55.916666666666664,-1.083333333333333,3.3333803647504165,1,ssp585
-55.75,-1.083333333333333,3.000403812110975,1,ssp585
-55.58333333333333,-1.083333333333333,2.5760349493434753,1,ssp585
-55.416666666666664,-1.083333333333333,2.737184248341266,1,ssp585
-55.25,-1.083333333333333,2.5459019100436766,1,ssp585
-55.08333333333333,-1.083333333333333,2.393084078810841,1,ssp585
-54.916666666666664,-1.083333333333333,2.3594202150051933,1,ssp585
-54.75,-1.083333333333333,2.124070177935819,1,ssp585
-54.58333333333333,-1.083333333333333,1.9896031358795851,1,ssp585
-54.416666666666664,-1.083333333333333,2.0226858991467545,1,ssp585
-54.25,-1.083333333333333,1.871546797426174,1,ssp585
-54.08333333333333,-1.083333333333333,1.789262242182007,1,ssp585
-53.916666666666664,-1.083333333333333,1.8768116658179865,1,ssp585
-53.75,-1.083333333333333,1.6757059623543247,1,ssp585
-53.58333333333333,-1.083333333333333,1.6179040395325412,1,ssp585
-53.416666666666664,-1.083333333333333,2.118429959248191,1,ssp585
-53.25,-1.083333333333333,2.708179296119305,1,ssp585
-53.08333333333333,-1.083333333333333,2.5117178015075656,1,ssp585
-52.916666666666664,-1.083333333333333,1.9579208592603605,1,ssp585
-52.75,-1.083333333333333,1.7696237590369341,1,ssp585
-52.58333333333333,-1.083333333333333,2.1417700979374894,1,ssp585
-52.416666666666664,-1.083333333333333,2.237778287790461,1,ssp585
-52.25,-1.083333333333333,2.4267053914718604,1,ssp585
-52.08333333333333,-1.083333333333333,2.4417701950615585,1,ssp585
-51.916666666666664,-1.083333333333333,2.5643650573369774,1,ssp585
-51.75,-1.083333333333333,2.6309232784209553,1,ssp585
-51.58333333333333,-1.083333333333333,2.5458476912934085,1,ssp585
-51.416666666666664,-1.083333333333333,2.5346478749768426,1,ssp585
-51.25,-1.083333333333333,2.472968272016436,1,ssp585
-51.08333333333333,-1.083333333333333,2.466133228555766,1,ssp585
-50.916666666666664,-1.083333333333333,2.454442389512066,1,ssp585
-50.75,-1.083333333333333,2.468629642036939,1,ssp585
-50.58333333333333,-1.083333333333333,2.4580161536329963,1,ssp585
-50.416666666666664,-1.083333333333333,2.4164974334221743,1,ssp585
-50.25,-1.083333333333333,2.406150826568899,1,ssp585
-50.08333333333333,-1.083333333333333,2.369489062844181,1,ssp585
-49.916666666666664,-1.083333333333333,2.3606231555576946,1,ssp585
-49.75,-1.083333333333333,2.379330322111594,1,ssp585
-49.58333333333333,-1.083333333333333,2.3953229328028085,1,ssp585
-49.416666666666664,-1.083333333333333,2.7228746846638985,1,ssp585
-49.25,-1.083333333333333,2.826730927189328,1,ssp585
-49.08333333333333,-1.083333333333333,2.8698054306573124,1,ssp585
-48.916666666666664,-1.083333333333333,2.6214026843084253,1,ssp585
-48.75,-1.083333333333333,2.280647734605675,1,ssp585
-48.58333333333333,-1.083333333333333,2.360058054822742,1,ssp585
-48.416666666666664,-1.083333333333333,2.1961827862810464,1,ssp585
-48.25,-1.083333333333333,2.0116878564308474,1,ssp585
-48.08333333333333,-1.083333333333333,2.125878360116481,1,ssp585
-47.916666666666664,-1.083333333333333,2.1546014853077438,1,ssp585
-47.75,-1.083333333333333,2.1178581183675047,1,ssp585
-47.58333333333333,-1.083333333333333,2.1794382228625317,1,ssp585
-47.416666666666664,-1.083333333333333,2.1465432820807444,1,ssp585
-47.25,-1.083333333333333,2.2607422355412945,1,ssp585
-47.08333333333333,-1.083333333333333,2.3623046025577517,1,ssp585
-46.916666666666664,-1.083333333333333,2.3975587831724843,1,ssp585
-46.75,-1.083333333333333,2.3174553900976362,1,ssp585
-46.58333333333333,-1.083333333333333,2.210425257997228,1,ssp585
-46.416666666666664,-1.083333333333333,2.0141161945482002,1,ssp585
-46.25,-1.083333333333333,1.8596279621513305,1,ssp585
-65.08333333333333,-1.25,3.3373407948058436,1,ssp585
-64.91666666666666,-1.25,3.3071165231875144,1,ssp585
-64.75,-1.25,3.2945982467781936,1,ssp585
-64.58333333333333,-1.25,3.279263432753595,1,ssp585
-64.41666666666666,-1.25,3.229013912666273,1,ssp585
-64.25,-1.25,3.1882834870681633,1,ssp585
-64.08333333333333,-1.25,3.1123434525162996,1,ssp585
-63.916666666666664,-1.25,3.056552637618272,1,ssp585
-63.74999999999999,-1.25,2.9769546426170272,1,ssp585
-63.58333333333333,-1.25,2.908722001185272,1,ssp585
-63.416666666666664,-1.25,2.8231718408978623,1,ssp585
-63.24999999999999,-1.25,2.812500470454527,1,ssp585
-63.08333333333333,-1.25,2.762145443605955,1,ssp585
-62.916666666666664,-1.25,2.758095833568889,1,ssp585
-62.75,-1.25,2.8162675976507607,1,ssp585
-62.58333333333333,-1.25,2.858677790883931,1,ssp585
-62.416666666666664,-1.25,2.908300495930416,1,ssp585
-62.25,-1.25,2.8583226648140423,1,ssp585
-62.08333333333333,-1.25,2.8190150661219135,1,ssp585
-61.916666666666664,-1.25,2.833835147277567,1,ssp585
-61.75,-1.25,3.0017867889639303,1,ssp585
-61.58333333333333,-1.25,3.072993950510159,1,ssp585
-61.416666666666664,-1.25,3.1163313994678443,1,ssp585
-61.25,-1.25,3.171803329905619,1,ssp585
-61.08333333333333,-1.25,3.112325841716063,1,ssp585
-60.916666666666664,-1.25,2.910785496993214,1,ssp585
-60.75,-1.25,3.022540813703479,1,ssp585
-60.58333333333333,-1.25,3.0922428524162084,1,ssp585
-60.416666666666664,-1.25,3.0461505692571844,1,ssp585
-60.25,-1.25,2.9863661263486634,1,ssp585
-60.08333333333333,-1.25,2.9884487225059413,1,ssp585
-59.916666666666664,-1.25,2.9196250480919392,1,ssp585
-59.75,-1.25,2.8237007912107432,1,ssp585
-59.58333333333333,-1.25,2.7962293999906573,1,ssp585
-59.416666666666664,-1.25,2.449574342001038,1,ssp585
-59.25,-1.25,2.4907782066398734,1,ssp585
-59.08333333333333,-1.25,2.509736278418995,1,ssp585
-58.916666666666664,-1.25,2.6339333950433663,1,ssp585
-58.75,-1.25,2.6385962131143224,1,ssp585
-58.58333333333333,-1.25,2.620069340984972,1,ssp585
-58.416666666666664,-1.25,2.3983213682460987,1,ssp585
-58.25,-1.25,2.160184054975114,1,ssp585
-58.08333333333333,-1.25,2.4396682251596027,1,ssp585
-57.916666666666664,-1.25,2.28700664658681,1,ssp585
-57.75,-1.25,2.471048203658138,1,ssp585
-57.58333333333333,-1.25,2.234850099160216,1,ssp585
-57.416666666666664,-1.25,2.328035962551449,1,ssp585
-57.25,-1.25,2.660056827976416,1,ssp585
-57.08333333333333,-1.25,2.709491900157679,1,ssp585
-56.916666666666664,-1.25,2.8841742510077903,1,ssp585
-56.75,-1.25,3.035157046191568,1,ssp585
-56.58333333333333,-1.25,3.1373133857962188,1,ssp585
-56.416666666666664,-1.25,3.071171840180534,1,ssp585
-56.25,-1.25,3.1190468829627958,1,ssp585
-56.08333333333333,-1.25,3.135574414110178,1,ssp585
-55.916666666666664,-1.25,3.3005361529864983,1,ssp585
-55.75,-1.25,3.533639398749916,1,ssp585
-55.58333333333333,-1.25,3.1814578292617233,1,ssp585
-55.416666666666664,-1.25,2.813266453895543,1,ssp585
-55.25,-1.25,2.8680111574262286,1,ssp585
-55.08333333333333,-1.25,2.620166036488668,1,ssp585
-54.916666666666664,-1.25,2.24145015058568,1,ssp585
-54.75,-1.25,2.117976480634467,1,ssp585
-54.58333333333333,-1.25,2.028636610713001,1,ssp585
-54.416666666666664,-1.25,1.9973664074485868,1,ssp585
-54.25,-1.25,1.906077246869668,1,ssp585
-54.08333333333333,-1.25,1.7366377163647413,1,ssp585
-53.916666666666664,-1.25,3.8524451570230833,1,ssp585
-53.75,-1.25,3.5155017133460364,1,ssp585
-53.58333333333333,-1.25,2.037994875540623,1,ssp585
-53.416666666666664,-1.25,2.0345308757576692,1,ssp585
-53.25,-1.25,2.039358989400519,1,ssp585
-53.08333333333333,-1.25,1.9317779196976985,1,ssp585
-52.916666666666664,-1.25,2.0026041711864826,1,ssp585
-52.75,-1.25,1.8266074003465722,1,ssp585
-52.58333333333333,-1.25,1.8578692220918676,1,ssp585
-52.416666666666664,-1.25,2.3614124757520965,1,ssp585
-52.25,-1.25,2.509582382735111,1,ssp585
-52.08333333333333,-1.25,2.6450009403681394,1,ssp585
-51.916666666666664,-1.25,2.6254147240071277,1,ssp585
-51.75,-1.25,2.5518252785965694,1,ssp585
-51.58333333333333,-1.25,2.465883557530455,1,ssp585
-51.416666666666664,-1.25,2.4072315850925476,1,ssp585
-51.25,-1.25,2.3937241714367943,1,ssp585
-51.08333333333333,-1.25,2.399362172028559,1,ssp585
-50.916666666666664,-1.25,2.445434117820143,1,ssp585
-50.75,-1.25,2.429798141148597,1,ssp585
-50.58333333333333,-1.25,2.3827322719002035,1,ssp585
-50.416666666666664,-1.25,2.3572582676291196,1,ssp585
-50.25,-1.25,2.330161096785272,1,ssp585
-50.08333333333333,-1.25,2.3038982847868565,1,ssp585
-49.916666666666664,-1.25,2.275943228692147,1,ssp585
-49.75,-1.25,2.288511486156231,1,ssp585
-49.58333333333333,-1.25,2.278511005744135,1,ssp585
-49.416666666666664,-1.25,2.605273846957889,1,ssp585
-49.25,-1.25,2.779272010037977,1,ssp585
-49.08333333333333,-1.25,2.8172424896634904,1,ssp585
-48.916666666666664,-1.25,2.5002881650218294,1,ssp585
-48.75,-1.25,2.126490122310967,1,ssp585
-48.58333333333333,-1.25,2.0307078158239924,1,ssp585
-48.416666666666664,-1.25,1.943328527333065,1,ssp585
-48.25,-1.25,1.9558689489235415,1,ssp585
-48.08333333333333,-1.25,2.0669716791379478,1,ssp585
-47.916666666666664,-1.25,2.089673918004327,1,ssp585
-47.75,-1.25,1.9708370096066004,1,ssp585
-47.58333333333333,-1.25,2.012274033605334,1,ssp585
-47.416666666666664,-1.25,2.049510228554325,1,ssp585
-47.25,-1.25,2.116544849981236,1,ssp585
-47.08333333333333,-1.25,2.1144772577846247,1,ssp585
-46.916666666666664,-1.25,2.190679812184565,1,ssp585
-46.75,-1.25,2.0973946374976613,1,ssp585
-46.58333333333333,-1.25,1.9795868984397433,1,ssp585
-46.416666666666664,-1.25,1.9525492313755088,1,ssp585
-46.25,-1.25,1.9227465310588823,1,ssp585
-46.08333333333333,-1.25,1.8457618442597286,1,ssp585
-45.916666666666664,-1.25,1.8515491862239615,1,ssp585
-45.75,-1.25,1.9678744628348037,1,ssp585
-65.08333333333333,-1.416666666666666,3.3111499145076766,1,ssp585
-64.91666666666666,-1.416666666666666,3.2996054737666354,1,ssp585
-64.75,-1.416666666666666,3.3039665278346173,1,ssp585
-64.58333333333333,-1.416666666666666,3.30982735758362,1,ssp585
-64.41666666666666,-1.416666666666666,3.2542444658032212,1,ssp585
-64.25,-1.416666666666666,3.206021377409399,1,ssp585
-64.08333333333333,-1.416666666666666,3.1187160239685707,1,ssp585
-63.916666666666664,-1.416666666666666,3.0460758712477407,1,ssp585
-63.74999999999999,-1.416666666666666,2.954376838317502,1,ssp585
-63.58333333333333,-1.416666666666666,2.885402363546008,1,ssp585
-63.416666666666664,-1.416666666666666,2.835320850592003,1,ssp585
-63.24999999999999,-1.416666666666666,2.786993340897798,1,ssp585
-63.08333333333333,-1.416666666666666,2.7800515395818666,1,ssp585
-62.916666666666664,-1.416666666666666,2.79953412503261,1,ssp585
-62.75,-1.416666666666666,2.812230039086761,1,ssp585
-62.58333333333333,-1.416666666666666,2.8401208943734773,1,ssp585
-62.416666666666664,-1.416666666666666,2.889358984897861,1,ssp585
-62.25,-1.416666666666666,2.8547496817482605,1,ssp585
-62.08333333333333,-1.416666666666666,2.7297950166748737,1,ssp585
-61.916666666666664,-1.416666666666666,2.6820952257657105,1,ssp585
-61.75,-1.416666666666666,2.880593771630705,1,ssp585
-61.58333333333333,-1.416666666666666,2.9605386276256644,1,ssp585
-61.416666666666664,-1.416666666666666,3.0612169575093984,1,ssp585
-61.25,-1.416666666666666,3.1020622783873506,1,ssp585
-61.08333333333333,-1.416666666666666,3.103191484335994,1,ssp585
-60.916666666666664,-1.416666666666666,2.951317001344394,1,ssp585
-60.75,-1.416666666666666,3.0421380706964047,1,ssp585
-60.58333333333333,-1.416666666666666,3.07555488368069,1,ssp585
-60.416666666666664,-1.416666666666666,3.1236242075971576,1,ssp585
-60.25,-1.416666666666666,3.081730823385657,1,ssp585
-60.08333333333333,-1.416666666666666,3.077871950344163,1,ssp585
-59.916666666666664,-1.416666666666666,2.9952015872555506,1,ssp585
-59.75,-1.416666666666666,2.9403389573905656,1,ssp585
-59.58333333333333,-1.416666666666666,2.785761162224049,1,ssp585
-59.416666666666664,-1.416666666666666,2.4028359251684503,1,ssp585
-59.25,-1.416666666666666,2.354694506453047,1,ssp585
-59.08333333333333,-1.416666666666666,2.5383461492511064,1,ssp585
-58.916666666666664,-1.416666666666666,2.7204812074348177,1,ssp585
-58.75,-1.416666666666666,2.432751743385692,1,ssp585
-58.58333333333333,-1.416666666666666,2.265142153482408,1,ssp585
-58.416666666666664,-1.416666666666666,2.2520070555769696,1,ssp585
-58.25,-1.416666666666666,2.0347451893114186,1,ssp585
-58.08333333333333,-1.416666666666666,2.2985144000231004,1,ssp585
-57.916666666666664,-1.416666666666666,2.5939492439710574,1,ssp585
-57.75,-1.416666666666666,2.544173813594255,1,ssp585
-57.58333333333333,-1.416666666666666,2.3604771462394383,1,ssp585
-57.416666666666664,-1.416666666666666,2.099125948833322,1,ssp585
-57.25,-1.416666666666666,2.212598411821219,1,ssp585
-57.08333333333333,-1.416666666666666,2.255104287132608,1,ssp585
-56.916666666666664,-1.416666666666666,2.7711383907302505,1,ssp585
-56.75,-1.416666666666666,2.915605249511877,1,ssp585
-56.58333333333333,-1.416666666666666,2.963325730534329,1,ssp585
-56.416666666666664,-1.416666666666666,2.914286084906413,1,ssp585
-56.25,-1.416666666666666,2.7527143246195207,1,ssp585
-56.08333333333333,-1.416666666666666,2.839303004837425,1,ssp585
-55.916666666666664,-1.416666666666666,2.987705026206453,1,ssp585
-55.75,-1.416666666666666,2.9795851702914615,1,ssp585
-55.58333333333333,-1.416666666666666,2.8246213179381625,1,ssp585
-55.416666666666664,-1.416666666666666,2.7276920970381613,1,ssp585
-55.25,-1.416666666666666,2.80785234339461,1,ssp585
-55.08333333333333,-1.416666666666666,3.126616241343171,1,ssp585
-54.916666666666664,-1.416666666666666,3.0516882007750468,1,ssp585
-54.75,-1.416666666666666,2.6534538641850647,1,ssp585
-54.58333333333333,-1.416666666666666,1.9896248203989548,1,ssp585
-54.416666666666664,-1.416666666666666,2.162063041040631,1,ssp585
-54.25,-1.416666666666666,2.2307420118833177,1,ssp585
-54.08333333333333,-1.416666666666666,2.852581693066249,1,ssp585
-53.916666666666664,-1.416666666666666,3.1483009505563277,1,ssp585
-53.75,-1.416666666666666,2.6138478330176413,1,ssp585
-53.58333333333333,-1.416666666666666,2.2775992146649533,1,ssp585
-53.416666666666664,-1.416666666666666,1.789567645282569,1,ssp585
-53.25,-1.416666666666666,1.5939800227166212,1,ssp585
-53.08333333333333,-1.416666666666666,1.8247190277542966,1,ssp585
-52.916666666666664,-1.416666666666666,1.607557573081989,1,ssp585
-52.75,-1.416666666666666,2.1704558588390213,1,ssp585
-52.58333333333333,-1.416666666666666,2.41997812076081,1,ssp585
-52.416666666666664,-1.416666666666666,2.3704463496049177,1,ssp585
-52.25,-1.416666666666666,2.336314491146925,1,ssp585
-52.08333333333333,-1.416666666666666,2.489714425401971,1,ssp585
-51.916666666666664,-1.416666666666666,2.493998176359409,1,ssp585
-51.75,-1.416666666666666,2.3607335800367286,1,ssp585
-51.58333333333333,-1.416666666666666,2.314999591860286,1,ssp585
-51.416666666666664,-1.416666666666666,2.251230341413942,1,ssp585
-51.25,-1.416666666666666,2.3537023778388177,1,ssp585
-51.08333333333333,-1.416666666666666,2.406482174504723,1,ssp585
-50.916666666666664,-1.416666666666666,2.4051572322160037,1,ssp585
-50.75,-1.416666666666666,2.4553406714685124,1,ssp585
-50.58333333333333,-1.416666666666666,2.416387441870692,1,ssp585
-50.416666666666664,-1.416666666666666,2.364529374672579,1,ssp585
-50.25,-1.416666666666666,2.32531090374332,1,ssp585
-50.08333333333333,-1.416666666666666,2.26953874696646,1,ssp585
-49.916666666666664,-1.416666666666666,2.2326703403689985,1,ssp585
-49.75,-1.416666666666666,2.22314489276618,1,ssp585
-49.58333333333333,-1.416666666666666,2.2352924650472685,1,ssp585
-49.416666666666664,-1.416666666666666,2.4579771303124094,1,ssp585
-49.25,-1.416666666666666,2.7064004142940292,1,ssp585
-49.08333333333333,-1.416666666666666,2.7260383186688295,1,ssp585
-48.916666666666664,-1.416666666666666,2.435429573047779,1,ssp585
-48.75,-1.416666666666666,2.094342032558976,1,ssp585
-48.58333333333333,-1.416666666666666,1.8858920363801597,1,ssp585
-48.416666666666664,-1.416666666666666,2.220191399660215,1,ssp585
-48.25,-1.416666666666666,1.984446957576772,1,ssp585
-48.08333333333333,-1.416666666666666,2.030612927618873,1,ssp585
-47.916666666666664,-1.416666666666666,1.9063329134600253,1,ssp585
-47.75,-1.416666666666666,1.8257695031596908,1,ssp585
-47.58333333333333,-1.416666666666666,1.8934428068772622,1,ssp585
-47.416666666666664,-1.416666666666666,1.8682516699146607,1,ssp585
-47.25,-1.416666666666666,1.8068898048226643,1,ssp585
-47.08333333333333,-1.416666666666666,1.8928418227272275,1,ssp585
-46.916666666666664,-1.416666666666666,2.020315023329757,1,ssp585
-46.75,-1.416666666666666,1.9201524833521226,1,ssp585
-46.58333333333333,-1.416666666666666,2.0023015025082143,1,ssp585
-46.416666666666664,-1.416666666666666,2.051092967406021,1,ssp585
-46.25,-1.416666666666666,1.9572448875028519,1,ssp585
-46.08333333333333,-1.416666666666666,1.9358793715983944,1,ssp585
-45.916666666666664,-1.416666666666666,1.9268818223324093,1,ssp585
-45.75,-1.416666666666666,2.24599730512646,1,ssp585
-45.58333333333333,-1.416666666666666,2.1419333395422484,1,ssp585
-45.416666666666664,-1.416666666666666,1.8378907585368993,1,ssp585
-65.08333333333333,-1.583333333333333,3.2996902155442163,1,ssp585
-64.91666666666666,-1.583333333333333,3.337681160902669,1,ssp585
-64.75,-1.583333333333333,3.3773816797846137,1,ssp585
-64.58333333333333,-1.583333333333333,3.3450254238642634,1,ssp585
-64.41666666666666,-1.583333333333333,3.2898182689071396,1,ssp585
-64.25,-1.583333333333333,3.2247028859813343,1,ssp585
-64.08333333333333,-1.583333333333333,3.127591331810312,1,ssp585
-63.916666666666664,-1.583333333333333,3.029937499055386,1,ssp585
-63.74999999999999,-1.583333333333333,2.9325767812074814,1,ssp585
-63.58333333333333,-1.583333333333333,2.85263937839655,1,ssp585
-63.416666666666664,-1.583333333333333,2.829283804384564,1,ssp585
-63.24999999999999,-1.583333333333333,2.8275014242247645,1,ssp585
-63.08333333333333,-1.583333333333333,2.8269294554932825,1,ssp585
-62.916666666666664,-1.583333333333333,2.815010443450789,1,ssp585
-62.75,-1.583333333333333,2.8736310045222595,1,ssp585
-62.58333333333333,-1.583333333333333,2.896604146568911,1,ssp585
-62.416666666666664,-1.583333333333333,2.8839722365242735,1,ssp585
-62.25,-1.583333333333333,2.8591109972696733,1,ssp585
-62.08333333333333,-1.583333333333333,2.8563186548383332,1,ssp585
-61.916666666666664,-1.583333333333333,2.8440431677118525,1,ssp585
-61.75,-1.583333333333333,2.9438621536954814,1,ssp585
-61.58333333333333,-1.583333333333333,2.980701673777429,1,ssp585
-61.416666666666664,-1.583333333333333,2.9969413570067753,1,ssp585
-61.25,-1.583333333333333,3.080920930417624,1,ssp585
-61.08333333333333,-1.583333333333333,3.0792281655973204,1,ssp585
-60.916666666666664,-1.583333333333333,2.869743110861535,1,ssp585
-60.75,-1.583333333333333,2.951993822186393,1,ssp585
-60.58333333333333,-1.583333333333333,2.999292367557012,1,ssp585
-60.416666666666664,-1.583333333333333,3.0503486279868732,1,ssp585
-60.25,-1.583333333333333,3.0401013771460135,1,ssp585
-60.08333333333333,-1.583333333333333,3.131052771475805,1,ssp585
-59.916666666666664,-1.583333333333333,3.009591848966277,1,ssp585
-59.75,-1.583333333333333,2.9655535655914185,1,ssp585
-59.58333333333333,-1.583333333333333,2.741527496520969,1,ssp585
-59.416666666666664,-1.583333333333333,2.660039070469695,1,ssp585
-59.25,-1.583333333333333,2.4180844503385184,1,ssp585
-59.08333333333333,-1.583333333333333,2.3116043471099377,1,ssp585
-58.916666666666664,-1.583333333333333,2.4440553855188902,1,ssp585
-58.75,-1.583333333333333,2.4013806190152844,1,ssp585
-58.58333333333333,-1.583333333333333,2.4783385085623886,1,ssp585
-58.416666666666664,-1.583333333333333,2.4217544509920153,1,ssp585
-58.25,-1.583333333333333,2.1418970777467936,1,ssp585
-58.08333333333333,-1.583333333333333,2.2107036564501956,1,ssp585
-57.916666666666664,-1.583333333333333,2.2803728307848248,1,ssp585
-57.75,-1.583333333333333,2.4446701038008496,1,ssp585
-57.58333333333333,-1.583333333333333,2.4122734044423564,1,ssp585
-57.416666666666664,-1.583333333333333,2.371166481698538,1,ssp585
-57.25,-1.583333333333333,2.2518673201585493,1,ssp585
-57.08333333333333,-1.583333333333333,2.089416627459912,1,ssp585
-56.916666666666664,-1.583333333333333,2.106851352331614,1,ssp585
-56.75,-1.583333333333333,2.1304496209599564,1,ssp585
-56.58333333333333,-1.583333333333333,2.2192410776516023,1,ssp585
-56.416666666666664,-1.583333333333333,2.3207939454414017,1,ssp585
-56.25,-1.583333333333333,2.5732121993125645,1,ssp585
-56.08333333333333,-1.583333333333333,2.693500432599306,1,ssp585
-55.916666666666664,-1.583333333333333,2.7960448897361814,1,ssp585
-55.75,-1.583333333333333,2.66931234460965,1,ssp585
-55.58333333333333,-1.583333333333333,2.4250260683958516,1,ssp585
-55.416666666666664,-1.583333333333333,2.486394617965721,1,ssp585
-55.25,-1.583333333333333,2.455617950265054,1,ssp585
-55.08333333333333,-1.583333333333333,2.460363273980554,1,ssp585
-54.916666666666664,-1.583333333333333,2.9427647916594206,1,ssp585
-54.75,-1.583333333333333,3.358999136324775,1,ssp585
-54.58333333333333,-1.583333333333333,3.1873164483328886,1,ssp585
-54.416666666666664,-1.583333333333333,3.4875374947974733,1,ssp585
-54.25,-1.583333333333333,3.2378263740138626,1,ssp585
-54.08333333333333,-1.583333333333333,2.44115278807631,1,ssp585
-53.916666666666664,-1.583333333333333,2.0700829212749943,1,ssp585
-53.75,-1.583333333333333,1.9810445051613645,1,ssp585
-53.58333333333333,-1.583333333333333,2.1231810243730167,1,ssp585
-53.416666666666664,-1.583333333333333,2.143200444405915,1,ssp585
-53.25,-1.583333333333333,1.9032880254603357,1,ssp585
-53.08333333333333,-1.583333333333333,2.26044354598785,1,ssp585
-52.916666666666664,-1.583333333333333,1.9848034774462902,1,ssp585
-52.75,-1.583333333333333,1.9713753836141847,1,ssp585
-52.58333333333333,-1.583333333333333,2.0021006562597994,1,ssp585
-52.416666666666664,-1.583333333333333,2.122887564295505,1,ssp585
-52.25,-1.583333333333333,2.321323428434596,1,ssp585
-52.08333333333333,-1.583333333333333,2.4261740372276974,1,ssp585
-51.916666666666664,-1.583333333333333,2.4386267103711137,1,ssp585
-51.75,-1.583333333333333,2.218086490423183,1,ssp585
-51.58333333333333,-1.583333333333333,2.200985693841621,1,ssp585
-51.416666666666664,-1.583333333333333,2.1602002009097903,1,ssp585
-51.25,-1.583333333333333,2.3509344141073285,1,ssp585
-51.08333333333333,-1.583333333333333,2.3726929321318,1,ssp585
-50.916666666666664,-1.583333333333333,2.3795994506131137,1,ssp585
-50.75,-1.583333333333333,2.433484262764525,1,ssp585
-50.58333333333333,-1.583333333333333,2.4763839710347804,1,ssp585
-50.416666666666664,-1.583333333333333,2.3974260984762337,1,ssp585
-50.25,-1.583333333333333,2.3075251084440906,1,ssp585
-50.08333333333333,-1.583333333333333,2.210444881907689,1,ssp585
-49.916666666666664,-1.583333333333333,2.208997075443954,1,ssp585
-49.75,-1.583333333333333,2.2251274825056573,1,ssp585
-49.58333333333333,-1.583333333333333,2.2353638684011483,1,ssp585
-49.416666666666664,-1.583333333333333,2.2459521002047174,1,ssp585
-49.25,-1.583333333333333,2.334106928187118,1,ssp585
-49.08333333333333,-1.583333333333333,2.3070453178673014,1,ssp585
-48.916666666666664,-1.583333333333333,2.1720747319500213,1,ssp585
-48.75,-1.583333333333333,1.9436766930437035,1,ssp585
-48.58333333333333,-1.583333333333333,1.9538437699915,1,ssp585
-48.416666666666664,-1.583333333333333,1.934904388976519,1,ssp585
-48.25,-1.583333333333333,1.9151889615948028,1,ssp585
-48.08333333333333,-1.583333333333333,2.0051687159431073,1,ssp585
-47.916666666666664,-1.583333333333333,1.8323948763005604,1,ssp585
-47.75,-1.583333333333333,1.798611128949616,1,ssp585
-47.58333333333333,-1.583333333333333,1.7822224318298139,1,ssp585
-47.416666666666664,-1.583333333333333,1.834518847118935,1,ssp585
-47.25,-1.583333333333333,1.7084360433504724,1,ssp585
-47.08333333333333,-1.583333333333333,1.8200228654183528,1,ssp585
-46.916666666666664,-1.583333333333333,1.9009405063360068,1,ssp585
-46.75,-1.583333333333333,1.9083770337125272,1,ssp585
-46.58333333333333,-1.583333333333333,1.9388020478724506,1,ssp585
-46.416666666666664,-1.583333333333333,1.9265091745196747,1,ssp585
-46.25,-1.583333333333333,1.82812992579759,1,ssp585
-46.08333333333333,-1.583333333333333,1.965470057259578,1,ssp585
-45.916666666666664,-1.583333333333333,2.010059568690654,1,ssp585
-45.75,-1.583333333333333,2.1376067398002436,1,ssp585
-45.58333333333333,-1.583333333333333,1.9778316434827494,1,ssp585
-45.416666666666664,-1.583333333333333,1.7210007780447174,1,ssp585
-45.25,-1.583333333333333,1.5911230366057028,1,ssp585
-45.08333333333333,-1.583333333333333,1.7293147823041142,1,ssp585
-65.08333333333333,-1.75,3.382647993942259,1,ssp585
-64.91666666666666,-1.75,3.474906371287194,1,ssp585
-64.75,-1.75,3.453072888215228,1,ssp585
-64.58333333333333,-1.75,3.3982729815950514,1,ssp585
-64.41666666666666,-1.75,3.3431605826686397,1,ssp585
-64.25,-1.75,3.297565272440165,1,ssp585
-64.08333333333333,-1.75,3.181536545821523,1,ssp585
-63.916666666666664,-1.75,3.096230839491642,1,ssp585
-63.74999999999999,-1.75,2.988719910254766,1,ssp585
-63.58333333333333,-1.75,2.912657823931217,1,ssp585
-63.416666666666664,-1.75,2.8534144158676447,1,ssp585
-63.24999999999999,-1.75,2.861892368396453,1,ssp585
-63.08333333333333,-1.75,2.872851353605115,1,ssp585
-62.916666666666664,-1.75,2.8638646967520294,1,ssp585
-62.75,-1.75,2.8713235100645287,1,ssp585
-62.58333333333333,-1.75,2.913692698510144,1,ssp585
-62.416666666666664,-1.75,2.9466220335537727,1,ssp585
-62.25,-1.75,2.915026095289716,1,ssp585
-62.08333333333333,-1.75,2.8977642799079675,1,ssp585
-61.916666666666664,-1.75,2.881535821123589,1,ssp585
-61.75,-1.75,2.96872442675556,1,ssp585
-61.58333333333333,-1.75,2.9750266858979053,1,ssp585
-61.416666666666664,-1.75,2.948355171183474,1,ssp585
-61.25,-1.75,3.058652756007483,1,ssp585
-61.08333333333333,-1.75,2.9871743670439814,1,ssp585
-60.916666666666664,-1.75,2.9038235933906815,1,ssp585
-60.75,-1.75,2.927574893092299,1,ssp585
-60.58333333333333,-1.75,2.984098771379737,1,ssp585
-60.416666666666664,-1.75,3.0001652918582833,1,ssp585
-60.25,-1.75,2.900998637643438,1,ssp585
-60.08333333333333,-1.75,3.019750136862738,1,ssp585
-59.916666666666664,-1.75,3.112196150647494,1,ssp585
-59.75,-1.75,2.931999715313473,1,ssp585
-59.58333333333333,-1.75,2.7767496038257917,1,ssp585
-59.416666666666664,-1.75,2.6337285787005675,1,ssp585
-59.25,-1.75,2.25527503806969,1,ssp585
-59.08333333333333,-1.75,2.0648632995500646,1,ssp585
-58.916666666666664,-1.75,2.075896422951798,1,ssp585
-58.75,-1.75,2.2359909778519977,1,ssp585
-58.58333333333333,-1.75,2.5433050914450557,1,ssp585
-58.416666666666664,-1.75,2.5269430330050593,1,ssp585
-58.25,-1.75,2.364633944944623,1,ssp585
-58.08333333333333,-1.75,2.199208672539531,1,ssp585
-57.916666666666664,-1.75,2.0013867248053576,1,ssp585
-57.75,-1.75,2.1427696723769856,1,ssp585
-57.58333333333333,-1.75,2.303441533450827,1,ssp585
-57.416666666666664,-1.75,2.3873748782412036,1,ssp585
-57.25,-1.75,2.4785869984440034,1,ssp585
-57.08333333333333,-1.75,2.5421950270560516,1,ssp585
-56.916666666666664,-1.75,2.2845496925866557,1,ssp585
-56.75,-1.75,2.191912269197555,1,ssp585
-56.58333333333333,-1.75,2.0901318561386293,1,ssp585
-56.416666666666664,-1.75,2.3413957875808062,1,ssp585
-56.25,-1.75,2.7321450359561337,1,ssp585
-56.08333333333333,-1.75,2.7236605160366847,1,ssp585
-55.916666666666664,-1.75,2.958549114625466,1,ssp585
-55.75,-1.75,2.793445139700674,1,ssp585
-55.58333333333333,-1.75,2.6962653043667943,1,ssp585
-55.416666666666664,-1.75,2.41767252273673,1,ssp585
-55.25,-1.75,2.1030548475908857,1,ssp585
-55.08333333333333,-1.75,2.100451066859198,1,ssp585
-54.916666666666664,-1.75,2.0474549501893313,1,ssp585
-54.75,-1.75,2.311514939069546,1,ssp585
-54.58333333333333,-1.75,2.1909977167614376,1,ssp585
-54.416666666666664,-1.75,2.098849336740502,1,ssp585
-54.25,-1.75,2.1712215172452343,1,ssp585
-54.08333333333333,-1.75,2.1921840255009397,1,ssp585
-53.916666666666664,-1.75,2.4904766599882446,1,ssp585
-53.75,-1.75,2.46487711973246,1,ssp585
-53.58333333333333,-1.75,2.0633771820588964,1,ssp585
-53.416666666666664,-1.75,2.081242217519507,1,ssp585
-53.25,-1.75,2.2327521790249425,1,ssp585
-53.08333333333333,-1.75,2.080046170381311,1,ssp585
-52.916666666666664,-1.75,1.9097675594130654,1,ssp585
-52.75,-1.75,2.155465624159527,1,ssp585
-52.58333333333333,-1.75,2.2106657827326583,1,ssp585
-52.416666666666664,-1.75,2.388995628072673,1,ssp585
-52.25,-1.75,2.345146378852448,1,ssp585
-52.08333333333333,-1.75,2.376128414119166,1,ssp585
-51.916666666666664,-1.75,2.1896843536814,1,ssp585
-51.75,-1.75,2.109507458334631,1,ssp585
-51.58333333333333,-1.75,2.054182150712115,1,ssp585
-51.416666666666664,-1.75,2.1096800767309083,1,ssp585
-51.25,-1.75,2.3062189775654933,1,ssp585
-51.08333333333333,-1.75,2.3927846538639956,1,ssp585
-50.916666666666664,-1.75,2.376088713691551,1,ssp585
-50.75,-1.75,2.4421715611178265,1,ssp585
-50.58333333333333,-1.75,2.4853559597467814,1,ssp585
-50.416666666666664,-1.75,2.430035509367358,1,ssp585
-50.25,-1.75,2.3882712946953055,1,ssp585
-50.08333333333333,-1.75,2.352757571667785,1,ssp585
-49.916666666666664,-1.75,2.352279581124267,1,ssp585
-49.75,-1.75,2.2899205880988744,1,ssp585
-49.58333333333333,-1.75,2.2220839405603465,1,ssp585
-49.416666666666664,-1.75,2.1123861915884965,1,ssp585
-49.25,-1.75,2.1507724263901404,1,ssp585
-49.08333333333333,-1.75,2.189356478251925,1,ssp585
-48.916666666666664,-1.75,2.138732297642373,1,ssp585
-48.75,-1.75,2.0401415966364675,1,ssp585
-48.58333333333333,-1.75,1.8968088583680531,1,ssp585
-48.416666666666664,-1.75,1.990657193926303,1,ssp585
-48.25,-1.75,1.9220015615482242,1,ssp585
-48.08333333333333,-1.75,1.9625160963650539,1,ssp585
-47.916666666666664,-1.75,1.7233681540223758,1,ssp585
-47.75,-1.75,1.719602935420615,1,ssp585
-47.58333333333333,-1.75,1.727818352850146,1,ssp585
-47.416666666666664,-1.75,1.792034970758504,1,ssp585
-47.25,-1.75,1.6936664318365309,1,ssp585
-47.08333333333333,-1.75,1.6587006351462887,1,ssp585
-46.916666666666664,-1.75,1.7570416226573524,1,ssp585
-46.75,-1.75,1.7450636162236037,1,ssp585
-46.58333333333333,-1.75,1.8735310504548335,1,ssp585
-46.416666666666664,-1.75,1.937631924772384,1,ssp585
-46.25,-1.75,2.0464900278296065,1,ssp585
-46.08333333333333,-1.75,2.0431567284459287,1,ssp585
-45.916666666666664,-1.75,2.015420213178946,1,ssp585
-45.75,-1.75,1.88296099832092,1,ssp585
-45.58333333333333,-1.75,1.7094638931019666,1,ssp585
-45.416666666666664,-1.75,1.6849602159227375,1,ssp585
-45.25,-1.75,1.6539832286543477,1,ssp585
-45.08333333333333,-1.75,1.77405077233052,1,ssp585
-44.916666666666664,-1.75,1.955515383343368,1,ssp585
-44.75,-1.75,2.0021627450011312,1,ssp585
-64.91666666666666,-1.916666666666666,3.66071419055746,1,ssp585
-64.75,-1.916666666666666,3.5962766880163315,1,ssp585
-64.58333333333333,-1.916666666666666,3.548891045639288,1,ssp585
-64.41666666666666,-1.916666666666666,3.4456346994918627,1,ssp585
-64.25,-1.916666666666666,3.3463946871249823,1,ssp585
-64.08333333333333,-1.916666666666666,3.2540733883865096,1,ssp585
-63.916666666666664,-1.916666666666666,3.130447128898939,1,ssp585
-63.74999999999999,-1.916666666666666,3.04873072375987,1,ssp585
-63.58333333333333,-1.916666666666666,2.9827005120891044,1,ssp585
-63.416666666666664,-1.916666666666666,2.904981597911631,1,ssp585
-63.24999999999999,-1.916666666666666,2.864778215725465,1,ssp585
-63.08333333333333,-1.916666666666666,2.8477953371625566,1,ssp585
-62.916666666666664,-1.916666666666666,2.8439679913850076,1,ssp585
-62.75,-1.916666666666666,2.8532600692506853,1,ssp585
-62.58333333333333,-1.916666666666666,2.8930584421321193,1,ssp585
-62.416666666666664,-1.916666666666666,2.902073494899048,1,ssp585
-62.25,-1.916666666666666,2.884945231298064,1,ssp585
-62.08333333333333,-1.916666666666666,2.831708962178096,1,ssp585
-61.916666666666664,-1.916666666666666,2.8095181185855904,1,ssp585
-61.75,-1.916666666666666,2.8445514061591988,1,ssp585
-61.58333333333333,-1.916666666666666,2.8785928168202357,1,ssp585
-61.416666666666664,-1.916666666666666,2.8989158015636534,1,ssp585
-61.25,-1.916666666666666,2.910950324619087,1,ssp585
-61.08333333333333,-1.916666666666666,2.8807396951689466,1,ssp585
-60.916666666666664,-1.916666666666666,2.835595532023907,1,ssp585
-60.75,-1.916666666666666,2.874525291618599,1,ssp585
-60.58333333333333,-1.916666666666666,2.935576761631062,1,ssp585
-60.416666666666664,-1.916666666666666,2.8870847162587427,1,ssp585
-60.25,-1.916666666666666,2.906785278026263,1,ssp585
-60.08333333333333,-1.916666666666666,2.967930052022729,1,ssp585
-59.916666666666664,-1.916666666666666,2.765698180992006,1,ssp585
-59.75,-1.916666666666666,2.5964232659322275,1,ssp585
-59.58333333333333,-1.916666666666666,2.5678747147414196,1,ssp585
-59.416666666666664,-1.916666666666666,2.4631158517219793,1,ssp585
-59.25,-1.916666666666666,2.2088756553670663,1,ssp585
-59.08333333333333,-1.916666666666666,2.2443929894872747,1,ssp585
-58.916666666666664,-1.916666666666666,2.269866872508363,1,ssp585
-58.75,-1.916666666666666,2.262111926169846,1,ssp585
-58.58333333333333,-1.916666666666666,2.3282540326115018,1,ssp585
-58.416666666666664,-1.916666666666666,2.552557929091593,1,ssp585
-58.25,-1.916666666666666,2.58646872347918,1,ssp585
-58.08333333333333,-1.916666666666666,2.3656338606126344,1,ssp585
-57.916666666666664,-1.916666666666666,2.2518910539875923,1,ssp585
-57.75,-1.916666666666666,2.180180235479442,1,ssp585
-57.58333333333333,-1.916666666666666,2.1416939117889884,1,ssp585
-57.416666666666664,-1.916666666666666,2.1215167013073875,1,ssp585
-57.25,-1.916666666666666,2.3079007180021973,1,ssp585
-57.08333333333333,-1.916666666666666,2.473736591485485,1,ssp585
-56.916666666666664,-1.916666666666666,2.6387650776311515,1,ssp585
-56.75,-1.916666666666666,2.5877132939760843,1,ssp585
-56.58333333333333,-1.916666666666666,2.5746570284112424,1,ssp585
-56.416666666666664,-1.916666666666666,2.8213321314571607,1,ssp585
-56.25,-1.916666666666666,3.157066564708923,1,ssp585
-56.08333333333333,-1.916666666666666,2.7875268706676897,1,ssp585
-55.916666666666664,-1.916666666666666,2.5787970702988225,1,ssp585
-55.75,-1.916666666666666,2.5196877273453198,1,ssp585
-55.58333333333333,-1.916666666666666,2.5416368236742146,1,ssp585
-55.416666666666664,-1.916666666666666,2.387105853640465,1,ssp585
-55.25,-1.916666666666666,2.154959580612719,1,ssp585
-55.08333333333333,-1.916666666666666,1.989707366351436,1,ssp585
-54.916666666666664,-1.916666666666666,1.8541275692877557,1,ssp585
-54.75,-1.916666666666666,1.841093584615252,1,ssp585
-54.58333333333333,-1.916666666666666,1.6281154320450366,1,ssp585
-54.416666666666664,-1.916666666666666,1.6542634692845786,1,ssp585
-54.25,-1.916666666666666,1.9590213360926256,1,ssp585
-54.08333333333333,-1.916666666666666,2.180752776773666,1,ssp585
-53.916666666666664,-1.916666666666666,2.057341533142394,1,ssp585
-53.75,-1.916666666666666,1.6191534513916357,1,ssp585
-53.58333333333333,-1.916666666666666,1.6511666067298005,1,ssp585
-53.416666666666664,-1.916666666666666,1.7342262878791903,1,ssp585
-53.25,-1.916666666666666,1.7685894124140429,1,ssp585
-53.08333333333333,-1.916666666666666,1.9759284640575445,1,ssp585
-52.916666666666664,-1.916666666666666,2.067319452811235,1,ssp585
-52.75,-1.916666666666666,2.0355100654387517,1,ssp585
-52.58333333333333,-1.916666666666666,2.0819550812261007,1,ssp585
-52.416666666666664,-1.916666666666666,2.0810696108960958,1,ssp585
-52.25,-1.916666666666666,2.1896425773236055,1,ssp585
-52.08333333333333,-1.916666666666666,2.201028312980411,1,ssp585
-51.916666666666664,-1.916666666666666,2.1067386751630384,1,ssp585
-51.75,-1.916666666666666,2.0848077681678543,1,ssp585
-51.58333333333333,-1.916666666666666,2.0468609059983276,1,ssp585
-51.416666666666664,-1.916666666666666,2.176711039113092,1,ssp585
-51.25,-1.916666666666666,2.311359500377316,1,ssp585
-51.08333333333333,-1.916666666666666,2.4043173990863687,1,ssp585
-50.916666666666664,-1.916666666666666,2.451079181784202,1,ssp585
-50.75,-1.916666666666666,2.572690326873802,1,ssp585
-50.58333333333333,-1.916666666666666,2.573439661904466,1,ssp585
-50.416666666666664,-1.916666666666666,2.3850374092975417,1,ssp585
-50.25,-1.916666666666666,2.3586641277047393,1,ssp585
-50.08333333333333,-1.916666666666666,2.2468781329282685,1,ssp585
-49.916666666666664,-1.916666666666666,2.179268155223419,1,ssp585
-49.75,-1.916666666666666,2.2041142990651243,1,ssp585
-49.58333333333333,-1.916666666666666,2.1985032372615096,1,ssp585
-49.416666666666664,-1.916666666666666,2.139169776430239,1,ssp585
-49.25,-1.916666666666666,2.122321462880534,1,ssp585
-49.08333333333333,-1.916666666666666,2.078675050323896,1,ssp585
-48.916666666666664,-1.916666666666666,2.1613739766728277,1,ssp585
-48.75,-1.916666666666666,2.1242070638517787,1,ssp585
-48.58333333333333,-1.916666666666666,1.9444439285941202,1,ssp585
-48.416666666666664,-1.916666666666666,2.0241844176535397,1,ssp585
-48.25,-1.916666666666666,2.0131431459074793,1,ssp585
-48.08333333333333,-1.916666666666666,1.9202110101557854,1,ssp585
-47.916666666666664,-1.916666666666666,1.7508164345833446,1,ssp585
-47.75,-1.916666666666666,1.7986643427260307,1,ssp585
-47.58333333333333,-1.916666666666666,1.7469483678132658,1,ssp585
-47.416666666666664,-1.916666666666666,1.779296882366511,1,ssp585
-47.25,-1.916666666666666,1.736718710809618,1,ssp585
-47.08333333333333,-1.916666666666666,1.6984494038331162,1,ssp585
-46.916666666666664,-1.916666666666666,1.4737666272050933,1,ssp585
-46.75,-1.916666666666666,1.5468773496963393,1,ssp585
-46.58333333333333,-1.916666666666666,1.6102737241380165,1,ssp585
-46.416666666666664,-1.916666666666666,1.765656617215192,1,ssp585
-46.25,-1.916666666666666,1.9850957513531853,1,ssp585
-46.08333333333333,-1.916666666666666,2.0903365231245257,1,ssp585
-45.916666666666664,-1.916666666666666,1.9685167086250475,1,ssp585
-45.75,-1.916666666666666,1.9260814855397164,1,ssp585
-45.58333333333333,-1.916666666666666,1.7145630944906842,1,ssp585
-45.416666666666664,-1.916666666666666,1.7220268838453785,1,ssp585
-45.25,-1.916666666666666,1.7644751547827888,1,ssp585
-45.08333333333333,-1.916666666666666,1.8505801871468128,1,ssp585
-44.916666666666664,-1.916666666666666,1.9041077033354394,1,ssp585
-44.75,-1.916666666666666,1.9310864697170504,1,ssp585
-64.91666666666666,-2.083333333333333,3.8210764265560093,1,ssp585
-64.75,-2.083333333333333,3.7947272864005046,1,ssp585
-64.58333333333333,-2.083333333333333,3.6789525423139438,1,ssp585
-64.41666666666666,-2.083333333333333,3.4940081740351214,1,ssp585
-64.25,-2.083333333333333,3.3687357747036777,1,ssp585
-64.08333333333333,-2.083333333333333,3.2820515259054184,1,ssp585
-63.916666666666664,-2.083333333333333,3.1270609282029302,1,ssp585
-63.74999999999999,-2.083333333333333,3.023488301546343,1,ssp585
-63.58333333333333,-2.083333333333333,2.9411742020743974,1,ssp585
-63.416666666666664,-2.083333333333333,2.8756457847909176,1,ssp585
-63.24999999999999,-2.083333333333333,2.8008159064273834,1,ssp585
-63.08333333333333,-2.083333333333333,2.7871936932441796,1,ssp585
-62.916666666666664,-2.083333333333333,2.7756939791972517,1,ssp585
-62.75,-2.083333333333333,2.8016599733211094,1,ssp585
-62.58333333333333,-2.083333333333333,2.8047759031769077,1,ssp585
-62.416666666666664,-2.083333333333333,2.8073121682707325,1,ssp585
-62.25,-2.083333333333333,2.7986141395994104,1,ssp585
-62.08333333333333,-2.083333333333333,2.7610314845244663,1,ssp585
-61.916666666666664,-2.083333333333333,2.737973767430344,1,ssp585
-61.75,-2.083333333333333,2.6923109485787924,1,ssp585
-61.58333333333333,-2.083333333333333,2.7407121521168927,1,ssp585
-61.416666666666664,-2.083333333333333,2.7732669441082716,1,ssp585
-61.25,-2.083333333333333,2.7706468962509754,1,ssp585
-61.08333333333333,-2.083333333333333,2.761881578989443,1,ssp585
-60.916666666666664,-2.083333333333333,2.703250489728537,1,ssp585
-60.75,-2.083333333333333,2.6801701828635363,1,ssp585
-60.58333333333333,-2.083333333333333,2.729697899922901,1,ssp585
-60.416666666666664,-2.083333333333333,2.6474354195906438,1,ssp585
-60.25,-2.083333333333333,2.719302204561135,1,ssp585
-60.08333333333333,-2.083333333333333,2.8686596275920238,1,ssp585
-59.916666666666664,-2.083333333333333,2.80008870644531,1,ssp585
-59.75,-2.083333333333333,2.551407388705742,1,ssp585
-59.58333333333333,-2.083333333333333,2.3157594636422267,1,ssp585
-59.416666666666664,-2.083333333333333,2.4178943369173624,1,ssp585
-59.25,-2.083333333333333,2.44857323042471,1,ssp585
-59.08333333333333,-2.083333333333333,2.3229797278468096,1,ssp585
-58.916666666666664,-2.083333333333333,2.355673829691861,1,ssp585
-58.75,-2.083333333333333,2.366951624083206,1,ssp585
-58.58333333333333,-2.083333333333333,2.348546515498962,1,ssp585
-58.416666666666664,-2.083333333333333,2.3371579995119167,1,ssp585
-58.25,-2.083333333333333,2.48651453304425,1,ssp585
-58.08333333333333,-2.083333333333333,2.584988487135515,1,ssp585
-57.916666666666664,-2.083333333333333,2.2649405550134425,1,ssp585
-57.75,-2.083333333333333,2.1780995798145306,1,ssp585
-57.58333333333333,-2.083333333333333,2.31142234663959,1,ssp585
-57.416666666666664,-2.083333333333333,2.37911847801681,1,ssp585
-57.25,-2.083333333333333,2.345243720099693,1,ssp585
-57.08333333333333,-2.083333333333333,2.4230699760272953,1,ssp585
-56.916666666666664,-2.083333333333333,2.39401864583932,1,ssp585
-56.75,-2.083333333333333,2.74588801925474,1,ssp585
-56.58333333333333,-2.083333333333333,2.887669712106209,1,ssp585
-56.416666666666664,-2.083333333333333,2.9527593299676567,1,ssp585
-56.25,-2.083333333333333,2.614196661361885,1,ssp585
-56.08333333333333,-2.083333333333333,2.4705119579565578,1,ssp585
-55.916666666666664,-2.083333333333333,2.512262046796396,1,ssp585
-55.75,-2.083333333333333,2.3467064493875798,1,ssp585
-55.58333333333333,-2.083333333333333,2.2162871059307054,1,ssp585
-55.416666666666664,-2.083333333333333,1.9682156525861325,1,ssp585
-55.25,-2.083333333333333,1.8391161810449945,1,ssp585
-55.08333333333333,-2.083333333333333,1.690729401068207,1,ssp585
-54.916666666666664,-2.083333333333333,1.6328730236938442,1,ssp585
-54.75,-2.083333333333333,1.4788981799233962,1,ssp585
-54.58333333333333,-2.083333333333333,1.382748579588277,1,ssp585
-54.416666666666664,-2.083333333333333,1.3740874369346618,1,ssp585
-54.25,-2.083333333333333,1.5210045146695796,1,ssp585
-54.08333333333333,-2.083333333333333,1.5412942640008858,1,ssp585
-53.916666666666664,-2.083333333333333,1.5245606428819578,1,ssp585
-53.75,-2.083333333333333,1.721602340142513,1,ssp585
-53.58333333333333,-2.083333333333333,1.8501241852395258,1,ssp585
-53.416666666666664,-2.083333333333333,1.8798720313325157,1,ssp585
-53.25,-2.083333333333333,1.962385379351153,1,ssp585
-53.08333333333333,-2.083333333333333,1.9330886755954755,1,ssp585
-52.916666666666664,-2.083333333333333,1.768670234851026,1,ssp585
-52.75,-2.083333333333333,1.8249177956605702,1,ssp585
-52.58333333333333,-2.083333333333333,1.804790729209333,1,ssp585
-52.416666666666664,-2.083333333333333,1.962374403604877,1,ssp585
-52.25,-2.083333333333333,2.0530825349962365,1,ssp585
-52.08333333333333,-2.083333333333333,2.0810036446213345,1,ssp585
-51.916666666666664,-2.083333333333333,2.0789453124996196,1,ssp585
-51.75,-2.083333333333333,2.080573167827955,1,ssp585
-51.58333333333333,-2.083333333333333,2.1225242680706904,1,ssp585
-51.416666666666664,-2.083333333333333,2.2665445587472184,1,ssp585
-51.25,-2.083333333333333,2.271344345832926,1,ssp585
-51.08333333333333,-2.083333333333333,2.304617554898405,1,ssp585
-50.916666666666664,-2.083333333333333,2.4504668364958073,1,ssp585
-50.75,-2.083333333333333,2.5014739676263704,1,ssp585
-50.58333333333333,-2.083333333333333,2.4914396667507748,1,ssp585
-50.416666666666664,-2.083333333333333,2.4176864736875374,1,ssp585
-50.25,-2.083333333333333,2.378818585758282,1,ssp585
-50.08333333333333,-2.083333333333333,2.269221337823699,1,ssp585
-49.916666666666664,-2.083333333333333,2.184859647390295,1,ssp585
-49.75,-2.083333333333333,2.4348847359735872,1,ssp585
-49.58333333333333,-2.083333333333333,2.3923171738196074,1,ssp585
-49.416666666666664,-2.083333333333333,2.19422543804099,1,ssp585
-49.25,-2.083333333333333,2.2475406268487204,1,ssp585
-49.08333333333333,-2.083333333333333,2.134556546664697,1,ssp585
-48.916666666666664,-2.083333333333333,2.1474678100293394,1,ssp585
-48.75,-2.083333333333333,2.1338978120637346,1,ssp585
-48.58333333333333,-2.083333333333333,2.0433237734749548,1,ssp585
-48.416666666666664,-2.083333333333333,1.928634974958407,1,ssp585
-48.25,-2.083333333333333,1.9092784804914131,1,ssp585
-48.08333333333333,-2.083333333333333,1.8780493213216845,1,ssp585
-47.916666666666664,-2.083333333333333,1.7743477859979582,1,ssp585
-47.75,-2.083333333333333,1.7702338940734748,1,ssp585
-47.58333333333333,-2.083333333333333,1.8687784866906092,1,ssp585
-47.416666666666664,-2.083333333333333,1.7296928611143234,1,ssp585
-47.25,-2.083333333333333,1.653491048869809,1,ssp585
-47.08333333333333,-2.083333333333333,1.5079513134699385,1,ssp585
-46.916666666666664,-2.083333333333333,1.361464946708481,1,ssp585
-46.75,-2.083333333333333,1.4182786394456985,1,ssp585
-46.58333333333333,-2.083333333333333,1.3976285970614049,1,ssp585
-46.416666666666664,-2.083333333333333,1.5061106324938753,1,ssp585
-46.25,-2.083333333333333,1.920791227990696,1,ssp585
-46.08333333333333,-2.083333333333333,2.037540951460958,1,ssp585
-45.916666666666664,-2.083333333333333,2.127793551138466,1,ssp585
-45.75,-2.083333333333333,2.002779378524175,1,ssp585
-45.58333333333333,-2.083333333333333,1.9247370170453326,1,ssp585
-45.416666666666664,-2.083333333333333,2.0121873270067336,1,ssp585
-45.25,-2.083333333333333,2.0160459091965657,1,ssp585
-45.08333333333333,-2.083333333333333,1.7686163980261793,1,ssp585
-44.916666666666664,-2.083333333333333,1.8300828581073092,1,ssp585
-44.75,-2.083333333333333,1.887786576098531,1,ssp585
-44.58333333333333,-2.083333333333333,1.9790559546585194,1,ssp585
-64.75,-2.25,3.800841825310549,1,ssp585
-64.58333333333333,-2.25,3.774422631563024,1,ssp585
-64.41666666666666,-2.25,3.538248160519783,1,ssp585
-64.25,-2.25,3.3913808333610618,1,ssp585
-64.08333333333333,-2.25,3.260724155083953,1,ssp585
-63.916666666666664,-2.25,3.0673271004997607,1,ssp585
-63.74999999999999,-2.25,2.9558709306356867,1,ssp585
-63.58333333333333,-2.25,2.905198268770856,1,ssp585
-63.416666666666664,-2.25,2.8488493816879092,1,ssp585
-63.24999999999999,-2.25,2.780542197837877,1,ssp585
-63.08333333333333,-2.25,2.7157845375109724,1,ssp585
-62.916666666666664,-2.25,2.714508069121079,1,ssp585
-62.75,-2.25,2.721939621096359,1,ssp585
-62.58333333333333,-2.25,2.699953777540885,1,ssp585
-62.416666666666664,-2.25,2.725828773684456,1,ssp585
-62.25,-2.25,2.712025162803074,1,ssp585
-62.08333333333333,-2.25,2.6651988068992356,1,ssp585
-61.916666666666664,-2.25,2.6918469742242954,1,ssp585
-61.75,-2.25,2.660366772743828,1,ssp585
-61.58333333333333,-2.25,2.6547275607400236,1,ssp585
-61.416666666666664,-2.25,2.674084052199231,1,ssp585
-61.25,-2.25,2.5635428940328224,1,ssp585
-61.08333333333333,-2.25,2.5644571436614005,1,ssp585
-60.916666666666664,-2.25,2.573921737693195,1,ssp585
-60.75,-2.25,2.613669957097184,1,ssp585
-60.58333333333333,-2.25,2.5401959009150112,1,ssp585
-60.416666666666664,-2.25,2.491577560017058,1,ssp585
-60.25,-2.25,2.4836236865534005,1,ssp585
-60.08333333333333,-2.25,2.6129659507323533,1,ssp585
-59.916666666666664,-2.25,2.669044310167867,1,ssp585
-59.75,-2.25,2.5916838897388574,1,ssp585
-59.58333333333333,-2.25,2.3878508956416367,1,ssp585
-59.416666666666664,-2.25,2.361144135100421,1,ssp585
-59.25,-2.25,2.4642753025029993,1,ssp585
-59.08333333333333,-2.25,2.577657205137157,1,ssp585
-58.916666666666664,-2.25,2.6054682651882577,1,ssp585
-58.75,-2.25,2.625638600019486,1,ssp585
-58.58333333333333,-2.25,2.606978785704501,1,ssp585
-58.416666666666664,-2.25,2.5809971065859987,1,ssp585
-58.25,-2.25,2.469179503472082,1,ssp585
-58.08333333333333,-2.25,2.474471045160359,1,ssp585
-57.916666666666664,-2.25,2.4668392087764563,1,ssp585
-57.75,-2.25,2.2912121473362514,1,ssp585
-57.58333333333333,-2.25,2.298926997945439,1,ssp585
-57.416666666666664,-2.25,2.4575788605728297,1,ssp585
-57.25,-2.25,2.4196200450748484,1,ssp585
-57.08333333333333,-2.25,2.373617786195933,1,ssp585
-56.916666666666664,-2.25,2.6305116742808687,1,ssp585
-56.75,-2.25,2.9435290517692447,1,ssp585
-56.58333333333333,-2.25,2.70880224256593,1,ssp585
-56.416666666666664,-2.25,2.5431707356748485,1,ssp585
-56.25,-2.25,2.5051469353020424,1,ssp585
-56.08333333333333,-2.25,2.6107620266114218,1,ssp585
-55.916666666666664,-2.25,2.669260414846668,1,ssp585
-55.75,-2.25,2.8759459769294717,1,ssp585
-55.58333333333333,-2.25,2.588975390426607,1,ssp585
-55.416666666666664,-2.25,2.082330712477536,1,ssp585
-55.25,-2.25,1.6200705770574455,1,ssp585
-55.08333333333333,-2.25,1.3886731539356623,1,ssp585
-54.916666666666664,-2.25,1.2354088328155084,1,ssp585
-54.75,-2.25,1.1046935322012406,1,ssp585
-54.58333333333333,-2.25,1.0901202345735819,1,ssp585
-54.416666666666664,-2.25,1.1887714002643701,1,ssp585
-54.25,-2.25,1.2697251290855514,1,ssp585
-54.08333333333333,-2.25,1.2560913055922183,1,ssp585
-53.916666666666664,-2.25,1.6223208174956283,1,ssp585
-53.75,-2.25,1.6709050894027686,1,ssp585
-53.58333333333333,-2.25,1.8392893649922835,1,ssp585
-53.416666666666664,-2.25,1.7875424273122287,1,ssp585
-53.25,-2.25,1.7144387470050162,1,ssp585
-53.08333333333333,-2.25,1.548068093132718,1,ssp585
-52.916666666666664,-2.25,1.6611285848010655,1,ssp585
-52.75,-2.25,1.724716554713632,1,ssp585
-52.58333333333333,-2.25,1.7605032104347338,1,ssp585
-52.416666666666664,-2.25,1.9130691935221107,1,ssp585
-52.25,-2.25,1.989871310231076,1,ssp585
-52.08333333333333,-2.25,2.092390000701348,1,ssp585
-51.916666666666664,-2.25,2.0434502371872894,1,ssp585
-51.75,-2.25,2.077337360149691,1,ssp585
-51.58333333333333,-2.25,2.110064089014205,1,ssp585
-51.416666666666664,-2.25,2.275106575939227,1,ssp585
-51.25,-2.25,2.243364338511406,1,ssp585
-51.08333333333333,-2.25,2.357285120834183,1,ssp585
-50.916666666666664,-2.25,2.421868415377881,1,ssp585
-50.75,-2.25,2.440084976586955,1,ssp585
-50.58333333333333,-2.25,2.4890340604399412,1,ssp585
-50.416666666666664,-2.25,2.4376368005332134,1,ssp585
-50.25,-2.25,2.368807793386683,1,ssp585
-50.08333333333333,-2.25,2.2487265956079807,1,ssp585
-49.916666666666664,-2.25,2.2856487496111337,1,ssp585
-49.75,-2.25,2.3405697588907852,1,ssp585
-49.58333333333333,-2.25,2.2688825158981327,1,ssp585
-49.416666666666664,-2.25,2.2176604835130944,1,ssp585
-49.25,-2.25,2.2526581310285025,1,ssp585
-49.08333333333333,-2.25,2.110801273425484,1,ssp585
-48.916666666666664,-2.25,2.1413984833698785,1,ssp585
-48.75,-2.25,2.139846347562829,1,ssp585
-48.58333333333333,-2.25,1.9668455772779014,1,ssp585
-48.416666666666664,-2.25,1.7889684096150527,1,ssp585
-48.25,-2.25,1.870220427666755,1,ssp585
-48.08333333333333,-2.25,1.80422572163,1,ssp585
-47.916666666666664,-2.25,1.6397129963109345,1,ssp585
-47.75,-2.25,1.6782532376784476,1,ssp585
-47.58333333333333,-2.25,1.7109904634040347,1,ssp585
-47.416666666666664,-2.25,1.6014579092706325,1,ssp585
-47.25,-2.25,1.4978039673267514,1,ssp585
-47.08333333333333,-2.25,1.3134323412757432,1,ssp585
-46.916666666666664,-2.25,1.2333482675832184,1,ssp585
-46.75,-2.25,1.204057168146244,1,ssp585
-46.58333333333333,-2.25,1.3027187655164087,1,ssp585
-46.416666666666664,-2.25,1.5632803320846398,1,ssp585
-46.25,-2.25,1.8241681527839402,1,ssp585
-46.08333333333333,-2.25,1.9683160222528038,1,ssp585
-45.916666666666664,-2.25,2.0607560597444006,1,ssp585
-45.75,-2.25,1.9474456571088123,1,ssp585
-45.58333333333333,-2.25,1.9239254678597562,1,ssp585
-45.416666666666664,-2.25,2.1700333535905,1,ssp585
-45.25,-2.25,2.238840006852026,1,ssp585
-45.08333333333333,-2.25,1.793244596117746,1,ssp585
-44.916666666666664,-2.25,1.9282095375718282,1,ssp585
-44.75,-2.25,2.1144079266937204,1,ssp585
-44.58333333333333,-2.25,1.9627026923501045,1,ssp585
-64.58333333333333,-2.416666666666666,3.740931844055897,1,ssp585
-64.41666666666666,-2.416666666666666,3.5801503008211117,1,ssp585
-64.25,-2.416666666666666,3.3609255038633106,1,ssp585
-64.08333333333333,-2.416666666666666,3.172375695945847,1,ssp585
-63.916666666666664,-2.416666666666666,3.0494236307825857,1,ssp585
-63.74999999999999,-2.416666666666666,2.943196338068215,1,ssp585
-63.58333333333333,-2.416666666666666,2.8584078992910387,1,ssp585
-63.416666666666664,-2.416666666666666,2.7879029052260025,1,ssp585
-63.24999999999999,-2.416666666666666,2.751550099534964,1,ssp585
-63.08333333333333,-2.416666666666666,2.681207779398722,1,ssp585
-62.916666666666664,-2.416666666666666,2.619177502978531,1,ssp585
-62.75,-2.416666666666666,2.6629595860246194,1,ssp585
-62.58333333333333,-2.416666666666666,2.634141066598014,1,ssp585
-62.416666666666664,-2.416666666666666,2.621668980379399,1,ssp585
-62.25,-2.416666666666666,2.644487517105337,1,ssp585
-62.08333333333333,-2.416666666666666,2.6071734021469566,1,ssp585
-61.916666666666664,-2.416666666666666,2.578182909709264,1,ssp585
-61.75,-2.416666666666666,2.5552512415612862,1,ssp585
-61.58333333333333,-2.416666666666666,2.5838870112650407,1,ssp585
-61.416666666666664,-2.416666666666666,2.6601015604434437,1,ssp585
-61.25,-2.416666666666666,2.4019782558113425,1,ssp585
-61.08333333333333,-2.416666666666666,2.406583612425309,1,ssp585
-60.916666666666664,-2.416666666666666,2.3612898821830313,1,ssp585
-60.75,-2.416666666666666,2.3871584740003913,1,ssp585
-60.58333333333333,-2.416666666666666,2.285984003101805,1,ssp585
-60.416666666666664,-2.416666666666666,2.299724416186065,1,ssp585
-60.25,-2.416666666666666,2.3243348558005885,1,ssp585
-60.08333333333333,-2.416666666666666,2.3560938548640693,1,ssp585
-59.916666666666664,-2.416666666666666,2.423866481328152,1,ssp585
-59.75,-2.416666666666666,2.425633468542676,1,ssp585
-59.58333333333333,-2.416666666666666,2.5554943649554547,1,ssp585
-59.416666666666664,-2.416666666666666,2.4006060916648546,1,ssp585
-59.25,-2.416666666666666,2.287351425803924,1,ssp585
-59.08333333333333,-2.416666666666666,2.310782950414051,1,ssp585
-58.916666666666664,-2.416666666666666,2.3152982304143914,1,ssp585
-58.75,-2.416666666666666,2.3773805210352363,1,ssp585
-58.58333333333333,-2.416666666666666,2.385501141208719,1,ssp585
-58.416666666666664,-2.416666666666666,2.5352805510904575,1,ssp585
-58.25,-2.416666666666666,2.388678344565893,1,ssp585
-58.08333333333333,-2.416666666666666,2.3799207914820912,1,ssp585
-57.916666666666664,-2.416666666666666,2.5151871613209473,1,ssp585
-57.75,-2.416666666666666,2.708100282277935,1,ssp585
-57.58333333333333,-2.416666666666666,2.828851907521827,1,ssp585
-57.416666666666664,-2.416666666666666,2.812450484485038,1,ssp585
-57.25,-2.416666666666666,2.694001302873357,1,ssp585
-57.08333333333333,-2.416666666666666,2.8960162254644506,1,ssp585
-56.916666666666664,-2.416666666666666,3.0622029344482184,1,ssp585
-56.75,-2.416666666666666,2.872346606124207,1,ssp585
-56.58333333333333,-2.416666666666666,2.676111131879311,1,ssp585
-56.416666666666664,-2.416666666666666,2.6419459402698284,1,ssp585
-56.25,-2.416666666666666,2.8044162396811765,1,ssp585
-56.08333333333333,-2.416666666666666,2.2808890004931257,1,ssp585
-55.916666666666664,-2.416666666666666,2.0402086442140237,1,ssp585
-55.75,-2.416666666666666,1.9485142793287744,1,ssp585
-55.58333333333333,-2.416666666666666,1.858641198535621,1,ssp585
-55.416666666666664,-2.416666666666666,1.7162550010701423,1,ssp585
-55.25,-2.416666666666666,1.5536915844795463,1,ssp585
-55.08333333333333,-2.416666666666666,1.2511154926392896,1,ssp585
-54.916666666666664,-2.416666666666666,1.458693920327625,1,ssp585
-54.75,-2.416666666666666,1.7311157040245613,1,ssp585
-54.58333333333333,-2.416666666666666,1.5030926880379956,1,ssp585
-54.416666666666664,-2.416666666666666,1.4439259930804056,1,ssp585
-54.25,-2.416666666666666,1.6415286599544294,1,ssp585
-54.08333333333333,-2.416666666666666,1.8158657048772302,1,ssp585
-53.916666666666664,-2.416666666666666,1.8112926500201563,1,ssp585
-53.75,-2.416666666666666,1.5370705548308516,1,ssp585
-53.58333333333333,-2.416666666666666,1.4920980253875136,1,ssp585
-53.416666666666664,-2.416666666666666,1.4072677988856768,1,ssp585
-53.25,-2.416666666666666,1.535384972820071,1,ssp585
-53.08333333333333,-2.416666666666666,1.4648135475264026,1,ssp585
-52.916666666666664,-2.416666666666666,1.587735007836166,1,ssp585
-52.75,-2.416666666666666,1.659921633261646,1,ssp585
-52.58333333333333,-2.416666666666666,1.8262894572950696,1,ssp585
-52.416666666666664,-2.416666666666666,1.9022197226496553,1,ssp585
-52.25,-2.416666666666666,2.077555639517443,1,ssp585
-52.08333333333333,-2.416666666666666,2.055876105314663,1,ssp585
-51.916666666666664,-2.416666666666666,2.1545979095622183,1,ssp585
-51.75,-2.416666666666666,2.092813804259494,1,ssp585
-51.58333333333333,-2.416666666666666,2.038807634847872,1,ssp585
-51.416666666666664,-2.416666666666666,2.1065538132475052,1,ssp585
-51.25,-2.416666666666666,2.2380905978172017,1,ssp585
-51.08333333333333,-2.416666666666666,2.2439280035254128,1,ssp585
-50.916666666666664,-2.416666666666666,2.363046048615826,1,ssp585
-50.75,-2.416666666666666,2.3457186251464335,1,ssp585
-50.58333333333333,-2.416666666666666,2.351774821361778,1,ssp585
-50.416666666666664,-2.416666666666666,2.331419993033143,1,ssp585
-50.25,-2.416666666666666,2.262418657629704,1,ssp585
-50.08333333333333,-2.416666666666666,2.257100594083382,1,ssp585
-49.916666666666664,-2.416666666666666,2.2568491356448166,1,ssp585
-49.75,-2.416666666666666,2.3835619210996604,1,ssp585
-49.58333333333333,-2.416666666666666,2.263878753211775,1,ssp585
-49.416666666666664,-2.416666666666666,2.221884073762437,1,ssp585
-49.25,-2.416666666666666,2.2305272133513983,1,ssp585
-49.08333333333333,-2.416666666666666,2.07811834124664,1,ssp585
-48.916666666666664,-2.416666666666666,2.0314252434290605,1,ssp585
-48.75,-2.416666666666666,2.0223054541374283,1,ssp585
-48.58333333333333,-2.416666666666666,1.9144559398805008,1,ssp585
-48.416666666666664,-2.416666666666666,1.9169677018927267,1,ssp585
-48.25,-2.416666666666666,1.8678094094577626,1,ssp585
-48.08333333333333,-2.416666666666666,1.7693228184284753,1,ssp585
-47.916666666666664,-2.416666666666666,1.5333344380797318,1,ssp585
-47.75,-2.416666666666666,1.6325840270599503,1,ssp585
-47.58333333333333,-2.416666666666666,1.7384459630302833,1,ssp585
-47.416666666666664,-2.416666666666666,1.4218525678152651,1,ssp585
-47.25,-2.416666666666666,1.376548455353341,1,ssp585
-47.08333333333333,-2.416666666666666,1.2233308208521936,1,ssp585
-46.916666666666664,-2.416666666666666,1.2160924086772678,1,ssp585
-46.75,-2.416666666666666,1.180133014375142,1,ssp585
-46.58333333333333,-2.416666666666666,1.26299500320232,1,ssp585
-46.416666666666664,-2.416666666666666,1.4623371815747446,1,ssp585
-46.25,-2.416666666666666,1.5328162617423555,1,ssp585
-46.08333333333333,-2.416666666666666,1.7628290628967664,1,ssp585
-45.916666666666664,-2.416666666666666,1.9101952115225957,1,ssp585
-45.75,-2.416666666666666,2.0954342156355836,1,ssp585
-45.58333333333333,-2.416666666666666,2.194958237920996,1,ssp585
-45.416666666666664,-2.416666666666666,2.2731912985719305,1,ssp585
-45.25,-2.416666666666666,2.2365865606118125,1,ssp585
-45.08333333333333,-2.416666666666666,2.229802376258354,1,ssp585
-44.916666666666664,-2.416666666666666,2.3740249066826395,1,ssp585
-44.75,-2.416666666666666,2.2728736978127793,1,ssp585
-44.58333333333333,-2.416666666666666,2.066049511303309,1,ssp585
-66.41666666666666,-2.583333333333333,3.369858512247934,1,ssp585
-66.25,-2.583333333333333,3.2993077662146235,1,ssp585
-66.08333333333333,-2.583333333333333,3.258179262381221,1,ssp585
-65.91666666666666,-2.583333333333333,3.3958746075980715,1,ssp585
-65.75,-2.583333333333333,3.566017911477676,1,ssp585
-65.58333333333333,-2.583333333333333,3.7179888578106857,1,ssp585
-65.41666666666666,-2.583333333333333,3.896865363223786,1,ssp585
-65.25,-2.583333333333333,3.9984452127957137,1,ssp585
-65.08333333333333,-2.583333333333333,3.9717947562060916,1,ssp585
-64.91666666666666,-2.583333333333333,3.9110961383046345,1,ssp585
-64.75,-2.583333333333333,3.841180277291703,1,ssp585
-64.58333333333333,-2.583333333333333,3.676684916823687,1,ssp585
-64.41666666666666,-2.583333333333333,3.513242268761572,1,ssp585
-64.25,-2.583333333333333,3.33439960178092,1,ssp585
-64.08333333333333,-2.583333333333333,3.093891664766618,1,ssp585
-63.916666666666664,-2.583333333333333,2.998876892956402,1,ssp585
-63.74999999999999,-2.583333333333333,2.8951996226723957,1,ssp585
-63.58333333333333,-2.583333333333333,2.803479978314115,1,ssp585
-63.416666666666664,-2.583333333333333,2.7320632895816592,1,ssp585
-63.24999999999999,-2.583333333333333,2.705975341770469,1,ssp585
-63.08333333333333,-2.583333333333333,2.6559378786210814,1,ssp585
-62.916666666666664,-2.583333333333333,2.607296064625958,1,ssp585
-62.75,-2.583333333333333,2.604079565928855,1,ssp585
-62.58333333333333,-2.583333333333333,2.6251496136990755,1,ssp585
-62.416666666666664,-2.583333333333333,2.5882380015148425,1,ssp585
-62.25,-2.583333333333333,2.5514600280738504,1,ssp585
-62.08333333333333,-2.583333333333333,2.529051490503963,1,ssp585
-61.916666666666664,-2.583333333333333,2.530402639142138,1,ssp585
-61.75,-2.583333333333333,2.526708071454937,1,ssp585
-61.58333333333333,-2.583333333333333,2.5761312751490713,1,ssp585
-61.416666666666664,-2.583333333333333,2.503842678170624,1,ssp585
-61.25,-2.583333333333333,2.2484002162220826,1,ssp585
-61.08333333333333,-2.583333333333333,2.2035511941425554,1,ssp585
-60.916666666666664,-2.583333333333333,2.2866511007526023,1,ssp585
-60.75,-2.583333333333333,2.256065307538359,1,ssp585
-60.58333333333333,-2.583333333333333,2.125655975468299,1,ssp585
-60.416666666666664,-2.583333333333333,2.07452936182276,1,ssp585
-60.25,-2.583333333333333,2.1623289118822755,1,ssp585
-60.08333333333333,-2.583333333333333,2.096533623618847,1,ssp585
-59.916666666666664,-2.583333333333333,2.2060063939056027,1,ssp585
-59.75,-2.583333333333333,2.3301170802644804,1,ssp585
-59.58333333333333,-2.583333333333333,2.4511127313139416,1,ssp585
-59.416666666666664,-2.583333333333333,2.5002156237674282,1,ssp585
-59.25,-2.583333333333333,2.344066021992766,1,ssp585
-59.08333333333333,-2.583333333333333,2.2731500382678984,1,ssp585
-58.916666666666664,-2.583333333333333,2.182589377603103,1,ssp585
-58.75,-2.583333333333333,2.1951415708596387,1,ssp585
-58.58333333333333,-2.583333333333333,2.311716683799225,1,ssp585
-58.416666666666664,-2.583333333333333,2.3509674503336435,1,ssp585
-58.25,-2.583333333333333,2.380241852728498,1,ssp585
-58.08333333333333,-2.583333333333333,2.3300274359543858,1,ssp585
-57.916666666666664,-2.583333333333333,2.414543597965912,1,ssp585
-57.75,-2.583333333333333,2.4743868835249754,1,ssp585
-57.58333333333333,-2.583333333333333,2.5594985292876955,1,ssp585
-57.416666666666664,-2.583333333333333,2.8896751787729977,1,ssp585
-57.25,-2.583333333333333,2.9094725401022274,1,ssp585
-57.08333333333333,-2.583333333333333,3.0185173261353255,1,ssp585
-56.916666666666664,-2.583333333333333,3.0115947275585873,1,ssp585
-56.75,-2.583333333333333,2.993158214516319,1,ssp585
-56.58333333333333,-2.583333333333333,2.86702628294559,1,ssp585
-56.416666666666664,-2.583333333333333,2.6661913532792543,1,ssp585
-56.25,-2.583333333333333,2.257906027000609,1,ssp585
-56.08333333333333,-2.583333333333333,2.051928089690596,1,ssp585
-55.916666666666664,-2.583333333333333,1.9473367751803938,1,ssp585
-55.75,-2.583333333333333,1.8930552868663124,1,ssp585
-55.58333333333333,-2.583333333333333,1.772194683477169,1,ssp585
-55.416666666666664,-2.583333333333333,1.592814670364812,1,ssp585
-55.25,-2.583333333333333,1.6405933260724812,1,ssp585
-55.08333333333333,-2.583333333333333,1.48746854635411,1,ssp585
-54.916666666666664,-2.583333333333333,1.769858822461942,1,ssp585
-54.75,-2.583333333333333,1.6830656339314616,1,ssp585
-54.58333333333333,-2.583333333333333,1.7632114126072713,1,ssp585
-54.416666666666664,-2.583333333333333,1.6706055545870921,1,ssp585
-54.25,-2.583333333333333,1.2743988439035758,1,ssp585
-54.08333333333333,-2.583333333333333,1.5744456329889704,1,ssp585
-53.916666666666664,-2.583333333333333,1.233849649402963,1,ssp585
-53.75,-2.583333333333333,1.1516513423843155,1,ssp585
-53.58333333333333,-2.583333333333333,1.2939412352753983,1,ssp585
-53.416666666666664,-2.583333333333333,1.2960631971595935,1,ssp585
-53.25,-2.583333333333333,1.3436118765808063,1,ssp585
-53.08333333333333,-2.583333333333333,1.3807208871105616,1,ssp585
-52.916666666666664,-2.583333333333333,1.5817943319801948,1,ssp585
-52.75,-2.583333333333333,1.5741645876415056,1,ssp585
-52.58333333333333,-2.583333333333333,1.7378360563584219,1,ssp585
-52.416666666666664,-2.583333333333333,1.8710152594981522,1,ssp585
-52.25,-2.583333333333333,2.010126834483646,1,ssp585
-52.08333333333333,-2.583333333333333,2.1394213747173256,1,ssp585
-51.916666666666664,-2.583333333333333,2.227565754178171,1,ssp585
-51.75,-2.583333333333333,2.085789374346595,1,ssp585
-51.58333333333333,-2.583333333333333,1.9964986109058582,1,ssp585
-51.416666666666664,-2.583333333333333,2.0825923943811135,1,ssp585
-51.25,-2.583333333333333,2.047834614650078,1,ssp585
-51.08333333333333,-2.583333333333333,2.1465688666482228,1,ssp585
-50.916666666666664,-2.583333333333333,2.129787787440413,1,ssp585
-50.75,-2.583333333333333,2.197815543363502,1,ssp585
-50.58333333333333,-2.583333333333333,2.271740574297624,1,ssp585
-50.416666666666664,-2.583333333333333,2.2149281194570922,1,ssp585
-50.25,-2.583333333333333,2.172072289659823,1,ssp585
-50.08333333333333,-2.583333333333333,2.2116068626120113,1,ssp585
-49.916666666666664,-2.583333333333333,2.2029044835537075,1,ssp585
-49.75,-2.583333333333333,2.3149290521575643,1,ssp585
-49.58333333333333,-2.583333333333333,2.1970313158549377,1,ssp585
-49.416666666666664,-2.583333333333333,2.2150454589128703,1,ssp585
-49.25,-2.583333333333333,2.039744733213794,1,ssp585
-49.08333333333333,-2.583333333333333,2.054038606671664,1,ssp585
-48.916666666666664,-2.583333333333333,1.9858482077207313,1,ssp585
-48.75,-2.583333333333333,1.9413303351456737,1,ssp585
-48.58333333333333,-2.583333333333333,1.872417742369823,1,ssp585
-48.416666666666664,-2.583333333333333,1.8300904503517723,1,ssp585
-48.25,-2.583333333333333,1.7177462417669727,1,ssp585
-48.08333333333333,-2.583333333333333,1.6187477147735105,1,ssp585
-47.916666666666664,-2.583333333333333,1.4728890121174352,1,ssp585
-47.75,-2.583333333333333,1.5184426873405141,1,ssp585
-47.58333333333333,-2.583333333333333,1.745115837982895,1,ssp585
-47.416666666666664,-2.583333333333333,1.4722792090957497,1,ssp585
-47.25,-2.583333333333333,1.1282042721972358,1,ssp585
-47.08333333333333,-2.583333333333333,1.0694526366075825,1,ssp585
-46.916666666666664,-2.583333333333333,1.0758864022242205,1,ssp585
-46.75,-2.583333333333333,1.1352986336751243,1,ssp585
-46.58333333333333,-2.583333333333333,1.251359518052879,1,ssp585
-46.416666666666664,-2.583333333333333,1.2572031301082467,1,ssp585
-46.25,-2.583333333333333,1.0573294564457556,1,ssp585
-46.08333333333333,-2.583333333333333,1.4716561945523243,1,ssp585
-45.916666666666664,-2.583333333333333,1.7968710108000223,1,ssp585
-45.75,-2.583333333333333,2.0113639994330335,1,ssp585
-45.58333333333333,-2.583333333333333,2.136089949180389,1,ssp585
-45.416666666666664,-2.583333333333333,2.1834457609907676,1,ssp585
-45.25,-2.583333333333333,2.024270388967897,1,ssp585
-45.08333333333333,-2.583333333333333,2.261273853955971,1,ssp585
-44.916666666666664,-2.583333333333333,2.2663001372800426,1,ssp585
-44.75,-2.583333333333333,2.4066458657875587,1,ssp585
-44.58333333333333,-2.583333333333333,2.41244093698609,1,ssp585
-44.416666666666664,-2.583333333333333,2.5088177250774835,1,ssp585
-44.25,-2.583333333333333,2.5110982719219,1,ssp585
-44.08333333333333,-2.583333333333333,2.6292350788407646,1,ssp585
-43.916666666666664,-2.583333333333333,2.4955399123423545,1,ssp585
-66.91666666666666,-2.75,3.309383996766471,1,ssp585
-66.75,-2.75,3.320669268953402,1,ssp585
-66.58333333333333,-2.75,3.2813794984799065,1,ssp585
-66.41666666666666,-2.75,3.3173188792558355,1,ssp585
-66.25,-2.75,3.307985608450615,1,ssp585
-66.08333333333333,-2.75,3.3487200969734565,1,ssp585
-65.91666666666666,-2.75,3.4174102400498976,1,ssp585
-65.75,-2.75,3.5855214823502526,1,ssp585
-65.58333333333333,-2.75,3.6864947712469283,1,ssp585
-65.41666666666666,-2.75,3.8332358219724068,1,ssp585
-65.25,-2.75,3.9624677720974044,1,ssp585
-65.08333333333333,-2.75,3.9585077304179466,1,ssp585
-64.91666666666666,-2.75,3.906083825776709,1,ssp585
-64.75,-2.75,3.8097029173316264,1,ssp585
-64.58333333333333,-2.75,3.636715332159691,1,ssp585
-64.41666666666666,-2.75,3.4055546784615127,1,ssp585
-64.25,-2.75,3.2018950107008513,1,ssp585
-64.08333333333333,-2.75,3.042888194533364,1,ssp585
-63.916666666666664,-2.75,2.933360664920544,1,ssp585
-63.74999999999999,-2.75,2.8891967838580284,1,ssp585
-63.58333333333333,-2.75,2.7920179093372095,1,ssp585
-63.416666666666664,-2.75,2.7245089041087014,1,ssp585
-63.24999999999999,-2.75,2.6854773056437935,1,ssp585
-63.08333333333333,-2.75,2.6330654117988193,1,ssp585
-62.916666666666664,-2.75,2.5965696217928285,1,ssp585
-62.75,-2.75,2.579453752470161,1,ssp585
-62.58333333333333,-2.75,2.5781485488418014,1,ssp585
-62.416666666666664,-2.75,2.5571269739952096,1,ssp585
-62.25,-2.75,2.517763688016991,1,ssp585
-62.08333333333333,-2.75,2.4986762655484664,1,ssp585
-61.916666666666664,-2.75,2.5258550099357224,1,ssp585
-61.75,-2.75,2.5065934944441004,1,ssp585
-61.58333333333333,-2.75,2.539410457904126,1,ssp585
-61.416666666666664,-2.75,2.437152068996349,1,ssp585
-61.25,-2.75,2.103152928683039,1,ssp585
-61.08333333333333,-2.75,2.0438948821649086,1,ssp585
-60.916666666666664,-2.75,2.0015735823192387,1,ssp585
-60.75,-2.75,2.122001940823465,1,ssp585
-60.58333333333333,-2.75,2.0528610801088227,1,ssp585
-60.416666666666664,-2.75,1.9547893186690644,1,ssp585
-60.25,-2.75,1.983445237094375,1,ssp585
-60.08333333333333,-2.75,2.0200697350934558,1,ssp585
-59.916666666666664,-2.75,2.039992511912498,1,ssp585
-59.75,-2.75,2.2274847648982408,1,ssp585
-59.58333333333333,-2.75,2.484030088929616,1,ssp585
-59.416666666666664,-2.75,2.5631433016703267,1,ssp585
-59.25,-2.75,2.631841945025898,1,ssp585
-59.08333333333333,-2.75,2.4294258682417142,1,ssp585
-58.916666666666664,-2.75,2.2979243032864183,1,ssp585
-58.75,-2.75,2.41724502536724,1,ssp585
-58.58333333333333,-2.75,2.385885320626721,1,ssp585
-58.416666666666664,-2.75,2.4098552029683447,1,ssp585
-58.25,-2.75,2.6068798753909985,1,ssp585
-58.08333333333333,-2.75,2.396222075408853,1,ssp585
-57.916666666666664,-2.75,2.377822546347737,1,ssp585
-57.75,-2.75,2.468166833455336,1,ssp585
-57.58333333333333,-2.75,2.791457009626431,1,ssp585
-57.416666666666664,-2.75,2.898521087921691,1,ssp585
-57.25,-2.75,3.0103425408646296,1,ssp585
-57.08333333333333,-2.75,3.169216274161062,1,ssp585
-56.916666666666664,-2.75,3.1018498055050188,1,ssp585
-56.75,-2.75,3.0022914388469846,1,ssp585
-56.58333333333333,-2.75,2.6442198766424934,1,ssp585
-56.416666666666664,-2.75,2.3909088775102014,1,ssp585
-56.25,-2.75,2.165172716060117,1,ssp585
-56.08333333333333,-2.75,2.036575431653501,1,ssp585
-55.916666666666664,-2.75,1.9015776148247363,1,ssp585
-55.75,-2.75,1.851893523320529,1,ssp585
-55.58333333333333,-2.75,1.8183546155688608,1,ssp585
-55.416666666666664,-2.75,1.684806703361306,1,ssp585
-55.25,-2.75,1.9019931582183482,1,ssp585
-55.08333333333333,-2.75,1.6448176742784277,1,ssp585
-54.916666666666664,-2.75,1.5604291187116948,1,ssp585
-54.75,-2.75,1.3128762213573053,1,ssp585
-54.58333333333333,-2.75,1.3403587156747598,1,ssp585
-54.416666666666664,-2.75,1.2784174841771714,1,ssp585
-54.25,-2.75,1.32809505325914,1,ssp585
-54.08333333333333,-2.75,1.0733093794860578,1,ssp585
-53.916666666666664,-2.75,1.3249825292315254,1,ssp585
-53.75,-2.75,1.1701927785549349,1,ssp585
-53.58333333333333,-2.75,1.1956823160957228,1,ssp585
-53.416666666666664,-2.75,1.2464752601896945,1,ssp585
-53.25,-2.75,1.2708947126381682,1,ssp585
-53.08333333333333,-2.75,1.31245444522967,1,ssp585
-52.916666666666664,-2.75,1.5684277151224661,1,ssp585
-52.75,-2.75,1.5458633433190043,1,ssp585
-52.58333333333333,-2.75,1.7269838562146103,1,ssp585
-52.416666666666664,-2.75,1.8913236565438838,1,ssp585
-52.25,-2.75,2.05061914343957,1,ssp585
-52.08333333333333,-2.75,2.285983814339115,1,ssp585
-51.916666666666664,-2.75,2.2641859178146624,1,ssp585
-51.75,-2.75,2.023472290079246,1,ssp585
-51.58333333333333,-2.75,2.0387632891719103,1,ssp585
-51.416666666666664,-2.75,2.050011084033028,1,ssp585
-51.25,-2.75,2.0047550356044908,1,ssp585
-51.08333333333333,-2.75,1.9290713648627849,1,ssp585
-50.916666666666664,-2.75,1.8832561286029268,1,ssp585
-50.75,-2.75,1.928188389259204,1,ssp585
-50.58333333333333,-2.75,2.0021691529562715,1,ssp585
-50.416666666666664,-2.75,2.167291875457124,1,ssp585
-50.25,-2.75,2.0491128899760533,1,ssp585
-50.08333333333333,-2.75,2.0788026624197102,1,ssp585
-49.916666666666664,-2.75,2.1500120648253414,1,ssp585
-49.75,-2.75,2.254584145302899,1,ssp585
-49.58333333333333,-2.75,2.153716934207589,1,ssp585
-49.416666666666664,-2.75,2.0875698631437984,1,ssp585
-49.25,-2.75,1.9298328675364484,1,ssp585
-49.08333333333333,-2.75,2.026575884853575,1,ssp585
-48.916666666666664,-2.75,2.032217122577433,1,ssp585
-48.75,-2.75,1.8287368480965962,1,ssp585
-48.58333333333333,-2.75,1.7487803297200415,1,ssp585
-48.416666666666664,-2.75,1.785502700446902,1,ssp585
-48.25,-2.75,1.6500188861836358,1,ssp585
-48.08333333333333,-2.75,1.5250781887034415,1,ssp585
-47.916666666666664,-2.75,1.5231463558510114,1,ssp585
-47.75,-2.75,1.4500010340380614,1,ssp585
-47.58333333333333,-2.75,1.6524665880322567,1,ssp585
-47.416666666666664,-2.75,1.4417601502129354,1,ssp585
-47.25,-2.75,1.3041052300893339,1,ssp585
-47.08333333333333,-2.75,1.0767608353396327,1,ssp585
-46.916666666666664,-2.75,1.0487696328954166,1,ssp585
-46.75,-2.75,1.3285302878489975,1,ssp585
-46.58333333333333,-2.75,1.181664377768884,1,ssp585
-46.416666666666664,-2.75,1.0612148841601354,1,ssp585
-46.25,-2.75,1.118375604778118,1,ssp585
-46.08333333333333,-2.75,1.0593379477237785,1,ssp585
-45.916666666666664,-2.75,1.7013522759976132,1,ssp585
-45.75,-2.75,2.0328258004798565,1,ssp585
-45.58333333333333,-2.75,2.239256391290364,1,ssp585
-45.416666666666664,-2.75,2.1647820048806645,1,ssp585
-45.25,-2.75,2.0593591339215336,1,ssp585
-45.08333333333333,-2.75,2.2023213961032124,1,ssp585
-44.916666666666664,-2.75,2.3059468892995376,1,ssp585
-44.75,-2.75,2.634379481067414,1,ssp585
-44.58333333333333,-2.75,2.5101930569052517,1,ssp585
-44.416666666666664,-2.75,2.413912023732853,1,ssp585
-44.25,-2.75,2.3723624790949436,1,ssp585
-44.08333333333333,-2.75,2.5031897153974625,1,ssp585
-67.25,-2.916666666666666,3.2139198296887956,1,ssp585
-67.08333333333333,-2.916666666666666,3.2902600642543685,1,ssp585
-66.91666666666666,-2.916666666666666,3.310787566585932,1,ssp585
-66.75,-2.916666666666666,3.291382428141039,1,ssp585
-66.58333333333333,-2.916666666666666,3.339176811227348,1,ssp585
-66.41666666666666,-2.916666666666666,3.349789890401057,1,ssp585
-66.25,-2.916666666666666,3.351178945748825,1,ssp585
-66.08333333333333,-2.916666666666666,3.3895017140432886,1,ssp585
-65.91666666666666,-2.916666666666666,3.417035793930016,1,ssp585
-65.75,-2.916666666666666,3.5246015761785268,1,ssp585
-65.58333333333333,-2.916666666666666,3.6440058269726525,1,ssp585
-65.41666666666666,-2.916666666666666,3.7525372389803486,1,ssp585
-65.25,-2.916666666666666,3.854079327441025,1,ssp585
-65.08333333333333,-2.916666666666666,3.822462825982085,1,ssp585
-64.91666666666666,-2.916666666666666,3.7774074487121414,1,ssp585
-64.75,-2.916666666666666,3.6143103909032837,1,ssp585
-64.58333333333333,-2.916666666666666,3.4489074855243524,1,ssp585
-64.41666666666666,-2.916666666666666,3.243356989839288,1,ssp585
-64.25,-2.916666666666666,3.110150547089786,1,ssp585
-64.08333333333333,-2.916666666666666,3.0005870199355775,1,ssp585
-63.916666666666664,-2.916666666666666,2.902647596735139,1,ssp585
-63.74999999999999,-2.916666666666666,2.829304886920691,1,ssp585
-63.58333333333333,-2.916666666666666,2.7974430555218484,1,ssp585
-63.416666666666664,-2.916666666666666,2.72454215742726,1,ssp585
-63.24999999999999,-2.916666666666666,2.6825769296065007,1,ssp585
-63.08333333333333,-2.916666666666666,2.6068675190370016,1,ssp585
-62.916666666666664,-2.916666666666666,2.585729246793717,1,ssp585
-62.75,-2.916666666666666,2.5460194532608784,1,ssp585
-62.58333333333333,-2.916666666666666,2.5335296345483043,1,ssp585
-62.416666666666664,-2.916666666666666,2.5054271412648097,1,ssp585
-62.25,-2.916666666666666,2.4927786903656743,1,ssp585
-62.08333333333333,-2.916666666666666,2.512348541240446,1,ssp585
-61.916666666666664,-2.916666666666666,2.5370904570824155,1,ssp585
-61.75,-2.916666666666666,2.5807060305214087,1,ssp585
-61.58333333333333,-2.916666666666666,2.4659476507572315,1,ssp585
-61.416666666666664,-2.916666666666666,2.1656984824055643,1,ssp585
-61.25,-2.916666666666666,2.0244909613257636,1,ssp585
-61.08333333333333,-2.916666666666666,1.927216208606926,1,ssp585
-60.916666666666664,-2.916666666666666,1.8758454092360253,1,ssp585
-60.75,-2.916666666666666,1.8309904663846721,1,ssp585
-60.58333333333333,-2.916666666666666,2.0734972904885614,1,ssp585
-60.416666666666664,-2.916666666666666,1.8570514356245151,1,ssp585
-60.25,-2.916666666666666,1.8286239379267681,1,ssp585
-60.08333333333333,-2.916666666666666,1.9874356773396105,1,ssp585
-59.916666666666664,-2.916666666666666,2.0006737492133304,1,ssp585
-59.75,-2.916666666666666,2.13022054224645,1,ssp585
-59.58333333333333,-2.916666666666666,2.377411463489826,1,ssp585
-59.416666666666664,-2.916666666666666,2.536367678034339,1,ssp585
-59.25,-2.916666666666666,2.5876009824966832,1,ssp585
-59.08333333333333,-2.916666666666666,2.6914780563062277,1,ssp585
-58.916666666666664,-2.916666666666666,2.445592187980507,1,ssp585
-58.75,-2.916666666666666,2.409244989868595,1,ssp585
-58.58333333333333,-2.916666666666666,2.589918723598329,1,ssp585
-58.416666666666664,-2.916666666666666,2.720559459790489,1,ssp585
-58.25,-2.916666666666666,2.4998964369159173,1,ssp585
-58.08333333333333,-2.916666666666666,2.4685773978358925,1,ssp585
-57.916666666666664,-2.916666666666666,2.669669586481679,1,ssp585
-57.75,-2.916666666666666,2.780995234554247,1,ssp585
-57.58333333333333,-2.916666666666666,2.7015649719869,1,ssp585
-57.416666666666664,-2.916666666666666,2.7232786640462563,1,ssp585
-57.25,-2.916666666666666,2.853868011924792,1,ssp585
-57.08333333333333,-2.916666666666666,2.9611165523395417,1,ssp585
-56.916666666666664,-2.916666666666666,2.872812191437888,1,ssp585
-56.75,-2.916666666666666,2.874648605073069,1,ssp585
-56.58333333333333,-2.916666666666666,2.6940725934134018,1,ssp585
-56.416666666666664,-2.916666666666666,2.2952964504952873,1,ssp585
-56.25,-2.916666666666666,2.1628308295036707,1,ssp585
-56.08333333333333,-2.916666666666666,2.0254151597140417,1,ssp585
-55.916666666666664,-2.916666666666666,1.940202451723276,1,ssp585
-55.75,-2.916666666666666,1.8564670090437083,1,ssp585
-55.58333333333333,-2.916666666666666,1.9654626167190554,1,ssp585
-55.416666666666664,-2.916666666666666,1.5788699836371627,1,ssp585
-55.25,-2.916666666666666,1.8358249946285567,1,ssp585
-55.08333333333333,-2.916666666666666,1.5267652106823393,1,ssp585
-54.916666666666664,-2.916666666666666,1.4169817011171368,1,ssp585
-54.75,-2.916666666666666,1.3805896205712176,1,ssp585
-54.58333333333333,-2.916666666666666,1.3381677372063003,1,ssp585
-54.416666666666664,-2.916666666666666,1.293694710998213,1,ssp585
-54.25,-2.916666666666666,1.3111994304019687,1,ssp585
-54.08333333333333,-2.916666666666666,1.0457316199224247,1,ssp585
-53.916666666666664,-2.916666666666666,1.1654529313434356,1,ssp585
-53.75,-2.916666666666666,1.164049555817646,1,ssp585
-53.58333333333333,-2.916666666666666,1.2727016883388622,1,ssp585
-53.416666666666664,-2.916666666666666,1.1961217683803604,1,ssp585
-53.25,-2.916666666666666,1.1657316758672116,1,ssp585
-53.08333333333333,-2.916666666666666,1.2772514473618304,1,ssp585
-52.916666666666664,-2.916666666666666,1.584968186869996,1,ssp585
-52.75,-2.916666666666666,1.726547008986489,1,ssp585
-52.58333333333333,-2.916666666666666,1.7944778938657382,1,ssp585
-52.416666666666664,-2.916666666666666,2.016264348133952,1,ssp585
-52.25,-2.916666666666666,2.4859889412393423,1,ssp585
-52.08333333333333,-2.916666666666666,2.6951487875585656,1,ssp585
-51.916666666666664,-2.916666666666666,2.3009781315939404,1,ssp585
-51.75,-2.916666666666666,2.1649185456116924,1,ssp585
-51.58333333333333,-2.916666666666666,1.962559603924565,1,ssp585
-51.416666666666664,-2.916666666666666,1.9668791676814725,1,ssp585
-51.25,-2.916666666666666,1.9163502080914796,1,ssp585
-51.08333333333333,-2.916666666666666,1.9398494556425148,1,ssp585
-50.916666666666664,-2.916666666666666,1.848686051350354,1,ssp585
-50.75,-2.916666666666666,1.712715441744645,1,ssp585
-50.58333333333333,-2.916666666666666,1.6958710053262591,1,ssp585
-50.416666666666664,-2.916666666666666,1.9283658359844045,1,ssp585
-50.25,-2.916666666666666,2.0542203015636455,1,ssp585
-50.08333333333333,-2.916666666666666,1.9254816433414004,1,ssp585
-49.916666666666664,-2.916666666666666,2.048918130812169,1,ssp585
-49.75,-2.916666666666666,2.284959304749863,1,ssp585
-49.58333333333333,-2.916666666666666,1.9065841568727429,1,ssp585
-49.416666666666664,-2.916666666666666,1.9044211311539334,1,ssp585
-49.25,-2.916666666666666,1.8759003000584484,1,ssp585
-49.08333333333333,-2.916666666666666,2.0328612817718144,1,ssp585
-48.916666666666664,-2.916666666666666,2.125896673487373,1,ssp585
-48.75,-2.916666666666666,1.8544120930960906,1,ssp585
-48.58333333333333,-2.916666666666666,1.6572153341209357,1,ssp585
-48.416666666666664,-2.916666666666666,1.60099498822625,1,ssp585
-48.25,-2.916666666666666,1.5522395265551758,1,ssp585
-48.08333333333333,-2.916666666666666,1.47491963692649,1,ssp585
-47.916666666666664,-2.916666666666666,1.5251937398036581,1,ssp585
-47.75,-2.916666666666666,1.558234614860979,1,ssp585
-47.58333333333333,-2.916666666666666,1.5309877465676027,1,ssp585
-47.416666666666664,-2.916666666666666,1.5423882610875232,1,ssp585
-47.25,-2.916666666666666,1.1068992361819403,1,ssp585
-47.08333333333333,-2.916666666666666,1.0935411465776188,1,ssp585
-46.916666666666664,-2.916666666666666,1.275116429060208,1,ssp585
-46.75,-2.916666666666666,1.4586604035125006,1,ssp585
-46.58333333333333,-2.916666666666666,1.146356805855266,1,ssp585
-46.416666666666664,-2.916666666666666,1.0703776460755925,1,ssp585
-46.25,-2.916666666666666,1.04150582517929,1,ssp585
-46.08333333333333,-2.916666666666666,1.081398342677573,1,ssp585
-45.916666666666664,-2.916666666666666,1.5060430997252128,1,ssp585
-45.75,-2.916666666666666,2.1131285897823116,1,ssp585
-45.58333333333333,-2.916666666666666,2.2540576087702973,1,ssp585
-45.416666666666664,-2.916666666666666,2.0766329941492434,1,ssp585
-45.25,-2.916666666666666,2.1558775760822613,1,ssp585
-45.08333333333333,-2.916666666666666,2.2473041374483884,1,ssp585
-44.916666666666664,-2.916666666666666,2.449517915143789,1,ssp585
-44.75,-2.916666666666666,2.718588478478538,1,ssp585
-44.58333333333333,-2.916666666666666,2.512756186291681,1,ssp585
-44.416666666666664,-2.916666666666666,2.6837008003427023,1,ssp585
-44.25,-2.916666666666666,2.6729029186884317,1,ssp585
-44.08333333333333,-2.916666666666666,2.6954085374057914,1,ssp585
-67.41666666666666,-3.083333333333333,3.0672214387772567,1,ssp585
-67.25,-3.083333333333333,3.1829172415630542,1,ssp585
-67.08333333333333,-3.083333333333333,3.2518499171327804,1,ssp585
-66.91666666666666,-3.083333333333333,3.271301325928469,1,ssp585
-66.75,-3.083333333333333,3.2930319117999263,1,ssp585
-66.58333333333333,-3.083333333333333,3.3516451008012043,1,ssp585
-66.41666666666666,-3.083333333333333,3.3395856823975154,1,ssp585
-66.25,-3.083333333333333,3.3596751328378747,1,ssp585
-66.08333333333333,-3.083333333333333,3.370519842115609,1,ssp585
-65.91666666666666,-3.083333333333333,3.4387276290121855,1,ssp585
-65.75,-3.083333333333333,3.485532462246303,1,ssp585
-65.58333333333333,-3.083333333333333,3.521749053060331,1,ssp585
-65.41666666666666,-3.083333333333333,3.54795990878169,1,ssp585
-65.25,-3.083333333333333,3.616305022172728,1,ssp585
-65.08333333333333,-3.083333333333333,3.6287114874768926,1,ssp585
-64.91666666666666,-3.083333333333333,3.536615880710262,1,ssp585
-64.75,-3.083333333333333,3.4303944918181073,1,ssp585
-64.58333333333333,-3.083333333333333,3.344202732190028,1,ssp585
-64.41666666666666,-3.083333333333333,3.2040794393042145,1,ssp585
-64.25,-3.083333333333333,3.058457197712854,1,ssp585
-64.08333333333333,-3.083333333333333,2.971656532644162,1,ssp585
-63.916666666666664,-3.083333333333333,2.8827685858307905,1,ssp585
-63.74999999999999,-3.083333333333333,2.827982159353751,1,ssp585
-63.58333333333333,-3.083333333333333,2.786183250859796,1,ssp585
-63.416666666666664,-3.083333333333333,2.755816383862611,1,ssp585
-63.24999999999999,-3.083333333333333,2.678791971715325,1,ssp585
-63.08333333333333,-3.083333333333333,2.628573122314099,1,ssp585
-62.916666666666664,-3.083333333333333,2.574404091192797,1,ssp585
-62.75,-3.083333333333333,2.524904240584399,1,ssp585
-62.58333333333333,-3.083333333333333,2.5054199484848287,1,ssp585
-62.416666666666664,-3.083333333333333,2.48312113047347,1,ssp585
-62.25,-3.083333333333333,2.478954387444928,1,ssp585
-62.08333333333333,-3.083333333333333,2.5176235161619216,1,ssp585
-61.916666666666664,-3.083333333333333,2.500816027637052,1,ssp585
-61.75,-3.083333333333333,2.533893688530012,1,ssp585
-61.58333333333333,-3.083333333333333,2.3479827554300257,1,ssp585
-61.416666666666664,-3.083333333333333,2.2296573504053763,1,ssp585
-61.25,-3.083333333333333,2.0866575147657778,1,ssp585
-61.08333333333333,-3.083333333333333,1.9860110609680837,1,ssp585
-60.916666666666664,-3.083333333333333,1.886950802317511,1,ssp585
-60.75,-3.083333333333333,1.7055959778420149,1,ssp585
-60.58333333333333,-3.083333333333333,1.8177389469271932,1,ssp585
-60.416666666666664,-3.083333333333333,1.9768053946166544,1,ssp585
-60.25,-3.083333333333333,1.9139300013440415,1,ssp585
-60.08333333333333,-3.083333333333333,2.1825221079137793,1,ssp585
-59.916666666666664,-3.083333333333333,2.389130236720524,1,ssp585
-59.75,-3.083333333333333,2.3689320396382736,1,ssp585
-59.58333333333333,-3.083333333333333,2.440727869392607,1,ssp585
-59.416666666666664,-3.083333333333333,2.6085357473906647,1,ssp585
-59.25,-3.083333333333333,2.7424810621010036,1,ssp585
-59.08333333333333,-3.083333333333333,2.722817262721096,1,ssp585
-58.916666666666664,-3.083333333333333,2.6756898981831863,1,ssp585
-58.75,-3.083333333333333,2.5931163812584077,1,ssp585
-58.58333333333333,-3.083333333333333,2.7360673664241166,1,ssp585
-58.416666666666664,-3.083333333333333,2.6462909850055474,1,ssp585
-58.25,-3.083333333333333,2.514172978946547,1,ssp585
-58.08333333333333,-3.083333333333333,2.66950415784611,1,ssp585
-57.916666666666664,-3.083333333333333,2.7860851682019074,1,ssp585
-57.75,-3.083333333333333,2.736703819679398,1,ssp585
-57.58333333333333,-3.083333333333333,2.7372474499256336,1,ssp585
-57.416666666666664,-3.083333333333333,2.7766955738316015,1,ssp585
-57.25,-3.083333333333333,2.820167438293117,1,ssp585
-57.08333333333333,-3.083333333333333,2.742271538808393,1,ssp585
-56.916666666666664,-3.083333333333333,2.7209369531218615,1,ssp585
-56.75,-3.083333333333333,2.5274619049426783,1,ssp585
-56.58333333333333,-3.083333333333333,2.558150308239014,1,ssp585
-56.416666666666664,-3.083333333333333,2.2781521426980067,1,ssp585
-56.25,-3.083333333333333,2.179436573722994,1,ssp585
-56.08333333333333,-3.083333333333333,2.086789792115395,1,ssp585
-55.916666666666664,-3.083333333333333,2.0004395294234785,1,ssp585
-55.75,-3.083333333333333,1.8660733948453994,1,ssp585
-55.58333333333333,-3.083333333333333,1.917891020244078,1,ssp585
-55.416666666666664,-3.083333333333333,1.544041824928185,1,ssp585
-55.25,-3.083333333333333,1.7453544672193273,1,ssp585
-55.08333333333333,-3.083333333333333,1.755246940530143,1,ssp585
-54.916666666666664,-3.083333333333333,1.4480292988833243,1,ssp585
-54.75,-3.083333333333333,1.4048503292019796,1,ssp585
-54.58333333333333,-3.083333333333333,1.4015736408159212,1,ssp585
-54.416666666666664,-3.083333333333333,1.2744926511311936,1,ssp585
-54.25,-3.083333333333333,1.126035697160821,1,ssp585
-54.08333333333333,-3.083333333333333,1.2210152913410903,1,ssp585
-53.916666666666664,-3.083333333333333,1.1692705800538523,1,ssp585
-53.75,-3.083333333333333,1.3117321909239112,1,ssp585
-53.58333333333333,-3.083333333333333,1.2194530381612942,1,ssp585
-53.416666666666664,-3.083333333333333,1.1690567442422315,1,ssp585
-53.25,-3.083333333333333,1.2158165821231581,1,ssp585
-53.08333333333333,-3.083333333333333,1.3467321326126513,1,ssp585
-52.916666666666664,-3.083333333333333,1.7587715214009632,1,ssp585
-52.75,-3.083333333333333,1.7244274952034389,1,ssp585
-52.58333333333333,-3.083333333333333,2.054556320841012,1,ssp585
-52.416666666666664,-3.083333333333333,2.173113797931569,1,ssp585
-52.25,-3.083333333333333,2.607687358310344,1,ssp585
-52.08333333333333,-3.083333333333333,2.646937014089245,1,ssp585
-51.916666666666664,-3.083333333333333,2.58344401860171,1,ssp585
-51.75,-3.083333333333333,2.219361494798073,1,ssp585
-51.58333333333333,-3.083333333333333,2.0405822149010437,1,ssp585
-51.416666666666664,-3.083333333333333,1.8873149994638354,1,ssp585
-51.25,-3.083333333333333,1.783907157543147,1,ssp585
-51.08333333333333,-3.083333333333333,1.8705261991417448,1,ssp585
-50.916666666666664,-3.083333333333333,1.887648601217546,1,ssp585
-50.75,-3.083333333333333,1.6838599152929934,1,ssp585
-50.58333333333333,-3.083333333333333,1.67524489164747,1,ssp585
-50.416666666666664,-3.083333333333333,1.6537173668643737,1,ssp585
-50.25,-3.083333333333333,1.8158338436548251,1,ssp585
-50.08333333333333,-3.083333333333333,1.833542601032861,1,ssp585
-49.916666666666664,-3.083333333333333,1.9679733897248577,1,ssp585
-49.75,-3.083333333333333,2.328209992412519,1,ssp585
-49.58333333333333,-3.083333333333333,1.8594341939332772,1,ssp585
-49.416666666666664,-3.083333333333333,1.7601387553911285,1,ssp585
-49.25,-3.083333333333333,1.756315797475606,1,ssp585
-49.08333333333333,-3.083333333333333,1.9332024044811873,1,ssp585
-48.916666666666664,-3.083333333333333,2.0072442157071095,1,ssp585
-48.75,-3.083333333333333,1.7904853228963782,1,ssp585
-48.58333333333333,-3.083333333333333,1.6062212416585249,1,ssp585
-48.416666666666664,-3.083333333333333,1.5744862284819054,1,ssp585
-48.25,-3.083333333333333,1.4542775280076121,1,ssp585
-48.08333333333333,-3.083333333333333,1.4847860024687682,1,ssp585
-47.916666666666664,-3.083333333333333,1.474407674742913,1,ssp585
-47.75,-3.083333333333333,1.48122252403913,1,ssp585
-47.58333333333333,-3.083333333333333,1.4070994885676678,1,ssp585
-47.416666666666664,-3.083333333333333,1.6680708557431791,1,ssp585
-47.25,-3.083333333333333,1.2949993915416713,1,ssp585
-47.08333333333333,-3.083333333333333,1.063993615405519,1,ssp585
-46.916666666666664,-3.083333333333333,1.1037494361070979,1,ssp585
-46.75,-3.083333333333333,1.3183968524390803,1,ssp585
-46.58333333333333,-3.083333333333333,1.26486649668234,1,ssp585
-46.416666666666664,-3.083333333333333,1.0176618664252983,1,ssp585
-46.25,-3.083333333333333,1.0503527978839058,1,ssp585
-46.08333333333333,-3.083333333333333,1.284703645746391,1,ssp585
-45.916666666666664,-3.083333333333333,1.5884881170884912,1,ssp585
-45.75,-3.083333333333333,2.1775740314906815,1,ssp585
-45.58333333333333,-3.083333333333333,2.2528242256686344,1,ssp585
-45.416666666666664,-3.083333333333333,2.2242130936605036,1,ssp585
-45.25,-3.083333333333333,2.2784534483683814,1,ssp585
-45.08333333333333,-3.083333333333333,2.6002885794996664,1,ssp585
-44.916666666666664,-3.083333333333333,2.793380896493794,1,ssp585
-44.75,-3.083333333333333,2.8483808575647123,1,ssp585
-44.58333333333333,-3.083333333333333,2.858143209030233,1,ssp585
-44.416666666666664,-3.083333333333333,3.0079347953867024,1,ssp585
-44.25,-3.083333333333333,2.750576996945335,1,ssp585
-44.08333333333333,-3.083333333333333,2.6874385641686835,1,ssp585
-67.75,-3.25,2.922520007198227,1,ssp585
-67.58333333333333,-3.25,3.00594146242189,1,ssp585
-67.41666666666666,-3.25,3.0761798947014616,1,ssp585
-67.25,-3.25,3.1266451425640676,1,ssp585
-67.08333333333333,-3.25,3.227386829781668,1,ssp585
-66.91666666666666,-3.25,3.218292567730242,1,ssp585
-66.75,-3.25,3.1836095335830747,1,ssp585
-66.58333333333333,-3.25,3.2235916524708954,1,ssp585
-66.41666666666666,-3.25,3.2362480347981304,1,ssp585
-66.25,-3.25,3.258745348852354,1,ssp585
-66.08333333333333,-3.25,3.2702578950713836,1,ssp585
-65.91666666666666,-3.25,3.3397952232928514,1,ssp585
-65.75,-3.25,3.3332901432008395,1,ssp585
-65.58333333333333,-3.25,3.373319894946151,1,ssp585
-65.41666666666666,-3.25,3.3882615859031686,1,ssp585
-65.25,-3.25,3.3872118495330725,1,ssp585
-65.08333333333333,-3.25,3.359923418371849,1,ssp585
-64.91666666666666,-3.25,3.3677883429460556,1,ssp585
-64.75,-3.25,3.2920148564010177,1,ssp585
-64.58333333333333,-3.25,3.229644562714414,1,ssp585
-64.41666666666666,-3.25,3.1810466266706925,1,ssp585
-64.25,-3.25,3.1192850428683716,1,ssp585
-64.08333333333333,-3.25,2.9265571290542187,1,ssp585
-63.916666666666664,-3.25,2.8907782798276442,1,ssp585
-63.74999999999999,-3.25,2.808588850376428,1,ssp585
-63.58333333333333,-3.25,2.6973578718846807,1,ssp585
-63.416666666666664,-3.25,2.6803039141694813,1,ssp585
-63.24999999999999,-3.25,2.71472964595547,1,ssp585
-63.08333333333333,-3.25,2.6883468654898928,1,ssp585
-62.916666666666664,-3.25,2.595347889976924,1,ssp585
-62.75,-3.25,2.540376431831522,1,ssp585
-62.58333333333333,-3.25,2.523308545834542,1,ssp585
-62.416666666666664,-3.25,2.5100747085548836,1,ssp585
-62.25,-3.25,2.4930404549457275,1,ssp585
-62.08333333333333,-3.25,2.486105290137637,1,ssp585
-61.916666666666664,-3.25,2.525196100688936,1,ssp585
-61.75,-3.25,2.5377443437578187,1,ssp585
-61.58333333333333,-3.25,2.546412749497961,1,ssp585
-61.416666666666664,-3.25,2.2589282627438623,1,ssp585
-61.25,-3.25,2.1472853937613,1,ssp585
-61.08333333333333,-3.25,2.0599772413195865,1,ssp585
-60.916666666666664,-3.25,2.034550514354196,1,ssp585
-60.75,-3.25,1.9284867770201253,1,ssp585
-60.58333333333333,-3.25,1.8486975753564947,1,ssp585
-60.416666666666664,-3.25,2.004471035543827,1,ssp585
-60.25,-3.25,2.018409805507054,1,ssp585
-60.08333333333333,-3.25,2.1195249600317156,1,ssp585
-59.916666666666664,-3.25,2.3127257541853226,1,ssp585
-59.75,-3.25,2.5206557741136293,1,ssp585
-59.58333333333333,-3.25,2.695287063145997,1,ssp585
-59.416666666666664,-3.25,2.8364889825976585,1,ssp585
-59.25,-3.25,2.897168928935155,1,ssp585
-59.08333333333333,-3.25,2.871046328478646,1,ssp585
-58.916666666666664,-3.25,2.7947862132027996,1,ssp585
-58.75,-3.25,2.776940885195729,1,ssp585
-58.58333333333333,-3.25,2.6423002881834026,1,ssp585
-58.416666666666664,-3.25,2.6128301677407846,1,ssp585
-58.25,-3.25,2.712902616225265,1,ssp585
-58.08333333333333,-3.25,2.7793315224137527,1,ssp585
-57.916666666666664,-3.25,2.9418471001964717,1,ssp585
-57.75,-3.25,2.967814331033515,1,ssp585
-57.58333333333333,-3.25,2.872520805079957,1,ssp585
-57.416666666666664,-3.25,2.7963534882297756,1,ssp585
-57.25,-3.25,2.7595785871196745,1,ssp585
-57.08333333333333,-3.25,2.691688805338721,1,ssp585
-56.916666666666664,-3.25,2.557222645070031,1,ssp585
-56.75,-3.25,2.517064909243615,1,ssp585
-56.58333333333333,-3.25,2.4370500517180766,1,ssp585
-56.416666666666664,-3.25,2.257921618640428,1,ssp585
-56.25,-3.25,2.1843120631460122,1,ssp585
-56.08333333333333,-3.25,2.0930670602081065,1,ssp585
-55.916666666666664,-3.25,2.0189297207348975,1,ssp585
-55.75,-3.25,1.9771504337317836,1,ssp585
-55.58333333333333,-3.25,1.8519262352515387,1,ssp585
-55.416666666666664,-3.25,1.7055841928632012,1,ssp585
-55.25,-3.25,1.6161276823681159,1,ssp585
-55.08333333333333,-3.25,1.6536983139530224,1,ssp585
-54.916666666666664,-3.25,1.4866129398836678,1,ssp585
-54.75,-3.25,1.3960956521761727,1,ssp585
-54.58333333333333,-3.25,1.2210948297196351,1,ssp585
-54.416666666666664,-3.25,1.2776303854693398,1,ssp585
-54.25,-3.25,1.061983857855026,1,ssp585
-54.08333333333333,-3.25,1.2200832766016192,1,ssp585
-53.916666666666664,-3.25,1.1426360355403262,1,ssp585
-53.75,-3.25,1.1968500867875038,1,ssp585
-53.58333333333333,-3.25,1.2504617968343905,1,ssp585
-53.416666666666664,-3.25,1.2924162021799257,1,ssp585
-53.25,-3.25,1.2794943149385385,1,ssp585
-53.08333333333333,-3.25,1.447270738439412,1,ssp585
-52.916666666666664,-3.25,1.667069469672304,1,ssp585
-52.75,-3.25,1.8465885820368275,1,ssp585
-52.58333333333333,-3.25,2.034620601652926,1,ssp585
-52.416666666666664,-3.25,2.3098096693070183,1,ssp585
-52.25,-3.25,2.3722514241898844,1,ssp585
-52.08333333333333,-3.25,2.122041911644758,1,ssp585
-51.916666666666664,-3.25,2.055870481878692,1,ssp585
-51.75,-3.25,2.2207696258609766,1,ssp585
-51.58333333333333,-3.25,2.107105766052595,1,ssp585
-51.416666666666664,-3.25,1.9534237865459343,1,ssp585
-51.25,-3.25,1.8481075410712824,1,ssp585
-51.08333333333333,-3.25,1.8772156586757387,1,ssp585
-50.916666666666664,-3.25,1.8993769199848751,1,ssp585
-50.75,-3.25,1.6299671257255857,1,ssp585
-50.58333333333333,-3.25,1.6593450498235593,1,ssp585
-50.416666666666664,-3.25,1.6111908784528568,1,ssp585
-50.25,-3.25,1.7497642925571824,1,ssp585
-50.08333333333333,-3.25,1.726403140922151,1,ssp585
-49.916666666666664,-3.25,1.7495048660684442,1,ssp585
-49.75,-3.25,2.110320574222692,1,ssp585
-49.58333333333333,-3.25,2.0733649126022136,1,ssp585
-49.416666666666664,-3.25,1.6470337242210742,1,ssp585
-49.25,-3.25,1.8005657940610655,1,ssp585
-49.08333333333333,-3.25,1.9774594412286308,1,ssp585
-48.916666666666664,-3.25,1.983155213577936,1,ssp585
-48.75,-3.25,1.6378607184868426,1,ssp585
-48.58333333333333,-3.25,1.5584070144578566,1,ssp585
-48.416666666666664,-3.25,1.5667176673624998,1,ssp585
-48.25,-3.25,1.4374951109967906,1,ssp585
-48.08333333333333,-3.25,1.5393330536134393,1,ssp585
-47.916666666666664,-3.25,1.3181505067767776,1,ssp585
-47.75,-3.25,1.3215491242437256,1,ssp585
-47.58333333333333,-3.25,1.2990274887074118,1,ssp585
-47.416666666666664,-3.25,1.2956862189163065,1,ssp585
-47.25,-3.25,1.140042653650934,1,ssp585
-47.08333333333333,-3.25,1.1709358586188179,1,ssp585
-46.916666666666664,-3.25,1.4536096072863653,1,ssp585
-46.75,-3.25,1.5492679996978769,1,ssp585
-46.58333333333333,-3.25,1.351047202017714,1,ssp585
-46.416666666666664,-3.25,1.2034737742917667,1,ssp585
-46.25,-3.25,1.716632731098225,1,ssp585
-46.08333333333333,-3.25,1.7876180748164505,1,ssp585
-45.916666666666664,-3.25,2.0197434620911285,1,ssp585
-45.75,-3.25,2.3176841938218042,1,ssp585
-45.58333333333333,-3.25,2.4197304856331097,1,ssp585
-45.416666666666664,-3.25,2.5093208402456506,1,ssp585
-45.25,-3.25,2.626392914239245,1,ssp585
-45.08333333333333,-3.25,2.8258698562642075,1,ssp585
-44.916666666666664,-3.25,2.907810550556341,1,ssp585
-44.75,-3.25,2.857529290577637,1,ssp585
-44.58333333333333,-3.25,3.0776496307387387,1,ssp585
-44.416666666666664,-3.25,2.9403413898562656,1,ssp585
-44.25,-3.25,2.7540021600969937,1,ssp585
-44.08333333333333,-3.25,2.736309083307532,1,ssp585
-67.91666666666666,-3.416666666666666,2.901715724822357,1,ssp585
-67.75,-3.416666666666666,2.967056368203973,1,ssp585
-67.58333333333333,-3.416666666666666,3.0081944707333745,1,ssp585
-67.41666666666666,-3.416666666666666,3.056931000633089,1,ssp585
-67.25,-3.416666666666666,3.104574107660875,1,ssp585
-67.08333333333333,-3.416666666666666,3.134043203121836,1,ssp585
-66.91666666666666,-3.416666666666666,3.0766856403382903,1,ssp585
-66.75,-3.416666666666666,3.0776661786534287,1,ssp585
-66.58333333333333,-3.416666666666666,3.102209815009138,1,ssp585
-66.41666666666666,-3.416666666666666,3.1389959910083114,1,ssp585
-66.25,-3.416666666666666,3.189411256091487,1,ssp585
-66.08333333333333,-3.416666666666666,3.1838997457757428,1,ssp585
-65.91666666666666,-3.416666666666666,3.1956899969783956,1,ssp585
-65.75,-3.416666666666666,3.2061413571910458,1,ssp585
-65.58333333333333,-3.416666666666666,3.241924738049055,1,ssp585
-65.41666666666666,-3.416666666666666,3.3119732267906064,1,ssp585
-65.25,-3.416666666666666,3.2897265679418695,1,ssp585
-65.08333333333333,-3.416666666666666,3.259024955068766,1,ssp585
-64.91666666666666,-3.416666666666666,3.2368238199836803,1,ssp585
-64.75,-3.416666666666666,3.3052318172632242,1,ssp585
-64.58333333333333,-3.416666666666666,3.171214721478309,1,ssp585
-64.41666666666666,-3.416666666666666,3.0384808413813102,1,ssp585
-64.25,-3.416666666666666,2.9970469442337957,1,ssp585
-64.08333333333333,-3.416666666666666,2.7832694021621616,1,ssp585
-63.916666666666664,-3.416666666666666,2.7418007025760875,1,ssp585
-63.74999999999999,-3.416666666666666,2.6780153340187174,1,ssp585
-63.58333333333333,-3.416666666666666,2.602210542572161,1,ssp585
-63.416666666666664,-3.416666666666666,2.55453626622667,1,ssp585
-63.24999999999999,-3.416666666666666,2.5897180083125453,1,ssp585
-63.08333333333333,-3.416666666666666,2.649327319482603,1,ssp585
-62.916666666666664,-3.416666666666666,2.655233934223599,1,ssp585
-62.75,-3.416666666666666,2.6051450485837595,1,ssp585
-62.58333333333333,-3.416666666666666,2.5331483311314673,1,ssp585
-62.416666666666664,-3.416666666666666,2.582706470355505,1,ssp585
-62.25,-3.416666666666666,2.534824327453173,1,ssp585
-62.08333333333333,-3.416666666666666,2.5025843518578874,1,ssp585
-61.916666666666664,-3.416666666666666,2.521102931941384,1,ssp585
-61.75,-3.416666666666666,2.548403554323568,1,ssp585
-61.58333333333333,-3.416666666666666,2.542977275207686,1,ssp585
-61.416666666666664,-3.416666666666666,2.3175965745651155,1,ssp585
-61.25,-3.416666666666666,2.2498335421897893,1,ssp585
-61.08333333333333,-3.416666666666666,2.1895307551684233,1,ssp585
-60.916666666666664,-3.416666666666666,2.0837706529071207,1,ssp585
-60.75,-3.416666666666666,2.053822036332051,1,ssp585
-60.58333333333333,-3.416666666666666,2.069674709262889,1,ssp585
-60.416666666666664,-3.416666666666666,2.1299948644293067,1,ssp585
-60.25,-3.416666666666666,2.1555582987320343,1,ssp585
-60.08333333333333,-3.416666666666666,2.2626224848953203,1,ssp585
-59.916666666666664,-3.416666666666666,2.3487322160833175,1,ssp585
-59.75,-3.416666666666666,2.3892622577048397,1,ssp585
-59.58333333333333,-3.416666666666666,2.5502352100803374,1,ssp585
-59.416666666666664,-3.416666666666666,2.763567817144734,1,ssp585
-59.25,-3.416666666666666,2.8399222309568843,1,ssp585
-59.08333333333333,-3.416666666666666,2.8800551506573515,1,ssp585
-58.916666666666664,-3.416666666666666,2.8812854297748527,1,ssp585
-58.75,-3.416666666666666,2.836771173607498,1,ssp585
-58.58333333333333,-3.416666666666666,2.856680916584848,1,ssp585
-58.416666666666664,-3.416666666666666,2.8558017911100966,1,ssp585
-58.25,-3.416666666666666,2.9135544079994857,1,ssp585
-58.08333333333333,-3.416666666666666,2.9905935928747347,1,ssp585
-57.916666666666664,-3.416666666666666,3.080693234118142,1,ssp585
-57.75,-3.416666666666666,3.1076871289409547,1,ssp585
-57.58333333333333,-3.416666666666666,3.087039813342806,1,ssp585
-57.416666666666664,-3.416666666666666,2.8076174774226583,1,ssp585
-57.25,-3.416666666666666,2.6683181746618096,1,ssp585
-57.08333333333333,-3.416666666666666,2.568682155904609,1,ssp585
-56.916666666666664,-3.416666666666666,2.578061765390857,1,ssp585
-56.75,-3.416666666666666,2.5078325543994806,1,ssp585
-56.58333333333333,-3.416666666666666,2.449233368419386,1,ssp585
-56.416666666666664,-3.416666666666666,2.3530754504957696,1,ssp585
-56.25,-3.416666666666666,2.2354515101483234,1,ssp585
-56.08333333333333,-3.416666666666666,2.1402239041666054,1,ssp585
-55.916666666666664,-3.416666666666666,2.102110589865733,1,ssp585
-55.75,-3.416666666666666,2.077398332203644,1,ssp585
-55.58333333333333,-3.416666666666666,1.781900339894945,1,ssp585
-55.416666666666664,-3.416666666666666,2.05556444964617,1,ssp585
-55.25,-3.416666666666666,1.8887918408433901,1,ssp585
-55.08333333333333,-3.416666666666666,1.499251848101934,1,ssp585
-54.916666666666664,-3.416666666666666,1.413853412541536,1,ssp585
-54.75,-3.416666666666666,1.3607112793040268,1,ssp585
-54.58333333333333,-3.416666666666666,1.2308866485778374,1,ssp585
-54.416666666666664,-3.416666666666666,1.2255441597497119,1,ssp585
-54.25,-3.416666666666666,1.0963715376804177,1,ssp585
-54.08333333333333,-3.416666666666666,1.1353453954491577,1,ssp585
-53.916666666666664,-3.416666666666666,1.171242056202083,1,ssp585
-53.75,-3.416666666666666,1.2342996466564848,1,ssp585
-53.58333333333333,-3.416666666666666,1.3694560026087337,1,ssp585
-53.416666666666664,-3.416666666666666,1.507693108899917,1,ssp585
-53.25,-3.416666666666666,1.3277857838523026,1,ssp585
-53.08333333333333,-3.416666666666666,1.5432526305429373,1,ssp585
-52.916666666666664,-3.416666666666666,1.6565298296282704,1,ssp585
-52.75,-3.416666666666666,1.554933255926036,1,ssp585
-52.58333333333333,-3.416666666666666,1.801388045273703,1,ssp585
-52.416666666666664,-3.416666666666666,1.8819943203213794,1,ssp585
-52.25,-3.416666666666666,2.026761036963417,1,ssp585
-52.08333333333333,-3.416666666666666,1.821367797048042,1,ssp585
-51.916666666666664,-3.416666666666666,1.7780825848305466,1,ssp585
-51.75,-3.416666666666666,1.7915427940565107,1,ssp585
-51.58333333333333,-3.416666666666666,1.6429828571751057,1,ssp585
-51.416666666666664,-3.416666666666666,1.6456873348678187,1,ssp585
-51.25,-3.416666666666666,1.8797869654312014,1,ssp585
-51.08333333333333,-3.416666666666666,1.8433509421636334,1,ssp585
-50.916666666666664,-3.416666666666666,1.7506067729290582,1,ssp585
-50.75,-3.416666666666666,1.5625910069070794,1,ssp585
-50.58333333333333,-3.416666666666666,1.6416634950515019,1,ssp585
-50.416666666666664,-3.416666666666666,1.612941765083117,1,ssp585
-50.25,-3.416666666666666,1.6167502886681102,1,ssp585
-50.08333333333333,-3.416666666666666,1.7755366291831147,1,ssp585
-49.916666666666664,-3.416666666666666,1.7140076465036158,1,ssp585
-49.75,-3.416666666666666,1.9971851821471116,1,ssp585
-49.58333333333333,-3.416666666666666,2.171424117334087,1,ssp585
-49.416666666666664,-3.416666666666666,1.716684688266778,1,ssp585
-49.25,-3.416666666666666,1.7793312029182415,1,ssp585
-49.08333333333333,-3.416666666666666,2.1355979404173846,1,ssp585
-48.916666666666664,-3.416666666666666,1.9172582799331312,1,ssp585
-48.75,-3.416666666666666,1.55104177514808,1,ssp585
-48.58333333333333,-3.416666666666666,1.53051778699713,1,ssp585
-48.416666666666664,-3.416666666666666,1.5282050441386459,1,ssp585
-48.25,-3.416666666666666,1.3452191342393596,1,ssp585
-48.08333333333333,-3.416666666666666,1.4226149572728957,1,ssp585
-47.916666666666664,-3.416666666666666,1.3388628990501936,1,ssp585
-47.75,-3.416666666666666,1.1785664693109115,1,ssp585
-47.58333333333333,-3.416666666666666,1.0626285998886043,1,ssp585
-47.416666666666664,-3.416666666666666,1.2104629428385254,1,ssp585
-47.25,-3.416666666666666,1.7495478700885754,1,ssp585
-47.08333333333333,-3.416666666666666,1.6928115247493156,1,ssp585
-46.916666666666664,-3.416666666666666,1.6132544712002812,1,ssp585
-46.75,-3.416666666666666,1.468552674389641,1,ssp585
-46.58333333333333,-3.416666666666666,1.1346474488774068,1,ssp585
-46.416666666666664,-3.416666666666666,1.3524727585672154,1,ssp585
-46.25,-3.416666666666666,1.9235081676615147,1,ssp585
-46.08333333333333,-3.416666666666666,2.1057633056396154,1,ssp585
-45.916666666666664,-3.416666666666666,2.313401925984191,1,ssp585
-45.75,-3.416666666666666,2.3388606243025354,1,ssp585
-45.58333333333333,-3.416666666666666,2.451037159427103,1,ssp585
-45.416666666666664,-3.416666666666666,2.57968595928124,1,ssp585
-45.25,-3.416666666666666,2.669059005458839,1,ssp585
-45.08333333333333,-3.416666666666666,2.7827605553859196,1,ssp585
-44.916666666666664,-3.416666666666666,2.852815163387199,1,ssp585
-44.75,-3.416666666666666,3.0893874993501385,1,ssp585
-68.08333333333333,-3.583333333333332,2.907779519891487,1,ssp585
-67.91666666666666,-3.583333333333332,2.933362238731179,1,ssp585
-67.75,-3.583333333333332,2.940807020754605,1,ssp585
-67.58333333333333,-3.583333333333332,2.986568037221288,1,ssp585
-67.41666666666666,-3.583333333333332,2.981056837049626,1,ssp585
-67.25,-3.583333333333332,3.008598720126308,1,ssp585
-67.08333333333333,-3.583333333333332,3.0535744423007687,1,ssp585
-66.91666666666666,-3.583333333333332,3.006850204971026,1,ssp585
-66.75,-3.583333333333332,3.0505406045237606,1,ssp585
-66.58333333333333,-3.583333333333332,2.994570210749317,1,ssp585
-66.41666666666666,-3.583333333333332,3.093930040759895,1,ssp585
-66.25,-3.583333333333332,3.1428759707946767,1,ssp585
-66.08333333333333,-3.583333333333332,3.128448677844075,1,ssp585
-65.91666666666666,-3.583333333333332,3.123018764597891,1,ssp585
-65.75,-3.583333333333332,3.1040639434417883,1,ssp585
-65.58333333333333,-3.583333333333332,3.1419211435897845,1,ssp585
-65.41666666666666,-3.583333333333332,3.187028478497822,1,ssp585
-65.25,-3.583333333333332,3.2171145307404134,1,ssp585
-65.08333333333333,-3.583333333333332,3.251295427641891,1,ssp585
-64.91666666666666,-3.583333333333332,3.253840169063768,1,ssp585
-64.75,-3.583333333333332,3.0364851459015245,1,ssp585
-64.58333333333333,-3.583333333333332,2.9514401363651244,1,ssp585
-64.41666666666666,-3.583333333333332,2.7894030937939256,1,ssp585
-64.25,-3.583333333333332,2.7419594250940573,1,ssp585
-64.08333333333333,-3.583333333333332,2.6513018270901076,1,ssp585
-63.916666666666664,-3.583333333333332,2.6360958601209994,1,ssp585
-63.74999999999999,-3.583333333333332,2.589780809547371,1,ssp585
-63.58333333333333,-3.583333333333332,2.5565110182143393,1,ssp585
-63.416666666666664,-3.583333333333332,2.5457470344300925,1,ssp585
-63.24999999999999,-3.583333333333332,2.558025312396313,1,ssp585
-63.08333333333333,-3.583333333333332,2.585238451843225,1,ssp585
-62.916666666666664,-3.583333333333332,2.68155827740712,1,ssp585
-62.75,-3.583333333333332,2.708962856366515,1,ssp585
-62.58333333333333,-3.583333333333332,2.6584673824812364,1,ssp585
-62.416666666666664,-3.583333333333332,2.6382514404729522,1,ssp585
-62.25,-3.583333333333332,2.6032327986818067,1,ssp585
-62.08333333333333,-3.583333333333332,2.5796572342683635,1,ssp585
-61.916666666666664,-3.583333333333332,2.5676200200800827,1,ssp585
-61.75,-3.583333333333332,2.6455417418886173,1,ssp585
-61.58333333333333,-3.583333333333332,2.5885615321289377,1,ssp585
-61.416666666666664,-3.583333333333332,2.5535178154511398,1,ssp585
-61.25,-3.583333333333332,2.401879720788517,1,ssp585
-61.08333333333333,-3.583333333333332,2.268506192344434,1,ssp585
-60.916666666666664,-3.583333333333332,2.1782681425121635,1,ssp585
-60.75,-3.583333333333332,2.0803762951407103,1,ssp585
-60.58333333333333,-3.583333333333332,2.0926957715105754,1,ssp585
-60.416666666666664,-3.583333333333332,2.103047209241702,1,ssp585
-60.25,-3.583333333333332,2.188768196715397,1,ssp585
-60.08333333333333,-3.583333333333332,2.177553995894391,1,ssp585
-59.916666666666664,-3.583333333333332,2.282544737833744,1,ssp585
-59.75,-3.583333333333332,2.4351671189190065,1,ssp585
-59.58333333333333,-3.583333333333332,2.563387339927701,1,ssp585
-59.416666666666664,-3.583333333333332,2.7827814911400695,1,ssp585
-59.25,-3.583333333333332,2.8625820072840535,1,ssp585
-59.08333333333333,-3.583333333333332,2.86249519242242,1,ssp585
-58.916666666666664,-3.583333333333332,2.8870305424764946,1,ssp585
-58.75,-3.583333333333332,2.830345046004965,1,ssp585
-58.58333333333333,-3.583333333333332,2.7544218280348316,1,ssp585
-58.416666666666664,-3.583333333333332,2.7411970561454244,1,ssp585
-58.25,-3.583333333333332,2.838372070714212,1,ssp585
-58.08333333333333,-3.583333333333332,2.9360848434012268,1,ssp585
-57.916666666666664,-3.583333333333332,3.0013353509143594,1,ssp585
-57.75,-3.583333333333332,3.028107171046116,1,ssp585
-57.58333333333333,-3.583333333333332,3.0076272129924444,1,ssp585
-57.416666666666664,-3.583333333333332,2.7194439428134953,1,ssp585
-57.25,-3.583333333333332,2.5846298972645645,1,ssp585
-57.08333333333333,-3.583333333333332,2.449694296142346,1,ssp585
-56.916666666666664,-3.583333333333332,2.479009876561301,1,ssp585
-56.75,-3.583333333333332,2.437551007389253,1,ssp585
-56.58333333333333,-3.583333333333332,2.3296027802060957,1,ssp585
-56.416666666666664,-3.583333333333332,2.3611431447918747,1,ssp585
-56.25,-3.583333333333332,2.3582160538268364,1,ssp585
-56.08333333333333,-3.583333333333332,2.2209501031894483,1,ssp585
-55.916666666666664,-3.583333333333332,2.123856276952364,1,ssp585
-55.75,-3.583333333333332,1.9786755045566622,1,ssp585
-55.58333333333333,-3.583333333333332,1.9095275340060065,1,ssp585
-55.416666666666664,-3.583333333333332,2.039772658469461,1,ssp585
-55.25,-3.583333333333332,2.031726401932625,1,ssp585
-55.08333333333333,-3.583333333333332,1.4072892648655413,1,ssp585
-54.916666666666664,-3.583333333333332,1.366427850425477,1,ssp585
-54.75,-3.583333333333332,1.3812939103464195,1,ssp585
-54.58333333333333,-3.583333333333332,1.2237361689967161,1,ssp585
-54.416666666666664,-3.583333333333332,1.2498585060036986,1,ssp585
-54.25,-3.583333333333332,1.13885652461577,1,ssp585
-54.08333333333333,-3.583333333333332,1.197494805858003,1,ssp585
-53.916666666666664,-3.583333333333332,1.289599789380585,1,ssp585
-53.75,-3.583333333333332,1.3602059135835272,1,ssp585
-53.58333333333333,-3.583333333333332,1.5703802976828762,1,ssp585
-53.416666666666664,-3.583333333333332,1.6439528961276233,1,ssp585
-53.25,-3.583333333333332,1.2919940070654448,1,ssp585
-53.08333333333333,-3.583333333333332,1.3252698515292887,1,ssp585
-52.916666666666664,-3.583333333333332,1.3329096762402122,1,ssp585
-52.75,-3.583333333333332,1.3694594602913301,1,ssp585
-52.58333333333333,-3.583333333333332,1.7264382506016573,1,ssp585
-52.416666666666664,-3.583333333333332,1.6988784031839719,1,ssp585
-52.25,-3.583333333333332,1.5789092914536267,1,ssp585
-52.08333333333333,-3.583333333333332,1.5660279070731342,1,ssp585
-51.916666666666664,-3.583333333333332,1.6505465720142722,1,ssp585
-51.75,-3.583333333333332,1.4816654207992317,1,ssp585
-51.58333333333333,-3.583333333333332,1.274073011678537,1,ssp585
-51.416666666666664,-3.583333333333332,1.2443334103101076,1,ssp585
-51.25,-3.583333333333332,1.6539109697881547,1,ssp585
-51.08333333333333,-3.583333333333332,1.6978157619437981,1,ssp585
-50.916666666666664,-3.583333333333332,1.6217737361085551,1,ssp585
-50.75,-3.583333333333332,1.7465740671054457,1,ssp585
-50.58333333333333,-3.583333333333332,1.7418536915906784,1,ssp585
-50.416666666666664,-3.583333333333332,1.5898336226576624,1,ssp585
-50.25,-3.583333333333332,1.647601713981482,1,ssp585
-50.08333333333333,-3.583333333333332,1.803161201687711,1,ssp585
-49.916666666666664,-3.583333333333332,1.766834512414304,1,ssp585
-49.75,-3.583333333333332,1.9963925511680212,1,ssp585
-49.58333333333333,-3.583333333333332,2.3582837898104465,1,ssp585
-49.416666666666664,-3.583333333333332,2.112838922095956,1,ssp585
-49.25,-3.583333333333332,2.0052658137316706,1,ssp585
-49.08333333333333,-3.583333333333332,2.069573026561658,1,ssp585
-48.916666666666664,-3.583333333333332,1.9982502160634104,1,ssp585
-48.75,-3.583333333333332,1.4916378018319225,1,ssp585
-48.58333333333333,-3.583333333333332,1.3781712633238858,1,ssp585
-48.416666666666664,-3.583333333333332,1.2573245773795643,1,ssp585
-48.25,-3.583333333333332,1.135312808252824,1,ssp585
-48.08333333333333,-3.583333333333332,1.1129280778789248,1,ssp585
-47.916666666666664,-3.583333333333332,1.140092666612528,1,ssp585
-47.75,-3.583333333333332,1.1238392829030086,1,ssp585
-47.58333333333333,-3.583333333333332,1.1867695506135651,1,ssp585
-47.416666666666664,-3.583333333333332,1.4439758997267005,1,ssp585
-47.25,-3.583333333333332,1.4901427784733698,1,ssp585
-47.08333333333333,-3.583333333333332,1.6210384919394278,1,ssp585
-46.916666666666664,-3.583333333333332,1.5840927040554498,1,ssp585
-46.75,-3.583333333333332,1.3147009279026316,1,ssp585
-46.58333333333333,-3.583333333333332,1.2706525719508401,1,ssp585
-46.416666666666664,-3.583333333333332,1.6628238817307353,1,ssp585
-46.25,-3.583333333333332,1.900304359065818,1,ssp585
-46.08333333333333,-3.583333333333332,2.2778220468451638,1,ssp585
-45.916666666666664,-3.583333333333332,2.416124095468815,1,ssp585
-45.75,-3.583333333333332,2.4324464378112536,1,ssp585
-45.58333333333333,-3.583333333333332,2.503469102900406,1,ssp585
-45.416666666666664,-3.583333333333332,2.664428966966785,1,ssp585
-45.25,-3.583333333333332,2.75566031488803,1,ssp585
-45.08333333333333,-3.583333333333332,2.724222363059974,1,ssp585
-44.916666666666664,-3.583333333333332,2.9073636381647687,1,ssp585
-44.75,-3.583333333333332,3.0942359184067834,1,ssp585
-68.08333333333333,-3.75,2.8310179200168526,1,ssp585
-67.91666666666666,-3.75,2.837907183490881,1,ssp585
-67.75,-3.75,2.844746203129332,1,ssp585
-67.58333333333333,-3.75,2.901839607252987,1,ssp585
-67.41666666666666,-3.75,2.8772613109215404,1,ssp585
-67.25,-3.75,2.9157308594604374,1,ssp585
-67.08333333333333,-3.75,2.942201362457962,1,ssp585
-66.91666666666666,-3.75,2.9529084164183037,1,ssp585
-66.75,-3.75,2.966327495890967,1,ssp585
-66.58333333333333,-3.75,2.982601092506617,1,ssp585
-66.41666666666666,-3.75,3.0451372860634085,1,ssp585
-66.25,-3.75,3.042204396249275,1,ssp585
-66.08333333333333,-3.75,3.0783384982135655,1,ssp585
-65.91666666666666,-3.75,3.064551279135746,1,ssp585
-65.75,-3.75,3.049919833420127,1,ssp585
-65.58333333333333,-3.75,3.1139415201137473,1,ssp585
-65.41666666666666,-3.75,3.16379606153926,1,ssp585
-65.25,-3.75,3.0870241475076847,1,ssp585
-65.08333333333333,-3.75,3.108927036513461,1,ssp585
-64.91666666666666,-3.75,2.9841454984175244,1,ssp585
-64.75,-3.75,2.876087682246031,1,ssp585
-64.58333333333333,-3.75,2.7664780469518075,1,ssp585
-64.41666666666666,-3.75,2.6092591804577907,1,ssp585
-64.25,-3.75,2.5203111308608426,1,ssp585
-64.08333333333333,-3.75,2.454835273593954,1,ssp585
-63.916666666666664,-3.75,2.585171023165522,1,ssp585
-63.74999999999999,-3.75,2.5768629542443025,1,ssp585
-63.58333333333333,-3.75,2.526710742036166,1,ssp585
-63.416666666666664,-3.75,2.5094553825059065,1,ssp585
-63.24999999999999,-3.75,2.554903094989614,1,ssp585
-63.08333333333333,-3.75,2.6465380938438643,1,ssp585
-62.916666666666664,-3.75,2.6940459493046705,1,ssp585
-62.75,-3.75,2.685782042417802,1,ssp585
-62.58333333333333,-3.75,2.698263899548238,1,ssp585
-62.416666666666664,-3.75,2.6475471927389274,1,ssp585
-62.25,-3.75,2.62359393797227,1,ssp585
-62.08333333333333,-3.75,2.6334128336959965,1,ssp585
-61.916666666666664,-3.75,2.7187308182239325,1,ssp585
-61.75,-3.75,2.7667506536204614,1,ssp585
-61.58333333333333,-3.75,2.7250938428787084,1,ssp585
-61.416666666666664,-3.75,2.7407936281851755,1,ssp585
-61.25,-3.75,2.692249027325058,1,ssp585
-61.08333333333333,-3.75,2.4460475305758114,1,ssp585
-60.916666666666664,-3.75,2.2736046076529703,1,ssp585
-60.75,-3.75,2.184679057017078,1,ssp585
-60.58333333333333,-3.75,2.1726887392800087,1,ssp585
-60.416666666666664,-3.75,2.2308282445342904,1,ssp585
-60.25,-3.75,2.233119898170337,1,ssp585
-60.08333333333333,-3.75,2.198976212946855,1,ssp585
-59.916666666666664,-3.75,2.2983302187319454,1,ssp585
-59.75,-3.75,2.446442424071287,1,ssp585
-59.58333333333333,-3.75,2.5833172959035395,1,ssp585
-59.416666666666664,-3.75,2.6763402247875256,1,ssp585
-59.25,-3.75,2.7584526336062396,1,ssp585
-59.08333333333333,-3.75,2.8424253498742864,1,ssp585
-58.916666666666664,-3.75,2.8352826458058003,1,ssp585
-58.75,-3.75,2.7687193522090032,1,ssp585
-58.58333333333333,-3.75,2.741477735564288,1,ssp585
-58.416666666666664,-3.75,2.778935755692377,1,ssp585
-58.25,-3.75,2.7664843034631614,1,ssp585
-58.08333333333333,-3.75,2.7929133905601047,1,ssp585
-57.916666666666664,-3.75,2.8684569507619067,1,ssp585
-57.75,-3.75,2.8137870356325334,1,ssp585
-57.58333333333333,-3.75,2.7598784821469255,1,ssp585
-57.416666666666664,-3.75,2.650655755085528,1,ssp585
-57.25,-3.75,2.5240538326453685,1,ssp585
-57.08333333333333,-3.75,2.435293586015372,1,ssp585
-56.916666666666664,-3.75,2.3280707999207335,1,ssp585
-56.75,-3.75,2.311375204094537,1,ssp585
-56.58333333333333,-3.75,2.1757680431130857,1,ssp585
-56.416666666666664,-3.75,2.2729198426695336,1,ssp585
-56.25,-3.75,2.386940889254798,1,ssp585
-56.08333333333333,-3.75,2.193379935775104,1,ssp585
-55.916666666666664,-3.75,2.0506554358403886,1,ssp585
-55.75,-3.75,2.014189195340013,1,ssp585
-55.58333333333333,-3.75,2.1129983877753142,1,ssp585
-55.416666666666664,-3.75,2.0442227029899596,1,ssp585
-55.25,-3.75,1.91727029280687,1,ssp585
-55.08333333333333,-3.75,1.342013550130289,1,ssp585
-54.916666666666664,-3.75,1.3017841426967938,1,ssp585
-54.75,-3.75,1.4152429910089304,1,ssp585
-54.58333333333333,-3.75,1.295268407596844,1,ssp585
-54.416666666666664,-3.75,1.4562478218157175,1,ssp585
-54.25,-3.75,1.296763999996051,1,ssp585
-54.08333333333333,-3.75,1.301126361411825,1,ssp585
-53.916666666666664,-3.75,1.3888751807532247,1,ssp585
-53.75,-3.75,1.6101350918771133,1,ssp585
-53.58333333333333,-3.75,1.5430381915132176,1,ssp585
-53.416666666666664,-3.75,1.4096163706250702,1,ssp585
-53.25,-3.75,1.2724697340155227,1,ssp585
-53.08333333333333,-3.75,1.2485837863898626,1,ssp585
-52.916666666666664,-3.75,1.2637490608569102,1,ssp585
-52.75,-3.75,1.3092154835603462,1,ssp585
-52.58333333333333,-3.75,1.5020788129061702,1,ssp585
-52.416666666666664,-3.75,1.2727360411854705,1,ssp585
-52.25,-3.75,1.3750182325920999,1,ssp585
-52.08333333333333,-3.75,1.3907077370258636,1,ssp585
-51.916666666666664,-3.75,1.485611664893289,1,ssp585
-51.75,-3.75,1.405364502033233,1,ssp585
-51.58333333333333,-3.75,1.009236560612451,1,ssp585
-51.416666666666664,-3.75,0.9149314374243013,1,ssp585
-51.25,-3.75,1.1194389115174848,1,ssp585
-51.08333333333333,-3.75,1.275785685169598,1,ssp585
-50.916666666666664,-3.75,1.4608359682073855,1,ssp585
-50.75,-3.75,1.7532312807647394,1,ssp585
-50.58333333333333,-3.75,1.933017972803956,1,ssp585
-50.416666666666664,-3.75,1.8532768318051323,1,ssp585
-50.25,-3.75,1.7593247652171446,1,ssp585
-50.08333333333333,-3.75,1.7923989154793933,1,ssp585
-49.916666666666664,-3.75,1.7579640638445326,1,ssp585
-49.75,-3.75,1.9952584616875102,1,ssp585
-49.58333333333333,-3.75,2.391204807047751,1,ssp585
-49.416666666666664,-3.75,2.354483772214183,1,ssp585
-49.25,-3.75,2.138550188125484,1,ssp585
-49.08333333333333,-3.75,2.2529195441787726,1,ssp585
-48.916666666666664,-3.75,1.929147225613583,1,ssp585
-48.75,-3.75,1.6788934821028236,1,ssp585
-48.58333333333333,-3.75,1.4977185150974581,1,ssp585
-48.416666666666664,-3.75,1.3441622553525887,1,ssp585
-48.25,-3.75,1.4298549493622243,1,ssp585
-48.08333333333333,-3.75,1.5967295207682477,1,ssp585
-47.916666666666664,-3.75,1.577984486383641,1,ssp585
-47.75,-3.75,1.476547175084752,1,ssp585
-47.58333333333333,-3.75,1.4477212183194461,1,ssp585
-47.416666666666664,-3.75,1.7316478533752382,1,ssp585
-47.25,-3.75,1.5330684777976986,1,ssp585
-47.08333333333333,-3.75,1.626077804900839,1,ssp585
-46.916666666666664,-3.75,1.4972606429341773,1,ssp585
-46.75,-3.75,1.1414482072191785,1,ssp585
-46.58333333333333,-3.75,1.3611744772728496,1,ssp585
-46.416666666666664,-3.75,1.5171580524019042,1,ssp585
-46.25,-3.75,1.744733118728818,1,ssp585
-46.08333333333333,-3.75,2.333584093073169,1,ssp585
-45.916666666666664,-3.75,2.546098227008971,1,ssp585
-45.75,-3.75,2.508800788495374,1,ssp585
-45.58333333333333,-3.75,2.557389685522722,1,ssp585
-45.416666666666664,-3.75,2.6658237314134157,1,ssp585
-45.25,-3.75,2.762252050707802,1,ssp585
-45.08333333333333,-3.75,2.883928832565511,1,ssp585
-44.916666666666664,-3.75,2.97428152094657,1,ssp585
-44.75,-3.75,3.1875461205773514,1,ssp585
-68.25,-3.916666666666666,2.7543233023710307,1,ssp585
-68.08333333333333,-3.916666666666666,2.7844476871428876,1,ssp585
-67.91666666666666,-3.916666666666666,2.7776398795138544,1,ssp585
-67.75,-3.916666666666666,2.8024489682126896,1,ssp585
-67.58333333333333,-3.916666666666666,2.8518246132899594,1,ssp585
-67.41666666666666,-3.916666666666666,2.8604460841966417,1,ssp585
-67.25,-3.916666666666666,2.8556152045160124,1,ssp585
-67.08333333333333,-3.916666666666666,2.8527701138816015,1,ssp585
-66.91666666666666,-3.916666666666666,2.9120490052213928,1,ssp585
-66.75,-3.916666666666666,2.9111289853216227,1,ssp585
-66.58333333333333,-3.916666666666666,2.9418490881651613,1,ssp585
-66.41666666666666,-3.916666666666666,2.9837436855006216,1,ssp585
-66.25,-3.916666666666666,2.9538848000795883,1,ssp585
-66.08333333333333,-3.916666666666666,3.008430243268077,1,ssp585
-65.91666666666666,-3.916666666666666,3.0082633468343727,1,ssp585
-65.75,-3.916666666666666,3.015426600911634,1,ssp585
-65.58333333333333,-3.916666666666666,3.0350009095943173,1,ssp585
-65.41666666666666,-3.916666666666666,3.0087683818989968,1,ssp585
-65.25,-3.916666666666666,2.8833054759624748,1,ssp585
-65.08333333333333,-3.916666666666666,2.884784022738847,1,ssp585
-64.91666666666666,-3.916666666666666,2.7637596679247975,1,ssp585
-64.75,-3.916666666666666,2.6934821872822834,1,ssp585
-64.58333333333333,-3.916666666666666,2.5957707669407597,1,ssp585
-64.41666666666666,-3.916666666666666,2.5007422306745974,1,ssp585
-64.25,-3.916666666666666,2.4248394370837203,1,ssp585
-64.08333333333333,-3.916666666666666,2.3501291800169732,1,ssp585
-63.916666666666664,-3.916666666666666,2.5171226065414936,1,ssp585
-63.74999999999999,-3.916666666666666,2.460934621894431,1,ssp585
-63.58333333333333,-3.916666666666666,2.4738911821951373,1,ssp585
-63.416666666666664,-3.916666666666666,2.490408090978032,1,ssp585
-63.24999999999999,-3.916666666666666,2.5471773752754885,1,ssp585
-63.08333333333333,-3.916666666666666,2.66128350442585,1,ssp585
-62.916666666666664,-3.916666666666666,2.6240709012612773,1,ssp585
-62.75,-3.916666666666666,2.64837524861372,1,ssp585
-62.58333333333333,-3.916666666666666,2.6559511723576072,1,ssp585
-62.416666666666664,-3.916666666666666,2.7373981719068428,1,ssp585
-62.25,-3.916666666666666,2.741310013326747,1,ssp585
-62.08333333333333,-3.916666666666666,2.7462974699050444,1,ssp585
-61.916666666666664,-3.916666666666666,2.74209319062129,1,ssp585
-61.75,-3.916666666666666,2.7778876968076425,1,ssp585
-61.58333333333333,-3.916666666666666,2.820000205494648,1,ssp585
-61.416666666666664,-3.916666666666666,2.7586137096025376,1,ssp585
-61.25,-3.916666666666666,2.697771931938989,1,ssp585
-61.08333333333333,-3.916666666666666,2.621422542650461,1,ssp585
-60.916666666666664,-3.916666666666666,2.423712663835609,1,ssp585
-60.75,-3.916666666666666,2.319598742873522,1,ssp585
-60.58333333333333,-3.916666666666666,2.23502610138437,1,ssp585
-60.416666666666664,-3.916666666666666,2.275488174186614,1,ssp585
-60.25,-3.916666666666666,2.2761294213789314,1,ssp585
-60.08333333333333,-3.916666666666666,2.320862821851384,1,ssp585
-59.916666666666664,-3.916666666666666,2.4036788162796183,1,ssp585
-59.75,-3.916666666666666,2.4594994605775624,1,ssp585
-59.58333333333333,-3.916666666666666,2.495035194744743,1,ssp585
-59.416666666666664,-3.916666666666666,2.6146871662890527,1,ssp585
-59.25,-3.916666666666666,2.7370429671916123,1,ssp585
-59.08333333333333,-3.916666666666666,2.8380414616650267,1,ssp585
-58.916666666666664,-3.916666666666666,2.8377423016861623,1,ssp585
-58.75,-3.916666666666666,2.832726353174167,1,ssp585
-58.58333333333333,-3.916666666666666,2.7603809893612263,1,ssp585
-58.416666666666664,-3.916666666666666,2.728221815704,1,ssp585
-58.25,-3.916666666666666,2.6826831407502163,1,ssp585
-58.08333333333333,-3.916666666666666,2.710489705817863,1,ssp585
-57.916666666666664,-3.916666666666666,2.75308024759971,1,ssp585
-57.75,-3.916666666666666,2.6778664269832544,1,ssp585
-57.58333333333333,-3.916666666666666,2.5897056624215513,1,ssp585
-57.416666666666664,-3.916666666666666,2.522235317899993,1,ssp585
-57.25,-3.916666666666666,2.3916380853474353,1,ssp585
-57.08333333333333,-3.916666666666666,2.30163934287047,1,ssp585
-56.916666666666664,-3.916666666666666,2.2393238125393986,1,ssp585
-56.75,-3.916666666666666,2.1615497479286527,1,ssp585
-56.58333333333333,-3.916666666666666,2.2077869394421334,1,ssp585
-56.416666666666664,-3.916666666666666,2.2311044978135035,1,ssp585
-56.25,-3.916666666666666,2.2654665020851956,1,ssp585
-56.08333333333333,-3.916666666666666,2.2355309297514494,1,ssp585
-55.916666666666664,-3.916666666666666,2.1891480912792356,1,ssp585
-55.75,-3.916666666666666,2.3112359276488412,1,ssp585
-55.58333333333333,-3.916666666666666,2.4817841373312306,1,ssp585
-55.416666666666664,-3.916666666666666,2.212283537810818,1,ssp585
-55.25,-3.916666666666666,2.0078885464080374,1,ssp585
-55.08333333333333,-3.916666666666666,1.3976336010035666,1,ssp585
-54.916666666666664,-3.916666666666666,1.482611781465654,1,ssp585
-54.75,-3.916666666666666,1.7615151278555359,1,ssp585
-54.58333333333333,-3.916666666666666,1.7432778880525641,1,ssp585
-54.416666666666664,-3.916666666666666,1.6729357400555624,1,ssp585
-54.25,-3.916666666666666,1.7926638129619117,1,ssp585
-54.08333333333333,-3.916666666666666,1.575237757230721,1,ssp585
-53.916666666666664,-3.916666666666666,1.5294137903844416,1,ssp585
-53.75,-3.916666666666666,1.7449730963844523,1,ssp585
-53.58333333333333,-3.916666666666666,1.5191208703215426,1,ssp585
-53.416666666666664,-3.916666666666666,1.2671323714929321,1,ssp585
-53.25,-3.916666666666666,1.295675792958598,1,ssp585
-53.08333333333333,-3.916666666666666,1.2800559729659913,1,ssp585
-52.916666666666664,-3.916666666666666,1.2829638101306216,1,ssp585
-52.75,-3.916666666666666,1.2227597130320964,1,ssp585
-52.58333333333333,-3.916666666666666,1.095266086887952,1,ssp585
-52.416666666666664,-3.916666666666666,1.0085177226182913,1,ssp585
-52.25,-3.916666666666666,1.1446430817466597,1,ssp585
-52.08333333333333,-3.916666666666666,1.3030001341901023,1,ssp585
-51.916666666666664,-3.916666666666666,1.3308781283241646,1,ssp585
-51.75,-3.916666666666666,1.3825277129571776,1,ssp585
-51.58333333333333,-3.916666666666666,0.9664863448529638,1,ssp585
-51.416666666666664,-3.916666666666666,0.9779695400374259,1,ssp585
-51.25,-3.916666666666666,0.9931950265637323,1,ssp585
-51.08333333333333,-3.916666666666666,1.084076267098765,1,ssp585
-50.916666666666664,-3.916666666666666,1.1323366798817103,1,ssp585
-50.75,-3.916666666666666,1.672865357501402,1,ssp585
-50.58333333333333,-3.916666666666666,1.7705766564231518,1,ssp585
-50.416666666666664,-3.916666666666666,1.8576841608195709,1,ssp585
-50.25,-3.916666666666666,1.9044784614043828,1,ssp585
-50.08333333333333,-3.916666666666666,1.8541247950834299,1,ssp585
-49.916666666666664,-3.916666666666666,2.1043677978443696,1,ssp585
-49.75,-3.916666666666666,2.119710410354248,1,ssp585
-49.58333333333333,-3.916666666666666,2.2843278451054174,1,ssp585
-49.416666666666664,-3.916666666666666,2.270132750602171,1,ssp585
-49.25,-3.916666666666666,2.3694449010457017,1,ssp585
-49.08333333333333,-3.916666666666666,2.1641547831953565,1,ssp585
-48.916666666666664,-3.916666666666666,2.0618008688225036,1,ssp585
-48.75,-3.916666666666666,1.5783813548464127,1,ssp585
-48.58333333333333,-3.916666666666666,1.4645868439288443,1,ssp585
-48.416666666666664,-3.916666666666666,1.6618933640306655,1,ssp585
-48.25,-3.916666666666666,1.5738640261294985,1,ssp585
-48.08333333333333,-3.916666666666666,1.6869658544861554,1,ssp585
-47.916666666666664,-3.916666666666666,1.7589277298898798,1,ssp585
-47.75,-3.916666666666666,1.6521688998159427,1,ssp585
-47.58333333333333,-3.916666666666666,1.674327103909413,1,ssp585
-47.416666666666664,-3.916666666666666,1.5188591454716607,1,ssp585
-47.25,-3.916666666666666,1.5130752201171664,1,ssp585
-47.08333333333333,-3.916666666666666,1.7523343390524753,1,ssp585
-46.916666666666664,-3.916666666666666,1.5282250303917477,1,ssp585
-46.75,-3.916666666666666,1.3554512175940001,1,ssp585
-46.58333333333333,-3.916666666666666,1.497910580374428,1,ssp585
-46.416666666666664,-3.916666666666666,1.6578273083472541,1,ssp585
-46.25,-3.916666666666666,2.2837565745108,1,ssp585
-46.08333333333333,-3.916666666666666,2.415621338029637,1,ssp585
-45.916666666666664,-3.916666666666666,2.6895004846693036,1,ssp585
-45.75,-3.916666666666666,2.666546893086261,1,ssp585
-45.58333333333333,-3.916666666666666,2.620390069741921,1,ssp585
-45.416666666666664,-3.916666666666666,2.70904924149806,1,ssp585
-45.25,-3.916666666666666,2.9423880484480147,1,ssp585
-45.08333333333333,-3.916666666666666,3.1975397677239417,1,ssp585
-44.916666666666664,-3.916666666666666,3.382881493202442,1,ssp585
-44.75,-3.916666666666666,3.573382637436332,1,ssp585
-68.25,-4.083333333333332,2.710212161493136,1,ssp585
-68.08333333333333,-4.083333333333332,2.7248449371455563,1,ssp585
-67.91666666666666,-4.083333333333332,2.7519327950169084,1,ssp585
-67.75,-4.083333333333332,2.750972422404481,1,ssp585
-67.58333333333333,-4.083333333333332,2.794775405629234,1,ssp585
-67.41666666666666,-4.083333333333332,2.849491838578833,1,ssp585
-67.25,-4.083333333333332,2.84775393861685,1,ssp585
-67.08333333333333,-4.083333333333332,2.8524016342881233,1,ssp585
-66.91666666666666,-4.083333333333332,2.8116958444664775,1,ssp585
-66.75,-4.083333333333332,2.8311132472436578,1,ssp585
-66.58333333333333,-4.083333333333332,2.921717946862154,1,ssp585
-66.41666666666666,-4.083333333333332,2.950111068816506,1,ssp585
-66.25,-4.083333333333332,2.9607863586100045,1,ssp585
-66.08333333333333,-4.083333333333332,2.9752234231341466,1,ssp585
-65.91666666666666,-4.083333333333332,2.9532182342186637,1,ssp585
-65.75,-4.083333333333332,2.8839382898837314,1,ssp585
-65.58333333333333,-4.083333333333332,2.8735723643774795,1,ssp585
-65.41666666666666,-4.083333333333332,2.8368952375814827,1,ssp585
-65.25,-4.083333333333332,2.691024976584078,1,ssp585
-65.08333333333333,-4.083333333333332,2.724276310778631,1,ssp585
-64.91666666666666,-4.083333333333332,2.607746149463609,1,ssp585
-64.75,-4.083333333333332,2.5504407130872933,1,ssp585
-64.58333333333333,-4.083333333333332,2.5142616088212937,1,ssp585
-64.41666666666666,-4.083333333333332,2.4669553411457477,1,ssp585
-64.25,-4.083333333333332,2.3961323709338602,1,ssp585
-64.08333333333333,-4.083333333333332,2.343885350039634,1,ssp585
-63.916666666666664,-4.083333333333332,2.569194664388458,1,ssp585
-63.74999999999999,-4.083333333333332,2.513486986458231,1,ssp585
-63.58333333333333,-4.083333333333332,2.5229083298358796,1,ssp585
-63.416666666666664,-4.083333333333332,2.5895591976516044,1,ssp585
-63.24999999999999,-4.083333333333332,2.619517814760278,1,ssp585
-63.08333333333333,-4.083333333333332,2.684038587281654,1,ssp585
-62.916666666666664,-4.083333333333332,2.677773539130822,1,ssp585
-62.75,-4.083333333333332,2.7449158610773323,1,ssp585
-62.58333333333333,-4.083333333333332,2.744506556707541,1,ssp585
-62.416666666666664,-4.083333333333332,2.799144442812553,1,ssp585
-62.25,-4.083333333333332,2.8396851904149107,1,ssp585
-62.08333333333333,-4.083333333333332,2.899361001836837,1,ssp585
-61.916666666666664,-4.083333333333332,2.916924356318652,1,ssp585
-61.75,-4.083333333333332,2.956794281331591,1,ssp585
-61.58333333333333,-4.083333333333332,2.713766348687906,1,ssp585
-61.416666666666664,-4.083333333333332,2.7198999414322844,1,ssp585
-61.25,-4.083333333333332,2.7134697733312083,1,ssp585
-61.08333333333333,-4.083333333333332,2.6550783312005453,1,ssp585
-60.916666666666664,-4.083333333333332,2.572281082912794,1,ssp585
-60.75,-4.083333333333332,2.4757848412586325,1,ssp585
-60.58333333333333,-4.083333333333332,2.396898072125423,1,ssp585
-60.416666666666664,-4.083333333333332,2.381052732915088,1,ssp585
-60.25,-4.083333333333332,2.389485794913399,1,ssp585
-60.08333333333333,-4.083333333333332,2.4500359419631734,1,ssp585
-59.916666666666664,-4.083333333333332,2.439850101547838,1,ssp585
-59.75,-4.083333333333332,2.4491071436497993,1,ssp585
-59.58333333333333,-4.083333333333332,2.5027389024288893,1,ssp585
-59.416666666666664,-4.083333333333332,2.59493999645326,1,ssp585
-59.25,-4.083333333333332,2.6787622771213155,1,ssp585
-59.08333333333333,-4.083333333333332,2.699701997499764,1,ssp585
-58.916666666666664,-4.083333333333332,2.7689551696840637,1,ssp585
-58.75,-4.083333333333332,2.7592740756748144,1,ssp585
-58.58333333333333,-4.083333333333332,2.6781300181847323,1,ssp585
-58.416666666666664,-4.083333333333332,2.6692026769018034,1,ssp585
-58.25,-4.083333333333332,2.6300081643001807,1,ssp585
-58.08333333333333,-4.083333333333332,2.620775553865783,1,ssp585
-57.916666666666664,-4.083333333333332,2.661426736752585,1,ssp585
-57.75,-4.083333333333332,2.503035332630652,1,ssp585
-57.58333333333333,-4.083333333333332,2.562385402456068,1,ssp585
-57.416666666666664,-4.083333333333332,2.4479858791332427,1,ssp585
-57.25,-4.083333333333332,2.2895720926451513,1,ssp585
-57.08333333333333,-4.083333333333332,2.296237365410795,1,ssp585
-56.916666666666664,-4.083333333333332,2.28111051093418,1,ssp585
-56.75,-4.083333333333332,2.144588180723381,1,ssp585
-56.58333333333333,-4.083333333333332,2.1447719660582383,1,ssp585
-56.416666666666664,-4.083333333333332,2.1511590225629513,1,ssp585
-56.25,-4.083333333333332,2.2488582188136705,1,ssp585
-56.08333333333333,-4.083333333333332,2.7000770000149066,1,ssp585
-55.916666666666664,-4.083333333333332,2.943903174589621,1,ssp585
-55.75,-4.083333333333332,2.6932818025338103,1,ssp585
-55.58333333333333,-4.083333333333332,2.563595327473584,1,ssp585
-55.416666666666664,-4.083333333333332,2.32553157185426,1,ssp585
-55.25,-4.083333333333332,2.2945166186331236,1,ssp585
-55.08333333333333,-4.083333333333332,1.8093419789158227,1,ssp585
-54.916666666666664,-4.083333333333332,1.7883211313736525,1,ssp585
-54.75,-4.083333333333332,1.7694025752585592,1,ssp585
-54.58333333333333,-4.083333333333332,2.140700548780158,1,ssp585
-54.416666666666664,-4.083333333333332,1.9409978313178333,1,ssp585
-54.25,-4.083333333333332,1.8871499751210399,1,ssp585
-54.08333333333333,-4.083333333333332,1.5603844945037115,1,ssp585
-53.916666666666664,-4.083333333333332,1.5770832106818247,1,ssp585
-53.75,-4.083333333333332,1.5709616198709175,1,ssp585
-53.58333333333333,-4.083333333333332,1.2729748621521142,1,ssp585
-53.416666666666664,-4.083333333333332,1.397735160353722,1,ssp585
-53.25,-4.083333333333332,1.3063575037662698,1,ssp585
-53.08333333333333,-4.083333333333332,1.1764404616254462,1,ssp585
-52.916666666666664,-4.083333333333332,1.148602134440539,1,ssp585
-52.75,-4.083333333333332,1.0986347621346377,1,ssp585
-52.58333333333333,-4.083333333333332,1.0412287456657063,1,ssp585
-52.416666666666664,-4.083333333333332,0.945655891324996,1,ssp585
-52.25,-4.083333333333332,0.9718017860039935,1,ssp585
-52.08333333333333,-4.083333333333332,1.1161775972748624,1,ssp585
-51.916666666666664,-4.083333333333332,1.2484014524665787,1,ssp585
-51.75,-4.083333333333332,1.1947055985702835,1,ssp585
-51.58333333333333,-4.083333333333332,1.0611266626937703,1,ssp585
-51.416666666666664,-4.083333333333332,0.8773783368494156,1,ssp585
-51.25,-4.083333333333332,1.0188423773562645,1,ssp585
-51.08333333333333,-4.083333333333332,0.9686446835704301,1,ssp585
-50.916666666666664,-4.083333333333332,1.125176381500408,1,ssp585
-50.75,-4.083333333333332,1.4873461840891884,1,ssp585
-50.58333333333333,-4.083333333333332,1.5129559080801136,1,ssp585
-50.416666666666664,-4.083333333333332,1.7657944061113435,1,ssp585
-50.25,-4.083333333333332,2.0763978224030284,1,ssp585
-50.08333333333333,-4.083333333333332,1.9526228009427649,1,ssp585
-49.916666666666664,-4.083333333333332,2.2542745844507546,1,ssp585
-49.75,-4.083333333333332,2.4066636539225854,1,ssp585
-49.58333333333333,-4.083333333333332,2.2636879694849172,1,ssp585
-49.416666666666664,-4.083333333333332,2.2241776712735577,1,ssp585
-49.25,-4.083333333333332,2.41788742050531,1,ssp585
-49.08333333333333,-4.083333333333332,2.388650054395327,1,ssp585
-48.916666666666664,-4.083333333333332,2.377867690119546,1,ssp585
-48.75,-4.083333333333332,2.052135054830842,1,ssp585
-48.58333333333333,-4.083333333333332,1.596854559506804,1,ssp585
-48.416666666666664,-4.083333333333332,1.7598950227141035,1,ssp585
-48.25,-4.083333333333332,1.616504644381083,1,ssp585
-48.08333333333333,-4.083333333333332,1.6421780809265383,1,ssp585
-47.916666666666664,-4.083333333333332,1.8655558055702135,1,ssp585
-47.75,-4.083333333333332,1.824861883049632,1,ssp585
-47.58333333333333,-4.083333333333332,1.9050859673512461,1,ssp585
-47.416666666666664,-4.083333333333332,2.0241374195600352,1,ssp585
-47.25,-4.083333333333332,2.040830690292481,1,ssp585
-47.08333333333333,-4.083333333333332,1.8764945241816473,1,ssp585
-46.916666666666664,-4.083333333333332,1.6428477032269806,1,ssp585
-46.75,-4.083333333333332,1.5904430227588784,1,ssp585
-46.58333333333333,-4.083333333333332,1.8907395447872164,1,ssp585
-46.416666666666664,-4.083333333333332,2.275036204454367,1,ssp585
-46.25,-4.083333333333332,2.468768481571509,1,ssp585
-46.08333333333333,-4.083333333333332,2.2826903698415486,1,ssp585
-45.916666666666664,-4.083333333333332,2.896787709415515,1,ssp585
-45.75,-4.083333333333332,2.7880086601919754,1,ssp585
-45.58333333333333,-4.083333333333332,2.759770768774575,1,ssp585
-45.416666666666664,-4.083333333333332,2.870839192018415,1,ssp585
-45.25,-4.083333333333332,3.1442955809231767,1,ssp585
-45.08333333333333,-4.083333333333332,3.5883987829462196,1,ssp585
-44.916666666666664,-4.083333333333332,3.743907530921163,1,ssp585
-68.41666666666666,-4.25,2.7112165753328403,1,ssp585
-68.25,-4.25,2.680856575069444,1,ssp585
-68.08333333333333,-4.25,2.7317659763347093,1,ssp585
-67.91666666666666,-4.25,2.711912177891587,1,ssp585
-67.75,-4.25,2.7289660090228653,1,ssp585
-67.58333333333333,-4.25,2.77228669181899,1,ssp585
-67.41666666666666,-4.25,2.8360621660580345,1,ssp585
-67.25,-4.25,2.848729405717046,1,ssp585
-67.08333333333333,-4.25,2.84827232729506,1,ssp585
-66.91666666666666,-4.25,2.8487754434794725,1,ssp585
-66.75,-4.25,2.8334822254876113,1,ssp585
-66.58333333333333,-4.25,2.8789448583072974,1,ssp585
-66.41666666666666,-4.25,2.908650142976032,1,ssp585
-66.25,-4.25,2.8511090350862163,1,ssp585
-66.08333333333333,-4.25,2.817799008519052,1,ssp585
-65.91666666666666,-4.25,2.7875010767644635,1,ssp585
-65.75,-4.25,2.7286760423964735,1,ssp585
-65.58333333333333,-4.25,2.7155281911633637,1,ssp585
-65.41666666666666,-4.25,2.6706510747193564,1,ssp585
-65.25,-4.25,2.591379302752934,1,ssp585
-65.08333333333333,-4.25,2.5555658513675934,1,ssp585
-64.91666666666666,-4.25,2.4900202119458785,1,ssp585
-64.75,-4.25,2.4676423198006607,1,ssp585
-64.58333333333333,-4.25,2.467133056204701,1,ssp585
-64.41666666666666,-4.25,2.468960798051423,1,ssp585
-64.25,-4.25,2.4257071567293087,1,ssp585
-64.08333333333333,-4.25,2.3829753120983646,1,ssp585
-63.916666666666664,-4.25,2.62809176667596,1,ssp585
-63.74999999999999,-4.25,2.6108659427257774,1,ssp585
-63.58333333333333,-4.25,2.6046221885538827,1,ssp585
-63.416666666666664,-4.25,2.61046751864866,1,ssp585
-63.24999999999999,-4.25,2.6346865300012294,1,ssp585
-63.08333333333333,-4.25,2.6903896367626903,1,ssp585
-62.916666666666664,-4.25,2.7374625067395844,1,ssp585
-62.75,-4.25,2.813277163664919,1,ssp585
-62.58333333333333,-4.25,2.8342660202821257,1,ssp585
-62.416666666666664,-4.25,2.8618070167150496,1,ssp585
-62.25,-4.25,2.921011242243274,1,ssp585
-62.08333333333333,-4.25,2.9551669860985297,1,ssp585
-61.916666666666664,-4.25,2.937489050015321,1,ssp585
-61.75,-4.25,2.7371143259916506,1,ssp585
-61.58333333333333,-4.25,2.705919452761069,1,ssp585
-61.416666666666664,-4.25,2.697222776232623,1,ssp585
-61.25,-4.25,2.70957978287916,1,ssp585
-61.08333333333333,-4.25,2.6568523086135034,1,ssp585
-60.916666666666664,-4.25,2.622858165207342,1,ssp585
-60.75,-4.25,2.5661087320458655,1,ssp585
-60.58333333333333,-4.25,2.483267443066099,1,ssp585
-60.416666666666664,-4.25,2.461524423196342,1,ssp585
-60.25,-4.25,2.5179445350484557,1,ssp585
-60.08333333333333,-4.25,2.5573572229696775,1,ssp585
-59.916666666666664,-4.25,2.469574478776181,1,ssp585
-59.75,-4.25,2.5144915661100637,1,ssp585
-59.58333333333333,-4.25,2.543040937860472,1,ssp585
-59.416666666666664,-4.25,2.5816613963683657,1,ssp585
-59.25,-4.25,2.653502754433808,1,ssp585
-59.08333333333333,-4.25,2.6877287831550096,1,ssp585
-58.916666666666664,-4.25,2.677818581736187,1,ssp585
-58.75,-4.25,2.61383847601804,1,ssp585
-58.58333333333333,-4.25,2.5475905140001043,1,ssp585
-58.416666666666664,-4.25,2.506844896454324,1,ssp585
-58.25,-4.25,2.4734103740840556,1,ssp585
-58.08333333333333,-4.25,2.4224474122112,1,ssp585
-57.916666666666664,-4.25,2.412814250069705,1,ssp585
-57.75,-4.25,2.32691519105049,1,ssp585
-57.58333333333333,-4.25,2.479957119394366,1,ssp585
-57.416666666666664,-4.25,2.425675272950664,1,ssp585
-57.25,-4.25,2.2662638130928263,1,ssp585
-57.08333333333333,-4.25,2.340215203526954,1,ssp585
-56.916666666666664,-4.25,2.359362479231268,1,ssp585
-56.75,-4.25,2.1969657211250153,1,ssp585
-56.58333333333333,-4.25,2.188646227113918,1,ssp585
-56.416666666666664,-4.25,2.587207062260559,1,ssp585
-56.25,-4.25,2.6364787535611076,1,ssp585
-56.08333333333333,-4.25,2.9606598415952954,1,ssp585
-55.916666666666664,-4.25,2.798922488454232,1,ssp585
-55.75,-4.25,2.7403695194684854,1,ssp585
-55.58333333333333,-4.25,2.7749860401369233,1,ssp585
-55.416666666666664,-4.25,2.762063063513569,1,ssp585
-55.25,-4.25,2.132095057251858,1,ssp585
-55.08333333333333,-4.25,2.012951929155392,1,ssp585
-54.916666666666664,-4.25,2.0039779330943186,1,ssp585
-54.75,-4.25,1.5172974462593345,1,ssp585
-54.58333333333333,-4.25,1.4722728482036431,1,ssp585
-54.416666666666664,-4.25,1.682471223539336,1,ssp585
-54.25,-4.25,1.6670535440612264,1,ssp585
-54.08333333333333,-4.25,1.4543535498984457,1,ssp585
-53.916666666666664,-4.25,1.6462295351493537,1,ssp585
-53.75,-4.25,1.408103446372816,1,ssp585
-53.58333333333333,-4.25,1.2712412892145357,1,ssp585
-53.416666666666664,-4.25,1.4541787142994302,1,ssp585
-53.25,-4.25,1.2128686364197365,1,ssp585
-53.08333333333333,-4.25,1.1914101647228639,1,ssp585
-52.916666666666664,-4.25,1.145203660018123,1,ssp585
-52.75,-4.25,1.1869550770444952,1,ssp585
-52.58333333333333,-4.25,1.0255232659323195,1,ssp585
-52.416666666666664,-4.25,0.8974005065186362,1,ssp585
-52.25,-4.25,0.8982904301458808,1,ssp585
-52.08333333333333,-4.25,0.9385558672562814,1,ssp585
-51.916666666666664,-4.25,1.1750661955180517,1,ssp585
-51.75,-4.25,0.9839704480795205,1,ssp585
-51.58333333333333,-4.25,0.8621348188278853,1,ssp585
-51.416666666666664,-4.25,0.9678474659407219,1,ssp585
-51.25,-4.25,1.021684882052575,1,ssp585
-51.08333333333333,-4.25,0.9244951886590453,1,ssp585
-50.916666666666664,-4.25,1.1367724730606392,1,ssp585
-50.75,-4.25,1.2951588390422586,1,ssp585
-50.58333333333333,-4.25,1.4411695089337684,1,ssp585
-50.416666666666664,-4.25,1.7804514999519687,1,ssp585
-50.25,-4.25,2.060801812226839,1,ssp585
-50.08333333333333,-4.25,2.087811120007898,1,ssp585
-49.916666666666664,-4.25,2.4821552752982026,1,ssp585
-49.75,-4.25,2.3124968659810015,1,ssp585
-49.58333333333333,-4.25,2.2311283251123357,1,ssp585
-49.416666666666664,-4.25,2.3530527433935995,1,ssp585
-49.25,-4.25,2.443997117320204,1,ssp585
-49.08333333333333,-4.25,2.675147330844681,1,ssp585
-48.916666666666664,-4.25,2.6547480019503653,1,ssp585
-48.75,-4.25,2.204496736053539,1,ssp585
-48.58333333333333,-4.25,1.987690118355413,1,ssp585
-48.416666666666664,-4.25,2.0214798667410077,1,ssp585
-48.25,-4.25,1.8537080142828044,1,ssp585
-48.08333333333333,-4.25,1.815328436443053,1,ssp585
-47.916666666666664,-4.25,2.127698343924666,1,ssp585
-47.75,-4.25,2.020822692902221,1,ssp585
-47.58333333333333,-4.25,2.0838791748967367,1,ssp585
-47.416666666666664,-4.25,2.246493964599617,1,ssp585
-47.25,-4.25,2.0808229367966984,1,ssp585
-47.08333333333333,-4.25,1.9408091568448254,1,ssp585
-46.916666666666664,-4.25,1.9908740700137733,1,ssp585
-46.75,-4.25,1.965889035631975,1,ssp585
-46.58333333333333,-4.25,2.2711769136455993,1,ssp585
-46.416666666666664,-4.25,2.392715567628703,1,ssp585
-46.25,-4.25,2.4967516568846113,1,ssp585
-46.08333333333333,-4.25,2.796715640334952,1,ssp585
-45.916666666666664,-4.25,3.0203011092451,1,ssp585
-45.75,-4.25,3.137431682497237,1,ssp585
-45.58333333333333,-4.25,3.159207099540774,1,ssp585
-45.416666666666664,-4.25,3.242323267840439,1,ssp585
-45.25,-4.25,3.36421469842259,1,ssp585
-45.08333333333333,-4.25,3.7392762546926095,1,ssp585
-44.916666666666664,-4.25,4.161322773792558,1,ssp585
-68.41666666666666,-4.416666666666666,2.6815676714824277,1,ssp585
-68.25,-4.416666666666666,2.643371321442895,1,ssp585
-68.08333333333333,-4.416666666666666,2.685689563298306,1,ssp585
-67.91666666666666,-4.416666666666666,2.736333168175687,1,ssp585
-67.75,-4.416666666666666,2.7047143631130552,1,ssp585
-67.58333333333333,-4.416666666666666,2.7305272434657732,1,ssp585
-67.41666666666666,-4.416666666666666,2.766783110364583,1,ssp585
-67.25,-4.416666666666666,2.875554131258331,1,ssp585
-67.08333333333333,-4.416666666666666,2.8913600868981817,1,ssp585
-66.91666666666666,-4.416666666666666,2.9081022372413954,1,ssp585
-66.75,-4.416666666666666,2.8182101580152956,1,ssp585
-66.58333333333333,-4.416666666666666,2.83496576089137,1,ssp585
-66.41666666666666,-4.416666666666666,2.7382737214941777,1,ssp585
-66.25,-4.416666666666666,2.7131598038195333,1,ssp585
-66.08333333333333,-4.416666666666666,2.7015398308237453,1,ssp585
-65.91666666666666,-4.416666666666666,2.6172779287882064,1,ssp585
-65.75,-4.416666666666666,2.6011641659971256,1,ssp585
-65.58333333333333,-4.416666666666666,2.578116130088458,1,ssp585
-65.41666666666666,-4.416666666666666,2.638039788161894,1,ssp585
-65.25,-4.416666666666666,2.537911457113218,1,ssp585
-65.08333333333333,-4.416666666666666,2.452887667850795,1,ssp585
-64.91666666666666,-4.416666666666666,2.4663273382926625,1,ssp585
-64.75,-4.416666666666666,2.4563078263105758,1,ssp585
-64.58333333333333,-4.416666666666666,2.4643095354729625,1,ssp585
-64.41666666666666,-4.416666666666666,2.4762786224916287,1,ssp585
-64.25,-4.416666666666666,2.4622931030450115,1,ssp585
-64.08333333333333,-4.416666666666666,2.4829335241410453,1,ssp585
-63.916666666666664,-4.416666666666666,2.7221264253002864,1,ssp585
-63.74999999999999,-4.416666666666666,2.672927052036902,1,ssp585
-63.58333333333333,-4.416666666666666,2.6683643611785155,1,ssp585
-63.416666666666664,-4.416666666666666,2.718161437393849,1,ssp585
-63.24999999999999,-4.416666666666666,2.725167660786629,1,ssp585
-63.08333333333333,-4.416666666666666,2.7598606898235825,1,ssp585
-62.916666666666664,-4.416666666666666,2.818663791720829,1,ssp585
-62.75,-4.416666666666666,2.851924994623754,1,ssp585
-62.58333333333333,-4.416666666666666,2.9258272744773324,1,ssp585
-62.416666666666664,-4.416666666666666,2.9784166576764126,1,ssp585
-62.25,-4.416666666666666,2.99005181404144,1,ssp585
-62.08333333333333,-4.416666666666666,2.6954800844150184,1,ssp585
-61.916666666666664,-4.416666666666666,2.694852880002654,1,ssp585
-61.75,-4.416666666666666,2.683588802608728,1,ssp585
-61.58333333333333,-4.416666666666666,2.738366147570163,1,ssp585
-61.416666666666664,-4.416666666666666,2.7529414520994884,1,ssp585
-61.25,-4.416666666666666,2.721149514045881,1,ssp585
-61.08333333333333,-4.416666666666666,2.661438338328352,1,ssp585
-60.916666666666664,-4.416666666666666,2.649704650880991,1,ssp585
-60.75,-4.416666666666666,2.577978992357721,1,ssp585
-60.58333333333333,-4.416666666666666,2.58317467708225,1,ssp585
-60.416666666666664,-4.416666666666666,2.527922118145596,1,ssp585
-60.25,-4.416666666666666,2.5011194390073253,1,ssp585
-60.08333333333333,-4.416666666666666,2.5562821975856918,1,ssp585
-59.916666666666664,-4.416666666666666,2.5390327764871374,1,ssp585
-59.75,-4.416666666666666,2.559064506847625,1,ssp585
-59.58333333333333,-4.416666666666666,2.594310094366649,1,ssp585
-59.416666666666664,-4.416666666666666,2.5472740919434207,1,ssp585
-59.25,-4.416666666666666,2.623196293813374,1,ssp585
-59.08333333333333,-4.416666666666666,2.6170861622665376,1,ssp585
-58.916666666666664,-4.416666666666666,2.558940151821415,1,ssp585
-58.75,-4.416666666666666,2.508674481624735,1,ssp585
-58.58333333333333,-4.416666666666666,2.4821768107710906,1,ssp585
-58.416666666666664,-4.416666666666666,2.40146985717715,1,ssp585
-58.25,-4.416666666666666,2.3732192114745976,1,ssp585
-58.08333333333333,-4.416666666666666,2.3015064884408543,1,ssp585
-57.916666666666664,-4.416666666666666,2.0891932188577678,1,ssp585
-57.75,-4.416666666666666,2.237969866452119,1,ssp585
-57.58333333333333,-4.416666666666666,2.4202799785626548,1,ssp585
-57.416666666666664,-4.416666666666666,2.3067921705012817,1,ssp585
-57.25,-4.416666666666666,2.202943958252236,1,ssp585
-57.08333333333333,-4.416666666666666,2.3523773096613523,1,ssp585
-56.916666666666664,-4.416666666666666,2.2220885955723637,1,ssp585
-56.75,-4.416666666666666,2.1226677894775556,1,ssp585
-56.58333333333333,-4.416666666666666,2.17836924008726,1,ssp585
-56.416666666666664,-4.416666666666666,2.5081323625886367,1,ssp585
-56.25,-4.416666666666666,2.7082478422002487,1,ssp585
-56.08333333333333,-4.416666666666666,2.659760606912543,1,ssp585
-55.916666666666664,-4.416666666666666,2.671302398514516,1,ssp585
-55.75,-4.416666666666666,2.63234310112428,1,ssp585
-55.58333333333333,-4.416666666666666,2.0742347292430305,1,ssp585
-55.416666666666664,-4.416666666666666,1.8746741184823799,1,ssp585
-55.25,-4.416666666666666,1.618862715754831,1,ssp585
-55.08333333333333,-4.416666666666666,1.687876383731128,1,ssp585
-54.916666666666664,-4.416666666666666,1.6315089383547698,1,ssp585
-54.75,-4.416666666666666,1.6335692959756751,1,ssp585
-54.58333333333333,-4.416666666666666,1.3887366199409135,1,ssp585
-54.416666666666664,-4.416666666666666,1.5996959121475622,1,ssp585
-54.25,-4.416666666666666,1.8267765772188627,1,ssp585
-54.08333333333333,-4.416666666666666,1.6698005811203989,1,ssp585
-53.916666666666664,-4.416666666666666,1.4280616745493293,1,ssp585
-53.75,-4.416666666666666,1.3671241692880114,1,ssp585
-53.58333333333333,-4.416666666666666,1.400641140960504,1,ssp585
-53.416666666666664,-4.416666666666666,1.2736579457502297,1,ssp585
-53.25,-4.416666666666666,1.2778298853506656,1,ssp585
-53.08333333333333,-4.416666666666666,1.2385018560620642,1,ssp585
-52.916666666666664,-4.416666666666666,1.2007589644842203,1,ssp585
-52.75,-4.416666666666666,1.2183344234151712,1,ssp585
-52.58333333333333,-4.416666666666666,1.0428499822728277,1,ssp585
-52.416666666666664,-4.416666666666666,0.9452098348851514,1,ssp585
-52.25,-4.416666666666666,0.9368843113621482,1,ssp585
-52.08333333333333,-4.416666666666666,1.0460008437662376,1,ssp585
-51.916666666666664,-4.416666666666666,0.992349810231514,1,ssp585
-51.75,-4.416666666666666,1.050559863874798,1,ssp585
-51.58333333333333,-4.416666666666666,1.0142554890658178,1,ssp585
-51.416666666666664,-4.416666666666666,0.9429734726676945,1,ssp585
-51.25,-4.416666666666666,1.0110967805651943,1,ssp585
-51.08333333333333,-4.416666666666666,1.0760802114013248,1,ssp585
-50.916666666666664,-4.416666666666666,1.1798639221343068,1,ssp585
-50.75,-4.416666666666666,1.4766369114978906,1,ssp585
-50.58333333333333,-4.416666666666666,1.5894271517186405,1,ssp585
-50.416666666666664,-4.416666666666666,1.940034070547765,1,ssp585
-50.25,-4.416666666666666,1.9821298220669807,1,ssp585
-50.08333333333333,-4.416666666666666,2.0851116664770784,1,ssp585
-49.916666666666664,-4.416666666666666,2.330997034673728,1,ssp585
-49.75,-4.416666666666666,2.387993236717661,1,ssp585
-49.58333333333333,-4.416666666666666,2.346592978222815,1,ssp585
-49.416666666666664,-4.416666666666666,2.4168243410447325,1,ssp585
-49.25,-4.416666666666666,2.5695940183607573,1,ssp585
-49.08333333333333,-4.416666666666666,2.816904457139252,1,ssp585
-48.916666666666664,-4.416666666666666,2.743225672684588,1,ssp585
-48.75,-4.416666666666666,2.5177199076822845,1,ssp585
-48.58333333333333,-4.416666666666666,2.13943263681003,1,ssp585
-48.416666666666664,-4.416666666666666,2.0293326270744307,1,ssp585
-48.25,-4.416666666666666,2.342532368847529,1,ssp585
-48.08333333333333,-4.416666666666666,2.1801920437738613,1,ssp585
-47.916666666666664,-4.416666666666666,2.112079945874334,1,ssp585
-47.75,-4.416666666666666,2.1063754329285898,1,ssp585
-47.58333333333333,-4.416666666666666,2.411942590802023,1,ssp585
-47.416666666666664,-4.416666666666666,2.630535605988191,1,ssp585
-47.25,-4.416666666666666,2.2658969887497706,1,ssp585
-47.08333333333333,-4.416666666666666,2.275107506656294,1,ssp585
-46.916666666666664,-4.416666666666666,2.5455765516211417,1,ssp585
-46.75,-4.416666666666666,2.5024912933043675,1,ssp585
-46.58333333333333,-4.416666666666666,2.3897950066579745,1,ssp585
-46.416666666666664,-4.416666666666666,2.5799557802829716,1,ssp585
-46.25,-4.416666666666666,2.6164075218128375,1,ssp585
-46.08333333333333,-4.416666666666666,2.705353128826611,1,ssp585
-45.916666666666664,-4.416666666666666,2.8199843438932026,1,ssp585
-45.75,-4.416666666666666,2.937304076760006,1,ssp585
-45.58333333333333,-4.416666666666666,3.2066017528284614,1,ssp585
-45.416666666666664,-4.416666666666666,3.678975091468867,1,ssp585
-45.25,-4.416666666666666,3.6282940752951593,1,ssp585
-45.08333333333333,-4.416666666666666,3.9045022773373343,1,ssp585
-68.41666666666666,-4.583333333333332,2.6748718467924384,1,ssp585
-68.25,-4.583333333333332,2.656280797915411,1,ssp585
-68.08333333333333,-4.583333333333332,2.6977961105681656,1,ssp585
-67.91666666666666,-4.583333333333332,2.6695113417122194,1,ssp585
-67.75,-4.583333333333332,2.691631284220968,1,ssp585
-67.58333333333333,-4.583333333333332,2.686255003884339,1,ssp585
-67.41666666666666,-4.583333333333332,2.7272126439374893,1,ssp585
-67.25,-4.583333333333332,2.7689649133657133,1,ssp585
-67.08333333333333,-4.583333333333332,2.8041800412751483,1,ssp585
-66.91666666666666,-4.583333333333332,2.7926334029827053,1,ssp585
-66.75,-4.583333333333332,2.719052939741842,1,ssp585
-66.58333333333333,-4.583333333333332,2.7608595692921254,1,ssp585
-66.41666666666666,-4.583333333333332,2.608305831094946,1,ssp585
-66.25,-4.583333333333332,2.6273619510998873,1,ssp585
-66.08333333333333,-4.583333333333332,2.5651514696421325,1,ssp585
-65.91666666666666,-4.583333333333332,2.517068952788181,1,ssp585
-65.75,-4.583333333333332,2.499817378997113,1,ssp585
-65.58333333333333,-4.583333333333332,2.5324360604045193,1,ssp585
-65.41666666666666,-4.583333333333332,2.499702158388827,1,ssp585
-65.25,-4.583333333333332,2.4500235551879914,1,ssp585
-65.08333333333333,-4.583333333333332,2.4241302907652007,1,ssp585
-64.91666666666666,-4.583333333333332,2.4368517880510643,1,ssp585
-64.75,-4.583333333333332,2.4404167114762716,1,ssp585
-64.58333333333333,-4.583333333333332,2.4617289640624525,1,ssp585
-64.41666666666666,-4.583333333333332,2.487268659758688,1,ssp585
-64.25,-4.583333333333332,2.4848955819456786,1,ssp585
-64.08333333333333,-4.583333333333332,2.494095864617917,1,ssp585
-63.916666666666664,-4.583333333333332,2.7731605428670143,1,ssp585
-63.74999999999999,-4.583333333333332,2.729002840162515,1,ssp585
-63.58333333333333,-4.583333333333332,2.797780795811118,1,ssp585
-63.416666666666664,-4.583333333333332,2.8169484957274746,1,ssp585
-63.24999999999999,-4.583333333333332,2.802114154382996,1,ssp585
-63.08333333333333,-4.583333333333332,2.831150263753765,1,ssp585
-62.916666666666664,-4.583333333333332,2.8759744913432446,1,ssp585
-62.75,-4.583333333333332,2.934012664718867,1,ssp585
-62.58333333333333,-4.583333333333332,2.9826710734400024,1,ssp585
-62.416666666666664,-4.583333333333332,3.037565113980998,1,ssp585
-62.25,-4.583333333333332,3.036838347384822,1,ssp585
-62.08333333333333,-4.583333333333332,2.726579054598606,1,ssp585
-61.916666666666664,-4.583333333333332,2.6735971059157375,1,ssp585
-61.75,-4.583333333333332,2.693763940883116,1,ssp585
-61.58333333333333,-4.583333333333332,2.705918568258551,1,ssp585
-61.416666666666664,-4.583333333333332,2.730824797075788,1,ssp585
-61.25,-4.583333333333332,2.705122434522583,1,ssp585
-61.08333333333333,-4.583333333333332,2.6939675727534014,1,ssp585
-60.916666666666664,-4.583333333333332,2.6964915042902065,1,ssp585
-60.75,-4.583333333333332,2.661918521437596,1,ssp585
-60.58333333333333,-4.583333333333332,2.582082183591745,1,ssp585
-60.416666666666664,-4.583333333333332,2.5501238177858916,1,ssp585
-60.25,-4.583333333333332,2.5499709901408143,1,ssp585
-60.08333333333333,-4.583333333333332,2.541354246308121,1,ssp585
-59.916666666666664,-4.583333333333332,2.6411150637320406,1,ssp585
-59.75,-4.583333333333332,2.572456695175082,1,ssp585
-59.58333333333333,-4.583333333333332,2.6299404178568158,1,ssp585
-59.416666666666664,-4.583333333333332,2.6362537510196495,1,ssp585
-59.25,-4.583333333333332,2.665642625358726,1,ssp585
-59.08333333333333,-4.583333333333332,2.5167850897423802,1,ssp585
-58.916666666666664,-4.583333333333332,2.505741075275604,1,ssp585
-58.75,-4.583333333333332,2.3657774206665545,1,ssp585
-58.58333333333333,-4.583333333333332,2.3173582644885102,1,ssp585
-58.416666666666664,-4.583333333333332,2.213652297866485,1,ssp585
-58.25,-4.583333333333332,2.259199898774904,1,ssp585
-58.08333333333333,-4.583333333333332,2.0270601532615284,1,ssp585
-57.916666666666664,-4.583333333333332,2.0125314169286885,1,ssp585
-57.75,-4.583333333333332,2.208269220923137,1,ssp585
-57.58333333333333,-4.583333333333332,2.1983272271413132,1,ssp585
-57.416666666666664,-4.583333333333332,2.3906391256873007,1,ssp585
-57.25,-4.583333333333332,2.122030347670872,1,ssp585
-57.08333333333333,-4.583333333333332,2.099029018044026,1,ssp585
-56.916666666666664,-4.583333333333332,2.0360683326233318,1,ssp585
-56.75,-4.583333333333332,1.9833328082178117,1,ssp585
-56.58333333333333,-4.583333333333332,2.085667101455803,1,ssp585
-56.416666666666664,-4.583333333333332,2.268051882848968,1,ssp585
-56.25,-4.583333333333332,2.55462175832711,1,ssp585
-56.08333333333333,-4.583333333333332,2.2778850036422025,1,ssp585
-55.916666666666664,-4.583333333333332,2.4045405764553296,1,ssp585
-55.75,-4.583333333333332,2.3077215400113875,1,ssp585
-55.58333333333333,-4.583333333333332,1.7093956350705168,1,ssp585
-55.416666666666664,-4.583333333333332,1.4638002703865791,1,ssp585
-55.25,-4.583333333333332,1.3808939455701446,1,ssp585
-55.08333333333333,-4.583333333333332,1.6089221857077596,1,ssp585
-54.916666666666664,-4.583333333333332,1.5887348907148717,1,ssp585
-54.75,-4.583333333333332,1.4954561011266128,1,ssp585
-54.58333333333333,-4.583333333333332,1.5395831732837109,1,ssp585
-54.416666666666664,-4.583333333333332,1.4441485180063867,1,ssp585
-54.25,-4.583333333333332,1.4770235143655668,1,ssp585
-54.08333333333333,-4.583333333333332,1.5114102784106196,1,ssp585
-53.916666666666664,-4.583333333333332,1.4213934883701282,1,ssp585
-53.75,-4.583333333333332,1.352046580273345,1,ssp585
-53.58333333333333,-4.583333333333332,1.3630466706899458,1,ssp585
-53.416666666666664,-4.583333333333332,1.3300867681069632,1,ssp585
-53.25,-4.583333333333332,1.4280233330673775,1,ssp585
-53.08333333333333,-4.583333333333332,1.385020210680413,1,ssp585
-52.916666666666664,-4.583333333333332,1.418640354830116,1,ssp585
-52.75,-4.583333333333332,1.362963454867923,1,ssp585
-52.58333333333333,-4.583333333333332,1.150676171413787,1,ssp585
-52.416666666666664,-4.583333333333332,1.071515306594111,1,ssp585
-52.25,-4.583333333333332,1.047988369943933,1,ssp585
-52.08333333333333,-4.583333333333332,1.0955551676864423,1,ssp585
-51.916666666666664,-4.583333333333332,1.0398953916512181,1,ssp585
-51.75,-4.583333333333332,1.0310521495089071,1,ssp585
-51.58333333333333,-4.583333333333332,1.067988505650181,1,ssp585
-51.416666666666664,-4.583333333333332,1.059941521447642,1,ssp585
-51.25,-4.583333333333332,1.0531262509888006,1,ssp585
-51.08333333333333,-4.583333333333332,1.24157515416393,1,ssp585
-50.916666666666664,-4.583333333333332,1.2785304305940117,1,ssp585
-50.75,-4.583333333333332,1.6138148144959839,1,ssp585
-50.58333333333333,-4.583333333333332,1.6352533441723016,1,ssp585
-50.416666666666664,-4.583333333333332,1.837131920529672,1,ssp585
-50.25,-4.583333333333332,1.817423759111275,1,ssp585
-50.08333333333333,-4.583333333333332,1.9966423261450368,1,ssp585
-49.916666666666664,-4.583333333333332,2.0623002111533104,1,ssp585
-49.75,-4.583333333333332,2.579860953434563,1,ssp585
-49.58333333333333,-4.583333333333332,2.5848996626810337,1,ssp585
-49.416666666666664,-4.583333333333332,2.432899194486557,1,ssp585
-49.25,-4.583333333333332,2.8230658049525426,1,ssp585
-49.08333333333333,-4.583333333333332,2.944799906933961,1,ssp585
-48.916666666666664,-4.583333333333332,2.7209515371563717,1,ssp585
-48.75,-4.583333333333332,2.558351652321059,1,ssp585
-48.58333333333333,-4.583333333333332,2.2746789592794383,1,ssp585
-48.416666666666664,-4.583333333333332,2.2739220503078346,1,ssp585
-48.25,-4.583333333333332,2.5750937813329906,1,ssp585
-48.08333333333333,-4.583333333333332,2.4004287464885046,1,ssp585
-47.916666666666664,-4.583333333333332,2.260788703066953,1,ssp585
-47.75,-4.583333333333332,2.2733715746799583,1,ssp585
-47.58333333333333,-4.583333333333332,2.537683668686681,1,ssp585
-47.416666666666664,-4.583333333333332,2.9302460292167813,1,ssp585
-47.25,-4.583333333333332,2.6338812899781767,1,ssp585
-47.08333333333333,-4.583333333333332,2.5745024406842902,1,ssp585
-46.916666666666664,-4.583333333333332,2.820646116748432,1,ssp585
-46.75,-4.583333333333332,2.5997078309004626,1,ssp585
-46.58333333333333,-4.583333333333332,2.4770610870556697,1,ssp585
-46.416666666666664,-4.583333333333332,2.6353597247044056,1,ssp585
-46.25,-4.583333333333332,2.758126557290688,1,ssp585
-46.08333333333333,-4.583333333333332,2.9656561298629556,1,ssp585
-45.916666666666664,-4.583333333333332,2.841418248458656,1,ssp585
-45.75,-4.583333333333332,2.8951997152629203,1,ssp585
-45.58333333333333,-4.583333333333332,3.0077141220373607,1,ssp585
-45.416666666666664,-4.583333333333332,3.6463251953445917,1,ssp585
-45.25,-4.583333333333332,3.8348209478929807,1,ssp585
-68.41666666666666,-4.75,2.7259224178483863,1,ssp585
-68.25,-4.75,2.663752452706569,1,ssp585
-68.08333333333333,-4.75,2.649978092142968,1,ssp585
-67.91666666666666,-4.75,2.6195423901560617,1,ssp585
-67.75,-4.75,2.6303385439583815,1,ssp585
-67.58333333333333,-4.75,2.655201237007176,1,ssp585
-67.41666666666666,-4.75,2.680908292090291,1,ssp585
-67.25,-4.75,2.677877501333229,1,ssp585
-67.08333333333333,-4.75,2.678908131045683,1,ssp585
-66.91666666666666,-4.75,2.72632980376267,1,ssp585
-66.75,-4.75,2.7039536617577378,1,ssp585
-66.58333333333333,-4.75,2.5575044130899602,1,ssp585
-66.41666666666666,-4.75,2.5048896339545936,1,ssp585
-66.25,-4.75,2.5248222354938723,1,ssp585
-66.08333333333333,-4.75,2.4664680249703634,1,ssp585
-65.91666666666666,-4.75,2.4641710645989177,1,ssp585
-65.75,-4.75,2.499889313580068,1,ssp585
-65.58333333333333,-4.75,2.4710538720364545,1,ssp585
-65.41666666666666,-4.75,2.453146198177071,1,ssp585
-65.25,-4.75,2.4464354499821415,1,ssp585
-65.08333333333333,-4.75,2.4782743458293193,1,ssp585
-64.91666666666666,-4.75,2.4665370947034786,1,ssp585
-64.75,-4.75,2.4656104595207045,1,ssp585
-64.58333333333333,-4.75,2.462791016943337,1,ssp585
-64.41666666666666,-4.75,2.466302072400058,1,ssp585
-64.25,-4.75,2.5109165368323403,1,ssp585
-64.08333333333333,-4.75,2.5193203875532157,1,ssp585
-63.916666666666664,-4.75,2.822873668498703,1,ssp585
-63.74999999999999,-4.75,2.881267559502589,1,ssp585
-63.58333333333333,-4.75,2.8412519649796875,1,ssp585
-63.416666666666664,-4.75,2.867210193613808,1,ssp585
-63.24999999999999,-4.75,2.8728507596752495,1,ssp585
-63.08333333333333,-4.75,2.9061589547285016,1,ssp585
-62.916666666666664,-4.75,2.967629438856894,1,ssp585
-62.75,-4.75,3.006910208843468,1,ssp585
-62.58333333333333,-4.75,3.0153304430553565,1,ssp585
-62.416666666666664,-4.75,3.032138681694629,1,ssp585
-62.25,-4.75,3.00156506050445,1,ssp585
-62.08333333333333,-4.75,2.59387643180338,1,ssp585
-61.916666666666664,-4.75,2.6257518011985543,1,ssp585
-61.75,-4.75,2.6798321742208278,1,ssp585
-61.58333333333333,-4.75,2.677907240810812,1,ssp585
-61.416666666666664,-4.75,2.742834175897613,1,ssp585
-61.25,-4.75,2.7513965476146613,1,ssp585
-61.08333333333333,-4.75,2.6811399738213137,1,ssp585
-60.916666666666664,-4.75,2.6321490924295583,1,ssp585
-60.75,-4.75,2.6828542820694388,1,ssp585
-60.58333333333333,-4.75,2.5813213330818123,1,ssp585
-60.416666666666664,-4.75,2.560553899176493,1,ssp585
-60.25,-4.75,2.5760126420206406,1,ssp585
-60.08333333333333,-4.75,2.594268419108563,1,ssp585
-59.916666666666664,-4.75,2.653125461024502,1,ssp585
-59.75,-4.75,2.5829052582192333,1,ssp585
-59.58333333333333,-4.75,2.633792578180281,1,ssp585
-59.416666666666664,-4.75,2.643283791290618,1,ssp585
-59.25,-4.75,2.656975633260144,1,ssp585
-59.08333333333333,-4.75,2.454826102181452,1,ssp585
-58.916666666666664,-4.75,2.3786218320200416,1,ssp585
-58.75,-4.75,2.3289874208023,1,ssp585
-58.58333333333333,-4.75,2.1838088088039416,1,ssp585
-58.416666666666664,-4.75,2.1058869493111265,1,ssp585
-58.25,-4.75,2.173874097474684,1,ssp585
-58.08333333333333,-4.75,1.9361293125373136,1,ssp585
-57.916666666666664,-4.75,2.0465574232198884,1,ssp585
-57.75,-4.75,2.0735163339853235,1,ssp585
-57.58333333333333,-4.75,2.1044196882203603,1,ssp585
-57.416666666666664,-4.75,2.16260778651335,1,ssp585
-57.25,-4.75,1.910089796582944,1,ssp585
-57.08333333333333,-4.75,1.8841155081176686,1,ssp585
-56.916666666666664,-4.75,2.0521412856053582,1,ssp585
-56.75,-4.75,2.1851717413545915,1,ssp585
-56.58333333333333,-4.75,2.279474991391246,1,ssp585
-56.416666666666664,-4.75,2.3703802070442013,1,ssp585
-56.25,-4.75,2.3433890747921757,1,ssp585
-56.08333333333333,-4.75,1.732949685018929,1,ssp585
-55.916666666666664,-4.75,1.7222722887754276,1,ssp585
-55.75,-4.75,2.127504613816619,1,ssp585
-55.58333333333333,-4.75,1.3391531341813392,1,ssp585
-55.416666666666664,-4.75,1.238554647160812,1,ssp585
-55.25,-4.75,1.3126193321799717,1,ssp585
-55.08333333333333,-4.75,1.511867936241472,1,ssp585
-54.916666666666664,-4.75,1.55928265065526,1,ssp585
-54.75,-4.75,1.659191904037173,1,ssp585
-54.58333333333333,-4.75,1.6410948403763366,1,ssp585
-54.416666666666664,-4.75,1.5226822148714692,1,ssp585
-54.25,-4.75,1.5895809872448603,1,ssp585
-54.08333333333333,-4.75,1.4702146767845181,1,ssp585
-53.916666666666664,-4.75,1.4631509892549128,1,ssp585
-53.75,-4.75,1.4379844468317544,1,ssp585
-53.58333333333333,-4.75,1.5169148526331313,1,ssp585
-53.416666666666664,-4.75,1.4715436204297694,1,ssp585
-53.25,-4.75,1.5393390614183045,1,ssp585
-53.08333333333333,-4.75,1.5349827703284793,1,ssp585
-52.916666666666664,-4.75,1.5426490001642017,1,ssp585
-52.75,-4.75,1.4101261119009016,1,ssp585
-52.58333333333333,-4.75,1.2764926029590902,1,ssp585
-52.416666666666664,-4.75,1.2205695526091958,1,ssp585
-52.25,-4.75,1.2276447043426262,1,ssp585
-52.08333333333333,-4.75,1.2678656488827105,1,ssp585
-51.916666666666664,-4.75,1.2613498180098006,1,ssp585
-51.75,-4.75,1.1807842117867915,1,ssp585
-51.58333333333333,-4.75,1.1840894153392714,1,ssp585
-51.416666666666664,-4.75,1.203214271910344,1,ssp585
-51.25,-4.75,1.2669297894526512,1,ssp585
-51.08333333333333,-4.75,1.4236965729914253,1,ssp585
-50.916666666666664,-4.75,1.4855972109244295,1,ssp585
-50.75,-4.75,1.5851290945221415,1,ssp585
-50.58333333333333,-4.75,1.7946079697804727,1,ssp585
-50.416666666666664,-4.75,1.896036351809666,1,ssp585
-50.25,-4.75,1.764259821957459,1,ssp585
-50.08333333333333,-4.75,1.8120947870412514,1,ssp585
-49.916666666666664,-4.75,2.0180682662782807,1,ssp585
-49.75,-4.75,2.487866910595194,1,ssp585
-49.58333333333333,-4.75,2.6910790109391645,1,ssp585
-49.416666666666664,-4.75,2.615491760128572,1,ssp585
-49.25,-4.75,2.8404751500428054,1,ssp585
-49.08333333333333,-4.75,3.041179701894086,1,ssp585
-48.916666666666664,-4.75,2.775321984834686,1,ssp585
-48.75,-4.75,2.461109658929244,1,ssp585
-48.58333333333333,-4.75,2.3636801305171007,1,ssp585
-48.416666666666664,-4.75,2.2947472034297167,1,ssp585
-48.25,-4.75,2.653631952152711,1,ssp585
-48.08333333333333,-4.75,2.855373080058517,1,ssp585
-47.916666666666664,-4.75,2.707030511685748,1,ssp585
-47.75,-4.75,2.2541212281240393,1,ssp585
-47.58333333333333,-4.75,2.477854166620064,1,ssp585
-47.416666666666664,-4.75,2.9486709662532826,1,ssp585
-47.25,-4.75,2.7224349571285007,1,ssp585
-47.08333333333333,-4.75,2.906347951728718,1,ssp585
-46.916666666666664,-4.75,2.797441142673673,1,ssp585
-46.75,-4.75,2.670997350149658,1,ssp585
-46.58333333333333,-4.75,2.6457328968302334,1,ssp585
-46.416666666666664,-4.75,2.6532850306024276,1,ssp585
-46.25,-4.75,2.759718847267374,1,ssp585
-46.08333333333333,-4.75,2.994583599674129,1,ssp585
-45.916666666666664,-4.75,2.94386727499893,1,ssp585
-45.75,-4.75,2.735152755176255,1,ssp585
-68.41666666666666,-4.916666666666666,2.6722646115405744,1,ssp585
-68.25,-4.916666666666666,2.6715923970900204,1,ssp585
-68.08333333333333,-4.916666666666666,2.644105438826737,1,ssp585
-67.91666666666666,-4.916666666666666,2.604325690619181,1,ssp585
-67.75,-4.916666666666666,2.624796807953356,1,ssp585
-67.58333333333333,-4.916666666666666,2.6130212783074818,1,ssp585
-67.41666666666666,-4.916666666666666,2.6056678713954655,1,ssp585
-67.25,-4.916666666666666,2.5620934047156845,1,ssp585
-67.08333333333333,-4.916666666666666,2.5445930026742714,1,ssp585
-66.91666666666666,-4.916666666666666,2.675627663439869,1,ssp585
-66.75,-4.916666666666666,2.5694105207203752,1,ssp585
-66.58333333333333,-4.916666666666666,2.426931429961635,1,ssp585
-66.41666666666666,-4.916666666666666,2.408627814206137,1,ssp585
-66.25,-4.916666666666666,2.3669547736855887,1,ssp585
-66.08333333333333,-4.916666666666666,2.3862575114198497,1,ssp585
-65.91666666666666,-4.916666666666666,2.4256569497660774,1,ssp585
-65.75,-4.916666666666666,2.4604406166882593,1,ssp585
-65.58333333333333,-4.916666666666666,2.4313157343870637,1,ssp585
-65.41666666666666,-4.916666666666666,2.447100241753567,1,ssp585
-65.25,-4.916666666666666,2.4750686307385186,1,ssp585
-65.08333333333333,-4.916666666666666,2.5048930849593325,1,ssp585
-64.91666666666666,-4.916666666666666,2.4728601381302324,1,ssp585
-64.75,-4.916666666666666,2.5091249413039205,1,ssp585
-64.58333333333333,-4.916666666666666,2.549143167377046,1,ssp585
-64.41666666666666,-4.916666666666666,2.5380286665735143,1,ssp585
-64.25,-4.916666666666666,2.5334624514669977,1,ssp585
-64.08333333333333,-4.916666666666666,2.596578537674133,1,ssp585
-63.916666666666664,-4.916666666666666,2.6458837518159113,1,ssp585
-63.74999999999999,-4.916666666666666,2.8888510436431596,1,ssp585
-63.58333333333333,-4.916666666666666,2.8724043213605155,1,ssp585
-63.416666666666664,-4.916666666666666,2.8936335232267774,1,ssp585
-63.24999999999999,-4.916666666666666,2.9104215761009797,1,ssp585
-63.08333333333333,-4.916666666666666,2.98872723825102,1,ssp585
-62.916666666666664,-4.916666666666666,3.024975303691927,1,ssp585
-62.75,-4.916666666666666,3.0616955268838653,1,ssp585
-62.58333333333333,-4.916666666666666,3.0121870666384125,1,ssp585
-62.416666666666664,-4.916666666666666,2.9629144123205213,1,ssp585
-62.25,-4.916666666666666,2.5670737530042835,1,ssp585
-62.08333333333333,-4.916666666666666,2.5704017705563853,1,ssp585
-61.916666666666664,-4.916666666666666,2.627741436505881,1,ssp585
-61.75,-4.916666666666666,2.6615496915578434,1,ssp585
-61.58333333333333,-4.916666666666666,2.708066090980044,1,ssp585
-61.416666666666664,-4.916666666666666,2.725762107475002,1,ssp585
-61.25,-4.916666666666666,2.7444607365739606,1,ssp585
-61.08333333333333,-4.916666666666666,2.7061566992157116,1,ssp585
-60.916666666666664,-4.916666666666666,2.6771650715020057,1,ssp585
-60.75,-4.916666666666666,2.638648621336946,1,ssp585
-60.58333333333333,-4.916666666666666,2.629314975753939,1,ssp585
-60.416666666666664,-4.916666666666666,2.5695210154049284,1,ssp585
-60.25,-4.916666666666666,2.6002447780354383,1,ssp585
-60.08333333333333,-4.916666666666666,2.605867753738639,1,ssp585
-59.916666666666664,-4.916666666666666,2.584493325972529,1,ssp585
-59.75,-4.916666666666666,2.621762082024705,1,ssp585
-59.58333333333333,-4.916666666666666,2.6311770769135157,1,ssp585
-59.416666666666664,-4.916666666666666,2.607667479683295,1,ssp585
-59.25,-4.916666666666666,2.5465125105838173,1,ssp585
-59.08333333333333,-4.916666666666666,2.2558206162442445,1,ssp585
-58.916666666666664,-4.916666666666666,2.244436390378852,1,ssp585
-58.75,-4.916666666666666,2.1725695232809312,1,ssp585
-58.58333333333333,-4.916666666666666,2.089765201971933,1,ssp585
-58.416666666666664,-4.916666666666666,2.194609801107184,1,ssp585
-58.25,-4.916666666666666,2.0378051849434065,1,ssp585
-58.08333333333333,-4.916666666666666,1.9757430838464802,1,ssp585
-57.916666666666664,-4.916666666666666,1.94998080095159,1,ssp585
-57.75,-4.916666666666666,1.866774508060737,1,ssp585
-57.58333333333333,-4.916666666666666,1.882984149506619,1,ssp585
-57.416666666666664,-4.916666666666666,2.1135502818854475,1,ssp585
-57.25,-4.916666666666666,1.6235213033807323,1,ssp585
-57.08333333333333,-4.916666666666666,1.8038851844746149,1,ssp585
-56.916666666666664,-4.916666666666666,2.171894135430355,1,ssp585
-56.75,-4.916666666666666,1.9861930072359322,1,ssp585
-56.58333333333333,-4.916666666666666,2.157486229094788,1,ssp585
-56.416666666666664,-4.916666666666666,2.2930192179354374,1,ssp585
-56.25,-4.916666666666666,1.996646653642659,1,ssp585
-56.08333333333333,-4.916666666666666,1.9351527440475695,1,ssp585
-55.916666666666664,-4.916666666666666,1.5251201289524658,1,ssp585
-55.75,-4.916666666666666,1.3716860532586963,1,ssp585
-55.58333333333333,-4.916666666666666,1.2167981923527917,1,ssp585
-55.416666666666664,-4.916666666666666,1.1512748217712054,1,ssp585
-55.25,-4.916666666666666,1.1319778567643648,1,ssp585
-55.08333333333333,-4.916666666666666,1.2672622356793861,1,ssp585
-54.916666666666664,-4.916666666666666,1.4567311669874643,1,ssp585
-54.75,-4.916666666666666,1.5283862685722553,1,ssp585
-54.58333333333333,-4.916666666666666,1.6256284134451389,1,ssp585
-54.416666666666664,-4.916666666666666,1.588011506012764,1,ssp585
-54.25,-4.916666666666666,1.6422350836235704,1,ssp585
-54.08333333333333,-4.916666666666666,1.5730453068463444,1,ssp585
-53.916666666666664,-4.916666666666666,1.5883515260930288,1,ssp585
-53.75,-4.916666666666666,1.5562404352017707,1,ssp585
-53.58333333333333,-4.916666666666666,1.5720225593619277,1,ssp585
-53.416666666666664,-4.916666666666666,1.513534922207094,1,ssp585
-53.25,-4.916666666666666,1.6132505201987883,1,ssp585
-53.08333333333333,-4.916666666666666,1.5541744631829557,1,ssp585
-52.916666666666664,-4.916666666666666,1.4751085170790736,1,ssp585
-52.75,-4.916666666666666,1.435993223838104,1,ssp585
-52.58333333333333,-4.916666666666666,1.3982735781913183,1,ssp585
-52.416666666666664,-4.916666666666666,1.3942496745093833,1,ssp585
-52.25,-4.916666666666666,1.3484154759334548,1,ssp585
-52.08333333333333,-4.916666666666666,1.3813203515376318,1,ssp585
-51.916666666666664,-4.916666666666666,1.39654978760747,1,ssp585
-51.75,-4.916666666666666,1.392603479241851,1,ssp585
-51.58333333333333,-4.916666666666666,1.3593294779873328,1,ssp585
-51.416666666666664,-4.916666666666666,1.4839629335959628,1,ssp585
-51.25,-4.916666666666666,1.4233613644017653,1,ssp585
-51.08333333333333,-4.916666666666666,1.5007487389167202,1,ssp585
-50.916666666666664,-4.916666666666666,1.615492314405886,1,ssp585
-50.75,-4.916666666666666,1.7678143941933342,1,ssp585
-50.58333333333333,-4.916666666666666,1.8172269448702967,1,ssp585
-50.416666666666664,-4.916666666666666,1.9265667961995174,1,ssp585
-50.25,-4.916666666666666,1.818243994171014,1,ssp585
-50.08333333333333,-4.916666666666666,1.9758472744394042,1,ssp585
-49.916666666666664,-4.916666666666666,2.2581153383355073,1,ssp585
-49.75,-4.916666666666666,2.438442297455421,1,ssp585
-49.58333333333333,-4.916666666666666,2.681331507626748,1,ssp585
-49.416666666666664,-4.916666666666666,2.965831375780163,1,ssp585
-49.25,-4.916666666666666,2.8606316820393407,1,ssp585
-49.08333333333333,-4.916666666666666,3.1034847192884865,1,ssp585
-48.916666666666664,-4.916666666666666,2.948451288281851,1,ssp585
-48.75,-4.916666666666666,3.071973737554042,1,ssp585
-48.58333333333333,-4.916666666666666,2.861136532326512,1,ssp585
-48.416666666666664,-4.916666666666666,2.7702349476073964,1,ssp585
-48.25,-4.916666666666666,2.6694566788915393,1,ssp585
-48.08333333333333,-4.916666666666666,2.6746632308774734,1,ssp585
-47.916666666666664,-4.916666666666666,2.768471960826157,1,ssp585
-47.75,-4.916666666666666,2.5240002705615683,1,ssp585
-47.58333333333333,-4.916666666666666,2.6775606734280486,1,ssp585
-47.416666666666664,-4.916666666666666,3.0992765955480213,1,ssp585
-47.25,-4.916666666666666,2.8433341643527386,1,ssp585
-47.08333333333333,-4.916666666666666,2.977336078434623,1,ssp585
-46.916666666666664,-4.916666666666666,3.0342762705374997,1,ssp585
-46.75,-4.916666666666666,2.7169115244864277,1,ssp585
-46.58333333333333,-4.916666666666666,2.571516239020546,1,ssp585
-46.416666666666664,-4.916666666666666,2.609107824774685,1,ssp585
-46.25,-4.916666666666666,2.7128673505954,1,ssp585
-46.08333333333333,-4.916666666666666,2.9566843679520436,1,ssp585
-45.916666666666664,-4.916666666666666,3.035594458432768,1,ssp585
-45.75,-4.916666666666666,3.1358737636758405,1,ssp585
-68.41666666666666,-5.083333333333332,2.612479229483709,1,ssp585
-68.25,-5.083333333333332,2.649799374914196,1,ssp585
-68.08333333333333,-5.083333333333332,2.6028828650720137,1,ssp585
-67.91666666666666,-5.083333333333332,2.5787360236274703,1,ssp585
-67.75,-5.083333333333332,2.558751296411973,1,ssp585
-67.58333333333333,-5.083333333333332,2.5466383479884773,1,ssp585
-67.41666666666666,-5.083333333333332,2.5337778339278128,1,ssp585
-67.25,-5.083333333333332,2.4911973775583527,1,ssp585
-67.08333333333333,-5.083333333333332,2.5434152793288343,1,ssp585
-66.91666666666666,-5.083333333333332,2.4915519663996393,1,ssp585
-66.75,-5.083333333333332,2.393888489604769,1,ssp585
-66.58333333333333,-5.083333333333332,2.3510267396633595,1,ssp585
-66.41666666666666,-5.083333333333332,2.284754078454386,1,ssp585
-66.25,-5.083333333333332,2.2819321601288216,1,ssp585
-66.08333333333333,-5.083333333333332,2.3142864185684204,1,ssp585
-65.91666666666666,-5.083333333333332,2.3711810297083438,1,ssp585
-65.75,-5.083333333333332,2.410307680549102,1,ssp585
-65.58333333333333,-5.083333333333332,2.439861623970347,1,ssp585
-65.41666666666666,-5.083333333333332,2.4788971195670038,1,ssp585
-65.25,-5.083333333333332,2.531570716759913,1,ssp585
-65.08333333333333,-5.083333333333332,2.5620736637267583,1,ssp585
-64.91666666666666,-5.083333333333332,2.5584208927951293,1,ssp585
-64.75,-5.083333333333332,2.555288539194124,1,ssp585
-64.58333333333333,-5.083333333333332,2.5457537006959106,1,ssp585
-64.41666666666666,-5.083333333333332,2.5518845768589227,1,ssp585
-64.25,-5.083333333333332,2.5897345562357135,1,ssp585
-64.08333333333333,-5.083333333333332,2.662274449196628,1,ssp585
-63.916666666666664,-5.083333333333332,2.681846884246877,1,ssp585
-63.74999999999999,-5.083333333333332,2.341926205553005,1,ssp585
-63.58333333333333,-5.083333333333332,2.542433450502476,1,ssp585
-63.416666666666664,-5.083333333333332,2.9351368208957225,1,ssp585
-63.24999999999999,-5.083333333333332,2.956325155578512,1,ssp585
-63.08333333333333,-5.083333333333332,3.011811400086236,1,ssp585
-62.916666666666664,-5.083333333333332,3.063574751396644,1,ssp585
-62.75,-5.083333333333332,3.027697503891338,1,ssp585
-62.58333333333333,-5.083333333333332,2.5729372261088446,1,ssp585
-62.416666666666664,-5.083333333333332,2.550597137712533,1,ssp585
-62.25,-5.083333333333332,2.5243407994422133,1,ssp585
-62.08333333333333,-5.083333333333332,2.5803117844045036,1,ssp585
-61.916666666666664,-5.083333333333332,2.595591439826166,1,ssp585
-61.75,-5.083333333333332,2.6394238451910974,1,ssp585
-61.58333333333333,-5.083333333333332,2.6874514008624986,1,ssp585
-61.416666666666664,-5.083333333333332,2.787363216911923,1,ssp585
-61.25,-5.083333333333332,2.7534673912573866,1,ssp585
-61.08333333333333,-5.083333333333332,2.6903228312824368,1,ssp585
-60.916666666666664,-5.083333333333332,2.6671847329336,1,ssp585
-60.75,-5.083333333333332,2.700662498307613,1,ssp585
-60.58333333333333,-5.083333333333332,2.622019031835188,1,ssp585
-60.416666666666664,-5.083333333333332,2.6587231933451108,1,ssp585
-60.25,-5.083333333333332,2.5313319805682277,1,ssp585
-60.08333333333333,-5.083333333333332,2.5376477036484406,1,ssp585
-59.916666666666664,-5.083333333333332,2.5868843703904347,1,ssp585
-59.75,-5.083333333333332,2.5948643530485125,1,ssp585
-59.58333333333333,-5.083333333333332,2.5706430729178775,1,ssp585
-59.416666666666664,-5.083333333333332,2.5515231741870656,1,ssp585
-59.25,-5.083333333333332,2.3922126180751118,1,ssp585
-59.08333333333333,-5.083333333333332,2.2269169631452703,1,ssp585
-58.916666666666664,-5.083333333333332,2.164391082905007,1,ssp585
-58.75,-5.083333333333332,2.089535411873305,1,ssp585
-58.58333333333333,-5.083333333333332,2.1366514910310137,1,ssp585
-58.416666666666664,-5.083333333333332,2.1604191534277004,1,ssp585
-58.25,-5.083333333333332,1.898936040392872,1,ssp585
-58.08333333333333,-5.083333333333332,1.9436325471335678,1,ssp585
-57.916666666666664,-5.083333333333332,1.7969433192204365,1,ssp585
-57.75,-5.083333333333332,1.5619982077312735,1,ssp585
-57.58333333333333,-5.083333333333332,1.873273803060548,1,ssp585
-57.416666666666664,-5.083333333333332,2.1286077952199443,1,ssp585
-57.25,-5.083333333333332,1.4625586256332224,1,ssp585
-57.08333333333333,-5.083333333333332,1.706778771017852,1,ssp585
-56.916666666666664,-5.083333333333332,1.9865021960807285,1,ssp585
-56.75,-5.083333333333332,1.990706899425741,1,ssp585
-56.58333333333333,-5.083333333333332,1.9195465069536466,1,ssp585
-56.416666666666664,-5.083333333333332,2.0098828610674087,1,ssp585
-56.25,-5.083333333333332,1.9595081552009483,1,ssp585
-56.08333333333333,-5.083333333333332,2.034717689880324,1,ssp585
-55.916666666666664,-5.083333333333332,1.5654542804203502,1,ssp585
-55.75,-5.083333333333332,1.4025125885023575,1,ssp585
-55.58333333333333,-5.083333333333332,1.138251665566596,1,ssp585
-55.416666666666664,-5.083333333333332,1.0663110175436432,1,ssp585
-55.25,-5.083333333333332,1.0374568978890994,1,ssp585
-55.08333333333333,-5.083333333333332,1.0448076423439252,1,ssp585
-54.916666666666664,-5.083333333333332,1.2973058831119917,1,ssp585
-54.75,-5.083333333333332,1.3852579408586057,1,ssp585
-54.58333333333333,-5.083333333333332,1.5900421148784767,1,ssp585
-54.416666666666664,-5.083333333333332,1.5808619873385044,1,ssp585
-54.25,-5.083333333333332,1.55451236536463,1,ssp585
-54.08333333333333,-5.083333333333332,1.6561513038088258,1,ssp585
-53.916666666666664,-5.083333333333332,1.672155053249385,1,ssp585
-53.75,-5.083333333333332,1.6933814135941023,1,ssp585
-53.58333333333333,-5.083333333333332,1.614545736981128,1,ssp585
-53.416666666666664,-5.083333333333332,1.658955307956433,1,ssp585
-53.25,-5.083333333333332,1.7116833685664927,1,ssp585
-53.08333333333333,-5.083333333333332,1.5944374858479498,1,ssp585
-52.916666666666664,-5.083333333333332,1.6667797634441803,1,ssp585
-52.75,-5.083333333333332,1.5261671740760794,1,ssp585
-52.58333333333333,-5.083333333333332,1.5044460771822654,1,ssp585
-52.416666666666664,-5.083333333333332,1.545805429547094,1,ssp585
-52.25,-5.083333333333332,1.4974403883818124,1,ssp585
-52.08333333333333,-5.083333333333332,1.500327016226201,1,ssp585
-51.916666666666664,-5.083333333333332,1.5365899643450969,1,ssp585
-51.75,-5.083333333333332,1.5129455175937474,1,ssp585
-51.58333333333333,-5.083333333333332,1.5110459781466106,1,ssp585
-51.416666666666664,-5.083333333333332,1.6496726022329633,1,ssp585
-51.25,-5.083333333333332,1.5483046459089322,1,ssp585
-51.08333333333333,-5.083333333333332,1.5737535886208762,1,ssp585
-50.916666666666664,-5.083333333333332,1.645274517294528,1,ssp585
-50.75,-5.083333333333332,1.732327342502658,1,ssp585
-50.58333333333333,-5.083333333333332,1.9847733763958604,1,ssp585
-50.416666666666664,-5.083333333333332,2.1749484694268837,1,ssp585
-50.25,-5.083333333333332,2.098199238043353,1,ssp585
-50.08333333333333,-5.083333333333332,2.2031105253088343,1,ssp585
-49.916666666666664,-5.083333333333332,2.4294760007540948,1,ssp585
-49.75,-5.083333333333332,2.4645274062215097,1,ssp585
-49.58333333333333,-5.083333333333332,2.569977135479087,1,ssp585
-49.416666666666664,-5.083333333333332,2.916769228464267,1,ssp585
-49.25,-5.083333333333332,3.0398964418868255,1,ssp585
-49.08333333333333,-5.083333333333332,3.2016680202674994,1,ssp585
-48.916666666666664,-5.083333333333332,2.869418414616381,1,ssp585
-48.75,-5.083333333333332,3.3801310955013544,1,ssp585
-48.58333333333333,-5.083333333333332,3.5857109660515363,1,ssp585
-48.416666666666664,-5.083333333333332,3.6647759194267944,1,ssp585
-48.25,-5.083333333333332,3.4013983772229497,1,ssp585
-48.08333333333333,-5.083333333333332,3.6111288769909935,1,ssp585
-47.916666666666664,-5.083333333333332,3.3937679457982965,1,ssp585
-47.75,-5.083333333333332,3.007501660442634,1,ssp585
-47.58333333333333,-5.083333333333332,2.6806476644900985,1,ssp585
-47.416666666666664,-5.083333333333332,2.9845156018842256,1,ssp585
-47.25,-5.083333333333332,2.9774273130733833,1,ssp585
-47.08333333333333,-5.083333333333332,3.1531755195808033,1,ssp585
-46.916666666666664,-5.083333333333332,3.3196149278807603,1,ssp585
-46.75,-5.083333333333332,2.8562650692150613,1,ssp585
-46.58333333333333,-5.083333333333332,2.6478503757409944,1,ssp585
-46.416666666666664,-5.083333333333332,2.7451716248793874,1,ssp585
-46.25,-5.083333333333332,2.8960808670200864,1,ssp585
-46.08333333333333,-5.083333333333332,3.1695138454461813,1,ssp585
-45.916666666666664,-5.083333333333332,3.1920496690741254,1,ssp585
-68.41666666666666,-5.25,2.5900369867120645,1,ssp585
-68.25,-5.25,2.597425591448357,1,ssp585
-68.08333333333333,-5.25,2.5235482188936547,1,ssp585
-67.91666666666666,-5.25,2.536644792767446,1,ssp585
-67.75,-5.25,2.51056710840057,1,ssp585
-67.58333333333333,-5.25,2.4494358785153865,1,ssp585
-67.41666666666666,-5.25,2.460032066486113,1,ssp585
-67.25,-5.25,2.512385263030078,1,ssp585
-67.08333333333333,-5.25,2.3796953800217793,1,ssp585
-66.91666666666666,-5.25,2.2817558739902095,1,ssp585
-66.75,-5.25,2.326417036136815,1,ssp585
-66.58333333333333,-5.25,2.309698890296304,1,ssp585
-66.41666666666666,-5.25,2.3238761231339407,1,ssp585
-66.25,-5.25,2.282664960264268,1,ssp585
-66.08333333333333,-5.25,2.3252050030717815,1,ssp585
-65.91666666666666,-5.25,2.3532362358302343,1,ssp585
-65.75,-5.25,2.3907450532532932,1,ssp585
-65.58333333333333,-5.25,2.4624354809805453,1,ssp585
-65.41666666666666,-5.25,2.5250562670380416,1,ssp585
-65.25,-5.25,2.56574635922213,1,ssp585
-65.08333333333333,-5.25,2.620860705534552,1,ssp585
-64.91666666666666,-5.25,2.602809923180576,1,ssp585
-64.75,-5.25,2.6071934093182354,1,ssp585
-64.58333333333333,-5.25,2.615854557362252,1,ssp585
-64.41666666666666,-5.25,2.375362906762397,1,ssp585
-64.25,-5.25,2.602904867429322,1,ssp585
-64.08333333333333,-5.25,2.6777468109764015,1,ssp585
-63.916666666666664,-5.25,2.658201638262628,1,ssp585
-63.74999999999999,-5.25,2.607646696853208,1,ssp585
-63.58333333333333,-5.25,2.577331850822676,1,ssp585
-63.416666666666664,-5.25,2.5920102845534,1,ssp585
-63.24999999999999,-5.25,2.5892982706914633,1,ssp585
-63.08333333333333,-5.25,2.6262669264351084,1,ssp585
-62.916666666666664,-5.25,3.0110235480931875,1,ssp585
-62.75,-5.25,2.518993394842559,1,ssp585
-62.58333333333333,-5.25,2.5419203163328334,1,ssp585
-62.416666666666664,-5.25,2.494287244927623,1,ssp585
-62.25,-5.25,2.503633190230205,1,ssp585
-62.08333333333333,-5.25,2.556739637250383,1,ssp585
-61.916666666666664,-5.25,2.6034958210073573,1,ssp585
-61.75,-5.25,2.639946471548929,1,ssp585
-61.58333333333333,-5.25,2.683062629872938,1,ssp585
-61.416666666666664,-5.25,2.7107948770308092,1,ssp585
-61.25,-5.25,2.7674661053072467,1,ssp585
-61.08333333333333,-5.25,2.7143022599129223,1,ssp585
-60.916666666666664,-5.25,2.6838651317914226,1,ssp585
-60.75,-5.25,2.696299709879018,1,ssp585
-60.58333333333333,-5.25,2.700842189306583,1,ssp585
-60.416666666666664,-5.25,2.561185588454255,1,ssp585
-60.25,-5.25,2.532212907645519,1,ssp585
-60.08333333333333,-5.25,2.539470024795219,1,ssp585
-59.916666666666664,-5.25,2.5470663298369876,1,ssp585
-59.75,-5.25,2.5629978888882303,1,ssp585
-59.58333333333333,-5.25,2.538414987177139,1,ssp585
-59.416666666666664,-5.25,2.4511525603095468,1,ssp585
-59.25,-5.25,2.2521808813132504,1,ssp585
-59.08333333333333,-5.25,2.2790209790066878,1,ssp585
-58.916666666666664,-5.25,2.0862669699489946,1,ssp585
-58.75,-5.25,2.1416354461421347,1,ssp585
-58.58333333333333,-5.25,2.1312195053635596,1,ssp585
-58.416666666666664,-5.25,1.992423740361252,1,ssp585
-58.25,-5.25,1.813698658291924,1,ssp585
-58.08333333333333,-5.25,1.767302886373149,1,ssp585
-57.916666666666664,-5.25,1.8333944184018511,1,ssp585
-57.75,-5.25,1.5539843176659274,1,ssp585
-57.58333333333333,-5.25,1.8322781220070583,1,ssp585
-57.416666666666664,-5.25,1.9612431584705108,1,ssp585
-57.25,-5.25,1.37723684087805,1,ssp585
-57.08333333333333,-5.25,2.0569537266599927,1,ssp585
-56.916666666666664,-5.25,1.890687693154227,1,ssp585
-56.75,-5.25,1.9825125675305568,1,ssp585
-56.58333333333333,-5.25,1.785630963252752,1,ssp585
-56.416666666666664,-5.25,1.9193985945240326,1,ssp585
-56.25,-5.25,1.653382073427843,1,ssp585
-56.08333333333333,-5.25,1.9395605777700737,1,ssp585
-55.916666666666664,-5.25,1.7460454825599063,1,ssp585
-55.75,-5.25,1.433040942054685,1,ssp585
-55.58333333333333,-5.25,1.1343198250147895,1,ssp585
-55.416666666666664,-5.25,1.0589552543923626,1,ssp585
-55.25,-5.25,1.074799476587122,1,ssp585
-55.08333333333333,-5.25,0.9598780574904557,1,ssp585
-54.916666666666664,-5.25,1.1059018996405052,1,ssp585
-54.75,-5.25,1.290030074945345,1,ssp585
-54.58333333333333,-5.25,1.5059151939118258,1,ssp585
-54.416666666666664,-5.25,1.5563185552081242,1,ssp585
-54.25,-5.25,1.4849385918323252,1,ssp585
-54.08333333333333,-5.25,1.5618840452039133,1,ssp585
-53.916666666666664,-5.25,1.688377925693723,1,ssp585
-53.75,-5.25,1.7758377741704503,1,ssp585
-53.58333333333333,-5.25,1.640202106738511,1,ssp585
-53.416666666666664,-5.25,1.772327420777943,1,ssp585
-53.25,-5.25,1.7010962082843606,1,ssp585
-53.08333333333333,-5.25,1.7168656597381367,1,ssp585
-52.916666666666664,-5.25,1.8022688371390552,1,ssp585
-52.75,-5.25,1.640393736156992,1,ssp585
-52.58333333333333,-5.25,1.6347836487110554,1,ssp585
-52.416666666666664,-5.25,1.6512451395761167,1,ssp585
-52.25,-5.25,1.6579179895529794,1,ssp585
-52.08333333333333,-5.25,1.6472517439562737,1,ssp585
-51.916666666666664,-5.25,1.6561597338158125,1,ssp585
-51.75,-5.25,1.6778073010168368,1,ssp585
-51.58333333333333,-5.25,1.6914234660153495,1,ssp585
-51.416666666666664,-5.25,1.7998091528144016,1,ssp585
-51.25,-5.25,1.7355566758803787,1,ssp585
-51.08333333333333,-5.25,1.7377394881019024,1,ssp585
-50.916666666666664,-5.25,1.734965682360492,1,ssp585
-50.75,-5.25,1.911610059332801,1,ssp585
-50.58333333333333,-5.25,2.036665735039354,1,ssp585
-50.416666666666664,-5.25,2.342610239460291,1,ssp585
-50.25,-5.25,2.401509838064655,1,ssp585
-50.08333333333333,-5.25,2.41523541700837,1,ssp585
-49.916666666666664,-5.25,2.507968492146243,1,ssp585
-49.75,-5.25,2.550225633296759,1,ssp585
-49.58333333333333,-5.25,2.7381895009688453,1,ssp585
-49.416666666666664,-5.25,3.114479938255298,1,ssp585
-49.25,-5.25,3.308297998256146,1,ssp585
-49.08333333333333,-5.25,3.407441041429621,1,ssp585
-48.916666666666664,-5.25,3.1184430769897338,1,ssp585
-48.75,-5.25,3.36273806812242,1,ssp585
-48.58333333333333,-5.25,3.459124811728827,1,ssp585
-48.416666666666664,-5.25,3.503429924530183,1,ssp585
-48.25,-5.25,3.52395090779113,1,ssp585
-48.08333333333333,-5.25,3.7090366987827355,1,ssp585
-47.08333333333333,-5.25,3.164341574468659,1,ssp585
-46.916666666666664,-5.25,3.408764915178551,1,ssp585
-46.75,-5.25,3.0716611362122848,1,ssp585
-46.58333333333333,-5.25,2.876986061756899,1,ssp585
-68.41666666666666,-5.416666666666666,2.586750272411163,1,ssp585
-68.25,-5.416666666666666,2.539418374253294,1,ssp585
-68.08333333333333,-5.416666666666666,2.512120822071941,1,ssp585
-67.91666666666666,-5.416666666666666,2.4672810808203454,1,ssp585
-67.75,-5.416666666666666,2.392786825089375,1,ssp585
-67.58333333333333,-5.416666666666666,2.463444998315245,1,ssp585
-67.41666666666666,-5.416666666666666,2.5152625969810196,1,ssp585
-67.25,-5.416666666666666,2.341843092953352,1,ssp585
-67.08333333333333,-5.416666666666666,2.264784658565468,1,ssp585
-66.91666666666666,-5.416666666666666,2.2831197531097693,1,ssp585
-66.75,-5.416666666666666,2.2797886621115935,1,ssp585
-66.58333333333333,-5.416666666666666,2.3094905584647094,1,ssp585
-66.41666666666666,-5.416666666666666,2.3536351317474504,1,ssp585
-66.25,-5.416666666666666,2.3516333451618805,1,ssp585
-66.08333333333333,-5.416666666666666,2.3380883531799403,1,ssp585
-65.91666666666666,-5.416666666666666,2.3856160886336433,1,ssp585
-65.75,-5.416666666666666,2.4240379284418956,1,ssp585
-65.58333333333333,-5.416666666666666,2.5369374499975663,1,ssp585
-65.41666666666666,-5.416666666666666,2.587555475693892,1,ssp585
-65.25,-5.416666666666666,2.6475665710473164,1,ssp585
-65.08333333333333,-5.416666666666666,2.6968404229065452,1,ssp585
-64.91666666666666,-5.416666666666666,2.6972697051533476,1,ssp585
-64.75,-5.416666666666666,2.672584965269444,1,ssp585
-64.58333333333333,-5.416666666666666,2.6736560281561275,1,ssp585
-64.41666666666666,-5.416666666666666,2.6789149291971976,1,ssp585
-64.25,-5.416666666666666,2.369591904190924,1,ssp585
-64.08333333333333,-5.416666666666666,2.6233110423274577,1,ssp585
-63.916666666666664,-5.416666666666666,2.3566187593154657,1,ssp585
-63.74999999999999,-5.416666666666666,2.61784354208313,1,ssp585
-63.58333333333333,-5.416666666666666,2.5924880571467646,1,ssp585
-63.416666666666664,-5.416666666666666,2.423934140938922,1,ssp585
-63.24999999999999,-5.416666666666666,2.6025299460590325,1,ssp585
-63.08333333333333,-5.416666666666666,2.5304487890509595,1,ssp585
-62.916666666666664,-5.416666666666666,2.452484222666321,1,ssp585
-62.75,-5.416666666666666,2.4594335536151584,1,ssp585
-62.58333333333333,-5.416666666666666,2.5349612229054777,1,ssp585
-62.416666666666664,-5.416666666666666,2.4668221798340197,1,ssp585
-62.25,-5.416666666666666,2.505812018273678,1,ssp585
-62.08333333333333,-5.416666666666666,2.5220389645281887,1,ssp585
-61.916666666666664,-5.416666666666666,2.5845328927076467,1,ssp585
-61.75,-5.416666666666666,2.7606197758544453,1,ssp585
-61.58333333333333,-5.416666666666666,2.6891393970352757,1,ssp585
-61.416666666666664,-5.416666666666666,2.6857174288833017,1,ssp585
-61.25,-5.416666666666666,2.797050885904602,1,ssp585
-61.08333333333333,-5.416666666666666,2.753121851059975,1,ssp585
-60.916666666666664,-5.416666666666666,2.6820166978317967,1,ssp585
-60.75,-5.416666666666666,2.681970298914436,1,ssp585
-60.58333333333333,-5.416666666666666,2.5935824771277876,1,ssp585
-60.416666666666664,-5.416666666666666,2.594186621853262,1,ssp585
-60.25,-5.416666666666666,2.551759411087216,1,ssp585
-60.08333333333333,-5.416666666666666,2.5445353137623656,1,ssp585
-59.916666666666664,-5.416666666666666,2.5393418657765703,1,ssp585
-59.75,-5.416666666666666,2.5227901310054603,1,ssp585
-59.58333333333333,-5.416666666666666,2.4880418356583247,1,ssp585
-59.416666666666664,-5.416666666666666,2.4219509246743693,1,ssp585
-59.25,-5.416666666666666,2.252589427528697,1,ssp585
-59.08333333333333,-5.416666666666666,2.179443176860884,1,ssp585
-58.916666666666664,-5.416666666666666,2.0658367138666702,1,ssp585
-58.75,-5.416666666666666,2.1747594737659655,1,ssp585
-58.58333333333333,-5.416666666666666,2.00561009821614,1,ssp585
-58.416666666666664,-5.416666666666666,1.893170274998303,1,ssp585
-58.25,-5.416666666666666,1.7560629350549137,1,ssp585
-58.08333333333333,-5.416666666666666,1.683634274301604,1,ssp585
-57.916666666666664,-5.416666666666666,1.790603329479407,1,ssp585
-57.75,-5.416666666666666,1.6006550082487583,1,ssp585
-57.58333333333333,-5.416666666666666,1.4100608835710604,1,ssp585
-57.416666666666664,-5.416666666666666,1.4346653646418057,1,ssp585
-57.25,-5.416666666666666,1.7211372421544462,1,ssp585
-57.08333333333333,-5.416666666666666,1.9634703361158592,1,ssp585
-56.916666666666664,-5.416666666666666,1.9063533399631682,1,ssp585
-56.75,-5.416666666666666,1.733745180998182,1,ssp585
-56.58333333333333,-5.416666666666666,1.5564007391659287,1,ssp585
-56.416666666666664,-5.416666666666666,1.690552348511675,1,ssp585
-56.25,-5.416666666666666,1.9749737062109953,1,ssp585
-56.08333333333333,-5.416666666666666,1.9840223252842644,1,ssp585
-55.916666666666664,-5.416666666666666,2.1729188205239454,1,ssp585
-55.75,-5.416666666666666,1.6468815673128472,1,ssp585
-55.58333333333333,-5.416666666666666,1.2675803036515627,1,ssp585
-55.416666666666664,-5.416666666666666,1.033474507581003,1,ssp585
-55.25,-5.416666666666666,0.8807565764430629,1,ssp585
-55.08333333333333,-5.416666666666666,0.9857978387785316,1,ssp585
-54.916666666666664,-5.416666666666666,1.0902435453176036,1,ssp585
-54.75,-5.416666666666666,1.1784329713612338,1,ssp585
-54.58333333333333,-5.416666666666666,1.3378872636516834,1,ssp585
-54.416666666666664,-5.416666666666666,1.562622909077874,1,ssp585
-54.25,-5.416666666666666,1.4909221594723499,1,ssp585
-54.08333333333333,-5.416666666666666,1.5091315706009545,1,ssp585
-53.916666666666664,-5.416666666666666,1.6988146420751629,1,ssp585
-53.75,-5.416666666666666,1.6471451545450595,1,ssp585
-53.58333333333333,-5.416666666666666,1.5920823547194671,1,ssp585
-53.416666666666664,-5.416666666666666,1.548112434370784,1,ssp585
-53.25,-5.416666666666666,1.6374541104791633,1,ssp585
-53.08333333333333,-5.416666666666666,1.6611052943101503,1,ssp585
-52.916666666666664,-5.416666666666666,1.7157212149006231,1,ssp585
-52.75,-5.416666666666666,1.8226007063903031,1,ssp585
-52.58333333333333,-5.416666666666666,1.7819439599526108,1,ssp585
-52.416666666666664,-5.416666666666666,1.7810007111522559,1,ssp585
-52.25,-5.416666666666666,1.7045635993268968,1,ssp585
-52.08333333333333,-5.416666666666666,1.6571973424223847,1,ssp585
-51.916666666666664,-5.416666666666666,1.6443060378187648,1,ssp585
-51.75,-5.416666666666666,1.6713840842286976,1,ssp585
-51.58333333333333,-5.416666666666666,1.6798157547358041,1,ssp585
-51.416666666666664,-5.416666666666666,1.901434837418145,1,ssp585
-51.25,-5.416666666666666,1.7993828522166633,1,ssp585
-51.08333333333333,-5.416666666666666,1.7155918093084055,1,ssp585
-50.916666666666664,-5.416666666666666,1.6888483458929415,1,ssp585
-50.75,-5.416666666666666,1.9818413009290206,1,ssp585
-50.58333333333333,-5.416666666666666,2.1696161326728274,1,ssp585
-50.416666666666664,-5.416666666666666,2.219898748600559,1,ssp585
-50.25,-5.416666666666666,2.4301533909617605,1,ssp585
-50.08333333333333,-5.416666666666666,2.460113697444171,1,ssp585
-49.916666666666664,-5.416666666666666,2.495721770622729,1,ssp585
-49.75,-5.416666666666666,2.603231234024454,1,ssp585
-49.58333333333333,-5.416666666666666,2.735162025986682,1,ssp585
-49.416666666666664,-5.416666666666666,3.038990604592972,1,ssp585
-49.25,-5.416666666666666,3.3370529758988408,1,ssp585
-49.08333333333333,-5.416666666666666,3.3476471100518794,1,ssp585
-48.916666666666664,-5.416666666666666,3.296116881001731,1,ssp585
-48.75,-5.416666666666666,3.427137084355813,1,ssp585
-48.58333333333333,-5.416666666666666,3.525526447470935,1,ssp585
-48.416666666666664,-5.416666666666666,3.444740732910563,1,ssp585
-48.25,-5.416666666666666,3.4355868149231585,1,ssp585
-48.08333333333333,-5.416666666666666,3.5852433976660913,1,ssp585
-68.41666666666666,-5.583333333333332,2.542340174956056,1,ssp585
-68.25,-5.583333333333332,2.4640368467526863,1,ssp585
-68.08333333333333,-5.583333333333332,2.461308384466921,1,ssp585
-67.91666666666666,-5.583333333333332,2.359016111444266,1,ssp585
-67.75,-5.583333333333332,2.3928676921216128,1,ssp585
-67.58333333333333,-5.583333333333332,2.5018990991642385,1,ssp585
-67.41666666666666,-5.583333333333332,2.323853626012724,1,ssp585
-67.25,-5.583333333333332,2.257547797513795,1,ssp585
-67.08333333333333,-5.583333333333332,2.315887192905994,1,ssp585
-66.91666666666666,-5.583333333333332,2.280743501946517,1,ssp585
-66.75,-5.583333333333332,2.255173252941293,1,ssp585
-66.58333333333333,-5.583333333333332,2.3468237420775573,1,ssp585
-66.41666666666666,-5.583333333333332,2.4196111546854504,1,ssp585
-66.25,-5.583333333333332,2.4126083404247702,1,ssp585
-66.08333333333333,-5.583333333333332,2.450602929115165,1,ssp585
-65.91666666666666,-5.583333333333332,2.4163751425904607,1,ssp585
-65.75,-5.583333333333332,2.469299992743476,1,ssp585
-65.58333333333333,-5.583333333333332,2.581315788375659,1,ssp585
-65.41666666666666,-5.583333333333332,2.67270776716327,1,ssp585
-65.25,-5.583333333333332,2.7080022096079692,1,ssp585
-65.08333333333333,-5.583333333333332,2.7243194947379648,1,ssp585
-64.91666666666666,-5.583333333333332,2.77343927831063,1,ssp585
-64.75,-5.583333333333332,2.753682170523483,1,ssp585
-64.58333333333333,-5.583333333333332,2.7239912310614627,1,ssp585
-64.41666666666666,-5.583333333333332,2.658988721225275,1,ssp585
-64.25,-5.583333333333332,2.644466242759106,1,ssp585
-64.08333333333333,-5.583333333333332,2.4236254986167203,1,ssp585
-63.916666666666664,-5.583333333333332,2.6286497672204088,1,ssp585
-63.74999999999999,-5.583333333333332,2.6127101795523355,1,ssp585
-63.58333333333333,-5.583333333333332,2.644655282547839,1,ssp585
-63.416666666666664,-5.583333333333332,2.614336262031782,1,ssp585
-63.24999999999999,-5.583333333333332,2.596700084874052,1,ssp585
-63.08333333333333,-5.583333333333332,2.449603509758661,1,ssp585
-62.916666666666664,-5.583333333333332,2.405401521243687,1,ssp585
-62.75,-5.583333333333332,2.488032588203057,1,ssp585
-62.58333333333333,-5.583333333333332,2.460778044718862,1,ssp585
-62.416666666666664,-5.583333333333332,2.455298172169791,1,ssp585
-62.25,-5.583333333333332,2.5048874123727383,1,ssp585
-62.08333333333333,-5.583333333333332,2.5397410166772674,1,ssp585
-61.916666666666664,-5.583333333333332,2.5187128440363007,1,ssp585
-61.75,-5.583333333333332,2.5839732601620513,1,ssp585
-61.58333333333333,-5.583333333333332,2.6462130834878876,1,ssp585
-61.416666666666664,-5.583333333333332,2.669179900682771,1,ssp585
-61.25,-5.583333333333332,2.827683678795893,1,ssp585
-61.08333333333333,-5.583333333333332,2.796936760992901,1,ssp585
-60.916666666666664,-5.583333333333332,2.7388564254180876,1,ssp585
-60.75,-5.583333333333332,2.6854736408164124,1,ssp585
-60.58333333333333,-5.583333333333332,2.61946556738128,1,ssp585
-60.416666666666664,-5.583333333333332,2.599342844476068,1,ssp585
-60.25,-5.583333333333332,2.5573787669387475,1,ssp585
-60.08333333333333,-5.583333333333332,2.549957044813339,1,ssp585
-59.916666666666664,-5.583333333333332,2.5198116975573663,1,ssp585
-59.75,-5.583333333333332,2.43415769753609,1,ssp585
-59.58333333333333,-5.583333333333332,2.4909332692817987,1,ssp585
-59.416666666666664,-5.583333333333332,2.34970543839344,1,ssp585
-59.25,-5.583333333333332,2.2626620891773364,1,ssp585
-59.08333333333333,-5.583333333333332,2.0757391638413836,1,ssp585
-58.916666666666664,-5.583333333333332,2.053503911769645,1,ssp585
-58.75,-5.583333333333332,2.1077562989504486,1,ssp585
-58.58333333333333,-5.583333333333332,1.9900200407270543,1,ssp585
-58.416666666666664,-5.583333333333332,1.9334626965151904,1,ssp585
-58.25,-5.583333333333332,1.6007643841815955,1,ssp585
-58.08333333333333,-5.583333333333332,1.5070280008809926,1,ssp585
-57.916666666666664,-5.583333333333332,1.6813295116132323,1,ssp585
-57.75,-5.583333333333332,1.4367080353457105,1,ssp585
-57.58333333333333,-5.583333333333332,1.5052286443440372,1,ssp585
-57.416666666666664,-5.583333333333332,1.7935413976453274,1,ssp585
-57.25,-5.583333333333332,1.8466954552440908,1,ssp585
-57.08333333333333,-5.583333333333332,1.931525259381396,1,ssp585
-56.916666666666664,-5.583333333333332,1.5761774363441987,1,ssp585
-56.75,-5.583333333333332,1.7662696543519378,1,ssp585
-56.58333333333333,-5.583333333333332,1.6655146260678793,1,ssp585
-56.416666666666664,-5.583333333333332,1.2426852375575652,1,ssp585
-56.25,-5.583333333333332,1.7259074677658228,1,ssp585
-56.08333333333333,-5.583333333333332,1.7750810163467474,1,ssp585
-55.916666666666664,-5.583333333333332,1.8784270074746292,1,ssp585
-55.75,-5.583333333333332,1.658455003939644,1,ssp585
-55.58333333333333,-5.583333333333332,1.3256107475882752,1,ssp585
-55.416666666666664,-5.583333333333332,0.9370193919626715,1,ssp585
-55.25,-5.583333333333332,0.8525539292866925,1,ssp585
-55.08333333333333,-5.583333333333332,0.8641814284480216,1,ssp585
-54.916666666666664,-5.583333333333332,0.9746103489048253,1,ssp585
-54.75,-5.583333333333332,1.1659769628382544,1,ssp585
-54.58333333333333,-5.583333333333332,1.4450340754249196,1,ssp585
-54.416666666666664,-5.583333333333332,1.5754680550296063,1,ssp585
-54.25,-5.583333333333332,1.6522265727352323,1,ssp585
-54.08333333333333,-5.583333333333332,1.475544749708164,1,ssp585
-53.916666666666664,-5.583333333333332,1.3851721596605306,1,ssp585
-53.75,-5.583333333333332,1.6318661011473246,1,ssp585
-53.58333333333333,-5.583333333333332,1.6070517888981097,1,ssp585
-53.416666666666664,-5.583333333333332,1.634659213007183,1,ssp585
-53.25,-5.583333333333332,1.6529833113103047,1,ssp585
-53.08333333333333,-5.583333333333332,1.685164080897577,1,ssp585
-52.916666666666664,-5.583333333333332,1.6317082700159034,1,ssp585
-52.75,-5.583333333333332,1.6678249546106712,1,ssp585
-52.58333333333333,-5.583333333333332,1.6455071784861939,1,ssp585
-52.416666666666664,-5.583333333333332,1.6750977261422668,1,ssp585
-52.25,-5.583333333333332,1.687820908202912,1,ssp585
-52.08333333333333,-5.583333333333332,1.5242824432334057,1,ssp585
-51.916666666666664,-5.583333333333332,1.6847486798261122,1,ssp585
-51.75,-5.583333333333332,1.7313234143245027,1,ssp585
-51.58333333333333,-5.583333333333332,1.8286775993492077,1,ssp585
-51.416666666666664,-5.583333333333332,1.926585476696646,1,ssp585
-51.25,-5.583333333333332,2.0242818415418777,1,ssp585
-51.08333333333333,-5.583333333333332,2.0277147882772377,1,ssp585
-50.916666666666664,-5.583333333333332,1.720735658955347,1,ssp585
-50.75,-5.583333333333332,1.8659505539958663,1,ssp585
-50.58333333333333,-5.583333333333332,1.9403301012285932,1,ssp585
-50.416666666666664,-5.583333333333332,2.278394220293452,1,ssp585
-50.25,-5.583333333333332,2.355390895393629,1,ssp585
-50.08333333333333,-5.583333333333332,2.4619209399837048,1,ssp585
-49.916666666666664,-5.583333333333332,2.5791673995140902,1,ssp585
-49.75,-5.583333333333332,2.6237327005878353,1,ssp585
-49.58333333333333,-5.583333333333332,2.800149016549033,1,ssp585
-49.416666666666664,-5.583333333333332,3.09161754818699,1,ssp585
-49.25,-5.583333333333332,3.2898783971448657,1,ssp585
-49.08333333333333,-5.583333333333332,3.3266914466836446,1,ssp585
-48.916666666666664,-5.583333333333332,3.374906412198344,1,ssp585
-48.75,-5.583333333333332,3.517967853093011,1,ssp585
-48.58333333333333,-5.583333333333332,3.5695832545049364,1,ssp585
-48.416666666666664,-5.583333333333332,3.488401117355587,1,ssp585
-48.25,-5.583333333333332,3.558369006130205,1,ssp585
-68.25,-5.75,2.3805614951072935,1,ssp585
-68.08333333333333,-5.75,2.342526639293538,1,ssp585
-67.91666666666666,-5.75,2.3151176493424206,1,ssp585
-67.75,-5.75,2.458418098092011,1,ssp585
-67.58333333333333,-5.75,2.2714893855252987,1,ssp585
-67.41666666666666,-5.75,2.250886118463869,1,ssp585
-67.25,-5.75,2.329005064331415,1,ssp585
-67.08333333333333,-5.75,2.299665089644437,1,ssp585
-66.91666666666666,-5.75,2.320545653831759,1,ssp585
-66.75,-5.75,2.3696636006742864,1,ssp585
-66.58333333333333,-5.75,2.347277249615282,1,ssp585
-66.41666666666666,-5.75,2.391764387390679,1,ssp585
-66.25,-5.75,2.4279423187841545,1,ssp585
-66.08333333333333,-5.75,2.464800113179362,1,ssp585
-65.91666666666666,-5.75,2.5688291537712074,1,ssp585
-65.75,-5.75,2.634203132089405,1,ssp585
-65.58333333333333,-5.75,2.7558764165266925,1,ssp585
-65.41666666666666,-5.75,2.8064403794334534,1,ssp585
-65.25,-5.75,2.810139329278916,1,ssp585
-65.08333333333333,-5.75,2.8459955209743955,1,ssp585
-64.91666666666666,-5.75,2.795102400403644,1,ssp585
-64.75,-5.75,2.7642353916815114,1,ssp585
-64.58333333333333,-5.75,2.720202646992741,1,ssp585
-64.41666666666666,-5.75,2.696213491726533,1,ssp585
-64.25,-5.75,2.650443181398749,1,ssp585
-64.08333333333333,-5.75,2.615515817400529,1,ssp585
-63.916666666666664,-5.75,2.3607555422687483,1,ssp585
-63.74999999999999,-5.75,2.391329361807124,1,ssp585
-63.58333333333333,-5.75,2.32550602550886,1,ssp585
-63.416666666666664,-5.75,2.340960917483011,1,ssp585
-63.24999999999999,-5.75,2.3522759229955246,1,ssp585
-63.08333333333333,-5.75,2.2299625024639536,1,ssp585
-62.916666666666664,-5.75,2.3071829298548185,1,ssp585
-62.75,-5.75,2.4827134274952636,1,ssp585
-62.58333333333333,-5.75,2.456616133793828,1,ssp585
-62.416666666666664,-5.75,2.494153838712417,1,ssp585
-62.25,-5.75,2.516672178761591,1,ssp585
-62.08333333333333,-5.75,2.5221995304850493,1,ssp585
-61.916666666666664,-5.75,2.516394207096782,1,ssp585
-61.75,-5.75,2.526616212723368,1,ssp585
-61.58333333333333,-5.75,2.5721573650701273,1,ssp585
-61.416666666666664,-5.75,2.7330115227844307,1,ssp585
-61.25,-5.75,2.8003994318848755,1,ssp585
-61.08333333333333,-5.75,2.6743881070902877,1,ssp585
-60.916666666666664,-5.75,2.668510327879281,1,ssp585
-60.75,-5.75,2.6967682181474903,1,ssp585
-60.58333333333333,-5.75,2.655086375516559,1,ssp585
-60.416666666666664,-5.75,2.6123515947658125,1,ssp585
-60.25,-5.75,2.617221939281035,1,ssp585
-60.08333333333333,-5.75,2.5587650018393386,1,ssp585
-59.916666666666664,-5.75,2.500016482390462,1,ssp585
-59.75,-5.75,2.3704876316847554,1,ssp585
-59.58333333333333,-5.75,2.521020977479869,1,ssp585
-59.416666666666664,-5.75,2.4234899632365856,1,ssp585
-59.25,-5.75,2.3320888992791065,1,ssp585
-59.08333333333333,-5.75,2.152817566854209,1,ssp585
-58.916666666666664,-5.75,1.9772428347991444,1,ssp585
-58.75,-5.75,2.024942871983491,1,ssp585
-58.58333333333333,-5.75,1.9456494254289756,1,ssp585
-58.416666666666664,-5.75,1.863618777466608,1,ssp585
-58.25,-5.75,1.367082680598434,1,ssp585
-58.08333333333333,-5.75,1.5266541469378758,1,ssp585
-57.916666666666664,-5.75,1.4656814900630075,1,ssp585
-57.75,-5.75,1.466829882115961,1,ssp585
-57.58333333333333,-5.75,2.039418487895323,1,ssp585
-57.416666666666664,-5.75,1.9523117986772538,1,ssp585
-57.25,-5.75,1.7649999952876043,1,ssp585
-57.08333333333333,-5.75,1.736421946352421,1,ssp585
-56.916666666666664,-5.75,1.6801822711550627,1,ssp585
-56.75,-5.75,1.545560532438285,1,ssp585
-56.58333333333333,-5.75,1.7320207116752762,1,ssp585
-56.416666666666664,-5.75,1.577848778965384,1,ssp585
-56.25,-5.75,1.6545416003554418,1,ssp585
-56.08333333333333,-5.75,1.6429862750812623,1,ssp585
-55.916666666666664,-5.75,1.1705540085950679,1,ssp585
-55.75,-5.75,1.376380067944099,1,ssp585
-55.58333333333333,-5.75,1.0812991241938443,1,ssp585
-55.416666666666664,-5.75,0.8665021029753025,1,ssp585
-55.25,-5.75,0.912357318387279,1,ssp585
-55.08333333333333,-5.75,0.8536619315121332,1,ssp585
-54.916666666666664,-5.75,1.0206687986564702,1,ssp585
-54.75,-5.75,1.2296865480483836,1,ssp585
-54.58333333333333,-5.75,1.3803955607916927,1,ssp585
-54.416666666666664,-5.75,1.5181798939802815,1,ssp585
-54.25,-5.75,1.6361008951090927,1,ssp585
-54.08333333333333,-5.75,1.5797199768189245,1,ssp585
-53.916666666666664,-5.75,1.5059502510102105,1,ssp585
-53.75,-5.75,1.4474607083708406,1,ssp585
-53.58333333333333,-5.75,1.458980932991691,1,ssp585
-53.416666666666664,-5.75,1.644093079414094,1,ssp585
-53.25,-5.75,1.5905397270153252,1,ssp585
-53.08333333333333,-5.75,1.589357279206503,1,ssp585
-52.916666666666664,-5.75,1.4238459057651038,1,ssp585
-52.75,-5.75,1.697991533438742,1,ssp585
-52.58333333333333,-5.75,1.78068475000082,1,ssp585
-52.416666666666664,-5.75,1.4743696135075695,1,ssp585
-52.25,-5.75,1.421361019284144,1,ssp585
-52.08333333333333,-5.75,1.3789160587267721,1,ssp585
-51.916666666666664,-5.75,1.4297245345831455,1,ssp585
-51.75,-5.75,1.662264947738649,1,ssp585
-51.58333333333333,-5.75,1.793082757474946,1,ssp585
-51.416666666666664,-5.75,1.9837482476208772,1,ssp585
-51.25,-5.75,1.809678990340122,1,ssp585
-51.08333333333333,-5.75,1.5939372251923385,1,ssp585
-50.916666666666664,-5.75,1.4001225629419163,1,ssp585
-50.75,-5.75,1.7056138763283069,1,ssp585
-50.416666666666664,-5.75,2.0048413635844535,1,ssp585
-50.25,-5.75,2.184069796782781,1,ssp585
-50.08333333333333,-5.75,2.55628603674682,1,ssp585
-49.916666666666664,-5.75,2.6323609071711673,1,ssp585
-49.75,-5.75,2.997476357012755,1,ssp585
-49.58333333333333,-5.75,2.8944305054725468,1,ssp585
-49.416666666666664,-5.75,3.2561682978705297,1,ssp585
-49.25,-5.75,3.2837347020079823,1,ssp585
-49.08333333333333,-5.75,3.3285005070270355,1,ssp585
-48.916666666666664,-5.75,3.3087815130220295,1,ssp585
-48.75,-5.75,3.349174116803844,1,ssp585
-48.58333333333333,-5.75,3.2659445931469553,1,ssp585
-48.416666666666664,-5.75,3.5794061826426233,1,ssp585
-48.25,-5.75,3.554403492630097,1,ssp585
-68.25,-5.916666666666666,2.285231092503751,1,ssp585
-68.08333333333333,-5.916666666666666,2.250917117244752,1,ssp585
-67.91666666666666,-5.916666666666666,2.263062736700198,1,ssp585
-67.75,-5.916666666666666,2.2554920574286075,1,ssp585
-67.58333333333333,-5.916666666666666,2.146282090003564,1,ssp585
-67.41666666666666,-5.916666666666666,2.2365446946302203,1,ssp585
-67.25,-5.916666666666666,2.267864546219341,1,ssp585
-67.08333333333333,-5.916666666666666,2.2758060446139754,1,ssp585
-66.91666666666666,-5.916666666666666,2.30017197005005,1,ssp585
-66.75,-5.916666666666666,2.285841954774802,1,ssp585
-66.58333333333333,-5.916666666666666,2.321579829754771,1,ssp585
-66.41666666666666,-5.916666666666666,2.3646920075501314,1,ssp585
-66.25,-5.916666666666666,2.417866040368477,1,ssp585
-66.08333333333333,-5.916666666666666,2.4692487425501954,1,ssp585
-65.91666666666666,-5.916666666666666,2.501659038143449,1,ssp585
-65.75,-5.916666666666666,2.5621007032809007,1,ssp585
-65.58333333333333,-5.916666666666666,2.690744529890703,1,ssp585
-65.41666666666666,-5.916666666666666,2.857842535002443,1,ssp585
-65.25,-5.916666666666666,2.9703542760753137,1,ssp585
-65.08333333333333,-5.916666666666666,3.0097135106792705,1,ssp585
-64.91666666666666,-5.916666666666666,3.0170582544647164,1,ssp585
-64.75,-5.916666666666666,2.955542106542654,1,ssp585
-64.58333333333333,-5.916666666666666,2.874298762174676,1,ssp585
-64.41666666666666,-5.916666666666666,2.7276157125825367,1,ssp585
-64.25,-5.916666666666666,2.6171158093474376,1,ssp585
-64.08333333333333,-5.916666666666666,2.5364726090626823,1,ssp585
-63.916666666666664,-5.916666666666666,2.3155737585281773,1,ssp585
-63.74999999999999,-5.916666666666666,2.244377034469172,1,ssp585
-63.58333333333333,-5.916666666666666,2.222145432057999,1,ssp585
-63.416666666666664,-5.916666666666666,2.3277608579613576,1,ssp585
-63.24999999999999,-5.916666666666666,2.2916141848915097,1,ssp585
-63.08333333333333,-5.916666666666666,2.2738865606513468,1,ssp585
-62.916666666666664,-5.916666666666666,2.2930908085577273,1,ssp585
-62.75,-5.916666666666666,2.4761205026305997,1,ssp585
-62.58333333333333,-5.916666666666666,2.4563188432794787,1,ssp585
-62.416666666666664,-5.916666666666666,2.476319063791466,1,ssp585
-62.25,-5.916666666666666,2.499806749614715,1,ssp585
-62.08333333333333,-5.916666666666666,2.5116060873040906,1,ssp585
-61.916666666666664,-5.916666666666666,2.486453210027208,1,ssp585
-61.75,-5.916666666666666,2.6086710430309483,1,ssp585
-61.58333333333333,-5.916666666666666,2.789523091449337,1,ssp585
-61.416666666666664,-5.916666666666666,2.7630310300421437,1,ssp585
-61.25,-5.916666666666666,2.71018215353011,1,ssp585
-61.08333333333333,-5.916666666666666,2.682124272138225,1,ssp585
-60.916666666666664,-5.916666666666666,2.6971918144559743,1,ssp585
-60.75,-5.916666666666666,2.6963231733957076,1,ssp585
-60.58333333333333,-5.916666666666666,2.670441221244659,1,ssp585
-60.416666666666664,-5.916666666666666,2.6195569145225552,1,ssp585
-60.25,-5.916666666666666,2.6743292202277757,1,ssp585
-60.08333333333333,-5.916666666666666,2.5774235876650478,1,ssp585
-59.916666666666664,-5.916666666666666,2.405005394823806,1,ssp585
-59.75,-5.916666666666666,2.315843209988812,1,ssp585
-59.58333333333333,-5.916666666666666,2.3968681470607365,1,ssp585
-59.416666666666664,-5.916666666666666,2.3297012145134843,1,ssp585
-59.25,-5.916666666666666,2.227068396545524,1,ssp585
-59.08333333333333,-5.916666666666666,2.2193712299938584,1,ssp585
-58.916666666666664,-5.916666666666666,2.0163460827555757,1,ssp585
-58.75,-5.916666666666666,1.9435142530543086,1,ssp585
-58.58333333333333,-5.916666666666666,1.9087588700324425,1,ssp585
-58.416666666666664,-5.916666666666666,1.7493231217158134,1,ssp585
-58.25,-5.916666666666666,1.3032024741134114,1,ssp585
-58.08333333333333,-5.916666666666666,1.4599793163150165,1,ssp585
-57.916666666666664,-5.916666666666666,1.374776857292511,1,ssp585
-57.75,-5.916666666666666,1.7713317861495828,1,ssp585
-57.58333333333333,-5.916666666666666,1.9778884943305006,1,ssp585
-57.416666666666664,-5.916666666666666,1.8970478956107701,1,ssp585
-57.25,-5.916666666666666,1.7446259458611526,1,ssp585
-57.08333333333333,-5.916666666666666,2.007546322238569,1,ssp585
-56.916666666666664,-5.916666666666666,1.9199069227432837,1,ssp585
-56.75,-5.916666666666666,1.5724082102876422,1,ssp585
-56.58333333333333,-5.916666666666666,1.56011909769595,1,ssp585
-56.416666666666664,-5.916666666666666,1.6527152879404678,1,ssp585
-56.25,-5.916666666666666,1.5310638799023961,1,ssp585
-56.08333333333333,-5.916666666666666,1.272383833042315,1,ssp585
-55.916666666666664,-5.916666666666666,1.332936601061899,1,ssp585
-55.75,-5.916666666666666,1.3938207478602236,1,ssp585
-55.58333333333333,-5.916666666666666,1.2134033892742144,1,ssp585
-55.416666666666664,-5.916666666666666,0.8604517817359025,1,ssp585
-55.25,-5.916666666666666,0.8419319565286927,1,ssp585
-55.08333333333333,-5.916666666666666,0.8912066235550122,1,ssp585
-54.916666666666664,-5.916666666666666,1.1207471735016938,1,ssp585
-54.75,-5.916666666666666,1.1957147604447844,1,ssp585
-54.58333333333333,-5.916666666666666,1.4229827338778944,1,ssp585
-54.416666666666664,-5.916666666666666,1.4509000687626339,1,ssp585
-54.25,-5.916666666666666,1.6016080585363055,1,ssp585
-54.08333333333333,-5.916666666666666,1.5763003514708513,1,ssp585
-53.916666666666664,-5.916666666666666,1.6455365915822842,1,ssp585
-53.75,-5.916666666666666,1.5441583786414421,1,ssp585
-53.58333333333333,-5.916666666666666,1.5228766981037098,1,ssp585
-53.416666666666664,-5.916666666666666,1.5411844953830152,1,ssp585
-53.25,-5.916666666666666,1.4395248881000084,1,ssp585
-53.08333333333333,-5.916666666666666,1.5246760656929899,1,ssp585
-52.916666666666664,-5.916666666666666,1.7152677661647162,1,ssp585
-52.75,-5.916666666666666,1.7157059786398767,1,ssp585
-52.58333333333333,-5.916666666666666,1.8658435296566098,1,ssp585
-52.416666666666664,-5.916666666666666,1.9462136742340064,1,ssp585
-52.25,-5.916666666666666,1.4423625084849243,1,ssp585
-52.08333333333333,-5.916666666666666,1.5345770515329402,1,ssp585
-51.916666666666664,-5.916666666666666,1.5111391259779072,1,ssp585
-51.75,-5.916666666666666,1.5693790702340225,1,ssp585
-51.58333333333333,-5.916666666666666,1.6091181815941864,1,ssp585
-51.416666666666664,-5.916666666666666,1.484195401207488,1,ssp585
-51.25,-5.916666666666666,1.5681608320243903,1,ssp585
-51.08333333333333,-5.916666666666666,1.6088142088872928,1,ssp585
-50.08333333333333,-5.916666666666666,2.9643906064519787,1,ssp585
-49.916666666666664,-5.916666666666666,2.7708891143641936,1,ssp585
-49.75,-5.916666666666666,2.42946695513304,1,ssp585
-49.58333333333333,-5.916666666666666,2.673055508071208,1,ssp585
-49.416666666666664,-5.916666666666666,3.4723639457021878,1,ssp585
-49.25,-5.916666666666666,3.3349803433546232,1,ssp585
-49.08333333333333,-5.916666666666666,3.3215924861678503,1,ssp585
-48.916666666666664,-5.916666666666666,3.4828388753021304,1,ssp585
-48.75,-5.916666666666666,3.3313821003079367,1,ssp585
-48.58333333333333,-5.916666666666666,3.082797151634554,1,ssp585
-48.416666666666664,-5.916666666666666,3.433905680630306,1,ssp585
-48.25,-5.916666666666666,3.556937660511183,1,ssp585
-68.08333333333333,-6.083333333333332,2.1429317571964344,1,ssp585
-67.91666666666666,-6.083333333333332,2.2798369718918496,1,ssp585
-67.75,-6.083333333333332,2.1220747556314,1,ssp585
-67.58333333333333,-6.083333333333332,2.154734271148806,1,ssp585
-67.41666666666666,-6.083333333333332,2.157357414008619,1,ssp585
-67.25,-6.083333333333332,2.1828097041822483,1,ssp585
-67.08333333333333,-6.083333333333332,2.220619094536633,1,ssp585
-66.91666666666666,-6.083333333333332,2.258191023716106,1,ssp585
-66.75,-6.083333333333332,2.258120136404493,1,ssp585
-66.58333333333333,-6.083333333333332,2.3010596680071105,1,ssp585
-66.41666666666666,-6.083333333333332,2.345279318874043,1,ssp585
-66.25,-6.083333333333332,2.42499904864254,1,ssp585
-66.08333333333333,-6.083333333333332,2.4960250052066737,1,ssp585
-65.91666666666666,-6.083333333333332,2.5812757546969456,1,ssp585
-65.75,-6.083333333333332,2.6929036298564437,1,ssp585
-65.58333333333333,-6.083333333333332,2.7793839182529787,1,ssp585
-65.41666666666666,-6.083333333333332,2.915358873304447,1,ssp585
-65.25,-6.083333333333332,3.0744895987092162,1,ssp585
-65.08333333333333,-6.083333333333332,3.154576164522386,1,ssp585
-64.91666666666666,-6.083333333333332,3.1940413053779566,1,ssp585
-64.75,-6.083333333333332,3.123468743928003,1,ssp585
-64.58333333333333,-6.083333333333332,2.851985712141604,1,ssp585
-64.41666666666666,-6.083333333333332,2.7165872084638556,1,ssp585
-64.25,-6.083333333333332,2.538065972675812,1,ssp585
-64.08333333333333,-6.083333333333332,2.4176503210432956,1,ssp585
-63.916666666666664,-6.083333333333332,2.2102743931351547,1,ssp585
-63.74999999999999,-6.083333333333332,2.1945678891344316,1,ssp585
-63.58333333333333,-6.083333333333332,2.2166523852803213,1,ssp585
-63.416666666666664,-6.083333333333332,2.325763456032868,1,ssp585
-63.24999999999999,-6.083333333333332,2.2108154185618063,1,ssp585
-63.08333333333333,-6.083333333333332,2.266710465304195,1,ssp585
-62.916666666666664,-6.083333333333332,2.2783355891649735,1,ssp585
-62.75,-6.083333333333332,2.430002144519441,1,ssp585
-62.58333333333333,-6.083333333333332,2.4982728051675007,1,ssp585
-62.416666666666664,-6.083333333333332,2.471850850054221,1,ssp585
-62.25,-6.083333333333332,2.5052950864032684,1,ssp585
-62.08333333333333,-6.083333333333332,2.5634999093354183,1,ssp585
-61.916666666666664,-6.083333333333332,2.668154018319854,1,ssp585
-61.75,-6.083333333333332,2.6601675531813718,1,ssp585
-61.58333333333333,-6.083333333333332,2.55006149124336,1,ssp585
-61.416666666666664,-6.083333333333332,2.5674933668558095,1,ssp585
-61.25,-6.083333333333332,2.6302371517392635,1,ssp585
-61.08333333333333,-6.083333333333332,2.6753507147574282,1,ssp585
-60.916666666666664,-6.083333333333332,2.683265517273821,1,ssp585
-60.75,-6.083333333333332,2.6895741364073755,1,ssp585
-60.58333333333333,-6.083333333333332,2.627046890503641,1,ssp585
-60.416666666666664,-6.083333333333332,2.603512287726327,1,ssp585
-60.25,-6.083333333333332,2.6701654826500496,1,ssp585
-60.08333333333333,-6.083333333333332,2.559619706514935,1,ssp585
-59.916666666666664,-6.083333333333332,2.3780171295335335,1,ssp585
-59.75,-6.083333333333332,2.2349582660754197,1,ssp585
-59.58333333333333,-6.083333333333332,2.31400231998433,1,ssp585
-59.416666666666664,-6.083333333333332,2.36808072324799,1,ssp585
-59.25,-6.083333333333332,2.1445344558414474,1,ssp585
-59.08333333333333,-6.083333333333332,2.3166657232616217,1,ssp585
-58.916666666666664,-6.083333333333332,1.9618882977374734,1,ssp585
-58.75,-6.083333333333332,1.9906020806910991,1,ssp585
-58.58333333333333,-6.083333333333332,1.7731293682161837,1,ssp585
-58.416666666666664,-6.083333333333332,1.646047667479359,1,ssp585
-58.25,-6.083333333333332,1.5356363834637239,1,ssp585
-58.08333333333333,-6.083333333333332,1.661048919303786,1,ssp585
-57.916666666666664,-6.083333333333332,1.6043864503342817,1,ssp585
-57.75,-6.083333333333332,1.95526927807001,1,ssp585
-57.58333333333333,-6.083333333333332,1.853131627399582,1,ssp585
-57.416666666666664,-6.083333333333332,1.9587955020103474,1,ssp585
-57.25,-6.083333333333332,1.7480405137112445,1,ssp585
-57.08333333333333,-6.083333333333332,1.6562643467213325,1,ssp585
-56.916666666666664,-6.083333333333332,1.9871396713593494,1,ssp585
-56.75,-6.083333333333332,1.6894255064505508,1,ssp585
-56.58333333333333,-6.083333333333332,1.6928185239176738,1,ssp585
-56.416666666666664,-6.083333333333332,1.5175661611264677,1,ssp585
-56.25,-6.083333333333332,1.45699399137778,1,ssp585
-56.08333333333333,-6.083333333333332,0.9732660694754791,1,ssp585
-55.916666666666664,-6.083333333333332,0.9413138971418948,1,ssp585
-55.75,-6.083333333333332,1.1704189936439984,1,ssp585
-55.58333333333333,-6.083333333333332,1.02518194764353,1,ssp585
-55.416666666666664,-6.083333333333332,0.8666512626438491,1,ssp585
-55.25,-6.083333333333332,0.8777285394579311,1,ssp585
-55.08333333333333,-6.083333333333332,0.921615257969802,1,ssp585
-54.916666666666664,-6.083333333333332,1.1603683323959857,1,ssp585
-54.75,-6.083333333333332,1.1866158483151592,1,ssp585
-54.58333333333333,-6.083333333333332,1.3342038249304193,1,ssp585
-54.416666666666664,-6.083333333333332,1.3740235841483999,1,ssp585
-54.25,-6.083333333333332,1.4779719029988898,1,ssp585
-54.08333333333333,-6.083333333333332,1.6594254826274468,1,ssp585
-53.916666666666664,-6.083333333333332,1.5891638799452044,1,ssp585
-53.75,-6.083333333333332,1.6341997897146925,1,ssp585
-53.58333333333333,-6.083333333333332,1.4503004874735543,1,ssp585
-53.416666666666664,-6.083333333333332,1.537135452581959,1,ssp585
-53.25,-6.083333333333332,1.570507507213017,1,ssp585
-53.08333333333333,-6.083333333333332,1.7240712473191424,1,ssp585
-52.916666666666664,-6.083333333333332,1.5935076274366982,1,ssp585
-52.75,-6.083333333333332,1.691275569566988,1,ssp585
-52.58333333333333,-6.083333333333332,1.9567596834176204,1,ssp585
-52.416666666666664,-6.083333333333332,2.093865520085671,1,ssp585
-52.25,-6.083333333333332,1.9862169408976011,1,ssp585
-52.08333333333333,-6.083333333333332,1.6395348574385868,1,ssp585
-51.916666666666664,-6.083333333333332,1.6721376893895366,1,ssp585
-51.75,-6.083333333333332,1.7929165779831673,1,ssp585
-51.58333333333333,-6.083333333333332,1.792618230632385,1,ssp585
-51.416666666666664,-6.083333333333332,1.7130344927048977,1,ssp585
-49.75,-6.083333333333332,2.362541357993155,1,ssp585
-49.58333333333333,-6.083333333333332,3.2442041958279373,1,ssp585
-49.416666666666664,-6.083333333333332,3.6050176412999093,1,ssp585
-49.25,-6.083333333333332,3.340180300758243,1,ssp585
-49.08333333333333,-6.083333333333332,3.3292261909333947,1,ssp585
-48.916666666666664,-6.083333333333332,3.488314933322662,1,ssp585
-48.75,-6.083333333333332,3.6478984087282162,1,ssp585
-48.58333333333333,-6.083333333333332,3.0711485785195594,1,ssp585
-48.416666666666664,-6.083333333333332,3.5089460286794134,1,ssp585
-48.25,-6.083333333333332,3.551992559637116,1,ssp585
-67.91666666666666,-6.25,2.143069314854963,1,ssp585
-67.75,-6.25,2.0204244468802206,1,ssp585
-67.58333333333333,-6.25,2.09634975313434,1,ssp585
-67.41666666666666,-6.25,2.0929315136746154,1,ssp585
-67.25,-6.25,2.131262065447801,1,ssp585
-67.08333333333333,-6.25,2.149753768559174,1,ssp585
-66.91666666666666,-6.25,2.1609872270584365,1,ssp585
-66.75,-6.25,2.2076334313137127,1,ssp585
-66.58333333333333,-6.25,2.246004791483165,1,ssp585
-66.41666666666666,-6.25,2.3141823797730874,1,ssp585
-66.25,-6.25,2.3850504549381517,1,ssp585
-66.08333333333333,-6.25,2.461521879738051,1,ssp585
-65.91666666666666,-6.25,2.555015731388782,1,ssp585
-65.75,-6.25,2.6399180851943034,1,ssp585
-65.58333333333333,-6.25,2.7695225124332215,1,ssp585
-65.41666666666666,-6.25,2.9460160343538004,1,ssp585
-65.25,-6.25,3.1396384968936975,1,ssp585
-65.08333333333333,-6.25,3.21658894132153,1,ssp585
-64.91666666666666,-6.25,3.347395396076854,1,ssp585
-64.75,-6.25,3.2214523770302144,1,ssp585
-64.58333333333333,-6.25,2.7989555658640453,1,ssp585
-64.41666666666666,-6.25,2.666707371313316,1,ssp585
-64.25,-6.25,2.4751642880959883,1,ssp585
-64.08333333333333,-6.25,2.1349929688416487,1,ssp585
-63.916666666666664,-6.25,2.41176825718251,1,ssp585
-63.74999999999999,-6.25,2.1514307620304973,1,ssp585
-63.58333333333333,-6.25,2.1680926525678577,1,ssp585
-63.416666666666664,-6.25,2.300726669316868,1,ssp585
-63.24999999999999,-6.25,2.198496240440782,1,ssp585
-63.08333333333333,-6.25,2.254848443964284,1,ssp585
-62.916666666666664,-6.25,2.2586784213504334,1,ssp585
-62.75,-6.25,2.303484725719605,1,ssp585
-62.58333333333333,-6.25,2.4216038315990125,1,ssp585
-62.416666666666664,-6.25,2.4466953123964204,1,ssp585
-62.25,-6.25,2.5717040177284325,1,ssp585
-62.08333333333333,-6.25,2.695822249767276,1,ssp585
-61.916666666666664,-6.25,2.730143983657533,1,ssp585
-61.75,-6.25,2.5561825360382397,1,ssp585
-61.58333333333333,-6.25,2.5074957296565046,1,ssp585
-61.416666666666664,-6.25,2.540263914860686,1,ssp585
-61.25,-6.25,2.6190234603770115,1,ssp585
-61.08333333333333,-6.25,2.6640268718896363,1,ssp585
-60.916666666666664,-6.25,2.6884152982507805,1,ssp585
-60.75,-6.25,2.6652641602788294,1,ssp585
-60.58333333333333,-6.25,2.6162663076883925,1,ssp585
-60.416666666666664,-6.25,2.6077835782137884,1,ssp585
-60.25,-6.25,2.5379008730807735,1,ssp585
-60.08333333333333,-6.25,2.57510432560912,1,ssp585
-59.916666666666664,-6.25,2.4880676601809064,1,ssp585
-59.75,-6.25,2.197191677764728,1,ssp585
-59.58333333333333,-6.25,2.2067419715614878,1,ssp585
-59.416666666666664,-6.25,2.2186562716682188,1,ssp585
-59.25,-6.25,2.2396809100190302,1,ssp585
-59.08333333333333,-6.25,2.336858238433718,1,ssp585
-58.916666666666664,-6.25,2.048958890393494,1,ssp585
-58.75,-6.25,1.9324424461578797,1,ssp585
-58.58333333333333,-6.25,1.5621092068239437,1,ssp585
-58.416666666666664,-6.25,2.0075770436383533,1,ssp585
-58.25,-6.25,2.1826751944946263,1,ssp585
-58.08333333333333,-6.25,2.189910624687937,1,ssp585
-57.916666666666664,-6.25,2.13502464410615,1,ssp585
-57.75,-6.25,2.177683384840683,1,ssp585
-57.58333333333333,-6.25,2.00006872292166,1,ssp585
-57.416666666666664,-6.25,1.9970741766121183,1,ssp585
-57.25,-6.25,2.078197983382791,1,ssp585
-57.08333333333333,-6.25,1.5000785028927537,1,ssp585
-56.916666666666664,-6.25,1.074670347376118,1,ssp585
-56.75,-6.25,1.3404618542000704,1,ssp585
-56.58333333333333,-6.25,1.3806599673834803,1,ssp585
-56.416666666666664,-6.25,1.604940418662854,1,ssp585
-56.25,-6.25,1.5905561915700899,1,ssp585
-56.08333333333333,-6.25,1.2827376980509508,1,ssp585
-55.916666666666664,-6.25,1.2301878036952407,1,ssp585
-55.75,-6.25,1.4820119748667209,1,ssp585
-55.58333333333333,-6.25,1.3611159639310586,1,ssp585
-55.416666666666664,-6.25,0.9988837543403212,1,ssp585
-55.25,-6.25,1.0926559379875371,1,ssp585
-55.08333333333333,-6.25,1.089730970446856,1,ssp585
-54.916666666666664,-6.25,1.0937068088350135,1,ssp585
-54.75,-6.25,1.2199878613724737,1,ssp585
-54.58333333333333,-6.25,1.4166219580392314,1,ssp585
-54.416666666666664,-6.25,1.4254792995826389,1,ssp585
-54.25,-6.25,1.4281889841409776,1,ssp585
-54.08333333333333,-6.25,1.653544709126722,1,ssp585
-53.916666666666664,-6.25,1.6034817045476653,1,ssp585
-53.75,-6.25,1.4324630064178425,1,ssp585
-53.58333333333333,-6.25,1.678789232055959,1,ssp585
-53.416666666666664,-6.25,1.7258894595465089,1,ssp585
-53.25,-6.25,1.6757420497973012,1,ssp585
-53.08333333333333,-6.25,1.6733422082526994,1,ssp585
-52.916666666666664,-6.25,1.717485450916137,1,ssp585
-52.75,-6.25,1.7288706028371479,1,ssp585
-52.58333333333333,-6.25,1.9611367381328109,1,ssp585
-52.416666666666664,-6.25,2.0258275040656275,1,ssp585
-52.25,-6.25,1.7948420141442198,1,ssp585
-52.08333333333333,-6.25,1.956167466626491,1,ssp585
-51.916666666666664,-6.25,1.9186437077051446,1,ssp585
-51.75,-6.25,2.026386257866757,1,ssp585
-67.75,-6.416666666666666,1.9583602067758257,1,ssp585
-67.58333333333333,-6.416666666666666,1.9835122316107276,1,ssp585
-67.41666666666666,-6.416666666666666,1.9607300288196874,1,ssp585
-67.25,-6.416666666666666,1.991415184306088,1,ssp585
-67.08333333333333,-6.416666666666666,2.0281610415715057,1,ssp585
-66.91666666666666,-6.416666666666666,2.1165196152193615,1,ssp585
-66.75,-6.416666666666666,2.187405444913579,1,ssp585
-66.58333333333333,-6.416666666666666,2.2224781322815996,1,ssp585
-66.41666666666666,-6.416666666666666,2.2373132386616223,1,ssp585
-66.25,-6.416666666666666,2.3102989736828,1,ssp585
-66.08333333333333,-6.416666666666666,2.389275576427698,1,ssp585
-65.91666666666666,-6.416666666666666,2.5725673226161305,1,ssp585
-65.75,-6.416666666666666,2.7500805692805503,1,ssp585
-65.58333333333333,-6.416666666666666,2.8620732565220695,1,ssp585
-65.41666666666666,-6.416666666666666,3.00060369699551,1,ssp585
-65.25,-6.416666666666666,3.146562626698977,1,ssp585
-65.08333333333333,-6.416666666666666,3.2667270544612155,1,ssp585
-64.91666666666666,-6.416666666666666,3.3515301997959273,1,ssp585
-64.75,-6.416666666666666,3.0774712359114935,1,ssp585
-64.58333333333333,-6.416666666666666,2.6711747226968896,1,ssp585
-64.41666666666666,-6.416666666666666,2.5788589432867965,1,ssp585
-64.25,-6.416666666666666,2.358193395966119,1,ssp585
-64.08333333333333,-6.416666666666666,2.0930956791208097,1,ssp585
-63.916666666666664,-6.416666666666666,2.114927243821357,1,ssp585
-63.74999999999999,-6.416666666666666,2.140645072618816,1,ssp585
-63.58333333333333,-6.416666666666666,2.1754475529772455,1,ssp585
-63.416666666666664,-6.416666666666666,2.196241522237466,1,ssp585
-63.24999999999999,-6.416666666666666,2.2937872297610102,1,ssp585
-63.08333333333333,-6.416666666666666,2.2290639891329413,1,ssp585
-62.916666666666664,-6.416666666666666,2.240907818270975,1,ssp585
-62.75,-6.416666666666666,2.3467823148749196,1,ssp585
-62.58333333333333,-6.416666666666666,2.421004273029763,1,ssp585
-62.416666666666664,-6.416666666666666,2.507330128692509,1,ssp585
-62.25,-6.416666666666666,2.637453238710799,1,ssp585
-62.08333333333333,-6.416666666666666,2.55455693727106,1,ssp585
-61.916666666666664,-6.416666666666666,2.468536816124343,1,ssp585
-61.75,-6.416666666666666,2.5317043539363002,1,ssp585
-61.58333333333333,-6.416666666666666,2.5529763112049877,1,ssp585
-61.416666666666664,-6.416666666666666,2.588207026476702,1,ssp585
-61.25,-6.416666666666666,2.619863787402057,1,ssp585
-61.08333333333333,-6.416666666666666,2.6549028590316253,1,ssp585
-60.916666666666664,-6.416666666666666,2.660263218166344,1,ssp585
-60.75,-6.416666666666666,2.6033977794920076,1,ssp585
-60.58333333333333,-6.416666666666666,2.6301547573577344,1,ssp585
-60.416666666666664,-6.416666666666666,2.592757351919427,1,ssp585
-60.25,-6.416666666666666,2.3558932010022247,1,ssp585
-60.08333333333333,-6.416666666666666,2.483011761892163,1,ssp585
-59.916666666666664,-6.416666666666666,2.3765700390582523,1,ssp585
-59.75,-6.416666666666666,2.27397559540491,1,ssp585
-59.58333333333333,-6.416666666666666,2.087246117657201,1,ssp585
-59.416666666666664,-6.416666666666666,2.1803893443936206,1,ssp585
-59.25,-6.416666666666666,2.228593425969404,1,ssp585
-59.08333333333333,-6.416666666666666,2.332165692816656,1,ssp585
-58.916666666666664,-6.416666666666666,2.1580253991740648,1,ssp585
-58.75,-6.416666666666666,1.8634032640691045,1,ssp585
-58.58333333333333,-6.416666666666666,1.7695198791093858,1,ssp585
-58.416666666666664,-6.416666666666666,1.9235144173392218,1,ssp585
-58.25,-6.416666666666666,2.1891445141258283,1,ssp585
-58.08333333333333,-6.416666666666666,2.35704866645127,1,ssp585
-57.916666666666664,-6.416666666666666,2.1957835299926107,1,ssp585
-57.75,-6.416666666666666,2.0556017158150164,1,ssp585
-57.58333333333333,-6.416666666666666,1.9782734978441774,1,ssp585
-57.416666666666664,-6.416666666666666,2.14074285240931,1,ssp585
-57.25,-6.416666666666666,2.0314665569732377,1,ssp585
-57.08333333333333,-6.416666666666666,1.4164497586912066,1,ssp585
-56.916666666666664,-6.416666666666666,1.3227325217840085,1,ssp585
-56.75,-6.416666666666666,1.5280026926374355,1,ssp585
-56.58333333333333,-6.416666666666666,1.2646315572870706,1,ssp585
-56.416666666666664,-6.416666666666666,1.4734893931822466,1,ssp585
-56.25,-6.416666666666666,1.4302279805518554,1,ssp585
-56.08333333333333,-6.416666666666666,1.2450492370003796,1,ssp585
-55.916666666666664,-6.416666666666666,1.3359981512325458,1,ssp585
-55.75,-6.416666666666666,1.3802945933425717,1,ssp585
-55.58333333333333,-6.416666666666666,1.6812779265891946,1,ssp585
-55.416666666666664,-6.416666666666666,1.677909410288321,1,ssp585
-55.25,-6.416666666666666,1.3786752921096976,1,ssp585
-55.08333333333333,-6.416666666666666,1.3868601533411464,1,ssp585
-54.916666666666664,-6.416666666666666,1.4108855218259886,1,ssp585
-54.75,-6.416666666666666,1.4788910497575898,1,ssp585
-54.58333333333333,-6.416666666666666,1.3192509715284035,1,ssp585
-54.416666666666664,-6.416666666666666,1.45090641335858,1,ssp585
-54.25,-6.416666666666666,1.4316380339565122,1,ssp585
-53.416666666666664,-6.416666666666666,1.7455168291265262,1,ssp585
-53.25,-6.416666666666666,1.5919191846793357,1,ssp585
-53.08333333333333,-6.416666666666666,1.71779631688661,1,ssp585
-52.916666666666664,-6.416666666666666,1.9773102336571684,1,ssp585
-52.75,-6.416666666666666,1.8860966234614267,1,ssp585
-52.58333333333333,-6.416666666666666,2.0951550757217343,1,ssp585
-67.58333333333333,-6.583333333333332,1.838938337999371,1,ssp585
-67.41666666666666,-6.583333333333332,1.8793456032445042,1,ssp585
-67.25,-6.583333333333332,1.9007491613177792,1,ssp585
-67.08333333333333,-6.583333333333332,1.9562137050585353,1,ssp585
-66.91666666666666,-6.583333333333332,2.015248816215768,1,ssp585
-66.75,-6.583333333333332,2.0889218094174185,1,ssp585
-66.58333333333333,-6.583333333333332,2.205660208938118,1,ssp585
-66.41666666666666,-6.583333333333332,2.2657511553148115,1,ssp585
-66.25,-6.583333333333332,2.3723554060642,1,ssp585
-66.08333333333333,-6.583333333333332,2.434647513711059,1,ssp585
-65.91666666666666,-6.583333333333332,2.4460855745071894,1,ssp585
-65.75,-6.583333333333332,2.520909718752304,1,ssp585
-65.58333333333333,-6.583333333333332,2.6373186947289593,1,ssp585
-65.41666666666666,-6.583333333333332,2.780282599116686,1,ssp585
-65.25,-6.583333333333332,2.9182086593013064,1,ssp585
-65.08333333333333,-6.583333333333332,3.0422980277219436,1,ssp585
-64.91666666666666,-6.583333333333332,3.046130089815817,1,ssp585
-64.75,-6.583333333333332,2.827402273330125,1,ssp585
-64.58333333333333,-6.583333333333332,2.566123387643485,1,ssp585
-64.41666666666666,-6.583333333333332,2.48644133193356,1,ssp585
-64.25,-6.583333333333332,2.3031133336920826,1,ssp585
-64.08333333333333,-6.583333333333332,2.0759094601603,1,ssp585
-63.916666666666664,-6.583333333333332,2.115707443548254,1,ssp585
-63.74999999999999,-6.583333333333332,2.1238989368387453,1,ssp585
-63.58333333333333,-6.583333333333332,2.169619017088017,1,ssp585
-63.416666666666664,-6.583333333333332,2.113485426809637,1,ssp585
-63.24999999999999,-6.583333333333332,2.249328283108637,1,ssp585
-63.08333333333333,-6.583333333333332,2.207967450159556,1,ssp585
-62.916666666666664,-6.583333333333332,2.2464590364918275,1,ssp585
-62.75,-6.583333333333332,2.340758491338618,1,ssp585
-62.58333333333333,-6.583333333333332,2.4243113324059045,1,ssp585
-62.416666666666664,-6.583333333333332,2.482850652214738,1,ssp585
-62.25,-6.583333333333332,2.5019969307276875,1,ssp585
-62.08333333333333,-6.583333333333332,2.497372325481007,1,ssp585
-61.916666666666664,-6.583333333333332,2.4407166939361535,1,ssp585
-61.75,-6.583333333333332,2.513327501577166,1,ssp585
-61.58333333333333,-6.583333333333332,2.5517329855092123,1,ssp585
-61.416666666666664,-6.583333333333332,2.6045229296046184,1,ssp585
-61.25,-6.583333333333332,2.5963364223005905,1,ssp585
-61.08333333333333,-6.583333333333332,2.670001362990872,1,ssp585
-60.916666666666664,-6.583333333333332,2.5999144951871176,1,ssp585
-60.75,-6.583333333333332,2.5226287521566935,1,ssp585
-60.58333333333333,-6.583333333333332,2.5927914992098,1,ssp585
-60.416666666666664,-6.583333333333332,2.625126620677347,1,ssp585
-60.25,-6.583333333333332,2.3225569099557384,1,ssp585
-60.08333333333333,-6.583333333333332,2.4264431632026224,1,ssp585
-59.916666666666664,-6.583333333333332,2.1606573701051546,1,ssp585
-59.75,-6.583333333333332,2.2202664468178708,1,ssp585
-59.58333333333333,-6.583333333333332,2.2737647813313835,1,ssp585
-59.416666666666664,-6.583333333333332,2.1318182194738577,1,ssp585
-59.25,-6.583333333333332,2.3136100048428214,1,ssp585
-59.08333333333333,-6.583333333333332,2.4284216149838356,1,ssp585
-58.916666666666664,-6.583333333333332,2.2268237183569544,1,ssp585
-58.75,-6.583333333333332,1.9852359119772367,1,ssp585
-58.58333333333333,-6.583333333333332,2.1493422902656154,1,ssp585
-58.416666666666664,-6.583333333333332,2.2430874354357746,1,ssp585
-58.25,-6.583333333333332,2.330445685718123,1,ssp585
-58.08333333333333,-6.583333333333332,2.2614044530835673,1,ssp585
-57.916666666666664,-6.583333333333332,2.356285233003077,1,ssp585
-57.75,-6.583333333333332,1.9819935766452104,1,ssp585
-57.58333333333333,-6.583333333333332,2.0146885212765318,1,ssp585
-57.416666666666664,-6.583333333333332,2.195022911757067,1,ssp585
-57.25,-6.583333333333332,2.4164293992318964,1,ssp585
-57.08333333333333,-6.583333333333332,1.4325925834673314,1,ssp585
-56.916666666666664,-6.583333333333332,1.5380301846980227,1,ssp585
-56.75,-6.583333333333332,1.7964625549498836,1,ssp585
-56.58333333333333,-6.583333333333332,1.3803239233619522,1,ssp585
-56.416666666666664,-6.583333333333332,1.3209670201408137,1,ssp585
-56.25,-6.583333333333332,1.5616438159132824,1,ssp585
-56.08333333333333,-6.583333333333332,1.5639469100693841,1,ssp585
-55.916666666666664,-6.583333333333332,1.4989774918349577,1,ssp585
-55.75,-6.583333333333332,1.4085933207510173,1,ssp585
-55.58333333333333,-6.583333333333332,1.7166278389647012,1,ssp585
-55.416666666666664,-6.583333333333332,1.7818386503949426,1,ssp585
-55.25,-6.583333333333332,1.7061644960904112,1,ssp585
-55.08333333333333,-6.583333333333332,1.5722006885934712,1,ssp585
-54.916666666666664,-6.583333333333332,1.6133339058691312,1,ssp585
-54.75,-6.583333333333332,1.4075098268033948,1,ssp585
-54.58333333333333,-6.583333333333332,1.3414596400716887,1,ssp585
-54.416666666666664,-6.583333333333332,1.4652712475255907,1,ssp585
-67.41666666666666,-6.75,1.8607592039220262,1,ssp585
-67.25,-6.75,1.9185594740843939,1,ssp585
-67.08333333333333,-6.75,1.9601265020253544,1,ssp585
-66.91666666666666,-6.75,2.034828195887466,1,ssp585
-66.75,-6.75,2.0718604054152205,1,ssp585
-66.58333333333333,-6.75,2.1188750264451293,1,ssp585
-66.41666666666666,-6.75,2.1825905646829784,1,ssp585
-66.25,-6.75,2.153897642667088,1,ssp585
-66.08333333333333,-6.75,2.2221390325429202,1,ssp585
-65.91666666666666,-6.75,2.322536365093968,1,ssp585
-65.75,-6.75,2.4222798648213777,1,ssp585
-65.58333333333333,-6.75,2.553416700221328,1,ssp585
-65.41666666666666,-6.75,2.649159637841984,1,ssp585
-65.25,-6.75,2.7088518369073276,1,ssp585
-65.08333333333333,-6.75,2.8531359309525213,1,ssp585
-64.91666666666666,-6.75,2.8027115382190613,1,ssp585
-64.75,-6.75,2.6775517650620384,1,ssp585
-64.58333333333333,-6.75,2.5669787076723667,1,ssp585
-64.41666666666666,-6.75,2.4029295739898524,1,ssp585
-64.25,-6.75,2.2818909336724795,1,ssp585
-64.08333333333333,-6.75,2.07015622353729,1,ssp585
-63.916666666666664,-6.75,2.1101563982879625,1,ssp585
-63.74999999999999,-6.75,2.080749076937769,1,ssp585
-63.58333333333333,-6.75,2.1360214605917185,1,ssp585
-63.416666666666664,-6.75,2.1246446236758114,1,ssp585
-63.24999999999999,-6.75,2.1778054056286034,1,ssp585
-63.08333333333333,-6.75,2.258377555805286,1,ssp585
-62.916666666666664,-6.75,2.346009101114758,1,ssp585
-62.75,-6.75,2.392684171847132,1,ssp585
-62.58333333333333,-6.75,2.428171923458822,1,ssp585
-62.416666666666664,-6.75,2.43241971278526,1,ssp585
-62.25,-6.75,2.4446249240724924,1,ssp585
-62.08333333333333,-6.75,2.4793661466808476,1,ssp585
-61.916666666666664,-6.75,2.4758065213420553,1,ssp585
-61.75,-6.75,2.499866416058817,1,ssp585
-61.58333333333333,-6.75,2.533524364729694,1,ssp585
-61.416666666666664,-6.75,2.5993448750761496,1,ssp585
-61.25,-6.75,2.564754044484951,1,ssp585
-61.08333333333333,-6.75,2.6224930956324046,1,ssp585
-60.916666666666664,-6.75,2.511595667200636,1,ssp585
-60.75,-6.75,2.5574089430792584,1,ssp585
-60.58333333333333,-6.75,2.5434873457801275,1,ssp585
-60.416666666666664,-6.75,2.6168051666861363,1,ssp585
-60.25,-6.75,2.318819039976246,1,ssp585
-60.08333333333333,-6.75,2.531481663888474,1,ssp585
-59.916666666666664,-6.75,2.2600884007682858,1,ssp585
-59.75,-6.75,2.039295861938732,1,ssp585
-59.58333333333333,-6.75,2.287346965608797,1,ssp585
-59.416666666666664,-6.75,2.0436968788187606,1,ssp585
-59.25,-6.75,2.2339999258470304,1,ssp585
-59.08333333333333,-6.75,2.5459430656249062,1,ssp585
-58.916666666666664,-6.75,2.397545119739506,1,ssp585
-58.75,-6.75,2.0686477525241087,1,ssp585
-58.58333333333333,-6.75,2.114783977948175,1,ssp585
-58.416666666666664,-6.75,2.1812923371938595,1,ssp585
-58.25,-6.75,1.7351936187360089,1,ssp585
-58.08333333333333,-6.75,1.6739455604555986,1,ssp585
-57.916666666666664,-6.75,2.1726695121652755,1,ssp585
-57.75,-6.75,1.9843548921288425,1,ssp585
-57.58333333333333,-6.75,2.075820308713272,1,ssp585
-57.416666666666664,-6.75,2.180657078234134,1,ssp585
-57.25,-6.75,2.431921467128266,1,ssp585
-57.08333333333333,-6.75,1.6219563544856106,1,ssp585
-56.916666666666664,-6.75,1.6622576113413459,1,ssp585
-56.75,-6.75,1.9093373154671411,1,ssp585
-56.58333333333333,-6.75,1.5980196437876946,1,ssp585
-56.416666666666664,-6.75,1.7001381500207788,1,ssp585
-56.25,-6.75,1.725307427993044,1,ssp585
-56.08333333333333,-6.75,1.7066275175383085,1,ssp585
-55.916666666666664,-6.75,1.5751715657154386,1,ssp585
-55.75,-6.75,1.6066581495938823,1,ssp585
-55.58333333333333,-6.75,1.8454539107871846,1,ssp585
-55.416666666666664,-6.75,2.042269963759735,1,ssp585
-55.25,-6.75,1.4633330104353672,1,ssp585
-55.08333333333333,-6.75,1.5463777227248288,1,ssp585
-54.916666666666664,-6.75,1.5948594248845196,1,ssp585
-54.75,-6.75,1.614534770949627,1,ssp585
-67.08333333333333,-6.916666666666666,1.8493695984295992,1,ssp585
-66.91666666666666,-6.916666666666666,1.8880677210424017,1,ssp585
-66.75,-6.916666666666666,1.9175508367009875,1,ssp585
-66.58333333333333,-6.916666666666666,1.995287898763014,1,ssp585
-66.41666666666666,-6.916666666666666,2.0337228628242063,1,ssp585
-66.25,-6.916666666666666,2.126429571338923,1,ssp585
-66.08333333333333,-6.916666666666666,2.1702848974129716,1,ssp585
-65.91666666666666,-6.916666666666666,2.211245911642687,1,ssp585
-65.75,-6.916666666666666,2.319347790136704,1,ssp585
-65.58333333333333,-6.916666666666666,2.4221725039385955,1,ssp585
-65.41666666666666,-6.916666666666666,2.5112412021144794,1,ssp585
-65.25,-6.916666666666666,2.5951812200680067,1,ssp585
-65.08333333333333,-6.916666666666666,2.6402153310756633,1,ssp585
-64.91666666666666,-6.916666666666666,2.629596302016342,1,ssp585
-64.75,-6.916666666666666,2.5900956084251505,1,ssp585
-64.58333333333333,-6.916666666666666,2.5000704564497274,1,ssp585
-64.41666666666666,-6.916666666666666,2.322895848828038,1,ssp585
-64.25,-6.916666666666666,2.3351271487603187,1,ssp585
-64.08333333333333,-6.916666666666666,2.2244516070753453,1,ssp585
-63.916666666666664,-6.916666666666666,2.0370752263356247,1,ssp585
-63.74999999999999,-6.916666666666666,2.057946130369584,1,ssp585
-63.58333333333333,-6.916666666666666,2.070842675442702,1,ssp585
-63.416666666666664,-6.916666666666666,2.0748899071617335,1,ssp585
-63.24999999999999,-6.916666666666666,2.1153120525191693,1,ssp585
-63.08333333333333,-6.916666666666666,2.2725910184171934,1,ssp585
-62.916666666666664,-6.916666666666666,2.2749240728002125,1,ssp585
-62.75,-6.916666666666666,2.3755917351096736,1,ssp585
-62.58333333333333,-6.916666666666666,2.4789950128027014,1,ssp585
-62.416666666666664,-6.916666666666666,2.406569573565533,1,ssp585
-62.25,-6.916666666666666,2.3214317321204962,1,ssp585
-62.08333333333333,-6.916666666666666,2.447771168876088,1,ssp585
-61.916666666666664,-6.916666666666666,2.4422677774464305,1,ssp585
-61.75,-6.916666666666666,2.4839705595371724,1,ssp585
-61.58333333333333,-6.916666666666666,2.5013571808860537,1,ssp585
-61.416666666666664,-6.916666666666666,2.5214451737513204,1,ssp585
-61.25,-6.916666666666666,2.4301555418549183,1,ssp585
-61.08333333333333,-6.916666666666666,2.552110040624604,1,ssp585
-60.916666666666664,-6.916666666666666,2.5557564944373197,1,ssp585
-60.75,-6.916666666666666,2.445784908353178,1,ssp585
-60.58333333333333,-6.916666666666666,2.5568240758293936,1,ssp585
-60.416666666666664,-6.916666666666666,2.4118317220681345,1,ssp585
-60.25,-6.916666666666666,2.2325914719101556,1,ssp585
-60.08333333333333,-6.916666666666666,2.361183575811251,1,ssp585
-59.916666666666664,-6.916666666666666,2.2140616749439657,1,ssp585
-59.75,-6.916666666666666,2.1124027240831635,1,ssp585
-59.58333333333333,-6.916666666666666,2.186053430504476,1,ssp585
-59.416666666666664,-6.916666666666666,1.9851256192913755,1,ssp585
-59.25,-6.916666666666666,2.4926653225240476,1,ssp585
-59.08333333333333,-6.916666666666666,2.695878025853049,1,ssp585
-58.916666666666664,-6.916666666666666,2.540746468422816,1,ssp585
-58.75,-6.916666666666666,2.4297116608300104,1,ssp585
-58.58333333333333,-6.916666666666666,1.6469970869888821,1,ssp585
-58.416666666666664,-6.916666666666666,2.088448860604364,1,ssp585
-58.25,-6.916666666666666,1.7679856487468777,1,ssp585
-58.08333333333333,-6.916666666666666,1.4752039110893063,1,ssp585
-57.916666666666664,-6.916666666666666,1.8256449107723165,1,ssp585
-57.75,-6.916666666666666,2.1689582353661128,1,ssp585
-57.58333333333333,-6.916666666666666,2.4892578165654116,1,ssp585
-57.416666666666664,-6.916666666666666,2.3544179514636636,1,ssp585
-57.25,-6.916666666666666,2.452116075049298,1,ssp585
-57.08333333333333,-6.916666666666666,1.8256051405926557,1,ssp585
-56.916666666666664,-6.916666666666666,1.8249293107353848,1,ssp585
-56.75,-6.916666666666666,1.9537009103229912,1,ssp585
-56.58333333333333,-6.916666666666666,1.7698137451628697,1,ssp585
-56.416666666666664,-6.916666666666666,1.8726028706413949,1,ssp585
-56.25,-6.916666666666666,1.7546240183549302,1,ssp585
-56.08333333333333,-6.916666666666666,1.7274584072314638,1,ssp585
-55.916666666666664,-6.916666666666666,1.5859720193487001,1,ssp585
-55.75,-6.916666666666666,1.70097909979048,1,ssp585
-55.58333333333333,-6.916666666666666,1.963618994549325,1,ssp585
-55.416666666666664,-6.916666666666666,2.362891193190233,1,ssp585
-55.25,-6.916666666666666,1.9391619976558538,1,ssp585
-66.75,-7.083333333333332,1.869555276840078,1,ssp585
-66.58333333333333,-7.083333333333332,1.932978335704031,1,ssp585
-66.41666666666666,-7.083333333333332,1.9560141893554652,1,ssp585
-66.25,-7.083333333333332,2.021813258731234,1,ssp585
-66.08333333333333,-7.083333333333332,2.034107142402443,1,ssp585
-65.91666666666666,-7.083333333333332,2.135653014897179,1,ssp585
-65.75,-7.083333333333332,2.1622271022260313,1,ssp585
-65.58333333333333,-7.083333333333332,2.238822182298874,1,ssp585
-65.41666666666666,-7.083333333333332,2.3229593439155525,1,ssp585
-65.25,-7.083333333333332,2.377658981310281,1,ssp585
-65.08333333333333,-7.083333333333332,2.4896809989780317,1,ssp585
-64.91666666666666,-7.083333333333332,2.540336133952917,1,ssp585
-64.75,-7.083333333333332,2.5613433397009207,1,ssp585
-64.58333333333333,-7.083333333333332,2.4188919119317682,1,ssp585
-64.41666666666666,-7.083333333333332,2.259073632993123,1,ssp585
-64.25,-7.083333333333332,2.3057846852313864,1,ssp585
-64.08333333333333,-7.083333333333332,2.2092886661263273,1,ssp585
-63.916666666666664,-7.083333333333332,1.9949434406149305,1,ssp585
-63.74999999999999,-7.083333333333332,2.022062987537693,1,ssp585
-63.58333333333333,-7.083333333333332,1.998164084254988,1,ssp585
-63.416666666666664,-7.083333333333332,2.0308025080131547,1,ssp585
-63.24999999999999,-7.083333333333332,2.1859810863831264,1,ssp585
-63.08333333333333,-7.083333333333332,2.2271610391325947,1,ssp585
-62.916666666666664,-7.083333333333332,2.2963847775447976,1,ssp585
-62.75,-7.083333333333332,2.3396877985256603,1,ssp585
-62.58333333333333,-7.083333333333332,2.2846980331118325,1,ssp585
-62.416666666666664,-7.083333333333332,2.286411019747795,1,ssp585
-62.25,-7.083333333333332,2.297374033926194,1,ssp585
-62.08333333333333,-7.083333333333332,2.2840753017631186,1,ssp585
-61.916666666666664,-7.083333333333332,2.4165938706706878,1,ssp585
-61.75,-7.083333333333332,2.4213256827593517,1,ssp585
-61.58333333333333,-7.083333333333332,2.45841525763151,1,ssp585
-61.416666666666664,-7.083333333333332,2.3785845781027457,1,ssp585
-61.25,-7.083333333333332,2.417362666084735,1,ssp585
-61.08333333333333,-7.083333333333332,2.538968086238058,1,ssp585
-60.916666666666664,-7.083333333333332,2.5428878249214995,1,ssp585
-60.75,-7.083333333333332,2.5717425570108663,1,ssp585
-60.58333333333333,-7.083333333333332,2.381336443656552,1,ssp585
-60.416666666666664,-7.083333333333332,2.3487429304788745,1,ssp585
-60.25,-7.083333333333332,2.390822737143029,1,ssp585
-60.08333333333333,-7.083333333333332,2.353602625202475,1,ssp585
-59.916666666666664,-7.083333333333332,2.4218919698051673,1,ssp585
-59.75,-7.083333333333332,2.370617869119558,1,ssp585
-59.58333333333333,-7.083333333333332,2.141412934345882,1,ssp585
-59.416666666666664,-7.083333333333332,1.9752186560539624,1,ssp585
-59.25,-7.083333333333332,2.2048112633011723,1,ssp585
-59.08333333333333,-7.083333333333332,2.721684725256265,1,ssp585
-58.916666666666664,-7.083333333333332,2.7028570401302208,1,ssp585
-58.75,-7.083333333333332,2.6833248488935513,1,ssp585
-58.58333333333333,-7.083333333333332,2.053383310896581,1,ssp585
-58.416666666666664,-7.083333333333332,1.8873352750530659,1,ssp585
-58.25,-7.083333333333332,2.304262500545595,1,ssp585
-58.08333333333333,-7.083333333333332,2.3825622671835376,1,ssp585
-57.916666666666664,-7.083333333333332,2.064581587826388,1,ssp585
-57.75,-7.083333333333332,1.999458614438385,1,ssp585
-57.58333333333333,-7.083333333333332,2.382424688801855,1,ssp585
-57.416666666666664,-7.083333333333332,2.6112937374487823,1,ssp585
-57.25,-7.083333333333332,2.342777448789024,1,ssp585
-57.08333333333333,-7.083333333333332,1.9338676332425289,1,ssp585
-56.916666666666664,-7.083333333333332,2.0539625877881904,1,ssp585
-56.75,-7.083333333333332,1.9872749145254263,1,ssp585
-56.58333333333333,-7.083333333333332,1.7676375411071017,1,ssp585
-56.416666666666664,-7.083333333333332,1.9104342676639492,1,ssp585
-56.25,-7.083333333333332,2.0085319570108924,1,ssp585
-56.08333333333333,-7.083333333333332,1.8021634050100328,1,ssp585
-55.916666666666664,-7.083333333333332,1.8306002561588348,1,ssp585
-66.41666666666666,-7.25,1.9109017804937405,1,ssp585
-66.25,-7.25,1.930823422142939,1,ssp585
-66.08333333333333,-7.25,1.934545225502776,1,ssp585
-65.91666666666666,-7.25,1.9882070759488584,1,ssp585
-65.75,-7.25,2.0593443668665343,1,ssp585
-65.58333333333333,-7.25,2.1138820479973583,1,ssp585
-65.41666666666666,-7.25,2.164061003857737,1,ssp585
-65.25,-7.25,2.2904830556263343,1,ssp585
-65.08333333333333,-7.25,2.457857720299443,1,ssp585
-64.91666666666666,-7.25,2.565434346160627,1,ssp585
-64.75,-7.25,2.5185127877595543,1,ssp585
-64.58333333333333,-7.25,2.307008518068408,1,ssp585
-64.41666666666666,-7.25,2.2383027082223,1,ssp585
-64.25,-7.25,2.2526778743746614,1,ssp585
-64.08333333333333,-7.25,2.1748283469251306,1,ssp585
-63.916666666666664,-7.25,2.1428941296652817,1,ssp585
-63.74999999999999,-7.25,1.99251119592377,1,ssp585
-63.58333333333333,-7.25,1.9593577235765813,1,ssp585
-63.416666666666664,-7.25,1.9862709037301582,1,ssp585
-63.24999999999999,-7.25,2.1476366595212455,1,ssp585
-63.08333333333333,-7.25,2.1790076734001915,1,ssp585
-62.916666666666664,-7.25,2.3098427170994955,1,ssp585
-62.75,-7.25,2.253684617691676,1,ssp585
-62.58333333333333,-7.25,2.1895405394184957,1,ssp585
-62.416666666666664,-7.25,2.2211399456939627,1,ssp585
-62.25,-7.25,2.287419011805645,1,ssp585
-62.08333333333333,-7.25,2.2313274427210885,1,ssp585
-61.916666666666664,-7.25,2.220878368900549,1,ssp585
-61.75,-7.25,2.360240339213579,1,ssp585
-61.58333333333333,-7.25,2.361513933637172,1,ssp585
-61.416666666666664,-7.25,2.254926728118875,1,ssp585
-61.25,-7.25,2.3834781329751844,1,ssp585
-61.08333333333333,-7.25,2.5135946328837835,1,ssp585
-60.916666666666664,-7.25,2.4575972169962297,1,ssp585
-60.75,-7.25,2.510081542124629,1,ssp585
-60.58333333333333,-7.25,2.496972360641706,1,ssp585
-60.416666666666664,-7.25,2.3907424496851672,1,ssp585
-60.25,-7.25,2.084992218847994,1,ssp585
-60.08333333333333,-7.25,2.0279412941938446,1,ssp585
-59.916666666666664,-7.25,2.507390723715281,1,ssp585
-59.75,-7.25,2.3563974386559723,1,ssp585
-59.58333333333333,-7.25,2.3963062499358996,1,ssp585
-59.416666666666664,-7.25,2.1230280265394716,1,ssp585
-59.25,-7.25,2.1967933079820234,1,ssp585
-59.08333333333333,-7.25,2.8640267998833107,1,ssp585
-58.916666666666664,-7.25,2.657851095876425,1,ssp585
-58.75,-7.25,2.844807849228049,1,ssp585
-58.58333333333333,-7.25,1.9999506678644332,1,ssp585
-58.416666666666664,-7.25,2.2682604907613366,1,ssp585
-58.25,-7.25,2.281386448918478,1,ssp585
-58.08333333333333,-7.25,2.4741155903794603,1,ssp585
-57.916666666666664,-7.25,2.719607866439104,1,ssp585
-57.75,-7.25,2.371073678026795,1,ssp585
-57.58333333333333,-7.25,2.2154319644338494,1,ssp585
-57.416666666666664,-7.25,2.325484610611179,1,ssp585
-57.25,-7.25,2.1471388833735796,1,ssp585
-57.08333333333333,-7.25,2.2175100163246633,1,ssp585
-56.916666666666664,-7.25,1.9825448865892845,1,ssp585
-56.75,-7.25,1.975378452585454,1,ssp585
-56.58333333333333,-7.25,1.923393097366598,1,ssp585
-56.416666666666664,-7.25,2.0326756112339193,1,ssp585
-56.25,-7.25,2.133917766084314,1,ssp585
-56.08333333333333,-7.25,1.961313668305379,1,ssp585
-55.916666666666664,-7.25,2.0059034007864067,1,ssp585
-55.75,-7.25,2.034473237278467,1,ssp585
-66.75,-7.416666666666666,1.897961315080687,1,ssp585
-66.58333333333333,-7.416666666666666,1.8668670181449234,1,ssp585
-66.41666666666666,-7.416666666666666,1.8386558597752316,1,ssp585
-66.25,-7.416666666666666,1.8128384334579424,1,ssp585
-66.08333333333333,-7.416666666666666,1.8050154919504788,1,ssp585
-65.91666666666666,-7.416666666666666,1.9009985783497458,1,ssp585
-65.75,-7.416666666666666,1.956504138054315,1,ssp585
-65.58333333333333,-7.416666666666666,2.039351490384393,1,ssp585
-65.41666666666666,-7.416666666666666,2.1933323496548205,1,ssp585
-65.25,-7.416666666666666,2.3548899468276545,1,ssp585
-65.08333333333333,-7.416666666666666,2.3848718606804047,1,ssp585
-64.91666666666666,-7.416666666666666,2.5535994370945887,1,ssp585
-64.75,-7.416666666666666,2.357708651248595,1,ssp585
-64.58333333333333,-7.416666666666666,2.3050547992225514,1,ssp585
-64.41666666666666,-7.416666666666666,2.213887198438939,1,ssp585
-64.25,-7.416666666666666,2.2096248215268504,1,ssp585
-64.08333333333333,-7.416666666666666,2.156509891132219,1,ssp585
-63.916666666666664,-7.416666666666666,2.116239885455036,1,ssp585
-63.74999999999999,-7.416666666666666,2.1230133990497473,1,ssp585
-63.58333333333333,-7.416666666666666,1.9693320926422926,1,ssp585
-63.416666666666664,-7.416666666666666,1.9752537876679708,1,ssp585
-63.24999999999999,-7.416666666666666,2.1532493910468293,1,ssp585
-63.08333333333333,-7.416666666666666,2.2262549437590438,1,ssp585
-62.916666666666664,-7.416666666666666,2.2578686215361623,1,ssp585
-62.75,-7.416666666666666,2.1850958635061724,1,ssp585
-62.58333333333333,-7.416666666666666,2.2220929441000496,1,ssp585
-62.416666666666664,-7.416666666666666,2.1816316841849046,1,ssp585
-62.25,-7.416666666666666,2.197358726727162,1,ssp585
-62.08333333333333,-7.416666666666666,2.1853701233548612,1,ssp585
-61.916666666666664,-7.416666666666666,2.18147680620356,1,ssp585
-61.75,-7.416666666666666,2.2092350706916704,1,ssp585
-61.58333333333333,-7.416666666666666,2.2425024539296006,1,ssp585
-61.416666666666664,-7.416666666666666,2.2631894795339313,1,ssp585
-61.25,-7.416666666666666,2.4118868237437074,1,ssp585
-61.08333333333333,-7.416666666666666,2.440014682539977,1,ssp585
-60.916666666666664,-7.416666666666666,2.4299716133185756,1,ssp585
-60.75,-7.416666666666666,2.479601941828485,1,ssp585
-60.58333333333333,-7.416666666666666,2.534788430724853,1,ssp585
-60.416666666666664,-7.416666666666666,2.375619057231593,1,ssp585
-60.25,-7.416666666666666,1.6305528375449136,1,ssp585
-60.08333333333333,-7.416666666666666,1.6740664301109864,1,ssp585
-59.916666666666664,-7.416666666666666,1.8656955538760471,1,ssp585
-59.75,-7.416666666666666,2.2710989106827637,1,ssp585
-59.58333333333333,-7.416666666666666,2.3252900082528303,1,ssp585
-59.416666666666664,-7.416666666666666,2.0390708178332764,1,ssp585
-59.25,-7.416666666666666,2.09817416947529,1,ssp585
-59.08333333333333,-7.416666666666666,2.6213821545569207,1,ssp585
-58.916666666666664,-7.416666666666666,2.7060424680813195,1,ssp585
-58.75,-7.416666666666666,2.546671682138055,1,ssp585
-58.58333333333333,-7.416666666666666,1.917769306345972,1,ssp585
-58.416666666666664,-7.416666666666666,2.2473565444656853,1,ssp585
-58.25,-7.416666666666666,2.4347740013762444,1,ssp585
-58.08333333333333,-7.416666666666666,2.4889566542135,1,ssp585
-57.916666666666664,-7.416666666666666,2.6362018524499904,1,ssp585
-57.75,-7.416666666666666,2.9396133382650436,1,ssp585
-57.58333333333333,-7.416666666666666,2.7890125960951964,1,ssp585
-57.416666666666664,-7.416666666666666,1.9382608124996819,1,ssp585
-57.25,-7.416666666666666,1.9222178071767124,1,ssp585
-57.08333333333333,-7.416666666666666,2.1138969274515813,1,ssp585
-56.916666666666664,-7.416666666666666,1.866216160221215,1,ssp585
-56.75,-7.416666666666666,1.9969510509325674,1,ssp585
-56.58333333333333,-7.416666666666666,2.071447961864891,1,ssp585
-56.416666666666664,-7.416666666666666,2.0378720092154197,1,ssp585
-56.25,-7.416666666666666,2.188085927232524,1,ssp585
-56.08333333333333,-7.416666666666666,2.0977448134822567,1,ssp585
-55.916666666666664,-7.416666666666666,2.050512439229034,1,ssp585
-55.75,-7.416666666666666,2.0793666850775203,1,ssp585
-55.58333333333333,-7.416666666666666,2.1202595737346326,1,ssp585
-68.58333333333333,-7.583333333333332,1.6506715682888722,1,ssp585
-68.41666666666666,-7.583333333333332,1.5468976248960882,1,ssp585
-68.25,-7.583333333333332,1.491727342417427,1,ssp585
-68.08333333333333,-7.583333333333332,1.54617550903565,1,ssp585
-67.91666666666666,-7.583333333333332,1.6383593883627763,1,ssp585
-67.75,-7.583333333333332,1.642477898384005,1,ssp585
-67.58333333333333,-7.583333333333332,1.7298280587898225,1,ssp585
-67.41666666666666,-7.583333333333332,1.7648744715099391,1,ssp585
-67.25,-7.583333333333332,1.7419431977450148,1,ssp585
-67.08333333333333,-7.583333333333332,1.7736279953439262,1,ssp585
-66.91666666666666,-7.583333333333332,1.8400338126061502,1,ssp585
-66.75,-7.583333333333332,1.9406367623051366,1,ssp585
-66.58333333333333,-7.583333333333332,1.9821037732527256,1,ssp585
-66.41666666666666,-7.583333333333332,1.9968602670488331,1,ssp585
-66.25,-7.583333333333332,1.9566238927116315,1,ssp585
-66.08333333333333,-7.583333333333332,1.8530257867535895,1,ssp585
-65.91666666666666,-7.583333333333332,1.8026726912589692,1,ssp585
-65.75,-7.583333333333332,1.8578402536751366,1,ssp585
-65.58333333333333,-7.583333333333332,1.988208327932617,1,ssp585
-65.41666666666666,-7.583333333333332,2.2290089012040446,1,ssp585
-65.25,-7.583333333333332,2.2610061491988684,1,ssp585
-65.08333333333333,-7.583333333333332,2.2925556472422843,1,ssp585
-64.91666666666666,-7.583333333333332,2.39708839805184,1,ssp585
-64.75,-7.583333333333332,2.2647085780949476,1,ssp585
-64.58333333333333,-7.583333333333332,2.2422070234019733,1,ssp585
-64.41666666666666,-7.583333333333332,2.1900807979709485,1,ssp585
-64.25,-7.583333333333332,2.180401306882945,1,ssp585
-64.08333333333333,-7.583333333333332,2.1041452181650193,1,ssp585
-63.916666666666664,-7.583333333333332,2.094622208919988,1,ssp585
-63.74999999999999,-7.583333333333332,2.159525185898861,1,ssp585
-63.58333333333333,-7.583333333333332,2.1310428639901344,1,ssp585
-63.416666666666664,-7.583333333333332,2.0093086861148386,1,ssp585
-63.24999999999999,-7.583333333333332,2.0883603557578376,1,ssp585
-63.08333333333333,-7.583333333333332,2.3631989233606334,1,ssp585
-62.916666666666664,-7.583333333333332,2.2315161909863797,1,ssp585
-62.75,-7.583333333333332,2.1422241033217975,1,ssp585
-62.58333333333333,-7.583333333333332,2.143753781480257,1,ssp585
-62.416666666666664,-7.583333333333332,2.1640733858569114,1,ssp585
-62.25,-7.583333333333332,2.1825376072996563,1,ssp585
-62.08333333333333,-7.583333333333332,2.157984574716147,1,ssp585
-61.916666666666664,-7.583333333333332,2.1136268925793034,1,ssp585
-61.75,-7.583333333333332,2.204855769116897,1,ssp585
-61.58333333333333,-7.583333333333332,2.1773306089294957,1,ssp585
-61.416666666666664,-7.583333333333332,2.2721086889806146,1,ssp585
-61.25,-7.583333333333332,2.4089778643628637,1,ssp585
-61.08333333333333,-7.583333333333332,2.1058380739318334,1,ssp585
-60.916666666666664,-7.583333333333332,2.3429307354959024,1,ssp585
-60.75,-7.583333333333332,2.235336350774915,1,ssp585
-60.58333333333333,-7.583333333333332,2.1246191987298344,1,ssp585
-60.416666666666664,-7.583333333333332,1.8054644849218404,1,ssp585
-60.25,-7.583333333333332,2.08981713665204,1,ssp585
-60.08333333333333,-7.583333333333332,2.2809723858475857,1,ssp585
-59.916666666666664,-7.583333333333332,2.145617440516085,1,ssp585
-59.75,-7.583333333333332,1.8341704411728623,1,ssp585
-59.58333333333333,-7.583333333333332,2.093845124231013,1,ssp585
-59.416666666666664,-7.583333333333332,1.8928469788360784,1,ssp585
-59.25,-7.583333333333332,1.875541926495691,1,ssp585
-59.08333333333333,-7.583333333333332,2.330752095444877,1,ssp585
-58.916666666666664,-7.583333333333332,2.2838260872288414,1,ssp585
-58.75,-7.583333333333332,2.480771812249493,1,ssp585
-58.58333333333333,-7.583333333333332,2.2625015163799884,1,ssp585
-58.416666666666664,-7.583333333333332,2.370957934032129,1,ssp585
-58.25,-7.583333333333332,2.4841203510790693,1,ssp585
-58.08333333333333,-7.583333333333332,2.405725933640771,1,ssp585
-57.916666666666664,-7.583333333333332,2.6008361930752346,1,ssp585
-57.75,-7.583333333333332,2.7629573669082657,1,ssp585
-57.58333333333333,-7.583333333333332,3.0499494714239233,1,ssp585
-57.416666666666664,-7.583333333333332,3.132506939500588,1,ssp585
-57.25,-7.583333333333332,2.03504577661775,1,ssp585
-57.08333333333333,-7.583333333333332,1.9798913349002667,1,ssp585
-56.916666666666664,-7.583333333333332,2.001174194182091,1,ssp585
-56.75,-7.583333333333332,2.0377796963437342,1,ssp585
-56.58333333333333,-7.583333333333332,1.984392468282223,1,ssp585
-56.416666666666664,-7.583333333333332,2.192369627812849,1,ssp585
-56.25,-7.583333333333332,2.155959938166797,1,ssp585
-56.08333333333333,-7.583333333333332,2.224801602855976,1,ssp585
-55.916666666666664,-7.583333333333332,2.1285653974183556,1,ssp585
-55.75,-7.583333333333332,2.1686753437122466,1,ssp585
-55.58333333333333,-7.583333333333332,2.2918632722602386,1,ssp585
-55.416666666666664,-7.583333333333332,2.3360173275433893,1,ssp585
-55.25,-7.583333333333332,2.7774293391269973,1,ssp585
-55.08333333333333,-7.583333333333332,2.1624305125104115,1,ssp585
-54.916666666666664,-7.583333333333332,2.1484741549862725,1,ssp585
-69.08333333333333,-7.75,1.8409677570795961,1,ssp585
-68.91666666666666,-7.75,1.8501849132771975,1,ssp585
-68.75,-7.75,1.7525771824946696,1,ssp585
-68.58333333333333,-7.75,1.6989137528965594,1,ssp585
-68.41666666666666,-7.75,1.6209817669475233,1,ssp585
-68.25,-7.75,1.5026878169256932,1,ssp585
-68.08333333333333,-7.75,1.605048090761464,1,ssp585
-67.91666666666666,-7.75,1.6784596962010256,1,ssp585
-67.75,-7.75,1.708008171915187,1,ssp585
-67.58333333333333,-7.75,1.6975390773065353,1,ssp585
-67.41666666666666,-7.75,1.7128478816086807,1,ssp585
-67.25,-7.75,1.799679402638346,1,ssp585
-67.08333333333333,-7.75,1.9000740041505102,1,ssp585
-66.91666666666666,-7.75,2.0558895142611338,1,ssp585
-66.75,-7.75,1.9827874845490518,1,ssp585
-66.58333333333333,-7.75,1.895072045793126,1,ssp585
-66.41666666666666,-7.75,1.813350673266214,1,ssp585
-66.25,-7.75,1.7844467958728094,1,ssp585
-66.08333333333333,-7.75,1.8735393564146756,1,ssp585
-65.91666666666666,-7.75,1.942989895400993,1,ssp585
-65.75,-7.75,2.018615604054201,1,ssp585
-65.58333333333333,-7.75,2.090745090404548,1,ssp585
-65.41666666666666,-7.75,2.1099671703129292,1,ssp585
-65.25,-7.75,2.1528211733501763,1,ssp585
-65.08333333333333,-7.75,2.262449736114338,1,ssp585
-64.91666666666666,-7.75,2.176796354723613,1,ssp585
-64.75,-7.75,2.2115468528989326,1,ssp585
-64.58333333333333,-7.75,2.1721762997907716,1,ssp585
-64.41666666666666,-7.75,2.162789918187573,1,ssp585
-64.25,-7.75,2.1358923348562646,1,ssp585
-64.08333333333333,-7.75,2.060220352340332,1,ssp585
-63.916666666666664,-7.75,2.10494461551113,1,ssp585
-63.74999999999999,-7.75,2.238737548262017,1,ssp585
-63.58333333333333,-7.75,2.1069785491364947,1,ssp585
-63.416666666666664,-7.75,2.107580431651123,1,ssp585
-63.24999999999999,-7.75,2.0517434338337157,1,ssp585
-63.08333333333333,-7.75,2.3214703779814134,1,ssp585
-62.916666666666664,-7.75,2.1599691086004262,1,ssp585
-62.75,-7.75,2.100716740065673,1,ssp585
-62.58333333333333,-7.75,2.1118400585615187,1,ssp585
-62.416666666666664,-7.75,2.1848640956194165,1,ssp585
-62.25,-7.75,2.172008216800569,1,ssp585
-62.08333333333333,-7.75,2.0943805960131323,1,ssp585
-61.916666666666664,-7.75,2.220825107681474,1,ssp585
-61.75,-7.75,2.159229681373517,1,ssp585
-61.58333333333333,-7.75,1.9152348004604576,1,ssp585
-61.416666666666664,-7.75,1.8829929171967936,1,ssp585
-61.25,-7.75,2.064390922439932,1,ssp585
-61.08333333333333,-7.75,2.1156756857911896,1,ssp585
-60.916666666666664,-7.75,2.095674775407305,1,ssp585
-60.75,-7.75,2.050481744941084,1,ssp585
-60.58333333333333,-7.75,2.230191793747626,1,ssp585
-60.416666666666664,-7.75,2.1244382465607203,1,ssp585
-60.25,-7.75,2.2247721739049533,1,ssp585
-60.08333333333333,-7.75,2.2907713213512655,1,ssp585
-59.916666666666664,-7.75,2.460806936192222,1,ssp585
-59.75,-7.75,1.8832940572834767,1,ssp585
-59.58333333333333,-7.75,1.967447362817759,1,ssp585
-59.416666666666664,-7.75,1.7814634610030178,1,ssp585
-59.25,-7.75,1.9220165979182993,1,ssp585
-59.08333333333333,-7.75,1.8284031381299584,1,ssp585
-58.916666666666664,-7.75,2.255076699089897,1,ssp585
-58.75,-7.75,2.445243896703952,1,ssp585
-58.58333333333333,-7.75,2.493732343268974,1,ssp585
-58.416666666666664,-7.75,2.393625904877924,1,ssp585
-58.25,-7.75,2.5804591317744796,1,ssp585
-58.08333333333333,-7.75,2.487659826339374,1,ssp585
-57.916666666666664,-7.75,2.5983130591212027,1,ssp585
-57.75,-7.75,2.613693761267466,1,ssp585
-57.58333333333333,-7.75,2.7059446473841073,1,ssp585
-57.416666666666664,-7.75,3.1980390826276763,1,ssp585
-57.25,-7.75,3.0306147999960293,1,ssp585
-57.08333333333333,-7.75,2.2037704643316616,1,ssp585
-56.916666666666664,-7.75,2.052670634754563,1,ssp585
-56.75,-7.75,2.1427458777008628,1,ssp585
-56.58333333333333,-7.75,2.1937999469563056,1,ssp585
-56.416666666666664,-7.75,2.283031898574464,1,ssp585
-56.25,-7.75,2.2266178383603497,1,ssp585
-56.08333333333333,-7.75,2.245533047147419,1,ssp585
-55.916666666666664,-7.75,2.0684140472267525,1,ssp585
-55.75,-7.75,2.275681286951307,1,ssp585
-55.58333333333333,-7.75,2.403782738604921,1,ssp585
-55.416666666666664,-7.75,2.6320783287096106,1,ssp585
-55.25,-7.75,2.6526507799580497,1,ssp585
-55.08333333333333,-7.75,2.2647849314432307,1,ssp585
-54.916666666666664,-7.75,2.143382865218423,1,ssp585
-54.75,-7.75,2.079729060726091,1,ssp585
-54.58333333333333,-7.75,2.0579582011756488,1,ssp585
-54.416666666666664,-7.75,2.163863787323784,1,ssp585
-69.58333333333333,-7.916666666666666,1.8544853998864563,1,ssp585
-69.41666666666666,-7.916666666666666,1.7947058028761897,1,ssp585
-69.25,-7.916666666666666,1.874826726110183,1,ssp585
-69.08333333333333,-7.916666666666666,1.7597679778050046,1,ssp585
-68.91666666666666,-7.916666666666666,1.830676475343941,1,ssp585
-68.75,-7.916666666666666,1.591387790513796,1,ssp585
-68.58333333333333,-7.916666666666666,1.6082177616474693,1,ssp585
-68.41666666666666,-7.916666666666666,1.6610465028323471,1,ssp585
-68.25,-7.916666666666666,1.630649739679354,1,ssp585
-68.08333333333333,-7.916666666666666,1.5186134377757465,1,ssp585
-67.91666666666666,-7.916666666666666,1.6252572745054836,1,ssp585
-67.75,-7.916666666666666,1.7166705395403234,1,ssp585
-67.58333333333333,-7.916666666666666,1.7591065335641807,1,ssp585
-67.41666666666666,-7.916666666666666,1.7699673394551014,1,ssp585
-67.25,-7.916666666666666,1.7254500018222076,1,ssp585
-67.08333333333333,-7.916666666666666,1.9740430526442476,1,ssp585
-66.91666666666666,-7.916666666666666,1.8092049146444276,1,ssp585
-66.75,-7.916666666666666,1.659861145564453,1,ssp585
-66.58333333333333,-7.916666666666666,1.6950620310760667,1,ssp585
-66.41666666666666,-7.916666666666666,1.7053453607615388,1,ssp585
-66.25,-7.916666666666666,1.6926830489750324,1,ssp585
-66.08333333333333,-7.916666666666666,1.747647768283295,1,ssp585
-65.91666666666666,-7.916666666666666,1.8098096987966954,1,ssp585
-65.75,-7.916666666666666,1.9041249162812977,1,ssp585
-65.58333333333333,-7.916666666666666,1.9548681574701132,1,ssp585
-65.41666666666666,-7.916666666666666,1.9582156568703106,1,ssp585
-65.25,-7.916666666666666,2.0968938336554763,1,ssp585
-65.08333333333333,-7.916666666666666,2.0844141842132773,1,ssp585
-64.91666666666666,-7.916666666666666,2.0686078602312747,1,ssp585
-64.75,-7.916666666666666,2.1563739558013,1,ssp585
-64.58333333333333,-7.916666666666666,2.1741076185273114,1,ssp585
-64.41666666666666,-7.916666666666666,2.085521412511561,1,ssp585
-64.25,-7.916666666666666,2.0856993439958367,1,ssp585
-64.08333333333333,-7.916666666666666,2.039853503648215,1,ssp585
-63.916666666666664,-7.916666666666666,2.1182197311579785,1,ssp585
-63.74999999999999,-7.916666666666666,2.172069705065338,1,ssp585
-63.58333333333333,-7.916666666666666,2.0628028806924665,1,ssp585
-63.416666666666664,-7.916666666666666,2.083498585011352,1,ssp585
-63.24999999999999,-7.916666666666666,2.196867096433716,1,ssp585
-63.08333333333333,-7.916666666666666,2.2556142950309734,1,ssp585
-62.916666666666664,-7.916666666666666,2.25458029443518,1,ssp585
-62.75,-7.916666666666666,2.1175904390832194,1,ssp585
-62.58333333333333,-7.916666666666666,2.1013192016833466,1,ssp585
-62.416666666666664,-7.916666666666666,2.1271923411642546,1,ssp585
-62.25,-7.916666666666666,2.104562559705894,1,ssp585
-62.08333333333333,-7.916666666666666,2.126489229680615,1,ssp585
-61.916666666666664,-7.916666666666666,1.9175419569710854,1,ssp585
-61.75,-7.916666666666666,1.950566863141737,1,ssp585
-61.58333333333333,-7.916666666666666,1.9231167228428632,1,ssp585
-61.416666666666664,-7.916666666666666,1.9891909242679686,1,ssp585
-61.25,-7.916666666666666,1.948003420511792,1,ssp585
-61.08333333333333,-7.916666666666666,1.995934720319991,1,ssp585
-60.916666666666664,-7.916666666666666,1.851171888461875,1,ssp585
-60.75,-7.916666666666666,1.7924761158193834,1,ssp585
-60.58333333333333,-7.916666666666666,2.0545733406711544,1,ssp585
-60.416666666666664,-7.916666666666666,2.135904199589606,1,ssp585
-60.25,-7.916666666666666,2.2776393259711543,1,ssp585
-60.08333333333333,-7.916666666666666,2.1683731727887485,1,ssp585
-59.916666666666664,-7.916666666666666,2.2879248071391243,1,ssp585
-59.75,-7.916666666666666,1.878220785320175,1,ssp585
-59.58333333333333,-7.916666666666666,2.02978365277473,1,ssp585
-59.416666666666664,-7.916666666666666,2.0338405577960557,1,ssp585
-59.25,-7.916666666666666,2.0069327650360402,1,ssp585
-59.08333333333333,-7.916666666666666,2.05376320887038,1,ssp585
-58.916666666666664,-7.916666666666666,2.2681164587090104,1,ssp585
-58.75,-7.916666666666666,2.2422280067473355,1,ssp585
-58.58333333333333,-7.916666666666666,2.3940059779778076,1,ssp585
-58.416666666666664,-7.916666666666666,2.5131834152358485,1,ssp585
-58.25,-7.916666666666666,2.558601219156591,1,ssp585
-58.08333333333333,-7.916666666666666,2.535186722414601,1,ssp585
-57.916666666666664,-7.916666666666666,2.6375484672107588,1,ssp585
-57.75,-7.916666666666666,2.796531869049828,1,ssp585
-57.58333333333333,-7.916666666666666,2.730548529962842,1,ssp585
-57.416666666666664,-7.916666666666666,2.855135016225621,1,ssp585
-57.25,-7.916666666666666,3.4687863228444034,1,ssp585
-57.08333333333333,-7.916666666666666,3.145599278702122,1,ssp585
-56.916666666666664,-7.916666666666666,2.1322058699900595,1,ssp585
-56.75,-7.916666666666666,2.4238034316213852,1,ssp585
-56.58333333333333,-7.916666666666666,2.7024499930799672,1,ssp585
-56.416666666666664,-7.916666666666666,2.610531560866816,1,ssp585
-56.25,-7.916666666666666,2.4114362947975563,1,ssp585
-56.08333333333333,-7.916666666666666,2.227199337670609,1,ssp585
-55.916666666666664,-7.916666666666666,2.1574318854754746,1,ssp585
-55.75,-7.916666666666666,2.2014347623463193,1,ssp585
-55.58333333333333,-7.916666666666666,2.281812071230919,1,ssp585
-55.416666666666664,-7.916666666666666,2.623540472542912,1,ssp585
-55.25,-7.916666666666666,2.6988863787467574,1,ssp585
-55.08333333333333,-7.916666666666666,2.4268877061051066,1,ssp585
-54.916666666666664,-7.916666666666666,2.2911539798141085,1,ssp585
-54.75,-7.916666666666666,2.1709616520672923,1,ssp585
-54.58333333333333,-7.916666666666666,2.19313618228965,1,ssp585
-54.416666666666664,-7.916666666666666,2.181355006568626,1,ssp585
-54.25,-7.916666666666666,2.224663984375431,1,ssp585
-54.08333333333333,-7.916666666666666,2.1252966885584583,1,ssp585
-69.75,-8.083333333333332,1.7374709481167472,1,ssp585
-69.58333333333333,-8.083333333333332,1.8187769631384403,1,ssp585
-69.41666666666666,-8.083333333333332,1.7773134078585924,1,ssp585
-69.25,-8.083333333333332,1.9107864358382292,1,ssp585
-69.08333333333333,-8.083333333333332,1.7556047709267912,1,ssp585
-68.91666666666666,-8.083333333333332,1.8387308201616293,1,ssp585
-68.75,-8.083333333333332,1.6794148953777424,1,ssp585
-68.58333333333333,-8.083333333333332,1.8254835724303096,1,ssp585
-68.41666666666666,-8.083333333333332,1.7799944683303603,1,ssp585
-68.25,-8.083333333333332,1.8253164992248216,1,ssp585
-68.08333333333333,-8.083333333333332,1.7264413591024226,1,ssp585
-67.91666666666666,-8.083333333333332,1.7123220432617625,1,ssp585
-67.75,-8.083333333333332,1.6528820657387762,1,ssp585
-67.58333333333333,-8.083333333333332,1.7395228439833637,1,ssp585
-67.41666666666666,-8.083333333333332,1.639009556008224,1,ssp585
-67.25,-8.083333333333332,1.8190349232834944,1,ssp585
-67.08333333333333,-8.083333333333332,1.930447784943272,1,ssp585
-66.91666666666666,-8.083333333333332,1.7437980967116813,1,ssp585
-66.75,-8.083333333333332,1.7507236117019618,1,ssp585
-66.58333333333333,-8.083333333333332,1.7265028987473288,1,ssp585
-66.41666666666666,-8.083333333333332,1.7424945233596594,1,ssp585
-66.25,-8.083333333333332,1.7759876824407246,1,ssp585
-66.08333333333333,-8.083333333333332,1.7832376314090175,1,ssp585
-65.91666666666666,-8.083333333333332,1.836650921751087,1,ssp585
-65.75,-8.083333333333332,1.8150470270139152,1,ssp585
-65.58333333333333,-8.083333333333332,1.861321384891701,1,ssp585
-65.41666666666666,-8.083333333333332,1.9762830780494094,1,ssp585
-65.25,-8.083333333333332,2.0651585718582273,1,ssp585
-65.08333333333333,-8.083333333333332,1.999167144081103,1,ssp585
-64.91666666666666,-8.083333333333332,1.9873273955332387,1,ssp585
-64.75,-8.083333333333332,2.04508435128164,1,ssp585
-64.58333333333333,-8.083333333333332,2.0697965056970618,1,ssp585
-64.41666666666666,-8.083333333333332,2.0561659789813165,1,ssp585
-64.25,-8.083333333333332,2.035675331343952,1,ssp585
-64.08333333333333,-8.083333333333332,2.044096698190269,1,ssp585
-63.916666666666664,-8.083333333333332,2.007262766809475,1,ssp585
-63.74999999999999,-8.083333333333332,2.2100542773428464,1,ssp585
-63.58333333333333,-8.083333333333332,2.048544636451182,1,ssp585
-63.416666666666664,-8.083333333333332,2.0841040222515232,1,ssp585
-63.24999999999999,-8.083333333333332,2.043554821507364,1,ssp585
-63.08333333333333,-8.083333333333332,2.188900633807901,1,ssp585
-62.916666666666664,-8.083333333333332,2.191137260089575,1,ssp585
-62.75,-8.083333333333332,2.0485255960597253,1,ssp585
-62.58333333333333,-8.083333333333332,2.0126887646351865,1,ssp585
-62.416666666666664,-8.083333333333332,2.049759240968033,1,ssp585
-62.25,-8.083333333333332,2.0740013598583396,1,ssp585
-62.08333333333333,-8.083333333333332,2.1194104651998376,1,ssp585
-61.916666666666664,-8.083333333333332,2.0474872868870393,1,ssp585
-61.75,-8.083333333333332,1.8195506421296468,1,ssp585
-61.58333333333333,-8.083333333333332,1.84337896506514,1,ssp585
-61.416666666666664,-8.083333333333332,1.6549041539995404,1,ssp585
-61.25,-8.083333333333332,1.8615771327369028,1,ssp585
-61.08333333333333,-8.083333333333332,1.992059182864263,1,ssp585
-60.916666666666664,-8.083333333333332,1.7674510847567177,1,ssp585
-60.75,-8.083333333333332,1.7679927518178902,1,ssp585
-60.58333333333333,-8.083333333333332,1.9281163822824408,1,ssp585
-60.416666666666664,-8.083333333333332,2.1406535526618753,1,ssp585
-60.25,-8.083333333333332,2.1282931473981366,1,ssp585
-60.08333333333333,-8.083333333333332,2.2654534324627935,1,ssp585
-59.916666666666664,-8.083333333333332,2.3217696968916393,1,ssp585
-59.75,-8.083333333333332,2.0706122269042986,1,ssp585
-59.58333333333333,-8.083333333333332,2.399258824613361,1,ssp585
-59.416666666666664,-8.083333333333332,2.4189582488368506,1,ssp585
-59.25,-8.083333333333332,2.1776264551654907,1,ssp585
-59.08333333333333,-8.083333333333332,1.808194961311833,1,ssp585
-58.916666666666664,-8.083333333333332,2.189878425526173,1,ssp585
-58.75,-8.083333333333332,1.9980608541790557,1,ssp585
-58.58333333333333,-8.083333333333332,2.6166965823882897,1,ssp585
-58.416666666666664,-8.083333333333332,2.4536228100414683,1,ssp585
-58.25,-8.083333333333332,2.6326734565357692,1,ssp585
-58.08333333333333,-8.083333333333332,2.532120605574323,1,ssp585
-57.916666666666664,-8.083333333333332,2.6214604178822665,1,ssp585
-57.75,-8.083333333333332,2.9398796012948885,1,ssp585
-57.58333333333333,-8.083333333333332,2.675890886909366,1,ssp585
-57.416666666666664,-8.083333333333332,2.866614732865575,1,ssp585
-57.25,-8.083333333333332,3.6723175514441486,1,ssp585
-57.08333333333333,-8.083333333333332,3.241491092289832,1,ssp585
-56.916666666666664,-8.083333333333332,2.2767846255020703,1,ssp585
-56.75,-8.083333333333332,2.4687706613639593,1,ssp585
-56.58333333333333,-8.083333333333332,3.0033405045504717,1,ssp585
-56.416666666666664,-8.083333333333332,3.0320056247346603,1,ssp585
-56.25,-8.083333333333332,3.34819323192558,1,ssp585
-56.08333333333333,-8.083333333333332,3.3393465548280514,1,ssp585
-55.916666666666664,-8.083333333333332,2.5101190354282052,1,ssp585
-55.75,-8.083333333333332,2.3315224059606763,1,ssp585
-55.58333333333333,-8.083333333333332,2.4236399876660104,1,ssp585
-55.416666666666664,-8.083333333333332,2.4956362539465,1,ssp585
-55.25,-8.083333333333332,2.6486350102348095,1,ssp585
-55.08333333333333,-8.083333333333332,2.8510071398786727,1,ssp585
-54.916666666666664,-8.083333333333332,2.597796123188743,1,ssp585
-54.75,-8.083333333333332,2.3283140346025384,1,ssp585
-54.58333333333333,-8.083333333333332,2.2455508401412723,1,ssp585
-54.416666666666664,-8.083333333333332,2.174566790799147,1,ssp585
-54.25,-8.083333333333332,2.396763719637893,1,ssp585
-54.08333333333333,-8.083333333333332,2.1727931627931385,1,ssp585
-53.916666666666664,-8.083333333333332,2.2274041951645702,1,ssp585
-70.08333333333333,-8.25,1.7139399222400111,1,ssp585
-69.91666666666666,-8.25,1.7723848367943669,1,ssp585
-69.75,-8.25,1.7375387089261904,1,ssp585
-69.58333333333333,-8.25,1.808893306051797,1,ssp585
-69.41666666666666,-8.25,1.8448519840648974,1,ssp585
-69.25,-8.25,1.7934490129786713,1,ssp585
-69.08333333333333,-8.25,1.7535397606080831,1,ssp585
-68.91666666666666,-8.25,1.7049251548190476,1,ssp585
-68.75,-8.25,1.6545283217620175,1,ssp585
-68.58333333333333,-8.25,1.6771364098005925,1,ssp585
-68.41666666666666,-8.25,1.7354329159778308,1,ssp585
-68.25,-8.25,1.6777448628010707,1,ssp585
-68.08333333333333,-8.25,1.7234264444914282,1,ssp585
-67.91666666666666,-8.25,1.7959987664550965,1,ssp585
-67.75,-8.25,1.750758200754477,1,ssp585
-67.58333333333333,-8.25,1.6121996202631115,1,ssp585
-67.41666666666666,-8.25,1.4978467282950978,1,ssp585
-67.25,-8.25,2.0071512995426857,1,ssp585
-67.08333333333333,-8.25,1.807682796609884,1,ssp585
-66.91666666666666,-8.25,1.7746940177397423,1,ssp585
-66.75,-8.25,1.7862952712477587,1,ssp585
-66.58333333333333,-8.25,1.769574414188407,1,ssp585
-66.41666666666666,-8.25,1.7892944837212996,1,ssp585
-66.25,-8.25,1.8026004362420363,1,ssp585
-66.08333333333333,-8.25,1.8035709865666931,1,ssp585
-65.91666666666666,-8.25,1.793140904872197,1,ssp585
-65.75,-8.25,1.8613786076119736,1,ssp585
-65.58333333333333,-8.25,1.9646953664272757,1,ssp585
-65.41666666666666,-8.25,1.9494774960435244,1,ssp585
-65.25,-8.25,1.9706865758737275,1,ssp585
-65.08333333333333,-8.25,1.96695085105651,1,ssp585
-64.91666666666666,-8.25,1.9675893580210364,1,ssp585
-64.75,-8.25,2.0021912265756305,1,ssp585
-64.58333333333333,-8.25,2.0301771258058756,1,ssp585
-64.41666666666666,-8.25,2.0767133602277,1,ssp585
-64.25,-8.25,1.9903186386480127,1,ssp585
-64.08333333333333,-8.25,2.0383746466056136,1,ssp585
-63.916666666666664,-8.25,2.02818887069529,1,ssp585
-63.74999999999999,-8.25,2.0800394908736743,1,ssp585
-63.58333333333333,-8.25,1.9848280636959923,1,ssp585
-63.416666666666664,-8.25,2.1308135650957953,1,ssp585
-63.24999999999999,-8.25,2.084026183748788,1,ssp585
-63.08333333333333,-8.25,2.0452670094317122,1,ssp585
-62.916666666666664,-8.25,1.9817471078637583,1,ssp585
-62.75,-8.25,2.0068415940851754,1,ssp585
-62.58333333333333,-8.25,1.9475142416925508,1,ssp585
-62.416666666666664,-8.25,2.0047551948835767,1,ssp585
-62.25,-8.25,2.0297779942518743,1,ssp585
-62.08333333333333,-8.25,2.068345697209651,1,ssp585
-61.916666666666664,-8.25,2.224151630178935,1,ssp585
-61.75,-8.25,2.385671192279439,1,ssp585
-61.58333333333333,-8.25,2.0598859806579246,1,ssp585
-61.416666666666664,-8.25,1.587367598727208,1,ssp585
-61.25,-8.25,1.7738758347276475,1,ssp585
-61.08333333333333,-8.25,1.8973650088611753,1,ssp585
-60.916666666666664,-8.25,1.840562631961065,1,ssp585
-60.75,-8.25,1.7647597799453472,1,ssp585
-60.58333333333333,-8.25,1.9507309546487963,1,ssp585
-60.416666666666664,-8.25,2.090070061300882,1,ssp585
-60.25,-8.25,1.941500655703248,1,ssp585
-60.08333333333333,-8.25,2.2373531612327704,1,ssp585
-59.916666666666664,-8.25,2.2559800375258776,1,ssp585
-59.75,-8.25,2.4477183418323802,1,ssp585
-59.58333333333333,-8.25,2.512978706711478,1,ssp585
-59.416666666666664,-8.25,2.519292254281139,1,ssp585
-59.25,-8.25,2.2283735761483956,1,ssp585
-59.08333333333333,-8.25,1.9383157852101307,1,ssp585
-58.916666666666664,-8.25,2.1005258837485274,1,ssp585
-58.75,-8.25,2.1553348290111973,1,ssp585
-58.58333333333333,-8.25,2.5868208227059504,1,ssp585
-58.416666666666664,-8.25,2.473306214431145,1,ssp585
-58.25,-8.25,2.5587292586558745,1,ssp585
-58.08333333333333,-8.25,2.730169131987693,1,ssp585
-57.916666666666664,-8.25,2.59220422028208,1,ssp585
-57.75,-8.25,2.794357467785741,1,ssp585
-57.58333333333333,-8.25,2.7539695979366323,1,ssp585
-57.416666666666664,-8.25,3.1679797117486403,1,ssp585
-57.25,-8.25,3.3220735522113056,1,ssp585
-57.08333333333333,-8.25,2.5316652076461272,1,ssp585
-56.916666666666664,-8.25,2.4451906240775503,1,ssp585
-56.75,-8.25,2.4385200310700985,1,ssp585
-56.58333333333333,-8.25,2.6940691470272125,1,ssp585
-56.416666666666664,-8.25,2.7722914574102107,1,ssp585
-56.25,-8.25,3.117424916110085,1,ssp585
-56.08333333333333,-8.25,3.353724001022573,1,ssp585
-55.916666666666664,-8.25,3.557671458145982,1,ssp585
-55.75,-8.25,3.319593436028309,1,ssp585
-55.58333333333333,-8.25,2.980815544522256,1,ssp585
-55.416666666666664,-8.25,2.6077532153869747,1,ssp585
-55.25,-8.25,2.5588126759690906,1,ssp585
-55.08333333333333,-8.25,2.9368830028862196,1,ssp585
-54.916666666666664,-8.25,2.5001766252752957,1,ssp585
-54.75,-8.25,2.387088282701805,1,ssp585
-54.58333333333333,-8.25,2.4055427920050168,1,ssp585
-54.416666666666664,-8.25,2.2915682909088493,1,ssp585
-54.25,-8.25,2.4206494014653317,1,ssp585
-54.08333333333333,-8.25,2.298714599735335,1,ssp585
-53.916666666666664,-8.25,2.451838684032863,1,ssp585
-53.75,-8.25,2.4234267333074007,1,ssp585
-70.25,-8.416666666666666,1.680961864532875,1,ssp585
-70.08333333333333,-8.416666666666666,1.713415869617689,1,ssp585
-69.91666666666666,-8.416666666666666,1.7727954567069082,1,ssp585
-69.75,-8.416666666666666,1.7033358169798287,1,ssp585
-69.58333333333333,-8.416666666666666,1.6829744215813356,1,ssp585
-69.41666666666666,-8.416666666666666,1.725379430180922,1,ssp585
-69.25,-8.416666666666666,1.6663362132583772,1,ssp585
-69.08333333333333,-8.416666666666666,1.5898438139930837,1,ssp585
-68.91666666666666,-8.416666666666666,1.5436145316749563,1,ssp585
-68.75,-8.416666666666666,1.5703628852954172,1,ssp585
-68.58333333333333,-8.416666666666666,1.5805486369857242,1,ssp585
-68.41666666666666,-8.416666666666666,1.4794393642476484,1,ssp585
-68.25,-8.416666666666666,1.5950095703613767,1,ssp585
-68.08333333333333,-8.416666666666666,1.6677510553975616,1,ssp585
-67.91666666666666,-8.416666666666666,1.7400199257752889,1,ssp585
-67.75,-8.416666666666666,1.8274090282409339,1,ssp585
-67.58333333333333,-8.416666666666666,1.61262366919012,1,ssp585
-67.41666666666666,-8.416666666666666,1.6696178339396937,1,ssp585
-67.25,-8.416666666666666,1.9451008218002177,1,ssp585
-67.08333333333333,-8.416666666666666,1.771158099324334,1,ssp585
-66.91666666666666,-8.416666666666666,1.8357803832922688,1,ssp585
-66.75,-8.416666666666666,1.8319607638453694,1,ssp585
-66.58333333333333,-8.416666666666666,1.8585716399663355,1,ssp585
-66.41666666666666,-8.416666666666666,1.856188381864009,1,ssp585
-66.25,-8.416666666666666,1.8608852904345488,1,ssp585
-66.08333333333333,-8.416666666666666,1.8355857911804017,1,ssp585
-65.91666666666666,-8.416666666666666,1.885159440105525,1,ssp585
-65.75,-8.416666666666666,1.9725915160909895,1,ssp585
-65.58333333333333,-8.416666666666666,1.946821701944991,1,ssp585
-65.41666666666666,-8.416666666666666,1.9448006186034874,1,ssp585
-65.25,-8.416666666666666,1.9992749307151427,1,ssp585
-65.08333333333333,-8.416666666666666,1.9567496458323967,1,ssp585
-64.91666666666666,-8.416666666666666,1.9798261802233927,1,ssp585
-64.75,-8.416666666666666,1.991566538545507,1,ssp585
-64.58333333333333,-8.416666666666666,2.0637339818685616,1,ssp585
-64.41666666666666,-8.416666666666666,2.0309469833777363,1,ssp585
-64.25,-8.416666666666666,1.9820433253336205,1,ssp585
-64.08333333333333,-8.416666666666666,2.0182111036400965,1,ssp585
-63.916666666666664,-8.416666666666666,2.0454491906819308,1,ssp585
-63.74999999999999,-8.416666666666666,1.9804654714228653,1,ssp585
-63.58333333333333,-8.416666666666666,2.0731004622301197,1,ssp585
-63.416666666666664,-8.416666666666666,2.0774816866889756,1,ssp585
-63.24999999999999,-8.416666666666666,1.8948292573811596,1,ssp585
-63.08333333333333,-8.416666666666666,1.8861238649551433,1,ssp585
-62.916666666666664,-8.416666666666666,1.8877905591094657,1,ssp585
-62.75,-8.416666666666666,1.9058822234959683,1,ssp585
-62.58333333333333,-8.416666666666666,1.9665362143728307,1,ssp585
-62.416666666666664,-8.416666666666666,1.9658593980056276,1,ssp585
-62.25,-8.416666666666666,2.0115236533999026,1,ssp585
-62.08333333333333,-8.416666666666666,2.0866271532061456,1,ssp585
-61.916666666666664,-8.416666666666666,2.423151005395549,1,ssp585
-61.75,-8.416666666666666,2.4056333652399067,1,ssp585
-61.58333333333333,-8.416666666666666,2.365495525916243,1,ssp585
-61.416666666666664,-8.416666666666666,2.1837845379964818,1,ssp585
-61.25,-8.416666666666666,1.6969964192387532,1,ssp585
-61.08333333333333,-8.416666666666666,1.6448198170386712,1,ssp585
-60.916666666666664,-8.416666666666666,1.8599957785966252,1,ssp585
-60.75,-8.416666666666666,1.7955205831414418,1,ssp585
-60.58333333333333,-8.416666666666666,1.8652344888198114,1,ssp585
-60.416666666666664,-8.416666666666666,2.0605232223434644,1,ssp585
-60.25,-8.416666666666666,1.97414535455701,1,ssp585
-60.08333333333333,-8.416666666666666,2.1855108707118944,1,ssp585
-59.916666666666664,-8.416666666666666,2.312338681462699,1,ssp585
-59.75,-8.416666666666666,2.440074378366236,1,ssp585
-59.58333333333333,-8.416666666666666,2.3831192541072928,1,ssp585
-59.416666666666664,-8.416666666666666,2.504132702928406,1,ssp585
-59.25,-8.416666666666666,2.056510740699851,1,ssp585
-59.08333333333333,-8.416666666666666,1.9021379533884746,1,ssp585
-58.916666666666664,-8.416666666666666,2.1180693118658995,1,ssp585
-58.75,-8.416666666666666,2.4163555406468378,1,ssp585
-58.58333333333333,-8.416666666666666,2.434101848842516,1,ssp585
-58.416666666666664,-8.416666666666666,2.584655970412854,1,ssp585
-58.25,-8.416666666666666,2.445227287647861,1,ssp585
-58.08333333333333,-8.416666666666666,2.8439268680401626,1,ssp585
-57.916666666666664,-8.416666666666666,2.74879373333311,1,ssp585
-57.75,-8.416666666666666,2.7388900288905274,1,ssp585
-57.58333333333333,-8.416666666666666,3.000368287067626,1,ssp585
-57.416666666666664,-8.416666666666666,3.2879831566556774,1,ssp585
-57.25,-8.416666666666666,2.8110930377676144,1,ssp585
-57.08333333333333,-8.416666666666666,2.708432014475454,1,ssp585
-56.916666666666664,-8.416666666666666,2.9233994389782945,1,ssp585
-56.75,-8.416666666666666,2.89533367511867,1,ssp585
-56.58333333333333,-8.416666666666666,2.822406789101216,1,ssp585
-56.416666666666664,-8.416666666666666,2.79199170479534,1,ssp585
-56.25,-8.416666666666666,2.904506739717675,1,ssp585
-56.08333333333333,-8.416666666666666,3.002334467782067,1,ssp585
-55.916666666666664,-8.416666666666666,2.9500783302547107,1,ssp585
-55.75,-8.416666666666666,3.2859117165597898,1,ssp585
-55.58333333333333,-8.416666666666666,3.5990780042950057,1,ssp585
-55.416666666666664,-8.416666666666666,3.21215323740738,1,ssp585
-55.25,-8.416666666666666,2.5779447714462296,1,ssp585
-55.08333333333333,-8.416666666666666,2.8830699817582253,1,ssp585
-54.916666666666664,-8.416666666666666,2.5418642106942015,1,ssp585
-54.75,-8.416666666666666,2.539493621258083,1,ssp585
-54.58333333333333,-8.416666666666666,2.5260112651377087,1,ssp585
-54.416666666666664,-8.416666666666666,2.5588912553972003,1,ssp585
-54.25,-8.416666666666666,2.402987498186363,1,ssp585
-54.08333333333333,-8.416666666666666,2.385167183939731,1,ssp585
-53.916666666666664,-8.416666666666666,2.4366972265517446,1,ssp585
-53.75,-8.416666666666666,2.4989780415376237,1,ssp585
-53.58333333333333,-8.416666666666666,2.4516298884913375,1,ssp585
-53.416666666666664,-8.416666666666666,2.435703687849925,1,ssp585
-53.25,-8.416666666666666,2.2815011398939298,1,ssp585
-53.08333333333333,-8.416666666666666,2.3472716987235054,1,ssp585
-52.916666666666664,-8.416666666666666,2.261299824368159,1,ssp585
-52.75,-8.416666666666666,2.3749335019489592,1,ssp585
-52.58333333333333,-8.416666666666666,2.2564278538915845,1,ssp585
-52.416666666666664,-8.416666666666666,2.3047928040763503,1,ssp585
-52.25,-8.416666666666666,2.632318990652679,1,ssp585
-70.41666666666666,-8.583333333333332,1.641070259548436,1,ssp585
-70.25,-8.583333333333332,1.611891448046728,1,ssp585
-70.08333333333333,-8.583333333333332,1.6050032720971454,1,ssp585
-69.91666666666666,-8.583333333333332,1.6358718020404752,1,ssp585
-69.75,-8.583333333333332,1.5772028503549362,1,ssp585
-69.58333333333333,-8.583333333333332,1.566507463601153,1,ssp585
-69.41666666666666,-8.583333333333332,1.524631710076684,1,ssp585
-69.25,-8.583333333333332,1.4931471493226498,1,ssp585
-69.08333333333333,-8.583333333333332,1.5092980762431836,1,ssp585
-68.91666666666666,-8.583333333333332,1.4424187540842994,1,ssp585
-68.75,-8.583333333333332,1.387349155150137,1,ssp585
-68.58333333333333,-8.583333333333332,1.5295027662878344,1,ssp585
-68.41666666666666,-8.583333333333332,1.5431065059916973,1,ssp585
-68.25,-8.583333333333332,1.5909804741569316,1,ssp585
-68.08333333333333,-8.583333333333332,1.6412972999702318,1,ssp585
-67.91666666666666,-8.583333333333332,1.6692874200395988,1,ssp585
-67.75,-8.583333333333332,1.731084023955243,1,ssp585
-67.58333333333333,-8.583333333333332,1.8803063300809733,1,ssp585
-67.41666666666666,-8.583333333333332,1.8404277408688332,1,ssp585
-67.25,-8.583333333333332,1.8939990371577442,1,ssp585
-67.08333333333333,-8.583333333333332,1.7839273657315635,1,ssp585
-66.91666666666666,-8.583333333333332,1.881294989246686,1,ssp585
-66.75,-8.583333333333332,1.890695940188964,1,ssp585
-66.58333333333333,-8.583333333333332,1.8747758046267882,1,ssp585
-66.41666666666666,-8.583333333333332,1.8976711773831831,1,ssp585
-66.25,-8.583333333333332,1.8953971422453688,1,ssp585
-66.08333333333333,-8.583333333333332,1.9314054260185711,1,ssp585
-65.91666666666666,-8.583333333333332,1.9448709418210317,1,ssp585
-65.75,-8.583333333333332,2.0093530638180104,1,ssp585
-65.58333333333333,-8.583333333333332,1.9984709836299743,1,ssp585
-65.41666666666666,-8.583333333333332,1.974385116639549,1,ssp585
-65.25,-8.583333333333332,2.0205438382267227,1,ssp585
-65.08333333333333,-8.583333333333332,2.052374856324867,1,ssp585
-64.91666666666666,-8.583333333333332,2.0896716226884426,1,ssp585
-64.75,-8.583333333333332,1.988734743612661,1,ssp585
-64.58333333333333,-8.583333333333332,1.9971757404436836,1,ssp585
-64.41666666666666,-8.583333333333332,2.0387598690953834,1,ssp585
-64.25,-8.583333333333332,2.0026129466994567,1,ssp585
-64.08333333333333,-8.583333333333332,2.031827348604942,1,ssp585
-63.916666666666664,-8.583333333333332,2.0800407292671514,1,ssp585
-63.74999999999999,-8.583333333333332,2.132169237544661,1,ssp585
-63.58333333333333,-8.583333333333332,2.114732412683134,1,ssp585
-63.416666666666664,-8.583333333333332,1.9344077916461773,1,ssp585
-63.24999999999999,-8.583333333333332,1.8072109099152251,1,ssp585
-63.08333333333333,-8.583333333333332,1.762744577619343,1,ssp585
-62.916666666666664,-8.583333333333332,1.778415531180668,1,ssp585
-62.75,-8.583333333333332,1.8545057449290951,1,ssp585
-62.58333333333333,-8.583333333333332,1.8983801624567502,1,ssp585
-62.416666666666664,-8.583333333333332,1.979865527076618,1,ssp585
-62.25,-8.583333333333332,2.0001476664082865,1,ssp585
-62.08333333333333,-8.583333333333332,2.314339600537272,1,ssp585
-61.916666666666664,-8.583333333333332,2.3810869446479623,1,ssp585
-61.75,-8.583333333333332,2.213495386183104,1,ssp585
-61.58333333333333,-8.583333333333332,1.7479461259639102,1,ssp585
-61.416666666666664,-8.583333333333332,1.9649405679090346,1,ssp585
-61.25,-8.583333333333332,2.029337225881109,1,ssp585
-61.08333333333333,-8.583333333333332,1.8530732585573548,1,ssp585
-60.916666666666664,-8.583333333333332,1.8481448554020847,1,ssp585
-60.75,-8.583333333333332,1.7347073429166562,1,ssp585
-60.58333333333333,-8.583333333333332,1.8933204080146173,1,ssp585
-60.416666666666664,-8.583333333333332,2.0244772516107314,1,ssp585
-60.25,-8.583333333333332,1.941617983805448,1,ssp585
-60.08333333333333,-8.583333333333332,2.1108823294216092,1,ssp585
-59.916666666666664,-8.583333333333332,2.244381344970793,1,ssp585
-59.75,-8.583333333333332,2.345333638536407,1,ssp585
-59.58333333333333,-8.583333333333332,2.458923450856713,1,ssp585
-59.416666666666664,-8.583333333333332,2.673874763852406,1,ssp585
-59.25,-8.583333333333332,2.7256410811360254,1,ssp585
-59.08333333333333,-8.583333333333332,1.9173612379960385,1,ssp585
-58.916666666666664,-8.583333333333332,2.352407441970975,1,ssp585
-58.75,-8.583333333333332,2.610225415231026,1,ssp585
-58.58333333333333,-8.583333333333332,2.220623486905123,1,ssp585
-58.416666666666664,-8.583333333333332,2.5660428984939077,1,ssp585
-58.25,-8.583333333333332,2.08225679743179,1,ssp585
-58.08333333333333,-8.583333333333332,2.9542845666957507,1,ssp585
-57.916666666666664,-8.583333333333332,2.8617661358415174,1,ssp585
-57.75,-8.583333333333332,3.1416310435663504,1,ssp585
-57.58333333333333,-8.583333333333332,3.11381658658727,1,ssp585
-57.416666666666664,-8.583333333333332,3.2430864445074556,1,ssp585
-57.25,-8.583333333333332,2.8403102835126868,1,ssp585
-57.08333333333333,-8.583333333333332,3.284423422238994,1,ssp585
-56.916666666666664,-8.583333333333332,3.407147782574879,1,ssp585
-56.75,-8.583333333333332,3.4153569526244345,1,ssp585
-56.58333333333333,-8.583333333333332,3.336192538447842,1,ssp585
-56.416666666666664,-8.583333333333332,3.361924290577515,1,ssp585
-56.25,-8.583333333333332,3.379385605873656,1,ssp585
-56.08333333333333,-8.583333333333332,3.3913428904579774,1,ssp585
-55.916666666666664,-8.583333333333332,3.3061949308634055,1,ssp585
-55.75,-8.583333333333332,2.7870721556900935,1,ssp585
-55.58333333333333,-8.583333333333332,3.1141274651980577,1,ssp585
-55.416666666666664,-8.583333333333332,3.6919590034732543,1,ssp585
-55.25,-8.583333333333332,4.034538482862629,1,ssp585
-55.08333333333333,-8.583333333333332,4.1581674423642845,1,ssp585
-54.916666666666664,-8.583333333333332,3.7151826980355662,1,ssp585
-54.75,-8.583333333333332,3.428742911531297,1,ssp585
-54.58333333333333,-8.583333333333332,2.935460111618451,1,ssp585
-54.416666666666664,-8.583333333333332,2.6752799767702284,1,ssp585
-54.25,-8.583333333333332,2.4545392971047586,1,ssp585
-54.08333333333333,-8.583333333333332,2.5775173657690376,1,ssp585
-53.916666666666664,-8.583333333333332,2.5286374386325967,1,ssp585
-53.75,-8.583333333333332,2.512808715882026,1,ssp585
-53.58333333333333,-8.583333333333332,2.4580537127465867,1,ssp585
-53.416666666666664,-8.583333333333332,2.512042297159207,1,ssp585
-53.25,-8.583333333333332,2.3891762109827233,1,ssp585
-53.08333333333333,-8.583333333333332,2.314312895482282,1,ssp585
-52.916666666666664,-8.583333333333332,2.258206182771977,1,ssp585
-52.75,-8.583333333333332,2.3143106360296706,1,ssp585
-52.58333333333333,-8.583333333333332,2.3622743532700814,1,ssp585
-52.416666666666664,-8.583333333333332,2.4261746930706636,1,ssp585
-52.25,-8.583333333333332,2.755001242815934,1,ssp585
-52.08333333333333,-8.583333333333332,2.7103195063037298,1,ssp585
-51.916666666666664,-8.583333333333332,2.334410357981793,1,ssp585
-51.75,-8.583333333333332,2.146479267613309,1,ssp585
-51.58333333333333,-8.583333333333332,2.5277889907693463,1,ssp585
-70.58333333333333,-8.75,1.6119503325455053,1,ssp585
-70.41666666666666,-8.75,1.5480343842236077,1,ssp585
-70.25,-8.75,1.535380149492082,1,ssp585
-70.08333333333333,-8.75,1.4937096613500416,1,ssp585
-69.91666666666666,-8.75,1.460127789752052,1,ssp585
-69.75,-8.75,1.4031973665951498,1,ssp585
-69.58333333333333,-8.75,1.4005289099872185,1,ssp585
-69.41666666666666,-8.75,1.543092220935193,1,ssp585
-69.25,-8.75,1.6487869621686564,1,ssp585
-69.08333333333333,-8.75,1.7316807741213416,1,ssp585
-68.91666666666666,-8.75,1.6635041327316842,1,ssp585
-68.75,-8.75,1.6011127771683507,1,ssp585
-68.58333333333333,-8.75,1.4759537645978873,1,ssp585
-68.41666666666666,-8.75,1.5551714909804681,1,ssp585
-68.25,-8.75,1.534738232044898,1,ssp585
-68.08333333333333,-8.75,1.4161572387388501,1,ssp585
-67.91666666666666,-8.75,1.4968670691185493,1,ssp585
-67.75,-8.75,1.639172789006782,1,ssp585
-67.58333333333333,-8.75,1.8102920270347878,1,ssp585
-67.41666666666666,-8.75,1.8588389784673909,1,ssp585
-67.25,-8.75,2.0178729154588817,1,ssp585
-67.08333333333333,-8.75,1.8879634747191523,1,ssp585
-66.91666666666666,-8.75,1.9483695163851233,1,ssp585
-66.75,-8.75,1.8847470005025238,1,ssp585
-66.58333333333333,-8.75,1.9075810630990655,1,ssp585
-66.41666666666666,-8.75,1.9727500479686992,1,ssp585
-66.25,-8.75,2.029465776843895,1,ssp585
-66.08333333333333,-8.75,2.0506537747739806,1,ssp585
-65.91666666666666,-8.75,2.100144176779981,1,ssp585
-65.75,-8.75,2.02091029731865,1,ssp585
-65.58333333333333,-8.75,1.9987042101330221,1,ssp585
-65.41666666666666,-8.75,1.9415202849437632,1,ssp585
-65.25,-8.75,2.0971256177468796,1,ssp585
-65.08333333333333,-8.75,2.1416045214887443,1,ssp585
-64.91666666666666,-8.75,2.1538736963043523,1,ssp585
-64.75,-8.75,2.0440692625584247,1,ssp585
-64.58333333333333,-8.75,2.0389466895291557,1,ssp585
-64.41666666666666,-8.75,2.001414231585248,1,ssp585
-64.25,-8.75,1.991767575986401,1,ssp585
-64.08333333333333,-8.75,2.072423873348995,1,ssp585
-63.916666666666664,-8.75,2.233364378956731,1,ssp585
-63.74999999999999,-8.75,2.2598200846143914,1,ssp585
-63.58333333333333,-8.75,2.1085973658665735,1,ssp585
-63.416666666666664,-8.75,1.8969154854598578,1,ssp585
-63.24999999999999,-8.75,1.7672253511422162,1,ssp585
-63.08333333333333,-8.75,1.7009637066330017,1,ssp585
-62.916666666666664,-8.75,1.7648641083988907,1,ssp585
-62.75,-8.75,1.798274363967238,1,ssp585
-62.58333333333333,-8.75,1.7282563346456628,1,ssp585
-62.416666666666664,-8.75,1.867676420378935,1,ssp585
-62.25,-8.75,2.0013279388165808,1,ssp585
-62.08333333333333,-8.75,2.4208623064723374,1,ssp585
-61.916666666666664,-8.75,2.302153380814084,1,ssp585
-61.75,-8.75,1.9598727284334712,1,ssp585
-61.58333333333333,-8.75,1.5674933784770788,1,ssp585
-61.416666666666664,-8.75,1.6414861190627097,1,ssp585
-61.25,-8.75,1.7231370512121955,1,ssp585
-61.08333333333333,-8.75,1.8445801645441848,1,ssp585
-60.916666666666664,-8.75,1.847170961841069,1,ssp585
-60.75,-8.75,2.0724372625704146,1,ssp585
-60.58333333333333,-8.75,1.8274688693876642,1,ssp585
-60.416666666666664,-8.75,2.082707629333327,1,ssp585
-60.25,-8.75,1.952722127328958,1,ssp585
-60.08333333333333,-8.75,1.9187322040484485,1,ssp585
-59.916666666666664,-8.75,2.1799781486519723,1,ssp585
-59.75,-8.75,2.2500473084324617,1,ssp585
-59.58333333333333,-8.75,2.305772109094112,1,ssp585
-59.416666666666664,-8.75,2.592600285297468,1,ssp585
-59.25,-8.75,2.7251575454729116,1,ssp585
-59.08333333333333,-8.75,2.0015582430527195,1,ssp585
-58.916666666666664,-8.75,2.5794835293763856,1,ssp585
-58.75,-8.75,2.6784217004843596,1,ssp585
-58.58333333333333,-8.75,2.2111581172171273,1,ssp585
-58.416666666666664,-8.75,2.435434404026255,1,ssp585
-58.25,-8.75,2.1499751648458902,1,ssp585
-58.08333333333333,-8.75,2.5802339152418985,1,ssp585
-57.916666666666664,-8.75,2.199928461958901,1,ssp585
-57.75,-8.75,2.7426072543352515,1,ssp585
-57.58333333333333,-8.75,2.962295269881807,1,ssp585
-57.416666666666664,-8.75,2.8362586972009685,1,ssp585
-57.25,-8.75,2.8751593416442334,1,ssp585
-57.08333333333333,-8.75,3.0143918026249352,1,ssp585
-56.916666666666664,-8.75,2.9684324423155806,1,ssp585
-56.75,-8.75,3.197999862461053,1,ssp585
-56.58333333333333,-8.75,3.4281626657325193,1,ssp585
-56.416666666666664,-8.75,3.586364165745685,1,ssp585
-56.25,-8.75,3.4546847743820432,1,ssp585
-56.08333333333333,-8.75,3.5814785309330075,1,ssp585
-55.916666666666664,-8.75,3.6031656201987787,1,ssp585
-55.75,-8.75,3.4003505403442547,1,ssp585
-55.58333333333333,-8.75,3.088795428167096,1,ssp585
-55.416666666666664,-8.75,3.034569004825878,1,ssp585
-55.25,-8.75,3.5183304262352215,1,ssp585
-55.08333333333333,-8.75,3.792940564584358,1,ssp585
-54.916666666666664,-8.75,3.9449774349858875,1,ssp585
-54.75,-8.75,3.6872091579534905,1,ssp585
-54.58333333333333,-8.75,3.6340205709926745,1,ssp585
-54.416666666666664,-8.75,2.7021223536396897,1,ssp585
-54.25,-8.75,2.5875650290882817,1,ssp585
-54.08333333333333,-8.75,2.604698553902733,1,ssp585
-53.916666666666664,-8.75,2.535050544170072,1,ssp585
-53.75,-8.75,2.508638631932294,1,ssp585
-53.58333333333333,-8.75,2.5479304493296198,1,ssp585
-53.416666666666664,-8.75,2.5940252069735474,1,ssp585
-53.25,-8.75,2.5069813107559997,1,ssp585
-53.08333333333333,-8.75,2.351309124999863,1,ssp585
-52.916666666666664,-8.75,2.400993080259502,1,ssp585
-52.75,-8.75,2.4718524853132227,1,ssp585
-52.58333333333333,-8.75,2.4235172770805944,1,ssp585
-52.416666666666664,-8.75,2.330767001507632,1,ssp585
-52.25,-8.75,2.356953198462411,1,ssp585
-52.08333333333333,-8.75,2.4017770937430885,1,ssp585
-51.916666666666664,-8.75,2.3750543767913443,1,ssp585
-51.75,-8.75,2.264636489937993,1,ssp585
-51.58333333333333,-8.75,2.267245348996553,1,ssp585
-51.416666666666664,-8.75,2.437584520503849,1,ssp585
-51.25,-8.75,2.7639350205950537,1,ssp585
-70.58333333333333,-8.916666666666666,1.5503479750361988,1,ssp585
-70.41666666666666,-8.916666666666666,1.3633078394987383,1,ssp585
-70.25,-8.916666666666666,1.349423400782917,1,ssp585
-70.08333333333333,-8.916666666666666,1.3103194798762121,1,ssp585
-69.91666666666666,-8.916666666666666,1.256852954609814,1,ssp585
-69.75,-8.916666666666666,1.2864135013520799,1,ssp585
-69.58333333333333,-8.916666666666666,1.419001239027998,1,ssp585
-69.41666666666666,-8.916666666666666,1.6511212052975759,1,ssp585
-69.25,-8.916666666666666,1.7337696779549705,1,ssp585
-69.08333333333333,-8.916666666666666,1.5258133791260016,1,ssp585
-68.91666666666666,-8.916666666666666,1.5036813224975591,1,ssp585
-68.75,-8.916666666666666,1.6781819487641247,1,ssp585
-68.58333333333333,-8.916666666666666,1.736821995312146,1,ssp585
-68.41666666666666,-8.916666666666666,1.4898361426171716,1,ssp585
-68.25,-8.916666666666666,1.4345663739792762,1,ssp585
-68.08333333333333,-8.916666666666666,1.6322578715428995,1,ssp585
-67.91666666666666,-8.916666666666666,1.813824427900557,1,ssp585
-67.75,-8.916666666666666,1.8752202826069841,1,ssp585
-67.58333333333333,-8.916666666666666,1.919459513667766,1,ssp585
-67.41666666666666,-8.916666666666666,1.7421592571065518,1,ssp585
-67.25,-8.916666666666666,1.969619080765289,1,ssp585
-67.08333333333333,-8.916666666666666,1.853669286878329,1,ssp585
-66.91666666666666,-8.916666666666666,1.7912636031511922,1,ssp585
-66.75,-8.916666666666666,1.832615076223355,1,ssp585
-66.58333333333333,-8.916666666666666,1.9535261485331,1,ssp585
-66.41666666666666,-8.916666666666666,1.9231895618726924,1,ssp585
-66.25,-8.916666666666666,1.7936604124906586,1,ssp585
-66.08333333333333,-8.916666666666666,1.71825782346578,1,ssp585
-65.91666666666666,-8.916666666666666,1.821033707239764,1,ssp585
-65.75,-8.916666666666666,2.0003304075429136,1,ssp585
-65.58333333333333,-8.916666666666666,2.0791610029273797,1,ssp585
-65.41666666666666,-8.916666666666666,2.0954268230656248,1,ssp585
-65.25,-8.916666666666666,2.1213287697565733,1,ssp585
-65.08333333333333,-8.916666666666666,2.2245908455616794,1,ssp585
-64.91666666666666,-8.916666666666666,2.122428985897071,1,ssp585
-64.75,-8.916666666666666,2.073540838681968,1,ssp585
-64.58333333333333,-8.916666666666666,2.0790722298550297,1,ssp585
-64.41666666666666,-8.916666666666666,2.0512438660362764,1,ssp585
-64.25,-8.916666666666666,2.015138716541564,1,ssp585
-64.08333333333333,-8.916666666666666,2.1118930956722104,1,ssp585
-63.916666666666664,-8.916666666666666,2.067208498264303,1,ssp585
-63.74999999999999,-8.916666666666666,1.9938297750905432,1,ssp585
-63.58333333333333,-8.916666666666666,1.928800812469871,1,ssp585
-63.416666666666664,-8.916666666666666,1.9495829327848315,1,ssp585
-63.24999999999999,-8.916666666666666,1.827188560816836,1,ssp585
-63.08333333333333,-8.916666666666666,1.651420093531145,1,ssp585
-62.916666666666664,-8.916666666666666,1.7272602825622854,1,ssp585
-62.75,-8.916666666666666,1.7388115424337003,1,ssp585
-62.58333333333333,-8.916666666666666,1.8542485410112035,1,ssp585
-62.416666666666664,-8.916666666666666,1.8460505827426414,1,ssp585
-62.25,-8.916666666666666,1.9506668272195717,1,ssp585
-62.08333333333333,-8.916666666666666,2.084282277470516,1,ssp585
-61.916666666666664,-8.916666666666666,2.0324414890000004,1,ssp585
-61.75,-8.916666666666666,1.7168032922180472,1,ssp585
-61.58333333333333,-8.916666666666666,1.7545466438581356,1,ssp585
-61.416666666666664,-8.916666666666666,1.6681688840954676,1,ssp585
-61.25,-8.916666666666666,1.7653181228925594,1,ssp585
-61.08333333333333,-8.916666666666666,1.7854343094694725,1,ssp585
-60.916666666666664,-8.916666666666666,1.892220269292353,1,ssp585
-60.75,-8.916666666666666,1.9255474682875728,1,ssp585
-60.58333333333333,-8.916666666666666,1.8337712918220583,1,ssp585
-60.416666666666664,-8.916666666666666,2.0097204236164252,1,ssp585
-60.25,-8.916666666666666,2.012185982759345,1,ssp585
-60.08333333333333,-8.916666666666666,1.8137984939727139,1,ssp585
-59.916666666666664,-8.916666666666666,1.9731389918083293,1,ssp585
-59.75,-8.916666666666666,2.1633508834518143,1,ssp585
-59.58333333333333,-8.916666666666666,2.3067014506711976,1,ssp585
-59.416666666666664,-8.916666666666666,2.5735869131144953,1,ssp585
-59.25,-8.916666666666666,2.7608332646510583,1,ssp585
-59.08333333333333,-8.916666666666666,2.4474926708266196,1,ssp585
-58.916666666666664,-8.916666666666666,2.1941769652468985,1,ssp585
-58.75,-8.916666666666666,2.1248182447819004,1,ssp585
-58.58333333333333,-8.916666666666666,2.271969286285231,1,ssp585
-58.416666666666664,-8.916666666666666,2.330585463830896,1,ssp585
-58.25,-8.916666666666666,2.2676879640425955,1,ssp585
-58.08333333333333,-8.916666666666666,2.657726508750514,1,ssp585
-57.916666666666664,-8.916666666666666,2.504382911829086,1,ssp585
-57.75,-8.916666666666666,2.7242058010568155,1,ssp585
-57.58333333333333,-8.916666666666666,2.9020917989005555,1,ssp585
-57.416666666666664,-8.916666666666666,3.0662217215837844,1,ssp585
-57.25,-8.916666666666666,2.940297555636728,1,ssp585
-57.08333333333333,-8.916666666666666,2.890224019888289,1,ssp585
-56.916666666666664,-8.916666666666666,2.8321807160366634,1,ssp585
-56.75,-8.916666666666666,3.0174246418033492,1,ssp585
-56.58333333333333,-8.916666666666666,3.165279204743719,1,ssp585
-56.416666666666664,-8.916666666666666,3.0610510200229815,1,ssp585
-56.25,-8.916666666666666,3.043131155075343,1,ssp585
-56.08333333333333,-8.916666666666666,3.091567691224784,1,ssp585
-55.916666666666664,-8.916666666666666,3.168705207721669,1,ssp585
-55.75,-8.916666666666666,3.6124728202347445,1,ssp585
-55.58333333333333,-8.916666666666666,3.3382967315990255,1,ssp585
-55.416666666666664,-8.916666666666666,3.1616266667675452,1,ssp585
-55.25,-8.916666666666666,3.253883477316169,1,ssp585
-55.08333333333333,-8.916666666666666,3.374719301097557,1,ssp585
-54.916666666666664,-8.916666666666666,3.703477198567155,1,ssp585
-54.75,-8.916666666666666,3.742278822358255,1,ssp585
-54.58333333333333,-8.916666666666666,3.6962158961788147,1,ssp585
-54.416666666666664,-8.916666666666666,2.938435996517108,1,ssp585
-54.25,-8.916666666666666,2.6099087367666223,1,ssp585
-54.08333333333333,-8.916666666666666,2.577932059024973,1,ssp585
-53.916666666666664,-8.916666666666666,2.5235608928702375,1,ssp585
-53.75,-8.916666666666666,2.6109705918223054,1,ssp585
-53.58333333333333,-8.916666666666666,2.617520437802398,1,ssp585
-53.416666666666664,-8.916666666666666,2.58962566727415,1,ssp585
-53.25,-8.916666666666666,2.5269249012257253,1,ssp585
-53.08333333333333,-8.916666666666666,2.4202863841578472,1,ssp585
-52.916666666666664,-8.916666666666666,2.4248245428223263,1,ssp585
-52.75,-8.916666666666666,2.4778633246475925,1,ssp585
-52.58333333333333,-8.916666666666666,2.4001903332771746,1,ssp585
-52.416666666666664,-8.916666666666666,2.3756237031875322,1,ssp585
-52.25,-8.916666666666666,2.3756824068149944,1,ssp585
-52.08333333333333,-8.916666666666666,2.446304867859283,1,ssp585
-51.916666666666664,-8.916666666666666,2.4693838970050566,1,ssp585
-51.75,-8.916666666666666,2.400082359446033,1,ssp585
-51.58333333333333,-8.916666666666666,2.320056503435462,1,ssp585
-51.416666666666664,-8.916666666666666,2.4742286420341317,1,ssp585
-51.25,-8.916666666666666,2.575518266591537,1,ssp585
-51.08333333333333,-8.916666666666666,2.259556579444337,1,ssp585
-50.916666666666664,-8.916666666666666,2.5861493953611396,1,ssp585
-70.75,-9.083333333333332,1.4396230436888637,1,ssp585
-70.58333333333333,-9.083333333333332,1.4094146913006256,1,ssp585
-70.41666666666666,-9.083333333333332,1.321174843169974,1,ssp585
-70.25,-9.083333333333332,1.2974046278878988,1,ssp585
-70.08333333333333,-9.083333333333332,1.3174581250882373,1,ssp585
-69.91666666666666,-9.083333333333332,1.286635592068758,1,ssp585
-69.75,-9.083333333333332,1.329679280192415,1,ssp585
-69.58333333333333,-9.083333333333332,1.4132743393390947,1,ssp585
-69.41666666666666,-9.083333333333332,1.3700583706091716,1,ssp585
-69.25,-9.083333333333332,1.4045344931809405,1,ssp585
-69.08333333333333,-9.083333333333332,1.5165035421962099,1,ssp585
-68.91666666666666,-9.083333333333332,1.6807420272495486,1,ssp585
-68.75,-9.083333333333332,1.8485222073124605,1,ssp585
-68.58333333333333,-9.083333333333332,1.98594247235471,1,ssp585
-68.41666666666666,-9.083333333333332,1.8506767330743341,1,ssp585
-68.25,-9.083333333333332,1.8034806026009305,1,ssp585
-68.08333333333333,-9.083333333333332,1.8521629582717452,1,ssp585
-67.91666666666666,-9.083333333333332,1.7536256328390734,1,ssp585
-67.75,-9.083333333333332,1.6625967745253492,1,ssp585
-67.58333333333333,-9.083333333333332,1.7006990337395207,1,ssp585
-67.41666666666666,-9.083333333333332,1.7505613515951308,1,ssp585
-67.25,-9.083333333333332,1.7786965464841653,1,ssp585
-67.08333333333333,-9.083333333333332,1.5454641958985291,1,ssp585
-66.91666666666666,-9.083333333333332,1.6972213586927842,1,ssp585
-66.75,-9.083333333333332,1.7812834509221889,1,ssp585
-66.58333333333333,-9.083333333333332,1.854484472816207,1,ssp585
-66.41666666666666,-9.083333333333332,1.970886362221978,1,ssp585
-66.25,-9.083333333333332,1.6441027617295187,1,ssp585
-66.08333333333333,-9.083333333333332,1.5305855898425116,1,ssp585
-65.91666666666666,-9.083333333333332,1.4775470237070187,1,ssp585
-65.75,-9.083333333333332,1.8376892225062582,1,ssp585
-65.58333333333333,-9.083333333333332,1.9181559453132742,1,ssp585
-65.41666666666666,-9.083333333333332,1.8356125704972057,1,ssp585
-65.25,-9.083333333333332,1.8157936527996639,1,ssp585
-65.08333333333333,-9.083333333333332,1.9089491648002586,1,ssp585
-64.91666666666666,-9.083333333333332,2.007044495933884,1,ssp585
-64.75,-9.083333333333332,2.063027525661151,1,ssp585
-64.58333333333333,-9.083333333333332,2.1769458222355533,1,ssp585
-64.41666666666666,-9.083333333333332,2.15777261573341,1,ssp585
-64.25,-9.083333333333332,2.1668462210721495,1,ssp585
-64.08333333333333,-9.083333333333332,2.0365438893114924,1,ssp585
-63.916666666666664,-9.083333333333332,2.051311539105077,1,ssp585
-63.74999999999999,-9.083333333333332,1.8952237771293907,1,ssp585
-63.58333333333333,-9.083333333333332,1.8033042190439013,1,ssp585
-63.416666666666664,-9.083333333333332,1.860836964151923,1,ssp585
-63.24999999999999,-9.083333333333332,1.8323016361547637,1,ssp585
-63.08333333333333,-9.083333333333332,1.637731207651226,1,ssp585
-62.916666666666664,-9.083333333333332,1.6935724486978745,1,ssp585
-62.75,-9.083333333333332,1.7168378108075324,1,ssp585
-62.58333333333333,-9.083333333333332,1.9107400739054257,1,ssp585
-62.416666666666664,-9.083333333333332,1.876901531625812,1,ssp585
-62.25,-9.083333333333332,1.9057214775036264,1,ssp585
-62.08333333333333,-9.083333333333332,1.9920568850379132,1,ssp585
-61.916666666666664,-9.083333333333332,1.7646442411115357,1,ssp585
-61.75,-9.083333333333332,1.7210272014681176,1,ssp585
-61.58333333333333,-9.083333333333332,1.7695683119478287,1,ssp585
-61.416666666666664,-9.083333333333332,1.6705825827063434,1,ssp585
-61.25,-9.083333333333332,1.728745761997098,1,ssp585
-61.08333333333333,-9.083333333333332,1.695393955008429,1,ssp585
-60.916666666666664,-9.083333333333332,1.7794983237184134,1,ssp585
-60.75,-9.083333333333332,1.8580188213480586,1,ssp585
-60.58333333333333,-9.083333333333332,1.7665352232004092,1,ssp585
-60.416666666666664,-9.083333333333332,2.056285872720836,1,ssp585
-60.25,-9.083333333333332,2.093582238983427,1,ssp585
-60.08333333333333,-9.083333333333332,2.1056334810814055,1,ssp585
-59.916666666666664,-9.083333333333332,1.9038467223328612,1,ssp585
-59.75,-9.083333333333332,2.185709262126717,1,ssp585
-59.58333333333333,-9.083333333333332,2.4486560630655827,1,ssp585
-59.416666666666664,-9.083333333333332,2.641752285898885,1,ssp585
-59.25,-9.083333333333332,2.5670368971862634,1,ssp585
-59.08333333333333,-9.083333333333332,2.6788040612229405,1,ssp585
-58.916666666666664,-9.083333333333332,2.770674733485496,1,ssp585
-58.75,-9.083333333333332,2.1632979375665475,1,ssp585
-58.58333333333333,-9.083333333333332,2.344905386297304,1,ssp585
-58.416666666666664,-9.083333333333332,2.417477892783342,1,ssp585
-58.25,-9.083333333333332,2.4331293469876476,1,ssp585
-58.08333333333333,-9.083333333333332,2.4089029586570403,1,ssp585
-57.916666666666664,-9.083333333333332,2.656895038925324,1,ssp585
-57.75,-9.083333333333332,2.379159872574841,1,ssp585
-57.58333333333333,-9.083333333333332,2.9716227160764808,1,ssp585
-57.416666666666664,-9.083333333333332,3.490930257814124,1,ssp585
-57.25,-9.083333333333332,3.2004834848365773,1,ssp585
-57.08333333333333,-9.083333333333332,3.1907012101246743,1,ssp585
-56.916666666666664,-9.083333333333332,3.178734620937079,1,ssp585
-56.75,-9.083333333333332,3.3208311842049163,1,ssp585
-56.58333333333333,-9.083333333333332,3.101784026344492,1,ssp585
-56.416666666666664,-9.083333333333332,2.8411434698650786,1,ssp585
-56.25,-9.083333333333332,2.817873970539038,1,ssp585
-56.08333333333333,-9.083333333333332,3.1262009070336987,1,ssp585
-55.916666666666664,-9.083333333333332,3.2577890174065787,1,ssp585
-55.75,-9.083333333333332,3.5377002983119175,1,ssp585
-55.58333333333333,-9.083333333333332,3.564106911194717,1,ssp585
-55.416666666666664,-9.083333333333332,3.512211063843644,1,ssp585
-55.25,-9.083333333333332,3.332206763908882,1,ssp585
-55.08333333333333,-9.083333333333332,3.3310388136918627,1,ssp585
-54.916666666666664,-9.083333333333332,3.6288788656761337,1,ssp585
-54.75,-9.083333333333332,3.7622433095086127,1,ssp585
-54.58333333333333,-9.083333333333332,3.7085146294388913,1,ssp585
-54.416666666666664,-9.083333333333332,3.362199650075935,1,ssp585
-54.25,-9.083333333333332,2.6479543853910417,1,ssp585
-54.08333333333333,-9.083333333333332,2.50731449542132,1,ssp585
-53.916666666666664,-9.083333333333332,2.5644923739024317,1,ssp585
-53.75,-9.083333333333332,2.614319108515582,1,ssp585
-53.58333333333333,-9.083333333333332,2.628204541798283,1,ssp585
-53.416666666666664,-9.083333333333332,2.6021335347965655,1,ssp585
-53.25,-9.083333333333332,2.5209410136393036,1,ssp585
-53.08333333333333,-9.083333333333332,2.4411238663993333,1,ssp585
-52.916666666666664,-9.083333333333332,2.4766111975697864,1,ssp585
-52.75,-9.083333333333332,2.4415923198717633,1,ssp585
-52.58333333333333,-9.083333333333332,2.309182013927907,1,ssp585
-52.416666666666664,-9.083333333333332,2.275014439955297,1,ssp585
-52.25,-9.083333333333332,2.2241956476032523,1,ssp585
-52.08333333333333,-9.083333333333332,2.3788624063276598,1,ssp585
-51.916666666666664,-9.083333333333332,2.728742811856501,1,ssp585
-51.75,-9.083333333333332,2.731755331280497,1,ssp585
-51.58333333333333,-9.083333333333332,2.3014178677380364,1,ssp585
-51.416666666666664,-9.083333333333332,2.4508991774355304,1,ssp585
-51.25,-9.083333333333332,2.6300053023774104,1,ssp585
-51.08333333333333,-9.083333333333332,2.5676415196493543,1,ssp585
-50.916666666666664,-9.083333333333332,2.8412242760130355,1,ssp585
-50.75,-9.083333333333332,2.864642292142011,1,ssp585
-50.58333333333333,-9.083333333333332,2.895739391500251,1,ssp585
-70.75,-9.25,1.3380629461250069,1,ssp585
-70.58333333333333,-9.25,1.2830133672074298,1,ssp585
-70.41666666666666,-9.25,1.2828145683706358,1,ssp585
-70.25,-9.25,1.252360429959632,1,ssp585
-70.08333333333333,-9.25,1.2226557814524897,1,ssp585
-69.91666666666666,-9.25,1.2282304677576148,1,ssp585
-69.75,-9.25,1.1479742239141355,1,ssp585
-69.58333333333333,-9.25,1.1704397442872847,1,ssp585
-69.41666666666666,-9.25,1.2891844237218664,1,ssp585
-69.25,-9.25,1.3947310564418882,1,ssp585
-69.08333333333333,-9.25,1.3904334971836485,1,ssp585
-68.91666666666666,-9.25,1.489823499603987,1,ssp585
-68.75,-9.25,1.717625788267491,1,ssp585
-68.58333333333333,-9.25,1.9399100870020773,1,ssp585
-68.41666666666666,-9.25,1.7918822275934254,1,ssp585
-68.25,-9.25,1.6881820467674629,1,ssp585
-68.08333333333333,-9.25,1.6754575648000471,1,ssp585
-67.91666666666666,-9.25,1.6401636961825352,1,ssp585
-67.75,-9.25,1.671441216716609,1,ssp585
-67.58333333333333,-9.25,1.6634662748637912,1,ssp585
-67.41666666666666,-9.25,1.6619469609411928,1,ssp585
-67.25,-9.25,1.5500487321596577,1,ssp585
-67.08333333333333,-9.25,1.7051937876149765,1,ssp585
-66.91666666666666,-9.25,1.6341445714136527,1,ssp585
-66.75,-9.25,1.7093107084990877,1,ssp585
-66.58333333333333,-9.25,1.9518741953791554,1,ssp585
-66.41666666666666,-9.25,1.864158477738027,1,ssp585
-66.25,-9.25,1.7113868410349151,1,ssp585
-66.08333333333333,-9.25,1.7044835631680841,1,ssp585
-65.91666666666666,-9.25,1.5545438515698076,1,ssp585
-65.75,-9.25,1.8162411507488023,1,ssp585
-65.58333333333333,-9.25,1.989279718705679,1,ssp585
-65.41666666666666,-9.25,1.8050080734109133,1,ssp585
-65.25,-9.25,1.7218946349301125,1,ssp585
-65.08333333333333,-9.25,1.9632607854590067,1,ssp585
-64.91666666666666,-9.25,2.103011854114989,1,ssp585
-64.75,-9.25,2.1497227616315935,1,ssp585
-64.58333333333333,-9.25,2.3132093101019375,1,ssp585
-64.41666666666666,-9.25,2.3108369930143957,1,ssp585
-64.25,-9.25,2.102238435595823,1,ssp585
-64.08333333333333,-9.25,1.9393638093004661,1,ssp585
-63.916666666666664,-9.25,1.9447400877344074,1,ssp585
-63.74999999999999,-9.25,1.8575257118594748,1,ssp585
-63.58333333333333,-9.25,1.8405828467747123,1,ssp585
-63.416666666666664,-9.25,1.8518909607821479,1,ssp585
-63.24999999999999,-9.25,1.81438048620845,1,ssp585
-63.08333333333333,-9.25,1.6842035982470662,1,ssp585
-62.916666666666664,-9.25,1.6475834115858679,1,ssp585
-62.75,-9.25,1.6556732800813696,1,ssp585
-62.58333333333333,-9.25,1.9267450061020823,1,ssp585
-62.416666666666664,-9.25,1.7107233106861546,1,ssp585
-62.25,-9.25,1.5806151671777595,1,ssp585
-62.08333333333333,-9.25,1.5858565695922184,1,ssp585
-61.916666666666664,-9.25,1.7456933469851725,1,ssp585
-61.75,-9.25,1.6613457908339895,1,ssp585
-61.58333333333333,-9.25,1.5965845056230337,1,ssp585
-61.416666666666664,-9.25,1.6405345260878,1,ssp585
-61.25,-9.25,1.5755444718172407,1,ssp585
-61.08333333333333,-9.25,1.5981431053868729,1,ssp585
-60.916666666666664,-9.25,1.7670740358261332,1,ssp585
-60.75,-9.25,1.928753539126254,1,ssp585
-60.58333333333333,-9.25,1.9423478123896616,1,ssp585
-60.416666666666664,-9.25,2.115324735076425,1,ssp585
-60.25,-9.25,2.1935692785298038,1,ssp585
-60.08333333333333,-9.25,2.008892701867,1,ssp585
-59.916666666666664,-9.25,1.9256009405236956,1,ssp585
-59.75,-9.25,2.126462292562926,1,ssp585
-59.58333333333333,-9.25,2.4643059574547754,1,ssp585
-59.416666666666664,-9.25,2.652598709397094,1,ssp585
-59.25,-9.25,2.487542007649253,1,ssp585
-59.08333333333333,-9.25,2.760018058010111,1,ssp585
-58.916666666666664,-9.25,2.612800009270706,1,ssp585
-58.75,-9.25,2.2476315312131114,1,ssp585
-58.58333333333333,-9.25,2.3817668248646937,1,ssp585
-58.416666666666664,-9.25,2.3785619805110514,1,ssp585
-58.25,-9.25,2.4667228245346,1,ssp585
-58.08333333333333,-9.25,2.6257250827473264,1,ssp585
-57.916666666666664,-9.25,2.7100089857724607,1,ssp585
-57.75,-9.25,2.3703090920144527,1,ssp585
-57.58333333333333,-9.25,2.4121361098017284,1,ssp585
-57.416666666666664,-9.25,2.7534960143836966,1,ssp585
-57.25,-9.25,2.8270553002524297,1,ssp585
-57.08333333333333,-9.25,3.069808483104047,1,ssp585
-56.916666666666664,-9.25,3.1371638733973866,1,ssp585
-56.75,-9.25,3.1458759485576233,1,ssp585
-56.58333333333333,-9.25,3.115480581134184,1,ssp585
-56.416666666666664,-9.25,3.201067259582103,1,ssp585
-56.25,-9.25,3.440231201151963,1,ssp585
-56.08333333333333,-9.25,3.3848845895941184,1,ssp585
-55.916666666666664,-9.25,3.3251749479076924,1,ssp585
-55.75,-9.25,3.395882134145678,1,ssp585
-55.58333333333333,-9.25,3.3222384615349427,1,ssp585
-55.416666666666664,-9.25,3.5552540172339855,1,ssp585
-55.25,-9.25,3.4592741355506607,1,ssp585
-55.08333333333333,-9.25,3.6352219588824526,1,ssp585
-54.916666666666664,-9.25,3.790823539030231,1,ssp585
-54.75,-9.25,3.8666784668779015,1,ssp585
-54.58333333333333,-9.25,3.8733416378422962,1,ssp585
-54.416666666666664,-9.25,3.40800053989349,1,ssp585
-54.25,-9.25,2.6780183017157344,1,ssp585
-54.08333333333333,-9.25,2.574977866957326,1,ssp585
-53.916666666666664,-9.25,2.6205613586827403,1,ssp585
-53.75,-9.25,2.6371667957574108,1,ssp585
-53.58333333333333,-9.25,2.589799750637616,1,ssp585
-53.416666666666664,-9.25,2.606268909171901,1,ssp585
-53.25,-9.25,2.552804535372208,1,ssp585
-53.08333333333333,-9.25,2.48933082542415,1,ssp585
-52.916666666666664,-9.25,2.403865237771583,1,ssp585
-52.75,-9.25,2.4184601956804985,1,ssp585
-52.58333333333333,-9.25,2.257316087658335,1,ssp585
-52.416666666666664,-9.25,2.2414740764774628,1,ssp585
-52.25,-9.25,2.3437391348805354,1,ssp585
-52.08333333333333,-9.25,2.3774818770815025,1,ssp585
-51.916666666666664,-9.25,2.784281395283441,1,ssp585
-51.75,-9.25,3.005116611152991,1,ssp585
-51.58333333333333,-9.25,2.3528653106587383,1,ssp585
-51.416666666666664,-9.25,2.6069216264371673,1,ssp585
-51.25,-9.25,2.5831831202340503,1,ssp585
-51.08333333333333,-9.25,2.5551220417838234,1,ssp585
-50.916666666666664,-9.25,2.7717839303996694,1,ssp585
-50.75,-9.25,2.495788854424762,1,ssp585
-50.58333333333333,-9.25,3.0299893132352897,1,ssp585
-50.416666666666664,-9.25,3.2285448705510014,1,ssp585
-70.75,-9.416666666666666,1.2242629341021718,1,ssp585
-70.58333333333333,-9.416666666666666,1.2655458086369114,1,ssp585
-70.41666666666666,-9.416666666666666,1.2201695310325886,1,ssp585
-70.25,-9.416666666666666,1.082691372127657,1,ssp585
-70.08333333333333,-9.416666666666666,1.152440552607512,1,ssp585
-69.91666666666666,-9.416666666666666,1.0315717409905,1,ssp585
-69.75,-9.416666666666666,0.9757840164319962,1,ssp585
-69.58333333333333,-9.416666666666666,1.144010611795,1,ssp585
-69.41666666666666,-9.416666666666666,1.2081990260354494,1,ssp585
-69.25,-9.416666666666666,1.3592864545911192,1,ssp585
-69.08333333333333,-9.416666666666666,1.3764394857259943,1,ssp585
-68.91666666666666,-9.416666666666666,1.5597220353487118,1,ssp585
-68.75,-9.416666666666666,1.628028253393078,1,ssp585
-68.58333333333333,-9.416666666666666,1.457152611969101,1,ssp585
-68.41666666666666,-9.416666666666666,1.6187606940968593,1,ssp585
-68.25,-9.416666666666666,1.6777277507687123,1,ssp585
-68.08333333333333,-9.416666666666666,1.6764140031909938,1,ssp585
-67.91666666666666,-9.416666666666666,1.705652583092513,1,ssp585
-67.75,-9.416666666666666,1.7043822501159636,1,ssp585
-67.58333333333333,-9.416666666666666,1.7238293837131637,1,ssp585
-67.41666666666666,-9.416666666666666,1.6584057820690659,1,ssp585
-67.25,-9.416666666666666,1.5349460627180305,1,ssp585
-67.08333333333333,-9.416666666666666,1.513675212142092,1,ssp585
-66.91666666666666,-9.416666666666666,1.5684749641248776,1,ssp585
-66.75,-9.416666666666666,1.8171273430147539,1,ssp585
-66.58333333333333,-9.416666666666666,1.9186881809196643,1,ssp585
-66.41666666666666,-9.416666666666666,1.7528406304858701,1,ssp585
-66.25,-9.416666666666666,1.8733812956832387,1,ssp585
-66.08333333333333,-9.416666666666666,1.784543897639287,1,ssp585
-65.91666666666666,-9.416666666666666,1.8592859942075701,1,ssp585
-65.75,-9.416666666666666,2.0170050065966034,1,ssp585
-65.58333333333333,-9.416666666666666,2.1203743678762583,1,ssp585
-65.41666666666666,-9.416666666666666,1.866972860876438,1,ssp585
-65.25,-9.416666666666666,1.7520231710942666,1,ssp585
-65.08333333333333,-9.416666666666666,1.9128174758875378,1,ssp585
-64.91666666666666,-9.416666666666666,2.258540575345417,1,ssp585
-64.75,-9.416666666666666,2.3637121568246866,1,ssp585
-64.58333333333333,-9.416666666666666,2.320438890645407,1,ssp585
-64.41666666666666,-9.416666666666666,2.1732139693966244,1,ssp585
-64.25,-9.416666666666666,2.02740070614873,1,ssp585
-64.08333333333333,-9.416666666666666,1.7443382043855136,1,ssp585
-63.916666666666664,-9.416666666666666,1.741677162304799,1,ssp585
-63.74999999999999,-9.416666666666666,1.8431473472962683,1,ssp585
-63.58333333333333,-9.416666666666666,1.7790178988281997,1,ssp585
-63.416666666666664,-9.416666666666666,1.7824754246762722,1,ssp585
-63.24999999999999,-9.416666666666666,1.7321682916014678,1,ssp585
-63.08333333333333,-9.416666666666666,1.7041369633550645,1,ssp585
-62.916666666666664,-9.416666666666666,1.5850905342001969,1,ssp585
-62.75,-9.416666666666666,1.703141976120942,1,ssp585
-62.58333333333333,-9.416666666666666,2.0030943764791176,1,ssp585
-62.416666666666664,-9.416666666666666,1.6887498608639102,1,ssp585
-62.25,-9.416666666666666,1.5352007124441172,1,ssp585
-62.08333333333333,-9.416666666666666,1.7667843946074435,1,ssp585
-61.916666666666664,-9.416666666666666,1.7358263143413275,1,ssp585
-61.75,-9.416666666666666,1.627573485991448,1,ssp585
-61.58333333333333,-9.416666666666666,1.5061070935193355,1,ssp585
-61.416666666666664,-9.416666666666666,1.6148058950885058,1,ssp585
-61.25,-9.416666666666666,1.6555009496928643,1,ssp585
-61.08333333333333,-9.416666666666666,1.6411845083986325,1,ssp585
-60.916666666666664,-9.416666666666666,1.7515316637849874,1,ssp585
-60.75,-9.416666666666666,1.8321125533674447,1,ssp585
-60.58333333333333,-9.416666666666666,1.9638118340729613,1,ssp585
-60.416666666666664,-9.416666666666666,1.9663806144357308,1,ssp585
-60.25,-9.416666666666666,2.129836669191512,1,ssp585
-60.08333333333333,-9.416666666666666,2.1354854976001327,1,ssp585
-59.916666666666664,-9.416666666666666,2.1409496290352905,1,ssp585
-59.75,-9.416666666666666,2.1656491344535884,1,ssp585
-59.58333333333333,-9.416666666666666,2.5613262293300965,1,ssp585
-59.416666666666664,-9.416666666666666,2.777537659477566,1,ssp585
-59.25,-9.416666666666666,3.1234315003163857,1,ssp585
-59.08333333333333,-9.416666666666666,3.121915417621465,1,ssp585
-58.916666666666664,-9.416666666666666,2.627405537473142,1,ssp585
-58.75,-9.416666666666666,2.189402700862731,1,ssp585
-58.58333333333333,-9.416666666666666,2.348875688251703,1,ssp585
-58.416666666666664,-9.416666666666666,2.5024161302984544,1,ssp585
-58.25,-9.416666666666666,2.907280072415008,1,ssp585
-58.08333333333333,-9.416666666666666,2.562942664171372,1,ssp585
-57.916666666666664,-9.416666666666666,2.6897648820616817,1,ssp585
-57.75,-9.416666666666666,2.5288128818436553,1,ssp585
-57.58333333333333,-9.416666666666666,2.5104446502973214,1,ssp585
-57.416666666666664,-9.416666666666666,3.014217627587388,1,ssp585
-57.25,-9.416666666666666,3.148871311582295,1,ssp585
-57.08333333333333,-9.416666666666666,2.893475993013671,1,ssp585
-56.916666666666664,-9.416666666666666,2.7440605807113436,1,ssp585
-56.75,-9.416666666666666,2.976458440339042,1,ssp585
-56.58333333333333,-9.416666666666666,3.1090414060554377,1,ssp585
-56.416666666666664,-9.416666666666666,3.256310061072003,1,ssp585
-56.25,-9.416666666666666,3.024001684079435,1,ssp585
-56.08333333333333,-9.416666666666666,3.2028048877240978,1,ssp585
-55.916666666666664,-9.416666666666666,3.4982612609002115,1,ssp585
-55.75,-9.416666666666666,3.1766200135862523,1,ssp585
-55.58333333333333,-9.416666666666666,3.095198108148936,1,ssp585
-55.416666666666664,-9.416666666666666,3.397120366877739,1,ssp585
-55.25,-9.416666666666666,3.7088450794334102,1,ssp585
-55.08333333333333,-9.416666666666666,3.7929649396478062,1,ssp585
-54.916666666666664,-9.416666666666666,3.9263845206924852,1,ssp585
-54.75,-9.416666666666666,3.743363080425682,1,ssp585
-54.58333333333333,-9.416666666666666,3.855400211475071,1,ssp585
-54.416666666666664,-9.416666666666666,3.080246416889741,1,ssp585
-54.25,-9.416666666666666,2.665975901286303,1,ssp585
-54.08333333333333,-9.416666666666666,2.5675983766278367,1,ssp585
-53.916666666666664,-9.416666666666666,2.6187148058162855,1,ssp585
-53.75,-9.416666666666666,2.5820997746014447,1,ssp585
-53.58333333333333,-9.416666666666666,2.5725100969398222,1,ssp585
-53.416666666666664,-9.416666666666666,2.602638343806068,1,ssp585
-53.25,-9.416666666666666,2.5382091227087975,1,ssp585
-53.08333333333333,-9.416666666666666,2.4908604455095555,1,ssp585
-52.916666666666664,-9.416666666666666,2.4241798930030583,1,ssp585
-52.75,-9.416666666666666,2.5249870759393387,1,ssp585
-52.58333333333333,-9.416666666666666,2.448852220471632,1,ssp585
-52.416666666666664,-9.416666666666666,2.280333452535685,1,ssp585
-52.25,-9.416666666666666,2.3432263653900214,1,ssp585
-52.08333333333333,-9.416666666666666,2.5813214145746795,1,ssp585
-51.916666666666664,-9.416666666666666,2.5385043329095835,1,ssp585
-51.75,-9.416666666666666,2.840681007253539,1,ssp585
-51.58333333333333,-9.416666666666666,2.491717842859252,1,ssp585
-51.416666666666664,-9.416666666666666,2.4981498291343147,1,ssp585
-51.25,-9.416666666666666,2.545822557338181,1,ssp585
-51.08333333333333,-9.416666666666666,2.8415120622668386,1,ssp585
-50.916666666666664,-9.416666666666666,3.339636072585294,1,ssp585
-50.75,-9.416666666666666,2.8454401337092823,1,ssp585
-50.58333333333333,-9.416666666666666,2.843680824967732,1,ssp585
-50.416666666666664,-9.416666666666666,2.984803135707563,1,ssp585
-50.25,-9.416666666666666,2.964662845858009,1,ssp585
-70.41666666666666,-9.583333333333332,1.1578485456249659,1,ssp585
-70.25,-9.583333333333332,1.2007939515585355,1,ssp585
-70.08333333333333,-9.583333333333332,1.2103115969922587,1,ssp585
-69.91666666666666,-9.583333333333332,1.1045859594900522,1,ssp585
-69.75,-9.583333333333332,1.2238875065338108,1,ssp585
-69.58333333333333,-9.583333333333332,1.047780396237257,1,ssp585
-69.41666666666666,-9.583333333333332,1.2146704348681159,1,ssp585
-69.25,-9.583333333333332,1.1776881339416139,1,ssp585
-69.08333333333333,-9.583333333333332,1.3570925940286067,1,ssp585
-68.91666666666666,-9.583333333333332,1.4878083434103138,1,ssp585
-68.75,-9.583333333333332,1.5983988577752237,1,ssp585
-68.58333333333333,-9.583333333333332,1.3900626688313076,1,ssp585
-68.41666666666666,-9.583333333333332,1.7041316632682473,1,ssp585
-68.25,-9.583333333333332,1.792100654575486,1,ssp585
-68.08333333333333,-9.583333333333332,1.6902392815891558,1,ssp585
-67.91666666666666,-9.583333333333332,1.7896984643554803,1,ssp585
-67.75,-9.583333333333332,1.870840751763184,1,ssp585
-67.58333333333333,-9.583333333333332,1.8710823928559102,1,ssp585
-67.41666666666666,-9.583333333333332,1.6801103429553097,1,ssp585
-67.25,-9.583333333333332,1.743291566773018,1,ssp585
-67.08333333333333,-9.583333333333332,1.7260049392623038,1,ssp585
-66.91666666666666,-9.583333333333332,1.817565238768614,1,ssp585
-66.75,-9.583333333333332,1.8610557122261628,1,ssp585
-66.58333333333333,-9.583333333333332,1.901928827936902,1,ssp585
-66.41666666666666,-9.583333333333332,1.9518039167415449,1,ssp585
-66.25,-9.583333333333332,1.8706122410553996,1,ssp585
-66.08333333333333,-9.583333333333332,1.7812081324029794,1,ssp585
-65.91666666666666,-9.583333333333332,1.7246616146111917,1,ssp585
-65.75,-9.583333333333332,1.972434652850663,1,ssp585
-65.58333333333333,-9.583333333333332,2.0358638051408247,1,ssp585
-65.41666666666666,-9.583333333333332,2.168763645159369,1,ssp585
-65.25,-9.583333333333332,2.332641968379334,1,ssp585
-65.08333333333333,-9.583333333333332,2.380277871252292,1,ssp585
-64.91666666666666,-9.583333333333332,2.44254752540325,1,ssp585
-64.75,-9.583333333333332,2.3242995454093762,1,ssp585
-64.58333333333333,-9.583333333333332,2.271486937162172,1,ssp585
-64.41666666666666,-9.583333333333332,2.1950806188330954,1,ssp585
-64.25,-9.583333333333332,2.0354619370069615,1,ssp585
-64.08333333333333,-9.583333333333332,1.9202719025518487,1,ssp585
-63.916666666666664,-9.583333333333332,1.7346271936994366,1,ssp585
-63.74999999999999,-9.583333333333332,1.8395695867567246,1,ssp585
-63.58333333333333,-9.583333333333332,1.8411139620548385,1,ssp585
-63.416666666666664,-9.583333333333332,1.7797256124933498,1,ssp585
-63.24999999999999,-9.583333333333332,1.8245670955121929,1,ssp585
-63.08333333333333,-9.583333333333332,1.8415154439505956,1,ssp585
-62.916666666666664,-9.583333333333332,1.8835652317968803,1,ssp585
-62.75,-9.583333333333332,1.8630772043803367,1,ssp585
-62.58333333333333,-9.583333333333332,1.4320676522799294,1,ssp585
-62.416666666666664,-9.583333333333332,1.1538603719392575,1,ssp585
-62.25,-9.583333333333332,1.5173660894243355,1,ssp585
-62.08333333333333,-9.583333333333332,1.7639571148491187,1,ssp585
-61.916666666666664,-9.583333333333332,1.7528198253130682,1,ssp585
-61.75,-9.583333333333332,1.652245448478734,1,ssp585
-61.58333333333333,-9.583333333333332,1.6142598519742666,1,ssp585
-61.416666666666664,-9.583333333333332,1.5980394684526775,1,ssp585
-61.25,-9.583333333333332,1.694466820303387,1,ssp585
-61.08333333333333,-9.583333333333332,1.5882928247044574,1,ssp585
-60.916666666666664,-9.583333333333332,1.5699452375247802,1,ssp585
-60.75,-9.583333333333332,1.7637587375547952,1,ssp585
-60.58333333333333,-9.583333333333332,1.9649399225205368,1,ssp585
-60.416666666666664,-9.583333333333332,1.8449901276655685,1,ssp585
-60.25,-9.583333333333332,2.0328444140165733,1,ssp585
-60.08333333333333,-9.583333333333332,1.852764912887669,1,ssp585
-59.916666666666664,-9.583333333333332,1.7980346525629132,1,ssp585
-59.75,-9.583333333333332,2.1038869497938246,1,ssp585
-59.58333333333333,-9.583333333333332,2.3371462011842037,1,ssp585
-59.416666666666664,-9.583333333333332,2.5522556770912876,1,ssp585
-59.25,-9.583333333333332,2.758388756034957,1,ssp585
-59.08333333333333,-9.583333333333332,2.5777419763302216,1,ssp585
-58.916666666666664,-9.583333333333332,2.2085293059588396,1,ssp585
-58.75,-9.583333333333332,2.1190900815859073,1,ssp585
-58.58333333333333,-9.583333333333332,2.2608507629397265,1,ssp585
-58.416666666666664,-9.583333333333332,2.433552100172887,1,ssp585
-58.25,-9.583333333333332,2.519241157599411,1,ssp585
-58.08333333333333,-9.583333333333332,2.5205554811705855,1,ssp585
-57.916666666666664,-9.583333333333332,2.62872325416701,1,ssp585
-57.75,-9.583333333333332,2.636839873231908,1,ssp585
-57.58333333333333,-9.583333333333332,2.7300043112681003,1,ssp585
-57.416666666666664,-9.583333333333332,3.2251520253399977,1,ssp585
-57.25,-9.583333333333332,3.0862879334757816,1,ssp585
-57.08333333333333,-9.583333333333332,2.92500922135167,1,ssp585
-56.916666666666664,-9.583333333333332,2.740690702806657,1,ssp585
-56.75,-9.583333333333332,2.7898920648160805,1,ssp585
-56.58333333333333,-9.583333333333332,3.3375613811938245,1,ssp585
-56.416666666666664,-9.583333333333332,3.654438210750289,1,ssp585
-56.25,-9.583333333333332,3.5635425862972783,1,ssp585
-56.08333333333333,-9.583333333333332,3.435980859727911,1,ssp585
-55.916666666666664,-9.583333333333332,3.314786298783449,1,ssp585
-55.75,-9.583333333333332,3.2486614450854523,1,ssp585
-55.58333333333333,-9.583333333333332,3.184574340365924,1,ssp585
-55.416666666666664,-9.583333333333332,3.5075209954030018,1,ssp585
-55.25,-9.583333333333332,3.643486667140062,1,ssp585
-55.08333333333333,-9.583333333333332,3.7040683358433495,1,ssp585
-54.916666666666664,-9.583333333333332,3.9166609943899475,1,ssp585
-54.75,-9.583333333333332,3.650278496230669,1,ssp585
-54.58333333333333,-9.583333333333332,3.2259428524639424,1,ssp585
-54.416666666666664,-9.583333333333332,3.264107091815656,1,ssp585
-54.25,-9.583333333333332,2.821331319697863,1,ssp585
-54.08333333333333,-9.583333333333332,2.674725162094724,1,ssp585
-53.916666666666664,-9.583333333333332,2.6176803270842544,1,ssp585
-53.75,-9.583333333333332,2.6329668228585077,1,ssp585
-53.58333333333333,-9.583333333333332,2.6779631744315524,1,ssp585
-53.416666666666664,-9.583333333333332,2.6277863393779985,1,ssp585
-53.25,-9.583333333333332,2.5463220345922437,1,ssp585
-53.08333333333333,-9.583333333333332,2.4759471714375305,1,ssp585
-52.916666666666664,-9.583333333333332,2.5563501350005775,1,ssp585
-52.75,-9.583333333333332,2.6557431322336265,1,ssp585
-52.58333333333333,-9.583333333333332,2.4978933126106084,1,ssp585
-52.416666666666664,-9.583333333333332,2.379439589400616,1,ssp585
-52.25,-9.583333333333332,2.441870342642321,1,ssp585
-52.08333333333333,-9.583333333333332,2.6213049444515377,1,ssp585
-51.916666666666664,-9.583333333333332,2.6470133606912896,1,ssp585
-51.75,-9.583333333333332,2.5687183555900206,1,ssp585
-51.58333333333333,-9.583333333333332,2.5090396227993432,1,ssp585
-51.416666666666664,-9.583333333333332,2.2928284109717096,1,ssp585
-51.25,-9.583333333333332,2.4946560083214466,1,ssp585
-51.08333333333333,-9.583333333333332,3.340604520413556,1,ssp585
-50.916666666666664,-9.583333333333332,3.202150736024273,1,ssp585
-50.75,-9.583333333333332,2.834654820010463,1,ssp585
-50.58333333333333,-9.583333333333332,2.6455890831269455,1,ssp585
-50.416666666666664,-9.583333333333332,2.6894501841690652,1,ssp585
-50.25,-9.583333333333332,2.520813881737768,1,ssp585
-70.41666666666666,-9.75,1.2054368992106081,1,ssp585
-70.25,-9.75,1.2261645712072573,1,ssp585
-70.08333333333333,-9.75,1.2209718947651067,1,ssp585
-69.91666666666666,-9.75,1.1800497075106835,1,ssp585
-69.75,-9.75,1.2265488191060463,1,ssp585
-69.58333333333333,-9.75,1.1155272091085287,1,ssp585
-69.41666666666666,-9.75,1.2045184286275932,1,ssp585
-69.25,-9.75,1.318682901189594,1,ssp585
-69.08333333333333,-9.75,1.4391406748577835,1,ssp585
-68.91666666666666,-9.75,1.4310853292388626,1,ssp585
-68.75,-9.75,1.4033509282020977,1,ssp585
-68.58333333333333,-9.75,1.3760148625043163,1,ssp585
-68.41666666666666,-9.75,1.5718699058059256,1,ssp585
-68.25,-9.75,1.7485164825166593,1,ssp585
-68.08333333333333,-9.75,1.9081868618319386,1,ssp585
-67.91666666666666,-9.75,1.9177995015078566,1,ssp585
-67.75,-9.75,1.9876628113170638,1,ssp585
-67.58333333333333,-9.75,1.9869431432027462,1,ssp585
-67.41666666666666,-9.75,1.7589774774356552,1,ssp585
-67.25,-9.75,1.9660270935399737,1,ssp585
-67.08333333333333,-9.75,1.9173706312420147,1,ssp585
-66.91666666666666,-9.75,1.9767070362890151,1,ssp585
-66.75,-9.75,2.028091153162713,1,ssp585
-66.58333333333333,-9.75,2.0520441506176095,1,ssp585
-66.41666666666666,-9.75,2.1612755423572585,1,ssp585
-65.08333333333333,-9.75,2.569733709431907,1,ssp585
-64.91666666666666,-9.75,2.4527059553159978,1,ssp585
-64.75,-9.75,2.2369471297661163,1,ssp585
-64.58333333333333,-9.75,2.255955066309343,1,ssp585
-64.41666666666666,-9.75,2.101574726369325,1,ssp585
-64.25,-9.75,2.0772029972988326,1,ssp585
-64.08333333333333,-9.75,1.95020388242169,1,ssp585
-63.916666666666664,-9.75,1.7306732159200977,1,ssp585
-63.74999999999999,-9.75,1.779758949488482,1,ssp585
-63.58333333333333,-9.75,2.0039120824977856,1,ssp585
-63.416666666666664,-9.75,1.9972817180361897,1,ssp585
-63.24999999999999,-9.75,2.024871462233322,1,ssp585
-63.08333333333333,-9.75,1.888352417902581,1,ssp585
-62.916666666666664,-9.75,1.9055452802793515,1,ssp585
-62.75,-9.75,1.6841893640523264,1,ssp585
-62.58333333333333,-9.75,1.3237943167523727,1,ssp585
-62.416666666666664,-9.75,1.4083474032492531,1,ssp585
-62.25,-9.75,1.6471066653161774,1,ssp585
-62.08333333333333,-9.75,1.5606618529120435,1,ssp585
-61.916666666666664,-9.75,1.7757646566729095,1,ssp585
-61.75,-9.75,1.6230710308004734,1,ssp585
-61.58333333333333,-9.75,1.6247962391445532,1,ssp585
-61.416666666666664,-9.75,1.6518601721694555,1,ssp585
-61.25,-9.75,1.7068548261189738,1,ssp585
-61.08333333333333,-9.75,1.5346087418361845,1,ssp585
-60.916666666666664,-9.75,1.641594944633103,1,ssp585
-60.75,-9.75,1.9289637105685988,1,ssp585
-60.58333333333333,-9.75,1.9026648288888044,1,ssp585
-60.416666666666664,-9.75,1.8407519186131835,1,ssp585
-60.25,-9.75,1.9292899036920566,1,ssp585
-60.08333333333333,-9.75,2.1604831369585766,1,ssp585
-59.916666666666664,-9.75,2.053935541099723,1,ssp585
-59.75,-9.75,2.152990228360909,1,ssp585
-59.58333333333333,-9.75,2.376680590831682,1,ssp585
-59.416666666666664,-9.75,2.5581358064457858,1,ssp585
-59.25,-9.75,2.633308549032354,1,ssp585
-59.08333333333333,-9.75,2.8765615745539646,1,ssp585
-58.916666666666664,-9.75,2.5133683660270973,1,ssp585
-58.75,-9.75,2.33633725604916,1,ssp585
-58.58333333333333,-9.75,2.4394021553315444,1,ssp585
-58.416666666666664,-9.75,2.423112461173494,1,ssp585
-58.25,-9.75,2.577989523430329,1,ssp585
-58.08333333333333,-9.75,2.9165796152645522,1,ssp585
-57.916666666666664,-9.75,2.8586217204235815,1,ssp585
-57.75,-9.75,2.8855421793887897,1,ssp585
-57.58333333333333,-9.75,2.590642765422398,1,ssp585
-57.416666666666664,-9.75,2.8386955348658685,1,ssp585
-57.25,-9.75,2.880663698607955,1,ssp585
-57.08333333333333,-9.75,2.9471421874790784,1,ssp585
-56.916666666666664,-9.75,2.7428206424294346,1,ssp585
-56.75,-9.75,2.891276216124887,1,ssp585
-56.58333333333333,-9.75,3.4065953863941467,1,ssp585
-56.416666666666664,-9.75,3.6580606765164534,1,ssp585
-56.25,-9.75,3.891354157469968,1,ssp585
-56.08333333333333,-9.75,4.03983804441443,1,ssp585
-55.916666666666664,-9.75,3.8405337667690715,1,ssp585
-55.75,-9.75,4.0115342281284185,1,ssp585
-55.58333333333333,-9.75,3.8312631440230716,1,ssp585
-55.416666666666664,-9.75,3.69506177285597,1,ssp585
-55.25,-9.75,3.576517744345315,1,ssp585
-55.08333333333333,-9.75,3.5228276543355217,1,ssp585
-54.916666666666664,-9.75,3.8031161892058787,1,ssp585
-54.75,-9.75,3.5498337091454233,1,ssp585
-54.58333333333333,-9.75,3.2520858709726936,1,ssp585
-54.416666666666664,-9.75,3.1464722365854922,1,ssp585
-54.25,-9.75,2.8937667068904833,1,ssp585
-54.08333333333333,-9.75,2.859421220924938,1,ssp585
-53.916666666666664,-9.75,2.6852139637155417,1,ssp585
-53.75,-9.75,2.9067885652592342,1,ssp585
-53.58333333333333,-9.75,2.90069290042247,1,ssp585
-53.416666666666664,-9.75,2.6910267704847537,1,ssp585
-53.25,-9.75,2.769447529551741,1,ssp585
-53.08333333333333,-9.75,2.5358993186864507,1,ssp585
-52.916666666666664,-9.75,2.44762856859331,1,ssp585
-52.75,-9.75,2.5379450418827907,1,ssp585
-52.58333333333333,-9.75,2.5600507929550536,1,ssp585
-52.416666666666664,-9.75,2.5745308205234614,1,ssp585
-52.25,-9.75,2.7349966417230727,1,ssp585
-52.08333333333333,-9.75,2.8615358933664585,1,ssp585
-51.916666666666664,-9.75,2.8469004224732237,1,ssp585
-51.75,-9.75,2.4212548461519243,1,ssp585
-51.58333333333333,-9.75,2.4121411830252906,1,ssp585
-51.416666666666664,-9.75,2.4529836800491194,1,ssp585
-51.25,-9.75,2.9390557277853553,1,ssp585
-51.08333333333333,-9.75,3.4978646147839516,1,ssp585
-50.916666666666664,-9.75,2.993016767255741,1,ssp585
-50.75,-9.75,2.7946477571585713,1,ssp585
-50.58333333333333,-9.75,2.57890763763783,1,ssp585
-70.41666666666666,-9.916666666666666,1.2336148094411528,1,ssp585
-70.25,-9.916666666666666,1.2175306406345212,1,ssp585
-70.08333333333333,-9.916666666666666,1.229299610800836,1,ssp585
-69.91666666666666,-9.916666666666666,1.198218924942973,1,ssp585
-69.75,-9.916666666666666,1.1667033862114002,1,ssp585
-69.58333333333333,-9.916666666666666,1.2931327304514812,1,ssp585
-69.41666666666666,-9.916666666666666,1.3568859139716278,1,ssp585
-69.25,-9.916666666666666,1.3768259357020198,1,ssp585
-69.08333333333333,-9.916666666666666,1.3072628643322628,1,ssp585
-68.91666666666666,-9.916666666666666,1.3654634565285535,1,ssp585
-68.75,-9.916666666666666,1.3220769186854742,1,ssp585
-68.58333333333333,-9.916666666666666,1.4997694196918143,1,ssp585
-68.41666666666666,-9.916666666666666,1.6291341783970057,1,ssp585
-68.25,-9.916666666666666,1.7603642587448494,1,ssp585
-68.08333333333333,-9.916666666666666,1.886051674738982,1,ssp585
-67.91666666666666,-9.916666666666666,2.2265711045347096,1,ssp585
-67.75,-9.916666666666666,2.3618662416250507,1,ssp585
-67.58333333333333,-9.916666666666666,2.070586002322038,1,ssp585
-67.41666666666666,-9.916666666666666,2.0688212526977954,1,ssp585
-67.25,-9.916666666666666,1.889460464579067,1,ssp585
-67.08333333333333,-9.916666666666666,1.9632237577739167,1,ssp585
-66.91666666666666,-9.916666666666666,2.0265573760896034,1,ssp585
-65.08333333333333,-9.916666666666666,2.4714291769766965,1,ssp585
-64.91666666666666,-9.916666666666666,2.3572235738413156,1,ssp585
-64.75,-9.916666666666666,2.1749040496113876,1,ssp585
-64.58333333333333,-9.916666666666666,2.0829654424657753,1,ssp585
-64.41666666666666,-9.916666666666666,1.9890867616057197,1,ssp585
-64.25,-9.916666666666666,2.01103695390557,1,ssp585
-64.08333333333333,-9.916666666666666,1.9615304134485612,1,ssp585
-63.916666666666664,-9.916666666666666,1.8160331197725812,1,ssp585
-63.74999999999999,-9.916666666666666,1.7547094047276908,1,ssp585
-63.58333333333333,-9.916666666666666,1.8686055978717986,1,ssp585
-63.416666666666664,-9.916666666666666,1.826070799193534,1,ssp585
-63.24999999999999,-9.916666666666666,2.038499576980158,1,ssp585
-63.08333333333333,-9.916666666666666,2.0358814181349634,1,ssp585
-62.916666666666664,-9.916666666666666,1.9784257561099525,1,ssp585
-62.75,-9.916666666666666,1.8108682174381276,1,ssp585
-62.58333333333333,-9.916666666666666,1.5083304423974606,1,ssp585
-62.416666666666664,-9.916666666666666,1.654086823146229,1,ssp585
-62.25,-9.916666666666666,1.702943059780957,1,ssp585
-62.08333333333333,-9.916666666666666,1.878842229224117,1,ssp585
-61.916666666666664,-9.916666666666666,1.698681713700737,1,ssp585
-61.75,-9.916666666666666,1.7040114671363478,1,ssp585
-61.58333333333333,-9.916666666666666,1.6837950150570042,1,ssp585
-61.416666666666664,-9.916666666666666,1.730123652322143,1,ssp585
-61.25,-9.916666666666666,1.8079778894811258,1,ssp585
-61.08333333333333,-9.916666666666666,1.5910047637521683,1,ssp585
-60.916666666666664,-9.916666666666666,1.7898279365120702,1,ssp585
-60.75,-9.916666666666666,1.8599523152687376,1,ssp585
-60.58333333333333,-9.916666666666666,1.8883072870735784,1,ssp585
-60.416666666666664,-9.916666666666666,1.8677421337519688,1,ssp585
-60.25,-9.916666666666666,1.807610311900467,1,ssp585
-60.08333333333333,-9.916666666666666,2.2591729380464263,1,ssp585
-59.916666666666664,-9.916666666666666,2.1743648634913137,1,ssp585
-59.75,-9.916666666666666,2.226122354859634,1,ssp585
-59.58333333333333,-9.916666666666666,2.4022839624944057,1,ssp585
-59.416666666666664,-9.916666666666666,2.4668246844032886,1,ssp585
-59.25,-9.916666666666666,2.5510245285567836,1,ssp585
-59.08333333333333,-9.916666666666666,2.62918150489876,1,ssp585
-58.916666666666664,-9.916666666666666,2.649173494218909,1,ssp585
-58.75,-9.916666666666666,2.508992223079708,1,ssp585
-58.58333333333333,-9.916666666666666,2.6162936454118166,1,ssp585
-58.416666666666664,-9.916666666666666,2.4533859602658064,1,ssp585
-58.25,-9.916666666666666,2.5790710521576092,1,ssp585
-58.08333333333333,-9.916666666666666,2.522533777036505,1,ssp585
-57.916666666666664,-9.916666666666666,2.7823557405336476,1,ssp585
-57.75,-9.916666666666666,2.844391486273169,1,ssp585
-57.58333333333333,-9.916666666666666,2.6038060759147106,1,ssp585
-57.416666666666664,-9.916666666666666,2.679850181416495,1,ssp585
-57.25,-9.916666666666666,2.7248313544737695,1,ssp585
-57.08333333333333,-9.916666666666666,2.8174433191140746,1,ssp585
-56.916666666666664,-9.916666666666666,2.895494451614951,1,ssp585
-56.75,-9.916666666666666,3.168307686973479,1,ssp585
-56.58333333333333,-9.916666666666666,3.3769215197965514,1,ssp585
-56.416666666666664,-9.916666666666666,3.465694025103986,1,ssp585
-56.25,-9.916666666666666,3.7021689551273607,1,ssp585
-56.08333333333333,-9.916666666666666,4.080494227549746,1,ssp585
-55.916666666666664,-9.916666666666666,4.1152153291995015,1,ssp585
-55.75,-9.916666666666666,4.166784143224403,1,ssp585
-55.58333333333333,-9.916666666666666,3.6717484839724963,1,ssp585
-55.416666666666664,-9.916666666666666,3.6253184893344774,1,ssp585
-55.25,-9.916666666666666,3.956812551282408,1,ssp585
-55.08333333333333,-9.916666666666666,4.134020041191689,1,ssp585
-54.916666666666664,-9.916666666666666,3.9194387656161878,1,ssp585
-54.75,-9.916666666666666,3.6387337407855442,1,ssp585
-54.58333333333333,-9.916666666666666,3.483898288192563,1,ssp585
-54.416666666666664,-9.916666666666666,2.9606849403087,1,ssp585
-54.25,-9.916666666666666,2.827920023510375,1,ssp585
-54.08333333333333,-9.916666666666666,2.8929722734379397,1,ssp585
-53.916666666666664,-9.916666666666666,2.7849437894349873,1,ssp585
-53.75,-9.916666666666666,2.9735228377348015,1,ssp585
-53.58333333333333,-9.916666666666666,2.974823825182202,1,ssp585
-53.416666666666664,-9.916666666666666,2.919028407851559,1,ssp585
-53.25,-9.916666666666666,3.0490592274339092,1,ssp585
-53.08333333333333,-9.916666666666666,2.5225491083051548,1,ssp585
-52.916666666666664,-9.916666666666666,2.577086113593102,1,ssp585
-52.75,-9.916666666666666,2.6070171047262063,1,ssp585
-52.58333333333333,-9.916666666666666,2.6103662466168704,1,ssp585
-52.416666666666664,-9.916666666666666,2.7783885646153546,1,ssp585
-52.25,-9.916666666666666,2.8363833179964937,1,ssp585
-52.08333333333333,-9.916666666666666,2.6719925232637776,1,ssp585
-51.916666666666664,-9.916666666666666,2.7323596078549794,1,ssp585
-51.75,-9.916666666666666,2.7731867644074866,1,ssp585
-51.58333333333333,-9.916666666666666,2.505443630555637,1,ssp585
-51.416666666666664,-9.916666666666666,2.7538893302624166,1,ssp585
-51.25,-9.916666666666666,3.4404435296949805,1,ssp585
-51.08333333333333,-9.916666666666666,3.2129556768490617,1,ssp585
-50.916666666666664,-9.916666666666666,2.7782322825735672,1,ssp585
-50.75,-9.916666666666666,2.611710159201622,1,ssp585
-50.58333333333333,-9.916666666666666,2.514493328245559,1,ssp585
-70.41666666666666,-10.083333333333332,1.2306857516717242,1,ssp585
-70.25,-10.083333333333332,1.2279328570031276,1,ssp585
-70.08333333333333,-10.083333333333332,1.1856718214287087,1,ssp585
-69.91666666666666,-10.083333333333332,1.175472895034767,1,ssp585
-69.75,-10.083333333333332,1.3072363828900568,1,ssp585
-69.58333333333333,-10.083333333333332,1.3158895406930189,1,ssp585
-69.41666666666666,-10.083333333333332,1.2773460978742506,1,ssp585
-69.25,-10.083333333333332,1.360205232981539,1,ssp585
-69.08333333333333,-10.083333333333332,1.4031564277193078,1,ssp585
-68.91666666666666,-10.083333333333332,1.2758708988543126,1,ssp585
-68.75,-10.083333333333332,1.4143900443938056,1,ssp585
-68.58333333333333,-10.083333333333332,1.5045453577135146,1,ssp585
-68.41666666666666,-10.083333333333332,1.6169894061523855,1,ssp585
-68.25,-10.083333333333332,1.769708447521221,1,ssp585
-68.08333333333333,-10.083333333333332,2.031301912269228,1,ssp585
-67.91666666666666,-10.083333333333332,2.3248319349427162,1,ssp585
-67.75,-10.083333333333332,2.391689720360393,1,ssp585
-67.58333333333333,-10.083333333333332,2.173347772179585,1,ssp585
-67.41666666666666,-10.083333333333332,2.1268604148132546,1,ssp585
-67.25,-10.083333333333332,1.9818223393451413,1,ssp585
-67.08333333333333,-10.083333333333332,2.011708659115677,1,ssp585
-65.08333333333333,-10.083333333333332,2.4875451662005688,1,ssp585
-64.91666666666666,-10.083333333333332,2.423922674698139,1,ssp585
-64.75,-10.083333333333332,2.2889157950136534,1,ssp585
-64.58333333333333,-10.083333333333332,2.030753293256654,1,ssp585
-64.41666666666666,-10.083333333333332,2.1061731846247875,1,ssp585
-64.25,-10.083333333333332,2.063054860901415,1,ssp585
-64.08333333333333,-10.083333333333332,2.0622484407223323,1,ssp585
-63.916666666666664,-10.083333333333332,1.9004692217172343,1,ssp585
-63.74999999999999,-10.083333333333332,1.9466135849322932,1,ssp585
-63.58333333333333,-10.083333333333332,1.8149968135865124,1,ssp585
-63.416666666666664,-10.083333333333332,1.7055483409669312,1,ssp585
-63.24999999999999,-10.083333333333332,2.087834552762663,1,ssp585
-63.08333333333333,-10.083333333333332,2.097701563354855,1,ssp585
-62.916666666666664,-10.083333333333332,2.138338301598028,1,ssp585
-62.75,-10.083333333333332,1.756537844904082,1,ssp585
-62.58333333333333,-10.083333333333332,1.5602581880958761,1,ssp585
-62.416666666666664,-10.083333333333332,1.7117231877376797,1,ssp585
-62.25,-10.083333333333332,1.9129479179510536,1,ssp585
-62.08333333333333,-10.083333333333332,1.9296597494724796,1,ssp585
-61.916666666666664,-10.083333333333332,1.7595644926264573,1,ssp585
-61.75,-10.083333333333332,1.6887548522485727,1,ssp585
-61.58333333333333,-10.083333333333332,1.4727986523259275,1,ssp585
-61.416666666666664,-10.083333333333332,1.7883725317002186,1,ssp585
-61.25,-10.083333333333332,1.5046766415179817,1,ssp585
-61.08333333333333,-10.083333333333332,1.5667626395949086,1,ssp585
-60.916666666666664,-10.083333333333332,1.8561390793797674,1,ssp585
-60.75,-10.083333333333332,1.8911736417088458,1,ssp585
-60.58333333333333,-10.083333333333332,2.1176982023978823,1,ssp585
-60.416666666666664,-10.083333333333332,2.0754813671100805,1,ssp585
-60.25,-10.083333333333332,1.8463533097277083,1,ssp585
-60.08333333333333,-10.083333333333332,2.1243814532714405,1,ssp585
-59.916666666666664,-10.083333333333332,1.8441006026267799,1,ssp585
-59.75,-10.083333333333332,2.225151997157611,1,ssp585
-59.58333333333333,-10.083333333333332,2.782524732901988,1,ssp585
-59.416666666666664,-10.083333333333332,2.8497755790418995,1,ssp585
-59.25,-10.083333333333332,2.852101312154684,1,ssp585
-59.08333333333333,-10.083333333333332,2.7037053392401313,1,ssp585
-58.916666666666664,-10.083333333333332,2.6197830124996653,1,ssp585
-58.75,-10.083333333333332,2.4373809033255287,1,ssp585
-58.58333333333333,-10.083333333333332,2.5315886957169655,1,ssp585
-58.416666666666664,-10.083333333333332,2.4419376178046233,1,ssp585
-58.25,-10.083333333333332,2.408671241663748,1,ssp585
-58.08333333333333,-10.083333333333332,2.3809242650665587,1,ssp585
-57.916666666666664,-10.083333333333332,2.4809480351053748,1,ssp585
-57.75,-10.083333333333332,2.4832337613704967,1,ssp585
-57.58333333333333,-10.083333333333332,2.7671325533665176,1,ssp585
-57.416666666666664,-10.083333333333332,2.9264711336132216,1,ssp585
-57.25,-10.083333333333332,2.7093554772321786,1,ssp585
-57.08333333333333,-10.083333333333332,2.8181766792504637,1,ssp585
-56.916666666666664,-10.083333333333332,2.7875470599491408,1,ssp585
-56.75,-10.083333333333332,2.9375110045547395,1,ssp585
-56.58333333333333,-10.083333333333332,2.969715651092654,1,ssp585
-56.416666666666664,-10.083333333333332,3.059810714571247,1,ssp585
-56.25,-10.083333333333332,3.581471672356847,1,ssp585
-56.08333333333333,-10.083333333333332,3.725372563390912,1,ssp585
-55.916666666666664,-10.083333333333332,3.759041323628962,1,ssp585
-55.75,-10.083333333333332,3.771812130198131,1,ssp585
-55.58333333333333,-10.083333333333332,3.599566931629626,1,ssp585
-55.416666666666664,-10.083333333333332,3.4457859162155744,1,ssp585
-55.25,-10.083333333333332,3.6052642281214236,1,ssp585
-55.08333333333333,-10.083333333333332,3.829831420216155,1,ssp585
-54.916666666666664,-10.083333333333332,3.9854881720207698,1,ssp585
-54.75,-10.083333333333332,3.589344067766548,1,ssp585
-54.58333333333333,-10.083333333333332,3.2245864735500116,1,ssp585
-54.416666666666664,-10.083333333333332,3.0898644409262825,1,ssp585
-54.25,-10.083333333333332,3.0369716243122107,1,ssp585
-54.08333333333333,-10.083333333333332,3.1106218420688014,1,ssp585
-53.916666666666664,-10.083333333333332,3.0707299831893375,1,ssp585
-53.75,-10.083333333333332,3.357154736710979,1,ssp585
-53.58333333333333,-10.083333333333332,3.1353929568578027,1,ssp585
-53.416666666666664,-10.083333333333332,2.714466614291818,1,ssp585
-53.25,-10.083333333333332,2.625081764298085,1,ssp585
-53.08333333333333,-10.083333333333332,2.596064803561951,1,ssp585
-52.916666666666664,-10.083333333333332,2.5659801920302416,1,ssp585
-52.75,-10.083333333333332,2.6242829962617535,1,ssp585
-52.58333333333333,-10.083333333333332,2.6765338127041436,1,ssp585
-52.416666666666664,-10.083333333333332,2.961793881744932,1,ssp585
-52.25,-10.083333333333332,3.11533686088952,1,ssp585
-52.08333333333333,-10.083333333333332,2.8088102615218418,1,ssp585
-51.916666666666664,-10.083333333333332,2.8935334196383296,1,ssp585
-51.75,-10.083333333333332,2.872628060949065,1,ssp585
-51.58333333333333,-10.083333333333332,2.9857410147907366,1,ssp585
-51.416666666666664,-10.083333333333332,2.9902538581694054,1,ssp585
-51.25,-10.083333333333332,3.383720587598925,1,ssp585
-51.08333333333333,-10.083333333333332,3.2837557309871634,1,ssp585
-50.916666666666664,-10.083333333333332,2.885385330432267,1,ssp585
-50.75,-10.083333333333332,2.6874121203293897,1,ssp585
-50.58333333333333,-10.083333333333332,2.6425784826009218,1,ssp585
-70.41666666666666,-10.25,1.235953191784354,1,ssp585
-70.25,-10.25,1.2735474700468425,1,ssp585
-70.08333333333333,-10.25,1.2095138860865584,1,ssp585
-69.91666666666666,-10.25,1.2118761687843826,1,ssp585
-69.75,-10.25,1.1737447763191136,1,ssp585
-69.58333333333333,-10.25,1.2090120963543272,1,ssp585
-69.41666666666666,-10.25,1.4014314835069446,1,ssp585
-69.25,-10.25,1.5090369825141925,1,ssp585
-69.08333333333333,-10.25,1.439766693816764,1,ssp585
-68.91666666666666,-10.25,1.3166261982032206,1,ssp585
-68.75,-10.25,1.510917710344356,1,ssp585
-68.58333333333333,-10.25,1.5681258789538515,1,ssp585
-68.41666666666666,-10.25,1.6776462058612658,1,ssp585
-68.25,-10.25,1.6980318591095487,1,ssp585
-68.08333333333333,-10.25,1.917997082015724,1,ssp585
-67.91666666666666,-10.25,2.0665635852360094,1,ssp585
-67.75,-10.25,2.1565108235257253,1,ssp585
-67.58333333333333,-10.25,2.1861571431990705,1,ssp585
-67.41666666666666,-10.25,2.2082286986780555,1,ssp585
-67.25,-10.25,2.2616108537462956,1,ssp585
-65.08333333333333,-10.25,2.3683480066431626,1,ssp585
-64.91666666666666,-10.25,2.4481915019869085,1,ssp585
-64.75,-10.25,2.332451460198958,1,ssp585
-64.58333333333333,-10.25,2.154830945130322,1,ssp585
-64.41666666666666,-10.25,2.1663768625613415,1,ssp585
-64.25,-10.25,2.2231390151534733,1,ssp585
-64.08333333333333,-10.25,2.131777214345916,1,ssp585
-63.916666666666664,-10.25,1.9438538639038514,1,ssp585
-63.74999999999999,-10.25,2.010425645922497,1,ssp585
-63.58333333333333,-10.25,1.8831975595332204,1,ssp585
-63.416666666666664,-10.25,1.754265215800289,1,ssp585
-63.24999999999999,-10.25,2.1278292053749794,1,ssp585
-63.08333333333333,-10.25,2.1654152709860175,1,ssp585
-62.916666666666664,-10.25,2.2064165734014156,1,ssp585
-62.75,-10.25,1.9652409240552215,1,ssp585
-62.58333333333333,-10.25,1.7832735207660007,1,ssp585
-62.416666666666664,-10.25,2.0965858553770023,1,ssp585
-62.25,-10.25,2.134230598955512,1,ssp585
-62.08333333333333,-10.25,1.9959103741710738,1,ssp585
-61.916666666666664,-10.25,1.7738937937623278,1,ssp585
-61.75,-10.25,1.706427311056025,1,ssp585
-61.58333333333333,-10.25,1.2513564300971367,1,ssp585
-61.416666666666664,-10.25,1.5073452733754251,1,ssp585
-61.25,-10.25,1.487846660381601,1,ssp585
-61.08333333333333,-10.25,1.8805647175823843,1,ssp585
-60.916666666666664,-10.25,1.7850426571745521,1,ssp585
-60.75,-10.25,1.9114359865844666,1,ssp585
-60.58333333333333,-10.25,2.0435147122305573,1,ssp585
-60.416666666666664,-10.25,2.116679863775564,1,ssp585
-60.25,-10.25,2.0160170500685664,1,ssp585
-60.08333333333333,-10.25,2.0351004826525867,1,ssp585
-59.916666666666664,-10.25,1.8100138944078539,1,ssp585
-59.75,-10.25,2.052122717915836,1,ssp585
-59.58333333333333,-10.25,2.345457346446589,1,ssp585
-59.416666666666664,-10.25,2.6082235772523727,1,ssp585
-59.25,-10.25,2.580412505138873,1,ssp585
-59.08333333333333,-10.25,3.0696822174788583,1,ssp585
-58.916666666666664,-10.25,2.855918903874676,1,ssp585
-58.75,-10.25,2.483307666364297,1,ssp585
-58.58333333333333,-10.25,2.3660886376059085,1,ssp585
-58.416666666666664,-10.25,2.292349792924979,1,ssp585
-58.25,-10.25,2.4136800481774716,1,ssp585
-58.08333333333333,-10.25,2.9248165374848205,1,ssp585
-57.916666666666664,-10.25,2.8628621505448653,1,ssp585
-57.75,-10.25,2.5210115151936465,1,ssp585
-57.58333333333333,-10.25,2.5944671022689407,1,ssp585
-57.416666666666664,-10.25,2.103252291796292,1,ssp585
-57.25,-10.25,2.249118732467978,1,ssp585
-57.08333333333333,-10.25,2.2983466013920837,1,ssp585
-56.916666666666664,-10.25,2.8117638934118045,1,ssp585
-56.75,-10.25,2.7714889968597416,1,ssp585
-56.58333333333333,-10.25,2.9820089176240465,1,ssp585
-56.416666666666664,-10.25,3.1562053470555003,1,ssp585
-56.25,-10.25,3.064384228543133,1,ssp585
-56.08333333333333,-10.25,3.3657385310291503,1,ssp585
-55.916666666666664,-10.25,3.488374546236266,1,ssp585
-55.75,-10.25,3.458942231875839,1,ssp585
-55.58333333333333,-10.25,3.592969547423057,1,ssp585
-55.416666666666664,-10.25,3.890702291996102,1,ssp585
-55.25,-10.25,3.7623713512684596,1,ssp585
-55.08333333333333,-10.25,3.9122480245018996,1,ssp585
-54.916666666666664,-10.25,3.847279974066974,1,ssp585
-54.75,-10.25,3.3163581523039207,1,ssp585
-54.58333333333333,-10.25,3.099926411068565,1,ssp585
-54.416666666666664,-10.25,3.085561413593669,1,ssp585
-54.25,-10.25,3.242434393375797,1,ssp585
-54.08333333333333,-10.25,3.0685624505075495,1,ssp585
-53.916666666666664,-10.25,2.8588633678955646,1,ssp585
-53.75,-10.25,2.904163678948802,1,ssp585
-53.58333333333333,-10.25,3.182172942897468,1,ssp585
-53.416666666666664,-10.25,2.5639649656748187,1,ssp585
-53.25,-10.25,2.5564193566037727,1,ssp585
-53.08333333333333,-10.25,2.5382555393781865,1,ssp585
-52.916666666666664,-10.25,2.566660047249051,1,ssp585
-52.75,-10.25,2.87463184307826,1,ssp585
-52.58333333333333,-10.25,3.038764731001184,1,ssp585
-52.416666666666664,-10.25,3.3151560889463223,1,ssp585
-52.25,-10.25,3.0737606717993646,1,ssp585
-52.08333333333333,-10.25,2.9108055865032894,1,ssp585
-51.916666666666664,-10.25,2.83379458992918,1,ssp585
-51.75,-10.25,2.686421059321311,1,ssp585
-51.58333333333333,-10.25,2.8535250743656433,1,ssp585
-51.416666666666664,-10.25,2.7850496048161055,1,ssp585
-51.25,-10.25,3.264389362581816,1,ssp585
-51.08333333333333,-10.25,3.2580018446678953,1,ssp585
-50.916666666666664,-10.25,2.920149663606792,1,ssp585
-50.75,-10.25,2.648576239020961,1,ssp585
-70.41666666666666,-10.416666666666666,1.2463491069860022,1,ssp585
-70.25,-10.416666666666666,1.2082296173348062,1,ssp585
-70.08333333333333,-10.416666666666666,1.218715252116425,1,ssp585
-69.91666666666666,-10.416666666666666,1.1858788811780598,1,ssp585
-69.75,-10.416666666666666,1.239553087135416,1,ssp585
-69.58333333333333,-10.416666666666666,1.3399051018733985,1,ssp585
-69.41666666666666,-10.416666666666666,1.3317741435917148,1,ssp585
-69.25,-10.416666666666666,1.1234254215246011,1,ssp585
-69.08333333333333,-10.416666666666666,1.1124032502469836,1,ssp585
-68.91666666666666,-10.416666666666666,1.1800584860755152,1,ssp585
-68.75,-10.416666666666666,1.237516423208088,1,ssp585
-68.58333333333333,-10.416666666666666,1.3380209546864792,1,ssp585
-68.41666666666666,-10.416666666666666,1.37484601332766,1,ssp585
-68.25,-10.416666666666666,1.5336617264352628,1,ssp585
-68.08333333333333,-10.416666666666666,1.7733584644008873,1,ssp585
-67.91666666666666,-10.416666666666666,1.9352753374667389,1,ssp585
-67.75,-10.416666666666666,1.9689034356593862,1,ssp585
-65.25,-10.416666666666666,2.796730124793104,1,ssp585
-65.08333333333333,-10.416666666666666,2.6242110292957888,1,ssp585
-64.91666666666666,-10.416666666666666,2.4708182480607417,1,ssp585
-64.75,-10.416666666666666,2.3744889027712426,1,ssp585
-64.58333333333333,-10.416666666666666,1.9368341728665122,1,ssp585
-64.41666666666666,-10.416666666666666,1.9109508800747463,1,ssp585
-64.25,-10.416666666666666,1.9924252616254625,1,ssp585
-64.08333333333333,-10.416666666666666,2.042590451848046,1,ssp585
-63.916666666666664,-10.416666666666666,1.8707975889641257,1,ssp585
-63.74999999999999,-10.416666666666666,2.11367928180741,1,ssp585
-63.58333333333333,-10.416666666666666,1.8939450688270134,1,ssp585
-63.416666666666664,-10.416666666666666,1.7631444039876714,1,ssp585
-63.24999999999999,-10.416666666666666,1.9886593782354485,1,ssp585
-63.08333333333333,-10.416666666666666,1.9353535730553857,1,ssp585
-62.916666666666664,-10.416666666666666,2.1252368020626,1,ssp585
-62.75,-10.416666666666666,1.9171356468196599,1,ssp585
-62.58333333333333,-10.416666666666666,2.019152551476888,1,ssp585
-62.416666666666664,-10.416666666666666,2.23954310813744,1,ssp585
-62.25,-10.416666666666666,2.251461429540987,1,ssp585
-62.08333333333333,-10.416666666666666,2.023251623263113,1,ssp585
-61.916666666666664,-10.416666666666666,1.7209805689494697,1,ssp585
-61.75,-10.416666666666666,1.7296191591714132,1,ssp585
-61.58333333333333,-10.416666666666666,1.5547774385908915,1,ssp585
-61.416666666666664,-10.416666666666666,1.4222319529362335,1,ssp585
-61.25,-10.416666666666666,1.5734975784666805,1,ssp585
-61.08333333333333,-10.416666666666666,2.1810815070068053,1,ssp585
-60.916666666666664,-10.416666666666666,1.659234281589201,1,ssp585
-60.75,-10.416666666666666,1.7842382072699392,1,ssp585
-60.58333333333333,-10.416666666666666,2.0978551359227535,1,ssp585
-60.416666666666664,-10.416666666666666,2.137365535414834,1,ssp585
-60.25,-10.416666666666666,2.072757086627861,1,ssp585
-60.08333333333333,-10.416666666666666,1.7173348638330184,1,ssp585
-59.916666666666664,-10.416666666666666,1.9184566475694242,1,ssp585
-59.75,-10.416666666666666,2.019318132249922,1,ssp585
-59.58333333333333,-10.416666666666666,1.9707434552331657,1,ssp585
-59.416666666666664,-10.416666666666666,2.019755059513919,1,ssp585
-59.25,-10.416666666666666,2.081120138358214,1,ssp585
-59.08333333333333,-10.416666666666666,2.1864795952489366,1,ssp585
-58.916666666666664,-10.416666666666666,2.742027841252455,1,ssp585
-58.75,-10.416666666666666,2.6963892733490367,1,ssp585
-58.58333333333333,-10.416666666666666,2.3823200068397994,1,ssp585
-58.416666666666664,-10.416666666666666,2.128093858735874,1,ssp585
-58.25,-10.416666666666666,2.3931620981927613,1,ssp585
-58.08333333333333,-10.416666666666666,3.0326632469541654,1,ssp585
-57.916666666666664,-10.416666666666666,2.689759420948117,1,ssp585
-57.75,-10.416666666666666,2.5818267340188608,1,ssp585
-57.58333333333333,-10.416666666666666,2.004656597708317,1,ssp585
-57.416666666666664,-10.416666666666666,1.9177608088769793,1,ssp585
-57.25,-10.416666666666666,1.960764700406907,1,ssp585
-57.08333333333333,-10.416666666666666,2.0462952852819942,1,ssp585
-56.916666666666664,-10.416666666666666,2.277222219121388,1,ssp585
-56.75,-10.416666666666666,2.3491989645583113,1,ssp585
-56.58333333333333,-10.416666666666666,2.8414027818044323,1,ssp585
-56.416666666666664,-10.416666666666666,2.7460919712719303,1,ssp585
-56.25,-10.416666666666666,3.0552958140450865,1,ssp585
-56.08333333333333,-10.416666666666666,3.6160317980555923,1,ssp585
-55.916666666666664,-10.416666666666666,3.360634226054746,1,ssp585
-55.75,-10.416666666666666,3.635200829763599,1,ssp585
-55.58333333333333,-10.416666666666666,3.66482225658494,1,ssp585
-55.416666666666664,-10.416666666666666,3.8463583080756716,1,ssp585
-55.25,-10.416666666666666,3.9194407853237245,1,ssp585
-55.08333333333333,-10.416666666666666,3.974894116272601,1,ssp585
-54.916666666666664,-10.416666666666666,3.8577624430500737,1,ssp585
-54.75,-10.416666666666666,3.5866972880730907,1,ssp585
-54.58333333333333,-10.416666666666666,3.62090671482289,1,ssp585
-54.416666666666664,-10.416666666666666,3.38129106163591,1,ssp585
-54.25,-10.416666666666666,3.1749062903787166,1,ssp585
-54.08333333333333,-10.416666666666666,3.085351618189973,1,ssp585
-53.916666666666664,-10.416666666666666,2.885886562388572,1,ssp585
-53.75,-10.416666666666666,2.7847971212812603,1,ssp585
-53.58333333333333,-10.416666666666666,2.6976771358117073,1,ssp585
-53.416666666666664,-10.416666666666666,2.5375294737547387,1,ssp585
-53.25,-10.416666666666666,2.530145355011785,1,ssp585
-53.08333333333333,-10.416666666666666,2.7070080005052675,1,ssp585
-52.916666666666664,-10.416666666666666,2.7527010672441965,1,ssp585
-52.75,-10.416666666666666,3.175718384205249,1,ssp585
-52.58333333333333,-10.416666666666666,3.291695159487999,1,ssp585
-52.416666666666664,-10.416666666666666,3.516741320133935,1,ssp585
-52.25,-10.416666666666666,3.0633802316623564,1,ssp585
-52.08333333333333,-10.416666666666666,2.943897296428984,1,ssp585
-51.916666666666664,-10.416666666666666,3.263605854145765,1,ssp585
-51.75,-10.416666666666666,3.3879477123762096,1,ssp585
-51.58333333333333,-10.416666666666666,3.281470545509649,1,ssp585
-51.416666666666664,-10.416666666666666,2.847745636299119,1,ssp585
-51.25,-10.416666666666666,2.9150432064608474,1,ssp585
-51.08333333333333,-10.416666666666666,3.1367970904194045,1,ssp585
-50.916666666666664,-10.416666666666666,2.7757736790121177,1,ssp585
-50.75,-10.416666666666666,2.4617091358519336,1,ssp585
-70.41666666666666,-10.583333333333332,1.195685367700384,1,ssp585
-70.25,-10.583333333333332,1.2120841682884436,1,ssp585
-70.08333333333333,-10.583333333333332,1.2570681965273782,1,ssp585
-69.91666666666666,-10.583333333333332,1.3301157632302165,1,ssp585
-69.75,-10.583333333333332,1.472325738779083,1,ssp585
-69.58333333333333,-10.583333333333332,1.3941560594464641,1,ssp585
-69.41666666666666,-10.583333333333332,1.1980519079618008,1,ssp585
-69.25,-10.583333333333332,1.2846188051188516,1,ssp585
-69.08333333333333,-10.583333333333332,1.2874309754420057,1,ssp585
-68.91666666666666,-10.583333333333332,1.3394180778193063,1,ssp585
-68.75,-10.583333333333332,1.4502350845556273,1,ssp585
-68.58333333333333,-10.583333333333332,1.5280277902059753,1,ssp585
-68.41666666666666,-10.583333333333332,1.633264211982521,1,ssp585
-68.25,-10.583333333333332,1.7196806808278793,1,ssp585
-65.25,-10.583333333333332,2.8528784203903337,1,ssp585
-65.08333333333333,-10.583333333333332,2.566452971795505,1,ssp585
-64.91666666666666,-10.583333333333332,2.3428068048693067,1,ssp585
-64.75,-10.583333333333332,2.049646336363671,1,ssp585
-64.58333333333333,-10.583333333333332,1.7885323633893864,1,ssp585
-64.41666666666666,-10.583333333333332,1.5384668027794624,1,ssp585
-64.25,-10.583333333333332,1.580724815662574,1,ssp585
-64.08333333333333,-10.583333333333332,2.004056278540088,1,ssp585
-63.916666666666664,-10.583333333333332,2.356557150957122,1,ssp585
-63.74999999999999,-10.583333333333332,2.866873022666159,1,ssp585
-63.58333333333333,-10.583333333333332,2.1649993467437336,1,ssp585
-63.416666666666664,-10.583333333333332,2.013457132241832,1,ssp585
-63.24999999999999,-10.583333333333332,1.44415612605254,1,ssp585
-63.08333333333333,-10.583333333333332,1.9728181710779367,1,ssp585
-62.916666666666664,-10.583333333333332,1.9373470450192907,1,ssp585
-62.75,-10.583333333333332,2.2318502832324474,1,ssp585
-62.58333333333333,-10.583333333333332,2.219255868681669,1,ssp585
-62.416666666666664,-10.583333333333332,2.1896808511921337,1,ssp585
-62.25,-10.583333333333332,2.1411953023513624,1,ssp585
-62.08333333333333,-10.583333333333332,2.0063306804266627,1,ssp585
-61.916666666666664,-10.583333333333332,1.8178894926904579,1,ssp585
-61.75,-10.583333333333332,1.7753770115451075,1,ssp585
-61.58333333333333,-10.583333333333332,1.531426982525606,1,ssp585
-61.416666666666664,-10.583333333333332,1.4411814853003215,1,ssp585
-61.25,-10.583333333333332,1.817939688403082,1,ssp585
-61.08333333333333,-10.583333333333332,1.7943768652931689,1,ssp585
-60.916666666666664,-10.583333333333332,1.7549275442439292,1,ssp585
-60.75,-10.583333333333332,1.7079237646646102,1,ssp585
-60.58333333333333,-10.583333333333332,1.7537875930545335,1,ssp585
-60.416666666666664,-10.583333333333332,1.8732729269587136,1,ssp585
-60.25,-10.583333333333332,1.8610876412703243,1,ssp585
-60.08333333333333,-10.583333333333332,1.6935677369788178,1,ssp585
-59.916666666666664,-10.583333333333332,1.9423046648655142,1,ssp585
-59.75,-10.583333333333332,1.8161764041633126,1,ssp585
-59.58333333333333,-10.583333333333332,1.868302683018229,1,ssp585
-59.416666666666664,-10.583333333333332,2.024976617625885,1,ssp585
-59.25,-10.583333333333332,2.2805575177800197,1,ssp585
-59.08333333333333,-10.583333333333332,2.0733154489503045,1,ssp585
-58.916666666666664,-10.583333333333332,2.0873260611990183,1,ssp585
-58.75,-10.583333333333332,2.2077544378030733,1,ssp585
-58.58333333333333,-10.583333333333332,2.3498232716431975,1,ssp585
-58.416666666666664,-10.583333333333332,1.7874356646874094,1,ssp585
-58.25,-10.583333333333332,1.9289583926096894,1,ssp585
-58.08333333333333,-10.583333333333332,2.3040307439981476,1,ssp585
-57.916666666666664,-10.583333333333332,2.707893249662049,1,ssp585
-57.75,-10.583333333333332,2.2269684748812715,1,ssp585
-57.58333333333333,-10.583333333333332,1.9611989474920484,1,ssp585
-57.416666666666664,-10.583333333333332,1.8179951940574537,1,ssp585
-57.25,-10.583333333333332,1.8253203371177373,1,ssp585
-57.08333333333333,-10.583333333333332,1.935929991984484,1,ssp585
-56.916666666666664,-10.583333333333332,2.0763323683537545,1,ssp585
-56.75,-10.583333333333332,2.1650250902336596,1,ssp585
-56.58333333333333,-10.583333333333332,2.3667880477267613,1,ssp585
-56.416666666666664,-10.583333333333332,2.512307476629369,1,ssp585
-56.25,-10.583333333333332,2.9821074318052885,1,ssp585
-56.08333333333333,-10.583333333333332,3.2362161583018927,1,ssp585
-55.916666666666664,-10.583333333333332,3.3782170272210807,1,ssp585
-55.75,-10.583333333333332,3.4393170659629284,1,ssp585
-55.58333333333333,-10.583333333333332,3.6438686333975863,1,ssp585
-55.416666666666664,-10.583333333333332,3.728127887954314,1,ssp585
-55.25,-10.583333333333332,3.8498682488667284,1,ssp585
-55.08333333333333,-10.583333333333332,3.6808232059616532,1,ssp585
-54.916666666666664,-10.583333333333332,3.2931835256427813,1,ssp585
-54.75,-10.583333333333332,3.3493964243462466,1,ssp585
-54.58333333333333,-10.583333333333332,3.402601347806007,1,ssp585
-54.416666666666664,-10.583333333333332,2.9533509402414224,1,ssp585
-54.25,-10.583333333333332,2.664473586447247,1,ssp585
-54.08333333333333,-10.583333333333332,2.79764260269138,1,ssp585
-53.916666666666664,-10.583333333333332,2.973310449303605,1,ssp585
-53.75,-10.583333333333332,2.7365622280770543,1,ssp585
-53.58333333333333,-10.583333333333332,2.696468240181727,1,ssp585
-53.416666666666664,-10.583333333333332,2.544954453348834,1,ssp585
-53.25,-10.583333333333332,2.697725822831114,1,ssp585
-53.08333333333333,-10.583333333333332,2.6797944432788543,1,ssp585
-52.916666666666664,-10.583333333333332,2.8291092455592026,1,ssp585
-52.75,-10.583333333333332,3.2751502602922025,1,ssp585
-52.58333333333333,-10.583333333333332,3.474555327132881,1,ssp585
-52.416666666666664,-10.583333333333332,3.6634112987438066,1,ssp585
-52.25,-10.583333333333332,3.399129732144994,1,ssp585
-52.08333333333333,-10.583333333333332,3.2889154809359615,1,ssp585
-51.916666666666664,-10.583333333333332,3.6575172871522628,1,ssp585
-51.75,-10.583333333333332,3.6082193408602277,1,ssp585
-51.58333333333333,-10.583333333333332,3.4855098071685178,1,ssp585
-51.416666666666664,-10.583333333333332,3.0773931040454663,1,ssp585
-51.25,-10.583333333333332,2.3900818492456404,1,ssp585
-51.08333333333333,-10.583333333333332,2.8993647190670857,1,ssp585
-50.916666666666664,-10.583333333333332,2.8403500468539704,1,ssp585
-70.41666666666666,-10.75,1.322537615948989,1,ssp585
-70.25,-10.75,1.3604352640449702,1,ssp585
-70.08333333333333,-10.75,1.380511043891026,1,ssp585
-69.91666666666666,-10.75,1.2837274699328964,1,ssp585
-69.75,-10.75,1.2078878010689695,1,ssp585
-69.58333333333333,-10.75,1.23561054527639,1,ssp585
-69.41666666666666,-10.75,1.3378949488833836,1,ssp585
-69.25,-10.75,1.4305775650068082,1,ssp585
-69.08333333333333,-10.75,1.401446510035313,1,ssp585
-68.91666666666666,-10.75,1.4102316700957325,1,ssp585
-68.75,-10.75,1.4099006991670222,1,ssp585
-68.58333333333333,-10.75,1.5980607056787954,1,ssp585
-68.41666666666666,-10.75,1.7659913827424765,1,ssp585
-65.08333333333333,-10.75,2.572264567830927,1,ssp585
-64.91666666666666,-10.75,2.5033186345189984,1,ssp585
-64.75,-10.75,2.4208864635525105,1,ssp585
-64.58333333333333,-10.75,2.0152829410623547,1,ssp585
-64.41666666666666,-10.75,1.8502204164358962,1,ssp585
-64.25,-10.75,1.5672376113553583,1,ssp585
-64.08333333333333,-10.75,1.6209572067973685,1,ssp585
-63.916666666666664,-10.75,2.0730791157235955,1,ssp585
-63.74999999999999,-10.75,2.832044763566863,1,ssp585
-63.58333333333333,-10.75,2.547123899633,1,ssp585
-63.416666666666664,-10.75,2.6182540004828936,1,ssp585
-63.24999999999999,-10.75,1.9113541407463757,1,ssp585
-63.08333333333333,-10.75,1.8484422970706997,1,ssp585
-62.916666666666664,-10.75,2.1229528133567883,1,ssp585
-62.75,-10.75,2.4001952444604226,1,ssp585
-62.58333333333333,-10.75,2.350806247234036,1,ssp585
-62.416666666666664,-10.75,2.141276081972015,1,ssp585
-62.25,-10.75,2.162409804800225,1,ssp585
-62.08333333333333,-10.75,2.2827242403390553,1,ssp585
-61.916666666666664,-10.75,2.065525689233331,1,ssp585
-61.75,-10.75,2.3077413910861164,1,ssp585
-61.58333333333333,-10.75,1.8954051237737592,1,ssp585
-61.416666666666664,-10.75,1.5604755010731866,1,ssp585
-61.25,-10.75,1.8443819064730138,1,ssp585
-61.08333333333333,-10.75,1.6433508166956783,1,ssp585
-60.916666666666664,-10.75,1.6039042540873445,1,ssp585
-60.75,-10.75,1.8537574080720292,1,ssp585
-60.58333333333333,-10.75,1.85421857787862,1,ssp585
-60.416666666666664,-10.75,2.118442894332674,1,ssp585
-60.25,-10.75,2.1433094061260527,1,ssp585
-60.08333333333333,-10.75,1.8260946316039632,1,ssp585
-59.916666666666664,-10.75,1.8500088677398252,1,ssp585
-59.75,-10.75,1.8647356148708047,1,ssp585
-59.58333333333333,-10.75,1.8155804092470942,1,ssp585
-59.416666666666664,-10.75,1.886286430430202,1,ssp585
-59.25,-10.75,1.9451504502382353,1,ssp585
-59.08333333333333,-10.75,1.924517804657267,1,ssp585
-58.916666666666664,-10.75,2.176311061435036,1,ssp585
-58.75,-10.75,2.324186731553015,1,ssp585
-58.58333333333333,-10.75,2.435568275707487,1,ssp585
-58.416666666666664,-10.75,1.9961423608375373,1,ssp585
-58.25,-10.75,1.781325460338811,1,ssp585
-58.08333333333333,-10.75,2.0092319230129716,1,ssp585
-57.916666666666664,-10.75,2.742292896927987,1,ssp585
-57.75,-10.75,2.8894711663363433,1,ssp585
-57.58333333333333,-10.75,2.18529419646023,1,ssp585
-57.416666666666664,-10.75,1.9734767447467738,1,ssp585
-57.25,-10.75,1.8858639610771066,1,ssp585
-57.08333333333333,-10.75,2.0144071383312543,1,ssp585
-56.916666666666664,-10.75,2.027468641834483,1,ssp585
-56.75,-10.75,2.141654358909091,1,ssp585
-56.58333333333333,-10.75,2.1592098360848904,1,ssp585
-56.416666666666664,-10.75,2.3768610101082244,1,ssp585
-56.25,-10.75,2.558318752499958,1,ssp585
-56.08333333333333,-10.75,2.728661710082733,1,ssp585
-55.916666666666664,-10.75,2.8296806892359787,1,ssp585
-55.75,-10.75,3.2350880034642855,1,ssp585
-55.58333333333333,-10.75,3.6562994092860865,1,ssp585
-55.416666666666664,-10.75,3.8333863930690892,1,ssp585
-55.25,-10.75,3.6161580931196142,1,ssp585
-55.08333333333333,-10.75,3.4048975695394508,1,ssp585
-54.916666666666664,-10.75,3.28273512138706,1,ssp585
-54.75,-10.75,3.1916954783727016,1,ssp585
-54.58333333333333,-10.75,2.9868601559778774,1,ssp585
-54.416666666666664,-10.75,2.709765328905277,1,ssp585
-54.25,-10.75,2.7610997571797657,1,ssp585
-54.08333333333333,-10.75,2.8662660284447172,1,ssp585
-53.916666666666664,-10.75,2.7856063241310305,1,ssp585
-53.75,-10.75,2.639818611717409,1,ssp585
-53.58333333333333,-10.75,2.7827900684661975,1,ssp585
-53.416666666666664,-10.75,2.6781893824852503,1,ssp585
-53.25,-10.75,2.680635166029638,1,ssp585
-53.08333333333333,-10.75,2.6790993460597226,1,ssp585
-52.916666666666664,-10.75,2.7761667052960024,1,ssp585
-52.75,-10.75,3.3419251380471766,1,ssp585
-52.58333333333333,-10.75,3.2562658162695506,1,ssp585
-52.416666666666664,-10.75,3.5503493812647933,1,ssp585
-52.25,-10.75,3.53148926896463,1,ssp585
-52.08333333333333,-10.75,3.7432317595312674,1,ssp585
-51.416666666666664,-10.75,3.3488816572562605,1,ssp585
-51.25,-10.75,2.828434501480511,1,ssp585
-70.25,-10.916666666666666,1.417920604910109,1,ssp585
-68.91666666666666,-10.916666666666666,1.645231048981006,1,ssp585
-68.75,-10.916666666666666,1.6208411923669315,1,ssp585
-68.58333333333333,-10.916666666666666,1.7518097765330072,1,ssp585
-68.41666666666666,-10.916666666666666,1.6406766849467873,1,ssp585
-65.08333333333333,-10.916666666666666,2.5759057374499092,1,ssp585
-64.91666666666666,-10.916666666666666,2.418362932593506,1,ssp585
-64.75,-10.916666666666666,2.3000836010746855,1,ssp585
-64.58333333333333,-10.916666666666666,2.3513440633779075,1,ssp585
-64.41666666666666,-10.916666666666666,1.837287904467396,1,ssp585
-64.25,-10.916666666666666,2.143468278663171,1,ssp585
-64.08333333333333,-10.916666666666666,2.556995643666664,1,ssp585
-63.916666666666664,-10.916666666666666,2.6104550685140766,1,ssp585
-63.74999999999999,-10.916666666666666,2.513774786365522,1,ssp585
-63.58333333333333,-10.916666666666666,2.598110159972144,1,ssp585
-63.416666666666664,-10.916666666666666,2.8635120347832363,1,ssp585
-63.24999999999999,-10.916666666666666,1.98407913827301,1,ssp585
-63.08333333333333,-10.916666666666666,2.0228631796750705,1,ssp585
-62.916666666666664,-10.916666666666666,2.378275646869112,1,ssp585
-62.75,-10.916666666666666,2.281402119111103,1,ssp585
-62.58333333333333,-10.916666666666666,2.23219125690605,1,ssp585
-62.416666666666664,-10.916666666666666,2.018607505680249,1,ssp585
-62.25,-10.916666666666666,2.3648179426514475,1,ssp585
-62.08333333333333,-10.916666666666666,2.181612659370908,1,ssp585
-61.916666666666664,-10.916666666666666,2.107777530926951,1,ssp585
-61.75,-10.916666666666666,2.821851523388584,1,ssp585
-61.58333333333333,-10.916666666666666,1.8788750015154656,1,ssp585
-61.416666666666664,-10.916666666666666,1.8192705585559588,1,ssp585
-61.25,-10.916666666666666,1.772099043405113,1,ssp585
-61.08333333333333,-10.916666666666666,1.6729260360551574,1,ssp585
-60.916666666666664,-10.916666666666666,1.5500838371737682,1,ssp585
-60.75,-10.916666666666666,1.887322000074819,1,ssp585
-60.58333333333333,-10.916666666666666,1.9257038124088424,1,ssp585
-60.416666666666664,-10.916666666666666,1.9815641560872304,1,ssp585
-60.25,-10.916666666666666,2.1190957094397116,1,ssp585
-60.08333333333333,-10.916666666666666,1.851345647225728,1,ssp585
-59.916666666666664,-10.916666666666666,1.7665732128017482,1,ssp585
-59.75,-10.916666666666666,1.7590490388539308,1,ssp585
-59.58333333333333,-10.916666666666666,1.760402262152606,1,ssp585
-59.416666666666664,-10.916666666666666,1.6706129481685947,1,ssp585
-59.25,-10.916666666666666,1.8279954349748735,1,ssp585
-59.08333333333333,-10.916666666666666,1.8495135342153286,1,ssp585
-58.916666666666664,-10.916666666666666,2.0544573832040465,1,ssp585
-58.75,-10.916666666666666,2.329674122649735,1,ssp585
-58.58333333333333,-10.916666666666666,2.2849642252385665,1,ssp585
-58.416666666666664,-10.916666666666666,2.1778478912118535,1,ssp585
-58.25,-10.916666666666666,1.8732229957597242,1,ssp585
-58.08333333333333,-10.916666666666666,1.7831722514061177,1,ssp585
-57.916666666666664,-10.916666666666666,2.001556931405788,1,ssp585
-57.75,-10.916666666666666,2.558395378200091,1,ssp585
-57.58333333333333,-10.916666666666666,2.3354637794186477,1,ssp585
-57.416666666666664,-10.916666666666666,1.9374563825066553,1,ssp585
-57.25,-10.916666666666666,1.9857626157403796,1,ssp585
-57.08333333333333,-10.916666666666666,2.071589630264654,1,ssp585
-56.916666666666664,-10.916666666666666,1.9398260789065265,1,ssp585
-56.75,-10.916666666666666,2.051129265900232,1,ssp585
-56.58333333333333,-10.916666666666666,2.2736743718860817,1,ssp585
-56.416666666666664,-10.916666666666666,2.344633165982845,1,ssp585
-56.25,-10.916666666666666,2.536456399913692,1,ssp585
-56.08333333333333,-10.916666666666666,2.6345769285368883,1,ssp585
-55.916666666666664,-10.916666666666666,2.732319674347857,1,ssp585
-55.75,-10.916666666666666,2.5795652558943694,1,ssp585
-55.58333333333333,-10.916666666666666,2.634079101855958,1,ssp585
-55.416666666666664,-10.916666666666666,2.855426589268418,1,ssp585
-55.25,-10.916666666666666,3.0221490514381286,1,ssp585
-55.08333333333333,-10.916666666666666,3.0113500754641236,1,ssp585
-54.916666666666664,-10.916666666666666,3.1318352255926816,1,ssp585
-54.75,-10.916666666666666,2.8981309794388794,1,ssp585
-54.58333333333333,-10.916666666666666,3.2825928139347686,1,ssp585
-54.416666666666664,-10.916666666666666,3.124434270636633,1,ssp585
-54.25,-10.916666666666666,3.0728146288726426,1,ssp585
-54.08333333333333,-10.916666666666666,2.7552769275939193,1,ssp585
-53.916666666666664,-10.916666666666666,2.7476454666225107,1,ssp585
-53.75,-10.916666666666666,2.7823103487275778,1,ssp585
-53.58333333333333,-10.916666666666666,2.709982513903475,1,ssp585
-53.416666666666664,-10.916666666666666,2.7139464711717878,1,ssp585
-53.25,-10.916666666666666,2.7605946381908177,1,ssp585
-53.08333333333333,-10.916666666666666,2.7152463717917557,1,ssp585
-52.916666666666664,-10.916666666666666,2.909158651125422,1,ssp585
-52.75,-10.916666666666666,3.369918276962976,1,ssp585
-52.58333333333333,-10.916666666666666,3.374418419462232,1,ssp585
-52.416666666666664,-10.916666666666666,3.113131998866236,1,ssp585
-52.25,-10.916666666666666,3.261111932305328,1,ssp585
-52.08333333333333,-10.916666666666666,3.7804531695632946,1,ssp585
-65.08333333333333,-11.083333333333332,2.789945690118242,1,ssp585
-64.91666666666666,-11.083333333333332,2.450070322120924,1,ssp585
-64.75,-11.083333333333332,2.3435368758266826,1,ssp585
-64.58333333333333,-11.083333333333332,2.3386487269652276,1,ssp585
-64.41666666666666,-11.083333333333332,2.2384278653071727,1,ssp585
-64.25,-11.083333333333332,1.9840695442238596,1,ssp585
-64.08333333333333,-11.083333333333332,2.1075661927697626,1,ssp585
-63.916666666666664,-11.083333333333332,3.253171778857451,1,ssp585
-63.74999999999999,-11.083333333333332,3.142831497788079,1,ssp585
-63.58333333333333,-11.083333333333332,2.8844555645539054,1,ssp585
-63.416666666666664,-11.083333333333332,2.47502797224126,1,ssp585
-63.24999999999999,-11.083333333333332,2.057033056786667,1,ssp585
-63.08333333333333,-11.083333333333332,2.0756749938829135,1,ssp585
-62.916666666666664,-11.083333333333332,2.3212985442730143,1,ssp585
-62.75,-11.083333333333332,2.3689674514386283,1,ssp585
-62.58333333333333,-11.083333333333332,2.28772969870467,1,ssp585
-62.416666666666664,-11.083333333333332,2.481763857872962,1,ssp585
-62.25,-11.083333333333332,2.410615343663942,1,ssp585
-62.08333333333333,-11.083333333333332,2.0777765630643175,1,ssp585
-61.916666666666664,-11.083333333333332,2.2067336149267534,1,ssp585
-61.75,-11.083333333333332,2.7025453607823313,1,ssp585
-61.58333333333333,-11.083333333333332,1.650725727511306,1,ssp585
-61.416666666666664,-11.083333333333332,2.0840292793785102,1,ssp585
-61.25,-11.083333333333332,1.6241876787080345,1,ssp585
-61.08333333333333,-11.083333333333332,1.7899101228954966,1,ssp585
-60.916666666666664,-11.083333333333332,2.2818935881059472,1,ssp585
-60.75,-11.083333333333332,2.2179509995322317,1,ssp585
-60.58333333333333,-11.083333333333332,2.0521143840824734,1,ssp585
-60.416666666666664,-11.083333333333332,2.2116112281198252,1,ssp585
-60.25,-11.083333333333332,2.2920919861473026,1,ssp585
-60.08333333333333,-11.083333333333332,1.8447422606845436,1,ssp585
-59.916666666666664,-11.083333333333332,1.477160569754386,1,ssp585
-59.75,-11.083333333333332,1.695520156235042,1,ssp585
-59.58333333333333,-11.083333333333332,1.594347351555059,1,ssp585
-59.416666666666664,-11.083333333333332,1.722431454152425,1,ssp585
-59.25,-11.083333333333332,1.90544149839051,1,ssp585
-59.08333333333333,-11.083333333333332,2.0614636398357593,1,ssp585
-58.916666666666664,-11.083333333333332,2.040395671628247,1,ssp585
-58.75,-11.083333333333332,2.416729129666181,1,ssp585
-58.58333333333333,-11.083333333333332,2.57783345631045,1,ssp585
-58.416666666666664,-11.083333333333332,2.261364073575692,1,ssp585
-58.25,-11.083333333333332,1.985083572632762,1,ssp585
-58.08333333333333,-11.083333333333332,1.7645631952918983,1,ssp585
-57.916666666666664,-11.083333333333332,2.058683638852473,1,ssp585
-57.75,-11.083333333333332,2.162160560213394,1,ssp585
-57.58333333333333,-11.083333333333332,2.335379785836114,1,ssp585
-57.416666666666664,-11.083333333333332,2.00528825526497,1,ssp585
-57.25,-11.083333333333332,2.09913128686125,1,ssp585
-57.08333333333333,-11.083333333333332,2.371105329870493,1,ssp585
-56.916666666666664,-11.083333333333332,2.029517673217625,1,ssp585
-56.75,-11.083333333333332,2.006511159919463,1,ssp585
-56.58333333333333,-11.083333333333332,2.1446197922452006,1,ssp585
-56.416666666666664,-11.083333333333332,2.415110444750255,1,ssp585
-56.25,-11.083333333333332,2.5960786467239907,1,ssp585
-56.08333333333333,-11.083333333333332,2.4680123019798343,1,ssp585
-55.916666666666664,-11.083333333333332,2.7324025489429293,1,ssp585
-55.75,-11.083333333333332,2.5880256630237497,1,ssp585
-55.58333333333333,-11.083333333333332,2.5955770730286067,1,ssp585
-55.416666666666664,-11.083333333333332,2.6813375665467665,1,ssp585
-55.25,-11.083333333333332,3.1018289135991504,1,ssp585
-55.08333333333333,-11.083333333333332,2.5994484813007435,1,ssp585
-54.916666666666664,-11.083333333333332,2.8400785132895923,1,ssp585
-54.75,-11.083333333333332,3.130422045739207,1,ssp585
-54.58333333333333,-11.083333333333332,3.2960225290511427,1,ssp585
-54.416666666666664,-11.083333333333332,3.2990994388933683,1,ssp585
-54.25,-11.083333333333332,2.9573357709228443,1,ssp585
-54.08333333333333,-11.083333333333332,2.946888344464712,1,ssp585
-53.916666666666664,-11.083333333333332,2.7952758334239727,1,ssp585
-53.75,-11.083333333333332,2.830710603606783,1,ssp585
-53.58333333333333,-11.083333333333332,2.8849619782037896,1,ssp585
-53.416666666666664,-11.083333333333332,2.8441229097934926,1,ssp585
-53.25,-11.083333333333332,2.8386423149261253,1,ssp585
-53.08333333333333,-11.083333333333332,2.7847159770988332,1,ssp585
-52.916666666666664,-11.083333333333332,2.961322367404634,1,ssp585
-52.75,-11.083333333333332,3.3503055806280586,1,ssp585
-52.58333333333333,-11.083333333333332,3.356094660645288,1,ssp585
-52.416666666666664,-11.083333333333332,3.0796568446142456,1,ssp585
-52.25,-11.083333333333332,3.1210638313390353,1,ssp585
-52.08333333333333,-11.083333333333332,3.316336979155158,1,ssp585
-65.25,-11.25,2.8453372872603855,1,ssp585
-65.08333333333333,-11.25,2.7275184400780264,1,ssp585
-64.91666666666666,-11.25,2.7141103215795312,1,ssp585
-64.75,-11.25,2.5904776104714586,1,ssp585
-64.58333333333333,-11.25,2.5467038224189507,1,ssp585
-64.41666666666666,-11.25,2.4588372726676453,1,ssp585
-64.25,-11.25,2.407832053100746,1,ssp585
-64.08333333333333,-11.25,2.108742417090962,1,ssp585
-63.916666666666664,-11.25,1.7794580442901722,1,ssp585
-63.74999999999999,-11.25,1.5966845802440386,1,ssp585
-63.58333333333333,-11.25,1.6476124481824457,1,ssp585
-63.416666666666664,-11.25,1.5715694214922484,1,ssp585
-63.24999999999999,-11.25,2.0691636970884084,1,ssp585
-63.08333333333333,-11.25,2.3026434607663977,1,ssp585
-62.916666666666664,-11.25,2.3350250858388146,1,ssp585
-62.75,-11.25,2.295437551711125,1,ssp585
-62.58333333333333,-11.25,2.3671195058320422,1,ssp585
-62.416666666666664,-11.25,2.5229694230182482,1,ssp585
-62.25,-11.25,2.316730663348043,1,ssp585
-62.08333333333333,-11.25,2.125979595687508,1,ssp585
-61.916666666666664,-11.25,2.18786726846387,1,ssp585
-61.75,-11.25,2.388337689110114,1,ssp585
-61.58333333333333,-11.25,2.0806616758031526,1,ssp585
-61.416666666666664,-11.25,2.262472578866846,1,ssp585
-61.25,-11.25,1.919925815938393,1,ssp585
-61.08333333333333,-11.25,2.1027573817404877,1,ssp585
-60.916666666666664,-11.25,2.2738933185570307,1,ssp585
-60.75,-11.25,2.1764294559097865,1,ssp585
-60.58333333333333,-11.25,2.2184236651993916,1,ssp585
-60.416666666666664,-11.25,2.2257061662401725,1,ssp585
-60.25,-11.25,2.1331592358582196,1,ssp585
-60.08333333333333,-11.25,1.4390854910397444,1,ssp585
-59.916666666666664,-11.25,1.6047045061928757,1,ssp585
-59.75,-11.25,1.5490987556046876,1,ssp585
-59.58333333333333,-11.25,1.6162784667672656,1,ssp585
-59.416666666666664,-11.25,1.6519998636966164,1,ssp585
-59.25,-11.25,1.7907473596122525,1,ssp585
-59.08333333333333,-11.25,2.1321902085991695,1,ssp585
-58.916666666666664,-11.25,2.2282051744109026,1,ssp585
-58.75,-11.25,2.380904422207869,1,ssp585
-58.58333333333333,-11.25,2.603765149401008,1,ssp585
-58.416666666666664,-11.25,2.2481964298215087,1,ssp585
-58.25,-11.25,1.880703826110497,1,ssp585
-58.08333333333333,-11.25,1.8658476893323568,1,ssp585
-57.916666666666664,-11.25,1.9610081872042158,1,ssp585
-57.75,-11.25,2.20341892881857,1,ssp585
-57.58333333333333,-11.25,2.3997589834512443,1,ssp585
-57.416666666666664,-11.25,2.434820007589845,1,ssp585
-57.25,-11.25,2.2969696299439675,1,ssp585
-57.08333333333333,-11.25,2.151089134090862,1,ssp585
-56.916666666666664,-11.25,2.05894006374298,1,ssp585
-56.75,-11.25,2.037329679414955,1,ssp585
-56.58333333333333,-11.25,1.7597737571156367,1,ssp585
-56.416666666666664,-11.25,2.3157216307145667,1,ssp585
-56.25,-11.25,2.5976793441775152,1,ssp585
-56.08333333333333,-11.25,2.288430145184653,1,ssp585
-55.916666666666664,-11.25,2.488727623343315,1,ssp585
-55.75,-11.25,2.5308010469249775,1,ssp585
-55.58333333333333,-11.25,2.5747547303158096,1,ssp585
-55.416666666666664,-11.25,2.5092055713273256,1,ssp585
-55.25,-11.25,2.7594816967986073,1,ssp585
-55.08333333333333,-11.25,2.5374987476007926,1,ssp585
-54.916666666666664,-11.25,2.8021797426769464,1,ssp585
-54.75,-11.25,2.5842919080233413,1,ssp585
-54.58333333333333,-11.25,2.617902855705898,1,ssp585
-54.416666666666664,-11.25,3.099195946691996,1,ssp585
-54.25,-11.25,3.1417331311358137,1,ssp585
-54.08333333333333,-11.25,3.009227058762096,1,ssp585
-53.916666666666664,-11.25,2.8083200465747673,1,ssp585
-53.75,-11.25,2.908248018810237,1,ssp585
-53.58333333333333,-11.25,2.860825102020649,1,ssp585
-53.416666666666664,-11.25,2.923456881674074,1,ssp585
-53.25,-11.25,3.0388133818549337,1,ssp585
-53.08333333333333,-11.25,2.929598445952734,1,ssp585
-52.916666666666664,-11.25,3.0061309928063147,1,ssp585
-52.75,-11.25,3.267563680454509,1,ssp585
-52.58333333333333,-11.25,3.282960354662775,1,ssp585
-52.416666666666664,-11.25,3.3058583445765524,1,ssp585
-52.25,-11.25,3.466803317803518,1,ssp585
-52.08333333333333,-11.25,3.613292163746925,1,ssp585
-51.916666666666664,-11.25,4.153961493443269,1,ssp585
-65.08333333333333,-11.416666666666666,2.729161592403928,1,ssp585
-64.91666666666666,-11.416666666666666,2.656474259633304,1,ssp585
-64.75,-11.416666666666666,2.5864154546894214,1,ssp585
-64.58333333333333,-11.416666666666666,2.5336293474106455,1,ssp585
-64.41666666666666,-11.416666666666666,2.466518180158209,1,ssp585
-64.25,-11.416666666666666,2.3764518593062243,1,ssp585
-64.08333333333333,-11.416666666666666,2.1237832025621413,1,ssp585
-63.916666666666664,-11.416666666666666,1.8378794507031289,1,ssp585
-63.74999999999999,-11.416666666666666,1.9374608409629952,1,ssp585
-63.58333333333333,-11.416666666666666,2.0454234183505045,1,ssp585
-63.416666666666664,-11.416666666666666,2.169440446435813,1,ssp585
-63.24999999999999,-11.416666666666666,1.9215250947024913,1,ssp585
-63.08333333333333,-11.416666666666666,2.2948766997776557,1,ssp585
-62.916666666666664,-11.416666666666666,2.246035030090701,1,ssp585
-62.75,-11.416666666666666,2.269530115393458,1,ssp585
-62.58333333333333,-11.416666666666666,2.2443182061990368,1,ssp585
-62.416666666666664,-11.416666666666666,2.5546820089808646,1,ssp585
-62.25,-11.416666666666666,2.602593274166047,1,ssp585
-62.08333333333333,-11.416666666666666,2.2886460550942114,1,ssp585
-61.916666666666664,-11.416666666666666,2.215500843557715,1,ssp585
-61.75,-11.416666666666666,2.377536515530929,1,ssp585
-61.58333333333333,-11.416666666666666,2.4494068352303815,1,ssp585
-61.416666666666664,-11.416666666666666,2.312591082116695,1,ssp585
-61.25,-11.416666666666666,2.27906127642928,1,ssp585
-61.08333333333333,-11.416666666666666,2.324067309922339,1,ssp585
-60.916666666666664,-11.416666666666666,2.5792368708788764,1,ssp585
-60.75,-11.416666666666666,2.1362466341993316,1,ssp585
-60.58333333333333,-11.416666666666666,2.0514507459465934,1,ssp585
-60.416666666666664,-11.416666666666666,2.022553555274183,1,ssp585
-60.25,-11.416666666666666,1.4898824465063887,1,ssp585
-60.08333333333333,-11.416666666666666,1.3988586293450225,1,ssp585
-59.916666666666664,-11.416666666666666,1.4431692913979317,1,ssp585
-59.75,-11.416666666666666,1.3905239812290855,1,ssp585
-59.58333333333333,-11.416666666666666,1.5084356155433805,1,ssp585
-59.416666666666664,-11.416666666666666,1.6719371524632705,1,ssp585
-59.25,-11.416666666666666,1.6777405602341846,1,ssp585
-59.08333333333333,-11.416666666666666,2.1327183844956825,1,ssp585
-58.916666666666664,-11.416666666666666,2.2398481556938927,1,ssp585
-58.75,-11.416666666666666,2.5676457608541927,1,ssp585
-58.58333333333333,-11.416666666666666,2.455638763024707,1,ssp585
-58.416666666666664,-11.416666666666666,1.9882248241805816,1,ssp585
-58.25,-11.416666666666666,1.7150044028975397,1,ssp585
-58.08333333333333,-11.416666666666666,1.955931879006377,1,ssp585
-57.916666666666664,-11.416666666666666,2.061530627346478,1,ssp585
-57.75,-11.416666666666666,2.124274578664112,1,ssp585
-57.58333333333333,-11.416666666666666,2.269885290847738,1,ssp585
-57.416666666666664,-11.416666666666666,2.1525505048135214,1,ssp585
-57.25,-11.416666666666666,2.250831286364987,1,ssp585
-57.08333333333333,-11.416666666666666,2.10545576400405,1,ssp585
-56.916666666666664,-11.416666666666666,1.949347888016769,1,ssp585
-56.75,-11.416666666666666,2.082226819009978,1,ssp585
-56.58333333333333,-11.416666666666666,1.6904218830856241,1,ssp585
-56.416666666666664,-11.416666666666666,1.6999877935371845,1,ssp585
-56.25,-11.416666666666666,2.0903398809039353,1,ssp585
-56.08333333333333,-11.416666666666666,2.2603170342016754,1,ssp585
-55.916666666666664,-11.416666666666666,2.249968151498658,1,ssp585
-55.75,-11.416666666666666,2.631990478038436,1,ssp585
-55.58333333333333,-11.416666666666666,2.5663212069623107,1,ssp585
-55.416666666666664,-11.416666666666666,2.5929259577385597,1,ssp585
-55.25,-11.416666666666666,2.4614001518159254,1,ssp585
-55.08333333333333,-11.416666666666666,2.4491027572089963,1,ssp585
-54.916666666666664,-11.416666666666666,3.0432355347339084,1,ssp585
-54.75,-11.416666666666666,2.8638758654116776,1,ssp585
-54.58333333333333,-11.416666666666666,2.5954658838564133,1,ssp585
-54.416666666666664,-11.416666666666666,2.780024565322854,1,ssp585
-54.25,-11.416666666666666,2.862203446531414,1,ssp585
-54.08333333333333,-11.416666666666666,3.1182624228947184,1,ssp585
-53.916666666666664,-11.416666666666666,3.149855821248573,1,ssp585
-53.75,-11.416666666666666,2.973172910841189,1,ssp585
-53.58333333333333,-11.416666666666666,3.080230829407553,1,ssp585
-53.416666666666664,-11.416666666666666,3.2353483728159778,1,ssp585
-53.25,-11.416666666666666,3.149831237277234,1,ssp585
-53.08333333333333,-11.416666666666666,3.2492305870919904,1,ssp585
-52.916666666666664,-11.416666666666666,3.188113970605485,1,ssp585
-52.75,-11.416666666666666,3.389964855762747,1,ssp585
-52.58333333333333,-11.416666666666666,3.500814616981235,1,ssp585
-52.416666666666664,-11.416666666666666,3.351626039870876,1,ssp585
-52.25,-11.416666666666666,3.3084677934690783,1,ssp585
-52.08333333333333,-11.416666666666666,3.5971257043183313,1,ssp585
-51.916666666666664,-11.416666666666666,3.7132042574138793,1,ssp585
-51.75,-11.416666666666666,3.782602295689555,1,ssp585
-65.08333333333333,-11.583333333333332,2.815301332439709,1,ssp585
-64.91666666666666,-11.583333333333332,2.6503539611265734,1,ssp585
-64.75,-11.583333333333332,2.5450301010076153,1,ssp585
-64.58333333333333,-11.583333333333332,2.442749599332477,1,ssp585
-64.41666666666666,-11.583333333333332,2.330196043332081,1,ssp585
-64.25,-11.583333333333332,2.388802715198021,1,ssp585
-64.08333333333333,-11.583333333333332,2.4088522042052665,1,ssp585
-63.916666666666664,-11.583333333333332,2.1756096023111295,1,ssp585
-63.74999999999999,-11.583333333333332,2.127578218019673,1,ssp585
-63.58333333333333,-11.583333333333332,2.039290116796579,1,ssp585
-63.416666666666664,-11.583333333333332,1.917208589341529,1,ssp585
-63.24999999999999,-11.583333333333332,1.7359732940809196,1,ssp585
-63.08333333333333,-11.583333333333332,1.7045248773554555,1,ssp585
-62.916666666666664,-11.583333333333332,2.2116190040806356,1,ssp585
-62.75,-11.583333333333332,2.228990247094203,1,ssp585
-62.58333333333333,-11.583333333333332,2.2875683813441667,1,ssp585
-62.416666666666664,-11.583333333333332,2.4176627379506503,1,ssp585
-62.25,-11.583333333333332,2.5696015227967677,1,ssp585
-62.08333333333333,-11.583333333333332,2.631852756731206,1,ssp585
-61.916666666666664,-11.583333333333332,2.6278853338176447,1,ssp585
-61.75,-11.583333333333332,2.5619812926158394,1,ssp585
-61.58333333333333,-11.583333333333332,2.474101391807646,1,ssp585
-61.416666666666664,-11.583333333333332,2.3664779073419546,1,ssp585
-61.25,-11.583333333333332,2.454318715963145,1,ssp585
-61.08333333333333,-11.583333333333332,2.5428685954941086,1,ssp585
-60.916666666666664,-11.583333333333332,2.833608335624614,1,ssp585
-60.75,-11.583333333333332,2.7145508917895715,1,ssp585
-60.58333333333333,-11.583333333333332,2.2360832100335517,1,ssp585
-60.416666666666664,-11.583333333333332,1.5800146891850333,1,ssp585
-60.25,-11.583333333333332,1.3538969599973232,1,ssp585
-60.08333333333333,-11.583333333333332,1.4803236741214523,1,ssp585
-59.916666666666664,-11.583333333333332,1.3230802343699186,1,ssp585
-59.75,-11.583333333333332,1.3399920563514724,1,ssp585
-59.58333333333333,-11.583333333333332,1.3292420817141872,1,ssp585
-59.416666666666664,-11.583333333333332,1.396491929106469,1,ssp585
-59.25,-11.583333333333332,1.562771849402578,1,ssp585
-59.08333333333333,-11.583333333333332,1.7955666799745689,1,ssp585
-58.916666666666664,-11.583333333333332,2.0982993622277086,1,ssp585
-58.75,-11.583333333333332,2.3866422334229616,1,ssp585
-58.58333333333333,-11.583333333333332,2.3065976314941343,1,ssp585
-58.416666666666664,-11.583333333333332,2.1861943732700166,1,ssp585
-58.25,-11.583333333333332,2.334956002965035,1,ssp585
-58.08333333333333,-11.583333333333332,2.2112261299945963,1,ssp585
-57.916666666666664,-11.583333333333332,2.2606698481206666,1,ssp585
-57.75,-11.583333333333332,2.1799330709779947,1,ssp585
-57.58333333333333,-11.583333333333332,2.195105642360066,1,ssp585
-57.416666666666664,-11.583333333333332,2.0084803493328303,1,ssp585
-57.25,-11.583333333333332,2.0968892564947463,1,ssp585
-57.08333333333333,-11.583333333333332,2.021883029580574,1,ssp585
-56.916666666666664,-11.583333333333332,1.388182040391689,1,ssp585
-56.75,-11.583333333333332,1.605887852116119,1,ssp585
-56.58333333333333,-11.583333333333332,1.599533211252398,1,ssp585
-56.416666666666664,-11.583333333333332,1.5650460861792646,1,ssp585
-56.25,-11.583333333333332,1.8068927149163658,1,ssp585
-56.08333333333333,-11.583333333333332,2.309620281630307,1,ssp585
-55.916666666666664,-11.583333333333332,2.4822918743333733,1,ssp585
-55.75,-11.583333333333332,2.559236347955133,1,ssp585
-55.58333333333333,-11.583333333333332,2.474596523552523,1,ssp585
-55.416666666666664,-11.583333333333332,2.539034402300243,1,ssp585
-55.25,-11.583333333333332,2.347772245096724,1,ssp585
-55.08333333333333,-11.583333333333332,2.603633386634027,1,ssp585
-54.916666666666664,-11.583333333333332,2.915946622186226,1,ssp585
-54.75,-11.583333333333332,2.7788547755275337,1,ssp585
-54.58333333333333,-11.583333333333332,2.6810788840010784,1,ssp585
-54.416666666666664,-11.583333333333332,2.9329179451581977,1,ssp585
-54.25,-11.583333333333332,2.9661429133505592,1,ssp585
-54.08333333333333,-11.583333333333332,2.9875503184144674,1,ssp585
-53.916666666666664,-11.583333333333332,3.080636865031931,1,ssp585
-53.75,-11.583333333333332,3.182476605055229,1,ssp585
-53.58333333333333,-11.583333333333332,3.3793763994364774,1,ssp585
-53.416666666666664,-11.583333333333332,3.4204148014716407,1,ssp585
-53.25,-11.583333333333332,3.412963253259952,1,ssp585
-53.08333333333333,-11.583333333333332,3.40339646466464,1,ssp585
-52.916666666666664,-11.583333333333332,3.412640815833351,1,ssp585
-52.75,-11.583333333333332,3.5293292029517005,1,ssp585
-52.58333333333333,-11.583333333333332,3.519535085945019,1,ssp585
-52.416666666666664,-11.583333333333332,3.415889589395888,1,ssp585
-52.25,-11.583333333333332,3.38294597131194,1,ssp585
-52.08333333333333,-11.583333333333332,3.6213140137610176,1,ssp585
-51.916666666666664,-11.583333333333332,3.470807909757708,1,ssp585
-51.75,-11.583333333333332,3.480390011934628,1,ssp585
-51.58333333333333,-11.583333333333332,3.543496707019458,1,ssp585
-64.91666666666666,-11.75,2.7702458062668023,1,ssp585
-64.75,-11.75,2.5698880537575395,1,ssp585
-64.58333333333333,-11.75,2.491925695731487,1,ssp585
-64.41666666666666,-11.75,2.3168236601845638,1,ssp585
-64.25,-11.75,2.103612390016436,1,ssp585
-64.08333333333333,-11.75,2.4009696567783387,1,ssp585
-63.916666666666664,-11.75,2.170698836344358,1,ssp585
-63.74999999999999,-11.75,1.9189047560653965,1,ssp585
-63.58333333333333,-11.75,1.8603082477764155,1,ssp585
-63.416666666666664,-11.75,1.8617379595825831,1,ssp585
-63.24999999999999,-11.75,2.044878262186996,1,ssp585
-63.08333333333333,-11.75,2.409376865666204,1,ssp585
-62.916666666666664,-11.75,2.80692889961073,1,ssp585
-62.75,-11.75,2.8601992530273974,1,ssp585
-62.58333333333333,-11.75,2.621048289765841,1,ssp585
-62.416666666666664,-11.75,2.4384551551785822,1,ssp585
-62.25,-11.75,2.517461252018265,1,ssp585
-62.08333333333333,-11.75,3.0100884212155403,1,ssp585
-61.916666666666664,-11.75,2.9082413304682033,1,ssp585
-61.75,-11.75,2.7657258896665318,1,ssp585
-61.58333333333333,-11.75,2.7613978398583567,1,ssp585
-61.416666666666664,-11.75,2.5850280816185642,1,ssp585
-61.25,-11.75,2.523017018063406,1,ssp585
-61.08333333333333,-11.75,2.560574908924406,1,ssp585
-60.916666666666664,-11.75,2.5590656832500778,1,ssp585
-60.75,-11.75,2.7349598296985747,1,ssp585
-60.58333333333333,-11.75,2.446653072525313,1,ssp585
-60.416666666666664,-11.75,1.8989734171270627,1,ssp585
-60.25,-11.75,1.2891592713578475,1,ssp585
-60.08333333333333,-11.75,1.3964444479658225,1,ssp585
-59.916666666666664,-11.75,1.4959671028161348,1,ssp585
-59.75,-11.75,1.3926389057442612,1,ssp585
-59.58333333333333,-11.75,1.3025841607386737,1,ssp585
-59.416666666666664,-11.75,1.4575742806057383,1,ssp585
-59.25,-11.75,1.8044043426444665,1,ssp585
-59.08333333333333,-11.75,1.802340440803675,1,ssp585
-58.916666666666664,-11.75,1.8366404783378991,1,ssp585
-58.75,-11.75,2.2871406939658323,1,ssp585
-58.58333333333333,-11.75,2.0430991281283784,1,ssp585
-58.416666666666664,-11.75,2.104521777574983,1,ssp585
-58.25,-11.75,2.4804480316375175,1,ssp585
-58.08333333333333,-11.75,2.431905596418216,1,ssp585
-57.916666666666664,-11.75,2.1199575057646363,1,ssp585
-57.75,-11.75,1.8373975709275066,1,ssp585
-57.58333333333333,-11.75,1.5827904650349944,1,ssp585
-57.416666666666664,-11.75,1.7328692066835403,1,ssp585
-57.25,-11.75,1.7912386317182152,1,ssp585
-57.08333333333333,-11.75,1.8721626392294317,1,ssp585
-56.916666666666664,-11.75,1.7863566068612768,1,ssp585
-56.75,-11.75,1.9230809286862884,1,ssp585
-56.58333333333333,-11.75,1.4477608169855283,1,ssp585
-56.416666666666664,-11.75,1.3728989923755583,1,ssp585
-56.25,-11.75,1.7188248962558204,1,ssp585
-56.08333333333333,-11.75,1.8525891881819114,1,ssp585
-55.916666666666664,-11.75,1.9980160223437433,1,ssp585
-55.75,-11.75,2.1763916395218064,1,ssp585
-55.58333333333333,-11.75,2.4798425555921604,1,ssp585
-55.416666666666664,-11.75,2.556800200083269,1,ssp585
-55.25,-11.75,2.650893778199549,1,ssp585
-55.08333333333333,-11.75,2.612797337523718,1,ssp585
-54.916666666666664,-11.75,2.5628147447219596,1,ssp585
-54.75,-11.75,2.6639565363493865,1,ssp585
-54.58333333333333,-11.75,2.5994901127873233,1,ssp585
-54.416666666666664,-11.75,2.8301387815095596,1,ssp585
-54.25,-11.75,2.9166048952033172,1,ssp585
-54.08333333333333,-11.75,3.041510882329628,1,ssp585
-53.916666666666664,-11.75,3.1454532090528855,1,ssp585
-53.75,-11.75,3.454717543470031,1,ssp585
-53.58333333333333,-11.75,3.751543647924379,1,ssp585
-53.416666666666664,-11.75,3.6784123780757056,1,ssp585
-53.25,-11.75,3.6682338460744197,1,ssp585
-53.08333333333333,-11.75,3.564647231711564,1,ssp585
-52.916666666666664,-11.75,3.577682019691423,1,ssp585
-52.75,-11.75,3.738320373465102,1,ssp585
-52.58333333333333,-11.75,3.31935494201144,1,ssp585
-52.416666666666664,-11.75,3.3877476203066252,1,ssp585
-52.25,-11.75,3.0125414870819425,1,ssp585
-52.08333333333333,-11.75,3.446532514504793,1,ssp585
-51.916666666666664,-11.75,3.53275209522025,1,ssp585
-51.75,-11.75,3.5320193845589167,1,ssp585
-51.58333333333333,-11.75,3.540995894361705,1,ssp585
-64.75,-11.916666666666664,2.6306845590388206,1,ssp585
-64.58333333333333,-11.916666666666664,2.5162756446515,1,ssp585
-64.41666666666666,-11.916666666666664,2.4304248501739676,1,ssp585
-64.25,-11.916666666666664,2.430802914151686,1,ssp585
-64.08333333333333,-11.916666666666664,2.503023464195176,1,ssp585
-63.916666666666664,-11.916666666666664,2.595570833196233,1,ssp585
-63.74999999999999,-11.916666666666664,2.473521852413598,1,ssp585
-63.58333333333333,-11.916666666666664,2.507771935862456,1,ssp585
-63.416666666666664,-11.916666666666664,2.424316744681733,1,ssp585
-63.24999999999999,-11.916666666666664,2.545593200390584,1,ssp585
-63.08333333333333,-11.916666666666664,2.633084016585941,1,ssp585
-62.916666666666664,-11.916666666666664,2.730566656769428,1,ssp585
-62.75,-11.916666666666664,2.724415025821728,1,ssp585
-62.58333333333333,-11.916666666666664,2.205514234121169,1,ssp585
-62.416666666666664,-11.916666666666664,2.566693215328542,1,ssp585
-62.25,-11.916666666666664,2.8378443371566178,1,ssp585
-62.08333333333333,-11.916666666666664,3.033054002401426,1,ssp585
-61.916666666666664,-11.916666666666664,3.1608536370541045,1,ssp585
-61.75,-11.916666666666664,3.1568308119774673,1,ssp585
-61.58333333333333,-11.916666666666664,2.7552439750816102,1,ssp585
-61.416666666666664,-11.916666666666664,2.8164413051778285,1,ssp585
-61.25,-11.916666666666664,2.7374691512110503,1,ssp585
-61.08333333333333,-11.916666666666664,2.5248681409362153,1,ssp585
-60.916666666666664,-11.916666666666664,2.635982880077249,1,ssp585
-60.75,-11.916666666666664,2.0412171979204223,1,ssp585
-60.58333333333333,-11.916666666666664,1.8876415629634966,1,ssp585
-60.416666666666664,-11.916666666666664,1.9045151927707604,1,ssp585
-60.25,-11.916666666666664,1.515297942814824,1,ssp585
-60.08333333333333,-11.916666666666664,1.4026569236387565,1,ssp585
-59.916666666666664,-11.916666666666664,1.6078352048393802,1,ssp585
-59.75,-11.916666666666664,1.9297713413764876,1,ssp585
-59.58333333333333,-11.916666666666664,1.9108679766479042,1,ssp585
-58.916666666666664,-11.916666666666664,1.9902745746356747,1,ssp585
-58.75,-11.916666666666664,2.005852470645922,1,ssp585
-58.58333333333333,-11.916666666666664,2.0095137972522568,1,ssp585
-58.416666666666664,-11.916666666666664,2.219031223562325,1,ssp585
-58.25,-11.916666666666664,2.3946124867935445,1,ssp585
-58.08333333333333,-11.916666666666664,1.9914132602868055,1,ssp585
-57.916666666666664,-11.916666666666664,1.6900655334953127,1,ssp585
-57.75,-11.916666666666664,1.5298870765835568,1,ssp585
-57.58333333333333,-11.916666666666664,1.2130829155786655,1,ssp585
-57.416666666666664,-11.916666666666664,1.6279194053522268,1,ssp585
-57.25,-11.916666666666664,1.5573450139839702,1,ssp585
-57.08333333333333,-11.916666666666664,1.3850905081639573,1,ssp585
-56.916666666666664,-11.916666666666664,1.3946519677263554,1,ssp585
-56.75,-11.916666666666664,1.7813574057154695,1,ssp585
-56.58333333333333,-11.916666666666664,1.875028458731759,1,ssp585
-56.416666666666664,-11.916666666666664,1.5681806819332473,1,ssp585
-56.25,-11.916666666666664,1.6318176467360277,1,ssp585
-56.08333333333333,-11.916666666666664,1.6203145094466886,1,ssp585
-55.916666666666664,-11.916666666666664,1.760743349085178,1,ssp585
-55.75,-11.916666666666664,2.4144693531353116,1,ssp585
-55.58333333333333,-11.916666666666664,2.504794695242274,1,ssp585
-55.416666666666664,-11.916666666666664,2.627132229989803,1,ssp585
-55.25,-11.916666666666664,2.7407476979035406,1,ssp585
-55.08333333333333,-11.916666666666664,2.6601063883395164,1,ssp585
-54.916666666666664,-11.916666666666664,2.530269462976507,1,ssp585
-54.75,-11.916666666666664,2.5151900497490556,1,ssp585
-54.58333333333333,-11.916666666666664,2.6294079552368386,1,ssp585
-54.416666666666664,-11.916666666666664,2.7676613845199376,1,ssp585
-54.25,-11.916666666666664,2.901194443214116,1,ssp585
-54.08333333333333,-11.916666666666664,3.076573070489738,1,ssp585
-53.916666666666664,-11.916666666666664,3.156624169139947,1,ssp585
-53.75,-11.916666666666664,3.5155907898430154,1,ssp585
-53.58333333333333,-11.916666666666664,4.023474447517877,1,ssp585
-53.416666666666664,-11.916666666666664,4.010135066547782,1,ssp585
-53.25,-11.916666666666664,3.807073466341674,1,ssp585
-53.08333333333333,-11.916666666666664,3.685075644881021,1,ssp585
-52.916666666666664,-11.916666666666664,4.121123762299231,1,ssp585
-52.75,-11.916666666666664,3.640775021409276,1,ssp585
-52.58333333333333,-11.916666666666664,3.5823531280984726,1,ssp585
-52.416666666666664,-11.916666666666664,3.5794786170814796,1,ssp585
-52.25,-11.916666666666664,3.552462958955294,1,ssp585
-52.08333333333333,-11.916666666666664,3.566543364191071,1,ssp585
-51.916666666666664,-11.916666666666664,3.0411770703304626,1,ssp585
-51.75,-11.916666666666664,3.271768874265039,1,ssp585
-51.58333333333333,-11.916666666666664,3.143115128874161,1,ssp585
-64.58333333333333,-12.083333333333332,2.607206551440848,1,ssp585
-64.41666666666666,-12.083333333333332,2.5412935206900498,1,ssp585
-64.25,-12.083333333333332,2.5463544689810433,1,ssp585
-64.08333333333333,-12.083333333333332,2.7496385081676826,1,ssp585
-63.916666666666664,-12.083333333333332,2.773269488408622,1,ssp585
-63.74999999999999,-12.083333333333332,2.7144879195449194,1,ssp585
-63.58333333333333,-12.083333333333332,2.8746619639247877,1,ssp585
-63.416666666666664,-12.083333333333332,2.7467758203153707,1,ssp585
-63.24999999999999,-12.083333333333332,2.619919043155927,1,ssp585
-63.08333333333333,-12.083333333333332,2.557663132391395,1,ssp585
-62.916666666666664,-12.083333333333332,2.5192403786372557,1,ssp585
-62.75,-12.083333333333332,2.0173688845002444,1,ssp585
-62.58333333333333,-12.083333333333332,1.8574650803892234,1,ssp585
-62.416666666666664,-12.083333333333332,2.775705320352029,1,ssp585
-62.25,-12.083333333333332,2.9193648987566165,1,ssp585
-62.08333333333333,-12.083333333333332,2.421148455818151,1,ssp585
-61.916666666666664,-12.083333333333332,2.281541646155398,1,ssp585
-61.75,-12.083333333333332,2.7156765777818848,1,ssp585
-61.58333333333333,-12.083333333333332,2.7976963580086274,1,ssp585
-61.416666666666664,-12.083333333333332,2.6907290259113092,1,ssp585
-61.25,-12.083333333333332,2.6044548023931684,1,ssp585
-61.08333333333333,-12.083333333333332,2.1480776456209076,1,ssp585
-60.916666666666664,-12.083333333333332,2.0550307456132892,1,ssp585
-60.75,-12.083333333333332,1.6339894945600326,1,ssp585
-60.58333333333333,-12.083333333333332,1.7240106328650842,1,ssp585
-60.416666666666664,-12.083333333333332,2.037498489562659,1,ssp585
-60.25,-12.083333333333332,2.0107793574558674,1,ssp585
-60.08333333333333,-12.083333333333332,1.7054792376400734,1,ssp585
-58.25,-12.083333333333332,2.0935380832165795,1,ssp585
-58.08333333333333,-12.083333333333332,2.4634518396432634,1,ssp585
-57.916666666666664,-12.083333333333332,2.1701547103815475,1,ssp585
-57.75,-12.083333333333332,1.8278796995242585,1,ssp585
-57.58333333333333,-12.083333333333332,1.6744186669405363,1,ssp585
-57.416666666666664,-12.083333333333332,1.4046904542232697,1,ssp585
-57.25,-12.083333333333332,1.7103254636440512,1,ssp585
-57.08333333333333,-12.083333333333332,1.6421938451732307,1,ssp585
-56.916666666666664,-12.083333333333332,1.6507297957050568,1,ssp585
-56.75,-12.083333333333332,1.7385212852052543,1,ssp585
-56.58333333333333,-12.083333333333332,1.9344383445391569,1,ssp585
-56.416666666666664,-12.083333333333332,1.6565357973034471,1,ssp585
-56.25,-12.083333333333332,1.8088911081217272,1,ssp585
-56.08333333333333,-12.083333333333332,1.8638585521206852,1,ssp585
-55.916666666666664,-12.083333333333332,1.9263356913457301,1,ssp585
-55.75,-12.083333333333332,2.3576609688788803,1,ssp585
-55.58333333333333,-12.083333333333332,2.3443691287010227,1,ssp585
-55.416666666666664,-12.083333333333332,2.4416137817470775,1,ssp585
-55.25,-12.083333333333332,2.5262818803116547,1,ssp585
-55.08333333333333,-12.083333333333332,2.104544895451253,1,ssp585
-54.916666666666664,-12.083333333333332,2.127285751396912,1,ssp585
-54.75,-12.083333333333332,2.350224982067043,1,ssp585
-54.58333333333333,-12.083333333333332,2.573016413772015,1,ssp585
-54.416666666666664,-12.083333333333332,2.607293745484711,1,ssp585
-54.25,-12.083333333333332,2.7755338940492766,1,ssp585
-54.08333333333333,-12.083333333333332,3.3652829765090697,1,ssp585
-53.916666666666664,-12.083333333333332,3.48943826104398,1,ssp585
-53.75,-12.083333333333332,3.8244611867244593,1,ssp585
-53.58333333333333,-12.083333333333332,4.210937618529622,1,ssp585
-53.416666666666664,-12.083333333333332,4.164884008338648,1,ssp585
-53.25,-12.083333333333332,4.040303916255234,1,ssp585
-53.08333333333333,-12.083333333333332,3.678639392075763,1,ssp585
-52.916666666666664,-12.083333333333332,4.075958757514097,1,ssp585
-52.75,-12.083333333333332,3.8650066111087362,1,ssp585
-52.58333333333333,-12.083333333333332,3.7527340870443635,1,ssp585
-52.416666666666664,-12.083333333333332,4.173286440984904,1,ssp585
-52.25,-12.083333333333332,4.039518045059995,1,ssp585
-52.08333333333333,-12.083333333333332,3.0904041998245995,1,ssp585
-51.916666666666664,-12.083333333333332,3.1478078615447322,1,ssp585
-51.75,-12.083333333333332,3.2820039476533633,1,ssp585
-51.58333333333333,-12.083333333333332,3.5830146428972482,1,ssp585
-64.41666666666666,-12.25,2.686142603233813,1,ssp585
-64.25,-12.25,2.6519945664545688,1,ssp585
-64.08333333333333,-12.25,2.514098016489305,1,ssp585
-63.916666666666664,-12.25,2.3713430569903196,1,ssp585
-63.74999999999999,-12.25,2.6036204117493735,1,ssp585
-63.58333333333333,-12.25,2.7148353846238673,1,ssp585
-63.416666666666664,-12.25,2.7589354792427896,1,ssp585
-63.24999999999999,-12.25,2.531313063339043,1,ssp585
-63.08333333333333,-12.25,2.408855728238766,1,ssp585
-62.916666666666664,-12.25,2.351011781247714,1,ssp585
-62.75,-12.25,2.2547513613686205,1,ssp585
-62.58333333333333,-12.25,2.1479391191591097,1,ssp585
-62.416666666666664,-12.25,2.9141530729113527,1,ssp585
-62.25,-12.25,3.3384028503700156,1,ssp585
-62.08333333333333,-12.25,3.551475990422969,1,ssp585
-61.916666666666664,-12.25,3.211712586984817,1,ssp585
-61.75,-12.25,2.4257204558728858,1,ssp585
-61.58333333333333,-12.25,2.8017331389016897,1,ssp585
-61.416666666666664,-12.25,2.468404182670497,1,ssp585
-61.25,-12.25,2.360550243697746,1,ssp585
-61.08333333333333,-12.25,2.3999121046473513,1,ssp585
-60.916666666666664,-12.25,2.3989235883662907,1,ssp585
-60.75,-12.25,1.9639093905028469,1,ssp585
-60.58333333333333,-12.25,1.9143067092036907,1,ssp585
-60.416666666666664,-12.25,2.1922896021773925,1,ssp585
-60.25,-12.25,2.2450939685766973,1,ssp585
-60.08333333333333,-12.25,2.149370136186587,1,ssp585
-58.25,-12.25,1.9770523858486826,1,ssp585
-58.08333333333333,-12.25,2.4172080530245306,1,ssp585
-57.916666666666664,-12.25,2.200760276837391,1,ssp585
-57.75,-12.25,2.06569625519199,1,ssp585
-57.58333333333333,-12.25,1.793687240055544,1,ssp585
-57.416666666666664,-12.25,1.7290468075944188,1,ssp585
-57.25,-12.25,1.5209776307584455,1,ssp585
-57.08333333333333,-12.25,1.7308324966643378,1,ssp585
-56.916666666666664,-12.25,1.8857335727542108,1,ssp585
-56.75,-12.25,1.9934250065395729,1,ssp585
-56.58333333333333,-12.25,1.972841148004991,1,ssp585
-56.416666666666664,-12.25,1.9833598329070599,1,ssp585
-56.25,-12.25,1.8101880251160898,1,ssp585
-56.08333333333333,-12.25,1.9859515601971636,1,ssp585
-55.916666666666664,-12.25,1.9383798097916884,1,ssp585
-55.75,-12.25,2.066535949920518,1,ssp585
-55.58333333333333,-12.25,2.0443428801393884,1,ssp585
-55.416666666666664,-12.25,1.9921475683222913,1,ssp585
-55.25,-12.25,2.3222096914839163,1,ssp585
-55.08333333333333,-12.25,2.429445933887017,1,ssp585
-54.916666666666664,-12.25,2.109092919758879,1,ssp585
-54.75,-12.25,2.3952724678651087,1,ssp585
-54.58333333333333,-12.25,2.7003272365603115,1,ssp585
-54.416666666666664,-12.25,2.997244272925757,1,ssp585
-54.25,-12.25,3.1996363737448537,1,ssp585
-54.08333333333333,-12.25,3.183545847678624,1,ssp585
-53.916666666666664,-12.25,3.3442328605358624,1,ssp585
-53.75,-12.25,3.4931233146890945,1,ssp585
-53.58333333333333,-12.25,3.8234845588896977,1,ssp585
-53.416666666666664,-12.25,3.958733576801272,1,ssp585
-53.25,-12.25,4.123548683570746,1,ssp585
-53.08333333333333,-12.25,3.712530431023034,1,ssp585
-52.916666666666664,-12.25,3.626097418764622,1,ssp585
-52.75,-12.25,3.6768926028245303,1,ssp585
-52.58333333333333,-12.25,3.455343530245629,1,ssp585
-52.416666666666664,-12.25,3.6513216019004693,1,ssp585
-52.25,-12.25,3.6540305040505165,1,ssp585
-52.08333333333333,-12.25,2.966342980836932,1,ssp585
-51.916666666666664,-12.25,3.0717706144230736,1,ssp585
-51.75,-12.25,3.2971800006382033,1,ssp585
-51.58333333333333,-12.25,3.6945492521673464,1,ssp585
-64.08333333333333,-12.416666666666664,2.6454237038561237,1,ssp585
-63.416666666666664,-12.416666666666664,2.766355655236253,1,ssp585
-63.24999999999999,-12.416666666666664,2.6996926329146094,1,ssp585
-63.08333333333333,-12.416666666666664,2.5883248589035515,1,ssp585
-62.916666666666664,-12.416666666666664,2.393289432304698,1,ssp585
-62.75,-12.416666666666664,2.304582649833907,1,ssp585
-62.58333333333333,-12.416666666666664,2.3443253773460935,1,ssp585
-62.416666666666664,-12.416666666666664,2.316915301020248,1,ssp585
-62.25,-12.416666666666664,2.195126088045427,1,ssp585
-62.08333333333333,-12.416666666666664,2.6873216704164005,1,ssp585
-61.916666666666664,-12.416666666666664,3.258106848997993,1,ssp585
-61.75,-12.416666666666664,2.8238283527226464,1,ssp585
-61.58333333333333,-12.416666666666664,1.9274582852320719,1,ssp585
-61.416666666666664,-12.416666666666664,1.8883347080370507,1,ssp585
-61.25,-12.416666666666664,2.5148923255482805,1,ssp585
-61.08333333333333,-12.416666666666664,2.8054272495748416,1,ssp585
-60.916666666666664,-12.416666666666664,2.6249132958019343,1,ssp585
-60.75,-12.416666666666664,2.4298438739705994,1,ssp585
-60.58333333333333,-12.416666666666664,2.6451738178269553,1,ssp585
-60.416666666666664,-12.416666666666664,2.896186748297138,1,ssp585
-60.25,-12.416666666666664,3.0634340662345356,1,ssp585
-60.08333333333333,-12.416666666666664,2.5376960705056146,1,ssp585
-57.25,-12.416666666666664,1.4966753812990072,1,ssp585
-57.08333333333333,-12.416666666666664,1.7436776740707587,1,ssp585
-56.916666666666664,-12.416666666666664,1.6710121737002963,1,ssp585
-56.75,-12.416666666666664,1.856520091390001,1,ssp585
-56.58333333333333,-12.416666666666664,1.7792763766056316,1,ssp585
-56.416666666666664,-12.416666666666664,1.793028641782077,1,ssp585
-56.25,-12.416666666666664,1.6887621574004117,1,ssp585
-56.08333333333333,-12.416666666666664,1.8190043301478065,1,ssp585
-55.416666666666664,-12.416666666666664,1.9500914303341887,1,ssp585
-55.25,-12.416666666666664,2.0700493296988802,1,ssp585
-55.08333333333333,-12.416666666666664,2.2337093650221274,1,ssp585
-54.916666666666664,-12.416666666666664,2.340389374453951,1,ssp585
-54.75,-12.416666666666664,2.498422415050048,1,ssp585
-54.58333333333333,-12.416666666666664,2.6372147480411194,1,ssp585
-54.416666666666664,-12.416666666666664,2.8336362336419936,1,ssp585
-54.25,-12.416666666666664,3.0673102730401243,1,ssp585
-54.08333333333333,-12.416666666666664,3.118958229445641,1,ssp585
-53.916666666666664,-12.416666666666664,3.1552154935939116,1,ssp585
-53.75,-12.416666666666664,3.386725899740665,1,ssp585
-53.58333333333333,-12.416666666666664,3.5319752017186294,1,ssp585
-53.416666666666664,-12.416666666666664,3.7850570017020733,1,ssp585
-53.25,-12.416666666666664,4.152693345935753,1,ssp585
-53.08333333333333,-12.416666666666664,3.896829254060458,1,ssp585
-52.916666666666664,-12.416666666666664,3.5192996444605438,1,ssp585
-52.75,-12.416666666666664,3.460884575216628,1,ssp585
-52.58333333333333,-12.416666666666664,3.7783689084714607,1,ssp585
-52.416666666666664,-12.416666666666664,3.704188450853189,1,ssp585
-52.25,-12.416666666666664,3.8737404274378697,1,ssp585
-52.08333333333333,-12.416666666666664,3.4705702993591605,1,ssp585
-51.916666666666664,-12.416666666666664,3.2382418280150715,1,ssp585
-51.75,-12.416666666666664,3.4655877917400684,1,ssp585
-51.58333333333333,-12.416666666666664,3.688891688764485,1,ssp585
-63.24999999999999,-12.583333333333332,2.6742893822487925,1,ssp585
-63.08333333333333,-12.583333333333332,2.6769558061153633,1,ssp585
-62.916666666666664,-12.583333333333332,2.4807736820159088,1,ssp585
-62.75,-12.583333333333332,2.500798007455379,1,ssp585
-62.58333333333333,-12.583333333333332,2.3559652857155964,1,ssp585
-62.416666666666664,-12.583333333333332,2.1618462536148004,1,ssp585
-62.25,-12.583333333333332,2.2570604217220573,1,ssp585
-62.08333333333333,-12.583333333333332,2.561121054883427,1,ssp585
-61.916666666666664,-12.583333333333332,2.512443868949156,1,ssp585
-61.75,-12.583333333333332,3.200456282951834,1,ssp585
-61.58333333333333,-12.583333333333332,3.1210764226564907,1,ssp585
-61.416666666666664,-12.583333333333332,2.695574350923158,1,ssp585
-61.25,-12.583333333333332,2.466340823316236,1,ssp585
-61.08333333333333,-12.583333333333332,2.7338956397449468,1,ssp585
-60.916666666666664,-12.583333333333332,2.5854029072339357,1,ssp585
-60.75,-12.583333333333332,2.4681227121650635,1,ssp585
-60.58333333333333,-12.583333333333332,2.6351806526489754,1,ssp585
-60.08333333333333,-12.583333333333332,2.8198029262797566,1,ssp585
-57.25,-12.583333333333332,1.5375235138212613,1,ssp585
-57.08333333333333,-12.583333333333332,1.6918893435400786,1,ssp585
-56.916666666666664,-12.583333333333332,1.5551691118419093,1,ssp585
-56.75,-12.583333333333332,1.7109267401322663,1,ssp585
-56.58333333333333,-12.583333333333332,1.7589834686449644,1,ssp585
-55.416666666666664,-12.583333333333332,2.09579853216138,1,ssp585
-55.25,-12.583333333333332,1.9084627639138627,1,ssp585
-55.08333333333333,-12.583333333333332,2.0525566369592516,1,ssp585
-54.916666666666664,-12.583333333333332,2.3018519573700433,1,ssp585
-54.75,-12.583333333333332,2.4687892694049354,1,ssp585
-54.58333333333333,-12.583333333333332,2.469838173648194,1,ssp585
-54.416666666666664,-12.583333333333332,2.4920036594786463,1,ssp585
-54.25,-12.583333333333332,2.8510057576819547,1,ssp585
-54.08333333333333,-12.583333333333332,3.002272819075555,1,ssp585
-53.916666666666664,-12.583333333333332,2.977460556002824,1,ssp585
-53.75,-12.583333333333332,3.207136438502278,1,ssp585
-53.58333333333333,-12.583333333333332,3.340548081414441,1,ssp585
-53.416666666666664,-12.583333333333332,3.6329345909855952,1,ssp585
-53.25,-12.583333333333332,3.6582748060946155,1,ssp585
-53.08333333333333,-12.583333333333332,3.7846305819658426,1,ssp585
-52.916666666666664,-12.583333333333332,3.706914231779508,1,ssp585
-52.75,-12.583333333333332,3.457365721979067,1,ssp585
-52.58333333333333,-12.583333333333332,3.7850601062013487,1,ssp585
-52.416666666666664,-12.583333333333332,3.853711653101816,1,ssp585
-52.25,-12.583333333333332,3.996499081605555,1,ssp585
-52.08333333333333,-12.583333333333332,3.5840817494258546,1,ssp585
-51.916666666666664,-12.583333333333332,3.204735032364751,1,ssp585
-51.75,-12.583333333333332,3.421819854151241,1,ssp585
-62.916666666666664,-12.75,2.645791987247868,1,ssp585
-62.75,-12.75,2.6377259104585593,1,ssp585
-62.58333333333333,-12.75,2.5421844672716865,1,ssp585
-62.416666666666664,-12.75,2.2225271272998217,1,ssp585
-62.25,-12.75,2.3744875917628083,1,ssp585
-62.08333333333333,-12.75,2.5350414295222414,1,ssp585
-61.916666666666664,-12.75,2.7414919028056404,1,ssp585
-61.75,-12.75,2.5903728792880125,1,ssp585
-61.58333333333333,-12.75,2.965710841468165,1,ssp585
-61.416666666666664,-12.75,3.2788549256981994,1,ssp585
-61.25,-12.75,2.81783297496674,1,ssp585
-61.08333333333333,-12.75,2.3434781319430873,1,ssp585
-60.916666666666664,-12.75,2.5283952027375607,1,ssp585
-60.75,-12.75,2.7277758714027955,1,ssp585
-57.08333333333333,-12.75,1.4646982792989365,1,ssp585
-56.916666666666664,-12.75,1.6025616367539202,1,ssp585
-56.75,-12.75,1.4447768268851144,1,ssp585
-56.58333333333333,-12.75,1.8319827306313916,1,ssp585
-55.416666666666664,-12.75,2.050926606481596,1,ssp585
-55.25,-12.75,1.8081204620868037,1,ssp585
-55.08333333333333,-12.75,2.089383524819701,1,ssp585
-54.916666666666664,-12.75,2.2507208932037632,1,ssp585
-54.75,-12.75,2.2569889668657455,1,ssp585
-54.58333333333333,-12.75,2.1884209067216296,1,ssp585
-54.416666666666664,-12.75,2.357967943226466,1,ssp585
-54.25,-12.75,2.624051354659058,1,ssp585
-54.08333333333333,-12.75,2.810921727907711,1,ssp585
-53.916666666666664,-12.75,2.852247940166756,1,ssp585
-53.75,-12.75,3.021435409159822,1,ssp585
-53.58333333333333,-12.75,3.1978797884772456,1,ssp585
-53.416666666666664,-12.75,3.36963590183531,1,ssp585
-53.25,-12.75,3.389783756942541,1,ssp585
-53.08333333333333,-12.75,3.410647186477788,1,ssp585
-52.916666666666664,-12.75,3.7261052218148776,1,ssp585
-52.75,-12.75,3.3797468281409127,1,ssp585
-52.58333333333333,-12.75,3.8850315440095264,1,ssp585
-52.416666666666664,-12.75,3.870759524893026,1,ssp585
-52.25,-12.75,3.6603482991911145,1,ssp585
-52.08333333333333,-12.75,3.6360677838219466,1,ssp585
-51.916666666666664,-12.75,3.349301216355313,1,ssp585
-62.58333333333333,-12.916666666666664,2.816968906293876,1,ssp585
-62.416666666666664,-12.916666666666664,2.5728335855866997,1,ssp585
-62.25,-12.916666666666664,2.553454907335736,1,ssp585
-62.08333333333333,-12.916666666666664,2.52103693075616,1,ssp585
-61.916666666666664,-12.916666666666664,2.547945923477311,1,ssp585
-61.75,-12.916666666666664,2.5937421874904323,1,ssp585
-61.58333333333333,-12.916666666666664,2.6737717891715826,1,ssp585
-61.416666666666664,-12.916666666666664,3.1468149508694743,1,ssp585
-61.25,-12.916666666666664,3.234863638316669,1,ssp585
-61.08333333333333,-12.916666666666664,2.97766525140887,1,ssp585
-60.916666666666664,-12.916666666666664,2.895003844926556,1,ssp585
-56.916666666666664,-12.916666666666664,1.652337703788404,1,ssp585
-56.75,-12.916666666666664,1.466164930801381,1,ssp585
-56.58333333333333,-12.916666666666664,1.8685422841749886,1,ssp585
-55.25,-12.916666666666664,2.033976539965855,1,ssp585
-55.08333333333333,-12.916666666666664,2.0954799866182756,1,ssp585
-54.916666666666664,-12.916666666666664,2.402684835155969,1,ssp585
-54.75,-12.916666666666664,2.0579142899158587,1,ssp585
-54.58333333333333,-12.916666666666664,2.081070046755198,1,ssp585
-54.416666666666664,-12.916666666666664,2.2452418535472676,1,ssp585
-54.25,-12.916666666666664,2.7725267864209564,1,ssp585
-54.08333333333333,-12.916666666666664,2.831944378210668,1,ssp585
-53.916666666666664,-12.916666666666664,2.8641822530508825,1,ssp585
-53.75,-12.916666666666664,2.914824586025121,1,ssp585
-53.58333333333333,-12.916666666666664,3.1480533737688985,1,ssp585
-53.416666666666664,-12.916666666666664,3.3581540475204714,1,ssp585
-53.25,-12.916666666666664,3.4209494998240144,1,ssp585
-53.08333333333333,-12.916666666666664,3.3761590291650303,1,ssp585
-52.916666666666664,-12.916666666666664,3.5299068942964467,1,ssp585
-52.75,-12.916666666666664,3.5816179222238618,1,ssp585
-52.58333333333333,-12.916666666666664,3.609742884458715,1,ssp585
-52.416666666666664,-12.916666666666664,3.5075468489081816,1,ssp585
-52.25,-12.916666666666664,3.368923470202418,1,ssp585
-52.08333333333333,-12.916666666666664,3.5361666433634977,1,ssp585
-61.916666666666664,-13.083333333333332,2.7562575102448936,1,ssp585
-61.75,-13.083333333333332,2.65166825358038,1,ssp585
-61.58333333333333,-13.083333333333332,2.9194655365336244,1,ssp585
-61.416666666666664,-13.083333333333332,2.9768696729249204,1,ssp585
-61.25,-13.083333333333332,3.303224190498675,1,ssp585
-56.75,-13.083333333333332,1.1009440695742798,1,ssp585
-56.58333333333333,-13.083333333333332,1.4219193421571885,1,ssp585
-56.416666666666664,-13.083333333333332,1.3372763563991963,1,ssp585
-55.08333333333333,-13.083333333333332,2.0722152470875854,1,ssp585
-54.916666666666664,-13.083333333333332,2.213393791372828,1,ssp585
-54.75,-13.083333333333332,2.1068788175562845,1,ssp585
-54.58333333333333,-13.083333333333332,2.194811747966043,1,ssp585
-54.416666666666664,-13.083333333333332,2.433003995803552,1,ssp585
-54.25,-13.083333333333332,2.699147826715235,1,ssp585
-54.08333333333333,-13.083333333333332,3.1657902449973343,1,ssp585
-53.916666666666664,-13.083333333333332,3.0335525984301666,1,ssp585
-53.75,-13.083333333333332,3.1335522184919853,1,ssp585
-53.58333333333333,-13.083333333333332,3.6541243261919254,1,ssp585
-53.416666666666664,-13.083333333333332,3.689408643518623,1,ssp585
-53.25,-13.083333333333332,3.8952354284089137,1,ssp585
-53.08333333333333,-13.083333333333332,3.8044425338207066,1,ssp585
-52.916666666666664,-13.083333333333332,3.6932715780214656,1,ssp585
-52.75,-13.083333333333332,3.8142132440352223,1,ssp585
-52.58333333333333,-13.083333333333332,3.6040440724680978,1,ssp585
-52.416666666666664,-13.083333333333332,3.5626253801741368,1,ssp585
-61.916666666666664,-13.25,2.9936849212622603,1,ssp585
-61.75,-13.25,3.226552143497779,1,ssp585
-61.58333333333333,-13.25,3.0649048355019834,1,ssp585
-56.58333333333333,-13.25,1.069838787646471,1,ssp585
-56.416666666666664,-13.25,1.4578566117209182,1,ssp585
-55.08333333333333,-13.25,2.1032997191065785,1,ssp585
-54.916666666666664,-13.25,2.2273838435885955,1,ssp585
-54.75,-13.25,2.287261005782061,1,ssp585
-54.58333333333333,-13.25,2.430228055603238,1,ssp585
-54.416666666666664,-13.25,2.606212842736378,1,ssp585
-54.25,-13.25,3.031054621746717,1,ssp585
-54.08333333333333,-13.25,3.222621343637064,1,ssp585
-53.916666666666664,-13.25,3.182096335679901,1,ssp585
-53.75,-13.25,3.2529586949009115,1,ssp585
-53.58333333333333,-13.25,3.480969613396011,1,ssp585
-53.416666666666664,-13.25,3.6470664000986233,1,ssp585
-53.25,-13.25,3.7309645677049965,1,ssp585
-53.08333333333333,-13.25,3.858197820803923,1,ssp585
-52.916666666666664,-13.25,3.7712893228649236,1,ssp585
-52.75,-13.25,3.8036683246747987,1,ssp585
-52.58333333333333,-13.25,3.908545105154205,1,ssp585
-52.416666666666664,-13.25,3.815767431018562,1,ssp585
-54.416666666666664,-13.416666666666664,2.9874800422138565,1,ssp585
-54.25,-13.416666666666664,3.341596607753308,1,ssp585
-54.08333333333333,-13.416666666666664,3.318685300551186,1,ssp585
-53.916666666666664,-13.416666666666664,3.2310925580637226,1,ssp585
-53.75,-13.416666666666664,3.276856154161514,1,ssp585
-53.58333333333333,-13.416666666666664,3.395030210086024,1,ssp585
-53.416666666666664,-13.416666666666664,3.590397370001529,1,ssp585
-53.25,-13.416666666666664,3.6692105444929504,1,ssp585
-54.25,-13.583333333333332,3.015558584172387,1,ssp585
-54.08333333333333,-13.583333333333332,3.155967378133303,1,ssp585
