variavel,variavel_legenda,valor,adequabilidade,importancia_relativa
bio4_sazonalidade_temperatura,Bio4 sazonalidade temperatura,25.181279067993167,0.01969744374481611,1
bio4_sazonalidade_temperatura,Bio4 sazonalidade temperatura,25.818330584532465,0.01969744374481611,1
bio4_sazonalidade_temperatura,Bio4 sazonalidade temperatura,26.455382101071763,0.01969744374481611,1
bio4_sazonalidade_temperatura,Bio4 sazonalidade temperatura,27.09243361761106,0.01969744374481611,1
bio4_sazonalidade_temperatura,Bio4 sazonalidade temperatura,27.72948513415036,0.01969744374481611,1
bio4_sazonalidade_temperatura,Bio4 sazonalidade temperatura,28.366536650689657,0.01969744374481611,1
bio4_sazonalidade_temperatura,Bio4 sazonalidade temperatura,29.003588167228955,0.018711494114786717,1
bio4_sazonalidade_temperatura,Bio4 sazonalidade temperatura,29.640639683768253,0.018711494114786717,1
bio4_sazonalidade_temperatura,Bio4 sazonalidade temperatura,30.27769120030755,0.018711494114786717,1
bio4_sazonalidade_temperatura,Bio4 sazonalidade temperatura,30.91474271684685,0.018711494114786717,1
bio4_sazonalidade_temperatura,Bio4 sazonalidade temperatura,31.551794233386147,0.018711494114786717,1
bio4_sazonalidade_temperatura,Bio4 sazonalidade temperatura,32.18884574992545,0.018711494114786717,1
bio4_sazonalidade_temperatura,Bio4 sazonalidade temperatura,32.82589726646474,0.018711494114786717,1
bio4_sazonalidade_temperatura,Bio4 sazonalidade temperatura,33.46294878300404,0.018711494114786717,1
bio4_sazonalidade_temperatura,Bio4 sazonalidade temperatura,34.10000029954334,0.018711494114786717,1
bio4_sazonalidade_temperatura,Bio4 sazonalidade temperatura,34.73705181608264,0.018711494114786717,1
bio4_sazonalidade_temperatura,Bio4 sazonalidade temperatura,35.374103332621935,0.018711494114786717,1
bio4_sazonalidade_temperatura,Bio4 sazonalidade temperatura,36.01115484916123,0.018711494114786717,1
bio4_sazonalidade_temperatura,Bio4 sazonalidade temperatura,36.64820636570053,0.018711494114786717,1
bio4_sazonalidade_temperatura,Bio4 sazonalidade temperatura,37.28525788223983,0.018711494114786717,1
bio4_sazonalidade_temperatura,Bio4 sazonalidade temperatura,37.92230939877913,0.018711494114786717,1
bio4_sazonalidade_temperatura,Bio4 sazonalidade temperatura,38.55936091531842,0.018711494114786717,1
bio4_sazonalidade_temperatura,Bio4 sazonalidade temperatura,39.19641243185772,0.018711494114786717,1
bio4_sazonalidade_temperatura,Bio4 sazonalidade temperatura,39.833463948397025,0.019220126989424244,1
bio4_sazonalidade_temperatura,Bio4 sazonalidade temperatura,40.47051546493632,0.019786134667508733,1
bio4_sazonalidade_temperatura,Bio4 sazonalidade temperatura,41.107566981475614,0.019878520496009095,1
bio4_sazonalidade_temperatura,Bio4 sazonalidade temperatura,41.744618498014916,0.021142077063827945,1
bio4_sazonalidade_temperatura,Bio4 sazonalidade temperatura,42.38167001455422,0.020512522966124325,1
bio4_sazonalidade_temperatura,Bio4 sazonalidade temperatura,43.01872153109351,0.020512522966124325,1
bio4_sazonalidade_temperatura,Bio4 sazonalidade temperatura,43.655773047632806,0.020512522966124325,1
bio4_sazonalidade_temperatura,Bio4 sazonalidade temperatura,44.29282456417211,0.020512522966124325,1
bio4_sazonalidade_temperatura,Bio4 sazonalidade temperatura,44.92987608071141,0.020512522966124325,1
bio4_sazonalidade_temperatura,Bio4 sazonalidade temperatura,45.566927597250704,0.022365704442205328,1
bio4_sazonalidade_temperatura,Bio4 sazonalidade temperatura,46.20397911379,0.022365704442205328,1
bio4_sazonalidade_temperatura,Bio4 sazonalidade temperatura,46.8410306303293,0.022365704442205328,1
bio4_sazonalidade_temperatura,Bio4 sazonalidade temperatura,47.4780821468686,0.02293659777493562,1
bio4_sazonalidade_temperatura,Bio4 sazonalidade temperatura,48.115133663407896,0.04573637136312022,1
bio4_sazonalidade_temperatura,Bio4 sazonalidade temperatura,48.75218517994719,0.05198636031406274,1
bio4_sazonalidade_temperatura,Bio4 sazonalidade temperatura,49.38923669648649,0.05841818263992588,1
bio4_sazonalidade_temperatura,Bio4 sazonalidade temperatura,50.026288213025794,0.049116355288461144,1
bio4_sazonalidade_temperatura,Bio4 sazonalidade temperatura,50.66333972956509,0.05176076641824242,1
bio4_sazonalidade_temperatura,Bio4 sazonalidade temperatura,51.30039124610438,0.05176076641824242,1
bio4_sazonalidade_temperatura,Bio4 sazonalidade temperatura,51.937442762643684,0.050633291323891154,1
bio4_sazonalidade_temperatura,Bio4 sazonalidade temperatura,52.574494279182986,0.050633291323891154,1
bio4_sazonalidade_temperatura,Bio4 sazonalidade temperatura,53.21154579572228,0.044142813307251075,1
bio4_sazonalidade_temperatura,Bio4 sazonalidade temperatura,53.848597312261575,0.044142813307251075,1
bio4_sazonalidade_temperatura,Bio4 sazonalidade temperatura,54.485648828800876,0.043890154609521316,1
bio4_sazonalidade_temperatura,Bio4 sazonalidade temperatura,55.12270034534018,0.043544236460668365,1
bio4_sazonalidade_temperatura,Bio4 sazonalidade temperatura,55.75975186187947,0.043544236460668365,1
bio4_sazonalidade_temperatura,Bio4 sazonalidade temperatura,56.39680337841877,0.044241138756589936,1
bio4_sazonalidade_temperatura,Bio4 sazonalidade temperatura,57.03385489495807,0.043076031323097015,1
bio4_sazonalidade_temperatura,Bio4 sazonalidade temperatura,57.67090641149736,0.043076031323097015,1
bio4_sazonalidade_temperatura,Bio4 sazonalidade temperatura,58.307957928036664,0.042902052763427664,1
bio4_sazonalidade_temperatura,Bio4 sazonalidade temperatura,58.945009444575966,0.042902052763427664,1
bio4_sazonalidade_temperatura,Bio4 sazonalidade temperatura,59.58206096111526,0.042902052763427664,1
bio4_sazonalidade_temperatura,Bio4 sazonalidade temperatura,60.219112477654555,0.042902052763427664,1
bio4_sazonalidade_temperatura,Bio4 sazonalidade temperatura,60.85616399419386,0.05643367508993687,1
bio4_sazonalidade_temperatura,Bio4 sazonalidade temperatura,61.49321551073316,0.06697872938169434,1
bio4_sazonalidade_temperatura,Bio4 sazonalidade temperatura,62.13026702727245,0.06813654531598064,1
bio4_sazonalidade_temperatura,Bio4 sazonalidade temperatura,62.76731854381175,0.0712516049769411,1
bio4_sazonalidade_temperatura,Bio4 sazonalidade temperatura,63.40437006035105,0.07368628382241085,1
bio4_sazonalidade_temperatura,Bio4 sazonalidade temperatura,64.04142157689034,0.074725443088009,1
bio4_sazonalidade_temperatura,Bio4 sazonalidade temperatura,64.67847309342964,0.08923777522855447,1
bio4_sazonalidade_temperatura,Bio4 sazonalidade temperatura,65.31552460996895,0.09000579996915137,1
bio4_sazonalidade_temperatura,Bio4 sazonalidade temperatura,65.95257612650823,0.08956210313128558,1
bio4_sazonalidade_temperatura,Bio4 sazonalidade temperatura,66.58962764304755,0.08957199576910643,1
bio4_sazonalidade_temperatura,Bio4 sazonalidade temperatura,67.22667915958684,0.08887640646251403,1
bio4_sazonalidade_temperatura,Bio4 sazonalidade temperatura,67.86373067612612,0.08818722822043167,1
bio4_sazonalidade_temperatura,Bio4 sazonalidade temperatura,68.50078219266544,0.08712286558570001,1
bio4_sazonalidade_temperatura,Bio4 sazonalidade temperatura,69.13783370920473,0.08452780484528788,1
bio4_sazonalidade_temperatura,Bio4 sazonalidade temperatura,69.77488522574403,0.08452780484528788,1
bio4_sazonalidade_temperatura,Bio4 sazonalidade temperatura,70.41193674228333,0.08452780484528788,1
bio4_sazonalidade_temperatura,Bio4 sazonalidade temperatura,71.04898825882262,0.08452780484528788,1
bio4_sazonalidade_temperatura,Bio4 sazonalidade temperatura,71.68603977536193,0.08452780484528788,1
bio4_sazonalidade_temperatura,Bio4 sazonalidade temperatura,72.32309129190122,0.08452780484528788,1
bio4_sazonalidade_temperatura,Bio4 sazonalidade temperatura,72.96014280844051,0.08452780484528788,1
bio4_sazonalidade_temperatura,Bio4 sazonalidade temperatura,73.59719432497982,0.08452780484528788,1
bio4_sazonalidade_temperatura,Bio4 sazonalidade temperatura,74.23424584151911,0.08452780484528788,1
bio4_sazonalidade_temperatura,Bio4 sazonalidade temperatura,74.87129735805841,0.08452780484528788,1
bio4_sazonalidade_temperatura,Bio4 sazonalidade temperatura,75.50834887459771,0.08452780484528788,1
bio4_sazonalidade_temperatura,Bio4 sazonalidade temperatura,76.145400391137,0.08452780484528788,1
bio4_sazonalidade_temperatura,Bio4 sazonalidade temperatura,76.78245190767632,0.08452780484528788,1
bio4_sazonalidade_temperatura,Bio4 sazonalidade temperatura,77.4195034242156,0.08452780484528788,1
bio4_sazonalidade_temperatura,Bio4 sazonalidade temperatura,78.05655494075489,0.08452780484528788,1
bio4_sazonalidade_temperatura,Bio4 sazonalidade temperatura,78.69360645729421,0.08452780484528788,1
bio4_sazonalidade_temperatura,Bio4 sazonalidade temperatura,79.3306579738335,0.08452780484528788,1
bio4_sazonalidade_temperatura,Bio4 sazonalidade temperatura,79.9677094903728,0.08452780484528788,1
bio4_sazonalidade_temperatura,Bio4 sazonalidade temperatura,80.6047610069121,0.08452780484528788,1
bio4_sazonalidade_temperatura,Bio4 sazonalidade temperatura,81.24181252345139,0.08452780484528788,1
bio4_sazonalidade_temperatura,Bio4 sazonalidade temperatura,81.8788640399907,0.08452780484528788,1
bio4_sazonalidade_temperatura,Bio4 sazonalidade temperatura,82.51591555652999,0.08452780484528788,1
bio4_sazonalidade_temperatura,Bio4 sazonalidade temperatura,83.15296707306928,0.08452780484528788,1
bio4_sazonalidade_temperatura,Bio4 sazonalidade temperatura,83.7900185896086,0.08452780484528788,1
bio4_sazonalidade_temperatura,Bio4 sazonalidade temperatura,84.42707010614788,0.08452780484528788,1
bio4_sazonalidade_temperatura,Bio4 sazonalidade temperatura,85.06412162268718,0.08452780484528788,1
bio4_sazonalidade_temperatura,Bio4 sazonalidade temperatura,85.70117313922648,0.08452780484528788,1
bio4_sazonalidade_temperatura,Bio4 sazonalidade temperatura,86.33822465576577,0.08452780484528788,1
bio4_sazonalidade_temperatura,Bio4 sazonalidade temperatura,86.97527617230509,0.08452780484528788,1
bio4_sazonalidade_temperatura,Bio4 sazonalidade temperatura,87.61232768884437,0.08452780484528788,1
bio4_sazonalidade_temperatura,Bio4 sazonalidade temperatura,88.24937920538366,0.08452780484528788,1
bio4_sazonalidade_temperatura,Bio4 sazonalidade temperatura,88.88643072192298,0.08452780484528788,1
bio4_sazonalidade_temperatura,Bio4 sazonalidade temperatura,89.52348223846226,0.08452780484528788,1
bio4_sazonalidade_temperatura,Bio4 sazonalidade temperatura,90.16053375500155,0.08452780484528788,1
bio4_sazonalidade_temperatura,Bio4 sazonalidade temperatura,90.79758527154087,0.08452780484528788,1
bio4_sazonalidade_temperatura,Bio4 sazonalidade temperatura,91.43463678808016,0.08452780484528788,1
bio4_sazonalidade_temperatura,Bio4 sazonalidade temperatura,92.07168830461947,0.08452780484528788,1
bio4_sazonalidade_temperatura,Bio4 sazonalidade temperatura,92.70873982115876,0.08452780484528788,1
bio4_sazonalidade_temperatura,Bio4 sazonalidade temperatura,93.34579133769805,0.08452780484528788,1
bio4_sazonalidade_temperatura,Bio4 sazonalidade temperatura,93.98284285423736,0.08452780484528788,1
bio4_sazonalidade_temperatura,Bio4 sazonalidade temperatura,94.61989437077665,0.08452780484528788,1
bio4_sazonalidade_temperatura,Bio4 sazonalidade temperatura,95.25694588731594,0.08452780484528788,1
bio4_sazonalidade_temperatura,Bio4 sazonalidade temperatura,95.89399740385525,0.08452780484528788,1
bio4_sazonalidade_temperatura,Bio4 sazonalidade temperatura,96.53104892039454,0.08452780484528788,1
bio4_sazonalidade_temperatura,Bio4 sazonalidade temperatura,97.16810043693386,0.08452780484528788,1
bio4_sazonalidade_temperatura,Bio4 sazonalidade temperatura,97.80515195347314,0.08452780484528788,1
bio4_sazonalidade_temperatura,Bio4 sazonalidade temperatura,98.44220347001243,0.08452780484528788,1
bio4_sazonalidade_temperatura,Bio4 sazonalidade temperatura,99.07925498655175,0.08452780484528788,1
bio4_sazonalidade_temperatura,Bio4 sazonalidade temperatura,99.71630650309103,0.08452780484528788,1
bio4_sazonalidade_temperatura,Bio4 sazonalidade temperatura,100.35335801963032,0.08452780484528788,1
bio4_sazonalidade_temperatura,Bio4 sazonalidade temperatura,100.99040953616964,0.08452780484528788,1
bio4_sazonalidade_temperatura,Bio4 sazonalidade temperatura,101.62746105270892,0.08452780484528788,1
bio4_sazonalidade_temperatura,Bio4 sazonalidade temperatura,102.26451256924824,0.08452780484528788,1
bio4_sazonalidade_temperatura,Bio4 sazonalidade temperatura,102.90156408578753,0.08452780484528788,1
bio4_sazonalidade_temperatura,Bio4 sazonalidade temperatura,103.53861560232681,0.08452780484528788,1
bio4_sazonalidade_temperatura,Bio4 sazonalidade temperatura,104.17566711886613,0.08452780484528788,1
bio4_sazonalidade_temperatura,Bio4 sazonalidade temperatura,104.81271863540542,0.08452780484528788,1
bio4_sazonalidade_temperatura,Bio4 sazonalidade temperatura,105.4497701519447,0.08452780484528788,1
bio4_sazonalidade_temperatura,Bio4 sazonalidade temperatura,106.08682166848402,0.08452780484528788,1
bio4_sazonalidade_temperatura,Bio4 sazonalidade temperatura,106.72387318502331,0.08452780484528788,1
bio4_sazonalidade_temperatura,Bio4 sazonalidade temperatura,107.36092470156262,0.08452780484528788,1
bio4_sazonalidade_temperatura,Bio4 sazonalidade temperatura,107.99797621810191,0.08452780484528788,1
bio4_sazonalidade_temperatura,Bio4 sazonalidade temperatura,108.6350277346412,0.08452780484528788,1
bio4_sazonalidade_temperatura,Bio4 sazonalidade temperatura,109.27207925118051,0.08452780484528788,1
bio4_sazonalidade_temperatura,Bio4 sazonalidade temperatura,109.9091307677198,0.08452780484528788,1
bio4_sazonalidade_temperatura,Bio4 sazonalidade temperatura,110.54618228425909,0.08452780484528788,1
bio4_sazonalidade_temperatura,Bio4 sazonalidade temperatura,111.1832338007984,0.08452780484528788,1
bio4_sazonalidade_temperatura,Bio4 sazonalidade temperatura,111.82028531733769,0.08452780484528788,1
bio4_sazonalidade_temperatura,Bio4 sazonalidade temperatura,112.45733683387701,0.08452780484528788,1
bio4_sazonalidade_temperatura,Bio4 sazonalidade temperatura,113.0943883504163,0.08452780484528788,1
bio4_sazonalidade_temperatura,Bio4 sazonalidade temperatura,113.73143986695558,0.08452780484528788,1
bio4_sazonalidade_temperatura,Bio4 sazonalidade temperatura,114.3684913834949,0.08452780484528788,1
bio4_sazonalidade_temperatura,Bio4 sazonalidade temperatura,115.00554290003419,0.08452780484528788,1
bio4_sazonalidade_temperatura,Bio4 sazonalidade temperatura,115.64259441657347,0.08452780484528788,1
bio4_sazonalidade_temperatura,Bio4 sazonalidade temperatura,116.27964593311279,0.08452780484528788,1
bio4_sazonalidade_temperatura,Bio4 sazonalidade temperatura,116.91669744965208,0.08452780484528788,1
bio4_sazonalidade_temperatura,Bio4 sazonalidade temperatura,117.55374896619139,0.08452780484528788,1
bio4_sazonalidade_temperatura,Bio4 sazonalidade temperatura,118.19080048273068,0.08452780484528788,1
bio4_sazonalidade_temperatura,Bio4 sazonalidade temperatura,118.82785199926997,0.08452780484528788,1
bio4_sazonalidade_temperatura,Bio4 sazonalidade temperatura,119.46490351580928,0.08452780484528788,1
bio4_sazonalidade_temperatura,Bio4 sazonalidade temperatura,120.10195503234858,0.08452780484528788,1
elevacao,Elevacao,9,0.1816281088211937,0.9717928961997742
elevacao,Elevacao,11.947785234899328,0.1816281088211937,0.9717928961997742
elevacao,Elevacao,14.895570469798656,0.1816281088211937,0.9717928961997742
elevacao,Elevacao,17.843355704697984,0.22203848614824906,0.9717928961997742
elevacao,Elevacao,20.791140939597312,0.25019520519518845,0.9717928961997742
elevacao,Elevacao,23.73892617449664,0.2633548673471567,0.9717928961997742
elevacao,Elevacao,26.686711409395965,0.28677185276530665,0.9717928961997742
elevacao,Elevacao,29.634496644295293,0.2958704893140018,0.9717928961997742
elevacao,Elevacao,32.582281879194625,0.2935712570245054,0.9717928961997742
elevacao,Elevacao,35.53006711409395,0.22569565818389153,0.9717928961997742
elevacao,Elevacao,38.47785234899328,0.17475260201616125,0.9717928961997742
elevacao,Elevacao,41.4256375838926,0.17238742400231924,0.9717928961997742
elevacao,Elevacao,44.37342281879193,0.16608697458855182,0.9717928961997742
elevacao,Elevacao,47.32120805369126,0.1285942039307255,0.9717928961997742
elevacao,Elevacao,50.268993288590586,0.1285942039307255,0.9717928961997742
elevacao,Elevacao,53.216778523489914,0.1285942039307255,0.9717928961997742
elevacao,Elevacao,56.16456375838924,0.1285942039307255,0.9717928961997742
elevacao,Elevacao,59.11234899328857,0.1285942039307255,0.9717928961997742
elevacao,Elevacao,62.0601342281879,0.12899946377850358,0.9717928961997742
elevacao,Elevacao,65.00791946308723,0.12899946377850358,0.9717928961997742
elevacao,Elevacao,67.95570469798656,0.12899946377850358,0.9717928961997742
elevacao,Elevacao,70.90348993288589,0.12899946377850358,0.9717928961997742
elevacao,Elevacao,73.8512751677852,0.13321234474515437,0.9717928961997742
elevacao,Elevacao,76.79906040268453,0.13382550048349792,0.9717928961997742
elevacao,Elevacao,79.74684563758386,0.13382550048349792,0.9717928961997742
elevacao,Elevacao,82.69463087248319,0.13382550048349792,0.9717928961997742
elevacao,Elevacao,85.64241610738252,0.13454726943070772,0.9717928961997742
elevacao,Elevacao,88.59020134228184,0.13729436496843728,0.9717928961997742
elevacao,Elevacao,91.53798657718117,0.13729436496843728,0.9717928961997742
elevacao,Elevacao,94.4857718120805,0.13729436496843728,0.9717928961997742
elevacao,Elevacao,97.43355704697983,0.13729436496843728,0.9717928961997742
elevacao,Elevacao,100.38134228187916,0.13729436496843728,0.9717928961997742
elevacao,Elevacao,103.32912751677848,0.13729436496843728,0.9717928961997742
elevacao,Elevacao,106.27691275167781,0.13729436496843728,0.9717928961997742
elevacao,Elevacao,109.22469798657714,0.1369299051726774,0.9717928961997742
elevacao,Elevacao,112.17248322147647,0.1369299051726774,0.9717928961997742
elevacao,Elevacao,115.1202684563758,0.12917568159567916,0.9717928961997742
elevacao,Elevacao,118.06805369127513,0.12672252482887728,0.9717928961997742
elevacao,Elevacao,121.01583892617445,0.12672252482887728,0.9717928961997742
elevacao,Elevacao,123.96362416107378,0.10049086853292998,0.9717928961997742
elevacao,Elevacao,126.91140939597311,0.09963637583922079,0.9717928961997742
elevacao,Elevacao,129.85919463087242,0.09963637583922079,0.9717928961997742
elevacao,Elevacao,132.80697986577178,0.09936384258092415,0.9717928961997742
elevacao,Elevacao,135.75476510067108,0.0987138996411389,0.9717928961997742
elevacao,Elevacao,138.7025503355704,0.0987138996411389,0.9717928961997742
elevacao,Elevacao,141.65033557046974,0.0987138996411389,0.9717928961997742
elevacao,Elevacao,144.59812080536906,0.0987138996411389,0.9717928961997742
elevacao,Elevacao,147.5459060402684,0.0987138996411389,0.9717928961997742
elevacao,Elevacao,150.49369127516772,0.0987138996411389,0.9717928961997742
elevacao,Elevacao,153.44147651006705,0.10625827091017973,0.9717928961997742
elevacao,Elevacao,156.38926174496638,0.11416171951257138,0.9717928961997742
elevacao,Elevacao,159.3370469798657,0.11098000377417086,0.9717928961997742
elevacao,Elevacao,162.28483221476503,0.07911303429482965,0.9717928961997742
elevacao,Elevacao,165.23261744966436,0.049116355288461144,0.9717928961997742
elevacao,Elevacao,168.1804026845637,0.049116355288461144,0.9717928961997742
elevacao,Elevacao,171.12818791946302,0.049116355288461144,0.9717928961997742
elevacao,Elevacao,174.07597315436234,0.049116355288461144,0.9717928961997742
elevacao,Elevacao,177.02375838926167,0.04324674311691549,0.9717928961997742
elevacao,Elevacao,179.971543624161,0.04309415441411985,0.9717928961997742
elevacao,Elevacao,182.91932885906033,0.04309415441411985,0.9717928961997742
elevacao,Elevacao,185.86711409395966,0.04309415441411985,0.9717928961997742
elevacao,Elevacao,188.81489932885898,0.04309415441411985,0.9717928961997742
elevacao,Elevacao,191.7626845637583,0.0429073375336836,0.9717928961997742
elevacao,Elevacao,194.71046979865764,0.0429073375336836,0.9717928961997742
elevacao,Elevacao,197.65825503355697,0.041011509597141685,0.9717928961997742
elevacao,Elevacao,200.6060402684563,0.041011509597141685,0.9717928961997742
elevacao,Elevacao,203.55382550335563,0.041011509597141685,0.9717928961997742
elevacao,Elevacao,206.50161073825495,0.041011509597141685,0.9717928961997742
elevacao,Elevacao,209.44939597315428,0.041011509597141685,0.9717928961997742
elevacao,Elevacao,212.3971812080536,0.041011509597141685,0.9717928961997742
elevacao,Elevacao,215.34496644295294,0.04032775585218845,0.9717928961997742
elevacao,Elevacao,218.29275167785227,0.03881570832856017,0.9717928961997742
elevacao,Elevacao,221.2405369127516,0.03859502222603056,0.9717928961997742
elevacao,Elevacao,224.18832214765092,0.03859502222603056,0.9717928961997742
elevacao,Elevacao,227.13610738255025,0.03859502222603056,0.9717928961997742
elevacao,Elevacao,230.08389261744958,0.03859502222603056,0.9717928961997742
elevacao,Elevacao,233.0316778523489,0.03859502222603056,0.9717928961997742
elevacao,Elevacao,235.97946308724823,0.03859502222603056,0.9717928961997742
elevacao,Elevacao,238.92724832214756,0.03859502222603056,0.9717928961997742
elevacao,Elevacao,241.8750335570469,0.03859502222603056,0.9717928961997742
elevacao,Elevacao,244.82281879194622,0.03859502222603056,0.9717928961997742
elevacao,Elevacao,247.77060402684555,0.03859502222603056,0.9717928961997742
elevacao,Elevacao,250.71838926174487,0.03859502222603056,0.9717928961997742
elevacao,Elevacao,253.6661744966442,0.03859502222603056,0.9717928961997742
elevacao,Elevacao,256.61395973154356,0.03859502222603056,0.9717928961997742
elevacao,Elevacao,259.56174496644286,0.03859502222603056,0.9717928961997742
elevacao,Elevacao,262.50953020134216,0.03859502222603056,0.9717928961997742
elevacao,Elevacao,265.4573154362415,0.03859502222603056,0.9717928961997742
elevacao,Elevacao,268.4051006711408,0.03859502222603056,0.9717928961997742
elevacao,Elevacao,271.35288590604017,0.03859502222603056,0.9717928961997742
elevacao,Elevacao,274.30067114093947,0.03859502222603056,0.9717928961997742
elevacao,Elevacao,277.2484563758388,0.03859502222603056,0.9717928961997742
elevacao,Elevacao,280.1962416107381,0.03859502222603056,0.9717928961997742
elevacao,Elevacao,283.1440268456375,0.03859502222603056,0.9717928961997742
elevacao,Elevacao,286.0918120805368,0.03859502222603056,0.9717928961997742
elevacao,Elevacao,289.03959731543614,0.03859502222603056,0.9717928961997742
elevacao,Elevacao,291.98738255033544,0.03859502222603056,0.9717928961997742
elevacao,Elevacao,294.9351677852348,0.03859502222603056,0.9717928961997742
elevacao,Elevacao,297.8829530201341,0.03859502222603056,0.9717928961997742
elevacao,Elevacao,300.83073825503345,0.03859502222603056,0.9717928961997742
elevacao,Elevacao,303.77852348993275,0.03859502222603056,0.9717928961997742
elevacao,Elevacao,306.7263087248321,0.03859502222603056,0.9717928961997742
elevacao,Elevacao,309.6740939597314,0.03859502222603056,0.9717928961997742
elevacao,Elevacao,312.62187919463076,0.03859502222603056,0.9717928961997742
elevacao,Elevacao,315.56966442953006,0.03859502222603056,0.9717928961997742
elevacao,Elevacao,318.5174496644294,0.03859502222603056,0.9717928961997742
elevacao,Elevacao,321.4652348993287,0.03859502222603056,0.9717928961997742
elevacao,Elevacao,324.4130201342281,0.03859502222603056,0.9717928961997742
elevacao,Elevacao,327.3608053691274,0.03859502222603056,0.9717928961997742
elevacao,Elevacao,330.30859060402673,0.03859502222603056,0.9717928961997742
elevacao,Elevacao,333.25637583892603,0.03859502222603056,0.9717928961997742
elevacao,Elevacao,336.2041610738254,0.03859502222603056,0.9717928961997742
elevacao,Elevacao,339.1519463087247,0.03859502222603056,0.9717928961997742
elevacao,Elevacao,342.09973154362405,0.03859502222603056,0.9717928961997742
elevacao,Elevacao,345.04751677852335,0.03859502222603056,0.9717928961997742
elevacao,Elevacao,347.9953020134227,0.03859502222603056,0.9717928961997742
elevacao,Elevacao,350.943087248322,0.03859502222603056,0.9717928961997742
elevacao,Elevacao,353.89087248322136,0.03859502222603056,0.9717928961997742
elevacao,Elevacao,356.83865771812066,0.03859502222603056,0.9717928961997742
elevacao,Elevacao,359.78644295302,0.03859502222603056,0.9717928961997742
elevacao,Elevacao,362.7342281879193,0.03859502222603056,0.9717928961997742
elevacao,Elevacao,365.68201342281867,0.03859502222603056,0.9717928961997742
elevacao,Elevacao,368.62979865771797,0.03859502222603056,0.9717928961997742
elevacao,Elevacao,371.5775838926173,0.03859502222603056,0.9717928961997742
elevacao,Elevacao,374.5253691275166,0.03859502222603056,0.9717928961997742
elevacao,Elevacao,377.473154362416,0.03859502222603056,0.9717928961997742
elevacao,Elevacao,380.4209395973153,0.03859502222603056,0.9717928961997742
elevacao,Elevacao,383.36872483221464,0.03859502222603056,0.9717928961997742
elevacao,Elevacao,386.31651006711394,0.03859502222603056,0.9717928961997742
elevacao,Elevacao,389.26429530201324,0.03859502222603056,0.9717928961997742
elevacao,Elevacao,392.2120805369126,0.03859502222603056,0.9717928961997742
elevacao,Elevacao,395.1598657718119,0.03859502222603056,0.9717928961997742
elevacao,Elevacao,398.10765100671125,0.03859502222603056,0.9717928961997742
elevacao,Elevacao,401.05543624161055,0.03859502222603056,0.9717928961997742
elevacao,Elevacao,404.0032214765099,0.03859502222603056,0.9717928961997742
elevacao,Elevacao,406.9510067114092,0.03859502222603056,0.9717928961997742
elevacao,Elevacao,409.89879194630856,0.03859502222603056,0.9717928961997742
elevacao,Elevacao,412.84657718120786,0.03859502222603056,0.9717928961997742
elevacao,Elevacao,415.7943624161072,0.03859502222603056,0.9717928961997742
elevacao,Elevacao,418.7421476510065,0.03859502222603056,0.9717928961997742
elevacao,Elevacao,421.6899328859059,0.03859502222603056,0.9717928961997742
elevacao,Elevacao,424.6377181208052,0.03859502222603056,0.9717928961997742
elevacao,Elevacao,427.58550335570453,0.03859502222603056,0.9717928961997742
elevacao,Elevacao,430.53328859060383,0.03859502222603056,0.9717928961997742
elevacao,Elevacao,433.4810738255032,0.03859502222603056,0.9717928961997742
elevacao,Elevacao,436.4288590604025,0.03859502222603056,0.9717928961997742
elevacao,Elevacao,439.37664429530184,0.03859502222603056,0.9717928961997742
elevacao,Elevacao,442.32442953020114,0.03859502222603056,0.9717928961997742
elevacao,Elevacao,445.2722147651005,0.03859502222603056,0.9717928961997742
elevacao,Elevacao,448.2199999999998,0.03859502222603056,0.9717928961997742
bio19_precipitacao_trimestre_frio,Bio19 precipitacao trimestre frio,37,0.056368072767579595,0.8495874640596452
bio19_precipitacao_trimestre_frio,Bio19 precipitacao trimestre frio,44.59469798657718,0.056368072767579595,0.8495874640596452
bio19_precipitacao_trimestre_frio,Bio19 precipitacao trimestre frio,52.18939597315436,0.056368072767579595,0.8495874640596452
bio19_precipitacao_trimestre_frio,Bio19 precipitacao trimestre frio,59.78409395973154,0.056368072767579595,0.8495874640596452
bio19_precipitacao_trimestre_frio,Bio19 precipitacao trimestre frio,67.37879194630872,0.056368072767579595,0.8495874640596452
bio19_precipitacao_trimestre_frio,Bio19 precipitacao trimestre frio,74.97348993288591,0.056368072767579595,0.8495874640596452
bio19_precipitacao_trimestre_frio,Bio19 precipitacao trimestre frio,82.56818791946309,0.056368072767579595,0.8495874640596452
bio19_precipitacao_trimestre_frio,Bio19 precipitacao trimestre frio,90.16288590604026,0.056368072767579595,0.8495874640596452
bio19_precipitacao_trimestre_frio,Bio19 precipitacao trimestre frio,97.75758389261745,0.056368072767579595,0.8495874640596452
bio19_precipitacao_trimestre_frio,Bio19 precipitacao trimestre frio,105.35228187919463,0.056368072767579595,0.8495874640596452
bio19_precipitacao_trimestre_frio,Bio19 precipitacao trimestre frio,112.94697986577181,0.056368072767579595,0.8495874640596452
bio19_precipitacao_trimestre_frio,Bio19 precipitacao trimestre frio,120.54167785234898,0.056368072767579595,0.8495874640596452
bio19_precipitacao_trimestre_frio,Bio19 precipitacao trimestre frio,128.13637583892617,0.056368072767579595,0.8495874640596452
bio19_precipitacao_trimestre_frio,Bio19 precipitacao trimestre frio,135.73107382550336,0.056368072767579595,0.8495874640596452
bio19_precipitacao_trimestre_frio,Bio19 precipitacao trimestre frio,143.32577181208052,0.056368072767579595,0.8495874640596452
bio19_precipitacao_trimestre_frio,Bio19 precipitacao trimestre frio,150.9204697986577,0.056368072767579595,0.8495874640596452
bio19_precipitacao_trimestre_frio,Bio19 precipitacao trimestre frio,158.5151677852349,0.056368072767579595,0.8495874640596452
bio19_precipitacao_trimestre_frio,Bio19 precipitacao trimestre frio,166.10986577181208,0.056368072767579595,0.8495874640596452
bio19_precipitacao_trimestre_frio,Bio19 precipitacao trimestre frio,173.70456375838927,0.07569150091426773,0.8495874640596452
bio19_precipitacao_trimestre_frio,Bio19 precipitacao trimestre frio,181.29926174496643,0.05509309204632922,0.8495874640596452
bio19_precipitacao_trimestre_frio,Bio19 precipitacao trimestre frio,188.89395973154362,0.055031587609468365,0.8495874640596452
bio19_precipitacao_trimestre_frio,Bio19 precipitacao trimestre frio,196.4886577181208,0.055031587609468365,0.8495874640596452
bio19_precipitacao_trimestre_frio,Bio19 precipitacao trimestre frio,204.08335570469796,0.055031587609468365,0.8495874640596452
bio19_precipitacao_trimestre_frio,Bio19 precipitacao trimestre frio,211.67805369127515,0.055031587609468365,0.8495874640596452
bio19_precipitacao_trimestre_frio,Bio19 precipitacao trimestre frio,219.27275167785234,0.055031587609468365,0.8495874640596452
bio19_precipitacao_trimestre_frio,Bio19 precipitacao trimestre frio,226.86744966442953,0.055031587609468365,0.8495874640596452
bio19_precipitacao_trimestre_frio,Bio19 precipitacao trimestre frio,234.46214765100672,0.05055499754690886,0.8495874640596452
bio19_precipitacao_trimestre_frio,Bio19 precipitacao trimestre frio,242.05684563758388,0.05055499754690886,0.8495874640596452
bio19_precipitacao_trimestre_frio,Bio19 precipitacao trimestre frio,249.65154362416106,0.05055499754690886,0.8495874640596452
bio19_precipitacao_trimestre_frio,Bio19 precipitacao trimestre frio,257.24624161073825,0.05055499754690886,0.8495874640596452
bio19_precipitacao_trimestre_frio,Bio19 precipitacao trimestre frio,264.8409395973154,0.05055499754690886,0.8495874640596452
bio19_precipitacao_trimestre_frio,Bio19 precipitacao trimestre frio,272.43563758389257,0.05055499754690886,0.8495874640596452
bio19_precipitacao_trimestre_frio,Bio19 precipitacao trimestre frio,280.0303355704698,0.05055499754690886,0.8495874640596452
bio19_precipitacao_trimestre_frio,Bio19 precipitacao trimestre frio,287.625033557047,0.05055499754690886,0.8495874640596452
bio19_precipitacao_trimestre_frio,Bio19 precipitacao trimestre frio,295.21973154362416,0.05055499754690886,0.8495874640596452
bio19_precipitacao_trimestre_frio,Bio19 precipitacao trimestre frio,302.8144295302013,0.05055499754690886,0.8495874640596452
bio19_precipitacao_trimestre_frio,Bio19 precipitacao trimestre frio,310.40912751677854,0.05055499754690886,0.8495874640596452
bio19_precipitacao_trimestre_frio,Bio19 precipitacao trimestre frio,318.0038255033557,0.05055499754690886,0.8495874640596452
bio19_precipitacao_trimestre_frio,Bio19 precipitacao trimestre frio,325.59852348993286,0.05055499754690886,0.8495874640596452
bio19_precipitacao_trimestre_frio,Bio19 precipitacao trimestre frio,333.1932214765101,0.05055499754690886,0.8495874640596452
bio19_precipitacao_trimestre_frio,Bio19 precipitacao trimestre frio,340.78791946308723,0.05055499754690886,0.8495874640596452
bio19_precipitacao_trimestre_frio,Bio19 precipitacao trimestre frio,348.3826174496644,0.05055499754690886,0.8495874640596452
bio19_precipitacao_trimestre_frio,Bio19 precipitacao trimestre frio,355.9773154362416,0.05055499754690886,0.8495874640596452
bio19_precipitacao_trimestre_frio,Bio19 precipitacao trimestre frio,363.57201342281877,0.05055499754690886,0.8495874640596452
bio19_precipitacao_trimestre_frio,Bio19 precipitacao trimestre frio,371.16671140939593,0.05055499754690886,0.8495874640596452
bio19_precipitacao_trimestre_frio,Bio19 precipitacao trimestre frio,378.76140939597315,0.05055499754690886,0.8495874640596452
bio19_precipitacao_trimestre_frio,Bio19 precipitacao trimestre frio,386.3561073825503,0.05055499754690886,0.8495874640596452
bio19_precipitacao_trimestre_frio,Bio19 precipitacao trimestre frio,393.9508053691275,0.05055499754690886,0.8495874640596452
bio19_precipitacao_trimestre_frio,Bio19 precipitacao trimestre frio,401.5455033557047,0.05055499754690886,0.8495874640596452
bio19_precipitacao_trimestre_frio,Bio19 precipitacao trimestre frio,409.14020134228184,0.04958046019884764,0.8495874640596452
bio19_precipitacao_trimestre_frio,Bio19 precipitacao trimestre frio,416.73489932885906,0.049116355288461144,0.8495874640596452
bio19_precipitacao_trimestre_frio,Bio19 precipitacao trimestre frio,424.3295973154362,0.049116355288461144,0.8495874640596452
bio19_precipitacao_trimestre_frio,Bio19 precipitacao trimestre frio,431.92429530201343,0.049116355288461144,0.8495874640596452
bio19_precipitacao_trimestre_frio,Bio19 precipitacao trimestre frio,439.5189932885906,0.049116355288461144,0.8495874640596452
bio19_precipitacao_trimestre_frio,Bio19 precipitacao trimestre frio,447.11369127516775,0.049116355288461144,0.8495874640596452
bio19_precipitacao_trimestre_frio,Bio19 precipitacao trimestre frio,454.70838926174497,0.049116355288461144,0.8495874640596452
bio19_precipitacao_trimestre_frio,Bio19 precipitacao trimestre frio,462.30308724832213,0.049116355288461144,0.8495874640596452
bio19_precipitacao_trimestre_frio,Bio19 precipitacao trimestre frio,469.8977852348993,0.049116355288461144,0.8495874640596452
bio19_precipitacao_trimestre_frio,Bio19 precipitacao trimestre frio,477.4924832214765,0.049116355288461144,0.8495874640596452
bio19_precipitacao_trimestre_frio,Bio19 precipitacao trimestre frio,485.08718120805366,0.049116355288461144,0.8495874640596452
bio19_precipitacao_trimestre_frio,Bio19 precipitacao trimestre frio,492.6818791946308,0.049116355288461144,0.8495874640596452
bio19_precipitacao_trimestre_frio,Bio19 precipitacao trimestre frio,500.27657718120804,0.049116355288461144,0.8495874640596452
bio19_precipitacao_trimestre_frio,Bio19 precipitacao trimestre frio,507.8712751677852,0.049116355288461144,0.8495874640596452
bio19_precipitacao_trimestre_frio,Bio19 precipitacao trimestre frio,515.4659731543625,0.049116355288461144,0.8495874640596452
bio19_precipitacao_trimestre_frio,Bio19 precipitacao trimestre frio,523.0606711409396,0.049116355288461144,0.8495874640596452
bio19_precipitacao_trimestre_frio,Bio19 precipitacao trimestre frio,530.6553691275167,0.049116355288461144,0.8495874640596452
bio19_precipitacao_trimestre_frio,Bio19 precipitacao trimestre frio,538.250067114094,0.049116355288461144,0.8495874640596452
bio19_precipitacao_trimestre_frio,Bio19 precipitacao trimestre frio,545.8447651006711,0.049116355288461144,0.8495874640596452
bio19_precipitacao_trimestre_frio,Bio19 precipitacao trimestre frio,553.4394630872483,0.049116355288461144,0.8495874640596452
bio19_precipitacao_trimestre_frio,Bio19 precipitacao trimestre frio,561.0341610738254,0.049116355288461144,0.8495874640596452
bio19_precipitacao_trimestre_frio,Bio19 precipitacao trimestre frio,568.6288590604026,0.049116355288461144,0.8495874640596452
bio19_precipitacao_trimestre_frio,Bio19 precipitacao trimestre frio,576.2235570469799,0.049116355288461144,0.8495874640596452
bio19_precipitacao_trimestre_frio,Bio19 precipitacao trimestre frio,583.8182550335571,0.049116355288461144,0.8495874640596452
bio19_precipitacao_trimestre_frio,Bio19 precipitacao trimestre frio,591.4129530201342,0.049116355288461144,0.8495874640596452
bio19_precipitacao_trimestre_frio,Bio19 precipitacao trimestre frio,599.0076510067114,0.049116355288461144,0.8495874640596452
bio19_precipitacao_trimestre_frio,Bio19 precipitacao trimestre frio,606.6023489932886,0.049116355288461144,0.8495874640596452
bio19_precipitacao_trimestre_frio,Bio19 precipitacao trimestre frio,614.1970469798657,0.049116355288461144,0.8495874640596452
bio19_precipitacao_trimestre_frio,Bio19 precipitacao trimestre frio,621.7917449664429,0.049116355288461144,0.8495874640596452
bio19_precipitacao_trimestre_frio,Bio19 precipitacao trimestre frio,629.3864429530202,0.049116355288461144,0.8495874640596452
bio19_precipitacao_trimestre_frio,Bio19 precipitacao trimestre frio,636.9811409395973,0.049116355288461144,0.8495874640596452
bio19_precipitacao_trimestre_frio,Bio19 precipitacao trimestre frio,644.5758389261745,0.049116355288461144,0.8495874640596452
bio19_precipitacao_trimestre_frio,Bio19 precipitacao trimestre frio,652.1705369127517,0.049116355288461144,0.8495874640596452
bio19_precipitacao_trimestre_frio,Bio19 precipitacao trimestre frio,659.7652348993288,0.049116355288461144,0.8495874640596452
bio19_precipitacao_trimestre_frio,Bio19 precipitacao trimestre frio,667.359932885906,0.049116355288461144,0.8495874640596452
bio19_precipitacao_trimestre_frio,Bio19 precipitacao trimestre frio,674.9546308724832,0.049116355288461144,0.8495874640596452
bio19_precipitacao_trimestre_frio,Bio19 precipitacao trimestre frio,682.5493288590603,0.049116355288461144,0.8495874640596452
bio19_precipitacao_trimestre_frio,Bio19 precipitacao trimestre frio,690.1440268456375,0.049116355288461144,0.8495874640596452
bio19_precipitacao_trimestre_frio,Bio19 precipitacao trimestre frio,697.7387248322148,0.049116355288461144,0.8495874640596452
bio19_precipitacao_trimestre_frio,Bio19 precipitacao trimestre frio,705.3334228187919,0.049116355288461144,0.8495874640596452
bio19_precipitacao_trimestre_frio,Bio19 precipitacao trimestre frio,712.9281208053691,0.049116355288461144,0.8495874640596452
bio19_precipitacao_trimestre_frio,Bio19 precipitacao trimestre frio,720.5228187919463,0.049116355288461144,0.8495874640596452
bio19_precipitacao_trimestre_frio,Bio19 precipitacao trimestre frio,728.1175167785235,0.048834024985888035,0.8495874640596452
bio19_precipitacao_trimestre_frio,Bio19 precipitacao trimestre frio,735.7122147651006,0.048834024985888035,0.8495874640596452
bio19_precipitacao_trimestre_frio,Bio19 precipitacao trimestre frio,743.3069127516778,0.048834024985888035,0.8495874640596452
bio19_precipitacao_trimestre_frio,Bio19 precipitacao trimestre frio,750.901610738255,0.04901374047044773,0.8495874640596452
bio19_precipitacao_trimestre_frio,Bio19 precipitacao trimestre frio,758.4963087248321,0.04901374047044773,0.8495874640596452
bio19_precipitacao_trimestre_frio,Bio19 precipitacao trimestre frio,766.0910067114094,0.04901374047044773,0.8495874640596452
bio19_precipitacao_trimestre_frio,Bio19 precipitacao trimestre frio,773.6857046979866,0.04901374047044773,0.8495874640596452
bio19_precipitacao_trimestre_frio,Bio19 precipitacao trimestre frio,781.2804026845637,0.048828883836785235,0.8495874640596452
bio19_precipitacao_trimestre_frio,Bio19 precipitacao trimestre frio,788.8751006711409,0.048828883836785235,0.8495874640596452
bio19_precipitacao_trimestre_frio,Bio19 precipitacao trimestre frio,796.4697986577181,0.048828883836785235,0.8495874640596452
bio19_precipitacao_trimestre_frio,Bio19 precipitacao trimestre frio,804.0644966442952,0.048828883836785235,0.8495874640596452
bio19_precipitacao_trimestre_frio,Bio19 precipitacao trimestre frio,811.6591946308724,0.048828883836785235,0.8495874640596452
bio19_precipitacao_trimestre_frio,Bio19 precipitacao trimestre frio,819.2538926174497,0.04889387327236871,0.8495874640596452
bio19_precipitacao_trimestre_frio,Bio19 precipitacao trimestre frio,826.8485906040269,0.050402915575401476,0.8495874640596452
bio19_precipitacao_trimestre_frio,Bio19 precipitacao trimestre frio,834.443288590604,0.05779051755718154,0.8495874640596452
bio19_precipitacao_trimestre_frio,Bio19 precipitacao trimestre frio,842.0379865771812,0.05640326582043264,0.8495874640596452
bio19_precipitacao_trimestre_frio,Bio19 precipitacao trimestre frio,849.6326845637584,0.052911073109754576,0.8495874640596452
bio19_precipitacao_trimestre_frio,Bio19 precipitacao trimestre frio,857.2273825503355,0.05407295338012397,0.8495874640596452
bio19_precipitacao_trimestre_frio,Bio19 precipitacao trimestre frio,864.8220805369127,0.049633820343847924,0.8495874640596452
bio19_precipitacao_trimestre_frio,Bio19 precipitacao trimestre frio,872.4167785234899,0.039010812445917226,0.8495874640596452
bio19_precipitacao_trimestre_frio,Bio19 precipitacao trimestre frio,880.011476510067,0.038747044791416066,0.8495874640596452
bio19_precipitacao_trimestre_frio,Bio19 precipitacao trimestre frio,887.6061744966443,0.037737982112233164,0.8495874640596452
bio19_precipitacao_trimestre_frio,Bio19 precipitacao trimestre frio,895.2008724832215,0.037737982112233164,0.8495874640596452
bio19_precipitacao_trimestre_frio,Bio19 precipitacao trimestre frio,902.7955704697986,0.037737982112233164,0.8495874640596452
bio19_precipitacao_trimestre_frio,Bio19 precipitacao trimestre frio,910.3902684563758,0.037737982112233164,0.8495874640596452
bio19_precipitacao_trimestre_frio,Bio19 precipitacao trimestre frio,917.984966442953,0.037737982112233164,0.8495874640596452
bio19_precipitacao_trimestre_frio,Bio19 precipitacao trimestre frio,925.5796644295301,0.037737982112233164,0.8495874640596452
bio19_precipitacao_trimestre_frio,Bio19 precipitacao trimestre frio,933.1743624161073,0.037737982112233164,0.8495874640596452
bio19_precipitacao_trimestre_frio,Bio19 precipitacao trimestre frio,940.7690604026845,0.037737982112233164,0.8495874640596452
bio19_precipitacao_trimestre_frio,Bio19 precipitacao trimestre frio,948.3637583892616,0.037737982112233164,0.8495874640596452
bio19_precipitacao_trimestre_frio,Bio19 precipitacao trimestre frio,955.9584563758389,0.037737982112233164,0.8495874640596452
bio19_precipitacao_trimestre_frio,Bio19 precipitacao trimestre frio,963.5531543624161,0.037737982112233164,0.8495874640596452
bio19_precipitacao_trimestre_frio,Bio19 precipitacao trimestre frio,971.1478523489933,0.037787597441282114,0.8495874640596452
bio19_precipitacao_trimestre_frio,Bio19 precipitacao trimestre frio,978.7425503355704,0.04922062950063516,0.8495874640596452
bio19_precipitacao_trimestre_frio,Bio19 precipitacao trimestre frio,986.3372483221476,0.05760257303123381,0.8495874640596452
bio19_precipitacao_trimestre_frio,Bio19 precipitacao trimestre frio,993.9319463087248,0.06365928023434167,0.8495874640596452
bio19_precipitacao_trimestre_frio,Bio19 precipitacao trimestre frio,1001.5266442953019,0.06401689387945385,0.8495874640596452
bio19_precipitacao_trimestre_frio,Bio19 precipitacao trimestre frio,1009.1213422818792,0.06995215460633773,0.8495874640596452
bio19_precipitacao_trimestre_frio,Bio19 precipitacao trimestre frio,1016.7160402684564,0.07127565630149234,0.8495874640596452
bio19_precipitacao_trimestre_frio,Bio19 precipitacao trimestre frio,1024.3107382550334,0.07127565630149234,0.8495874640596452
bio19_precipitacao_trimestre_frio,Bio19 precipitacao trimestre frio,1031.9054362416107,0.07090994618851072,0.8495874640596452
bio19_precipitacao_trimestre_frio,Bio19 precipitacao trimestre frio,1039.500134228188,0.07090994618851072,0.8495874640596452
bio19_precipitacao_trimestre_frio,Bio19 precipitacao trimestre frio,1047.0948322147651,0.06374738400006195,0.8495874640596452
bio19_precipitacao_trimestre_frio,Bio19 precipitacao trimestre frio,1054.6895302013422,0.06374738400006195,0.8495874640596452
bio19_precipitacao_trimestre_frio,Bio19 precipitacao trimestre frio,1062.2842281879193,0.056973983625397594,0.8495874640596452
bio19_precipitacao_trimestre_frio,Bio19 precipitacao trimestre frio,1069.8789261744967,0.0575551200557938,0.8495874640596452
bio19_precipitacao_trimestre_frio,Bio19 precipitacao trimestre frio,1077.4736241610738,0.04894122998786905,0.8495874640596452
bio19_precipitacao_trimestre_frio,Bio19 precipitacao trimestre frio,1085.0683221476509,0.04894122998786905,0.8495874640596452
bio19_precipitacao_trimestre_frio,Bio19 precipitacao trimestre frio,1092.6630201342282,0.04662143046655476,0.8495874640596452
bio19_precipitacao_trimestre_frio,Bio19 precipitacao trimestre frio,1100.2577181208053,0.04662143046655476,0.8495874640596452
bio19_precipitacao_trimestre_frio,Bio19 precipitacao trimestre frio,1107.8524161073824,0.04662143046655476,0.8495874640596452
bio19_precipitacao_trimestre_frio,Bio19 precipitacao trimestre frio,1115.4471140939597,0.04662143046655476,0.8495874640596452
bio19_precipitacao_trimestre_frio,Bio19 precipitacao trimestre frio,1123.0418120805368,0.04662143046655476,0.8495874640596452
bio19_precipitacao_trimestre_frio,Bio19 precipitacao trimestre frio,1130.6365100671142,0.04662143046655476,0.8495874640596452
bio19_precipitacao_trimestre_frio,Bio19 precipitacao trimestre frio,1138.2312080536913,0.04443983679885303,0.8495874640596452
bio19_precipitacao_trimestre_frio,Bio19 precipitacao trimestre frio,1145.8259060402684,0.04402209827755374,0.8495874640596452
bio19_precipitacao_trimestre_frio,Bio19 precipitacao trimestre frio,1153.4206040268457,0.04402209827755374,0.8495874640596452
bio19_precipitacao_trimestre_frio,Bio19 precipitacao trimestre frio,1161.0153020134228,0.04378006129012471,0.8495874640596452
bio19_precipitacao_trimestre_frio,Bio19 precipitacao trimestre frio,1168.61,0.04378006129012471,0.8495874640596452
bio18_precipitacao_trimestre_quente,Bio18 precipitacao trimestre quente,113.39,0.07326914792824897,0.8245829605257241
bio18_precipitacao_trimestre_quente,Bio18 precipitacao trimestre quente,118.02120805369127,0.07326914792824897,0.8245829605257241
bio18_precipitacao_trimestre_quente,Bio18 precipitacao trimestre quente,122.65241610738255,0.07326914792824897,0.8245829605257241
bio18_precipitacao_trimestre_quente,Bio18 precipitacao trimestre quente,127.28362416107382,0.07326914792824897,0.8245829605257241
bio18_precipitacao_trimestre_quente,Bio18 precipitacao trimestre quente,131.91483221476508,0.07326914792824897,0.8245829605257241
bio18_precipitacao_trimestre_quente,Bio18 precipitacao trimestre quente,136.54604026845635,0.07326914792824897,0.8245829605257241
bio18_precipitacao_trimestre_quente,Bio18 precipitacao trimestre quente,141.17724832214765,0.08621958357184702,0.8245829605257241
bio18_precipitacao_trimestre_quente,Bio18 precipitacao trimestre quente,145.80845637583892,0.08996909822457314,0.8245829605257241
bio18_precipitacao_trimestre_quente,Bio18 precipitacao trimestre quente,150.43966442953018,0.11545423415646573,0.8245829605257241
bio18_precipitacao_trimestre_quente,Bio18 precipitacao trimestre quente,155.07087248322145,0.12730328571539787,0.8245829605257241
bio18_precipitacao_trimestre_quente,Bio18 precipitacao trimestre quente,159.70208053691272,0.1264574281792402,0.8245829605257241
bio18_precipitacao_trimestre_quente,Bio18 precipitacao trimestre quente,164.333288590604,0.12664585874625806,0.8245829605257241
bio18_precipitacao_trimestre_quente,Bio18 precipitacao trimestre quente,168.96449664429528,0.13350300201166326,0.8245829605257241
bio18_precipitacao_trimestre_quente,Bio18 precipitacao trimestre quente,173.59570469798655,0.12377980216344514,0.8245829605257241
bio18_precipitacao_trimestre_quente,Bio18 precipitacao trimestre quente,178.22691275167782,0.12213031383239852,0.8245829605257241
bio18_precipitacao_trimestre_quente,Bio18 precipitacao trimestre quente,182.85812080536908,0.12176890597372743,0.8245829605257241
bio18_precipitacao_trimestre_quente,Bio18 precipitacao trimestre quente,187.48932885906038,0.12176890597372743,0.8245829605257241
bio18_precipitacao_trimestre_quente,Bio18 precipitacao trimestre quente,192.12053691275162,0.12284095064602346,0.8245829605257241
bio18_precipitacao_trimestre_quente,Bio18 precipitacao trimestre quente,196.7517449664429,0.1172609402700203,0.8245829605257241
bio18_precipitacao_trimestre_quente,Bio18 precipitacao trimestre quente,201.38295302013418,0.11725436295838268,0.8245829605257241
bio18_precipitacao_trimestre_quente,Bio18 precipitacao trimestre quente,206.01416107382545,0.1214853273069531,0.8245829605257241
bio18_precipitacao_trimestre_quente,Bio18 precipitacao trimestre quente,210.64536912751674,0.09805858193354859,0.8245829605257241
bio18_precipitacao_trimestre_quente,Bio18 precipitacao trimestre quente,215.27657718120798,0.06093753698435963,0.8245829605257241
bio18_precipitacao_trimestre_quente,Bio18 precipitacao trimestre quente,219.90778523489928,0.0492214524048725,0.8245829605257241
bio18_precipitacao_trimestre_quente,Bio18 precipitacao trimestre quente,224.53899328859055,0.04889553996676555,0.8245829605257241
bio18_precipitacao_trimestre_quente,Bio18 precipitacao trimestre quente,229.1702013422818,0.04889553996676555,0.8245829605257241
bio18_precipitacao_trimestre_quente,Bio18 precipitacao trimestre quente,233.8014093959731,0.04819698536387402,0.8245829605257241
bio18_precipitacao_trimestre_quente,Bio18 precipitacao trimestre quente,238.43261744966435,0.04819698536387402,0.8245829605257241
bio18_precipitacao_trimestre_quente,Bio18 precipitacao trimestre quente,243.06382550335564,0.04819698536387402,0.8245829605257241
bio18_precipitacao_trimestre_quente,Bio18 precipitacao trimestre quente,247.69503355704688,0.04819698536387402,0.8245829605257241
bio18_precipitacao_trimestre_quente,Bio18 precipitacao trimestre quente,252.32624161073818,0.04819698536387402,0.8245829605257241
bio18_precipitacao_trimestre_quente,Bio18 precipitacao trimestre quente,256.9574496644295,0.04819698536387402,0.8245829605257241
bio18_precipitacao_trimestre_quente,Bio18 precipitacao trimestre quente,261.5886577181207,0.04809028073368149,0.8245829605257241
bio18_precipitacao_trimestre_quente,Bio18 precipitacao trimestre quente,266.219865771812,0.04809028073368149,0.8245829605257241
bio18_precipitacao_trimestre_quente,Bio18 precipitacao trimestre quente,270.85107382550325,0.04809028073368149,0.8245829605257241
bio18_precipitacao_trimestre_quente,Bio18 precipitacao trimestre quente,275.48228187919455,0.04809028073368149,0.8245829605257241
bio18_precipitacao_trimestre_quente,Bio18 precipitacao trimestre quente,280.11348993288584,0.04809028073368149,0.8245829605257241
bio18_precipitacao_trimestre_quente,Bio18 precipitacao trimestre quente,284.7446979865771,0.04789639309662272,0.8245829605257241
bio18_precipitacao_trimestre_quente,Bio18 precipitacao trimestre quente,289.3759060402684,0.04789639309662272,0.8245829605257241
bio18_precipitacao_trimestre_quente,Bio18 precipitacao trimestre quente,294.0071140939596,0.04789639309662272,0.8245829605257241
bio18_precipitacao_trimestre_quente,Bio18 precipitacao trimestre quente,298.6383221476509,0.04789639309662272,0.8245829605257241
bio18_precipitacao_trimestre_quente,Bio18 precipitacao trimestre quente,303.2695302013422,0.04789639309662272,0.8245829605257241
bio18_precipitacao_trimestre_quente,Bio18 precipitacao trimestre quente,307.90073825503345,0.047987967184501115,0.8245829605257241
bio18_precipitacao_trimestre_quente,Bio18 precipitacao trimestre quente,312.53194630872474,0.047987967184501115,0.8245829605257241
bio18_precipitacao_trimestre_quente,Bio18 precipitacao trimestre quente,317.163154362416,0.047987967184501115,0.8245829605257241
bio18_precipitacao_trimestre_quente,Bio18 precipitacao trimestre quente,321.7943624161073,0.047987967184501115,0.8245829605257241
bio18_precipitacao_trimestre_quente,Bio18 precipitacao trimestre quente,326.4255704697986,0.047987967184501115,0.8245829605257241
bio18_precipitacao_trimestre_quente,Bio18 precipitacao trimestre quente,331.0567785234898,0.047987967184501115,0.8245829605257241
bio18_precipitacao_trimestre_quente,Bio18 precipitacao trimestre quente,335.6879865771811,0.047987967184501115,0.8245829605257241
bio18_precipitacao_trimestre_quente,Bio18 precipitacao trimestre quente,340.31919463087235,0.047987967184501115,0.8245829605257241
bio18_precipitacao_trimestre_quente,Bio18 precipitacao trimestre quente,344.95040268456364,0.047987967184501115,0.8245829605257241
bio18_precipitacao_trimestre_quente,Bio18 precipitacao trimestre quente,349.58161073825494,0.047987967184501115,0.8245829605257241
bio18_precipitacao_trimestre_quente,Bio18 precipitacao trimestre quente,354.2128187919462,0.047987967184501115,0.8245829605257241
bio18_precipitacao_trimestre_quente,Bio18 precipitacao trimestre quente,358.8440268456375,0.047987967184501115,0.8245829605257241
bio18_precipitacao_trimestre_quente,Bio18 precipitacao trimestre quente,363.4752348993287,0.04918821246503736,0.8245829605257241
bio18_precipitacao_trimestre_quente,Bio18 precipitacao trimestre quente,368.10644295302,0.04928733929107229,0.8245829605257241
bio18_precipitacao_trimestre_quente,Bio18 precipitacao trimestre quente,372.73765100671125,0.049116355288461144,0.8245829605257241
bio18_precipitacao_trimestre_quente,Bio18 precipitacao trimestre quente,377.36885906040254,0.049116355288461144,0.8245829605257241
bio18_precipitacao_trimestre_quente,Bio18 precipitacao trimestre quente,382.0000671140938,0.049116355288461144,0.8245829605257241
bio18_precipitacao_trimestre_quente,Bio18 precipitacao trimestre quente,386.6312751677851,0.049116355288461144,0.8245829605257241
bio18_precipitacao_trimestre_quente,Bio18 precipitacao trimestre quente,391.2624832214764,0.049116355288461144,0.8245829605257241
bio18_precipitacao_trimestre_quente,Bio18 precipitacao trimestre quente,395.8936912751676,0.049116355288461144,0.8245829605257241
bio18_precipitacao_trimestre_quente,Bio18 precipitacao trimestre quente,400.5248993288589,0.049116355288461144,0.8245829605257241
bio18_precipitacao_trimestre_quente,Bio18 precipitacao trimestre quente,405.15610738255015,0.049116355288461144,0.8245829605257241
bio18_precipitacao_trimestre_quente,Bio18 precipitacao trimestre quente,409.78731543624144,0.049116355288461144,0.8245829605257241
bio18_precipitacao_trimestre_quente,Bio18 precipitacao trimestre quente,414.41852348993274,0.049116355288461144,0.8245829605257241
bio18_precipitacao_trimestre_quente,Bio18 precipitacao trimestre quente,419.049731543624,0.049116355288461144,0.8245829605257241
bio18_precipitacao_trimestre_quente,Bio18 precipitacao trimestre quente,423.6809395973153,0.049116355288461144,0.8245829605257241
bio18_precipitacao_trimestre_quente,Bio18 precipitacao trimestre quente,428.3121476510065,0.049116355288461144,0.8245829605257241
bio18_precipitacao_trimestre_quente,Bio18 precipitacao trimestre quente,432.9433557046978,0.049116355288461144,0.8245829605257241
bio18_precipitacao_trimestre_quente,Bio18 precipitacao trimestre quente,437.5745637583891,0.049116355288461144,0.8245829605257241
bio18_precipitacao_trimestre_quente,Bio18 precipitacao trimestre quente,442.20577181208034,0.049409302122244605,0.8245829605257241
bio18_precipitacao_trimestre_quente,Bio18 precipitacao trimestre quente,446.83697986577164,0.05021499636379278,0.8245829605257241
bio18_precipitacao_trimestre_quente,Bio18 precipitacao trimestre quente,451.4681879194629,0.05021499636379278,0.8245829605257241
bio18_precipitacao_trimestre_quente,Bio18 precipitacao trimestre quente,456.0993959731542,0.05021499636379278,0.8245829605257241
bio18_precipitacao_trimestre_quente,Bio18 precipitacao trimestre quente,460.73060402684547,0.05021499636379278,0.8245829605257241
bio18_precipitacao_trimestre_quente,Bio18 precipitacao trimestre quente,465.3618120805367,0.05021499636379278,0.8245829605257241
bio18_precipitacao_trimestre_quente,Bio18 precipitacao trimestre quente,469.993020134228,0.05021499636379278,0.8245829605257241
bio18_precipitacao_trimestre_quente,Bio18 precipitacao trimestre quente,474.62422818791924,0.05154757822093445,0.8245829605257241
bio18_precipitacao_trimestre_quente,Bio18 precipitacao trimestre quente,479.25543624161054,0.05154757822093445,0.8245829605257241
bio18_precipitacao_trimestre_quente,Bio18 precipitacao trimestre quente,483.88664429530183,0.05202073129897656,0.8245829605257241
bio18_precipitacao_trimestre_quente,Bio18 precipitacao trimestre quente,488.5178523489931,0.05202073129897656,0.8245829605257241
bio18_precipitacao_trimestre_quente,Bio18 precipitacao trimestre quente,493.14906040268437,0.052840669038656606,0.8245829605257241
bio18_precipitacao_trimestre_quente,Bio18 precipitacao trimestre quente,497.7802684563756,0.052840669038656606,0.8245829605257241
bio18_precipitacao_trimestre_quente,Bio18 precipitacao trimestre quente,502.4114765100669,0.05454905232120679,0.8245829605257241
bio18_precipitacao_trimestre_quente,Bio18 precipitacao trimestre quente,507.04268456375814,0.04699920746837839,0.8245829605257241
bio18_precipitacao_trimestre_quente,Bio18 precipitacao trimestre quente,511.67389261744944,0.04617066313848186,0.8245829605257241
bio18_precipitacao_trimestre_quente,Bio18 precipitacao trimestre quente,516.3051006711407,0.043793169314883515,0.8245829605257241
bio18_precipitacao_trimestre_quente,Bio18 precipitacao trimestre quente,520.936308724832,0.043793169314883515,0.8245829605257241
bio18_precipitacao_trimestre_quente,Bio18 precipitacao trimestre quente,525.5675167785233,0.043793169314883515,0.8245829605257241
bio18_precipitacao_trimestre_quente,Bio18 precipitacao trimestre quente,530.1987248322146,0.043793169314883515,0.8245829605257241
bio18_precipitacao_trimestre_quente,Bio18 precipitacao trimestre quente,534.8299328859058,0.041426632937027426,0.8245829605257241
bio18_precipitacao_trimestre_quente,Bio18 precipitacao trimestre quente,539.4611409395972,0.04129073513185634,0.8245829605257241
bio18_precipitacao_trimestre_quente,Bio18 precipitacao trimestre quente,544.0923489932884,0.033559236375142465,0.8245829605257241
bio18_precipitacao_trimestre_quente,Bio18 precipitacao trimestre quente,548.7235570469796,0.033559236375142465,0.8245829605257241
bio18_precipitacao_trimestre_quente,Bio18 precipitacao trimestre quente,553.3547651006709,0.033559236375142465,0.8245829605257241
bio18_precipitacao_trimestre_quente,Bio18 precipitacao trimestre quente,557.9859731543622,0.033559236375142465,0.8245829605257241
bio18_precipitacao_trimestre_quente,Bio18 precipitacao trimestre quente,562.6171812080535,0.033559236375142465,0.8245829605257241
bio18_precipitacao_trimestre_quente,Bio18 precipitacao trimestre quente,567.2483892617447,0.033559236375142465,0.8245829605257241
bio18_precipitacao_trimestre_quente,Bio18 precipitacao trimestre quente,571.8795973154361,0.033559236375142465,0.8245829605257241
bio18_precipitacao_trimestre_quente,Bio18 precipitacao trimestre quente,576.5108053691273,0.033559236375142465,0.8245829605257241
bio18_precipitacao_trimestre_quente,Bio18 precipitacao trimestre quente,581.1420134228185,0.033559236375142465,0.8245829605257241
bio18_precipitacao_trimestre_quente,Bio18 precipitacao trimestre quente,585.7732214765099,0.033559236375142465,0.8245829605257241
bio18_precipitacao_trimestre_quente,Bio18 precipitacao trimestre quente,590.4044295302011,0.033559236375142465,0.8245829605257241
bio18_precipitacao_trimestre_quente,Bio18 precipitacao trimestre quente,595.0356375838924,0.033559236375142465,0.8245829605257241
bio18_precipitacao_trimestre_quente,Bio18 precipitacao trimestre quente,599.6668456375836,0.033559236375142465,0.8245829605257241
bio18_precipitacao_trimestre_quente,Bio18 precipitacao trimestre quente,604.298053691275,0.033559236375142465,0.8245829605257241
bio18_precipitacao_trimestre_quente,Bio18 precipitacao trimestre quente,608.9292617449662,0.033559236375142465,0.8245829605257241
bio18_precipitacao_trimestre_quente,Bio18 precipitacao trimestre quente,613.5604697986574,0.033559236375142465,0.8245829605257241
bio18_precipitacao_trimestre_quente,Bio18 precipitacao trimestre quente,618.1916778523488,0.033559236375142465,0.8245829605257241
bio18_precipitacao_trimestre_quente,Bio18 precipitacao trimestre quente,622.82288590604,0.033559236375142465,0.8245829605257241
bio18_precipitacao_trimestre_quente,Bio18 precipitacao trimestre quente,627.4540939597313,0.033559236375142465,0.8245829605257241
bio18_precipitacao_trimestre_quente,Bio18 precipitacao trimestre quente,632.0853020134225,0.033559236375142465,0.8245829605257241
bio18_precipitacao_trimestre_quente,Bio18 precipitacao trimestre quente,636.7165100671139,0.033559236375142465,0.8245829605257241
bio18_precipitacao_trimestre_quente,Bio18 precipitacao trimestre quente,641.3477181208051,0.033559236375142465,0.8245829605257241
bio18_precipitacao_trimestre_quente,Bio18 precipitacao trimestre quente,645.9789261744963,0.033559236375142465,0.8245829605257241
bio18_precipitacao_trimestre_quente,Bio18 precipitacao trimestre quente,650.6101342281876,0.033559236375142465,0.8245829605257241
bio18_precipitacao_trimestre_quente,Bio18 precipitacao trimestre quente,655.2413422818789,0.033559236375142465,0.8245829605257241
bio18_precipitacao_trimestre_quente,Bio18 precipitacao trimestre quente,659.8725503355702,0.033559236375142465,0.8245829605257241
bio18_precipitacao_trimestre_quente,Bio18 precipitacao trimestre quente,664.5037583892614,0.033559236375142465,0.8245829605257241
bio18_precipitacao_trimestre_quente,Bio18 precipitacao trimestre quente,669.1349664429528,0.033559236375142465,0.8245829605257241
bio18_precipitacao_trimestre_quente,Bio18 precipitacao trimestre quente,673.766174496644,0.033559236375142465,0.8245829605257241
bio18_precipitacao_trimestre_quente,Bio18 precipitacao trimestre quente,678.3973825503352,0.033559236375142465,0.8245829605257241
bio18_precipitacao_trimestre_quente,Bio18 precipitacao trimestre quente,683.0285906040266,0.033559236375142465,0.8245829605257241
bio18_precipitacao_trimestre_quente,Bio18 precipitacao trimestre quente,687.6597986577178,0.033559236375142465,0.8245829605257241
bio18_precipitacao_trimestre_quente,Bio18 precipitacao trimestre quente,692.2910067114091,0.033559236375142465,0.8245829605257241
bio18_precipitacao_trimestre_quente,Bio18 precipitacao trimestre quente,696.9222147651003,0.033559236375142465,0.8245829605257241
bio18_precipitacao_trimestre_quente,Bio18 precipitacao trimestre quente,701.5534228187917,0.033559236375142465,0.8245829605257241
bio18_precipitacao_trimestre_quente,Bio18 precipitacao trimestre quente,706.1846308724829,0.033559236375142465,0.8245829605257241
bio18_precipitacao_trimestre_quente,Bio18 precipitacao trimestre quente,710.8158389261741,0.033559236375142465,0.8245829605257241
bio18_precipitacao_trimestre_quente,Bio18 precipitacao trimestre quente,715.4470469798655,0.033559236375142465,0.8245829605257241
bio18_precipitacao_trimestre_quente,Bio18 precipitacao trimestre quente,720.0782550335567,0.033559236375142465,0.8245829605257241
bio18_precipitacao_trimestre_quente,Bio18 precipitacao trimestre quente,724.709463087248,0.033559236375142465,0.8245829605257241
bio18_precipitacao_trimestre_quente,Bio18 precipitacao trimestre quente,729.3406711409392,0.033559236375142465,0.8245829605257241
bio18_precipitacao_trimestre_quente,Bio18 precipitacao trimestre quente,733.9718791946306,0.033559236375142465,0.8245829605257241
bio18_precipitacao_trimestre_quente,Bio18 precipitacao trimestre quente,738.6030872483218,0.033559236375142465,0.8245829605257241
bio18_precipitacao_trimestre_quente,Bio18 precipitacao trimestre quente,743.234295302013,0.033559236375142465,0.8245829605257241
bio18_precipitacao_trimestre_quente,Bio18 precipitacao trimestre quente,747.8655033557044,0.033559236375142465,0.8245829605257241
bio18_precipitacao_trimestre_quente,Bio18 precipitacao trimestre quente,752.4967114093956,0.033559236375142465,0.8245829605257241
bio18_precipitacao_trimestre_quente,Bio18 precipitacao trimestre quente,757.1279194630869,0.033559236375142465,0.8245829605257241
bio18_precipitacao_trimestre_quente,Bio18 precipitacao trimestre quente,761.7591275167782,0.033559236375142465,0.8245829605257241
bio18_precipitacao_trimestre_quente,Bio18 precipitacao trimestre quente,766.3903355704695,0.033559236375142465,0.8245829605257241
bio18_precipitacao_trimestre_quente,Bio18 precipitacao trimestre quente,771.0215436241607,0.033559236375142465,0.8245829605257241
bio18_precipitacao_trimestre_quente,Bio18 precipitacao trimestre quente,775.6527516778519,0.033559236375142465,0.8245829605257241
bio18_precipitacao_trimestre_quente,Bio18 precipitacao trimestre quente,780.2839597315433,0.033559236375142465,0.8245829605257241
bio18_precipitacao_trimestre_quente,Bio18 precipitacao trimestre quente,784.9151677852345,0.033559236375142465,0.8245829605257241
bio18_precipitacao_trimestre_quente,Bio18 precipitacao trimestre quente,789.5463758389258,0.033559236375142465,0.8245829605257241
bio18_precipitacao_trimestre_quente,Bio18 precipitacao trimestre quente,794.1775838926171,0.033559236375142465,0.8245829605257241
bio18_precipitacao_trimestre_quente,Bio18 precipitacao trimestre quente,798.8087919463084,0.033559236375142465,0.8245829605257241
bio18_precipitacao_trimestre_quente,Bio18 precipitacao trimestre quente,803.4399999999996,0.033559236375142465,0.8245829605257241
bio12_precipitacao_anual,Bio12 precipitacao anual,1546.56,0.022943223060139233,0.7878288181977705
bio12_precipitacao_anual,Bio12 precipitacao anual,1558.7363087248323,0.022943223060139233,0.7878288181977705
bio12_precipitacao_anual,Bio12 precipitacao anual,1570.9126174496644,0.022943223060139233,0.7878288181977705
bio12_precipitacao_anual,Bio12 precipitacao anual,1583.0889261744967,0.022943223060139233,0.7878288181977705
bio12_precipitacao_anual,Bio12 precipitacao anual,1595.2652348993288,0.022943223060139233,0.7878288181977705
bio12_precipitacao_anual,Bio12 precipitacao anual,1607.4415436241611,0.022943223060139233,0.7878288181977705
bio12_precipitacao_anual,Bio12 precipitacao anual,1619.6178523489932,0.022943223060139233,0.7878288181977705
bio12_precipitacao_anual,Bio12 precipitacao anual,1631.7941610738255,0.022943223060139233,0.7878288181977705
bio12_precipitacao_anual,Bio12 precipitacao anual,1643.9704697986576,0.022943223060139233,0.7878288181977705
bio12_precipitacao_anual,Bio12 precipitacao anual,1656.14677852349,0.022943223060139233,0.7878288181977705
bio12_precipitacao_anual,Bio12 precipitacao anual,1668.323087248322,0.022943223060139233,0.7878288181977705
bio12_precipitacao_anual,Bio12 precipitacao anual,1680.4993959731544,0.022943223060139233,0.7878288181977705
bio12_precipitacao_anual,Bio12 precipitacao anual,1692.6757046979865,0.022943223060139233,0.7878288181977705
bio12_precipitacao_anual,Bio12 precipitacao anual,1704.8520134228188,0.022943223060139233,0.7878288181977705
bio12_precipitacao_anual,Bio12 precipitacao anual,1717.028322147651,0.022943223060139233,0.7878288181977705
bio12_precipitacao_anual,Bio12 precipitacao anual,1729.2046308724832,0.022943223060139233,0.7878288181977705
bio12_precipitacao_anual,Bio12 precipitacao anual,1741.3809395973153,0.022943223060139233,0.7878288181977705
bio12_precipitacao_anual,Bio12 precipitacao anual,1753.5572483221476,0.022943223060139233,0.7878288181977705
bio12_precipitacao_anual,Bio12 precipitacao anual,1765.7335570469797,0.022943223060139233,0.7878288181977705
bio12_precipitacao_anual,Bio12 precipitacao anual,1777.909865771812,0.022943223060139233,0.7878288181977705
bio12_precipitacao_anual,Bio12 precipitacao anual,1790.0861744966442,0.022943223060139233,0.7878288181977705
bio12_precipitacao_anual,Bio12 precipitacao anual,1802.2624832214765,0.022943223060139233,0.7878288181977705
bio12_precipitacao_anual,Bio12 precipitacao anual,1814.4387919463086,0.022943223060139233,0.7878288181977705
bio12_precipitacao_anual,Bio12 precipitacao anual,1826.615100671141,0.022943223060139233,0.7878288181977705
bio12_precipitacao_anual,Bio12 precipitacao anual,1838.791409395973,0.022943223060139233,0.7878288181977705
bio12_precipitacao_anual,Bio12 precipitacao anual,1850.9677181208053,0.023056479904320068,0.7878288181977705
bio12_precipitacao_anual,Bio12 precipitacao anual,1863.1440268456377,0.02458304867331166,0.7878288181977705
bio12_precipitacao_anual,Bio12 precipitacao anual,1875.3203355704698,0.02458304867331166,0.7878288181977705
bio12_precipitacao_anual,Bio12 precipitacao anual,1887.4966442953018,0.03117050135915261,0.7878288181977705
bio12_precipitacao_anual,Bio12 precipitacao anual,1899.6729530201342,0.0328438589045903,0.7878288181977705
bio12_precipitacao_anual,Bio12 precipitacao anual,1911.8492617449665,0.03197318701160866,0.7878288181977705
bio12_precipitacao_anual,Bio12 precipitacao anual,1924.0255704697986,0.03300797599105887,0.7878288181977705
bio12_precipitacao_anual,Bio12 precipitacao anual,1936.2018791946307,0.032251363587268454,0.7878288181977705
bio12_precipitacao_anual,Bio12 precipitacao anual,1948.378187919463,0.03238567027427469,0.7878288181977705
bio12_precipitacao_anual,Bio12 precipitacao anual,1960.5544966442953,0.03238567027427469,0.7878288181977705
bio12_precipitacao_anual,Bio12 precipitacao anual,1972.7308053691274,0.03238567027427469,0.7878288181977705
bio12_precipitacao_anual,Bio12 precipitacao anual,1984.9071140939595,0.03238567027427469,0.7878288181977705
bio12_precipitacao_anual,Bio12 precipitacao anual,1997.0834228187919,0.03238567027427469,0.7878288181977705
bio12_precipitacao_anual,Bio12 precipitacao anual,2009.2597315436242,0.03238567027427469,0.7878288181977705
bio12_precipitacao_anual,Bio12 precipitacao anual,2021.4360402684563,0.03238567027427469,0.7878288181977705
bio12_precipitacao_anual,Bio12 precipitacao anual,2033.6123489932884,0.03238567027427469,0.7878288181977705
bio12_precipitacao_anual,Bio12 precipitacao anual,2045.7886577181207,0.034810892888797226,0.7878288181977705
bio12_precipitacao_anual,Bio12 precipitacao anual,2057.964966442953,0.034951812401760554,0.7878288181977705
bio12_precipitacao_anual,Bio12 precipitacao anual,2070.1412751677854,0.0346534758721358,0.7878288181977705
bio12_precipitacao_anual,Bio12 precipitacao anual,2082.317583892617,0.0346534758721358,0.7878288181977705
bio12_precipitacao_anual,Bio12 precipitacao anual,2094.4938926174495,0.0346534758721358,0.7878288181977705
bio12_precipitacao_anual,Bio12 precipitacao anual,2106.670201342282,0.0346534758721358,0.7878288181977705
bio12_precipitacao_anual,Bio12 precipitacao anual,2118.8465100671137,0.0346534758721358,0.7878288181977705
bio12_precipitacao_anual,Bio12 precipitacao anual,2131.0228187919465,0.03690552253732365,0.7878288181977705
bio12_precipitacao_anual,Bio12 precipitacao anual,2143.1991275167784,0.04193333350912598,0.7878288181977705
bio12_precipitacao_anual,Bio12 precipitacao anual,2155.3754362416107,0.04207384363479149,0.7878288181977705
bio12_precipitacao_anual,Bio12 precipitacao anual,2167.551744966443,0.04209106698282859,0.7878288181977705
bio12_precipitacao_anual,Bio12 precipitacao anual,2179.728053691275,0.04209106698282859,0.7878288181977705
bio12_precipitacao_anual,Bio12 precipitacao anual,2191.9043624161072,0.041527427468742745,0.7878288181977705
bio12_precipitacao_anual,Bio12 precipitacao anual,2204.0806711409396,0.041527427468742745,0.7878288181977705
bio12_precipitacao_anual,Bio12 precipitacao anual,2216.256979865772,0.041928439229373116,0.7878288181977705
bio12_precipitacao_anual,Bio12 precipitacao anual,2228.433288590604,0.04892301727245731,0.7878288181977705
bio12_precipitacao_anual,Bio12 precipitacao anual,2240.609597315436,0.048424557367751704,0.7878288181977705
bio12_precipitacao_anual,Bio12 precipitacao anual,2252.7859060402684,0.048424557367751704,0.7878288181977705
bio12_precipitacao_anual,Bio12 precipitacao anual,2264.9622147651007,0.048424557367751704,0.7878288181977705
bio12_precipitacao_anual,Bio12 precipitacao anual,2277.1385234899326,0.048656451085263244,0.7878288181977705
bio12_precipitacao_anual,Bio12 precipitacao anual,2289.314832214765,0.04935126850729025,0.7878288181977705
bio12_precipitacao_anual,Bio12 precipitacao anual,2301.4911409395972,0.04935126850729025,0.7878288181977705
bio12_precipitacao_anual,Bio12 precipitacao anual,2313.6674496644296,0.04935126850729025,0.7878288181977705
bio12_precipitacao_anual,Bio12 precipitacao anual,2325.843758389262,0.050222926388298145,0.7878288181977705
bio12_precipitacao_anual,Bio12 precipitacao anual,2338.0200671140938,0.05165449951950787,0.7878288181977705
bio12_precipitacao_anual,Bio12 precipitacao anual,2350.196375838926,0.05165449951950787,0.7878288181977705
bio12_precipitacao_anual,Bio12 precipitacao anual,2362.3726845637584,0.05165449951950787,0.7878288181977705
bio12_precipitacao_anual,Bio12 precipitacao anual,2374.5489932885903,0.05301818010411193,0.7878288181977705
bio12_precipitacao_anual,Bio12 precipitacao anual,2386.7253020134226,0.05692914108185438,0.7878288181977705
bio12_precipitacao_anual,Bio12 precipitacao anual,2398.901610738255,0.07848171535624811,0.7878288181977705
bio12_precipitacao_anual,Bio12 precipitacao anual,2411.0779194630873,0.07483737232556613,0.7878288181977705
bio12_precipitacao_anual,Bio12 precipitacao anual,2423.2542281879196,0.07282170402145786,0.7878288181977705
bio12_precipitacao_anual,Bio12 precipitacao anual,2435.4305369127514,0.07282170402145786,0.7878288181977705
bio12_precipitacao_anual,Bio12 precipitacao anual,2447.606845637584,0.07371383065178999,0.7878288181977705
bio12_precipitacao_anual,Bio12 precipitacao anual,2459.783154362416,0.07179910411020383,0.7878288181977705
bio12_precipitacao_anual,Bio12 precipitacao anual,2471.959463087248,0.06631105986856807,0.7878288181977705
bio12_precipitacao_anual,Bio12 precipitacao anual,2484.1357718120803,0.059357241294700804,0.7878288181977705
bio12_precipitacao_anual,Bio12 precipitacao anual,2496.3120805369126,0.059357241294700804,0.7878288181977705
bio12_precipitacao_anual,Bio12 precipitacao anual,2508.488389261745,0.059357241294700804,0.7878288181977705
bio12_precipitacao_anual,Bio12 precipitacao anual,2520.6646979865773,0.059357241294700804,0.7878288181977705
bio12_precipitacao_anual,Bio12 precipitacao anual,2532.841006711409,0.059357241294700804,0.7878288181977705
bio12_precipitacao_anual,Bio12 precipitacao anual,2545.0173154362415,0.059357241294700804,0.7878288181977705
bio12_precipitacao_anual,Bio12 precipitacao anual,2557.193624161074,0.059357241294700804,0.7878288181977705
bio12_precipitacao_anual,Bio12 precipitacao anual,2569.369932885906,0.059357241294700804,0.7878288181977705
bio12_precipitacao_anual,Bio12 precipitacao anual,2581.5462416107384,0.059357241294700804,0.7878288181977705
bio12_precipitacao_anual,Bio12 precipitacao anual,2593.7225503355703,0.059795130156986835,0.7878288181977705
bio12_precipitacao_anual,Bio12 precipitacao anual,2605.8988590604026,0.059795130156986835,0.7878288181977705
bio12_precipitacao_anual,Bio12 precipitacao anual,2618.075167785235,0.059795130156986835,0.7878288181977705
bio12_precipitacao_anual,Bio12 precipitacao anual,2630.251476510067,0.059795130156986835,0.7878288181977705
bio12_precipitacao_anual,Bio12 precipitacao anual,2642.427785234899,0.059795130156986835,0.7878288181977705
bio12_precipitacao_anual,Bio12 precipitacao anual,2654.6040939597315,0.059795130156986835,0.7878288181977705
bio12_precipitacao_anual,Bio12 precipitacao anual,2666.7804026845633,0.059795130156986835,0.7878288181977705
bio12_precipitacao_anual,Bio12 precipitacao anual,2678.956711409396,0.059795130156986835,0.7878288181977705
bio12_precipitacao_anual,Bio12 precipitacao anual,2691.133020134228,0.059795130156986835,0.7878288181977705
bio12_precipitacao_anual,Bio12 precipitacao anual,2703.3093288590603,0.059795130156986835,0.7878288181977705
bio12_precipitacao_anual,Bio12 precipitacao anual,2715.4856375838926,0.059795130156986835,0.7878288181977705
bio12_precipitacao_anual,Bio12 precipitacao anual,2727.6619463087245,0.059795130156986835,0.7878288181977705
bio12_precipitacao_anual,Bio12 precipitacao anual,2739.8382550335573,0.059795130156986835,0.7878288181977705
bio12_precipitacao_anual,Bio12 precipitacao anual,2752.014563758389,0.059795130156986835,0.7878288181977705
bio12_precipitacao_anual,Bio12 precipitacao anual,2764.1908724832215,0.059795130156986835,0.7878288181977705
bio12_precipitacao_anual,Bio12 precipitacao anual,2776.367181208054,0.059795130156986835,0.7878288181977705
bio12_precipitacao_anual,Bio12 precipitacao anual,2788.5434899328857,0.059795130156986835,0.7878288181977705
bio12_precipitacao_anual,Bio12 precipitacao anual,2800.719798657718,0.059795130156986835,0.7878288181977705
bio12_precipitacao_anual,Bio12 precipitacao anual,2812.8961073825503,0.059795130156986835,0.7878288181977705
bio12_precipitacao_anual,Bio12 precipitacao anual,2825.072416107382,0.059795130156986835,0.7878288181977705
bio12_precipitacao_anual,Bio12 precipitacao anual,2837.248724832215,0.059795130156986835,0.7878288181977705
bio12_precipitacao_anual,Bio12 precipitacao anual,2849.425033557047,0.059795130156986835,0.7878288181977705
bio12_precipitacao_anual,Bio12 precipitacao anual,2861.601342281879,0.059795130156986835,0.7878288181977705
bio12_precipitacao_anual,Bio12 precipitacao anual,2873.7776510067115,0.059795130156986835,0.7878288181977705
bio12_precipitacao_anual,Bio12 precipitacao anual,2885.9539597315434,0.059795130156986835,0.7878288181977705
bio12_precipitacao_anual,Bio12 precipitacao anual,2898.1302684563757,0.059795130156986835,0.7878288181977705
bio12_precipitacao_anual,Bio12 precipitacao anual,2910.306577181208,0.059795130156986835,0.7878288181977705
bio12_precipitacao_anual,Bio12 precipitacao anual,2922.48288590604,0.059795130156986835,0.7878288181977705
bio12_precipitacao_anual,Bio12 precipitacao anual,2934.6591946308727,0.059795130156986835,0.7878288181977705
bio12_precipitacao_anual,Bio12 precipitacao anual,2946.8355033557045,0.059795130156986835,0.7878288181977705
bio12_precipitacao_anual,Bio12 precipitacao anual,2959.011812080537,0.059795130156986835,0.7878288181977705
bio12_precipitacao_anual,Bio12 precipitacao anual,2971.188120805369,0.059795130156986835,0.7878288181977705
bio12_precipitacao_anual,Bio12 precipitacao anual,2983.364429530201,0.059795130156986835,0.7878288181977705
bio12_precipitacao_anual,Bio12 precipitacao anual,2995.5407382550334,0.059795130156986835,0.7878288181977705
bio12_precipitacao_anual,Bio12 precipitacao anual,3007.7170469798657,0.059795130156986835,0.7878288181977705
bio12_precipitacao_anual,Bio12 precipitacao anual,3019.8933557046976,0.059795130156986835,0.7878288181977705
bio12_precipitacao_anual,Bio12 precipitacao anual,3032.0696644295303,0.059795130156986835,0.7878288181977705
bio12_precipitacao_anual,Bio12 precipitacao anual,3044.245973154362,0.059795130156986835,0.7878288181977705
bio12_precipitacao_anual,Bio12 precipitacao anual,3056.4222818791945,0.059795130156986835,0.7878288181977705
bio12_precipitacao_anual,Bio12 precipitacao anual,3068.598590604027,0.059795130156986835,0.7878288181977705
bio12_precipitacao_anual,Bio12 precipitacao anual,3080.7748993288587,0.059795130156986835,0.7878288181977705
bio12_precipitacao_anual,Bio12 precipitacao anual,3092.951208053691,0.059795130156986835,0.7878288181977705
bio12_precipitacao_anual,Bio12 precipitacao anual,3105.1275167785234,0.059795130156986835,0.7878288181977705
bio12_precipitacao_anual,Bio12 precipitacao anual,3117.3038255033557,0.059795130156986835,0.7878288181977705
bio12_precipitacao_anual,Bio12 precipitacao anual,3129.480134228188,0.059795130156986835,0.7878288181977705
bio12_precipitacao_anual,Bio12 precipitacao anual,3141.65644295302,0.059795130156986835,0.7878288181977705
bio12_precipitacao_anual,Bio12 precipitacao anual,3153.8327516778522,0.059795130156986835,0.7878288181977705
bio12_precipitacao_anual,Bio12 precipitacao anual,3166.0090604026846,0.059795130156986835,0.7878288181977705
bio12_precipitacao_anual,Bio12 precipitacao anual,3178.1853691275164,0.059795130156986835,0.7878288181977705
bio12_precipitacao_anual,Bio12 precipitacao anual,3190.361677852349,0.059795130156986835,0.7878288181977705
bio12_precipitacao_anual,Bio12 precipitacao anual,3202.537986577181,0.059795130156986835,0.7878288181977705
bio12_precipitacao_anual,Bio12 precipitacao anual,3214.7142953020134,0.059795130156986835,0.7878288181977705
bio12_precipitacao_anual,Bio12 precipitacao anual,3226.8906040268457,0.059795130156986835,0.7878288181977705
bio12_precipitacao_anual,Bio12 precipitacao anual,3239.0669127516776,0.059795130156986835,0.7878288181977705
bio12_precipitacao_anual,Bio12 precipitacao anual,3251.24322147651,0.059795130156986835,0.7878288181977705
bio12_precipitacao_anual,Bio12 precipitacao anual,3263.4195302013422,0.059795130156986835,0.7878288181977705
bio12_precipitacao_anual,Bio12 precipitacao anual,3275.595838926174,0.059795130156986835,0.7878288181977705
bio12_precipitacao_anual,Bio12 precipitacao anual,3287.772147651007,0.059795130156986835,0.7878288181977705
bio12_precipitacao_anual,Bio12 precipitacao anual,3299.9484563758388,0.059795130156986835,0.7878288181977705
bio12_precipitacao_anual,Bio12 precipitacao anual,3312.124765100671,0.059795130156986835,0.7878288181977705
bio12_precipitacao_anual,Bio12 precipitacao anual,3324.3010738255034,0.059795130156986835,0.7878288181977705
bio12_precipitacao_anual,Bio12 precipitacao anual,3336.4773825503353,0.059795130156986835,0.7878288181977705
bio12_precipitacao_anual,Bio12 precipitacao anual,3348.6536912751676,0.059795130156986835,0.7878288181977705
bio12_precipitacao_anual,Bio12 precipitacao anual,3360.83,0.059795130156986835,0.7878288181977705
bio14_precipitacao_mes_seco,Bio14 precipitacao mes seco,1,0.047463502515261116,0.7723451070760896
bio14_precipitacao_mes_seco,Bio14 precipitacao mes seco,2.48731543624161,0.047463502515261116,0.7723451070760896
bio14_precipitacao_mes_seco,Bio14 precipitacao mes seco,3.9746308724832202,0.047463502515261116,0.7723451070760896
bio14_precipitacao_mes_seco,Bio14 precipitacao mes seco,5.46194630872483,0.047463502515261116,0.7723451070760896
bio14_precipitacao_mes_seco,Bio14 precipitacao mes seco,6.9492617449664404,0.047463502515261116,0.7723451070760896
bio14_precipitacao_mes_seco,Bio14 precipitacao mes seco,8.436577181208051,0.047463502515261116,0.7723451070760896
bio14_precipitacao_mes_seco,Bio14 precipitacao mes seco,9.92389261744966,0.047463502515261116,0.7723451070760896
bio14_precipitacao_mes_seco,Bio14 precipitacao mes seco,11.41120805369127,0.047463502515261116,0.7723451070760896
bio14_precipitacao_mes_seco,Bio14 precipitacao mes seco,12.898523489932881,0.047463502515261116,0.7723451070760896
bio14_precipitacao_mes_seco,Bio14 precipitacao mes seco,14.385838926174491,0.047463502515261116,0.7723451070760896
bio14_precipitacao_mes_seco,Bio14 precipitacao mes seco,15.873154362416102,0.04701580378349027,0.7723451070760896
bio14_precipitacao_mes_seco,Bio14 precipitacao mes seco,17.36046979865771,0.04701580378349027,0.7723451070760896
bio14_precipitacao_mes_seco,Bio14 precipitacao mes seco,18.84778523489932,0.04661585687489639,0.7723451070760896
bio14_precipitacao_mes_seco,Bio14 precipitacao mes seco,20.335100671140932,0.04661585687489639,0.7723451070760896
bio14_precipitacao_mes_seco,Bio14 precipitacao mes seco,21.82241610738254,0.04661585687489639,0.7723451070760896
bio14_precipitacao_mes_seco,Bio14 precipitacao mes seco,23.309731543624153,0.04661585687489639,0.7723451070760896
bio14_precipitacao_mes_seco,Bio14 precipitacao mes seco,24.797046979865762,0.04661585687489639,0.7723451070760896
bio14_precipitacao_mes_seco,Bio14 precipitacao mes seco,26.28436241610737,0.04661585687489639,0.7723451070760896
bio14_precipitacao_mes_seco,Bio14 precipitacao mes seco,27.771677852348983,0.04661585687489639,0.7723451070760896
bio14_precipitacao_mes_seco,Bio14 precipitacao mes seco,29.25899328859059,0.04661585687489639,0.7723451070760896
bio14_precipitacao_mes_seco,Bio14 precipitacao mes seco,30.746308724832204,0.04661585687489639,0.7723451070760896
bio14_precipitacao_mes_seco,Bio14 precipitacao mes seco,32.23362416107381,0.04661585687489639,0.7723451070760896
bio14_precipitacao_mes_seco,Bio14 precipitacao mes seco,33.72093959731542,0.04661585687489639,0.7723451070760896
bio14_precipitacao_mes_seco,Bio14 precipitacao mes seco,35.20825503355703,0.04661585687489639,0.7723451070760896
bio14_precipitacao_mes_seco,Bio14 precipitacao mes seco,36.69557046979864,0.04774064085872879,0.7723451070760896
bio14_precipitacao_mes_seco,Bio14 precipitacao mes seco,38.182885906040255,0.04774064085872879,0.7723451070760896
bio14_precipitacao_mes_seco,Bio14 precipitacao mes seco,39.670201342281864,0.047828220986830525,0.7723451070760896
bio14_precipitacao_mes_seco,Bio14 precipitacao mes seco,41.15751677852347,0.04829585845375102,0.7723451070760896
bio14_precipitacao_mes_seco,Bio14 precipitacao mes seco,42.64483221476508,0.048456482833620244,0.7723451070760896
bio14_precipitacao_mes_seco,Bio14 precipitacao mes seco,44.13214765100669,0.048456482833620244,0.7723451070760896
bio14_precipitacao_mes_seco,Bio14 precipitacao mes seco,45.619463087248306,0.048456482833620244,0.7723451070760896
bio14_precipitacao_mes_seco,Bio14 precipitacao mes seco,47.106778523489915,0.048456482833620244,0.7723451070760896
bio14_precipitacao_mes_seco,Bio14 precipitacao mes seco,48.594093959731524,0.048456482833620244,0.7723451070760896
bio14_precipitacao_mes_seco,Bio14 precipitacao mes seco,50.08140939597313,0.04998993616602018,0.7723451070760896
bio14_precipitacao_mes_seco,Bio14 precipitacao mes seco,51.56872483221474,0.04953915883833744,0.7723451070760896
bio14_precipitacao_mes_seco,Bio14 precipitacao mes seco,53.05604026845636,0.049116355288461144,0.7723451070760896
bio14_precipitacao_mes_seco,Bio14 precipitacao mes seco,54.543355704697966,0.049116355288461144,0.7723451070760896
bio14_precipitacao_mes_seco,Bio14 precipitacao mes seco,56.030671140939575,0.049116355288461144,0.7723451070760896
bio14_precipitacao_mes_seco,Bio14 precipitacao mes seco,57.51798657718118,0.049116355288461144,0.7723451070760896
bio14_precipitacao_mes_seco,Bio14 precipitacao mes seco,59.00530201342279,0.049116355288461144,0.7723451070760896
bio14_precipitacao_mes_seco,Bio14 precipitacao mes seco,60.49261744966441,0.04943986395080008,0.7723451070760896
bio14_precipitacao_mes_seco,Bio14 precipitacao mes seco,61.97993288590602,0.049653879547013884,0.7723451070760896
bio14_precipitacao_mes_seco,Bio14 precipitacao mes seco,63.467248322147626,0.049653879547013884,0.7723451070760896
bio14_precipitacao_mes_seco,Bio14 precipitacao mes seco,64.95456375838924,0.049653879547013884,0.7723451070760896
bio14_precipitacao_mes_seco,Bio14 precipitacao mes seco,66.44187919463084,0.049653879547013884,0.7723451070760896
bio14_precipitacao_mes_seco,Bio14 precipitacao mes seco,67.92919463087246,0.049653879547013884,0.7723451070760896
bio14_precipitacao_mes_seco,Bio14 precipitacao mes seco,69.41651006711406,0.049653879547013884,0.7723451070760896
bio14_precipitacao_mes_seco,Bio14 precipitacao mes seco,70.90382550335568,0.049653879547013884,0.7723451070760896
bio14_precipitacao_mes_seco,Bio14 precipitacao mes seco,72.39114093959728,0.0499619574188294,0.7723451070760896
bio14_precipitacao_mes_seco,Bio14 precipitacao mes seco,73.8784563758389,0.0499619574188294,0.7723451070760896
bio14_precipitacao_mes_seco,Bio14 precipitacao mes seco,75.36577181208051,0.0499619574188294,0.7723451070760896
bio14_precipitacao_mes_seco,Bio14 precipitacao mes seco,76.85308724832211,0.0499619574188294,0.7723451070760896
bio14_precipitacao_mes_seco,Bio14 precipitacao mes seco,78.34040268456373,0.0499619574188294,0.7723451070760896
bio14_precipitacao_mes_seco,Bio14 precipitacao mes seco,79.82771812080533,0.04966335659850408,0.7723451070760896
bio14_precipitacao_mes_seco,Bio14 precipitacao mes seco,81.31503355704695,0.04944488899960221,0.7723451070760896
bio14_precipitacao_mes_seco,Bio14 precipitacao mes seco,82.80234899328856,0.04944488899960221,0.7723451070760896
bio14_precipitacao_mes_seco,Bio14 precipitacao mes seco,84.28966442953016,0.04944488899960221,0.7723451070760896
bio14_precipitacao_mes_seco,Bio14 precipitacao mes seco,85.77697986577178,0.04915239159567856,0.7723451070760896
bio14_precipitacao_mes_seco,Bio14 precipitacao mes seco,87.26429530201338,0.04915239159567856,0.7723451070760896
bio14_precipitacao_mes_seco,Bio14 precipitacao mes seco,88.751610738255,0.04915239159567856,0.7723451070760896
bio14_precipitacao_mes_seco,Bio14 precipitacao mes seco,90.23892617449661,0.04891362048296828,0.7723451070760896
bio14_precipitacao_mes_seco,Bio14 precipitacao mes seco,91.72624161073821,0.04891362048296828,0.7723451070760896
bio14_precipitacao_mes_seco,Bio14 precipitacao mes seco,93.21355704697983,0.04891362048296828,0.7723451070760896
bio14_precipitacao_mes_seco,Bio14 precipitacao mes seco,94.70087248322143,0.04891362048296828,0.7723451070760896
bio14_precipitacao_mes_seco,Bio14 precipitacao mes seco,96.18818791946305,0.04891362048296828,0.7723451070760896
bio14_precipitacao_mes_seco,Bio14 precipitacao mes seco,97.67550335570466,0.0515662250807975,0.7723451070760896
bio14_precipitacao_mes_seco,Bio14 precipitacao mes seco,99.16281879194626,0.04994658707683684,0.7723451070760896
bio14_precipitacao_mes_seco,Bio14 precipitacao mes seco,100.65013422818788,0.04994658707683684,0.7723451070760896
bio14_precipitacao_mes_seco,Bio14 precipitacao mes seco,102.13744966442948,0.044529485150524926,0.7723451070760896
bio14_precipitacao_mes_seco,Bio14 precipitacao mes seco,103.6247651006711,0.0412795340966127,0.7723451070760896
bio14_precipitacao_mes_seco,Bio14 precipitacao mes seco,105.11208053691271,0.0412795340966127,0.7723451070760896
bio14_precipitacao_mes_seco,Bio14 precipitacao mes seco,106.59939597315432,0.0412795340966127,0.7723451070760896
bio14_precipitacao_mes_seco,Bio14 precipitacao mes seco,108.08671140939593,0.0412795340966127,0.7723451070760896
bio14_precipitacao_mes_seco,Bio14 precipitacao mes seco,109.57402684563753,0.0412795340966127,0.7723451070760896
bio14_precipitacao_mes_seco,Bio14 precipitacao mes seco,111.06134228187915,0.0412795340966127,0.7723451070760896
bio14_precipitacao_mes_seco,Bio14 precipitacao mes seco,112.54865771812077,0.0412795340966127,0.7723451070760896
bio14_precipitacao_mes_seco,Bio14 precipitacao mes seco,114.03597315436237,0.0412795340966127,0.7723451070760896
bio14_precipitacao_mes_seco,Bio14 precipitacao mes seco,115.52328859060398,0.0412795340966127,0.7723451070760896
bio14_precipitacao_mes_seco,Bio14 precipitacao mes seco,117.01060402684558,0.0412795340966127,0.7723451070760896
bio14_precipitacao_mes_seco,Bio14 precipitacao mes seco,118.4979194630872,0.0412795340966127,0.7723451070760896
bio14_precipitacao_mes_seco,Bio14 precipitacao mes seco,119.98523489932882,0.0412795340966127,0.7723451070760896
bio14_precipitacao_mes_seco,Bio14 precipitacao mes seco,121.47255033557042,0.0412795340966127,0.7723451070760896
bio14_precipitacao_mes_seco,Bio14 precipitacao mes seco,122.95986577181203,0.0412795340966127,0.7723451070760896
bio14_precipitacao_mes_seco,Bio14 precipitacao mes seco,124.44718120805364,0.0412795340966127,0.7723451070760896
bio14_precipitacao_mes_seco,Bio14 precipitacao mes seco,125.93449664429525,0.0412795340966127,0.7723451070760896
bio14_precipitacao_mes_seco,Bio14 precipitacao mes seco,127.42181208053685,0.0412795340966127,0.7723451070760896
bio14_precipitacao_mes_seco,Bio14 precipitacao mes seco,128.90912751677848,0.0412795340966127,0.7723451070760896
bio14_precipitacao_mes_seco,Bio14 precipitacao mes seco,130.39644295302008,0.0412795340966127,0.7723451070760896
bio14_precipitacao_mes_seco,Bio14 precipitacao mes seco,131.8837583892617,0.0412795340966127,0.7723451070760896
bio14_precipitacao_mes_seco,Bio14 precipitacao mes seco,133.3710738255033,0.0412795340966127,0.7723451070760896
bio14_precipitacao_mes_seco,Bio14 precipitacao mes seco,134.85838926174492,0.0412795340966127,0.7723451070760896
bio14_precipitacao_mes_seco,Bio14 precipitacao mes seco,136.34570469798652,0.0412795340966127,0.7723451070760896
bio14_precipitacao_mes_seco,Bio14 precipitacao mes seco,137.83302013422812,0.0412795340966127,0.7723451070760896
bio14_precipitacao_mes_seco,Bio14 precipitacao mes seco,139.32033557046975,0.0412795340966127,0.7723451070760896
bio14_precipitacao_mes_seco,Bio14 precipitacao mes seco,140.80765100671135,0.0412795340966127,0.7723451070760896
bio14_precipitacao_mes_seco,Bio14 precipitacao mes seco,142.29496644295295,0.0412795340966127,0.7723451070760896
bio14_precipitacao_mes_seco,Bio14 precipitacao mes seco,143.78228187919456,0.0412795340966127,0.7723451070760896
bio14_precipitacao_mes_seco,Bio14 precipitacao mes seco,145.2695973154362,0.0412795340966127,0.7723451070760896
bio14_precipitacao_mes_seco,Bio14 precipitacao mes seco,146.7569127516778,0.0412795340966127,0.7723451070760896
bio14_precipitacao_mes_seco,Bio14 precipitacao mes seco,148.2442281879194,0.0412795340966127,0.7723451070760896
bio14_precipitacao_mes_seco,Bio14 precipitacao mes seco,149.73154362416102,0.0412795340966127,0.7723451070760896
bio14_precipitacao_mes_seco,Bio14 precipitacao mes seco,151.21885906040262,0.0412795340966127,0.7723451070760896
bio14_precipitacao_mes_seco,Bio14 precipitacao mes seco,152.70617449664422,0.0412795340966127,0.7723451070760896
bio14_precipitacao_mes_seco,Bio14 precipitacao mes seco,154.19348993288585,0.0412795340966127,0.7723451070760896
bio14_precipitacao_mes_seco,Bio14 precipitacao mes seco,155.68080536912746,0.0412795340966127,0.7723451070760896
bio14_precipitacao_mes_seco,Bio14 precipitacao mes seco,157.16812080536906,0.0412795340966127,0.7723451070760896
bio14_precipitacao_mes_seco,Bio14 precipitacao mes seco,158.65543624161066,0.0412795340966127,0.7723451070760896
bio14_precipitacao_mes_seco,Bio14 precipitacao mes seco,160.1427516778523,0.0412795340966127,0.7723451070760896
bio14_precipitacao_mes_seco,Bio14 precipitacao mes seco,161.6300671140939,0.0412795340966127,0.7723451070760896
bio14_precipitacao_mes_seco,Bio14 precipitacao mes seco,163.1173825503355,0.0412795340966127,0.7723451070760896
bio14_precipitacao_mes_seco,Bio14 precipitacao mes seco,164.60469798657712,0.0412795340966127,0.7723451070760896
bio14_precipitacao_mes_seco,Bio14 precipitacao mes seco,166.09201342281872,0.0412795340966127,0.7723451070760896
bio14_precipitacao_mes_seco,Bio14 precipitacao mes seco,167.57932885906033,0.0412795340966127,0.7723451070760896
bio14_precipitacao_mes_seco,Bio14 precipitacao mes seco,169.06664429530196,0.0412795340966127,0.7723451070760896
bio14_precipitacao_mes_seco,Bio14 precipitacao mes seco,170.55395973154356,0.0412795340966127,0.7723451070760896
bio14_precipitacao_mes_seco,Bio14 precipitacao mes seco,172.04127516778516,0.0412795340966127,0.7723451070760896
bio14_precipitacao_mes_seco,Bio14 precipitacao mes seco,173.52859060402676,0.0412795340966127,0.7723451070760896
bio14_precipitacao_mes_seco,Bio14 precipitacao mes seco,175.0159060402684,0.0412795340966127,0.7723451070760896
bio14_precipitacao_mes_seco,Bio14 precipitacao mes seco,176.50322147651,0.0412795340966127,0.7723451070760896
bio14_precipitacao_mes_seco,Bio14 precipitacao mes seco,177.9905369127516,0.0412795340966127,0.7723451070760896
bio14_precipitacao_mes_seco,Bio14 precipitacao mes seco,179.47785234899322,0.0412795340966127,0.7723451070760896
bio14_precipitacao_mes_seco,Bio14 precipitacao mes seco,180.96516778523483,0.0412795340966127,0.7723451070760896
bio14_precipitacao_mes_seco,Bio14 precipitacao mes seco,182.45248322147643,0.0412795340966127,0.7723451070760896
bio14_precipitacao_mes_seco,Bio14 precipitacao mes seco,183.93979865771806,0.0412795340966127,0.7723451070760896
bio14_precipitacao_mes_seco,Bio14 precipitacao mes seco,185.42711409395966,0.0412795340966127,0.7723451070760896
bio14_precipitacao_mes_seco,Bio14 precipitacao mes seco,186.91442953020126,0.0412795340966127,0.7723451070760896
bio14_precipitacao_mes_seco,Bio14 precipitacao mes seco,188.40174496644286,0.0412795340966127,0.7723451070760896
bio14_precipitacao_mes_seco,Bio14 precipitacao mes seco,189.8890604026845,0.0412795340966127,0.7723451070760896
bio14_precipitacao_mes_seco,Bio14 precipitacao mes seco,191.3763758389261,0.0412795340966127,0.7723451070760896
bio14_precipitacao_mes_seco,Bio14 precipitacao mes seco,192.8636912751677,0.0412795340966127,0.7723451070760896
bio14_precipitacao_mes_seco,Bio14 precipitacao mes seco,194.35100671140933,0.0412795340966127,0.7723451070760896
bio14_precipitacao_mes_seco,Bio14 precipitacao mes seco,195.83832214765093,0.0412795340966127,0.7723451070760896
bio14_precipitacao_mes_seco,Bio14 precipitacao mes seco,197.32563758389253,0.0412795340966127,0.7723451070760896
bio14_precipitacao_mes_seco,Bio14 precipitacao mes seco,198.81295302013413,0.0412795340966127,0.7723451070760896
bio14_precipitacao_mes_seco,Bio14 precipitacao mes seco,200.30026845637576,0.0412795340966127,0.7723451070760896
bio14_precipitacao_mes_seco,Bio14 precipitacao mes seco,201.78758389261736,0.0412795340966127,0.7723451070760896
bio14_precipitacao_mes_seco,Bio14 precipitacao mes seco,203.27489932885896,0.0412795340966127,0.7723451070760896
bio14_precipitacao_mes_seco,Bio14 precipitacao mes seco,204.7622147651006,0.0412795340966127,0.7723451070760896
bio14_precipitacao_mes_seco,Bio14 precipitacao mes seco,206.2495302013422,0.0412795340966127,0.7723451070760896
bio14_precipitacao_mes_seco,Bio14 precipitacao mes seco,207.7368456375838,0.0412795340966127,0.7723451070760896
bio14_precipitacao_mes_seco,Bio14 precipitacao mes seco,209.22416107382543,0.0412795340966127,0.7723451070760896
bio14_precipitacao_mes_seco,Bio14 precipitacao mes seco,210.71147651006703,0.0412795340966127,0.7723451070760896
bio14_precipitacao_mes_seco,Bio14 precipitacao mes seco,212.19879194630863,0.0412795340966127,0.7723451070760896
bio14_precipitacao_mes_seco,Bio14 precipitacao mes seco,213.68610738255023,0.0412795340966127,0.7723451070760896
bio14_precipitacao_mes_seco,Bio14 precipitacao mes seco,215.17342281879186,0.0412795340966127,0.7723451070760896
bio14_precipitacao_mes_seco,Bio14 precipitacao mes seco,216.66073825503346,0.0412795340966127,0.7723451070760896
bio14_precipitacao_mes_seco,Bio14 precipitacao mes seco,218.14805369127507,0.0412795340966127,0.7723451070760896
bio14_precipitacao_mes_seco,Bio14 precipitacao mes seco,219.6353691275167,0.0412795340966127,0.7723451070760896
bio14_precipitacao_mes_seco,Bio14 precipitacao mes seco,221.1226845637583,0.0412795340966127,0.7723451070760896
bio14_precipitacao_mes_seco,Bio14 precipitacao mes seco,222.6099999999999,0.0412795340966127,0.7723451070760896
bio13_precipitacao_mes_umido,Bio13 precipitacao mes umido,249.39000000000001,0.04882481416341269,0.3383790464065588
bio13_precipitacao_mes_umido,Bio13 precipitacao mes umido,250.74080536912751,0.04882481416341269,0.3383790464065588
bio13_precipitacao_mes_umido,Bio13 precipitacao mes umido,252.09161073825504,0.04882481416341269,0.3383790464065588
bio13_precipitacao_mes_umido,Bio13 precipitacao mes umido,253.44241610738254,0.04882481416341269,0.3383790464065588
bio13_precipitacao_mes_umido,Bio13 precipitacao mes umido,254.79322147651007,0.04882481416341269,0.3383790464065588
bio13_precipitacao_mes_umido,Bio13 precipitacao mes umido,256.1440268456376,0.04882481416341269,0.3383790464065588
bio13_precipitacao_mes_umido,Bio13 precipitacao mes umido,257.4948322147651,0.04882481416341269,0.3383790464065588
bio13_precipitacao_mes_umido,Bio13 precipitacao mes umido,258.8456375838926,0.04882481416341269,0.3383790464065588
bio13_precipitacao_mes_umido,Bio13 precipitacao mes umido,260.1964429530201,0.04882481416341269,0.3383790464065588
bio13_precipitacao_mes_umido,Bio13 precipitacao mes umido,261.54724832214765,0.04882481416341269,0.3383790464065588
bio13_precipitacao_mes_umido,Bio13 precipitacao mes umido,262.89805369127515,0.04882481416341269,0.3383790464065588
bio13_precipitacao_mes_umido,Bio13 precipitacao mes umido,264.24885906040265,0.04882481416341269,0.3383790464065588
bio13_precipitacao_mes_umido,Bio13 precipitacao mes umido,265.59966442953015,0.04882481416341269,0.3383790464065588
bio13_precipitacao_mes_umido,Bio13 precipitacao mes umido,266.95046979865765,0.04882481416341269,0.3383790464065588
bio13_precipitacao_mes_umido,Bio13 precipitacao mes umido,268.3012751677852,0.04882481416341269,0.3383790464065588
bio13_precipitacao_mes_umido,Bio13 precipitacao mes umido,269.6520805369127,0.04882481416341269,0.3383790464065588
bio13_precipitacao_mes_umido,Bio13 precipitacao mes umido,271.0028859060402,0.04882481416341269,0.3383790464065588
bio13_precipitacao_mes_umido,Bio13 precipitacao mes umido,272.3536912751677,0.04882481416341269,0.3383790464065588
bio13_precipitacao_mes_umido,Bio13 precipitacao mes umido,273.70449664429526,0.04882481416341269,0.3383790464065588
bio13_precipitacao_mes_umido,Bio13 precipitacao mes umido,275.05530201342276,0.04882481416341269,0.3383790464065588
bio13_precipitacao_mes_umido,Bio13 precipitacao mes umido,276.40610738255026,0.04882481416341269,0.3383790464065588
bio13_precipitacao_mes_umido,Bio13 precipitacao mes umido,277.75691275167776,0.04882481416341269,0.3383790464065588
bio13_precipitacao_mes_umido,Bio13 precipitacao mes umido,279.1077181208053,0.04882481416341269,0.3383790464065588
bio13_precipitacao_mes_umido,Bio13 precipitacao mes umido,280.4585234899328,0.04882481416341269,0.3383790464065588
bio13_precipitacao_mes_umido,Bio13 precipitacao mes umido,281.8093288590603,0.04882481416341269,0.3383790464065588
bio13_precipitacao_mes_umido,Bio13 precipitacao mes umido,283.1601342281878,0.04882481416341269,0.3383790464065588
bio13_precipitacao_mes_umido,Bio13 precipitacao mes umido,284.5109395973153,0.04882481416341269,0.3383790464065588
bio13_precipitacao_mes_umido,Bio13 precipitacao mes umido,285.86174496644287,0.04882481416341269,0.3383790464065588
bio13_precipitacao_mes_umido,Bio13 precipitacao mes umido,287.21255033557037,0.04856689233815961,0.3383790464065588
bio13_precipitacao_mes_umido,Bio13 precipitacao mes umido,288.56335570469787,0.04856689233815961,0.3383790464065588
bio13_precipitacao_mes_umido,Bio13 precipitacao mes umido,289.91416107382537,0.04856689233815961,0.3383790464065588
bio13_precipitacao_mes_umido,Bio13 precipitacao mes umido,291.2649664429529,0.04856689233815961,0.3383790464065588
bio13_precipitacao_mes_umido,Bio13 precipitacao mes umido,292.6157718120804,0.04856689233815961,0.3383790464065588
bio13_precipitacao_mes_umido,Bio13 precipitacao mes umido,293.9665771812079,0.04856689233815961,0.3383790464065588
bio13_precipitacao_mes_umido,Bio13 precipitacao mes umido,295.3173825503354,0.04856689233815961,0.3383790464065588
bio13_precipitacao_mes_umido,Bio13 precipitacao mes umido,296.668187919463,0.04856689233815961,0.3383790464065588
bio13_precipitacao_mes_umido,Bio13 precipitacao mes umido,298.0189932885905,0.04856689233815961,0.3383790464065588
bio13_precipitacao_mes_umido,Bio13 precipitacao mes umido,299.369798657718,0.04856689233815961,0.3383790464065588
bio13_precipitacao_mes_umido,Bio13 precipitacao mes umido,300.7206040268455,0.04856689233815961,0.3383790464065588
bio13_precipitacao_mes_umido,Bio13 precipitacao mes umido,302.071409395973,0.04856689233815961,0.3383790464065588
bio13_precipitacao_mes_umido,Bio13 precipitacao mes umido,303.42221476510053,0.04856689233815961,0.3383790464065588
bio13_precipitacao_mes_umido,Bio13 precipitacao mes umido,304.77302013422803,0.04856689233815961,0.3383790464065588
bio13_precipitacao_mes_umido,Bio13 precipitacao mes umido,306.12382550335553,0.04856689233815961,0.3383790464065588
bio13_precipitacao_mes_umido,Bio13 precipitacao mes umido,307.47463087248303,0.04856689233815961,0.3383790464065588
bio13_precipitacao_mes_umido,Bio13 precipitacao mes umido,308.8254362416106,0.048603382224927036,0.3383790464065588
bio13_precipitacao_mes_umido,Bio13 precipitacao mes umido,310.1762416107381,0.048603382224927036,0.3383790464065588
bio13_precipitacao_mes_umido,Bio13 precipitacao mes umido,311.5270469798656,0.048603382224927036,0.3383790464065588
bio13_precipitacao_mes_umido,Bio13 precipitacao mes umido,312.8778523489931,0.048603382224927036,0.3383790464065588
bio13_precipitacao_mes_umido,Bio13 precipitacao mes umido,314.22865771812064,0.048603382224927036,0.3383790464065588
bio13_precipitacao_mes_umido,Bio13 precipitacao mes umido,315.57946308724814,0.048603382224927036,0.3383790464065588
bio13_precipitacao_mes_umido,Bio13 precipitacao mes umido,316.93026845637564,0.048603382224927036,0.3383790464065588
bio13_precipitacao_mes_umido,Bio13 precipitacao mes umido,318.28107382550314,0.04884183824898374,0.3383790464065588
bio13_precipitacao_mes_umido,Bio13 precipitacao mes umido,319.63187919463064,0.04884183824898374,0.3383790464065588
bio13_precipitacao_mes_umido,Bio13 precipitacao mes umido,320.9826845637582,0.04884183824898374,0.3383790464065588
bio13_precipitacao_mes_umido,Bio13 precipitacao mes umido,322.3334899328857,0.04884183824898374,0.3383790464065588
bio13_precipitacao_mes_umido,Bio13 precipitacao mes umido,323.6842953020132,0.04884183824898374,0.3383790464065588
bio13_precipitacao_mes_umido,Bio13 precipitacao mes umido,325.03510067114075,0.04884183824898374,0.3383790464065588
bio13_precipitacao_mes_umido,Bio13 precipitacao mes umido,326.38590604026825,0.04884183824898374,0.3383790464065588
bio13_precipitacao_mes_umido,Bio13 precipitacao mes umido,327.73671140939575,0.04884183824898374,0.3383790464065588
bio13_precipitacao_mes_umido,Bio13 precipitacao mes umido,329.08751677852325,0.049116355288461144,0.3383790464065588
bio13_precipitacao_mes_umido,Bio13 precipitacao mes umido,330.43832214765075,0.049116355288461144,0.3383790464065588
bio13_precipitacao_mes_umido,Bio13 precipitacao mes umido,331.7891275167783,0.049116355288461144,0.3383790464065588
bio13_precipitacao_mes_umido,Bio13 precipitacao mes umido,333.1399328859058,0.049116355288461144,0.3383790464065588
bio13_precipitacao_mes_umido,Bio13 precipitacao mes umido,334.4907382550333,0.049116355288461144,0.3383790464065588
bio13_precipitacao_mes_umido,Bio13 precipitacao mes umido,335.8415436241608,0.049116355288461144,0.3383790464065588
bio13_precipitacao_mes_umido,Bio13 precipitacao mes umido,337.1923489932883,0.049116355288461144,0.3383790464065588
bio13_precipitacao_mes_umido,Bio13 precipitacao mes umido,338.54315436241586,0.04898505907466956,0.3383790464065588
bio13_precipitacao_mes_umido,Bio13 precipitacao mes umido,339.89395973154336,0.04876896900772879,0.3383790464065588
bio13_precipitacao_mes_umido,Bio13 precipitacao mes umido,341.24476510067086,0.04876896900772879,0.3383790464065588
bio13_precipitacao_mes_umido,Bio13 precipitacao mes umido,342.5955704697984,0.046811570343556826,0.3383790464065588
bio13_precipitacao_mes_umido,Bio13 precipitacao mes umido,343.9463758389259,0.046811570343556826,0.3383790464065588
bio13_precipitacao_mes_umido,Bio13 precipitacao mes umido,345.2971812080534,0.04630409247616072,0.3383790464065588
bio13_precipitacao_mes_umido,Bio13 precipitacao mes umido,346.6479865771809,0.044362138837768635,0.3383790464065588
bio13_precipitacao_mes_umido,Bio13 precipitacao mes umido,347.9987919463084,0.04208430059336976,0.3383790464065588
bio13_precipitacao_mes_umido,Bio13 precipitacao mes umido,349.349597315436,0.04208430059336976,0.3383790464065588
bio13_precipitacao_mes_umido,Bio13 precipitacao mes umido,350.70040268456347,0.041744250813406845,0.3383790464065588
bio13_precipitacao_mes_umido,Bio13 precipitacao mes umido,352.05120805369097,0.041744250813406845,0.3383790464065588
bio13_precipitacao_mes_umido,Bio13 precipitacao mes umido,353.40201342281847,0.041744250813406845,0.3383790464065588
bio13_precipitacao_mes_umido,Bio13 precipitacao mes umido,354.75281879194597,0.041744250813406845,0.3383790464065588
bio13_precipitacao_mes_umido,Bio13 precipitacao mes umido,356.1036241610735,0.041744250813406845,0.3383790464065588
bio13_precipitacao_mes_umido,Bio13 precipitacao mes umido,357.454429530201,0.041744250813406845,0.3383790464065588
bio13_precipitacao_mes_umido,Bio13 precipitacao mes umido,358.8052348993285,0.041744250813406845,0.3383790464065588
bio13_precipitacao_mes_umido,Bio13 precipitacao mes umido,360.1560402684561,0.041744250813406845,0.3383790464065588
bio13_precipitacao_mes_umido,Bio13 precipitacao mes umido,361.5068456375836,0.041744250813406845,0.3383790464065588
bio13_precipitacao_mes_umido,Bio13 precipitacao mes umido,362.8576510067111,0.041744250813406845,0.3383790464065588
bio13_precipitacao_mes_umido,Bio13 precipitacao mes umido,364.2084563758386,0.041744250813406845,0.3383790464065588
bio13_precipitacao_mes_umido,Bio13 precipitacao mes umido,365.5592617449661,0.041744250813406845,0.3383790464065588
bio13_precipitacao_mes_umido,Bio13 precipitacao mes umido,366.91006711409364,0.041744250813406845,0.3383790464065588
bio13_precipitacao_mes_umido,Bio13 precipitacao mes umido,368.26087248322114,0.041744250813406845,0.3383790464065588
bio13_precipitacao_mes_umido,Bio13 precipitacao mes umido,369.61167785234863,0.05535368374709207,0.3383790464065588
bio13_precipitacao_mes_umido,Bio13 precipitacao mes umido,370.96248322147613,0.05902246975394997,0.3383790464065588
bio13_precipitacao_mes_umido,Bio13 precipitacao mes umido,372.31328859060363,0.05902246975394997,0.3383790464065588
bio13_precipitacao_mes_umido,Bio13 precipitacao mes umido,373.6640939597312,0.06309826505453228,0.3383790464065588
bio13_precipitacao_mes_umido,Bio13 precipitacao mes umido,375.0148993288587,0.06309826505453228,0.3383790464065588
bio13_precipitacao_mes_umido,Bio13 precipitacao mes umido,376.3657046979862,0.06309826505453228,0.3383790464065588
bio13_precipitacao_mes_umido,Bio13 precipitacao mes umido,377.71651006711375,0.06309826505453228,0.3383790464065588
bio13_precipitacao_mes_umido,Bio13 precipitacao mes umido,379.0673154362412,0.0636365406656316,0.3383790464065588
bio13_precipitacao_mes_umido,Bio13 precipitacao mes umido,380.41812080536874,0.0714302318014519,0.3383790464065588
bio13_precipitacao_mes_umido,Bio13 precipitacao mes umido,381.76892617449624,0.0719830340738193,0.3383790464065588
bio13_precipitacao_mes_umido,Bio13 precipitacao mes umido,383.11973154362374,0.09303953215851919,0.3383790464065588
bio13_precipitacao_mes_umido,Bio13 precipitacao mes umido,384.4705369127513,0.09415831635828888,0.3383790464065588
bio13_precipitacao_mes_umido,Bio13 precipitacao mes umido,385.8213422818788,0.0952427161813867,0.3383790464065588
bio13_precipitacao_mes_umido,Bio13 precipitacao mes umido,387.1721476510063,0.0952427161813867,0.3383790464065588
bio13_precipitacao_mes_umido,Bio13 precipitacao mes umido,388.5229530201338,0.0952427161813867,0.3383790464065588
bio13_precipitacao_mes_umido,Bio13 precipitacao mes umido,389.8737583892613,0.0952427161813867,0.3383790464065588
bio13_precipitacao_mes_umido,Bio13 precipitacao mes umido,391.22456375838885,0.0952427161813867,0.3383790464065588
bio13_precipitacao_mes_umido,Bio13 precipitacao mes umido,392.57536912751635,0.09586844382397007,0.3383790464065588
bio13_precipitacao_mes_umido,Bio13 precipitacao mes umido,393.92617449664385,0.09586844382397007,0.3383790464065588
bio13_precipitacao_mes_umido,Bio13 precipitacao mes umido,395.2769798657714,0.09586844382397007,0.3383790464065588
bio13_precipitacao_mes_umido,Bio13 precipitacao mes umido,396.62778523489885,0.09953383514301391,0.3383790464065588
bio13_precipitacao_mes_umido,Bio13 precipitacao mes umido,397.9785906040264,0.10009486442907971,0.3383790464065588
bio13_precipitacao_mes_umido,Bio13 precipitacao mes umido,399.3293959731539,0.09850868902260823,0.3383790464065588
bio13_precipitacao_mes_umido,Bio13 precipitacao mes umido,400.6802013422814,0.09412055656387361,0.3383790464065588
bio13_precipitacao_mes_umido,Bio13 precipitacao mes umido,402.03100671140896,0.09311698136874315,0.3383790464065588
bio13_precipitacao_mes_umido,Bio13 precipitacao mes umido,403.38181208053646,0.09311698136874315,0.3383790464065588
bio13_precipitacao_mes_umido,Bio13 precipitacao mes umido,404.73261744966396,0.09311698136874315,0.3383790464065588
bio13_precipitacao_mes_umido,Bio13 precipitacao mes umido,406.08342281879146,0.09279944477370042,0.3383790464065588
bio13_precipitacao_mes_umido,Bio13 precipitacao mes umido,407.43422818791896,0.09279944477370042,0.3383790464065588
bio13_precipitacao_mes_umido,Bio13 precipitacao mes umido,408.7850335570465,0.0924954751129326,0.3383790464065588
bio13_precipitacao_mes_umido,Bio13 precipitacao mes umido,410.135838926174,0.0924954751129326,0.3383790464065588
bio13_precipitacao_mes_umido,Bio13 precipitacao mes umido,411.4866442953015,0.08977660493559653,0.3383790464065588
bio13_precipitacao_mes_umido,Bio13 precipitacao mes umido,412.8374496644291,0.08977660493559653,0.3383790464065588
bio13_precipitacao_mes_umido,Bio13 precipitacao mes umido,414.1882550335565,0.08977660493559653,0.3383790464065588
bio13_precipitacao_mes_umido,Bio13 precipitacao mes umido,415.5390604026841,0.08977660493559653,0.3383790464065588
bio13_precipitacao_mes_umido,Bio13 precipitacao mes umido,416.88986577181157,0.08977660493559653,0.3383790464065588
bio13_precipitacao_mes_umido,Bio13 precipitacao mes umido,418.24067114093907,0.09254257521891453,0.3383790464065588
bio13_precipitacao_mes_umido,Bio13 precipitacao mes umido,419.5914765100666,0.09410252230984925,0.3383790464065588
bio13_precipitacao_mes_umido,Bio13 precipitacao mes umido,420.9422818791941,0.09410252230984925,0.3383790464065588
bio13_precipitacao_mes_umido,Bio13 precipitacao mes umido,422.2930872483216,0.09448340281521474,0.3383790464065588
bio13_precipitacao_mes_umido,Bio13 precipitacao mes umido,423.6438926174491,0.09448340281521474,0.3383790464065588
bio13_precipitacao_mes_umido,Bio13 precipitacao mes umido,424.9946979865766,0.09135040256472003,0.3383790464065588
bio13_precipitacao_mes_umido,Bio13 precipitacao mes umido,426.3455033557042,0.08978294277605077,0.3383790464065588
bio13_precipitacao_mes_umido,Bio13 precipitacao mes umido,427.6963087248317,0.0887169341513551,0.3383790464065588
bio13_precipitacao_mes_umido,Bio13 precipitacao mes umido,429.0471140939592,0.0887169341513551,0.3383790464065588
bio13_precipitacao_mes_umido,Bio13 precipitacao mes umido,430.39791946308674,0.0887169341513551,0.3383790464065588
bio13_precipitacao_mes_umido,Bio13 precipitacao mes umido,431.7487248322142,0.0887169341513551,0.3383790464065588
bio13_precipitacao_mes_umido,Bio13 precipitacao mes umido,433.09953020134174,0.0887169341513551,0.3383790464065588
bio13_precipitacao_mes_umido,Bio13 precipitacao mes umido,434.45033557046924,0.0887169341513551,0.3383790464065588
bio13_precipitacao_mes_umido,Bio13 precipitacao mes umido,435.80114093959673,0.0887169341513551,0.3383790464065588
bio13_precipitacao_mes_umido,Bio13 precipitacao mes umido,437.1519463087243,0.0887169341513551,0.3383790464065588
bio13_precipitacao_mes_umido,Bio13 precipitacao mes umido,438.5027516778518,0.0887169341513551,0.3383790464065588
bio13_precipitacao_mes_umido,Bio13 precipitacao mes umido,439.8535570469793,0.0887169341513551,0.3383790464065588
bio13_precipitacao_mes_umido,Bio13 precipitacao mes umido,441.2043624161068,0.0887169341513551,0.3383790464065588
bio13_precipitacao_mes_umido,Bio13 precipitacao mes umido,442.5551677852343,0.0887169341513551,0.3383790464065588
bio13_precipitacao_mes_umido,Bio13 precipitacao mes umido,443.90597315436185,0.0887169341513551,0.3383790464065588
bio13_precipitacao_mes_umido,Bio13 precipitacao mes umido,445.25677852348934,0.0887169341513551,0.3383790464065588
bio13_precipitacao_mes_umido,Bio13 precipitacao mes umido,446.60758389261684,0.0887169341513551,0.3383790464065588
bio13_precipitacao_mes_umido,Bio13 precipitacao mes umido,447.9583892617444,0.0887169341513551,0.3383790464065588
bio13_precipitacao_mes_umido,Bio13 precipitacao mes umido,449.30919463087184,0.0887169341513551,0.3383790464065588
bio13_precipitacao_mes_umido,Bio13 precipitacao mes umido,450.6599999999994,0.0887169341513551,0.3383790464065588
bio3_isotermalidade,Bio3 isotermalidade,66.64388595581055,0.05291586270446131,0.3160773790155697
bio3_isotermalidade,Bio3 isotermalidade,66.80112962044325,0.05291586270446131,0.3160773790155697
bio3_isotermalidade,Bio3 isotermalidade,66.95837328507596,0.05291586270446131,0.3160773790155697
bio3_isotermalidade,Bio3 isotermalidade,67.11561694970867,0.05291586270446131,0.3160773790155697
bio3_isotermalidade,Bio3 isotermalidade,67.27286061434138,0.05291586270446131,0.3160773790155697
bio3_isotermalidade,Bio3 isotermalidade,67.43010427897408,0.05291586270446131,0.3160773790155697
bio3_isotermalidade,Bio3 isotermalidade,67.58734794360679,0.05291586270446131,0.3160773790155697
bio3_isotermalidade,Bio3 isotermalidade,67.7445916082395,0.05291586270446131,0.3160773790155697
bio3_isotermalidade,Bio3 isotermalidade,67.9018352728722,0.05291586270446131,0.3160773790155697
bio3_isotermalidade,Bio3 isotermalidade,68.05907893750492,0.05291586270446131,0.3160773790155697
bio3_isotermalidade,Bio3 isotermalidade,68.21632260213762,0.05291586270446131,0.3160773790155697
bio3_isotermalidade,Bio3 isotermalidade,68.37356626677033,0.05291586270446131,0.3160773790155697
bio3_isotermalidade,Bio3 isotermalidade,68.53080993140304,0.05291586270446131,0.3160773790155697
bio3_isotermalidade,Bio3 isotermalidade,68.68805359603574,0.05291586270446131,0.3160773790155697
bio3_isotermalidade,Bio3 isotermalidade,68.84529726066845,0.05291586270446131,0.3160773790155697
bio3_isotermalidade,Bio3 isotermalidade,69.00254092530116,0.05291586270446131,0.3160773790155697
bio3_isotermalidade,Bio3 isotermalidade,69.15978458993386,0.05291586270446131,0.3160773790155697
bio3_isotermalidade,Bio3 isotermalidade,69.31702825456658,0.05291586270446131,0.3160773790155697
bio3_isotermalidade,Bio3 isotermalidade,69.47427191919928,0.05291586270446131,0.3160773790155697
bio3_isotermalidade,Bio3 isotermalidade,69.63151558383198,0.05291586270446131,0.3160773790155697
bio3_isotermalidade,Bio3 isotermalidade,69.7887592484647,0.05291586270446131,0.3160773790155697
bio3_isotermalidade,Bio3 isotermalidade,69.9460029130974,0.05291586270446131,0.3160773790155697
bio3_isotermalidade,Bio3 isotermalidade,70.10324657773012,0.05291586270446131,0.3160773790155697
bio3_isotermalidade,Bio3 isotermalidade,70.26049024236282,0.05291586270446131,0.3160773790155697
bio3_isotermalidade,Bio3 isotermalidade,70.41773390699552,0.05291586270446131,0.3160773790155697
bio3_isotermalidade,Bio3 isotermalidade,70.57497757162824,0.05291586270446131,0.3160773790155697
bio3_isotermalidade,Bio3 isotermalidade,70.73222123626094,0.05291586270446131,0.3160773790155697
bio3_isotermalidade,Bio3 isotermalidade,70.88946490089364,0.05291586270446131,0.3160773790155697
bio3_isotermalidade,Bio3 isotermalidade,71.04670856552636,0.05291586270446131,0.3160773790155697
bio3_isotermalidade,Bio3 isotermalidade,71.20395223015906,0.05291586270446131,0.3160773790155697
bio3_isotermalidade,Bio3 isotermalidade,71.36119589479178,0.05291586270446131,0.3160773790155697
bio3_isotermalidade,Bio3 isotermalidade,71.51843955942448,0.05291586270446131,0.3160773790155697
bio3_isotermalidade,Bio3 isotermalidade,71.67568322405718,0.05291586270446131,0.3160773790155697
bio3_isotermalidade,Bio3 isotermalidade,71.8329268886899,0.05291586270446131,0.3160773790155697
bio3_isotermalidade,Bio3 isotermalidade,71.9901705533226,0.05291586270446131,0.3160773790155697
bio3_isotermalidade,Bio3 isotermalidade,72.14741421795532,0.05239804144128124,0.3160773790155697
bio3_isotermalidade,Bio3 isotermalidade,72.30465788258802,0.05239804144128124,0.3160773790155697
bio3_isotermalidade,Bio3 isotermalidade,72.46190154722072,0.05239804144128124,0.3160773790155697
bio3_isotermalidade,Bio3 isotermalidade,72.61914521185344,0.05239804144128124,0.3160773790155697
bio3_isotermalidade,Bio3 isotermalidade,72.77638887648614,0.05239804144128124,0.3160773790155697
bio3_isotermalidade,Bio3 isotermalidade,72.93363254111885,0.05239804144128124,0.3160773790155697
bio3_isotermalidade,Bio3 isotermalidade,73.09087620575156,0.05239804144128124,0.3160773790155697
bio3_isotermalidade,Bio3 isotermalidade,73.24811987038426,0.05239804144128124,0.3160773790155697
bio3_isotermalidade,Bio3 isotermalidade,73.40536353501697,0.05239804144128124,0.3160773790155697
bio3_isotermalidade,Bio3 isotermalidade,73.56260719964968,0.05239804144128124,0.3160773790155697
bio3_isotermalidade,Bio3 isotermalidade,73.71985086428239,0.05239804144128124,0.3160773790155697
bio3_isotermalidade,Bio3 isotermalidade,73.8770945289151,0.052361300771412496,0.3160773790155697
bio3_isotermalidade,Bio3 isotermalidade,74.0343381935478,0.052361300771412496,0.3160773790155697
bio3_isotermalidade,Bio3 isotermalidade,74.19158185818051,0.052139912601056604,0.3160773790155697
bio3_isotermalidade,Bio3 isotermalidade,74.34882552281321,0.051689968600316195,0.3160773790155697
bio3_isotermalidade,Bio3 isotermalidade,74.50606918744592,0.051689968600316195,0.3160773790155697
bio3_isotermalidade,Bio3 isotermalidade,74.66331285207863,0.051689968600316195,0.3160773790155697
bio3_isotermalidade,Bio3 isotermalidade,74.82055651671133,0.051689968600316195,0.3160773790155697
bio3_isotermalidade,Bio3 isotermalidade,74.97780018134405,0.051689968600316195,0.3160773790155697
bio3_isotermalidade,Bio3 isotermalidade,75.13504384597675,0.051688147267735185,0.3160773790155697
bio3_isotermalidade,Bio3 isotermalidade,75.29228751060946,0.049664798960953466,0.3160773790155697
bio3_isotermalidade,Bio3 isotermalidade,75.44953117524217,0.049243878249962444,0.3160773790155697
bio3_isotermalidade,Bio3 isotermalidade,75.60677483987487,0.049243878249962444,0.3160773790155697
bio3_isotermalidade,Bio3 isotermalidade,75.76401850450759,0.049243878249962444,0.3160773790155697
bio3_isotermalidade,Bio3 isotermalidade,75.92126216914029,0.049243878249962444,0.3160773790155697
bio3_isotermalidade,Bio3 isotermalidade,76.078505833773,0.049243878249962444,0.3160773790155697
bio3_isotermalidade,Bio3 isotermalidade,76.23574949840571,0.049243878249962444,0.3160773790155697
bio3_isotermalidade,Bio3 isotermalidade,76.39299316303841,0.049243878249962444,0.3160773790155697
bio3_isotermalidade,Bio3 isotermalidade,76.55023682767111,0.049243878249962444,0.3160773790155697
bio3_isotermalidade,Bio3 isotermalidade,76.70748049230383,0.049243878249962444,0.3160773790155697
bio3_isotermalidade,Bio3 isotermalidade,76.86472415693653,0.049243878249962444,0.3160773790155697
bio3_isotermalidade,Bio3 isotermalidade,77.02196782156925,0.049243878249962444,0.3160773790155697
bio3_isotermalidade,Bio3 isotermalidade,77.17921148620195,0.049243878249962444,0.3160773790155697
bio3_isotermalidade,Bio3 isotermalidade,77.33645515083465,0.049243878249962444,0.3160773790155697
bio3_isotermalidade,Bio3 isotermalidade,77.49369881546737,0.049116355288461144,0.3160773790155697
bio3_isotermalidade,Bio3 isotermalidade,77.65094248010007,0.049116355288461144,0.3160773790155697
bio3_isotermalidade,Bio3 isotermalidade,77.80818614473279,0.049116355288461144,0.3160773790155697
bio3_isotermalidade,Bio3 isotermalidade,77.96542980936549,0.049116355288461144,0.3160773790155697
bio3_isotermalidade,Bio3 isotermalidade,78.12267347399819,0.049116355288461144,0.3160773790155697
bio3_isotermalidade,Bio3 isotermalidade,78.2799171386309,0.049116355288461144,0.3160773790155697
bio3_isotermalidade,Bio3 isotermalidade,78.43716080326361,0.049116355288461144,0.3160773790155697
bio3_isotermalidade,Bio3 isotermalidade,78.59440446789631,0.049116355288461144,0.3160773790155697
bio3_isotermalidade,Bio3 isotermalidade,78.75164813252903,0.049116355288461144,0.3160773790155697
bio3_isotermalidade,Bio3 isotermalidade,78.90889179716173,0.049605944375002146,0.3160773790155697
bio3_isotermalidade,Bio3 isotermalidade,79.06613546179445,0.049605944375002146,0.3160773790155697
bio3_isotermalidade,Bio3 isotermalidade,79.22337912642715,0.05056183409708655,0.3160773790155697
bio3_isotermalidade,Bio3 isotermalidade,79.38062279105986,0.05110878632994666,0.3160773790155697
bio3_isotermalidade,Bio3 isotermalidade,79.53786645569257,0.05426527635717232,0.3160773790155697
bio3_isotermalidade,Bio3 isotermalidade,79.69511012032527,0.05457213646899761,0.3160773790155697
bio3_isotermalidade,Bio3 isotermalidade,79.85235378495798,0.05351542276174659,0.3160773790155697
bio3_isotermalidade,Bio3 isotermalidade,80.00959744959069,0.053606825074194356,0.3160773790155697
bio3_isotermalidade,Bio3 isotermalidade,80.16684111422339,0.053606825074194356,0.3160773790155697
bio3_isotermalidade,Bio3 isotermalidade,80.3240847788561,0.053289619194184644,0.3160773790155697
bio3_isotermalidade,Bio3 isotermalidade,80.4813284434888,0.053289619194184644,0.3160773790155697
bio3_isotermalidade,Bio3 isotermalidade,80.63857210812152,0.05367432444479761,0.3160773790155697
bio3_isotermalidade,Bio3 isotermalidade,80.79581577275422,0.05400323508693266,0.3160773790155697
bio3_isotermalidade,Bio3 isotermalidade,80.95305943738693,0.05400323508693266,0.3160773790155697
bio3_isotermalidade,Bio3 isotermalidade,81.11030310201964,0.05400323508693266,0.3160773790155697
bio3_isotermalidade,Bio3 isotermalidade,81.26754676665234,0.05400323508693266,0.3160773790155697
bio3_isotermalidade,Bio3 isotermalidade,81.42479043128506,0.05400323508693266,0.3160773790155697
bio3_isotermalidade,Bio3 isotermalidade,81.58203409591776,0.05400323508693266,0.3160773790155697
bio3_isotermalidade,Bio3 isotermalidade,81.73927776055046,0.05400323508693266,0.3160773790155697
bio3_isotermalidade,Bio3 isotermalidade,81.89652142518318,0.05324503788420597,0.3160773790155697
bio3_isotermalidade,Bio3 isotermalidade,82.05376508981588,0.05324503788420597,0.3160773790155697
bio3_isotermalidade,Bio3 isotermalidade,82.21100875444859,0.05324503788420597,0.3160773790155697
bio3_isotermalidade,Bio3 isotermalidade,82.3682524190813,0.05324503788420597,0.3160773790155697
bio3_isotermalidade,Bio3 isotermalidade,82.525496083714,0.05324503788420597,0.3160773790155697
bio3_isotermalidade,Bio3 isotermalidade,82.68273974834672,0.05324503788420597,0.3160773790155697
bio3_isotermalidade,Bio3 isotermalidade,82.83998341297942,0.05324503788420597,0.3160773790155697
bio3_isotermalidade,Bio3 isotermalidade,82.99722707761214,0.05324503788420597,0.3160773790155697
bio3_isotermalidade,Bio3 isotermalidade,83.15447074224484,0.05324503788420597,0.3160773790155697
bio3_isotermalidade,Bio3 isotermalidade,83.31171440687754,0.05594170719446012,0.3160773790155697
bio3_isotermalidade,Bio3 isotermalidade,83.46895807151026,0.05594170719446012,0.3160773790155697
bio3_isotermalidade,Bio3 isotermalidade,83.62620173614296,0.05594170719446012,0.3160773790155697
bio3_isotermalidade,Bio3 isotermalidade,83.78344540077566,0.05557982631813232,0.3160773790155697
bio3_isotermalidade,Bio3 isotermalidade,83.94068906540838,0.05245790035343303,0.3160773790155697
bio3_isotermalidade,Bio3 isotermalidade,84.09793273004108,0.05245790035343303,0.3160773790155697
bio3_isotermalidade,Bio3 isotermalidade,84.25517639467378,0.05245790035343303,0.3160773790155697
bio3_isotermalidade,Bio3 isotermalidade,84.4124200593065,0.05245790035343303,0.3160773790155697
bio3_isotermalidade,Bio3 isotermalidade,84.5696637239392,0.05245790035343303,0.3160773790155697
bio3_isotermalidade,Bio3 isotermalidade,84.72690738857192,0.05245790035343303,0.3160773790155697
bio3_isotermalidade,Bio3 isotermalidade,84.88415105320462,0.05245790035343303,0.3160773790155697
bio3_isotermalidade,Bio3 isotermalidade,85.04139471783733,0.05245790035343303,0.3160773790155697
bio3_isotermalidade,Bio3 isotermalidade,85.19863838247004,0.05245790035343303,0.3160773790155697
bio3_isotermalidade,Bio3 isotermalidade,85.35588204710274,0.05245790035343303,0.3160773790155697
bio3_isotermalidade,Bio3 isotermalidade,85.51312571173546,0.05245790035343303,0.3160773790155697
bio3_isotermalidade,Bio3 isotermalidade,85.67036937636816,0.05245790035343303,0.3160773790155697
bio3_isotermalidade,Bio3 isotermalidade,85.82761304100086,0.05245790035343303,0.3160773790155697
bio3_isotermalidade,Bio3 isotermalidade,85.98485670563358,0.05245790035343303,0.3160773790155697
bio3_isotermalidade,Bio3 isotermalidade,86.14210037026628,0.05245790035343303,0.3160773790155697
bio3_isotermalidade,Bio3 isotermalidade,86.29934403489898,0.05245790035343303,0.3160773790155697
bio3_isotermalidade,Bio3 isotermalidade,86.4565876995317,0.05245790035343303,0.3160773790155697
bio3_isotermalidade,Bio3 isotermalidade,86.6138313641644,0.05245790035343303,0.3160773790155697
bio3_isotermalidade,Bio3 isotermalidade,86.77107502879711,0.052164486863547306,0.3160773790155697
bio3_isotermalidade,Bio3 isotermalidade,86.92831869342982,0.052164486863547306,0.3160773790155697
bio3_isotermalidade,Bio3 isotermalidade,87.08556235806253,0.052164486863547306,0.3160773790155697
bio3_isotermalidade,Bio3 isotermalidade,87.24280602269523,0.052164486863547306,0.3160773790155697
bio3_isotermalidade,Bio3 isotermalidade,87.40004968732794,0.052164486863547306,0.3160773790155697
bio3_isotermalidade,Bio3 isotermalidade,87.55729335196065,0.052164486863547306,0.3160773790155697
bio3_isotermalidade,Bio3 isotermalidade,87.71453701659335,0.052164486863547306,0.3160773790155697
bio3_isotermalidade,Bio3 isotermalidade,87.87178068122606,0.052164486863547306,0.3160773790155697
bio3_isotermalidade,Bio3 isotermalidade,88.02902434585877,0.052164486863547306,0.3160773790155697
bio3_isotermalidade,Bio3 isotermalidade,88.18626801049147,0.052164486863547306,0.3160773790155697
bio3_isotermalidade,Bio3 isotermalidade,88.34351167512419,0.052164486863547306,0.3160773790155697
bio3_isotermalidade,Bio3 isotermalidade,88.50075533975689,0.052164486863547306,0.3160773790155697
bio3_isotermalidade,Bio3 isotermalidade,88.65799900438961,0.052164486863547306,0.3160773790155697
bio3_isotermalidade,Bio3 isotermalidade,88.81524266902231,0.052164486863547306,0.3160773790155697
bio3_isotermalidade,Bio3 isotermalidade,88.97248633365501,0.052164486863547306,0.3160773790155697
bio3_isotermalidade,Bio3 isotermalidade,89.12972999828773,0.052164486863547306,0.3160773790155697
bio3_isotermalidade,Bio3 isotermalidade,89.28697366292043,0.052164486863547306,0.3160773790155697
bio3_isotermalidade,Bio3 isotermalidade,89.44421732755313,0.052164486863547306,0.3160773790155697
bio3_isotermalidade,Bio3 isotermalidade,89.60146099218585,0.052164486863547306,0.3160773790155697
bio3_isotermalidade,Bio3 isotermalidade,89.75870465681855,0.052164486863547306,0.3160773790155697
bio3_isotermalidade,Bio3 isotermalidade,89.91594832145125,0.052164486863547306,0.3160773790155697
bio3_isotermalidade,Bio3 isotermalidade,90.07319198608397,0.052164486863547306,0.3160773790155697
declividade,Declividade,0.0029508732655085536,0.04774180627224872,0.27375328527993303
declividade,Declividade,0.005539521590287743,0.04774180627224872,0.27375328527993303
declividade,Declividade,0.008128169915066933,0.04774180627224872,0.27375328527993303
declividade,Declividade,0.010716818239846122,0.04850890075195826,0.27375328527993303
declividade,Declividade,0.013305466564625312,0.04850890075195826,0.27375328527993303
declividade,Declividade,0.0158941148894045,0.04850890075195826,0.27375328527993303
declividade,Declividade,0.01848276321418369,0.054671029128409855,0.27375328527993303
declividade,Declividade,0.02107141153896288,0.05507916316685838,0.27375328527993303
declividade,Declividade,0.023660059863742068,0.053928241538727655,0.27375328527993303
declividade,Declividade,0.026248708188521257,0.053928241538727655,0.27375328527993303
declividade,Declividade,0.028837356513300445,0.053928241538727655,0.27375328527993303
declividade,Declividade,0.03142600483807964,0.053928241538727655,0.27375328527993303
declividade,Declividade,0.03401465316285883,0.053716235111547474,0.27375328527993303
declividade,Declividade,0.03660330148763802,0.05534405468260954,0.27375328527993303
declividade,Declividade,0.03919194981241721,0.05153606889001273,0.27375328527993303
declividade,Declividade,0.041780598137196395,0.05069991292479092,0.27375328527993303
declividade,Declividade,0.044369246461975584,0.0503532893311117,0.27375328527993303
declividade,Declividade,0.04695789478675477,0.0503532893311117,0.27375328527993303
declividade,Declividade,0.04954654311153396,0.0503532893311117,0.27375328527993303
declividade,Declividade,0.05213519143631315,0.05011272905039914,0.27375328527993303
declividade,Declividade,0.05472383976109234,0.049509538341147116,0.27375328527993303
declividade,Declividade,0.057312488085871534,0.049509538341147116,0.27375328527993303
declividade,Declividade,0.05990113641065072,0.049509538341147116,0.27375328527993303
declividade,Declividade,0.06248978473542991,0.049509538341147116,0.27375328527993303
declividade,Declividade,0.0650784330602091,0.049116355288461144,0.27375328527993303
declividade,Declividade,0.0676670813849883,0.049116355288461144,0.27375328527993303
declividade,Declividade,0.07025572970976748,0.049116355288461144,0.27375328527993303
declividade,Declividade,0.07284437803454667,0.049116355288461144,0.27375328527993303
declividade,Declividade,0.07543302635932586,0.049116355288461144,0.27375328527993303
declividade,Declividade,0.07802167468410505,0.05270153454640854,0.27375328527993303
declividade,Declividade,0.08061032300888424,0.05270153454640854,0.27375328527993303
declividade,Declividade,0.08319897133366343,0.05270153454640854,0.27375328527993303
declividade,Declividade,0.08578761965844262,0.05270153454640854,0.27375328527993303
declividade,Declividade,0.0883762679832218,0.059288391527735136,0.27375328527993303
declividade,Declividade,0.09096491630800099,0.06448669726862492,0.27375328527993303
declividade,Declividade,0.09355356463278018,0.06331029084405251,0.27375328527993303
declividade,Declividade,0.09614221295755937,0.06331029084405251,0.27375328527993303
declividade,Declividade,0.09873086128233856,0.06331029084405251,0.27375328527993303
declividade,Declividade,0.10131950960711775,0.06355057569675207,0.27375328527993303
declividade,Declividade,0.10390815793189694,0.06355057569675207,0.27375328527993303
declividade,Declividade,0.10649680625667612,0.06355057569675207,0.27375328527993303
declividade,Declividade,0.10908545458145533,0.06355057569675207,0.27375328527993303
declividade,Declividade,0.11167410290623452,0.06355057569675207,0.27375328527993303
declividade,Declividade,0.1142627512310137,0.06355057569675207,0.27375328527993303
declividade,Declividade,0.11685139955579289,0.06355057569675207,0.27375328527993303
declividade,Declividade,0.11944004788057208,0.06355057569675207,0.27375328527993303
declividade,Declividade,0.12202869620535127,0.06355057569675207,0.27375328527993303
declividade,Declividade,0.12461734453013046,0.06355057569675207,0.27375328527993303
declividade,Declividade,0.12720599285490966,0.06355057569675207,0.27375328527993303
declividade,Declividade,0.12979464117968884,0.06355057569675207,0.27375328527993303
declividade,Declividade,0.13238328950446804,0.06355057569675207,0.27375328527993303
declividade,Declividade,0.1349719378292472,0.06355057569675207,0.27375328527993303
declividade,Declividade,0.13756058615402642,0.06355057569675207,0.27375328527993303
declividade,Declividade,0.1401492344788056,0.0770301288585256,0.27375328527993303
declividade,Declividade,0.1427378828035848,0.07769127470171214,0.27375328527993303
declividade,Declividade,0.14532653112836397,0.08092383314605785,0.27375328527993303
declividade,Declividade,0.14791517945314317,0.08092383314605785,0.27375328527993303
declividade,Declividade,0.15050382777792234,0.08092383314605785,0.27375328527993303
declividade,Declividade,0.15309247610270155,0.08092383314605785,0.27375328527993303
declividade,Declividade,0.15568112442748072,0.09081172637717738,0.27375328527993303
declividade,Declividade,0.15826977275225992,0.09081172637717738,0.27375328527993303
declividade,Declividade,0.1608584210770391,0.09081172637717738,0.27375328527993303
declividade,Declividade,0.1634470694018183,0.09081172637717738,0.27375328527993303
declividade,Declividade,0.16603571772659748,0.09962080827586618,0.27375328527993303
declividade,Declividade,0.16862436605137668,0.09962080827586618,0.27375328527993303
declividade,Declividade,0.17121301437615588,0.09962080827586618,0.27375328527993303
declividade,Declividade,0.17380166270093506,0.09962080827586618,0.27375328527993303
declividade,Declividade,0.17639031102571426,0.09962080827586618,0.27375328527993303
declividade,Declividade,0.17897895935049343,0.09962080827586618,0.27375328527993303
declividade,Declividade,0.18156760767527264,0.10155985638571391,0.27375328527993303
declividade,Declividade,0.1841562560000518,0.10155985638571391,0.27375328527993303
declividade,Declividade,0.186744904324831,0.10155985638571391,0.27375328527993303
declividade,Declividade,0.1893335526496102,0.10155985638571391,0.27375328527993303
declividade,Declividade,0.1919222009743894,0.10155985638571391,0.27375328527993303
declividade,Declividade,0.19451084929916856,0.10395020735449291,0.27375328527993303
declividade,Declividade,0.19709949762394777,0.10395020735449291,0.27375328527993303
declividade,Declividade,0.19968814594872694,0.10395020735449291,0.27375328527993303
declividade,Declividade,0.20227679427350614,0.10395020735449291,0.27375328527993303
declividade,Declividade,0.20486544259828532,0.10395020735449291,0.27375328527993303
declividade,Declividade,0.20745409092306452,0.10395020735449291,0.27375328527993303
declividade,Declividade,0.2100427392478437,0.10395020735449291,0.27375328527993303
declividade,Declividade,0.2126313875726229,0.10395020735449291,0.27375328527993303
declividade,Declividade,0.2152200358974021,0.10395020735449291,0.27375328527993303
declividade,Declividade,0.21780868422218128,0.10395020735449291,0.27375328527993303
declividade,Declividade,0.22039733254696048,0.10395020735449291,0.27375328527993303
declividade,Declividade,0.22298598087173965,0.10395020735449291,0.27375328527993303
declividade,Declividade,0.22557462919651886,0.10395020735449291,0.27375328527993303
declividade,Declividade,0.22816327752129803,0.10395020735449291,0.27375328527993303
declividade,Declividade,0.23075192584607723,0.10395020735449291,0.27375328527993303
declividade,Declividade,0.2333405741708564,0.10395020735449291,0.27375328527993303
declividade,Declividade,0.2359292224956356,0.10395020735449291,0.27375328527993303
declividade,Declividade,0.23851787082041478,0.10395020735449291,0.27375328527993303
declividade,Declividade,0.241106519145194,0.10395020735449291,0.27375328527993303
declividade,Declividade,0.24369516746997316,0.10395020735449291,0.27375328527993303
declividade,Declividade,0.24628381579475236,0.10395020735449291,0.27375328527993303
declividade,Declividade,0.24887246411953154,0.10395020735449291,0.27375328527993303
declividade,Declividade,0.25146111244431074,0.10395020735449291,0.27375328527993303
declividade,Declividade,0.25404976076908997,0.10395020735449291,0.27375328527993303
declividade,Declividade,0.25663840909386915,0.10395020735449291,0.27375328527993303
declividade,Declividade,0.2592270574186483,0.10395020735449291,0.27375328527993303
declividade,Declividade,0.26181570574342755,0.10395020735449291,0.27375328527993303
declividade,Declividade,0.2644043540682067,0.10395020735449291,0.27375328527993303
declividade,Declividade,0.2669930023929859,0.10395020735449291,0.27375328527993303
declividade,Declividade,0.2695816507177651,0.10395020735449291,0.27375328527993303
declividade,Declividade,0.2721702990425443,0.10395020735449291,0.27375328527993303
declividade,Declividade,0.2747589473673235,0.10395020735449291,0.27375328527993303
declividade,Declividade,0.27734759569210266,0.10395020735449291,0.27375328527993303
declividade,Declividade,0.27993624401688183,0.10395020735449291,0.27375328527993303
declividade,Declividade,0.28252489234166106,0.10395020735449291,0.27375328527993303
declividade,Declividade,0.28511354066644023,0.10395020735449291,0.27375328527993303
declividade,Declividade,0.2877021889912194,0.10395020735449291,0.27375328527993303
declividade,Declividade,0.2902908373159986,0.10395020735449291,0.27375328527993303
declividade,Declividade,0.2928794856407778,0.10395020735449291,0.27375328527993303
declividade,Declividade,0.295468133965557,0.10395020735449291,0.27375328527993303
declividade,Declividade,0.29805678229033616,0.10395020735449291,0.27375328527993303
declividade,Declividade,0.3006454306151154,0.10395020735449291,0.27375328527993303
declividade,Declividade,0.30323407893989457,0.10395020735449291,0.27375328527993303
declividade,Declividade,0.30582272726467374,0.10395020735449291,0.27375328527993303
declividade,Declividade,0.3084113755894529,0.10395020735449291,0.27375328527993303
declividade,Declividade,0.31100002391423215,0.10395020735449291,0.27375328527993303
declividade,Declividade,0.3135886722390113,0.10395020735449291,0.27375328527993303
declividade,Declividade,0.3161773205637905,0.10395020735449291,0.27375328527993303
declividade,Declividade,0.3187659688885697,0.10395020735449291,0.27375328527993303
declividade,Declividade,0.3213546172133489,0.10395020735449291,0.27375328527993303
declividade,Declividade,0.3239432655381281,0.10395020735449291,0.27375328527993303
declividade,Declividade,0.32653191386290725,0.10395020735449291,0.27375328527993303
declividade,Declividade,0.3291205621876864,0.10395020735449291,0.27375328527993303
declividade,Declividade,0.33170921051246566,0.10395020735449291,0.27375328527993303
declividade,Declividade,0.33429785883724483,0.10395020735449291,0.27375328527993303
declividade,Declividade,0.336886507162024,0.10395020735449291,0.27375328527993303
declividade,Declividade,0.33947515548680324,0.10395020735449291,0.27375328527993303
declividade,Declividade,0.3420638038115824,0.10395020735449291,0.27375328527993303
declividade,Declividade,0.3446524521363616,0.10395020735449291,0.27375328527993303
declividade,Declividade,0.34724110046114076,0.10395020735449291,0.27375328527993303
declividade,Declividade,0.34982974878592,0.10395020735449291,0.27375328527993303
declividade,Declividade,0.35241839711069917,0.10395020735449291,0.27375328527993303
declividade,Declividade,0.35500704543547834,0.10395020735449291,0.27375328527993303
declividade,Declividade,0.3575956937602575,0.10395020735449291,0.27375328527993303
declividade,Declividade,0.36018434208503675,0.10395020735449291,0.27375328527993303
declividade,Declividade,0.3627729904098159,0.10395020735449291,0.27375328527993303
declividade,Declividade,0.3653616387345951,0.10395020735449291,0.27375328527993303
declividade,Declividade,0.36795028705937427,0.10395020735449291,0.27375328527993303
declividade,Declividade,0.3705389353841535,0.10395020735449291,0.27375328527993303
declividade,Declividade,0.3731275837089327,0.10395020735449291,0.27375328527993303
declividade,Declividade,0.37571623203371185,0.10395020735449291,0.27375328527993303
declividade,Declividade,0.3783048803584911,0.10395020735449291,0.27375328527993303
declividade,Declividade,0.38089352868327025,0.10395020735449291,0.27375328527993303
declividade,Declividade,0.38348217700804943,0.10395020735449291,0.27375328527993303
declividade,Declividade,0.3860708253328286,0.10395020735449291,0.27375328527993303
declividade,Declividade,0.3886594736576078,0.10395020735449291,0.27375328527993303
bio5_temp_max_mes_quente,Bio5 temp max mes quente,30.77347429275513,0.053932182740129134,0.2236866124650045
bio5_temp_max_mes_quente,Bio5 temp max mes quente,30.804061152310982,0.053932182740129134,0.2236866124650045
bio5_temp_max_mes_quente,Bio5 temp max mes quente,30.834648011866832,0.053932182740129134,0.2236866124650045
bio5_temp_max_mes_quente,Bio5 temp max mes quente,30.865234871422686,0.053932182740129134,0.2236866124650045
bio5_temp_max_mes_quente,Bio5 temp max mes quente,30.89582173097854,0.053932182740129134,0.2236866124650045
bio5_temp_max_mes_quente,Bio5 temp max mes quente,30.92640859053439,0.053932182740129134,0.2236866124650045
bio5_temp_max_mes_quente,Bio5 temp max mes quente,30.956995450090243,0.053932182740129134,0.2236866124650045
bio5_temp_max_mes_quente,Bio5 temp max mes quente,30.987582309646097,0.053932182740129134,0.2236866124650045
bio5_temp_max_mes_quente,Bio5 temp max mes quente,31.018169169201947,0.053932182740129134,0.2236866124650045
bio5_temp_max_mes_quente,Bio5 temp max mes quente,31.0487560287578,0.053932182740129134,0.2236866124650045
bio5_temp_max_mes_quente,Bio5 temp max mes quente,31.079342888313654,0.053932182740129134,0.2236866124650045
bio5_temp_max_mes_quente,Bio5 temp max mes quente,31.109929747869504,0.053932182740129134,0.2236866124650045
bio5_temp_max_mes_quente,Bio5 temp max mes quente,31.140516607425358,0.053932182740129134,0.2236866124650045
bio5_temp_max_mes_quente,Bio5 temp max mes quente,31.17110346698121,0.053932182740129134,0.2236866124650045
bio5_temp_max_mes_quente,Bio5 temp max mes quente,31.20169032653706,0.053932182740129134,0.2236866124650045
bio5_temp_max_mes_quente,Bio5 temp max mes quente,31.232277186092915,0.053932182740129134,0.2236866124650045
bio5_temp_max_mes_quente,Bio5 temp max mes quente,31.26286404564877,0.053932182740129134,0.2236866124650045
bio5_temp_max_mes_quente,Bio5 temp max mes quente,31.29345090520462,0.053932182740129134,0.2236866124650045
bio5_temp_max_mes_quente,Bio5 temp max mes quente,31.324037764760472,0.053932182740129134,0.2236866124650045
bio5_temp_max_mes_quente,Bio5 temp max mes quente,31.354624624316326,0.053932182740129134,0.2236866124650045
bio5_temp_max_mes_quente,Bio5 temp max mes quente,31.385211483872176,0.053932182740129134,0.2236866124650045
bio5_temp_max_mes_quente,Bio5 temp max mes quente,31.41579834342803,0.053932182740129134,0.2236866124650045
bio5_temp_max_mes_quente,Bio5 temp max mes quente,31.446385202983883,0.053932182740129134,0.2236866124650045
bio5_temp_max_mes_quente,Bio5 temp max mes quente,31.476972062539733,0.053932182740129134,0.2236866124650045
bio5_temp_max_mes_quente,Bio5 temp max mes quente,31.507558922095587,0.053932182740129134,0.2236866124650045
bio5_temp_max_mes_quente,Bio5 temp max mes quente,31.53814578165144,0.053932182740129134,0.2236866124650045
bio5_temp_max_mes_quente,Bio5 temp max mes quente,31.56873264120729,0.053932182740129134,0.2236866124650045
bio5_temp_max_mes_quente,Bio5 temp max mes quente,31.599319500763144,0.053932182740129134,0.2236866124650045
bio5_temp_max_mes_quente,Bio5 temp max mes quente,31.629906360318998,0.053932182740129134,0.2236866124650045
bio5_temp_max_mes_quente,Bio5 temp max mes quente,31.660493219874848,0.06094260458645055,0.2236866124650045
bio5_temp_max_mes_quente,Bio5 temp max mes quente,31.6910800794307,0.07077509630873369,0.2236866124650045
bio5_temp_max_mes_quente,Bio5 temp max mes quente,31.721666938986555,0.07237081295842786,0.2236866124650045
bio5_temp_max_mes_quente,Bio5 temp max mes quente,31.752253798542405,0.07152633763762696,0.2236866124650045
bio5_temp_max_mes_quente,Bio5 temp max mes quente,31.78284065809826,0.07118059367606577,0.2236866124650045
bio5_temp_max_mes_quente,Bio5 temp max mes quente,31.813427517654112,0.07118059367606577,0.2236866124650045
bio5_temp_max_mes_quente,Bio5 temp max mes quente,31.844014377209966,0.07164721732667137,0.2236866124650045
bio5_temp_max_mes_quente,Bio5 temp max mes quente,31.874601236765816,0.0729609490026487,0.2236866124650045
bio5_temp_max_mes_quente,Bio5 temp max mes quente,31.90518809632167,0.07042332813861162,0.2236866124650045
bio5_temp_max_mes_quente,Bio5 temp max mes quente,31.93577495587752,0.07005650630935231,0.2236866124650045
bio5_temp_max_mes_quente,Bio5 temp max mes quente,31.966361815433373,0.07005650630935231,0.2236866124650045
bio5_temp_max_mes_quente,Bio5 temp max mes quente,31.996948674989227,0.0704466540955558,0.2236866124650045
bio5_temp_max_mes_quente,Bio5 temp max mes quente,32.02753553454508,0.07098624512389665,0.2236866124650045
bio5_temp_max_mes_quente,Bio5 temp max mes quente,32.058122394100934,0.07174529409214077,0.2236866124650045
bio5_temp_max_mes_quente,Bio5 temp max mes quente,32.08870925365678,0.06489688882936206,0.2236866124650045
bio5_temp_max_mes_quente,Bio5 temp max mes quente,32.119296113212634,0.06489688882936206,0.2236866124650045
bio5_temp_max_mes_quente,Bio5 temp max mes quente,32.14988297276849,0.061069432512980214,0.2236866124650045
bio5_temp_max_mes_quente,Bio5 temp max mes quente,32.18046983232434,0.06065849929918442,0.2236866124650045
bio5_temp_max_mes_quente,Bio5 temp max mes quente,32.211056691880195,0.059582583680164634,0.2236866124650045
bio5_temp_max_mes_quente,Bio5 temp max mes quente,32.24164355143605,0.05457014674471106,0.2236866124650045
bio5_temp_max_mes_quente,Bio5 temp max mes quente,32.272230410991895,0.05160042829455479,0.2236866124650045
bio5_temp_max_mes_quente,Bio5 temp max mes quente,32.30281727054775,0.049116355288461144,0.2236866124650045
bio5_temp_max_mes_quente,Bio5 temp max mes quente,32.3334041301036,0.049116355288461144,0.2236866124650045
bio5_temp_max_mes_quente,Bio5 temp max mes quente,32.363990989659456,0.049116355288461144,0.2236866124650045
bio5_temp_max_mes_quente,Bio5 temp max mes quente,32.39457784921531,0.049116355288461144,0.2236866124650045
bio5_temp_max_mes_quente,Bio5 temp max mes quente,32.42516470877116,0.049116355288461144,0.2236866124650045
bio5_temp_max_mes_quente,Bio5 temp max mes quente,32.45575156832701,0.049116355288461144,0.2236866124650045
bio5_temp_max_mes_quente,Bio5 temp max mes quente,32.48633842788286,0.049116355288461144,0.2236866124650045
bio5_temp_max_mes_quente,Bio5 temp max mes quente,32.51692528743872,0.049116355288461144,0.2236866124650045
bio5_temp_max_mes_quente,Bio5 temp max mes quente,32.54751214699457,0.049116355288461144,0.2236866124650045
bio5_temp_max_mes_quente,Bio5 temp max mes quente,32.578099006550424,0.049175238055123464,0.2236866124650045
bio5_temp_max_mes_quente,Bio5 temp max mes quente,32.60868586610628,0.048599511684548576,0.2236866124650045
bio5_temp_max_mes_quente,Bio5 temp max mes quente,32.639272725662124,0.048599511684548576,0.2236866124650045
bio5_temp_max_mes_quente,Bio5 temp max mes quente,32.66985958521798,0.048599511684548576,0.2236866124650045
bio5_temp_max_mes_quente,Bio5 temp max mes quente,32.70044644477383,0.048599511684548576,0.2236866124650045
bio5_temp_max_mes_quente,Bio5 temp max mes quente,32.731033304329685,0.048599511684548576,0.2236866124650045
bio5_temp_max_mes_quente,Bio5 temp max mes quente,32.76162016388554,0.048599511684548576,0.2236866124650045
bio5_temp_max_mes_quente,Bio5 temp max mes quente,32.79220702344139,0.048599511684548576,0.2236866124650045
bio5_temp_max_mes_quente,Bio5 temp max mes quente,32.822793882997246,0.048599511684548576,0.2236866124650045
bio5_temp_max_mes_quente,Bio5 temp max mes quente,32.85338074255309,0.048599511684548576,0.2236866124650045
bio5_temp_max_mes_quente,Bio5 temp max mes quente,32.883967602108946,0.048599511684548576,0.2236866124650045
bio5_temp_max_mes_quente,Bio5 temp max mes quente,32.9145544616648,0.048599511684548576,0.2236866124650045
bio5_temp_max_mes_quente,Bio5 temp max mes quente,32.94514132122065,0.048599511684548576,0.2236866124650045
bio5_temp_max_mes_quente,Bio5 temp max mes quente,32.97572818077651,0.048599511684548576,0.2236866124650045
bio5_temp_max_mes_quente,Bio5 temp max mes quente,33.00631504033235,0.048599511684548576,0.2236866124650045
bio5_temp_max_mes_quente,Bio5 temp max mes quente,33.03690189988821,0.048599511684548576,0.2236866124650045
bio5_temp_max_mes_quente,Bio5 temp max mes quente,33.06748875944406,0.048599511684548576,0.2236866124650045
bio5_temp_max_mes_quente,Bio5 temp max mes quente,33.098075618999914,0.048062421339035884,0.2236866124650045
bio5_temp_max_mes_quente,Bio5 temp max mes quente,33.12866247855577,0.048062421339035884,0.2236866124650045
bio5_temp_max_mes_quente,Bio5 temp max mes quente,33.15924933811162,0.048062421339035884,0.2236866124650045
bio5_temp_max_mes_quente,Bio5 temp max mes quente,33.189836197667475,0.048062421339035884,0.2236866124650045
bio5_temp_max_mes_quente,Bio5 temp max mes quente,33.22042305722332,0.048062421339035884,0.2236866124650045
bio5_temp_max_mes_quente,Bio5 temp max mes quente,33.251009916779175,0.048062421339035884,0.2236866124650045
bio5_temp_max_mes_quente,Bio5 temp max mes quente,33.28159677633503,0.048062421339035884,0.2236866124650045
bio5_temp_max_mes_quente,Bio5 temp max mes quente,33.31218363589088,0.048062421339035884,0.2236866124650045
bio5_temp_max_mes_quente,Bio5 temp max mes quente,33.342770495446736,0.048062421339035884,0.2236866124650045
bio5_temp_max_mes_quente,Bio5 temp max mes quente,33.37335735500258,0.048062421339035884,0.2236866124650045
bio5_temp_max_mes_quente,Bio5 temp max mes quente,33.403944214558436,0.048062421339035884,0.2236866124650045
bio5_temp_max_mes_quente,Bio5 temp max mes quente,33.43453107411429,0.048062421339035884,0.2236866124650045
bio5_temp_max_mes_quente,Bio5 temp max mes quente,33.46511793367014,0.048062421339035884,0.2236866124650045
bio5_temp_max_mes_quente,Bio5 temp max mes quente,33.495704793226,0.048062421339035884,0.2236866124650045
bio5_temp_max_mes_quente,Bio5 temp max mes quente,33.52629165278185,0.048062421339035884,0.2236866124650045
bio5_temp_max_mes_quente,Bio5 temp max mes quente,33.556878512337704,0.048062421339035884,0.2236866124650045
bio5_temp_max_mes_quente,Bio5 temp max mes quente,33.58746537189355,0.048062421339035884,0.2236866124650045
bio5_temp_max_mes_quente,Bio5 temp max mes quente,33.618052231449404,0.048062421339035884,0.2236866124650045
bio5_temp_max_mes_quente,Bio5 temp max mes quente,33.64863909100526,0.048062421339035884,0.2236866124650045
bio5_temp_max_mes_quente,Bio5 temp max mes quente,33.67922595056111,0.048062421339035884,0.2236866124650045
bio5_temp_max_mes_quente,Bio5 temp max mes quente,33.709812810116965,0.048062421339035884,0.2236866124650045
bio5_temp_max_mes_quente,Bio5 temp max mes quente,33.74039966967282,0.048062421339035884,0.2236866124650045
bio5_temp_max_mes_quente,Bio5 temp max mes quente,33.770986529228665,0.048062421339035884,0.2236866124650045
bio5_temp_max_mes_quente,Bio5 temp max mes quente,33.80157338878452,0.048062421339035884,0.2236866124650045
bio5_temp_max_mes_quente,Bio5 temp max mes quente,33.83216024834037,0.048062421339035884,0.2236866124650045
bio5_temp_max_mes_quente,Bio5 temp max mes quente,33.862747107896226,0.048062421339035884,0.2236866124650045
bio5_temp_max_mes_quente,Bio5 temp max mes quente,33.89333396745208,0.048062421339035884,0.2236866124650045
bio5_temp_max_mes_quente,Bio5 temp max mes quente,33.92392082700793,0.048062421339035884,0.2236866124650045
bio5_temp_max_mes_quente,Bio5 temp max mes quente,33.95450768656378,0.048062421339035884,0.2236866124650045
bio5_temp_max_mes_quente,Bio5 temp max mes quente,33.98509454611963,0.048062421339035884,0.2236866124650045
bio5_temp_max_mes_quente,Bio5 temp max mes quente,34.01568140567549,0.048062421339035884,0.2236866124650045
bio5_temp_max_mes_quente,Bio5 temp max mes quente,34.04626826523134,0.048062421339035884,0.2236866124650045
bio5_temp_max_mes_quente,Bio5 temp max mes quente,34.076855124787194,0.048062421339035884,0.2236866124650045
bio5_temp_max_mes_quente,Bio5 temp max mes quente,34.10744198434305,0.048062421339035884,0.2236866124650045
bio5_temp_max_mes_quente,Bio5 temp max mes quente,34.138028843898894,0.048062421339035884,0.2236866124650045
bio5_temp_max_mes_quente,Bio5 temp max mes quente,34.16861570345475,0.048062421339035884,0.2236866124650045
bio5_temp_max_mes_quente,Bio5 temp max mes quente,34.1992025630106,0.048062421339035884,0.2236866124650045
bio5_temp_max_mes_quente,Bio5 temp max mes quente,34.229789422566455,0.048062421339035884,0.2236866124650045
bio5_temp_max_mes_quente,Bio5 temp max mes quente,34.26037628212231,0.048062421339035884,0.2236866124650045
bio5_temp_max_mes_quente,Bio5 temp max mes quente,34.29096314167816,0.048062421339035884,0.2236866124650045
bio5_temp_max_mes_quente,Bio5 temp max mes quente,34.32155000123401,0.048062421339035884,0.2236866124650045
bio5_temp_max_mes_quente,Bio5 temp max mes quente,34.35213686078986,0.048062421339035884,0.2236866124650045
bio5_temp_max_mes_quente,Bio5 temp max mes quente,34.382723720345716,0.048062421339035884,0.2236866124650045
bio5_temp_max_mes_quente,Bio5 temp max mes quente,34.41331057990157,0.048062421339035884,0.2236866124650045
bio5_temp_max_mes_quente,Bio5 temp max mes quente,34.44389743945742,0.048062421339035884,0.2236866124650045
bio5_temp_max_mes_quente,Bio5 temp max mes quente,34.47448429901328,0.048062421339035884,0.2236866124650045
bio5_temp_max_mes_quente,Bio5 temp max mes quente,34.50507115856912,0.048062421339035884,0.2236866124650045
bio5_temp_max_mes_quente,Bio5 temp max mes quente,34.53565801812498,0.048062421339035884,0.2236866124650045
bio5_temp_max_mes_quente,Bio5 temp max mes quente,34.56624487768083,0.04787578940433059,0.2236866124650045
bio5_temp_max_mes_quente,Bio5 temp max mes quente,34.596831737236684,0.04763967192736335,0.2236866124650045
bio5_temp_max_mes_quente,Bio5 temp max mes quente,34.62741859679254,0.04763967192736335,0.2236866124650045
bio5_temp_max_mes_quente,Bio5 temp max mes quente,34.65800545634839,0.04763967192736335,0.2236866124650045
bio5_temp_max_mes_quente,Bio5 temp max mes quente,34.68859231590424,0.04763967192736335,0.2236866124650045
bio5_temp_max_mes_quente,Bio5 temp max mes quente,34.71917917546009,0.04763967192736335,0.2236866124650045
bio5_temp_max_mes_quente,Bio5 temp max mes quente,34.749766035015945,0.04763967192736335,0.2236866124650045
bio5_temp_max_mes_quente,Bio5 temp max mes quente,34.7803528945718,0.04763967192736335,0.2236866124650045
bio5_temp_max_mes_quente,Bio5 temp max mes quente,34.81093975412765,0.04835368839336261,0.2236866124650045
bio5_temp_max_mes_quente,Bio5 temp max mes quente,34.841526613683506,0.049528940791963794,0.2236866124650045
bio5_temp_max_mes_quente,Bio5 temp max mes quente,34.87211347323935,0.05175475971207631,0.2236866124650045
bio5_temp_max_mes_quente,Bio5 temp max mes quente,34.902700332795206,0.05338186817742788,0.2236866124650045
bio5_temp_max_mes_quente,Bio5 temp max mes quente,34.93328719235106,0.0848908512665233,0.2236866124650045
bio5_temp_max_mes_quente,Bio5 temp max mes quente,34.96387405190691,0.0848908512665233,0.2236866124650045
bio5_temp_max_mes_quente,Bio5 temp max mes quente,34.99446091146277,0.0848908512665233,0.2236866124650045
bio5_temp_max_mes_quente,Bio5 temp max mes quente,35.02504777101862,0.0848908512665233,0.2236866124650045
bio5_temp_max_mes_quente,Bio5 temp max mes quente,35.055634630574474,0.0848908512665233,0.2236866124650045
bio5_temp_max_mes_quente,Bio5 temp max mes quente,35.08622149013032,0.0848908512665233,0.2236866124650045
bio5_temp_max_mes_quente,Bio5 temp max mes quente,35.116808349686174,0.0848908512665233,0.2236866124650045
bio5_temp_max_mes_quente,Bio5 temp max mes quente,35.14739520924203,0.0848908512665233,0.2236866124650045
bio5_temp_max_mes_quente,Bio5 temp max mes quente,35.17798206879788,0.0848908512665233,0.2236866124650045
bio5_temp_max_mes_quente,Bio5 temp max mes quente,35.208568928353735,0.0848908512665233,0.2236866124650045
bio5_temp_max_mes_quente,Bio5 temp max mes quente,35.23915578790958,0.0848908512665233,0.2236866124650045
bio5_temp_max_mes_quente,Bio5 temp max mes quente,35.269742647465435,0.0848908512665233,0.2236866124650045
bio5_temp_max_mes_quente,Bio5 temp max mes quente,35.30032950702129,0.0848908512665233,0.2236866124650045
bio5_temp_max_mes_quente,Bio5 temp max mes quente,35.33091636657714,0.0848908512665233,0.2236866124650045
bio8_temp_media_trimestre_umido,Bio8 temp media trimestre umido,24.16404653549194,0.04673446360980607,0.19337710870928515
bio8_temp_media_trimestre_umido,Bio8 temp media trimestre umido,24.181044089426127,0.04673446360980607,0.19337710870928515
bio8_temp_media_trimestre_umido,Bio8 temp media trimestre umido,24.198041643360316,0.04673446360980607,0.19337710870928515
bio8_temp_media_trimestre_umido,Bio8 temp media trimestre umido,24.2150391972945,0.04673446360980607,0.19337710870928515
bio8_temp_media_trimestre_umido,Bio8 temp media trimestre umido,24.23203675122869,0.04673446360980607,0.19337710870928515
bio8_temp_media_trimestre_umido,Bio8 temp media trimestre umido,24.249034305162876,0.04673446360980607,0.19337710870928515
bio8_temp_media_trimestre_umido,Bio8 temp media trimestre umido,24.266031859097062,0.04673446360980607,0.19337710870928515
bio8_temp_media_trimestre_umido,Bio8 temp media trimestre umido,24.28302941303125,0.04673446360980607,0.19337710870928515
bio8_temp_media_trimestre_umido,Bio8 temp media trimestre umido,24.300026966965437,0.04673446360980607,0.19337710870928515
bio8_temp_media_trimestre_umido,Bio8 temp media trimestre umido,24.317024520899622,0.04673446360980607,0.19337710870928515
bio8_temp_media_trimestre_umido,Bio8 temp media trimestre umido,24.33402207483381,0.04673446360980607,0.19337710870928515
bio8_temp_media_trimestre_umido,Bio8 temp media trimestre umido,24.351019628767997,0.04673446360980607,0.19337710870928515
bio8_temp_media_trimestre_umido,Bio8 temp media trimestre umido,24.368017182702186,0.04673446360980607,0.19337710870928515
bio8_temp_media_trimestre_umido,Bio8 temp media trimestre umido,24.38501473663637,0.04673446360980607,0.19337710870928515
bio8_temp_media_trimestre_umido,Bio8 temp media trimestre umido,24.402012290570557,0.04673446360980607,0.19337710870928515
bio8_temp_media_trimestre_umido,Bio8 temp media trimestre umido,24.419009844504746,0.04673446360980607,0.19337710870928515
bio8_temp_media_trimestre_umido,Bio8 temp media trimestre umido,24.43600739843893,0.04673446360980607,0.19337710870928515
bio8_temp_media_trimestre_umido,Bio8 temp media trimestre umido,24.45300495237312,0.04673446360980607,0.19337710870928515
bio8_temp_media_trimestre_umido,Bio8 temp media trimestre umido,24.470002506307306,0.04673446360980607,0.19337710870928515
bio8_temp_media_trimestre_umido,Bio8 temp media trimestre umido,24.487000060241492,0.04673446360980607,0.19337710870928515
bio8_temp_media_trimestre_umido,Bio8 temp media trimestre umido,24.50399761417568,0.04673446360980607,0.19337710870928515
bio8_temp_media_trimestre_umido,Bio8 temp media trimestre umido,24.520995168109867,0.04673446360980607,0.19337710870928515
bio8_temp_media_trimestre_umido,Bio8 temp media trimestre umido,24.537992722044052,0.04673446360980607,0.19337710870928515
bio8_temp_media_trimestre_umido,Bio8 temp media trimestre umido,24.55499027597824,0.04673446360980607,0.19337710870928515
bio8_temp_media_trimestre_umido,Bio8 temp media trimestre umido,24.571987829912427,0.04673446360980607,0.19337710870928515
bio8_temp_media_trimestre_umido,Bio8 temp media trimestre umido,24.588985383846616,0.04673446360980607,0.19337710870928515
bio8_temp_media_trimestre_umido,Bio8 temp media trimestre umido,24.6059829377808,0.04673446360980607,0.19337710870928515
bio8_temp_media_trimestre_umido,Bio8 temp media trimestre umido,24.622980491714987,0.04673446360980607,0.19337710870928515
bio8_temp_media_trimestre_umido,Bio8 temp media trimestre umido,24.639978045649176,0.04673446360980607,0.19337710870928515
bio8_temp_media_trimestre_umido,Bio8 temp media trimestre umido,24.65697559958336,0.04673446360980607,0.19337710870928515
bio8_temp_media_trimestre_umido,Bio8 temp media trimestre umido,24.67397315351755,0.04673446360980607,0.19337710870928515
bio8_temp_media_trimestre_umido,Bio8 temp media trimestre umido,24.690970707451736,0.04673446360980607,0.19337710870928515
bio8_temp_media_trimestre_umido,Bio8 temp media trimestre umido,24.707968261385922,0.04673446360980607,0.19337710870928515
bio8_temp_media_trimestre_umido,Bio8 temp media trimestre umido,24.72496581532011,0.04673446360980607,0.19337710870928515
bio8_temp_media_trimestre_umido,Bio8 temp media trimestre umido,24.741963369254297,0.04673446360980607,0.19337710870928515
bio8_temp_media_trimestre_umido,Bio8 temp media trimestre umido,24.758960923188482,0.04673446360980607,0.19337710870928515
bio8_temp_media_trimestre_umido,Bio8 temp media trimestre umido,24.77595847712267,0.04673446360980607,0.19337710870928515
bio8_temp_media_trimestre_umido,Bio8 temp media trimestre umido,24.792956031056857,0.04673446360980607,0.19337710870928515
bio8_temp_media_trimestre_umido,Bio8 temp media trimestre umido,24.809953584991046,0.04673446360980607,0.19337710870928515
bio8_temp_media_trimestre_umido,Bio8 temp media trimestre umido,24.82695113892523,0.04673446360980607,0.19337710870928515
bio8_temp_media_trimestre_umido,Bio8 temp media trimestre umido,24.843948692859417,0.04673446360980607,0.19337710870928515
bio8_temp_media_trimestre_umido,Bio8 temp media trimestre umido,24.860946246793606,0.04673446360980607,0.19337710870928515
bio8_temp_media_trimestre_umido,Bio8 temp media trimestre umido,24.87794380072779,0.04673446360980607,0.19337710870928515
bio8_temp_media_trimestre_umido,Bio8 temp media trimestre umido,24.894941354661977,0.04673446360980607,0.19337710870928515
bio8_temp_media_trimestre_umido,Bio8 temp media trimestre umido,24.911938908596166,0.04673446360980607,0.19337710870928515
bio8_temp_media_trimestre_umido,Bio8 temp media trimestre umido,24.928936462530352,0.04673446360980607,0.19337710870928515
bio8_temp_media_trimestre_umido,Bio8 temp media trimestre umido,24.94593401646454,0.04673446360980607,0.19337710870928515
bio8_temp_media_trimestre_umido,Bio8 temp media trimestre umido,24.962931570398727,0.04673446360980607,0.19337710870928515
bio8_temp_media_trimestre_umido,Bio8 temp media trimestre umido,24.979929124332912,0.04673446360980607,0.19337710870928515
bio8_temp_media_trimestre_umido,Bio8 temp media trimestre umido,24.9969266782671,0.04673446360980607,0.19337710870928515
bio8_temp_media_trimestre_umido,Bio8 temp media trimestre umido,25.013924232201287,0.04673446360980607,0.19337710870928515
bio8_temp_media_trimestre_umido,Bio8 temp media trimestre umido,25.030921786135476,0.04673446360980607,0.19337710870928515
bio8_temp_media_trimestre_umido,Bio8 temp media trimestre umido,25.04791934006966,0.04592183253993616,0.19337710870928515
bio8_temp_media_trimestre_umido,Bio8 temp media trimestre umido,25.064916894003847,0.04592183253993616,0.19337710870928515
bio8_temp_media_trimestre_umido,Bio8 temp media trimestre umido,25.081914447938036,0.04592183253993616,0.19337710870928515
bio8_temp_media_trimestre_umido,Bio8 temp media trimestre umido,25.098912001872222,0.04592183253993616,0.19337710870928515
bio8_temp_media_trimestre_umido,Bio8 temp media trimestre umido,25.115909555806407,0.04592183253993616,0.19337710870928515
bio8_temp_media_trimestre_umido,Bio8 temp media trimestre umido,25.132907109740596,0.046156221510728304,0.19337710870928515
bio8_temp_media_trimestre_umido,Bio8 temp media trimestre umido,25.149904663674782,0.046156221510728304,0.19337710870928515
bio8_temp_media_trimestre_umido,Bio8 temp media trimestre umido,25.16690221760897,0.046156221510728304,0.19337710870928515
bio8_temp_media_trimestre_umido,Bio8 temp media trimestre umido,25.183899771543157,0.046156221510728304,0.19337710870928515
bio8_temp_media_trimestre_umido,Bio8 temp media trimestre umido,25.200897325477342,0.046156221510728304,0.19337710870928515
bio8_temp_media_trimestre_umido,Bio8 temp media trimestre umido,25.21789487941153,0.046156221510728304,0.19337710870928515
bio8_temp_media_trimestre_umido,Bio8 temp media trimestre umido,25.234892433345717,0.046156221510728304,0.19337710870928515
bio8_temp_media_trimestre_umido,Bio8 temp media trimestre umido,25.251889987279903,0.046156221510728304,0.19337710870928515
bio8_temp_media_trimestre_umido,Bio8 temp media trimestre umido,25.26888754121409,0.046156221510728304,0.19337710870928515
bio8_temp_media_trimestre_umido,Bio8 temp media trimestre umido,25.285885095148277,0.046156221510728304,0.19337710870928515
bio8_temp_media_trimestre_umido,Bio8 temp media trimestre umido,25.302882649082466,0.046156221510728304,0.19337710870928515
bio8_temp_media_trimestre_umido,Bio8 temp media trimestre umido,25.319880203016652,0.046156221510728304,0.19337710870928515
bio8_temp_media_trimestre_umido,Bio8 temp media trimestre umido,25.336877756950837,0.046156221510728304,0.19337710870928515
bio8_temp_media_trimestre_umido,Bio8 temp media trimestre umido,25.353875310885027,0.046156221510728304,0.19337710870928515
bio8_temp_media_trimestre_umido,Bio8 temp media trimestre umido,25.370872864819212,0.046156221510728304,0.19337710870928515
bio8_temp_media_trimestre_umido,Bio8 temp media trimestre umido,25.3878704187534,0.046156221510728304,0.19337710870928515
bio8_temp_media_trimestre_umido,Bio8 temp media trimestre umido,25.404867972687587,0.046156221510728304,0.19337710870928515
bio8_temp_media_trimestre_umido,Bio8 temp media trimestre umido,25.421865526621772,0.04638554321107906,0.19337710870928515
bio8_temp_media_trimestre_umido,Bio8 temp media trimestre umido,25.43886308055596,0.04638554321107906,0.19337710870928515
bio8_temp_media_trimestre_umido,Bio8 temp media trimestre umido,25.455860634490147,0.04638554321107906,0.19337710870928515
bio8_temp_media_trimestre_umido,Bio8 temp media trimestre umido,25.472858188424333,0.04638554321107906,0.19337710870928515
bio8_temp_media_trimestre_umido,Bio8 temp media trimestre umido,25.48985574235852,0.0458101353685225,0.19337710870928515
bio8_temp_media_trimestre_umido,Bio8 temp media trimestre umido,25.506853296292707,0.04525726365756277,0.19337710870928515
bio8_temp_media_trimestre_umido,Bio8 temp media trimestre umido,25.523850850226896,0.04449834901684795,0.19337710870928515
bio8_temp_media_trimestre_umido,Bio8 temp media trimestre umido,25.540848404161082,0.04449834901684795,0.19337710870928515
bio8_temp_media_trimestre_umido,Bio8 temp media trimestre umido,25.557845958095267,0.04449834901684795,0.19337710870928515
bio8_temp_media_trimestre_umido,Bio8 temp media trimestre umido,25.574843512029457,0.04449834901684795,0.19337710870928515
bio8_temp_media_trimestre_umido,Bio8 temp media trimestre umido,25.591841065963642,0.04449834901684795,0.19337710870928515
bio8_temp_media_trimestre_umido,Bio8 temp media trimestre umido,25.60883861989783,0.04449834901684795,0.19337710870928515
bio8_temp_media_trimestre_umido,Bio8 temp media trimestre umido,25.625836173832017,0.04449834901684795,0.19337710870928515
bio8_temp_media_trimestre_umido,Bio8 temp media trimestre umido,25.642833727766202,0.04449834901684795,0.19337710870928515
bio8_temp_media_trimestre_umido,Bio8 temp media trimestre umido,25.65983128170039,0.048847752389709405,0.19337710870928515
bio8_temp_media_trimestre_umido,Bio8 temp media trimestre umido,25.676828835634577,0.049116355288461144,0.19337710870928515
bio8_temp_media_trimestre_umido,Bio8 temp media trimestre umido,25.693826389568763,0.049116355288461144,0.19337710870928515
bio8_temp_media_trimestre_umido,Bio8 temp media trimestre umido,25.71082394350295,0.049324179493312983,0.19337710870928515
bio8_temp_media_trimestre_umido,Bio8 temp media trimestre umido,25.727821497437137,0.051000385945378535,0.19337710870928515
bio8_temp_media_trimestre_umido,Bio8 temp media trimestre umido,25.744819051371326,0.051192711416477354,0.19337710870928515
bio8_temp_media_trimestre_umido,Bio8 temp media trimestre umido,25.761816605305512,0.05717238624194474,0.19337710870928515
bio8_temp_media_trimestre_umido,Bio8 temp media trimestre umido,25.778814159239698,0.05609974129587039,0.19337710870928515
bio8_temp_media_trimestre_umido,Bio8 temp media trimestre umido,25.795811713173887,0.05045212639562704,0.19337710870928515
bio8_temp_media_trimestre_umido,Bio8 temp media trimestre umido,25.812809267108072,0.04939589950441711,0.19337710870928515
bio8_temp_media_trimestre_umido,Bio8 temp media trimestre umido,25.82980682104226,0.04889588118967072,0.19337710870928515
bio8_temp_media_trimestre_umido,Bio8 temp media trimestre umido,25.846804374976447,0.04889588118967072,0.19337710870928515
bio8_temp_media_trimestre_umido,Bio8 temp media trimestre umido,25.863801928910632,0.04881130666608162,0.19337710870928515
bio8_temp_media_trimestre_umido,Bio8 temp media trimestre umido,25.88079948284482,0.04881130666608162,0.19337710870928515
bio8_temp_media_trimestre_umido,Bio8 temp media trimestre umido,25.897797036779007,0.04881130666608162,0.19337710870928515
bio8_temp_media_trimestre_umido,Bio8 temp media trimestre umido,25.914794590713193,0.04881130666608162,0.19337710870928515
bio8_temp_media_trimestre_umido,Bio8 temp media trimestre umido,25.931792144647382,0.04881130666608162,0.19337710870928515
bio8_temp_media_trimestre_umido,Bio8 temp media trimestre umido,25.948789698581567,0.04881130666608162,0.19337710870928515
bio8_temp_media_trimestre_umido,Bio8 temp media trimestre umido,25.965787252515756,0.04881130666608162,0.19337710870928515
bio8_temp_media_trimestre_umido,Bio8 temp media trimestre umido,25.982784806449942,0.04881130666608162,0.19337710870928515
bio8_temp_media_trimestre_umido,Bio8 temp media trimestre umido,25.999782360384128,0.04881130666608162,0.19337710870928515
bio8_temp_media_trimestre_umido,Bio8 temp media trimestre umido,26.016779914318317,0.04881130666608162,0.19337710870928515
bio8_temp_media_trimestre_umido,Bio8 temp media trimestre umido,26.033777468252502,0.04881130666608162,0.19337710870928515
bio8_temp_media_trimestre_umido,Bio8 temp media trimestre umido,26.05077502218669,0.04881130666608162,0.19337710870928515
bio8_temp_media_trimestre_umido,Bio8 temp media trimestre umido,26.067772576120877,0.04881130666608162,0.19337710870928515
bio8_temp_media_trimestre_umido,Bio8 temp media trimestre umido,26.084770130055063,0.05966217338192138,0.19337710870928515
bio8_temp_media_trimestre_umido,Bio8 temp media trimestre umido,26.10176768398925,0.061447205931869496,0.19337710870928515
bio8_temp_media_trimestre_umido,Bio8 temp media trimestre umido,26.118765237923437,0.06060679767255587,0.19337710870928515
bio8_temp_media_trimestre_umido,Bio8 temp media trimestre umido,26.135762791857623,0.05756844331870183,0.19337710870928515
bio8_temp_media_trimestre_umido,Bio8 temp media trimestre umido,26.152760345791812,0.05236304845482679,0.19337710870928515
bio8_temp_media_trimestre_umido,Bio8 temp media trimestre umido,26.169757899725997,0.0526025880817536,0.19337710870928515
bio8_temp_media_trimestre_umido,Bio8 temp media trimestre umido,26.186755453660183,0.0526025880817536,0.19337710870928515
bio8_temp_media_trimestre_umido,Bio8 temp media trimestre umido,26.203753007594372,0.0526025880817536,0.19337710870928515
bio8_temp_media_trimestre_umido,Bio8 temp media trimestre umido,26.220750561528558,0.0526025880817536,0.19337710870928515
bio8_temp_media_trimestre_umido,Bio8 temp media trimestre umido,26.237748115462747,0.05247892870827524,0.19337710870928515
bio8_temp_media_trimestre_umido,Bio8 temp media trimestre umido,26.254745669396932,0.05345560233978914,0.19337710870928515
bio8_temp_media_trimestre_umido,Bio8 temp media trimestre umido,26.27174322333112,0.05345560233978914,0.19337710870928515
bio8_temp_media_trimestre_umido,Bio8 temp media trimestre umido,26.288740777265307,0.05093136706674894,0.19337710870928515
bio8_temp_media_trimestre_umido,Bio8 temp media trimestre umido,26.305738331199493,0.05093136706674894,0.19337710870928515
bio8_temp_media_trimestre_umido,Bio8 temp media trimestre umido,26.32273588513368,0.05093136706674894,0.19337710870928515
bio8_temp_media_trimestre_umido,Bio8 temp media trimestre umido,26.339733439067867,0.05093136706674894,0.19337710870928515
bio8_temp_media_trimestre_umido,Bio8 temp media trimestre umido,26.356730993002053,0.04995024571437052,0.19337710870928515
bio8_temp_media_trimestre_umido,Bio8 temp media trimestre umido,26.373728546936242,0.04995024571437052,0.19337710870928515
bio8_temp_media_trimestre_umido,Bio8 temp media trimestre umido,26.390726100870427,0.04572130089177076,0.19337710870928515
bio8_temp_media_trimestre_umido,Bio8 temp media trimestre umido,26.407723654804613,0.04572130089177076,0.19337710870928515
bio8_temp_media_trimestre_umido,Bio8 temp media trimestre umido,26.424721208738802,0.04572130089177076,0.19337710870928515
bio8_temp_media_trimestre_umido,Bio8 temp media trimestre umido,26.441718762672988,0.04437333574296926,0.19337710870928515
bio8_temp_media_trimestre_umido,Bio8 temp media trimestre umido,26.458716316607177,0.04056815146074759,0.19337710870928515
bio8_temp_media_trimestre_umido,Bio8 temp media trimestre umido,26.475713870541362,0.04056815146074759,0.19337710870928515
bio8_temp_media_trimestre_umido,Bio8 temp media trimestre umido,26.49271142447555,0.04056815146074759,0.19337710870928515
bio8_temp_media_trimestre_umido,Bio8 temp media trimestre umido,26.509708978409737,0.04056815146074759,0.19337710870928515
bio8_temp_media_trimestre_umido,Bio8 temp media trimestre umido,26.526706532343923,0.04056815146074759,0.19337710870928515
bio8_temp_media_trimestre_umido,Bio8 temp media trimestre umido,26.54370408627811,0.04056815146074759,0.19337710870928515
bio8_temp_media_trimestre_umido,Bio8 temp media trimestre umido,26.560701640212297,0.04056815146074759,0.19337710870928515
bio8_temp_media_trimestre_umido,Bio8 temp media trimestre umido,26.577699194146483,0.04056815146074759,0.19337710870928515
bio8_temp_media_trimestre_umido,Bio8 temp media trimestre umido,26.594696748080672,0.04056815146074759,0.19337710870928515
bio8_temp_media_trimestre_umido,Bio8 temp media trimestre umido,26.611694302014858,0.04056815146074759,0.19337710870928515
bio8_temp_media_trimestre_umido,Bio8 temp media trimestre umido,26.628691855949043,0.04056815146074759,0.19337710870928515
bio8_temp_media_trimestre_umido,Bio8 temp media trimestre umido,26.645689409883232,0.04056815146074759,0.19337710870928515
bio8_temp_media_trimestre_umido,Bio8 temp media trimestre umido,26.662686963817418,0.04056815146074759,0.19337710870928515
bio8_temp_media_trimestre_umido,Bio8 temp media trimestre umido,26.679684517751607,0.04056815146074759,0.19337710870928515
bio8_temp_media_trimestre_umido,Bio8 temp media trimestre umido,26.696682071685792,0.04056815146074759,0.19337710870928515
orientacao,Orientacao,1.7121238565444947,0.047835806022974776,0.155713058210418
orientacao,Orientacao,4.094393234892979,0.047835806022974776,0.155713058210418
orientacao,Orientacao,6.476662613241464,0.047835806022974776,0.155713058210418
orientacao,Orientacao,8.858931991589948,0.04872705007235886,0.155713058210418
orientacao,Orientacao,11.241201369938432,0.04730980196796371,0.155713058210418
orientacao,Orientacao,13.623470748286916,0.04654509438398516,0.155713058210418
orientacao,Orientacao,16.005740126635402,0.0457184654064181,0.155713058210418
orientacao,Orientacao,18.388009504983884,0.0457184654064181,0.155713058210418
orientacao,Orientacao,20.77027888333237,0.0457184654064181,0.155713058210418
orientacao,Orientacao,23.152548261680856,0.0457184654064181,0.155713058210418
orientacao,Orientacao,25.53481764002934,0.0457184654064181,0.155713058210418
orientacao,Orientacao,27.917087018377824,0.0457184654064181,0.155713058210418
orientacao,Orientacao,30.29935639672631,0.0457184654064181,0.155713058210418
orientacao,Orientacao,32.68162577507479,0.0459477863677438,0.155713058210418
orientacao,Orientacao,35.063895153423275,0.046201620110886035,0.155713058210418
orientacao,Orientacao,37.446164531771764,0.046201620110886035,0.155713058210418
orientacao,Orientacao,39.828433910120246,0.046201620110886035,0.155713058210418
orientacao,Orientacao,42.21070328846873,0.046886901728920787,0.155713058210418
orientacao,Orientacao,44.59297266681722,0.04738671987947727,0.155713058210418
orientacao,Orientacao,46.9752420451657,0.04783288306389508,0.155713058210418
orientacao,Orientacao,49.35751142351418,0.04783288306389508,0.155713058210418
orientacao,Orientacao,51.73978080186267,0.04783288306389508,0.155713058210418
orientacao,Orientacao,54.122050180211154,0.04784357552922927,0.155713058210418
orientacao,Orientacao,56.50431955855964,0.04784357552922927,0.155713058210418
orientacao,Orientacao,58.886588936908126,0.04784357552922927,0.155713058210418
orientacao,Orientacao,61.26885831525661,0.04809716948848163,0.155713058210418
orientacao,Orientacao,63.65112769360509,0.04809716948848163,0.155713058210418
orientacao,Orientacao,66.03339707195357,0.04788912726270502,0.155713058210418
orientacao,Orientacao,68.41566645030206,0.047718669747496396,0.155713058210418
orientacao,Orientacao,70.79793582865055,0.047718669747496396,0.155713058210418
orientacao,Orientacao,73.18020520699903,0.047718669747496396,0.155713058210418
orientacao,Orientacao,75.56247458534752,0.047718669747496396,0.155713058210418
orientacao,Orientacao,77.944743963696,0.047718669747496396,0.155713058210418
orientacao,Orientacao,80.32701334204448,0.047718669747496396,0.155713058210418
orientacao,Orientacao,82.70928272039296,0.047718669747496396,0.155713058210418
orientacao,Orientacao,85.09155209874145,0.047718669747496396,0.155713058210418
orientacao,Orientacao,87.47382147708994,0.047718669747496396,0.155713058210418
orientacao,Orientacao,89.85609085543842,0.047718669747496396,0.155713058210418
orientacao,Orientacao,92.2383602337869,0.047718669747496396,0.155713058210418
orientacao,Orientacao,94.62062961213539,0.047718669747496396,0.155713058210418
orientacao,Orientacao,97.00289899048387,0.047718669747496396,0.155713058210418
orientacao,Orientacao,99.38516836883235,0.047718669747496396,0.155713058210418
orientacao,Orientacao,101.76743774718085,0.047718669747496396,0.155713058210418
orientacao,Orientacao,104.14970712552933,0.047718669747496396,0.155713058210418
orientacao,Orientacao,106.53197650387781,0.047718669747496396,0.155713058210418
orientacao,Orientacao,108.9142458822263,0.047718669747496396,0.155713058210418
orientacao,Orientacao,111.29651526057478,0.047718669747496396,0.155713058210418
orientacao,Orientacao,113.67878463892326,0.047718669747496396,0.155713058210418
orientacao,Orientacao,116.06105401727176,0.047718669747496396,0.155713058210418
orientacao,Orientacao,118.44332339562024,0.047718669747496396,0.155713058210418
orientacao,Orientacao,120.82559277396872,0.047718669747496396,0.155713058210418
orientacao,Orientacao,123.2078621523172,0.047919822355726636,0.155713058210418
orientacao,Orientacao,125.59013153066569,0.047919822355726636,0.155713058210418
orientacao,Orientacao,127.97240090901417,0.047919822355726636,0.155713058210418
orientacao,Orientacao,130.35467028736267,0.047919822355726636,0.155713058210418
orientacao,Orientacao,132.73693966571116,0.047919822355726636,0.155713058210418
orientacao,Orientacao,135.11920904405963,0.047919822355726636,0.155713058210418
orientacao,Orientacao,137.50147842240813,0.047919822355726636,0.155713058210418
orientacao,Orientacao,139.88374780075662,0.047919822355726636,0.155713058210418
orientacao,Orientacao,142.2660171791051,0.04876368402505788,0.155713058210418
orientacao,Orientacao,144.6482865574536,0.04876368402505788,0.155713058210418
orientacao,Orientacao,147.03055593580206,0.04894468418737754,0.155713058210418
orientacao,Orientacao,149.41282531415055,0.04894468418737754,0.155713058210418
orientacao,Orientacao,151.79509469249902,0.04894468418737754,0.155713058210418
orientacao,Orientacao,154.17736407084752,0.04894468418737754,0.155713058210418
orientacao,Orientacao,156.559633449196,0.049116355288461144,0.155713058210418
orientacao,Orientacao,158.94190282754448,0.049116355288461144,0.155713058210418
orientacao,Orientacao,161.32417220589298,0.049116355288461144,0.155713058210418
orientacao,Orientacao,163.70644158424145,0.049116355288461144,0.155713058210418
orientacao,Orientacao,166.08871096258994,0.049116355288461144,0.155713058210418
orientacao,Orientacao,168.4709803409384,0.049116355288461144,0.155713058210418
orientacao,Orientacao,170.8532497192869,0.049116355288461144,0.155713058210418
orientacao,Orientacao,173.2355190976354,0.049116355288461144,0.155713058210418
orientacao,Orientacao,175.61778847598387,0.049116355288461144,0.155713058210418
orientacao,Orientacao,178.00005785433237,0.049116355288461144,0.155713058210418
orientacao,Orientacao,180.38232723268084,0.049116355288461144,0.155713058210418
orientacao,Orientacao,182.76459661102933,0.049116355288461144,0.155713058210418
orientacao,Orientacao,185.14686598937783,0.049116355288461144,0.155713058210418
orientacao,Orientacao,187.5291353677263,0.049116355288461144,0.155713058210418
orientacao,Orientacao,189.9114047460748,0.04938695202235989,0.155713058210418
orientacao,Orientacao,192.29367412442326,0.04999129780454871,0.155713058210418
orientacao,Orientacao,194.67594350277176,0.04999129780454871,0.155713058210418
orientacao,Orientacao,197.05821288112023,0.05128907548645693,0.155713058210418
orientacao,Orientacao,199.44048225946872,0.05128907548645693,0.155713058210418
orientacao,Orientacao,201.82275163781722,0.05128907548645693,0.155713058210418
orientacao,Orientacao,204.2050210161657,0.05128907548645693,0.155713058210418
orientacao,Orientacao,206.58729039451418,0.05128907548645693,0.155713058210418
orientacao,Orientacao,208.96955977286265,0.052298928445846715,0.155713058210418
orientacao,Orientacao,211.35182915121115,0.052298928445846715,0.155713058210418
orientacao,Orientacao,213.73409852955962,0.052298928445846715,0.155713058210418
orientacao,Orientacao,216.1163679079081,0.052298928445846715,0.155713058210418
orientacao,Orientacao,218.4986372862566,0.052298928445846715,0.155713058210418
orientacao,Orientacao,220.88090666460508,0.05139457690294264,0.155713058210418
orientacao,Orientacao,223.26317604295357,0.05139457690294264,0.155713058210418
orientacao,Orientacao,225.64544542130204,0.05139457690294264,0.155713058210418
orientacao,Orientacao,228.02771479965054,0.05139457690294264,0.155713058210418
orientacao,Orientacao,230.40998417799904,0.05139457690294264,0.155713058210418
orientacao,Orientacao,232.7922535563475,0.05139457690294264,0.155713058210418
orientacao,Orientacao,235.174522934696,0.05139457690294264,0.155713058210418
orientacao,Orientacao,237.55679231304447,0.05139457690294264,0.155713058210418
orientacao,Orientacao,239.93906169139296,0.05139457690294264,0.155713058210418
orientacao,Orientacao,242.32133106974143,0.05139457690294264,0.155713058210418
orientacao,Orientacao,244.70360044808993,0.05139457690294264,0.155713058210418
orientacao,Orientacao,247.08586982643843,0.05139457690294264,0.155713058210418
orientacao,Orientacao,249.4681392047869,0.05113975337659099,0.155713058210418
orientacao,Orientacao,251.8504085831354,0.05113975337659099,0.155713058210418
orientacao,Orientacao,254.23267796148386,0.05113975337659099,0.155713058210418
orientacao,Orientacao,256.6149473398323,0.05113975337659099,0.155713058210418
orientacao,Orientacao,258.9972167181808,0.05113975337659099,0.155713058210418
orientacao,Orientacao,261.3794860965293,0.0508782664928963,0.155713058210418
orientacao,Orientacao,263.7617554748778,0.05084937519095188,0.155713058210418
orientacao,Orientacao,266.1440248532263,0.05036643432926031,0.155713058210418
orientacao,Orientacao,268.52629423157475,0.05036643432926031,0.155713058210418
orientacao,Orientacao,270.90856360992325,0.05036643432926031,0.155713058210418
orientacao,Orientacao,273.29083298827175,0.05036643432926031,0.155713058210418
orientacao,Orientacao,275.67310236662024,0.05036643432926031,0.155713058210418
orientacao,Orientacao,278.05537174496874,0.05036643432926031,0.155713058210418
orientacao,Orientacao,280.4376411233172,0.05036643432926031,0.155713058210418
orientacao,Orientacao,282.8199105016657,0.05036643432926031,0.155713058210418
orientacao,Orientacao,285.20217988001417,0.05036643432926031,0.155713058210418
orientacao,Orientacao,287.58444925836267,0.05036643432926031,0.155713058210418
orientacao,Orientacao,289.9667186367111,0.0501265469351035,0.155713058210418
orientacao,Orientacao,292.3489880150596,0.0501265469351035,0.155713058210418
orientacao,Orientacao,294.7312573934081,0.0501265469351035,0.155713058210418
orientacao,Orientacao,297.1135267717566,0.04975445387575783,0.155713058210418
orientacao,Orientacao,299.4957961501051,0.049509380308213974,0.155713058210418
orientacao,Orientacao,301.87806552845353,0.049509380308213974,0.155713058210418
orientacao,Orientacao,304.26033490680203,0.049509380308213974,0.155713058210418
orientacao,Orientacao,306.6426042851505,0.049509380308213974,0.155713058210418
orientacao,Orientacao,309.024873663499,0.049509380308213974,0.155713058210418
orientacao,Orientacao,311.4071430418475,0.049509380308213974,0.155713058210418
orientacao,Orientacao,313.78941242019596,0.049509380308213974,0.155713058210418
orientacao,Orientacao,316.17168179854445,0.054720919918347655,0.155713058210418
orientacao,Orientacao,318.55395117689295,0.06441431488074442,0.155713058210418
orientacao,Orientacao,320.93622055524145,0.06441431488074442,0.155713058210418
orientacao,Orientacao,323.31848993358994,0.05837944499535612,0.155713058210418
orientacao,Orientacao,325.7007593119384,0.05777348123125118,0.155713058210418
orientacao,Orientacao,328.0830286902869,0.057059187048230195,0.155713058210418
orientacao,Orientacao,330.4652980686354,0.057059187048230195,0.155713058210418
orientacao,Orientacao,332.8475674469839,0.057059187048230195,0.155713058210418
orientacao,Orientacao,335.2298368253323,0.056789152553614386,0.155713058210418
orientacao,Orientacao,337.6121062036808,0.056789152553614386,0.155713058210418
orientacao,Orientacao,339.9943755820293,0.056789152553614386,0.155713058210418
orientacao,Orientacao,342.3766449603778,0.056789152553614386,0.155713058210418
orientacao,Orientacao,344.7589143387263,0.05452752196144325,0.155713058210418
orientacao,Orientacao,347.14118371707474,0.05490369631130509,0.155713058210418
orientacao,Orientacao,349.52345309542324,0.05490369631130509,0.155713058210418
orientacao,Orientacao,351.90572247377173,0.06308669469900603,0.155713058210418
orientacao,Orientacao,354.28799185212023,0.06308669469900603,0.155713058210418
orientacao,Orientacao,356.6702612304687,0.06308669469900603,0.155713058210418
