lon,lat,incerteza,cenario
-60.41666666666667,5.083333333333336,0.034018850711452504,ssp126
-60.25,5.083333333333336,0.11649689664316443,ssp126
-60.41666666666667,4.916666666666669,0.02548779627339049,ssp126
-60.25,4.916666666666669,0.026026929199624255,ssp126
-60.583333333333336,4.750000000000003,0.037300064493278974,ssp126
-60.41666666666667,4.750000000000003,0.0393881876461612,ssp126
-60.25,4.750000000000003,0.03941849267868096,ssp126
-60.75,4.583333333333336,0.03853118736202623,ssp126
-60.583333333333336,4.583333333333336,0.03881813288349226,ssp126
-60.41666666666667,4.583333333333336,0.03599920079906477,ssp126
-60.25,4.583333333333336,0.031660428866148393,ssp126
-61.083333333333336,4.416666666666669,0.04248611702883472,ssp126
-60.91666666666667,4.416666666666669,0.09402788739101846,ssp126
-60.75,4.416666666666669,0.06017142408635209,ssp126
-60.583333333333336,4.416666666666669,0.09283045448521271,ssp126
-60.41666666666667,4.416666666666669,0.04285153514524121,ssp126
-60.25,4.416666666666669,0.03654306673598746,ssp126
-60.083333333333336,4.416666666666669,0.030649175613685055,ssp126
-61.41666666666667,4.250000000000003,0.14895503493489162,ssp126
-61.25,4.250000000000003,0.23405418302318273,ssp126
-61.083333333333336,4.250000000000003,0.24066091929642258,ssp126
-60.91666666666667,4.250000000000003,0.214423325234206,ssp126
-60.75,4.250000000000003,0.15781803288248344,ssp126
-60.583333333333336,4.250000000000003,0.13886519621416926,ssp126
-60.41666666666667,4.250000000000003,0.10925453622602443,ssp126
-60.25,4.250000000000003,0.04854514197514388,ssp126
-60.083333333333336,4.250000000000003,0.04499580440912366,ssp126
-59.91666666666667,4.250000000000003,0.0393401149963537,ssp126
-61.75,4.083333333333336,0.09225679632598797,ssp126
-61.583333333333336,4.083333333333336,0.25626569554729306,ssp126
-61.41666666666667,4.083333333333336,0.22798171946243703,ssp126
-61.25,4.083333333333336,0.14849780169195706,ssp126
-61.083333333333336,4.083333333333336,0.11680138109028705,ssp126
-60.91666666666667,4.083333333333336,0.11958209594152867,ssp126
-60.75,4.083333333333336,0.1353949736757835,ssp126
-60.583333333333336,4.083333333333336,0.08341693014037063,ssp126
-60.41666666666667,4.083333333333336,0.10833918298965747,ssp126
-60.25,4.083333333333336,0.10192495219244913,ssp126
-60.083333333333336,4.083333333333336,0.09707745483249111,ssp126
-59.91666666666667,4.083333333333336,0.04834632001759642,ssp126
-51.41666666666667,4.083333333333336,0.23871497963244448,ssp126
-64.25,3.916666666666669,0.045154939764641085,ssp126
-62.583333333333336,3.916666666666669,0.08104303820191718,ssp126
-62.41666666666667,3.916666666666669,0.1033558287611633,ssp126
-62.25,3.916666666666669,0.0542638642669736,ssp126
-62.083333333333336,3.916666666666669,0.10711449454765994,ssp126
-61.91666666666667,3.916666666666669,0.13584389360790458,ssp126
-61.75,3.916666666666669,0.1232879484420738,ssp126
-61.583333333333336,3.916666666666669,0.17917843011129247,ssp126
-61.41666666666667,3.916666666666669,0.09681109518932508,ssp126
-61.25,3.916666666666669,0.10062775548734698,ssp126
-61.083333333333336,3.916666666666669,0.09478601552854883,ssp126
-60.91666666666667,3.916666666666669,0.09370898473106234,ssp126
-60.75,3.916666666666669,0.09424865917360936,ssp126
-60.583333333333336,3.916666666666669,0.07526589344937402,ssp126
-60.41666666666667,3.916666666666669,0.08158850594246297,ssp126
-60.25,3.916666666666669,0.09527873769909252,ssp126
-60.083333333333336,3.916666666666669,0.09103212866360534,ssp126
-59.91666666666667,3.916666666666669,0.09838191952196555,ssp126
-59.75,3.916666666666669,0.13572806222075054,ssp126
-51.583333333333336,3.916666666666669,0.2736691535215373,ssp126
-51.41666666666667,3.916666666666669,0.25644744145452036,ssp126
-64.08333333333333,3.7500000000000027,0.0426081669201956,ssp126
-63.91666666666667,3.7500000000000027,0.04182008027628402,ssp126
-63.75,3.7500000000000027,0.036646259299585364,ssp126
-63.583333333333336,3.7500000000000027,0.019901443946501448,ssp126
-63.41666666666667,3.7500000000000027,0.06638007052407349,ssp126
-62.583333333333336,3.7500000000000027,0.16794290972593376,ssp126
-62.41666666666667,3.7500000000000027,0.0656196555082312,ssp126
-62.25,3.7500000000000027,0.06298405095189429,ssp126
-62.083333333333336,3.7500000000000027,0.0955619559652201,ssp126
-61.91666666666667,3.7500000000000027,0.12624787932827022,ssp126
-61.75,3.7500000000000027,0.05988587424649053,ssp126
-61.583333333333336,3.7500000000000027,0.11420807067681664,ssp126
-61.41666666666667,3.7500000000000027,0.09418655055977222,ssp126
-61.25,3.7500000000000027,0.0936290823328668,ssp126
-61.083333333333336,3.7500000000000027,0.09841417404078742,ssp126
-60.91666666666667,3.7500000000000027,0.09634721763824525,ssp126
-60.75,3.7500000000000027,0.09928207805350124,ssp126
-60.583333333333336,3.7500000000000027,0.09452131107954671,ssp126
-60.41666666666667,3.7500000000000027,0.09388626983592543,ssp126
-60.25,3.7500000000000027,0.09190987774224824,ssp126
-60.083333333333336,3.7500000000000027,0.10806212340478674,ssp126
-59.91666666666667,3.7500000000000027,0.10326360325988977,ssp126
-51.75,3.7500000000000027,0.2744270822910656,ssp126
-51.583333333333336,3.7500000000000027,0.27274756881825407,ssp126
-51.41666666666667,3.7500000000000027,0.23637397896894968,ssp126
-51.25,3.7500000000000027,0.23180316781270927,ssp126
-63.91666666666667,3.5833333333333357,0.020288223457905825,ssp126
-63.75,3.5833333333333357,0.06008337814080011,ssp126
-63.583333333333336,3.5833333333333357,0.040988490833631736,ssp126
-63.41666666666667,3.5833333333333357,0.037121423351999715,ssp126
-63.25,3.5833333333333357,0.07016534121681278,ssp126
-63.083333333333336,3.5833333333333357,0.2002837201648716,ssp126
-62.91666666666667,3.5833333333333357,0.02416075202774231,ssp126
-62.75,3.5833333333333357,0.017033344153511838,ssp126
-62.583333333333336,3.5833333333333357,0.07731031546231897,ssp126
-62.41666666666667,3.5833333333333357,0.07955547399465909,ssp126
-62.25,3.5833333333333357,0.06551545181449715,ssp126
-62.083333333333336,3.5833333333333357,0.06745152572728946,ssp126
-61.91666666666667,3.5833333333333357,0.10313355457711032,ssp126
-61.75,3.5833333333333357,0.10768641590012903,ssp126
-61.583333333333336,3.5833333333333357,0.09161831747730696,ssp126
-61.41666666666667,3.5833333333333357,0.10088652110793245,ssp126
-61.25,3.5833333333333357,0.09425716783369323,ssp126
-61.083333333333336,3.5833333333333357,0.09933592706095254,ssp126
-60.91666666666667,3.5833333333333357,0.09716076397608367,ssp126
-60.75,3.5833333333333357,0.08911368284431616,ssp126
-60.583333333333336,3.5833333333333357,0.09896504937605163,ssp126
-60.41666666666667,3.5833333333333357,0.08867401605916277,ssp126
-60.25,3.5833333333333357,0.09432229096973455,ssp126
-60.083333333333336,3.5833333333333357,0.09111086173941456,ssp126
-59.91666666666667,3.5833333333333357,0.07882280336556864,ssp126
-51.75,3.5833333333333357,0.25421980308942693,ssp126
-51.583333333333336,3.5833333333333357,0.2385327551347455,ssp126
-51.41666666666667,3.5833333333333357,0.22317290577773044,ssp126
-51.25,3.5833333333333357,0.2170892945102687,ssp126
-63.91666666666667,3.416666666666669,0.026085456275664057,ssp126
-63.75,3.416666666666669,0.013277731078764964,ssp126
-63.583333333333336,3.416666666666669,0.018971831234311273,ssp126
-63.41666666666667,3.416666666666669,0.024459193912543364,ssp126
-63.25,3.416666666666669,0.03624382824633054,ssp126
-63.083333333333336,3.416666666666669,0.07007260081957206,ssp126
-62.91666666666667,3.416666666666669,0.12081738108750364,ssp126
-62.75,3.416666666666669,0.07469405173453547,ssp126
-62.583333333333336,3.416666666666669,0.058274758616088655,ssp126
-62.41666666666667,3.416666666666669,0.03944237524433262,ssp126
-62.25,3.416666666666669,0.06679966183926174,ssp126
-62.083333333333336,3.416666666666669,0.08408703675944908,ssp126
-61.91666666666667,3.416666666666669,0.10620425012496942,ssp126
-61.75,3.416666666666669,0.12010672508833549,ssp126
-61.583333333333336,3.416666666666669,0.08446751539804255,ssp126
-61.41666666666667,3.416666666666669,0.09081164353665815,ssp126
-61.25,3.416666666666669,0.09219425316515299,ssp126
-61.083333333333336,3.416666666666669,0.09797104605378221,ssp126
-60.91666666666667,3.416666666666669,0.08918164390368569,ssp126
-60.75,3.416666666666669,0.0874749362380993,ssp126
-60.583333333333336,3.416666666666669,0.08850173510364748,ssp126
-60.41666666666667,3.416666666666669,0.09260993987818722,ssp126
-60.25,3.416666666666669,0.10776526159405522,ssp126
-60.083333333333336,3.416666666666669,0.09142740629930518,ssp126
-59.91666666666667,3.416666666666669,0.12225491409134134,ssp126
-51.91666666666667,3.416666666666669,0.23880113164069558,ssp126
-51.75,3.416666666666669,0.21726174772559093,ssp126
-51.583333333333336,3.416666666666669,0.20676268085689634,ssp126
-51.41666666666667,3.416666666666669,0.20654993551801057,ssp126
-51.25,3.416666666666669,0.1640700576052867,ssp126
-63.91666666666667,3.2500000000000027,0.013889607628229085,ssp126
-63.75,3.2500000000000027,0.021296085924729872,ssp126
-63.583333333333336,3.2500000000000027,0.0309666442613551,ssp126
-63.41666666666667,3.2500000000000027,0.02508308261790291,ssp126
-63.25,3.2500000000000027,0.02246972950797307,ssp126
-63.083333333333336,3.2500000000000027,0.06421382731012765,ssp126
-62.91666666666667,3.2500000000000027,0.044112652597399715,ssp126
-62.75,3.2500000000000027,0.050888850435971,ssp126
-62.583333333333336,3.2500000000000027,0.05585032091981955,ssp126
-62.41666666666667,3.2500000000000027,0.051150884984178344,ssp126
-62.25,3.2500000000000027,0.05212907440083079,ssp126
-62.083333333333336,3.2500000000000027,0.06236134277215765,ssp126
-61.91666666666667,3.2500000000000027,0.08136560283198502,ssp126
-61.75,3.2500000000000027,0.0954720103599411,ssp126
-61.583333333333336,3.2500000000000027,0.0847761684011186,ssp126
-61.41666666666667,3.2500000000000027,0.09119306875600904,ssp126
-61.25,3.2500000000000027,0.11852488561749394,ssp126
-61.083333333333336,3.2500000000000027,0.08397532294977803,ssp126
-60.91666666666667,3.2500000000000027,0.08348502082442116,ssp126
-60.75,3.2500000000000027,0.08505092828125273,ssp126
-60.583333333333336,3.2500000000000027,0.08962500017818054,ssp126
-60.41666666666667,3.2500000000000027,0.10710413428111491,ssp126
-60.25,3.2500000000000027,0.09870382505230398,ssp126
-60.083333333333336,3.2500000000000027,0.07074160465923691,ssp126
-52.083333333333336,3.2500000000000027,0.25854372960983096,ssp126
-51.91666666666667,3.2500000000000027,0.24804956459236682,ssp126
-51.75,3.2500000000000027,0.22423005484712702,ssp126
-51.583333333333336,3.2500000000000027,0.20160312880683778,ssp126
-51.41666666666667,3.2500000000000027,0.19560172489584293,ssp126
-51.25,3.2500000000000027,0.22014627612751583,ssp126
-63.91666666666667,3.0833333333333357,0.03137443549893928,ssp126
-63.75,3.0833333333333357,0.013795473462545891,ssp126
-63.583333333333336,3.0833333333333357,0.02963610580192457,ssp126
-63.41666666666667,3.0833333333333357,0.015268779145715243,ssp126
-63.25,3.0833333333333357,0.008195071289130154,ssp126
-63.083333333333336,3.0833333333333357,0.02668050767190472,ssp126
-62.91666666666667,3.0833333333333357,0.04630783053690849,ssp126
-62.75,3.0833333333333357,0.04245238679071272,ssp126
-62.583333333333336,3.0833333333333357,0.042140332596606,ssp126
-62.41666666666667,3.0833333333333357,0.042176061905084335,ssp126
-62.25,3.0833333333333357,0.04391055749181784,ssp126
-62.083333333333336,3.0833333333333357,0.04766297527857996,ssp126
-61.91666666666667,3.0833333333333357,0.07054609248978255,ssp126
-61.75,3.0833333333333357,0.09230663032306337,ssp126
-61.583333333333336,3.0833333333333357,0.0883837672164257,ssp126
-61.41666666666667,3.0833333333333357,0.09862620155890407,ssp126
-61.25,3.0833333333333357,0.10492001418484763,ssp126
-61.083333333333336,3.0833333333333357,0.09545609143263621,ssp126
-60.91666666666667,3.0833333333333357,0.09437901695775074,ssp126
-60.75,3.0833333333333357,0.09433839919337622,ssp126
-60.583333333333336,3.0833333333333357,0.09299310569012124,ssp126
-60.41666666666667,3.0833333333333357,0.10426373023749502,ssp126
-60.25,3.0833333333333357,0.09615280657867223,ssp126
-60.083333333333336,3.0833333333333357,0.08863844865527622,ssp126
-52.083333333333336,3.0833333333333357,0.2563415737356242,ssp126
-51.91666666666667,3.0833333333333357,0.23781520122427807,ssp126
-51.75,3.0833333333333357,0.24490351483183342,ssp126
-51.583333333333336,3.0833333333333357,0.20434815151186658,ssp126
-51.41666666666667,3.0833333333333357,0.20752257316631428,ssp126
-51.25,3.0833333333333357,0.21895830007127132,ssp126
-63.91666666666667,2.916666666666669,0.030140696810394517,ssp126
-63.75,2.916666666666669,0.01535024318016298,ssp126
-63.583333333333336,2.916666666666669,0.023189797957407055,ssp126
-63.41666666666667,2.916666666666669,0.024581788916536267,ssp126
-63.25,2.916666666666669,0.030106342332074876,ssp126
-63.083333333333336,2.916666666666669,0.05518628365319378,ssp126
-62.91666666666667,2.916666666666669,0.05963447900994666,ssp126
-62.75,2.916666666666669,0.05396204230800899,ssp126
-62.583333333333336,2.916666666666669,0.05266785068531851,ssp126
-62.41666666666667,2.916666666666669,0.05377572139457703,ssp126
-62.25,2.916666666666669,0.0546673830901147,ssp126
-62.083333333333336,2.916666666666669,0.049086868148780105,ssp126
-61.91666666666667,2.916666666666669,0.06876750886676294,ssp126
-61.75,2.916666666666669,0.10598081561535858,ssp126
-61.583333333333336,2.916666666666669,0.09300133650337364,ssp126
-61.41666666666667,2.916666666666669,0.09405097052364277,ssp126
-61.25,2.916666666666669,0.0949715428315482,ssp126
-61.083333333333336,2.916666666666669,0.08993403455727282,ssp126
-60.91666666666667,2.916666666666669,0.09239243286881109,ssp126
-60.75,2.916666666666669,0.09349305631460092,ssp126
-60.583333333333336,2.916666666666669,0.1086512207474228,ssp126
-60.41666666666667,2.916666666666669,0.10856499751373518,ssp126
-60.25,2.916666666666669,0.09578324277913472,ssp126
-60.083333333333336,2.916666666666669,0.10358063652785415,ssp126
-52.25,2.916666666666669,0.27783597381760106,ssp126
-52.083333333333336,2.916666666666669,0.26141856897714977,ssp126
-51.91666666666667,2.916666666666669,0.23031447026358912,ssp126
-51.75,2.916666666666669,0.228005301517799,ssp126
-51.583333333333336,2.916666666666669,0.23724145315708317,ssp126
-51.41666666666667,2.916666666666669,0.2205303906517604,ssp126
-51.25,2.916666666666669,0.22437680972594684,ssp126
-63.91666666666667,2.7500000000000027,0.014920489817031257,ssp126
-63.75,2.7500000000000027,0.012850717070799102,ssp126
-63.583333333333336,2.7500000000000027,0.015372258180124521,ssp126
-63.41666666666667,2.7500000000000027,0.014002381503316827,ssp126
-63.25,2.7500000000000027,0.06588028749035303,ssp126
-63.083333333333336,2.7500000000000027,0.06792552411775138,ssp126
-62.91666666666667,2.7500000000000027,0.05250266847995788,ssp126
-62.75,2.7500000000000027,0.05751650739194388,ssp126
-62.583333333333336,2.7500000000000027,0.07712703617338683,ssp126
-62.41666666666667,2.7500000000000027,0.05853541907402488,ssp126
-62.25,2.7500000000000027,0.07438685395623133,ssp126
-62.083333333333336,2.7500000000000027,0.07931256540468205,ssp126
-61.91666666666667,2.7500000000000027,0.09176598322189389,ssp126
-61.75,2.7500000000000027,0.09569591750893477,ssp126
-61.583333333333336,2.7500000000000027,0.09061310169200996,ssp126
-61.41666666666667,2.7500000000000027,0.09128906258195361,ssp126
-61.25,2.7500000000000027,0.09763290362298381,ssp126
-61.083333333333336,2.7500000000000027,0.09339851997364837,ssp126
-60.91666666666667,2.7500000000000027,0.08651349322492903,ssp126
-60.75,2.7500000000000027,0.11486421346687224,ssp126
-60.583333333333336,2.7500000000000027,0.11388265404684712,ssp126
-60.41666666666667,2.7500000000000027,0.10998061346799755,ssp126
-60.25,2.7500000000000027,0.09735259639838349,ssp126
-60.083333333333336,2.7500000000000027,0.09348277560252768,ssp126
-52.25,2.7500000000000027,0.285391045808929,ssp126
-52.083333333333336,2.7500000000000027,0.2604161263722885,ssp126
-51.91666666666667,2.7500000000000027,0.2367370993847571,ssp126
-51.75,2.7500000000000027,0.20963618086383962,ssp126
-51.583333333333336,2.7500000000000027,0.23395799359306813,ssp126
-51.41666666666667,2.7500000000000027,0.21407558742395305,ssp126
-51.25,2.7500000000000027,0.20639628933957838,ssp126
-51.083333333333336,2.7500000000000027,0.2274946783654919,ssp126
-63.91666666666667,2.5833333333333357,0.011574445146503517,ssp126
-63.75,2.5833333333333357,0.01099530531002414,ssp126
-63.583333333333336,2.5833333333333357,0.010511004764060496,ssp126
-63.41666666666667,2.5833333333333357,0.016106582829294724,ssp126
-63.25,2.5833333333333357,0.016364233460049574,ssp126
-63.083333333333336,2.5833333333333357,0.07421288024171382,ssp126
-62.91666666666667,2.5833333333333357,0.041434853583472694,ssp126
-62.75,2.5833333333333357,0.05455970736110685,ssp126
-62.583333333333336,2.5833333333333357,0.04663636599132491,ssp126
-62.41666666666667,2.5833333333333357,0.04205367432802467,ssp126
-62.25,2.5833333333333357,0.07447643937411089,ssp126
-62.083333333333336,2.5833333333333357,0.08932541237908209,ssp126
-61.91666666666667,2.5833333333333357,0.09760470282148474,ssp126
-61.75,2.5833333333333357,0.09184823004209285,ssp126
-61.583333333333336,2.5833333333333357,0.11005405413020669,ssp126
-61.41666666666667,2.5833333333333357,0.10024403148809996,ssp126
-61.25,2.5833333333333357,0.11257499423530087,ssp126
-61.083333333333336,2.5833333333333357,0.09848123532726095,ssp126
-60.91666666666667,2.5833333333333357,0.09722567750400275,ssp126
-60.75,2.5833333333333357,0.10913067021231873,ssp126
-60.583333333333336,2.5833333333333357,0.12752706153900223,ssp126
-60.41666666666667,2.5833333333333357,0.14669233404663978,ssp126
-60.25,2.5833333333333357,0.11456072930093775,ssp126
-60.083333333333336,2.5833333333333357,0.07774928157950194,ssp126
-52.41666666666667,2.5833333333333357,0.26867827208648454,ssp126
-52.25,2.5833333333333357,0.2477437084669038,ssp126
-52.083333333333336,2.5833333333333357,0.2729015810648598,ssp126
-51.91666666666667,2.5833333333333357,0.24022778110802953,ssp126
-51.75,2.5833333333333357,0.21692962914757594,ssp126
-51.583333333333336,2.5833333333333357,0.2116148675043782,ssp126
-51.41666666666667,2.5833333333333357,0.21060324508532824,ssp126
-51.25,2.5833333333333357,0.2096734995226428,ssp126
-51.083333333333336,2.5833333333333357,0.21533183074656376,ssp126
-63.25,2.416666666666669,0.016967488372854424,ssp126
-63.083333333333336,2.416666666666669,0.03945472495728765,ssp126
-62.91666666666667,2.416666666666669,0.04582476467229861,ssp126
-62.75,2.416666666666669,0.054407466962531105,ssp126
-62.583333333333336,2.416666666666669,0.0754592549937398,ssp126
-62.41666666666667,2.416666666666669,0.08378651420058775,ssp126
-62.25,2.416666666666669,0.09585759592546231,ssp126
-62.083333333333336,2.416666666666669,0.09222863537881018,ssp126
-61.91666666666667,2.416666666666669,0.08527823442242913,ssp126
-61.75,2.416666666666669,0.08436367543468266,ssp126
-61.583333333333336,2.416666666666669,0.09367748097880334,ssp126
-61.41666666666667,2.416666666666669,0.05050946842423762,ssp126
-61.25,2.416666666666669,0.1000281573007245,ssp126
-61.083333333333336,2.416666666666669,0.09623482965109625,ssp126
-60.91666666666667,2.416666666666669,0.10413516869017124,ssp126
-60.75,2.416666666666669,0.1214114746890699,ssp126
-60.583333333333336,2.416666666666669,0.13490407138030877,ssp126
-60.41666666666667,2.416666666666669,0.09596969489364694,ssp126
-60.25,2.416666666666669,0.08445089000273817,ssp126
-60.083333333333336,2.416666666666669,0.09371814246232657,ssp126
-55.25,2.416666666666669,0.06508332681004389,ssp126
-55.083333333333336,2.416666666666669,0.08153747230542335,ssp126
-52.41666666666667,2.416666666666669,0.28128968379619373,ssp126
-52.25,2.416666666666669,0.2622672233017787,ssp126
-52.083333333333336,2.416666666666669,0.2653609051346828,ssp126
-51.91666666666667,2.416666666666669,0.23154488295325568,ssp126
-51.75,2.416666666666669,0.218663064145179,ssp126
-51.583333333333336,2.416666666666669,0.2027995048368397,ssp126
-51.41666666666667,2.416666666666669,0.2032319866657534,ssp126
-51.25,2.416666666666669,0.21070567564415832,ssp126
-51.083333333333336,2.416666666666669,0.21133014121743418,ssp126
-50.91666666666667,2.416666666666669,0.28329031641398056,ssp126
-63.25,2.2500000000000027,0.015146736286273303,ssp126
-63.083333333333336,2.2500000000000027,0.07831022201868054,ssp126
-62.91666666666667,2.2500000000000027,0.06426672233961916,ssp126
-62.75,2.2500000000000027,0.06525359815300134,ssp126
-62.583333333333336,2.2500000000000027,0.07992471675075742,ssp126
-62.41666666666667,2.2500000000000027,0.09250452900825049,ssp126
-62.25,2.2500000000000027,0.10025468954319477,ssp126
-62.083333333333336,2.2500000000000027,0.0953584553359806,ssp126
-61.91666666666667,2.2500000000000027,0.06628584949257676,ssp126
-61.75,2.2500000000000027,0.09041342409060144,ssp126
-61.583333333333336,2.2500000000000027,0.10083760894076511,ssp126
-61.41666666666667,2.2500000000000027,0.11260058642610807,ssp126
-61.25,2.2500000000000027,0.12058622119331927,ssp126
-61.083333333333336,2.2500000000000027,0.102127654641424,ssp126
-60.91666666666667,2.2500000000000027,0.11595893252714856,ssp126
-60.75,2.2500000000000027,0.12991965716899467,ssp126
-60.583333333333336,2.2500000000000027,0.1327534760010079,ssp126
-60.41666666666667,2.2500000000000027,0.11548650855845687,ssp126
-60.25,2.2500000000000027,0.05840884277592794,ssp126
-60.083333333333336,2.2500000000000027,0.08794743153636576,ssp126
-55.91666666666667,2.2500000000000027,0.06623598349548647,ssp126
-55.75,2.2500000000000027,0.05854809937385465,ssp126
-55.583333333333336,2.2500000000000027,0.010238932665417234,ssp126
-55.41666666666667,2.2500000000000027,0.06764346896812268,ssp126
-55.25,2.2500000000000027,0.053507385751150154,ssp126
-55.083333333333336,2.2500000000000027,0.0758106212737392,ssp126
-54.91666666666667,2.2500000000000027,0.07730190430068931,ssp126
-54.75,2.2500000000000027,0.07627503986869949,ssp126
-52.583333333333336,2.2500000000000027,0.23120045866143574,ssp126
-52.41666666666667,2.2500000000000027,0.2569176913930241,ssp126
-52.25,2.2500000000000027,0.26975346441759057,ssp126
-52.083333333333336,2.2500000000000027,0.24463242245985894,ssp126
-51.91666666666667,2.2500000000000027,0.2502213441530803,ssp126
-51.75,2.2500000000000027,0.24557598949032208,ssp126
-51.583333333333336,2.2500000000000027,0.23350060374246007,ssp126
-51.41666666666667,2.2500000000000027,0.20371888410933497,ssp126
-51.25,2.2500000000000027,0.2196734978650476,ssp126
-51.083333333333336,2.2500000000000027,0.21164744042953842,ssp126
-50.91666666666667,2.2500000000000027,0.29472015668294904,ssp126
-63.25,2.0833333333333357,0.08250487919415007,ssp126
-63.083333333333336,2.0833333333333357,0.08863128586232488,ssp126
-62.91666666666667,2.0833333333333357,0.07023591005678019,ssp126
-62.75,2.0833333333333357,0.08016635188965905,ssp126
-62.583333333333336,2.0833333333333357,0.09472463156827947,ssp126
-62.41666666666667,2.0833333333333357,0.11227677015053218,ssp126
-62.25,2.0833333333333357,0.10865320980134471,ssp126
-62.083333333333336,2.0833333333333357,0.10980103898198836,ssp126
-61.91666666666667,2.0833333333333357,0.08519076750395747,ssp126
-61.75,2.0833333333333357,0.09065286120262533,ssp126
-61.583333333333336,2.0833333333333357,0.09871137652266825,ssp126
-61.41666666666667,2.0833333333333357,0.10442769758412562,ssp126
-61.25,2.0833333333333357,0.10799187854275034,ssp126
-61.083333333333336,2.0833333333333357,0.10589740019174303,ssp126
-60.91666666666667,2.0833333333333357,0.12112774903517436,ssp126
-60.75,2.0833333333333357,0.09049238515056904,ssp126
-60.583333333333336,2.0833333333333357,0.10929289175230403,ssp126
-60.41666666666667,2.0833333333333357,0.09910541826810326,ssp126
-60.25,2.0833333333333357,0.06925111573209247,ssp126
-60.083333333333336,2.0833333333333357,0.07549815046570857,ssp126
-59.91666666666667,2.0833333333333357,0.08290112347509847,ssp126
-55.91666666666667,2.0833333333333357,0.08407533771034938,ssp126
-55.75,2.0833333333333357,0.09491693538436388,ssp126
-55.583333333333336,2.0833333333333357,0.052083207941933406,ssp126
-55.41666666666667,2.0833333333333357,0.05765728675103172,ssp126
-55.25,2.0833333333333357,0.06772537379527369,ssp126
-55.083333333333336,2.0833333333333357,0.06319278681549274,ssp126
-54.91666666666667,2.0833333333333357,0.07057313542501459,ssp126
-54.75,2.0833333333333357,0.08002987807196053,ssp126
-54.583333333333336,2.0833333333333357,0.11221074887577408,ssp126
-54.41666666666667,2.0833333333333357,0.12041463746468739,ssp126
-54.25,2.0833333333333357,0.10059768804531335,ssp126
-54.083333333333336,2.0833333333333357,0.13457201506160185,ssp126
-53.91666666666667,2.0833333333333357,0.10786327217964467,ssp126
-53.75,2.0833333333333357,0.13100018120162352,ssp126
-53.583333333333336,2.0833333333333357,0.1353914229397997,ssp126
-53.41666666666667,2.0833333333333357,0.15011979598754305,ssp126
-53.25,2.0833333333333357,0.14538251244739153,ssp126
-53.083333333333336,2.0833333333333357,0.22223313883178683,ssp126
-52.91666666666667,2.0833333333333357,0.24688579369199234,ssp126
-52.75,2.0833333333333357,0.2497392921593962,ssp126
-52.583333333333336,2.0833333333333357,0.24503839506976954,ssp126
-52.41666666666667,2.0833333333333357,0.21189461674308638,ssp126
-52.25,2.0833333333333357,0.22127251819788102,ssp126
-52.083333333333336,2.0833333333333357,0.23846869194369166,ssp126
-51.91666666666667,2.0833333333333357,0.2548650867774323,ssp126
-51.75,2.0833333333333357,0.262713236668044,ssp126
-51.583333333333336,2.0833333333333357,0.24380157753168633,ssp126
-51.41666666666667,2.0833333333333357,0.21145058003530293,ssp126
-51.25,2.0833333333333357,0.2227371744687518,ssp126
-51.083333333333336,2.0833333333333357,0.22748700069946745,ssp126
-50.91666666666667,2.0833333333333357,0.2713101530312944,ssp126
-50.75,2.0833333333333357,0.1474247488555894,ssp126
-50.583333333333336,2.0833333333333357,0.13541450115757941,ssp126
-67.58333333333333,1.9166666666666692,0.0660550471357386,ssp126
-67.41666666666667,1.9166666666666692,0.0656843709097235,ssp126
-63.583333333333336,1.9166666666666692,0.2546215416345223,ssp126
-63.41666666666667,1.9166666666666692,0.2872331402844454,ssp126
-63.25,1.9166666666666692,0.22065466822269103,ssp126
-63.083333333333336,1.9166666666666692,0.09762098139863218,ssp126
-62.91666666666667,1.9166666666666692,0.11333546889133192,ssp126
-62.75,1.9166666666666692,0.10384397790784078,ssp126
-62.583333333333336,1.9166666666666692,0.10045056652458655,ssp126
-62.41666666666667,1.9166666666666692,0.10095686968299426,ssp126
-62.25,1.9166666666666692,0.12051725072109504,ssp126
-62.083333333333336,1.9166666666666692,0.15856012352652382,ssp126
-61.91666666666667,1.9166666666666692,0.2620934645815866,ssp126
-61.75,1.9166666666666692,0.24024923689895816,ssp126
-61.583333333333336,1.9166666666666692,0.16870937823561294,ssp126
-61.41666666666667,1.9166666666666692,0.11922712482762082,ssp126
-61.25,1.9166666666666692,0.11168430503790744,ssp126
-61.083333333333336,1.9166666666666692,0.11772626697846468,ssp126
-60.91666666666667,1.9166666666666692,0.12533069630745786,ssp126
-60.75,1.9166666666666692,0.11274781171265454,ssp126
-60.583333333333336,1.9166666666666692,0.11415069565453467,ssp126
-60.41666666666667,1.9166666666666692,0.10187736527970669,ssp126
-60.25,1.9166666666666692,0.09929051539608941,ssp126
-60.083333333333336,1.9166666666666692,0.08609695718815515,ssp126
-59.91666666666667,1.9166666666666692,0.08097030001976878,ssp126
-55.91666666666667,1.9166666666666692,0.07347571735644903,ssp126
-55.75,1.9166666666666692,0.08864829209395403,ssp126
-55.583333333333336,1.9166666666666692,0.0690343668447098,ssp126
-55.41666666666667,1.9166666666666692,0.06038594977934237,ssp126
-55.25,1.9166666666666692,0.060746568046837625,ssp126
-55.083333333333336,1.9166666666666692,0.06668728749262226,ssp126
-54.91666666666667,1.9166666666666692,0.0694262070937733,ssp126
-54.75,1.9166666666666692,0.0878978919725005,ssp126
-54.583333333333336,1.9166666666666692,0.11121996938512496,ssp126
-54.41666666666667,1.9166666666666692,0.13207347452342297,ssp126
-54.25,1.9166666666666692,0.14100276917730487,ssp126
-54.083333333333336,1.9166666666666692,0.1402000615894552,ssp126
-53.91666666666667,1.9166666666666692,0.14122359747996793,ssp126
-53.75,1.9166666666666692,0.15577809216175023,ssp126
-53.583333333333336,1.9166666666666692,0.14217892662304085,ssp126
-53.41666666666667,1.9166666666666692,0.17053631089382418,ssp126
-53.25,1.9166666666666692,0.18960189066737737,ssp126
-53.083333333333336,1.9166666666666692,0.1666471094689461,ssp126
-52.91666666666667,1.9166666666666692,0.21120841254731715,ssp126
-52.75,1.9166666666666692,0.2228669730589111,ssp126
-52.583333333333336,1.9166666666666692,0.22463711614671383,ssp126
-52.41666666666667,1.9166666666666692,0.22654016212343897,ssp126
-52.25,1.9166666666666692,0.22754866312095934,ssp126
-52.083333333333336,1.9166666666666692,0.2363671258025693,ssp126
-51.91666666666667,1.9166666666666692,0.2584450962345587,ssp126
-51.75,1.9166666666666692,0.262731139520159,ssp126
-51.583333333333336,1.9166666666666692,0.2587641904505372,ssp126
-51.41666666666667,1.9166666666666692,0.2309781654869668,ssp126
-51.25,1.9166666666666692,0.22180664134589156,ssp126
-51.083333333333336,1.9166666666666692,0.24435841478167938,ssp126
-50.91666666666667,1.9166666666666692,0.24938424173022247,ssp126
-50.75,1.9166666666666692,0.16456244890233412,ssp126
-50.583333333333336,1.9166666666666692,0.11543600706012004,ssp126
-68.08333333333333,1.7500000000000027,0.06403847430799509,ssp126
-67.91666666666667,1.7500000000000027,0.05937073397658549,ssp126
-67.75,1.7500000000000027,0.058627664400072235,ssp126
-67.58333333333333,1.7500000000000027,0.06784643919061685,ssp126
-67.41666666666667,1.7500000000000027,0.07128120423781323,ssp126
-63.91666666666667,1.7500000000000027,0.16665357328468064,ssp126
-63.75,1.7500000000000027,0.14701720890938047,ssp126
-63.583333333333336,1.7500000000000027,0.11320895049296385,ssp126
-63.41666666666667,1.7500000000000027,0.10677550547527719,ssp126
-63.25,1.7500000000000027,0.09029160715559238,ssp126
-63.083333333333336,1.7500000000000027,0.10239538897542132,ssp126
-62.91666666666667,1.7500000000000027,0.10675829110717536,ssp126
-62.75,1.7500000000000027,0.10128278984381335,ssp126
-62.583333333333336,1.7500000000000027,0.08531536770649492,ssp126
-62.41666666666667,1.7500000000000027,0.09065633170848772,ssp126
-62.25,1.7500000000000027,0.1624995318092329,ssp126
-62.083333333333336,1.7500000000000027,0.25817025491875406,ssp126
-61.91666666666667,1.7500000000000027,0.040796657659225785,ssp126
-61.75,1.7500000000000027,0.03789062383756215,ssp126
-61.583333333333336,1.7500000000000027,0.27868531784742034,ssp126
-61.41666666666667,1.7500000000000027,0.119806631083452,ssp126
-61.25,1.7500000000000027,0.1223972500285993,ssp126
-61.083333333333336,1.7500000000000027,0.12409508831720906,ssp126
-60.91666666666667,1.7500000000000027,0.11241254726558009,ssp126
-60.75,1.7500000000000027,0.10853187922078371,ssp126
-60.583333333333336,1.7500000000000027,0.11293947244836568,ssp126
-60.41666666666667,1.7500000000000027,0.10596175273659035,ssp126
-60.25,1.7500000000000027,0.1065078137316269,ssp126
-60.083333333333336,1.7500000000000027,0.07798122300248574,ssp126
-59.91666666666667,1.7500000000000027,0.05632336211484959,ssp126
-59.75,1.7500000000000027,0.05802359661402825,ssp126
-57.25,1.7500000000000027,0.09427118365355487,ssp126
-57.083333333333336,1.7500000000000027,0.09307131041189301,ssp126
-56.91666666666667,1.7500000000000027,0.09697546303982794,ssp126
-56.75,1.7500000000000027,0.11505705211732689,ssp126
-56.583333333333336,1.7500000000000027,0.0933660683428805,ssp126
-56.41666666666667,1.7500000000000027,0.04955475371655857,ssp126
-56.25,1.7500000000000027,0.05144262566528406,ssp126
-56.083333333333336,1.7500000000000027,0.06149395328311202,ssp126
-55.91666666666667,1.7500000000000027,0.07450325343724398,ssp126
-55.75,1.7500000000000027,0.07676023088261802,ssp126
-55.583333333333336,1.7500000000000027,0.08675397470156161,ssp126
-55.41666666666667,1.7500000000000027,0.07112356948955853,ssp126
-55.25,1.7500000000000027,0.06271426469354338,ssp126
-55.083333333333336,1.7500000000000027,0.06532253782953414,ssp126
-54.91666666666667,1.7500000000000027,0.0675184481885903,ssp126
-54.75,1.7500000000000027,0.0966483979599416,ssp126
-54.583333333333336,1.7500000000000027,0.12293366231761406,ssp126
-54.41666666666667,1.7500000000000027,0.13852256583511166,ssp126
-54.25,1.7500000000000027,0.1417684003156553,ssp126
-54.083333333333336,1.7500000000000027,0.14710092429440216,ssp126
-53.91666666666667,1.7500000000000027,0.14631436121331778,ssp126
-53.75,1.7500000000000027,0.15698593954884124,ssp126
-53.583333333333336,1.7500000000000027,0.1660671326261576,ssp126
-53.41666666666667,1.7500000000000027,0.16247314650462857,ssp126
-53.25,1.7500000000000027,0.15535788531552386,ssp126
-53.083333333333336,1.7500000000000027,0.14138103323223195,ssp126
-52.91666666666667,1.7500000000000027,0.21003274802269947,ssp126
-52.75,1.7500000000000027,0.21944816991317925,ssp126
-52.583333333333336,1.7500000000000027,0.2192059144708682,ssp126
-52.41666666666667,1.7500000000000027,0.22803870007245297,ssp126
-52.25,1.7500000000000027,0.23215806979291947,ssp126
-52.083333333333336,1.7500000000000027,0.24220436007074986,ssp126
-51.91666666666667,1.7500000000000027,0.25306641927139933,ssp126
-51.75,1.7500000000000027,0.25257175880096494,ssp126
-51.583333333333336,1.7500000000000027,0.25936868975692545,ssp126
-51.41666666666667,1.7500000000000027,0.2457764917692496,ssp126
-51.25,1.7500000000000027,0.22572048611969134,ssp126
-51.083333333333336,1.7500000000000027,0.28637533579131647,ssp126
-50.91666666666667,1.7500000000000027,0.22889756683056756,ssp126
-50.75,1.7500000000000027,0.15797606566217315,ssp126
-50.583333333333336,1.7500000000000027,0.11309960635103879,ssp126
-50.41666666666667,1.7500000000000027,0.10184807244711457,ssp126
-69.75,1.5833333333333357,0.1614333603560797,ssp126
-69.58333333333333,1.5833333333333357,0.13592272493463356,ssp126
-69.41666666666667,1.5833333333333357,0.1213866261919659,ssp126
-69.25,1.5833333333333357,0.09129496499142867,ssp126
-69.08333333333333,1.5833333333333357,0.07809529275843384,ssp126
-68.91666666666667,1.5833333333333357,0.06990279834975953,ssp126
-68.75,1.5833333333333357,0.05793289507924336,ssp126
-68.58333333333333,1.5833333333333357,0.06636653844369103,ssp126
-68.41666666666667,1.5833333333333357,0.059243689299310176,ssp126
-68.25,1.5833333333333357,0.06346739603800429,ssp126
-68.08333333333333,1.5833333333333357,0.06425806737834801,ssp126
-67.91666666666667,1.5833333333333357,0.05817144951994232,ssp126
-67.75,1.5833333333333357,0.05932468824253543,ssp126
-67.58333333333333,1.5833333333333357,0.057120339006918874,ssp126
-67.41666666666667,1.5833333333333357,0.04702025958190057,ssp126
-67.25,1.5833333333333357,0.0597868436764176,ssp126
-63.91666666666667,1.5833333333333357,0.13420352926989185,ssp126
-63.75,1.5833333333333357,0.07030753104459198,ssp126
-63.583333333333336,1.5833333333333357,0.07446232170963356,ssp126
-63.41666666666667,1.5833333333333357,0.08974858443506967,ssp126
-63.25,1.5833333333333357,0.0949649881293652,ssp126
-63.083333333333336,1.5833333333333357,0.10969711068315433,ssp126
-62.91666666666667,1.5833333333333357,0.09890387743261525,ssp126
-62.75,1.5833333333333357,0.08925577830952314,ssp126
-62.583333333333336,1.5833333333333357,0.10029851103804614,ssp126
-62.41666666666667,1.5833333333333357,0.12692883629275648,ssp126
-62.25,1.5833333333333357,0.15433490128804742,ssp126
-62.083333333333336,1.5833333333333357,0.04962160955889999,ssp126
-61.91666666666667,1.5833333333333357,0.03594585877073921,ssp126
-61.75,1.5833333333333357,0.32875896645722485,ssp126
-61.583333333333336,1.5833333333333357,0.24019728335491394,ssp126
-61.41666666666667,1.5833333333333357,0.12141421804158033,ssp126
-61.25,1.5833333333333357,0.12901112262978773,ssp126
-61.083333333333336,1.5833333333333357,0.12445113867733693,ssp126
-60.91666666666667,1.5833333333333357,0.11842375950537674,ssp126
-60.75,1.5833333333333357,0.12032401448943522,ssp126
-60.583333333333336,1.5833333333333357,0.1014932708156748,ssp126
-60.41666666666667,1.5833333333333357,0.1013514995854917,ssp126
-60.25,1.5833333333333357,0.11651476724146864,ssp126
-60.083333333333336,1.5833333333333357,0.08672175826738766,ssp126
-59.91666666666667,1.5833333333333357,0.06724008544054014,ssp126
-59.75,1.5833333333333357,0.07833732730079358,ssp126
-59.583333333333336,1.5833333333333357,0.05665951366035276,ssp126
-57.75,1.5833333333333357,0.09196209937408398,ssp126
-57.583333333333336,1.5833333333333357,0.08820554101880344,ssp126
-57.41666666666667,1.5833333333333357,0.09442906752590847,ssp126
-57.25,1.5833333333333357,0.09492757652808247,ssp126
-57.083333333333336,1.5833333333333357,0.09125472684590327,ssp126
-56.91666666666667,1.5833333333333357,0.10601817090212844,ssp126
-56.75,1.5833333333333357,0.11566091436438251,ssp126
-56.583333333333336,1.5833333333333357,0.0940033191358902,ssp126
-56.41666666666667,1.5833333333333357,0.06722314274499258,ssp126
-56.25,1.5833333333333357,0.06217860780774194,ssp126
-56.083333333333336,1.5833333333333357,0.06889992758123784,ssp126
-55.91666666666667,1.5833333333333357,0.07859948371182048,ssp126
-55.75,1.5833333333333357,0.08858334687158492,ssp126
-55.583333333333336,1.5833333333333357,0.06930706392333236,ssp126
-55.41666666666667,1.5833333333333357,0.06793444192739119,ssp126
-55.25,1.5833333333333357,0.08899682806124262,ssp126
-55.083333333333336,1.5833333333333357,0.06506947821478663,ssp126
-54.91666666666667,1.5833333333333357,0.06620740070581549,ssp126
-54.75,1.5833333333333357,0.07611059017542847,ssp126
-54.583333333333336,1.5833333333333357,0.11664940522509881,ssp126
-54.41666666666667,1.5833333333333357,0.1354402560637711,ssp126
-54.25,1.5833333333333357,0.14729609677353772,ssp126
-54.083333333333336,1.5833333333333357,0.14700366039523707,ssp126
-53.91666666666667,1.5833333333333357,0.1426239154400643,ssp126
-53.75,1.5833333333333357,0.15756360709215184,ssp126
-53.583333333333336,1.5833333333333357,0.16890912382630865,ssp126
-53.41666666666667,1.5833333333333357,0.18020376225147308,ssp126
-53.25,1.5833333333333357,0.18341412263927198,ssp126
-53.083333333333336,1.5833333333333357,0.15970549348614932,ssp126
-52.91666666666667,1.5833333333333357,0.17818568942701973,ssp126
-52.75,1.5833333333333357,0.21177217873671575,ssp126
-52.583333333333336,1.5833333333333357,0.22225559921438426,ssp126
-52.41666666666667,1.5833333333333357,0.22483789557788839,ssp126
-52.25,1.5833333333333357,0.23388451189692228,ssp126
-52.083333333333336,1.5833333333333357,0.25111032479888434,ssp126
-51.91666666666667,1.5833333333333357,0.25881529043321305,ssp126
-51.75,1.5833333333333357,0.2548867693850125,ssp126
-51.583333333333336,1.5833333333333357,0.2523887357950112,ssp126
-51.41666666666667,1.5833333333333357,0.24803736844145446,ssp126
-51.25,1.5833333333333357,0.2261827271476221,ssp126
-51.083333333333336,1.5833333333333357,0.26025241798026694,ssp126
-50.91666666666667,1.5833333333333357,0.2313270313916665,ssp126
-50.75,1.5833333333333357,0.16466789293043782,ssp126
-50.583333333333336,1.5833333333333357,0.10922753330158183,ssp126
-50.41666666666667,1.5833333333333357,0.10399343420260966,ssp126
-50.25,1.5833333333333357,0.09402234035556431,ssp126
-50.083333333333336,1.5833333333333357,0.12996649799495133,ssp126
-69.75,1.4166666666666692,0.1065853957865307,ssp126
-69.58333333333333,1.4166666666666692,0.1049748465145341,ssp126
-69.41666666666667,1.4166666666666692,0.07650181173618795,ssp126
-69.25,1.4166666666666692,0.05948170419678542,ssp126
-69.08333333333333,1.4166666666666692,0.059131193520941545,ssp126
-68.91666666666667,1.4166666666666692,0.04824542016694714,ssp126
-68.75,1.4166666666666692,0.05130773156035268,ssp126
-68.58333333333333,1.4166666666666692,0.06928564606329728,ssp126
-68.41666666666667,1.4166666666666692,0.0848650894072364,ssp126
-68.25,1.4166666666666692,0.07508260293623546,ssp126
-68.08333333333333,1.4166666666666692,0.06183004392027897,ssp126
-67.91666666666667,1.4166666666666692,0.061368440061716635,ssp126
-67.75,1.4166666666666692,0.048043637835240065,ssp126
-67.58333333333333,1.4166666666666692,0.05411084507749597,ssp126
-67.41666666666667,1.4166666666666692,0.05558691345268556,ssp126
-67.25,1.4166666666666692,0.051455842211801446,ssp126
-64.25,1.4166666666666692,0.023901500056298968,ssp126
-64.08333333333333,1.4166666666666692,0.019153035113232145,ssp126
-63.91666666666667,1.4166666666666692,0.1035366391572942,ssp126
-63.75,1.4166666666666692,0.12829317982301047,ssp126
-63.583333333333336,1.4166666666666692,0.09944968557193674,ssp126
-63.41666666666667,1.4166666666666692,0.07957603085891611,ssp126
-63.25,1.4166666666666692,0.0895796314415998,ssp126
-63.083333333333336,1.4166666666666692,0.10699979865647342,ssp126
-62.91666666666667,1.4166666666666692,0.11145141835815112,ssp126
-62.75,1.4166666666666692,0.10931210162605999,ssp126
-62.583333333333336,1.4166666666666692,0.10123484760160457,ssp126
-62.41666666666667,1.4166666666666692,0.1271073502415269,ssp126
-62.25,1.4166666666666692,0.1357701823936733,ssp126
-62.083333333333336,1.4166666666666692,0.14122258932621098,ssp126
-61.91666666666667,1.4166666666666692,0.279258612494956,ssp126
-61.75,1.4166666666666692,0.26334828172802593,ssp126
-61.583333333333336,1.4166666666666692,0.15008404850053988,ssp126
-61.41666666666667,1.4166666666666692,0.10878920675348062,ssp126
-61.25,1.4166666666666692,0.12735658067656627,ssp126
-61.083333333333336,1.4166666666666692,0.12023009975036805,ssp126
-60.91666666666667,1.4166666666666692,0.12678821552332203,ssp126
-60.75,1.4166666666666692,0.1275293033193729,ssp126
-60.583333333333336,1.4166666666666692,0.11659341772663279,ssp126
-60.41666666666667,1.4166666666666692,0.12843739011903105,ssp126
-60.25,1.4166666666666692,0.07375903779480936,ssp126
-60.083333333333336,1.4166666666666692,0.06574257330815729,ssp126
-59.91666666666667,1.4166666666666692,0.07606756490638951,ssp126
-59.75,1.4166666666666692,0.08694940947064252,ssp126
-59.583333333333336,1.4166666666666692,0.11759361563709023,ssp126
-59.41666666666667,1.4166666666666692,0.0950115939682629,ssp126
-58.25,1.4166666666666692,0.06167755443877692,ssp126
-58.083333333333336,1.4166666666666692,0.061901025148413974,ssp126
-57.91666666666667,1.4166666666666692,0.079577984900314,ssp126
-57.75,1.4166666666666692,0.11156782576642793,ssp126
-57.583333333333336,1.4166666666666692,0.09755556254531568,ssp126
-57.41666666666667,1.4166666666666692,0.10661440184632925,ssp126
-57.25,1.4166666666666692,0.10396635430466082,ssp126
-57.083333333333336,1.4166666666666692,0.10092207517692303,ssp126
-56.91666666666667,1.4166666666666692,0.11785127191669278,ssp126
-56.75,1.4166666666666692,0.1104718909622552,ssp126
-56.583333333333336,1.4166666666666692,0.10995136302246472,ssp126
-56.41666666666667,1.4166666666666692,0.07860528391616738,ssp126
-56.25,1.4166666666666692,0.06061600883972031,ssp126
-56.083333333333336,1.4166666666666692,0.0770549829928198,ssp126
-55.91666666666667,1.4166666666666692,0.08329673430850741,ssp126
-55.75,1.4166666666666692,0.06006774716506476,ssp126
-55.583333333333336,1.4166666666666692,0.06649152615097248,ssp126
-55.41666666666667,1.4166666666666692,0.07682875331179927,ssp126
-55.25,1.4166666666666692,0.06483286082858179,ssp126
-55.083333333333336,1.4166666666666692,0.06608287630563124,ssp126
-54.91666666666667,1.4166666666666692,0.06460798241544258,ssp126
-54.75,1.4166666666666692,0.07502953039531983,ssp126
-54.583333333333336,1.4166666666666692,0.0904062677140059,ssp126
-54.41666666666667,1.4166666666666692,0.11289141198456494,ssp126
-54.25,1.4166666666666692,0.08371534325685052,ssp126
-54.083333333333336,1.4166666666666692,0.1434138975253591,ssp126
-53.91666666666667,1.4166666666666692,0.15487394832851206,ssp126
-53.75,1.4166666666666692,0.1638271763144567,ssp126
-53.583333333333336,1.4166666666666692,0.1652443341823918,ssp126
-53.41666666666667,1.4166666666666692,0.1713140190435586,ssp126
-53.25,1.4166666666666692,0.17651080393324944,ssp126
-53.083333333333336,1.4166666666666692,0.1783624124181365,ssp126
-52.91666666666667,1.4166666666666692,0.16507953525711375,ssp126
-52.75,1.4166666666666692,0.21281874557011338,ssp126
-52.583333333333336,1.4166666666666692,0.2194101847992484,ssp126
-52.41666666666667,1.4166666666666692,0.22944922115973412,ssp126
-52.25,1.4166666666666692,0.22701042912700345,ssp126
-52.083333333333336,1.4166666666666692,0.23397065090604544,ssp126
-51.91666666666667,1.4166666666666692,0.24938828014578496,ssp126
-51.75,1.4166666666666692,0.25272100248784346,ssp126
-51.583333333333336,1.4166666666666692,0.2535303237074445,ssp126
-51.41666666666667,1.4166666666666692,0.24529372393298185,ssp126
-51.25,1.4166666666666692,0.24402155068127526,ssp126
-51.083333333333336,1.4166666666666692,0.26331365253148775,ssp126
-50.91666666666667,1.4166666666666692,0.23942115148765908,ssp126
-50.75,1.4166666666666692,0.166698447779824,ssp126
-50.583333333333336,1.4166666666666692,0.11240437966043625,ssp126
-50.41666666666667,1.4166666666666692,0.09589808177214626,ssp126
-50.25,1.4166666666666692,0.08891341435738,ssp126
-50.083333333333336,1.4166666666666692,0.07982639762125598,ssp126
-69.75,1.2500000000000027,0.08284357778331777,ssp126
-69.58333333333333,1.2500000000000027,0.0664656415747985,ssp126
-69.41666666666667,1.2500000000000027,0.0559410113090239,ssp126
-69.25,1.2500000000000027,0.04934816559849043,ssp126
-69.08333333333333,1.2500000000000027,0.04605764443421229,ssp126
-68.91666666666667,1.2500000000000027,0.05168805174798173,ssp126
-68.75,1.2500000000000027,0.05495650618516449,ssp126
-68.58333333333333,1.2500000000000027,0.05746946640559606,ssp126
-68.41666666666667,1.2500000000000027,0.07050016653925684,ssp126
-68.25,1.2500000000000027,0.08011302031770014,ssp126
-68.08333333333333,1.2500000000000027,0.08401544219313718,ssp126
-67.91666666666667,1.2500000000000027,0.06884312505722298,ssp126
-67.75,1.2500000000000027,0.05526787408179629,ssp126
-67.58333333333333,1.2500000000000027,0.05307674826525921,ssp126
-67.41666666666667,1.2500000000000027,0.048324168662146456,ssp126
-67.25,1.2500000000000027,0.04383834989161103,ssp126
-64.41666666666667,1.2500000000000027,0.21820044666804703,ssp126
-64.25,1.2500000000000027,0.18669631334457665,ssp126
-64.08333333333333,1.2500000000000027,0.043412531465031316,ssp126
-63.91666666666667,1.2500000000000027,0.018865052761546264,ssp126
-63.75,1.2500000000000027,0.021132617031643465,ssp126
-63.583333333333336,1.2500000000000027,0.2877916204482141,ssp126
-63.41666666666667,1.2500000000000027,0.29596766798233365,ssp126
-63.25,1.2500000000000027,0.18739715356554124,ssp126
-63.083333333333336,1.2500000000000027,0.09621238115357891,ssp126
-62.91666666666667,1.2500000000000027,0.09200039852303933,ssp126
-62.75,1.2500000000000027,0.10852545196451896,ssp126
-62.583333333333336,1.2500000000000027,0.11704576705651415,ssp126
-62.41666666666667,1.2500000000000027,0.1315989976199482,ssp126
-62.25,1.2500000000000027,0.11181543689941514,ssp126
-62.083333333333336,1.2500000000000027,0.18058902270995864,ssp126
-61.91666666666667,1.2500000000000027,0.16482424047473804,ssp126
-61.75,1.2500000000000027,0.15430280999758203,ssp126
-61.583333333333336,1.2500000000000027,0.13094125135510828,ssp126
-61.41666666666667,1.2500000000000027,0.1280390568533832,ssp126
-61.25,1.2500000000000027,0.11012771771374713,ssp126
-61.083333333333336,1.2500000000000027,0.12089828846054726,ssp126
-60.91666666666667,1.2500000000000027,0.1315919863577201,ssp126
-60.75,1.2500000000000027,0.1272248675462722,ssp126
-60.583333333333336,1.2500000000000027,0.12025029428338233,ssp126
-60.41666666666667,1.2500000000000027,0.12040513607332524,ssp126
-60.25,1.2500000000000027,0.1256688730721607,ssp126
-60.083333333333336,1.2500000000000027,0.11757085261166017,ssp126
-59.91666666666667,1.2500000000000027,0.09692398419500739,ssp126
-59.75,1.2500000000000027,0.08928204830222464,ssp126
-59.583333333333336,1.2500000000000027,0.0883291352089159,ssp126
-59.41666666666667,1.2500000000000027,0.08891520205111586,ssp126
-59.25,1.2500000000000027,0.13355434366553515,ssp126
-58.41666666666667,1.2500000000000027,0.02853938711428594,ssp126
-58.25,1.2500000000000027,0.03440279292450551,ssp126
-58.083333333333336,1.2500000000000027,0.01858845666666862,ssp126
-57.91666666666667,1.2500000000000027,0.045704212098532364,ssp126
-57.75,1.2500000000000027,0.07841105475083214,ssp126
-57.583333333333336,1.2500000000000027,0.11551666197324731,ssp126
-57.41666666666667,1.2500000000000027,0.12009514695298566,ssp126
-57.25,1.2500000000000027,0.10335333348632762,ssp126
-57.083333333333336,1.2500000000000027,0.10600389708525464,ssp126
-56.91666666666667,1.2500000000000027,0.11129101399397148,ssp126
-56.75,1.2500000000000027,0.11878500527169165,ssp126
-56.583333333333336,1.2500000000000027,0.09589959033612903,ssp126
-56.41666666666667,1.2500000000000027,0.07465968374779125,ssp126
-56.25,1.2500000000000027,0.06447090104630432,ssp126
-56.083333333333336,1.2500000000000027,0.07479682133529177,ssp126
-55.91666666666667,1.2500000000000027,0.07793346451329511,ssp126
-55.75,1.2500000000000027,0.06176779551018322,ssp126
-55.583333333333336,1.2500000000000027,0.07054067616274658,ssp126
-55.41666666666667,1.2500000000000027,0.08426056005442023,ssp126
-55.25,1.2500000000000027,0.06628383932366384,ssp126
-55.083333333333336,1.2500000000000027,0.06302279483791577,ssp126
-54.91666666666667,1.2500000000000027,0.07311197022075777,ssp126
-54.75,1.2500000000000027,0.09459590372677992,ssp126
-54.583333333333336,1.2500000000000027,0.07143364251945941,ssp126
-54.41666666666667,1.2500000000000027,0.11277192119015234,ssp126
-54.25,1.2500000000000027,0.12258922891085193,ssp126
-54.083333333333336,1.2500000000000027,0.10310556375604948,ssp126
-53.91666666666667,1.2500000000000027,0.14093840656249648,ssp126
-53.75,1.2500000000000027,0.17486970745082758,ssp126
-53.583333333333336,1.2500000000000027,0.16942482701101427,ssp126
-53.41666666666667,1.2500000000000027,0.18976753182549727,ssp126
-53.25,1.2500000000000027,0.17609642318858612,ssp126
-53.083333333333336,1.2500000000000027,0.1744117022860189,ssp126
-52.91666666666667,1.2500000000000027,0.19055114411340274,ssp126
-52.75,1.2500000000000027,0.21259311003101627,ssp126
-52.583333333333336,1.2500000000000027,0.22487698484595564,ssp126
-52.41666666666667,1.2500000000000027,0.22701611118263695,ssp126
-52.25,1.2500000000000027,0.22970870198160687,ssp126
-52.083333333333336,1.2500000000000027,0.23275977938078746,ssp126
-51.91666666666667,1.2500000000000027,0.23741874144371172,ssp126
-51.75,1.2500000000000027,0.24705302987776376,ssp126
-51.583333333333336,1.2500000000000027,0.25777107256710446,ssp126
-51.41666666666667,1.2500000000000027,0.2540651350679114,ssp126
-51.25,1.2500000000000027,0.2580445594583668,ssp126
-51.083333333333336,1.2500000000000027,0.2404248240332256,ssp126
-50.91666666666667,1.2500000000000027,0.21271018766605038,ssp126
-50.75,1.2500000000000027,0.12971356878952348,ssp126
-50.583333333333336,1.2500000000000027,0.09890567106489485,ssp126
-50.41666666666667,1.2500000000000027,0.08785424560291458,ssp126
-50.25,1.2500000000000027,0.0739870704587906,ssp126
-50.083333333333336,1.2500000000000027,0.07739405111728262,ssp126
-69.08333333333333,1.0833333333333357,0.06046864780035457,ssp126
-68.91666666666667,1.0833333333333357,0.05464940575407746,ssp126
-68.75,1.0833333333333357,0.058828393008271224,ssp126
-68.58333333333333,1.0833333333333357,0.06154506648757072,ssp126
-68.41666666666667,1.0833333333333357,0.06248631463223652,ssp126
-68.25,1.0833333333333357,0.0888226824706979,ssp126
-68.08333333333333,1.0833333333333357,0.09098568743505568,ssp126
-67.91666666666667,1.0833333333333357,0.05681118493584023,ssp126
-67.75,1.0833333333333357,0.05699895415701869,ssp126
-67.58333333333333,1.0833333333333357,0.04199983387133581,ssp126
-67.41666666666667,1.0833333333333357,0.04203344573336883,ssp126
-67.25,1.0833333333333357,0.04808009848560045,ssp126
-67.08333333333333,1.0833333333333357,0.04292553950460088,ssp126
-66.91666666666667,1.0833333333333357,0.03466168661299245,ssp126
-64.75,1.0833333333333357,0.24911031771303974,ssp126
-64.58333333333333,1.0833333333333357,0.17914899829312975,ssp126
-64.41666666666667,1.0833333333333357,0.08242927377423316,ssp126
-64.25,1.0833333333333357,0.08778044331771163,ssp126
-64.08333333333333,1.0833333333333357,0.15225700901204112,ssp126
-63.91666666666667,1.0833333333333357,0.22946365230309312,ssp126
-63.75,1.0833333333333357,0.12370371881983104,ssp126
-63.583333333333336,1.0833333333333357,0.022418219987188143,ssp126
-63.41666666666667,1.0833333333333357,0.025105848366092486,ssp126
-63.25,1.0833333333333357,0.34471741744906137,ssp126
-63.083333333333336,1.0833333333333357,0.19872124239350186,ssp126
-62.91666666666667,1.0833333333333357,0.0932656051124792,ssp126
-62.75,1.0833333333333357,0.10350313710260393,ssp126
-62.583333333333336,1.0833333333333357,0.10586664238436307,ssp126
-62.41666666666667,1.0833333333333357,0.12609880614164948,ssp126
-62.25,1.0833333333333357,0.13913669167135354,ssp126
-62.083333333333336,1.0833333333333357,0.13781309857782684,ssp126
-61.91666666666667,1.0833333333333357,0.13311932969310092,ssp126
-61.75,1.0833333333333357,0.13442033286988087,ssp126
-61.583333333333336,1.0833333333333357,0.12109996197801788,ssp126
-61.41666666666667,1.0833333333333357,0.1366029273862201,ssp126
-61.25,1.0833333333333357,0.11624570505225203,ssp126
-61.083333333333336,1.0833333333333357,0.14435656889672072,ssp126
-60.91666666666667,1.0833333333333357,0.13745079735654514,ssp126
-60.75,1.0833333333333357,0.1338347359813702,ssp126
-60.583333333333336,1.0833333333333357,0.12328159904606785,ssp126
-60.41666666666667,1.0833333333333357,0.12258728431491596,ssp126
-60.25,1.0833333333333357,0.11452654149484331,ssp126
-60.083333333333336,1.0833333333333357,0.10692930869126012,ssp126
-59.91666666666667,1.0833333333333357,0.10975009122225936,ssp126
-59.75,1.0833333333333357,0.08779066222962956,ssp126
-59.583333333333336,1.0833333333333357,0.07542198485518252,ssp126
-59.41666666666667,1.0833333333333357,0.06538725655963583,ssp126
-59.25,1.0833333333333357,0.08993361701482,ssp126
-59.083333333333336,1.0833333333333357,0.11628431098854886,ssp126
-58.91666666666667,1.0833333333333357,0.027348998868929896,ssp126
-58.75,1.0833333333333357,0.05203759515506704,ssp126
-58.583333333333336,1.0833333333333357,0.07249945279269901,ssp126
-58.41666666666667,1.0833333333333357,0.07418926861154543,ssp126
-58.25,1.0833333333333357,0.09346884497483307,ssp126
-58.083333333333336,1.0833333333333357,0.04115760535148853,ssp126
-57.91666666666667,1.0833333333333357,0.013380679290936849,ssp126
-57.75,1.0833333333333357,0.061712451456724673,ssp126
-57.583333333333336,1.0833333333333357,0.06254483977971559,ssp126
-57.41666666666667,1.0833333333333357,0.08335633807113305,ssp126
-57.25,1.0833333333333357,0.10567799574693469,ssp126
-57.083333333333336,1.0833333333333357,0.11587316308332732,ssp126
-56.91666666666667,1.0833333333333357,0.12061656988504613,ssp126
-56.75,1.0833333333333357,0.14374142503879303,ssp126
-56.583333333333336,1.0833333333333357,0.10195238684446406,ssp126
-56.41666666666667,1.0833333333333357,0.07648510572396677,ssp126
-56.25,1.0833333333333357,0.06912279406638183,ssp126
-56.083333333333336,1.0833333333333357,0.07112070618998323,ssp126
-55.91666666666667,1.0833333333333357,0.07447655875817205,ssp126
-55.75,1.0833333333333357,0.07550413786988654,ssp126
-55.583333333333336,1.0833333333333357,0.07895366505984523,ssp126
-55.41666666666667,1.0833333333333357,0.08249795223528743,ssp126
-55.25,1.0833333333333357,0.06804181381772564,ssp126
-55.083333333333336,1.0833333333333357,0.06021988107660491,ssp126
-54.91666666666667,1.0833333333333357,0.06547759696154877,ssp126
-54.75,1.0833333333333357,0.0927191101455087,ssp126
-54.583333333333336,1.0833333333333357,0.05935381527631075,ssp126
-54.41666666666667,1.0833333333333357,0.11353062524579399,ssp126
-54.25,1.0833333333333357,0.15171064058031797,ssp126
-54.083333333333336,1.0833333333333357,0.1750933228276263,ssp126
-53.91666666666667,1.0833333333333357,0.13266403490125186,ssp126
-53.75,1.0833333333333357,0.13388953523925148,ssp126
-53.583333333333336,1.0833333333333357,0.1755988161694063,ssp126
-53.41666666666667,1.0833333333333357,0.1585919771630087,ssp126
-53.25,1.0833333333333357,0.16124862113359073,ssp126
-53.083333333333336,1.0833333333333357,0.1950567604982812,ssp126
-52.91666666666667,1.0833333333333357,0.1713182378860711,ssp126
-52.75,1.0833333333333357,0.21044929633624707,ssp126
-52.583333333333336,1.0833333333333357,0.2151160303163541,ssp126
-52.41666666666667,1.0833333333333357,0.2235536254926968,ssp126
-52.25,1.0833333333333357,0.22357551287834937,ssp126
-52.083333333333336,1.0833333333333357,0.23996933041293889,ssp126
-51.91666666666667,1.0833333333333357,0.25833734771752936,ssp126
-51.75,1.0833333333333357,0.24373596473210665,ssp126
-51.583333333333336,1.0833333333333357,0.2592438349237961,ssp126
-51.41666666666667,1.0833333333333357,0.25650421314177635,ssp126
-51.25,1.0833333333333357,0.25747862710244535,ssp126
-51.083333333333336,1.0833333333333357,0.22165467373478795,ssp126
-50.91666666666667,1.0833333333333357,0.19522916206072044,ssp126
-50.75,1.0833333333333357,0.09038674891376093,ssp126
-50.583333333333336,1.0833333333333357,0.08574650762841657,ssp126
-50.41666666666667,1.0833333333333357,0.06917499168296483,ssp126
-50.25,1.0833333333333357,0.08297312155908071,ssp126
-50.083333333333336,1.0833333333333357,0.10126704542009245,ssp126
-69.08333333333333,0.9166666666666696,0.050970335973912845,ssp126
-68.91666666666667,0.9166666666666696,0.05264941225278222,ssp126
-68.75,0.9166666666666696,0.05309847395845032,ssp126
-68.58333333333333,0.9166666666666696,0.05463219245005114,ssp126
-68.41666666666667,0.9166666666666696,0.07097382653249888,ssp126
-68.25,0.9166666666666696,0.06880740947108445,ssp126
-68.08333333333333,0.9166666666666696,0.08033119491114354,ssp126
-67.91666666666667,0.9166666666666696,0.04855903965460114,ssp126
-67.75,0.9166666666666696,0.04715919479040514,ssp126
-67.58333333333333,0.9166666666666696,0.044032724577484854,ssp126
-67.41666666666667,0.9166666666666696,0.04984973736862841,ssp126
-67.25,0.9166666666666696,0.0409655251236614,ssp126
-67.08333333333333,0.9166666666666696,0.036336756054018385,ssp126
-66.91666666666667,0.9166666666666696,0.03700993508298206,ssp126
-66.75,0.9166666666666696,0.02939059430923565,ssp126
-65.08333333333333,0.9166666666666696,0.11587729847482119,ssp126
-64.91666666666667,0.9166666666666696,0.11207180284270404,ssp126
-64.75,0.9166666666666696,0.07131738055880507,ssp126
-64.58333333333333,0.9166666666666696,0.06168055388768196,ssp126
-64.41666666666667,0.9166666666666696,0.06600057417706762,ssp126
-64.25,0.9166666666666696,0.07517646607992949,ssp126
-64.08333333333333,0.9166666666666696,0.07271231137548358,ssp126
-63.91666666666667,0.9166666666666696,0.10043139413825938,ssp126
-63.75,0.9166666666666696,0.22499607859850246,ssp126
-63.583333333333336,0.9166666666666696,0.4195321806462227,ssp126
-63.41666666666667,0.9166666666666696,0.020224333900708803,ssp126
-63.25,0.9166666666666696,0.017641704538744425,ssp126
-63.083333333333336,0.9166666666666696,0.24837374574051682,ssp126
-62.91666666666667,0.9166666666666696,0.1000703039305609,ssp126
-62.75,0.9166666666666696,0.10244444159576137,ssp126
-62.583333333333336,0.9166666666666696,0.1103956322845443,ssp126
-62.41666666666667,0.9166666666666696,0.11777287629157743,ssp126
-62.25,0.9166666666666696,0.12593825850752283,ssp126
-62.083333333333336,0.9166666666666696,0.12710677119994587,ssp126
-61.91666666666667,0.9166666666666696,0.11862333774324164,ssp126
-61.75,0.9166666666666696,0.12938508185527253,ssp126
-61.583333333333336,0.9166666666666696,0.1419024743053085,ssp126
-61.41666666666667,0.9166666666666696,0.14409887652571876,ssp126
-61.25,0.9166666666666696,0.12745787982451803,ssp126
-61.083333333333336,0.9166666666666696,0.15253513601640833,ssp126
-60.91666666666667,0.9166666666666696,0.13580462924228878,ssp126
-60.75,0.9166666666666696,0.1404268819487187,ssp126
-60.583333333333336,0.9166666666666696,0.1345087440876276,ssp126
-60.41666666666667,0.9166666666666696,0.12617912019200603,ssp126
-60.25,0.9166666666666696,0.1071397817475693,ssp126
-60.083333333333336,0.9166666666666696,0.10346975362781004,ssp126
-59.91666666666667,0.9166666666666696,0.10780438741513974,ssp126
-59.75,0.9166666666666696,0.10158643610883926,ssp126
-59.583333333333336,0.9166666666666696,0.09654308734048077,ssp126
-59.41666666666667,0.9166666666666696,0.08346656648868338,ssp126
-59.25,0.9166666666666696,0.08014032328475712,ssp126
-59.083333333333336,0.9166666666666696,0.10167176111672144,ssp126
-58.91666666666667,0.9166666666666696,0.0481177794149658,ssp126
-58.75,0.9166666666666696,0.030453081346177108,ssp126
-58.583333333333336,0.9166666666666696,0.07545351510045578,ssp126
-58.41666666666667,0.9166666666666696,0.05613794887146028,ssp126
-58.25,0.9166666666666696,0.08908606101281069,ssp126
-58.083333333333336,0.9166666666666696,0.048661127136815814,ssp126
-57.91666666666667,0.9166666666666696,0.03651804058210344,ssp126
-57.75,0.9166666666666696,0.058435859372833375,ssp126
-57.583333333333336,0.9166666666666696,0.08674541593562234,ssp126
-57.41666666666667,0.9166666666666696,0.09598349626908068,ssp126
-57.25,0.9166666666666696,0.07959774446175266,ssp126
-57.083333333333336,0.9166666666666696,0.1266606476583962,ssp126
-56.91666666666667,0.9166666666666696,0.12453614925526857,ssp126
-56.75,0.9166666666666696,0.14223054419871048,ssp126
-56.583333333333336,0.9166666666666696,0.1404938886645197,ssp126
-56.41666666666667,0.9166666666666696,0.07998315423628993,ssp126
-56.25,0.9166666666666696,0.07261901363203903,ssp126
-56.083333333333336,0.9166666666666696,0.0693680286943596,ssp126
-55.91666666666667,0.9166666666666696,0.08105696708031493,ssp126
-55.75,0.9166666666666696,0.08789529187425116,ssp126
-55.583333333333336,0.9166666666666696,0.08237281977234887,ssp126
-55.41666666666667,0.9166666666666696,0.07731874660156163,ssp126
-55.25,0.9166666666666696,0.07704264248645094,ssp126
-55.083333333333336,0.9166666666666696,0.07250593484127656,ssp126
-54.91666666666667,0.9166666666666696,0.059245852723651064,ssp126
-54.75,0.9166666666666696,0.07235729095688323,ssp126
-54.583333333333336,0.9166666666666696,0.07794071339778656,ssp126
-54.41666666666667,0.9166666666666696,0.08079938749081138,ssp126
-54.25,0.9166666666666696,0.12234144174516533,ssp126
-54.083333333333336,0.9166666666666696,0.1510720664025059,ssp126
-53.91666666666667,0.9166666666666696,0.17151994389599698,ssp126
-53.75,0.9166666666666696,0.11888705557706584,ssp126
-53.583333333333336,0.9166666666666696,0.13358382799222995,ssp126
-53.41666666666667,0.9166666666666696,0.17739213772053178,ssp126
-53.25,0.9166666666666696,0.15696150662983674,ssp126
-53.083333333333336,0.9166666666666696,0.19428631169613966,ssp126
-52.91666666666667,0.9166666666666696,0.189486512195036,ssp126
-52.75,0.9166666666666696,0.21102972388480776,ssp126
-52.583333333333336,0.9166666666666696,0.21658588844128324,ssp126
-52.41666666666667,0.9166666666666696,0.2148587316224402,ssp126
-52.25,0.9166666666666696,0.22257108281410926,ssp126
-52.083333333333336,0.9166666666666696,0.23030477185452175,ssp126
-51.91666666666667,0.9166666666666696,0.24057210539717866,ssp126
-51.75,0.9166666666666696,0.24797422054194335,ssp126
-51.583333333333336,0.9166666666666696,0.24037844657517582,ssp126
-51.41666666666667,0.9166666666666696,0.25253914401046684,ssp126
-51.25,0.9166666666666696,0.23752636883262984,ssp126
-51.083333333333336,0.9166666666666696,0.18375729882551792,ssp126
-50.91666666666667,0.9166666666666696,0.16984073115364184,ssp126
-50.75,0.9166666666666696,0.13260012516239617,ssp126
-50.583333333333336,0.9166666666666696,0.06552421535570532,ssp126
-50.41666666666667,0.9166666666666696,0.07560465548517503,ssp126
-50.25,0.9166666666666696,0.0975783960370396,ssp126
-69.08333333333333,0.7500000000000027,0.05390822422508713,ssp126
-68.91666666666667,0.7500000000000027,0.05831157682087242,ssp126
-68.75,0.7500000000000027,0.056011333895516886,ssp126
-68.58333333333333,0.7500000000000027,0.05292448575243245,ssp126
-68.41666666666667,0.7500000000000027,0.06351309875969048,ssp126
-68.25,0.7500000000000027,0.06511449349673855,ssp126
-68.08333333333333,0.7500000000000027,0.0695087658947678,ssp126
-67.91666666666667,0.7500000000000027,0.0479022209089927,ssp126
-67.75,0.7500000000000027,0.041179262327518985,ssp126
-67.58333333333333,0.7500000000000027,0.03936055595829141,ssp126
-67.41666666666667,0.7500000000000027,0.042794508689769015,ssp126
-67.25,0.7500000000000027,0.03976147944319487,ssp126
-67.08333333333333,0.7500000000000027,0.038056347340504296,ssp126
-66.91666666666667,0.7500000000000027,0.03544889929132361,ssp126
-66.75,0.7500000000000027,0.03352931599829262,ssp126
-66.58333333333333,0.7500000000000027,0.03136787405678866,ssp126
-65.75,0.7500000000000027,0.046634756087640276,ssp126
-65.58333333333333,0.7500000000000027,0.019058023874399622,ssp126
-65.41666666666667,0.7500000000000027,0.013276120021908153,ssp126
-65.25,0.7500000000000027,0.13833465047163396,ssp126
-65.08333333333333,0.7500000000000027,0.07615504060634563,ssp126
-64.91666666666667,0.7500000000000027,0.053156421862728453,ssp126
-64.75,0.7500000000000027,0.05578096060822312,ssp126
-64.58333333333333,0.7500000000000027,0.0583480552639716,ssp126
-64.41666666666667,0.7500000000000027,0.06676214637277554,ssp126
-64.25,0.7500000000000027,0.07166720992993889,ssp126
-64.08333333333333,0.7500000000000027,0.07801121288426435,ssp126
-63.91666666666667,0.7500000000000027,0.08305175743484788,ssp126
-63.75,0.7500000000000027,0.09337575997259522,ssp126
-63.583333333333336,0.7500000000000027,0.21374566438516054,ssp126
-63.41666666666667,0.7500000000000027,0.4077932850361312,ssp126
-63.25,0.7500000000000027,0.32303498770913314,ssp126
-63.083333333333336,0.7500000000000027,0.25308761534234797,ssp126
-62.91666666666667,0.7500000000000027,0.10571535763019,ssp126
-62.75,0.7500000000000027,0.10278195181128219,ssp126
-62.583333333333336,0.7500000000000027,0.11134328995510939,ssp126
-62.41666666666667,0.7500000000000027,0.11760179152541947,ssp126
-62.25,0.7500000000000027,0.1204232366802186,ssp126
-62.083333333333336,0.7500000000000027,0.12504669069851465,ssp126
-61.91666666666667,0.7500000000000027,0.1311805230030756,ssp126
-61.75,0.7500000000000027,0.13194015988265176,ssp126
-61.583333333333336,0.7500000000000027,0.1572062151710904,ssp126
-61.41666666666667,0.7500000000000027,0.13638298925721876,ssp126
-61.25,0.7500000000000027,0.1391948144382724,ssp126
-61.083333333333336,0.7500000000000027,0.15536008111258215,ssp126
-60.91666666666667,0.7500000000000027,0.1411953595257262,ssp126
-60.75,0.7500000000000027,0.14175143143631935,ssp126
-60.583333333333336,0.7500000000000027,0.13440049808078114,ssp126
-60.41666666666667,0.7500000000000027,0.12611850551798243,ssp126
-60.25,0.7500000000000027,0.11568510159859725,ssp126
-60.083333333333336,0.7500000000000027,0.10969145412938586,ssp126
-59.91666666666667,0.7500000000000027,0.11349978029642153,ssp126
-59.75,0.7500000000000027,0.10875637845670402,ssp126
-59.583333333333336,0.7500000000000027,0.09173383588626627,ssp126
-59.41666666666667,0.7500000000000027,0.09186582310498183,ssp126
-59.25,0.7500000000000027,0.10431666336811916,ssp126
-59.083333333333336,0.7500000000000027,0.12913471075913888,ssp126
-58.91666666666667,0.7500000000000027,0.09663032667995702,ssp126
-58.75,0.7500000000000027,0.052492791350362805,ssp126
-58.583333333333336,0.7500000000000027,0.09261976945630497,ssp126
-58.41666666666667,0.7500000000000027,0.09286167554836867,ssp126
-58.25,0.7500000000000027,0.10088309605270152,ssp126
-58.083333333333336,0.7500000000000027,0.09830905899242551,ssp126
-57.91666666666667,0.7500000000000027,0.07089556824783867,ssp126
-57.75,0.7500000000000027,0.08766169807847572,ssp126
-57.583333333333336,0.7500000000000027,0.11072178605976793,ssp126
-57.41666666666667,0.7500000000000027,0.11185306816322967,ssp126
-57.25,0.7500000000000027,0.11861212370457098,ssp126
-57.083333333333336,0.7500000000000027,0.12222527573911876,ssp126
-56.91666666666667,0.7500000000000027,0.12383185174480041,ssp126
-56.75,0.7500000000000027,0.14234621170527229,ssp126
-56.583333333333336,0.7500000000000027,0.15860534209211732,ssp126
-56.41666666666667,0.7500000000000027,0.0984129110345333,ssp126
-56.25,0.7500000000000027,0.08425406685989181,ssp126
-56.083333333333336,0.7500000000000027,0.08779568002179143,ssp126
-55.91666666666667,0.7500000000000027,0.09178665067667131,ssp126
-55.75,0.7500000000000027,0.08730726375206106,ssp126
-55.583333333333336,0.7500000000000027,0.08361125088655169,ssp126
-55.41666666666667,0.7500000000000027,0.07815818004809746,ssp126
-55.25,0.7500000000000027,0.0913922041528812,ssp126
-55.083333333333336,0.7500000000000027,0.06764774374087212,ssp126
-54.91666666666667,0.7500000000000027,0.06407492524612488,ssp126
-54.75,0.7500000000000027,0.06565508759752946,ssp126
-54.583333333333336,0.7500000000000027,0.07959540105884573,ssp126
-54.41666666666667,0.7500000000000027,0.0888880526816521,ssp126
-54.25,0.7500000000000027,0.07930131177281295,ssp126
-54.083333333333336,0.7500000000000027,0.09194462594421504,ssp126
-53.91666666666667,0.7500000000000027,0.13447918509679255,ssp126
-53.75,0.7500000000000027,0.14938115574374095,ssp126
-53.583333333333336,0.7500000000000027,0.12340327181552538,ssp126
-53.41666666666667,0.7500000000000027,0.13403228923550503,ssp126
-53.25,0.7500000000000027,0.1899836971242206,ssp126
-53.083333333333336,0.7500000000000027,0.21266634196755033,ssp126
-52.91666666666667,0.7500000000000027,0.2128661770261729,ssp126
-52.75,0.7500000000000027,0.13544152482323907,ssp126
-52.583333333333336,0.7500000000000027,0.24255696812015123,ssp126
-52.41666666666667,0.7500000000000027,0.2106685925839997,ssp126
-52.25,0.7500000000000027,0.21505142625990026,ssp126
-52.083333333333336,0.7500000000000027,0.2267092703226307,ssp126
-51.91666666666667,0.7500000000000027,0.250326051508437,ssp126
-51.75,0.7500000000000027,0.244433310277154,ssp126
-51.583333333333336,0.7500000000000027,0.23847981033875934,ssp126
-51.41666666666667,0.7500000000000027,0.2477918673357663,ssp126
-51.25,0.7500000000000027,0.2080146760211065,ssp126
-51.083333333333336,0.7500000000000027,0.1661524102661586,ssp126
-50.91666666666667,0.7500000000000027,0.1379874169363265,ssp126
-50.75,0.7500000000000027,0.12345353735670449,ssp126
-50.583333333333336,0.7500000000000027,0.06613982139861911,ssp126
-50.41666666666667,0.7500000000000027,0.05681425650837357,ssp126
-50.25,0.7500000000000027,0.07222148937541686,ssp126
-69.58333333333333,0.5833333333333357,0.06056217560645676,ssp126
-69.41666666666667,0.5833333333333357,0.053249101064700134,ssp126
-69.25,0.5833333333333357,0.053749656663546225,ssp126
-69.08333333333333,0.5833333333333357,0.056249520986269876,ssp126
-68.91666666666667,0.5833333333333357,0.05420480062478842,ssp126
-68.75,0.5833333333333357,0.06398179163499054,ssp126
-68.58333333333333,0.5833333333333357,0.06580116826876238,ssp126
-68.41666666666667,0.5833333333333357,0.07435456398744314,ssp126
-68.25,0.5833333333333357,0.06796349693056736,ssp126
-68.08333333333333,0.5833333333333357,0.057998722907621154,ssp126
-67.91666666666667,0.5833333333333357,0.03917171569903283,ssp126
-67.75,0.5833333333333357,0.03906776447609068,ssp126
-67.58333333333333,0.5833333333333357,0.03645486030576115,ssp126
-67.41666666666667,0.5833333333333357,0.043550452407640494,ssp126
-67.25,0.5833333333333357,0.038069402204455455,ssp126
-67.08333333333333,0.5833333333333357,0.04001413759580013,ssp126
-66.91666666666667,0.5833333333333357,0.04229303439947644,ssp126
-66.75,0.5833333333333357,0.03711505717951153,ssp126
-66.58333333333333,0.5833333333333357,0.04015061056085817,ssp126
-66.41666666666667,0.5833333333333357,0.03805023036663804,ssp126
-66.25,0.5833333333333357,0.041994908225438186,ssp126
-66.08333333333333,0.5833333333333357,0.07681389107291788,ssp126
-65.91666666666667,0.5833333333333357,0.025145545927151215,ssp126
-65.75,0.5833333333333357,0.021019218459476966,ssp126
-65.58333333333333,0.5833333333333357,0.015769583916106927,ssp126
-65.41666666666667,0.5833333333333357,0.017002726754595004,ssp126
-65.25,0.5833333333333357,0.0994767884434741,ssp126
-65.08333333333333,0.5833333333333357,0.0653677822903189,ssp126
-64.91666666666667,0.5833333333333357,0.0544458636200246,ssp126
-64.75,0.5833333333333357,0.050942855127139516,ssp126
-64.58333333333333,0.5833333333333357,0.06151387547418597,ssp126
-64.41666666666667,0.5833333333333357,0.06611105478257935,ssp126
-64.25,0.5833333333333357,0.07087698620290973,ssp126
-64.08333333333333,0.5833333333333357,0.07790939037549544,ssp126
-63.91666666666667,0.5833333333333357,0.08550587131902003,ssp126
-63.75,0.5833333333333357,0.09168581925894148,ssp126
-63.583333333333336,0.5833333333333357,0.10086828346241951,ssp126
-63.41666666666667,0.5833333333333357,0.12389045428538069,ssp126
-63.25,0.5833333333333357,0.1400327803118017,ssp126
-63.083333333333336,0.5833333333333357,0.13622411558434477,ssp126
-62.91666666666667,0.5833333333333357,0.11528606988564012,ssp126
-62.75,0.5833333333333357,0.11208566852014082,ssp126
-62.583333333333336,0.5833333333333357,0.11528397076658425,ssp126
-62.41666666666667,0.5833333333333357,0.12367901582037144,ssp126
-62.25,0.5833333333333357,0.1282180991809808,ssp126
-62.083333333333336,0.5833333333333357,0.13049884845304366,ssp126
-61.91666666666667,0.5833333333333357,0.1354374283877772,ssp126
-61.75,0.5833333333333357,0.1359757203248963,ssp126
-61.583333333333336,0.5833333333333357,0.14881835542229288,ssp126
-61.41666666666667,0.5833333333333357,0.13698304569586023,ssp126
-61.25,0.5833333333333357,0.14268299133071782,ssp126
-61.083333333333336,0.5833333333333357,0.15972852359172715,ssp126
-60.91666666666667,0.5833333333333357,0.15864907316913981,ssp126
-60.75,0.5833333333333357,0.14430805285087303,ssp126
-60.583333333333336,0.5833333333333357,0.13595779365201688,ssp126
-60.41666666666667,0.5833333333333357,0.13120857382882964,ssp126
-60.25,0.5833333333333357,0.13288051072076013,ssp126
-60.083333333333336,0.5833333333333357,0.1300353677254405,ssp126
-59.91666666666667,0.5833333333333357,0.11968168123632046,ssp126
-59.75,0.5833333333333357,0.1057053721926653,ssp126
-59.583333333333336,0.5833333333333357,0.08191950741037023,ssp126
-59.41666666666667,0.5833333333333357,0.10228548280003227,ssp126
-59.25,0.5833333333333357,0.11018892651036455,ssp126
-59.083333333333336,0.5833333333333357,0.11991555429916008,ssp126
-58.91666666666667,0.5833333333333357,0.11766991271116944,ssp126
-58.75,0.5833333333333357,0.1255500038240874,ssp126
-58.583333333333336,0.5833333333333357,0.10730893192309524,ssp126
-58.41666666666667,0.5833333333333357,0.1030940336069974,ssp126
-58.25,0.5833333333333357,0.12242723778753095,ssp126
-58.083333333333336,0.5833333333333357,0.14612472835070145,ssp126
-57.91666666666667,0.5833333333333357,0.12006518301782546,ssp126
-57.75,0.5833333333333357,0.11732881821780215,ssp126
-57.583333333333336,0.5833333333333357,0.11260565132037266,ssp126
-57.41666666666667,0.5833333333333357,0.10974836338712798,ssp126
-57.25,0.5833333333333357,0.12508264348912176,ssp126
-57.083333333333336,0.5833333333333357,0.10255777572002688,ssp126
-56.91666666666667,0.5833333333333357,0.13212731595953373,ssp126
-56.75,0.5833333333333357,0.13919039472464328,ssp126
-56.583333333333336,0.5833333333333357,0.15953876660455768,ssp126
-56.41666666666667,0.5833333333333357,0.15248533097387204,ssp126
-56.25,0.5833333333333357,0.15294748465874516,ssp126
-56.083333333333336,0.5833333333333357,0.1298496000987863,ssp126
-55.91666666666667,0.5833333333333357,0.10524320422128192,ssp126
-55.75,0.5833333333333357,0.07508359705054132,ssp126
-55.583333333333336,0.5833333333333357,0.0799942394833198,ssp126
-55.41666666666667,0.5833333333333357,0.0961089408406174,ssp126
-55.25,0.5833333333333357,0.095876510079142,ssp126
-55.083333333333336,0.5833333333333357,0.051323219196951514,ssp126
-54.91666666666667,0.5833333333333357,0.08588312355792369,ssp126
-54.75,0.5833333333333357,0.09514862956545052,ssp126
-54.583333333333336,0.5833333333333357,0.10246810396446478,ssp126
-54.41666666666667,0.5833333333333357,0.11812415903226439,ssp126
-54.25,0.5833333333333357,0.13612783563320444,ssp126
-54.083333333333336,0.5833333333333357,0.10757808707220834,ssp126
-53.91666666666667,0.5833333333333357,0.08041286642741516,ssp126
-53.75,0.5833333333333357,0.17132255462451207,ssp126
-53.583333333333336,0.5833333333333357,0.18528242874236758,ssp126
-53.41666666666667,0.5833333333333357,0.16582282394436043,ssp126
-53.25,0.5833333333333357,0.18700518025339144,ssp126
-53.083333333333336,0.5833333333333357,0.20686651602569858,ssp126
-52.91666666666667,0.5833333333333357,0.20888844300359025,ssp126
-52.75,0.5833333333333357,0.1886823791528004,ssp126
-52.583333333333336,0.5833333333333357,0.18290882393709576,ssp126
-52.41666666666667,0.5833333333333357,0.21854152414074063,ssp126
-52.25,0.5833333333333357,0.21257103370156785,ssp126
-52.083333333333336,0.5833333333333357,0.22777761536389599,ssp126
-51.91666666666667,0.5833333333333357,0.2479241032355573,ssp126
-51.75,0.5833333333333357,0.25361162248615415,ssp126
-51.583333333333336,0.5833333333333357,0.2582887771406576,ssp126
-51.41666666666667,0.5833333333333357,0.24245266317460298,ssp126
-51.25,0.5833333333333357,0.19349002445767,ssp126
-51.083333333333336,0.5833333333333357,0.1598058270873173,ssp126
-50.91666666666667,0.5833333333333357,0.1293944873359722,ssp126
-50.75,0.5833333333333357,0.07532317127986085,ssp126
-50.583333333333336,0.5833333333333357,0.0710748429208185,ssp126
-50.41666666666667,0.5833333333333357,0.06299987423583421,ssp126
-50.25,0.5833333333333357,0.07136175307557538,ssp126
-69.91666666666667,0.4166666666666696,0.04947354395404588,ssp126
-69.75,0.4166666666666696,0.06195909316229313,ssp126
-69.58333333333333,0.4166666666666696,0.05791542327868891,ssp126
-69.41666666666667,0.4166666666666696,0.061018085087433324,ssp126
-69.25,0.4166666666666696,0.060647027838776825,ssp126
-69.08333333333333,0.4166666666666696,0.06899969139619891,ssp126
-68.91666666666667,0.4166666666666696,0.06441364601671452,ssp126
-68.75,0.4166666666666696,0.06002738373780122,ssp126
-68.58333333333333,0.4166666666666696,0.0647883094397516,ssp126
-68.41666666666667,0.4166666666666696,0.07255466800490525,ssp126
-68.25,0.4166666666666696,0.07035623791644571,ssp126
-68.08333333333333,0.4166666666666696,0.048935718763064406,ssp126
-67.91666666666667,0.4166666666666696,0.025646600602296867,ssp126
-67.75,0.4166666666666696,0.017682141362972283,ssp126
-67.58333333333333,0.4166666666666696,0.036901084155403975,ssp126
-67.41666666666667,0.4166666666666696,0.04313513563780834,ssp126
-67.25,0.4166666666666696,0.03747640944218922,ssp126
-67.08333333333333,0.4166666666666696,0.036953659285974855,ssp126
-66.91666666666667,0.4166666666666696,0.03536061656739446,ssp126
-66.75,0.4166666666666696,0.03522013859832746,ssp126
-66.58333333333333,0.4166666666666696,0.03997236147728393,ssp126
-66.41666666666667,0.4166666666666696,0.042201676763225865,ssp126
-66.25,0.4166666666666696,0.04312741359878303,ssp126
-66.08333333333333,0.4166666666666696,0.01734695024689512,ssp126
-65.91666666666667,0.4166666666666696,0.023469302941703508,ssp126
-65.75,0.4166666666666696,0.027858133328088334,ssp126
-65.58333333333333,0.4166666666666696,0.019313825222269446,ssp126
-65.41666666666667,0.4166666666666696,0.015863406163168187,ssp126
-65.25,0.4166666666666696,0.020310796790553788,ssp126
-65.08333333333333,0.4166666666666696,0.0719072981567821,ssp126
-64.91666666666667,0.4166666666666696,0.043880094548804045,ssp126
-64.75,0.4166666666666696,0.05048602490591623,ssp126
-64.58333333333333,0.4166666666666696,0.05956489749338915,ssp126
-64.41666666666667,0.4166666666666696,0.06528796468932213,ssp126
-64.25,0.4166666666666696,0.07284747780970882,ssp126
-64.08333333333333,0.4166666666666696,0.0768355103459914,ssp126
-63.91666666666667,0.4166666666666696,0.08531955913610295,ssp126
-63.75,0.4166666666666696,0.09348614863642499,ssp126
-63.583333333333336,0.4166666666666696,0.09580646014076959,ssp126
-63.41666666666667,0.4166666666666696,0.10070092508474092,ssp126
-63.25,0.4166666666666696,0.10163266637508563,ssp126
-63.083333333333336,0.4166666666666696,0.11035911548323074,ssp126
-62.91666666666667,0.4166666666666696,0.11853842009352121,ssp126
-62.75,0.4166666666666696,0.12133335356078832,ssp126
-62.583333333333336,0.4166666666666696,0.12486084705397797,ssp126
-62.41666666666667,0.4166666666666696,0.12984234212073772,ssp126
-62.25,0.4166666666666696,0.1416565977534384,ssp126
-62.083333333333336,0.4166666666666696,0.13531273572388294,ssp126
-61.91666666666667,0.4166666666666696,0.13824507865746827,ssp126
-61.75,0.4166666666666696,0.14876122497389713,ssp126
-61.583333333333336,0.4166666666666696,0.13270393952456666,ssp126
-61.41666666666667,0.4166666666666696,0.13298351210114293,ssp126
-61.25,0.4166666666666696,0.13249266967248072,ssp126
-61.083333333333336,0.4166666666666696,0.16596152110936446,ssp126
-60.91666666666667,0.4166666666666696,0.16224742869179537,ssp126
-60.75,0.4166666666666696,0.14705315652342071,ssp126
-60.583333333333336,0.4166666666666696,0.1450473455016376,ssp126
-60.41666666666667,0.4166666666666696,0.14116302197828637,ssp126
-60.25,0.4166666666666696,0.1421086145195279,ssp126
-60.083333333333336,0.4166666666666696,0.11628451387081427,ssp126
-59.91666666666667,0.4166666666666696,0.09185245019264117,ssp126
-59.75,0.4166666666666696,0.10618091288335314,ssp126
-59.583333333333336,0.4166666666666696,0.08579317870937835,ssp126
-59.41666666666667,0.4166666666666696,0.11116742994991886,ssp126
-59.25,0.4166666666666696,0.09733718502329067,ssp126
-59.083333333333336,0.4166666666666696,0.11675527416716379,ssp126
-58.91666666666667,0.4166666666666696,0.08675620496707337,ssp126
-58.75,0.4166666666666696,0.09623332029602981,ssp126
-58.583333333333336,0.4166666666666696,0.10154186478427409,ssp126
-58.41666666666667,0.4166666666666696,0.10859992618180017,ssp126
-58.25,0.4166666666666696,0.11769295090046084,ssp126
-58.083333333333336,0.4166666666666696,0.13229264349162376,ssp126
-57.91666666666667,0.4166666666666696,0.13816816935514653,ssp126
-57.75,0.4166666666666696,0.16634899717386958,ssp126
-57.583333333333336,0.4166666666666696,0.1633766984275516,ssp126
-57.41666666666667,0.4166666666666696,0.12519172747611648,ssp126
-57.25,0.4166666666666696,0.1286952491639477,ssp126
-57.083333333333336,0.4166666666666696,0.13826797733189497,ssp126
-56.91666666666667,0.4166666666666696,0.135859602244932,ssp126
-56.75,0.4166666666666696,0.12834778854489864,ssp126
-56.583333333333336,0.4166666666666696,0.14928136977604914,ssp126
-56.41666666666667,0.4166666666666696,0.149508099905868,ssp126
-56.25,0.4166666666666696,0.14801976192771024,ssp126
-56.083333333333336,0.4166666666666696,0.1732027410357512,ssp126
-55.91666666666667,0.4166666666666696,0.11925409679783099,ssp126
-55.75,0.4166666666666696,0.09891436524304215,ssp126
-55.583333333333336,0.4166666666666696,0.09468180429440294,ssp126
-55.41666666666667,0.4166666666666696,0.10764142361524694,ssp126
-55.25,0.4166666666666696,0.061967998974407905,ssp126
-55.083333333333336,0.4166666666666696,0.04520194351504884,ssp126
-54.91666666666667,0.4166666666666696,0.04137609470910126,ssp126
-54.75,0.4166666666666696,0.08082822548253882,ssp126
-54.583333333333336,0.4166666666666696,0.1195113322584151,ssp126
-54.41666666666667,0.4166666666666696,0.11462613739809195,ssp126
-54.25,0.4166666666666696,0.10822212532848237,ssp126
-54.083333333333336,0.4166666666666696,0.13449040725812625,ssp126
-53.91666666666667,0.4166666666666696,0.10248346855944868,ssp126
-53.75,0.4166666666666696,0.1563048664388913,ssp126
-53.583333333333336,0.4166666666666696,0.1779845500881629,ssp126
-53.41666666666667,0.4166666666666696,0.1996598573202416,ssp126
-53.25,0.4166666666666696,0.2056208512501881,ssp126
-53.083333333333336,0.4166666666666696,0.2132855905109096,ssp126
-52.91666666666667,0.4166666666666696,0.22238436280218649,ssp126
-52.75,0.4166666666666696,0.21546972598189154,ssp126
-52.583333333333336,0.4166666666666696,0.21569765639582403,ssp126
-52.41666666666667,0.4166666666666696,0.21320569171234555,ssp126
-52.25,0.4166666666666696,0.21546848792314108,ssp126
-52.083333333333336,0.4166666666666696,0.23095926909399936,ssp126
-51.91666666666667,0.4166666666666696,0.23972145056741384,ssp126
-51.75,0.4166666666666696,0.24916940969913956,ssp126
-51.583333333333336,0.4166666666666696,0.26796850992117405,ssp126
-51.41666666666667,0.4166666666666696,0.24728727507330847,ssp126
-51.25,0.4166666666666696,0.21066547563758817,ssp126
-51.083333333333336,0.4166666666666696,0.17685155833485663,ssp126
-50.91666666666667,0.4166666666666696,0.1090419950838027,ssp126
-50.75,0.4166666666666696,0.06848212138785913,ssp126
-50.583333333333336,0.4166666666666696,0.04452234023021998,ssp126
-50.41666666666667,0.4166666666666696,0.09694833072037387,ssp126
-50.25,0.4166666666666696,0.07664542038485182,ssp126
-69.91666666666667,0.25000000000000266,0.06088160696054641,ssp126
-69.75,0.25000000000000266,0.05864304558963145,ssp126
-69.58333333333333,0.25000000000000266,0.06457623697332546,ssp126
-69.41666666666667,0.25000000000000266,0.06524505234777794,ssp126
-69.25,0.25000000000000266,0.0626241416528206,ssp126
-69.08333333333333,0.25000000000000266,0.05798519207896937,ssp126
-68.91666666666667,0.25000000000000266,0.06318981848685926,ssp126
-68.75,0.25000000000000266,0.0658292759472081,ssp126
-68.58333333333333,0.25000000000000266,0.06628483762346431,ssp126
-68.41666666666667,0.25000000000000266,0.07614819877801254,ssp126
-68.25,0.25000000000000266,0.055321002841476286,ssp126
-68.08333333333333,0.25000000000000266,0.05160868914056226,ssp126
-67.91666666666667,0.25000000000000266,0.039290740211763944,ssp126
-67.75,0.25000000000000266,0.016278552561122112,ssp126
-67.58333333333333,0.25000000000000266,0.03096031616587536,ssp126
-67.41666666666667,0.25000000000000266,0.050021423159486905,ssp126
-67.25,0.25000000000000266,0.03932359657660333,ssp126
-67.08333333333333,0.25000000000000266,0.0380065893637273,ssp126
-66.91666666666667,0.25000000000000266,0.03810024004370774,ssp126
-66.75,0.25000000000000266,0.035278397025681356,ssp126
-66.58333333333333,0.25000000000000266,0.03715682646476366,ssp126
-66.41666666666667,0.25000000000000266,0.0329957670135963,ssp126
-66.25,0.25000000000000266,0.04528525149319486,ssp126
-66.08333333333333,0.25000000000000266,0.051000878471366154,ssp126
-65.91666666666667,0.25000000000000266,0.058130388919790714,ssp126
-65.75,0.25000000000000266,0.12596794935271569,ssp126
-65.58333333333333,0.25000000000000266,0.16117542117130906,ssp126
-65.41666666666667,0.25000000000000266,0.1872649183571733,ssp126
-65.25,0.25000000000000266,0.11960333223485115,ssp126
-65.08333333333333,0.25000000000000266,0.06149455452322122,ssp126
-64.91666666666667,0.25000000000000266,0.05551454753226295,ssp126
-64.75,0.25000000000000266,0.0528350383230195,ssp126
-64.58333333333333,0.25000000000000266,0.05360667408776802,ssp126
-64.41666666666667,0.25000000000000266,0.06375668174159577,ssp126
-64.25,0.25000000000000266,0.07162212871686864,ssp126
-64.08333333333333,0.25000000000000266,0.07247462688157173,ssp126
-63.91666666666667,0.25000000000000266,0.08156297445325003,ssp126
-63.75,0.25000000000000266,0.08227088440341022,ssp126
-63.583333333333336,0.25000000000000266,0.08758017966973,ssp126
-63.41666666666667,0.25000000000000266,0.08936693900154988,ssp126
-63.25,0.25000000000000266,0.09682300502781956,ssp126
-63.083333333333336,0.25000000000000266,0.09625974179243495,ssp126
-62.91666666666667,0.25000000000000266,0.11016509849945343,ssp126
-62.75,0.25000000000000266,0.10153252806406457,ssp126
-62.583333333333336,0.25000000000000266,0.11105616205779283,ssp126
-62.41666666666667,0.25000000000000266,0.10435564510553928,ssp126
-62.25,0.25000000000000266,0.1364174962333518,ssp126
-62.083333333333336,0.25000000000000266,0.12584514842882727,ssp126
-61.91666666666667,0.25000000000000266,0.1301038808691827,ssp126
-61.75,0.25000000000000266,0.14984456107038244,ssp126
-61.583333333333336,0.25000000000000266,0.12854665436062543,ssp126
-61.41666666666667,0.25000000000000266,0.12803855833436328,ssp126
-61.25,0.25000000000000266,0.15109787921737003,ssp126
-61.083333333333336,0.25000000000000266,0.15804874659670975,ssp126
-60.91666666666667,0.25000000000000266,0.15932483903785583,ssp126
-60.75,0.25000000000000266,0.1463414844375024,ssp126
-60.583333333333336,0.25000000000000266,0.14977031888847203,ssp126
-60.41666666666667,0.25000000000000266,0.13918598654495298,ssp126
-60.25,0.25000000000000266,0.12633141098343315,ssp126
-60.083333333333336,0.25000000000000266,0.09962660115601904,ssp126
-59.91666666666667,0.25000000000000266,0.09740658028243784,ssp126
-59.75,0.25000000000000266,0.10490929944812133,ssp126
-59.583333333333336,0.25000000000000266,0.08996886831047099,ssp126
-59.41666666666667,0.25000000000000266,0.11334220414799971,ssp126
-59.25,0.25000000000000266,0.11373747588379221,ssp126
-59.083333333333336,0.25000000000000266,0.0884442896365813,ssp126
-58.91666666666667,0.25000000000000266,0.09104264189543651,ssp126
-58.75,0.25000000000000266,0.10622794741381751,ssp126
-58.583333333333336,0.25000000000000266,0.10597703219044849,ssp126
-58.41666666666667,0.25000000000000266,0.10721246703751355,ssp126
-58.25,0.25000000000000266,0.1465273217000833,ssp126
-58.083333333333336,0.25000000000000266,0.15425090866634553,ssp126
-57.91666666666667,0.25000000000000266,0.15243450952345297,ssp126
-57.75,0.25000000000000266,0.13948105411566322,ssp126
-57.583333333333336,0.25000000000000266,0.16208323227934743,ssp126
-57.41666666666667,0.25000000000000266,0.1514484803421632,ssp126
-57.25,0.25000000000000266,0.14290283906697468,ssp126
-57.083333333333336,0.25000000000000266,0.13887771545890545,ssp126
-56.91666666666667,0.25000000000000266,0.13691387394268,ssp126
-56.75,0.25000000000000266,0.12308539431576059,ssp126
-56.583333333333336,0.25000000000000266,0.14974463926535345,ssp126
-56.41666666666667,0.25000000000000266,0.1576201333294526,ssp126
-56.25,0.25000000000000266,0.12322615039447829,ssp126
-56.083333333333336,0.25000000000000266,0.16876715307153875,ssp126
-55.91666666666667,0.25000000000000266,0.11291335736545711,ssp126
-55.75,0.25000000000000266,0.108487643539967,ssp126
-55.583333333333336,0.25000000000000266,0.08682186433453004,ssp126
-55.41666666666667,0.25000000000000266,0.08433511213588507,ssp126
-55.25,0.25000000000000266,0.10166130623539267,ssp126
-55.083333333333336,0.25000000000000266,0.06303423028169164,ssp126
-54.91666666666667,0.25000000000000266,0.041904229473465664,ssp126
-54.75,0.25000000000000266,0.04821457256483163,ssp126
-54.583333333333336,0.25000000000000266,0.07908219130298744,ssp126
-54.41666666666667,0.25000000000000266,0.10924177938315334,ssp126
-54.25,0.25000000000000266,0.14329201868021388,ssp126
-54.083333333333336,0.25000000000000266,0.13015524882847138,ssp126
-53.91666666666667,0.25000000000000266,0.1320833124754699,ssp126
-53.75,0.25000000000000266,0.11329200037030897,ssp126
-53.583333333333336,0.25000000000000266,0.21981490099836037,ssp126
-53.41666666666667,0.25000000000000266,0.2022955754719242,ssp126
-53.25,0.25000000000000266,0.2107866310849137,ssp126
-53.083333333333336,0.25000000000000266,0.22456940710866147,ssp126
-52.91666666666667,0.25000000000000266,0.21828805036415405,ssp126
-52.75,0.25000000000000266,0.21827969572975064,ssp126
-52.583333333333336,0.25000000000000266,0.2175462807464921,ssp126
-52.41666666666667,0.25000000000000266,0.21540682423068458,ssp126
-52.25,0.25000000000000266,0.21414646494076522,ssp126
-52.083333333333336,0.25000000000000266,0.22402067175608378,ssp126
-51.91666666666667,0.25000000000000266,0.24092935963532267,ssp126
-51.75,0.25000000000000266,0.25269842056899094,ssp126
-51.583333333333336,0.25000000000000266,0.2750351722271547,ssp126
-51.41666666666667,0.25000000000000266,0.3165405485144166,ssp126
-51.25,0.25000000000000266,0.2516661428603527,ssp126
-51.083333333333336,0.25000000000000266,0.18201513296451818,ssp126
-50.91666666666667,0.25000000000000266,0.13454121092825014,ssp126
-50.75,0.25000000000000266,0.07170265564111016,ssp126
-50.583333333333336,0.25000000000000266,0.07516539002917014,ssp126
-50.41666666666667,0.25000000000000266,0.10872369981082322,ssp126
-50.25,0.25000000000000266,0.08441541821585581,ssp126
-50.083333333333336,0.25000000000000266,0.11492599539594531,ssp126
-49.91666666666667,0.25000000000000266,0.1220614026551707,ssp126
-49.75,0.25000000000000266,0.13555700350775476,ssp126
-69.91666666666667,0.0833333333333357,0.06677690150961743,ssp126
-69.75,0.0833333333333357,0.06363816540149361,ssp126
-69.58333333333333,0.0833333333333357,0.0642189423200563,ssp126
-69.41666666666667,0.0833333333333357,0.06615025023759019,ssp126
-69.25,0.0833333333333357,0.06324761956552995,ssp126
-69.08333333333333,0.0833333333333357,0.06508745920022393,ssp126
-68.91666666666667,0.0833333333333357,0.07830139766813869,ssp126
-68.75,0.0833333333333357,0.07618516451640307,ssp126
-68.58333333333333,0.0833333333333357,0.07023403237659147,ssp126
-68.41666666666667,0.0833333333333357,0.0756023148935088,ssp126
-68.25,0.0833333333333357,0.07444845577990397,ssp126
-68.08333333333333,0.0833333333333357,0.09141392542386051,ssp126
-67.91666666666667,0.0833333333333357,0.06726348153458103,ssp126
-67.75,0.0833333333333357,0.027779564621916778,ssp126
-67.58333333333333,0.0833333333333357,0.016220258691195935,ssp126
-67.41666666666667,0.0833333333333357,0.05273257721755415,ssp126
-67.25,0.0833333333333357,0.03447474977197244,ssp126
-67.08333333333333,0.0833333333333357,0.03869699769199843,ssp126
-66.91666666666667,0.0833333333333357,0.04652022080967129,ssp126
-66.75,0.0833333333333357,0.036581602917102274,ssp126
-66.58333333333333,0.0833333333333357,0.035994667585623856,ssp126
-66.41666666666667,0.0833333333333357,0.03627918520425205,ssp126
-66.25,0.0833333333333357,0.0380370202533978,ssp126
-66.08333333333333,0.0833333333333357,0.041559782109940185,ssp126
-65.91666666666667,0.0833333333333357,0.054888402698880415,ssp126
-65.75,0.0833333333333357,0.05626928152165797,ssp126
-65.58333333333333,0.0833333333333357,0.04160407954532204,ssp126
-65.41666666666667,0.0833333333333357,0.05025275174232473,ssp126
-65.25,0.0833333333333357,0.04535870712274125,ssp126
-65.08333333333333,0.0833333333333357,0.046645116828064055,ssp126
-64.91666666666667,0.0833333333333357,0.04844959511029811,ssp126
-64.75,0.0833333333333357,0.05147700782495169,ssp126
-64.58333333333333,0.0833333333333357,0.053432484968659336,ssp126
-64.41666666666667,0.0833333333333357,0.060349003622941315,ssp126
-64.25,0.0833333333333357,0.06382529405282623,ssp126
-64.08333333333333,0.0833333333333357,0.06931176260493137,ssp126
-63.91666666666667,0.0833333333333357,0.07028695351913541,ssp126
-63.75,0.0833333333333357,0.07673604337468745,ssp126
-63.583333333333336,0.0833333333333357,0.08583175387735961,ssp126
-63.41666666666667,0.0833333333333357,0.08547800402585176,ssp126
-63.25,0.0833333333333357,0.08550895807272453,ssp126
-63.083333333333336,0.0833333333333357,0.0837425323147063,ssp126
-62.91666666666667,0.0833333333333357,0.11672054816159955,ssp126
-62.75,0.0833333333333357,0.10318478959188182,ssp126
-62.583333333333336,0.0833333333333357,0.1085108106148316,ssp126
-62.41666666666667,0.0833333333333357,0.1313324769380119,ssp126
-62.25,0.0833333333333357,0.13433971065590614,ssp126
-62.083333333333336,0.0833333333333357,0.10814627696188124,ssp126
-61.91666666666667,0.0833333333333357,0.11054638227321645,ssp126
-61.75,0.0833333333333357,0.1255173654652745,ssp126
-61.583333333333336,0.0833333333333357,0.11515181763365631,ssp126
-61.41666666666667,0.0833333333333357,0.11791494622629892,ssp126
-61.25,0.0833333333333357,0.15211420271754905,ssp126
-61.083333333333336,0.0833333333333357,0.1607442225862729,ssp126
-60.91666666666667,0.0833333333333357,0.15764049232050373,ssp126
-60.75,0.0833333333333357,0.14184454559552098,ssp126
-60.583333333333336,0.0833333333333357,0.13672214660209822,ssp126
-60.41666666666667,0.0833333333333357,0.12077544680360316,ssp126
-60.25,0.0833333333333357,0.1150100044072657,ssp126
-60.083333333333336,0.0833333333333357,0.12449077098745932,ssp126
-59.91666666666667,0.0833333333333357,0.1107605784647455,ssp126
-59.75,0.0833333333333357,0.1086307880992202,ssp126
-59.583333333333336,0.0833333333333357,0.11310343473702994,ssp126
-59.41666666666667,0.0833333333333357,0.11960109703132128,ssp126
-59.25,0.0833333333333357,0.12979522552342557,ssp126
-59.083333333333336,0.0833333333333357,0.10174356049344167,ssp126
-58.91666666666667,0.0833333333333357,0.09119704762930668,ssp126
-58.75,0.0833333333333357,0.07982599772304429,ssp126
-58.583333333333336,0.0833333333333357,0.10412172914035872,ssp126
-58.41666666666667,0.0833333333333357,0.10924626796594084,ssp126
-58.25,0.0833333333333357,0.11537669951743243,ssp126
-58.083333333333336,0.0833333333333357,0.12569618237569913,ssp126
-57.91666666666667,0.0833333333333357,0.1331481978360416,ssp126
-57.75,0.0833333333333357,0.13581814549272772,ssp126
-57.583333333333336,0.0833333333333357,0.1383962853694916,ssp126
-57.41666666666667,0.0833333333333357,0.1414079011287395,ssp126
-57.25,0.0833333333333357,0.1679338211751093,ssp126
-57.083333333333336,0.0833333333333357,0.15079350795468474,ssp126
-56.91666666666667,0.0833333333333357,0.14833620435864697,ssp126
-56.75,0.0833333333333357,0.1396801894187794,ssp126
-56.583333333333336,0.0833333333333357,0.1522002894211155,ssp126
-56.41666666666667,0.0833333333333357,0.145797130424171,ssp126
-56.25,0.0833333333333357,0.10477640796160725,ssp126
-56.083333333333336,0.0833333333333357,0.1602473753644506,ssp126
-55.91666666666667,0.0833333333333357,0.12163178617475941,ssp126
-55.75,0.0833333333333357,0.09641595776985269,ssp126
-55.583333333333336,0.0833333333333357,0.07851278541824991,ssp126
-55.41666666666667,0.0833333333333357,0.08061857508633775,ssp126
-55.25,0.0833333333333357,0.077748440367332,ssp126
-55.083333333333336,0.0833333333333357,0.05655714031267197,ssp126
-54.91666666666667,0.0833333333333357,0.03871443463670707,ssp126
-54.75,0.0833333333333357,0.06170567475754212,ssp126
-54.583333333333336,0.0833333333333357,0.07491949365437298,ssp126
-54.41666666666667,0.0833333333333357,0.10335288358117317,ssp126
-54.25,0.0833333333333357,0.17247652308904013,ssp126
-54.083333333333336,0.0833333333333357,0.20088921718345862,ssp126
-53.91666666666667,0.0833333333333357,0.21354259571073417,ssp126
-53.75,0.0833333333333357,0.19214945355443727,ssp126
-53.583333333333336,0.0833333333333357,0.22450069206682352,ssp126
-53.41666666666667,0.0833333333333357,0.2269360009993721,ssp126
-53.25,0.0833333333333357,0.22118569085052775,ssp126
-53.083333333333336,0.0833333333333357,0.22402367216791347,ssp126
-52.91666666666667,0.0833333333333357,0.22648613307195872,ssp126
-52.75,0.0833333333333357,0.22327794065075218,ssp126
-52.583333333333336,0.0833333333333357,0.221588699100563,ssp126
-52.41666666666667,0.0833333333333357,0.22658289576247517,ssp126
-52.25,0.0833333333333357,0.22168863297069988,ssp126
-52.083333333333336,0.0833333333333357,0.2194191573144626,ssp126
-51.91666666666667,0.0833333333333357,0.2354454272913119,ssp126
-51.75,0.0833333333333357,0.2534102578439861,ssp126
-51.583333333333336,0.0833333333333357,0.2925398431937506,ssp126
-51.41666666666667,0.0833333333333357,0.2731889933665134,ssp126
-51.25,0.0833333333333357,0.234416852322275,ssp126
-51.083333333333336,0.0833333333333357,0.19884176938836123,ssp126
-50.91666666666667,0.0833333333333357,0.1044049680600731,ssp126
-50.75,0.0833333333333357,0.09217878106365926,ssp126
-50.583333333333336,0.0833333333333357,0.1557003523996389,ssp126
-50.41666666666667,0.0833333333333357,0.13321215314391366,ssp126
-50.25,0.0833333333333357,0.18910087811614154,ssp126
-50.083333333333336,0.0833333333333357,0.18595762188518952,ssp126
-49.91666666666667,0.0833333333333357,0.16325081255858556,ssp126
-49.75,0.0833333333333357,0.11438297753669369,ssp126
-49.583333333333336,0.0833333333333357,0.11276209925892271,ssp126
-69.91666666666667,-0.08333333333333037,0.04868736848473221,ssp126
-69.75,-0.08333333333333037,0.0526115786722114,ssp126
-69.58333333333333,-0.08333333333333037,0.05400361402951459,ssp126
-69.41666666666667,-0.08333333333333037,0.04921351119655332,ssp126
-69.25,-0.08333333333333037,0.06510404869170011,ssp126
-69.08333333333333,-0.08333333333333037,0.06206311130143737,ssp126
-68.91666666666667,-0.08333333333333037,0.07094419772535487,ssp126
-68.75,-0.08333333333333037,0.076372230661392565,ssp126
-68.58333333333333,-0.08333333333333037,0.08268320144334008,ssp126
-68.41666666666667,-0.08333333333333037,0.08318633412381779,ssp126
-68.25,-0.08333333333333037,0.0822082326620217,ssp126
-68.08333333333333,-0.08333333333333037,0.08285747806052711,ssp126
-67.91666666666667,-0.08333333333333037,0.04301194528607611,ssp126
-67.75,-0.08333333333333037,0.048573329549698306,ssp126
-67.58333333333333,-0.08333333333333037,0.039676764487090975,ssp126
-67.41666666666667,-0.08333333333333037,0.05114401971803071,ssp126
-67.25,-0.08333333333333037,0.06098831638421103,ssp126
-67.08333333333333,-0.08333333333333037,0.06707848575576611,ssp126
-66.91666666666667,-0.08333333333333037,0.054429336906190805,ssp126
-66.75,-0.08333333333333037,0.038064245563520234,ssp126
-66.58333333333333,-0.08333333333333037,0.059864993202487914,ssp126
-66.41666666666667,-0.08333333333333037,0.06319011971381473,ssp126
-66.25,-0.08333333333333037,0.06393740131925069,ssp126
-66.08333333333333,-0.08333333333333037,0.06808058941436892,ssp126
-65.91666666666667,-0.08333333333333037,0.062416336591071,ssp126
-65.75,-0.08333333333333037,0.060444710793718076,ssp126
-65.58333333333333,-0.08333333333333037,0.056743300946119436,ssp126
-65.41666666666667,-0.08333333333333037,0.05364967098093585,ssp126
-65.25,-0.08333333333333037,0.04992391109246411,ssp126
-65.08333333333333,-0.08333333333333037,0.04659790975205256,ssp126
-64.91666666666667,-0.08333333333333037,0.04693994533442703,ssp126
-64.75,-0.08333333333333037,0.04895411696745196,ssp126
-64.58333333333333,-0.08333333333333037,0.05088449143662208,ssp126
-64.41666666666667,-0.08333333333333037,0.05568327490472044,ssp126
-64.25,-0.08333333333333037,0.06074907916289158,ssp126
-64.08333333333333,-0.08333333333333037,0.06866022960084954,ssp126
-63.91666666666667,-0.08333333333333037,0.07166223842587781,ssp126
-63.75,-0.08333333333333037,0.07730654111840883,ssp126
-63.583333333333336,-0.08333333333333037,0.08059573917562685,ssp126
-63.41666666666667,-0.08333333333333037,0.08166872009513201,ssp126
-63.25,-0.08333333333333037,0.07768581646824739,ssp126
-63.083333333333336,-0.08333333333333037,0.10599219189352575,ssp126
-62.91666666666667,-0.08333333333333037,0.11438610822468918,ssp126
-62.75,-0.08333333333333037,0.0988635972480665,ssp126
-62.583333333333336,-0.08333333333333037,0.10116479853089597,ssp126
-62.41666666666667,-0.08333333333333037,0.13197627016999036,ssp126
-62.25,-0.08333333333333037,0.13152569635398617,ssp126
-62.083333333333336,-0.08333333333333037,0.10221498862537254,ssp126
-61.91666666666667,-0.08333333333333037,0.11059897422642208,ssp126
-61.75,-0.08333333333333037,0.09573269272713417,ssp126
-61.583333333333336,-0.08333333333333037,0.1003319154174794,ssp126
-61.41666666666667,-0.08333333333333037,0.13398969915482656,ssp126
-61.25,-0.08333333333333037,0.14641790515543943,ssp126
-61.083333333333336,-0.08333333333333037,0.14810994300600144,ssp126
-60.91666666666667,-0.08333333333333037,0.1482712237870288,ssp126
-60.75,-0.08333333333333037,0.14043152064837397,ssp126
-60.583333333333336,-0.08333333333333037,0.13728400681080644,ssp126
-60.41666666666667,-0.08333333333333037,0.11740579772007916,ssp126
-60.25,-0.08333333333333037,0.1169247793927182,ssp126
-60.083333333333336,-0.08333333333333037,0.12243316523770165,ssp126
-59.91666666666667,-0.08333333333333037,0.11445863312269827,ssp126
-59.75,-0.08333333333333037,0.09880670005092934,ssp126
-59.583333333333336,-0.08333333333333037,0.11217692044175447,ssp126
-59.41666666666667,-0.08333333333333037,0.11842561116341183,ssp126
-59.25,-0.08333333333333037,0.13943435279963212,ssp126
-59.083333333333336,-0.08333333333333037,0.1625735709287955,ssp126
-58.91666666666667,-0.08333333333333037,0.1283191033523034,ssp126
-58.75,-0.08333333333333037,0.06722934625330915,ssp126
-58.583333333333336,-0.08333333333333037,0.09357130543558623,ssp126
-58.41666666666667,-0.08333333333333037,0.08502191265579415,ssp126
-58.25,-0.08333333333333037,0.12472326168079767,ssp126
-58.083333333333336,-0.08333333333333037,0.15346147873745805,ssp126
-57.91666666666667,-0.08333333333333037,0.14659142010998158,ssp126
-57.75,-0.08333333333333037,0.11172159066802066,ssp126
-57.583333333333336,-0.08333333333333037,0.13510485137204375,ssp126
-57.41666666666667,-0.08333333333333037,0.15719120310399345,ssp126
-57.25,-0.08333333333333037,0.14757651286227932,ssp126
-57.083333333333336,-0.08333333333333037,0.1493996986996543,ssp126
-56.91666666666667,-0.08333333333333037,0.15968722911218677,ssp126
-56.75,-0.08333333333333037,0.1587244838375183,ssp126
-56.583333333333336,-0.08333333333333037,0.15901008978998174,ssp126
-56.41666666666667,-0.08333333333333037,0.15439412946346148,ssp126
-56.25,-0.08333333333333037,0.08886582395208985,ssp126
-56.083333333333336,-0.08333333333333037,0.139508123172613,ssp126
-55.91666666666667,-0.08333333333333037,0.12946648964607804,ssp126
-55.75,-0.08333333333333037,0.10323892065470258,ssp126
-55.583333333333336,-0.08333333333333037,0.08639905456703756,ssp126
-55.41666666666667,-0.08333333333333037,0.10525148154473002,ssp126
-55.25,-0.08333333333333037,0.0662156891212134,ssp126
-55.083333333333336,-0.08333333333333037,0.05618201482981767,ssp126
-54.91666666666667,-0.08333333333333037,0.05001438414308606,ssp126
-54.75,-0.08333333333333037,0.07291030467245563,ssp126
-54.583333333333336,-0.08333333333333037,0.07097655709612413,ssp126
-54.41666666666667,-0.08333333333333037,0.0952178198497096,ssp126
-54.25,-0.08333333333333037,0.2227164862059766,ssp126
-54.083333333333336,-0.08333333333333037,0.23637767085684694,ssp126
-53.91666666666667,-0.08333333333333037,0.23769480272269228,ssp126
-53.75,-0.08333333333333037,0.23120563825823198,ssp126
-53.583333333333336,-0.08333333333333037,0.2584083061310669,ssp126
-53.41666666666667,-0.08333333333333037,0.2134229824593076,ssp126
-53.25,-0.08333333333333037,0.21808802776916242,ssp126
-53.083333333333336,-0.08333333333333037,0.2203872659871908,ssp126
-52.91666666666667,-0.08333333333333037,0.22282961779741592,ssp126
-52.75,-0.08333333333333037,0.2263331233126488,ssp126
-52.583333333333336,-0.08333333333333037,0.2273711866673736,ssp126
-52.41666666666667,-0.08333333333333037,0.2295164729052373,ssp126
-52.25,-0.08333333333333037,0.22740468661640098,ssp126
-52.083333333333336,-0.08333333333333037,0.21194910445943385,ssp126
-51.91666666666667,-0.08333333333333037,0.22921872889583686,ssp126
-51.75,-0.08333333333333037,0.25048507879913157,ssp126
-51.583333333333336,-0.08333333333333037,0.28029704737129085,ssp126
-51.41666666666667,-0.08333333333333037,0.28423986246646366,ssp126
-51.25,-0.08333333333333037,0.24048763970355244,ssp126
-51.083333333333336,-0.08333333333333037,0.16003611020370748,ssp126
-50.91666666666667,-0.08333333333333037,0.2716689322824893,ssp126
-50.75,-0.08333333333333037,0.1848031966285576,ssp126
-50.583333333333336,-0.08333333333333037,0.13677931031391485,ssp126
-50.41666666666667,-0.08333333333333037,0.16727349550339168,ssp126
-50.25,-0.08333333333333037,0.10957423798060081,ssp126
-50.083333333333336,-0.08333333333333037,0.12172253267415321,ssp126
-49.91666666666667,-0.08333333333333037,0.14753674027507804,ssp126
-49.75,-0.08333333333333037,0.14132531984778407,ssp126
-49.583333333333336,-0.08333333333333037,0.14933521427104568,ssp126
-69.75,-0.24999999999999734,0.05028524398519199,ssp126
-69.58333333333333,-0.24999999999999734,0.043385228298734355,ssp126
-69.41666666666667,-0.24999999999999734,0.07319046590055782,ssp126
-69.25,-0.24999999999999734,0.06445813631608076,ssp126
-69.08333333333333,-0.24999999999999734,0.07063908620200426,ssp126
-68.91666666666667,-0.24999999999999734,0.07756364172008963,ssp126
-68.75,-0.24999999999999734,0.08362865602128246,ssp126
-68.58333333333333,-0.24999999999999734,0.05975614025607573,ssp126
-68.41666666666667,-0.24999999999999734,0.06355397750043004,ssp126
-68.25,-0.24999999999999734,0.04708376742887353,ssp126
-68.08333333333333,-0.24999999999999734,0.05099008874649989,ssp126
-67.91666666666667,-0.24999999999999734,0.05542532065846155,ssp126
-67.75,-0.24999999999999734,0.049736367534873066,ssp126
-67.58333333333333,-0.24999999999999734,0.04969486058273816,ssp126
-67.41666666666667,-0.24999999999999734,0.06912027776881337,ssp126
-67.25,-0.24999999999999734,0.06948813906313923,ssp126
-67.08333333333333,-0.24999999999999734,0.06864728770123671,ssp126
-66.91666666666667,-0.24999999999999734,0.06895929688079357,ssp126
-66.75,-0.24999999999999734,0.058549997649324045,ssp126
-66.58333333333333,-0.24999999999999734,0.07317636314154717,ssp126
-66.41666666666667,-0.24999999999999734,0.07200599026007178,ssp126
-66.25,-0.24999999999999734,0.07517144981667673,ssp126
-66.08333333333333,-0.24999999999999734,0.07106082148659609,ssp126
-65.91666666666667,-0.24999999999999734,0.06788124143122774,ssp126
-65.75,-0.24999999999999734,0.06336861585898047,ssp126
-65.58333333333333,-0.24999999999999734,0.058099991742033515,ssp126
-65.41666666666667,-0.24999999999999734,0.05509515732951559,ssp126
-65.25,-0.24999999999999734,0.05039998212950285,ssp126
-65.08333333333333,-0.24999999999999734,0.04683432517697672,ssp126
-64.91666666666667,-0.24999999999999734,0.04499953126136034,ssp126
-64.75,-0.24999999999999734,0.04551337766104977,ssp126
-64.58333333333333,-0.24999999999999734,0.04770074558041576,ssp126
-64.41666666666667,-0.24999999999999734,0.05115100397615701,ssp126
-64.25,-0.24999999999999734,0.05562993597552613,ssp126
-64.08333333333333,-0.24999999999999734,0.06260482791068084,ssp126
-63.91666666666667,-0.24999999999999734,0.06774810668621452,ssp126
-63.75,-0.24999999999999734,0.07312802673977122,ssp126
-63.583333333333336,-0.24999999999999734,0.074678915668131,ssp126
-63.41666666666667,-0.24999999999999734,0.07895220821309702,ssp126
-63.25,-0.24999999999999734,0.08246324290500495,ssp126
-63.083333333333336,-0.24999999999999734,0.09137958785862517,ssp126
-62.91666666666667,-0.24999999999999734,0.09619192228246234,ssp126
-62.75,-0.24999999999999734,0.09226144001425741,ssp126
-62.583333333333336,-0.24999999999999734,0.08917512120905542,ssp126
-62.41666666666667,-0.24999999999999734,0.12056117506105685,ssp126
-62.25,-0.24999999999999734,0.0947845260750508,ssp126
-62.083333333333336,-0.24999999999999734,0.10187077721208626,ssp126
-61.91666666666667,-0.24999999999999734,0.09559867540781393,ssp126
-61.75,-0.24999999999999734,0.10994443670229474,ssp126
-61.583333333333336,-0.24999999999999734,0.12006359536404149,ssp126
-61.41666666666667,-0.24999999999999734,0.09603958538323884,ssp126
-61.25,-0.24999999999999734,0.11823915647030407,ssp126
-61.083333333333336,-0.24999999999999734,0.12935285023948662,ssp126
-60.91666666666667,-0.24999999999999734,0.1258373540428432,ssp126
-60.75,-0.24999999999999734,0.12454833361978657,ssp126
-60.583333333333336,-0.24999999999999734,0.12564218071991465,ssp126
-60.41666666666667,-0.24999999999999734,0.11582696915013997,ssp126
-60.25,-0.24999999999999734,0.11322767304837217,ssp126
-60.083333333333336,-0.24999999999999734,0.12545807083710253,ssp126
-59.91666666666667,-0.24999999999999734,0.128013964322264,ssp126
-59.75,-0.24999999999999734,0.12609248981251694,ssp126
-59.583333333333336,-0.24999999999999734,0.1169534026576919,ssp126
-59.41666666666667,-0.24999999999999734,0.11980973700441162,ssp126
-59.25,-0.24999999999999734,0.1289897178378145,ssp126
-59.083333333333336,-0.24999999999999734,0.1842657926684983,ssp126
-58.91666666666667,-0.24999999999999734,0.13329163711991593,ssp126
-58.75,-0.24999999999999734,0.09033752694626117,ssp126
-58.583333333333336,-0.24999999999999734,0.1169048348182369,ssp126
-58.41666666666667,-0.24999999999999734,0.11736401793262873,ssp126
-58.25,-0.24999999999999734,0.12248090457264119,ssp126
-58.083333333333336,-0.24999999999999734,0.15439249034788954,ssp126
-57.91666666666667,-0.24999999999999734,0.10957919188825621,ssp126
-57.75,-0.24999999999999734,0.126351305120095,ssp126
-57.583333333333336,-0.24999999999999734,0.0856346923082179,ssp126
-57.41666666666667,-0.24999999999999734,0.14068045809775798,ssp126
-57.25,-0.24999999999999734,0.1503865308044759,ssp126
-57.083333333333336,-0.24999999999999734,0.15495848615816432,ssp126
-56.91666666666667,-0.24999999999999734,0.17079346268296702,ssp126
-56.75,-0.24999999999999734,0.1617067673877763,ssp126
-56.583333333333336,-0.24999999999999734,0.1505806799397733,ssp126
-56.41666666666667,-0.24999999999999734,0.16041860672395716,ssp126
-56.25,-0.24999999999999734,0.10635534201476488,ssp126
-56.083333333333336,-0.24999999999999734,0.12984084178190536,ssp126
-55.91666666666667,-0.24999999999999734,0.10865381981441948,ssp126
-55.75,-0.24999999999999734,0.09986233212831155,ssp126
-55.583333333333336,-0.24999999999999734,0.09241343425772239,ssp126
-55.41666666666667,-0.24999999999999734,0.09868121416906575,ssp126
-55.25,-0.24999999999999734,0.0604960232332258,ssp126
-55.083333333333336,-0.24999999999999734,0.05736042123594907,ssp126
-54.91666666666667,-0.24999999999999734,0.04357212069621021,ssp126
-54.75,-0.24999999999999734,0.08263757584718297,ssp126
-54.583333333333336,-0.24999999999999734,0.08886927382855782,ssp126
-54.41666666666667,-0.24999999999999734,0.10376500109642195,ssp126
-54.25,-0.24999999999999734,0.22513912017234186,ssp126
-54.083333333333336,-0.24999999999999734,0.23266978889659448,ssp126
-53.91666666666667,-0.24999999999999734,0.22682679406564688,ssp126
-53.75,-0.24999999999999734,0.24834459420596758,ssp126
-53.583333333333336,-0.24999999999999734,0.2346158269440934,ssp126
-53.41666666666667,-0.24999999999999734,0.21098252497555753,ssp126
-53.25,-0.24999999999999734,0.2160136115051804,ssp126
-53.083333333333336,-0.24999999999999734,0.2477712470488326,ssp126
-52.91666666666667,-0.24999999999999734,0.2169302984723664,ssp126
-52.75,-0.24999999999999734,0.22243144643818882,ssp126
-52.583333333333336,-0.24999999999999734,0.2317172402361688,ssp126
-52.41666666666667,-0.24999999999999734,0.23203690033827468,ssp126
-52.25,-0.24999999999999734,0.23363463651612523,ssp126
-52.083333333333336,-0.24999999999999734,0.2133783602711448,ssp126
-51.91666666666667,-0.24999999999999734,0.2213214006230392,ssp126
-51.75,-0.24999999999999734,0.24425466290628747,ssp126
-51.583333333333336,-0.24999999999999734,0.21264921349956326,ssp126
-51.41666666666667,-0.24999999999999734,0.26336231046428393,ssp126
-51.25,-0.24999999999999734,0.26719086694200783,ssp126
-51.083333333333336,-0.24999999999999734,0.2381269851017965,ssp126
-50.91666666666667,-0.24999999999999734,0.22906536651518666,ssp126
-50.75,-0.24999999999999734,0.1517961970481847,ssp126
-50.583333333333336,-0.24999999999999734,0.24007874953734767,ssp126
-50.41666666666667,-0.24999999999999734,0.2623870774878457,ssp126
-50.25,-0.24999999999999734,0.2150354861846504,ssp126
-50.083333333333336,-0.24999999999999734,0.218446025595998,ssp126
-49.91666666666667,-0.24999999999999734,0.20696085237526465,ssp126
-49.75,-0.24999999999999734,0.13739457238556038,ssp126
-49.583333333333336,-0.24999999999999734,0.13313891756544327,ssp126
-49.41666666666667,-0.24999999999999734,0.15407820394725294,ssp126
-49.25,-0.24999999999999734,0.1618752236121693,ssp126
-49.083333333333336,-0.24999999999999734,0.13768253770195324,ssp126
-69.41666666666667,-0.4166666666666643,0.027754664243421823,ssp126
-69.25,-0.4166666666666643,0.0369045829092939,ssp126
-69.08333333333333,-0.4166666666666643,0.03872103132618869,ssp126
-68.91666666666667,-0.4166666666666643,0.04476083093147294,ssp126
-68.75,-0.4166666666666643,0.04639050164368879,ssp126
-68.58333333333333,-0.4166666666666643,0.025539980667618395,ssp126
-68.41666666666667,-0.4166666666666643,0.024322512210781674,ssp126
-68.25,-0.4166666666666643,0.021219353237645223,ssp126
-68.08333333333333,-0.4166666666666643,0.015057297862905215,ssp126
-67.91666666666667,-0.4166666666666643,0.01853094608564222,ssp126
-67.75,-0.4166666666666643,0.03945898151645874,ssp126
-67.58333333333333,-0.4166666666666643,0.040454885293643765,ssp126
-67.41666666666667,-0.4166666666666643,0.055530390274188726,ssp126
-67.25,-0.4166666666666643,0.048464895900730644,ssp126
-67.08333333333333,-0.4166666666666643,0.04971210888552357,ssp126
-66.91666666666667,-0.4166666666666643,0.04783604848039718,ssp126
-66.75,-0.4166666666666643,0.05914141704894954,ssp126
-66.58333333333333,-0.4166666666666643,0.07298518077648314,ssp126
-66.41666666666667,-0.4166666666666643,0.07572241525725876,ssp126
-66.25,-0.4166666666666643,0.0726403610753204,ssp126
-66.08333333333333,-0.4166666666666643,0.061767351102780636,ssp126
-65.91666666666667,-0.4166666666666643,0.058055584643605336,ssp126
-65.75,-0.4166666666666643,0.05535094146752097,ssp126
-65.58333333333333,-0.4166666666666643,0.05218668296207547,ssp126
-65.41666666666667,-0.4166666666666643,0.0520994395220295,ssp126
-65.25,-0.4166666666666643,0.05283429777263531,ssp126
-65.08333333333333,-0.4166666666666643,0.0521035704443044,ssp126
-64.91666666666667,-0.4166666666666643,0.04706261478946682,ssp126
-64.75,-0.4166666666666643,0.045684236921591764,ssp126
-64.58333333333333,-0.4166666666666643,0.048406533525110255,ssp126
-64.41666666666667,-0.4166666666666643,0.04818021568112864,ssp126
-64.25,-0.4166666666666643,0.04841843544585157,ssp126
-64.08333333333333,-0.4166666666666643,0.0660418216778628,ssp126
-63.91666666666667,-0.4166666666666643,0.0516755201904491,ssp126
-63.75,-0.4166666666666643,0.05335494029078606,ssp126
-63.583333333333336,-0.4166666666666643,0.06549940359838403,ssp126
-63.41666666666667,-0.4166666666666643,0.06841738399857075,ssp126
-63.25,-0.4166666666666643,0.07256086563773177,ssp126
-63.083333333333336,-0.4166666666666643,0.07859346919927278,ssp126
-62.91666666666667,-0.4166666666666643,0.09219804545960807,ssp126
-62.75,-0.4166666666666643,0.096751392742904,ssp126
-62.583333333333336,-0.4166666666666643,0.09970162046592589,ssp126
-62.41666666666667,-0.4166666666666643,0.10214576762182649,ssp126
-62.25,-0.4166666666666643,0.09231473078575558,ssp126
-62.083333333333336,-0.4166666666666643,0.10161879475701635,ssp126
-61.91666666666667,-0.4166666666666643,0.08575919638601741,ssp126
-61.75,-0.4166666666666643,0.10866056063030073,ssp126
-61.583333333333336,-0.4166666666666643,0.0952444770115766,ssp126
-61.41666666666667,-0.4166666666666643,0.09164497441759255,ssp126
-61.25,-0.4166666666666643,0.11056054887629933,ssp126
-61.083333333333336,-0.4166666666666643,0.11758837587883093,ssp126
-60.91666666666667,-0.4166666666666643,0.11148216805062844,ssp126
-60.75,-0.4166666666666643,0.11383597239959078,ssp126
-60.583333333333336,-0.4166666666666643,0.11455036449958038,ssp126
-60.41666666666667,-0.4166666666666643,0.11927045048272661,ssp126
-60.25,-0.4166666666666643,0.12446677539059693,ssp126
-60.083333333333336,-0.4166666666666643,0.13839905119728005,ssp126
-59.91666666666667,-0.4166666666666643,0.12823438558739214,ssp126
-59.75,-0.4166666666666643,0.09559411024294193,ssp126
-59.583333333333336,-0.4166666666666643,0.12514084177294113,ssp126
-59.41666666666667,-0.4166666666666643,0.10676376247473413,ssp126
-59.25,-0.4166666666666643,0.1417957126816012,ssp126
-59.083333333333336,-0.4166666666666643,0.1833838495255716,ssp126
-58.91666666666667,-0.4166666666666643,0.10793999302788962,ssp126
-58.75,-0.4166666666666643,0.13201762813319015,ssp126
-58.583333333333336,-0.4166666666666643,0.1622659970494789,ssp126
-58.41666666666667,-0.4166666666666643,0.13029560148813418,ssp126
-58.25,-0.4166666666666643,0.13921553082639504,ssp126
-58.083333333333336,-0.4166666666666643,0.16824645617257963,ssp126
-57.91666666666667,-0.4166666666666643,0.17542402292164655,ssp126
-57.75,-0.4166666666666643,0.1373071555620861,ssp126
-57.583333333333336,-0.4166666666666643,0.1816414358109576,ssp126
-57.41666666666667,-0.4166666666666643,0.17394769364791757,ssp126
-57.25,-0.4166666666666643,0.15456353715708654,ssp126
-57.083333333333336,-0.4166666666666643,0.1573305410237419,ssp126
-56.91666666666667,-0.4166666666666643,0.16938012695037932,ssp126
-56.75,-0.4166666666666643,0.16433146360009307,ssp126
-56.583333333333336,-0.4166666666666643,0.15644865003588806,ssp126
-56.41666666666667,-0.4166666666666643,0.1515694463513059,ssp126
-56.25,-0.4166666666666643,0.13591732362342407,ssp126
-56.083333333333336,-0.4166666666666643,0.14073415047333554,ssp126
-55.91666666666667,-0.4166666666666643,0.10505231401815532,ssp126
-55.75,-0.4166666666666643,0.07480343273187962,ssp126
-55.583333333333336,-0.4166666666666643,0.09636480401689393,ssp126
-55.41666666666667,-0.4166666666666643,0.10214799468844848,ssp126
-55.25,-0.4166666666666643,0.06607442951114469,ssp126
-55.083333333333336,-0.4166666666666643,0.0625709060551916,ssp126
-54.91666666666667,-0.4166666666666643,0.03547541762082997,ssp126
-54.75,-0.4166666666666643,0.0833006315469492,ssp126
-54.583333333333336,-0.4166666666666643,0.08463373550482192,ssp126
-54.41666666666667,-0.4166666666666643,0.0870017723402981,ssp126
-54.25,-0.4166666666666643,0.16169012605912017,ssp126
-54.083333333333336,-0.4166666666666643,0.24048992875279465,ssp126
-53.91666666666667,-0.4166666666666643,0.2350008507799511,ssp126
-53.75,-0.4166666666666643,0.25632839171422117,ssp126
-53.583333333333336,-0.4166666666666643,0.2354111308561417,ssp126
-53.41666666666667,-0.4166666666666643,0.23305608998909405,ssp126
-53.25,-0.4166666666666643,0.23491921470365087,ssp126
-53.083333333333336,-0.4166666666666643,0.26343022731345783,ssp126
-52.91666666666667,-0.4166666666666643,0.24846987530622072,ssp126
-52.75,-0.4166666666666643,0.21182330227209045,ssp126
-52.583333333333336,-0.4166666666666643,0.24275200152439766,ssp126
-52.41666666666667,-0.4166666666666643,0.22530468251608046,ssp126
-52.25,-0.4166666666666643,0.20615704519262273,ssp126
-52.083333333333336,-0.4166666666666643,0.2266571157832607,ssp126
-51.91666666666667,-0.4166666666666643,0.2361433419747967,ssp126
-51.75,-0.4166666666666643,0.24624542290215845,ssp126
-51.583333333333336,-0.4166666666666643,0.22505611178154078,ssp126
-51.41666666666667,-0.4166666666666643,0.2092802312563444,ssp126
-51.25,-0.4166666666666643,0.21176086425113352,ssp126
-51.083333333333336,-0.4166666666666643,0.27026843028733,ssp126
-50.91666666666667,-0.4166666666666643,0.24639182575594407,ssp126
-50.75,-0.4166666666666643,0.19085019634377717,ssp126
-50.583333333333336,-0.4166666666666643,0.27473554008457124,ssp126
-50.41666666666667,-0.4166666666666643,0.23834640893119188,ssp126
-50.25,-0.4166666666666643,0.24948500260786305,ssp126
-50.083333333333336,-0.4166666666666643,0.24240496102414807,ssp126
-49.91666666666667,-0.4166666666666643,0.2516846655503486,ssp126
-49.75,-0.4166666666666643,0.19615361852556853,ssp126
-49.583333333333336,-0.4166666666666643,0.18357718692115363,ssp126
-49.41666666666667,-0.4166666666666643,0.15080913584174957,ssp126
-49.25,-0.4166666666666643,0.1579735052206057,ssp126
-49.083333333333336,-0.4166666666666643,0.14983310742639405,ssp126
-48.91666666666667,-0.4166666666666643,0.13402084356845012,ssp126
-48.75,-0.4166666666666643,0.12609238796084216,ssp126
-48.583333333333336,-0.4166666666666643,0.12269725318854127,ssp126
-69.41666666666667,-0.5833333333333304,0.018288535069665015,ssp126
-69.25,-0.5833333333333304,0.016162619554634473,ssp126
-69.08333333333333,-0.5833333333333304,0.01509404664478782,ssp126
-68.91666666666667,-0.5833333333333304,0.016896321013613394,ssp126
-68.75,-0.5833333333333304,0.019633462752489464,ssp126
-68.58333333333333,-0.5833333333333304,0.018409601927821536,ssp126
-68.41666666666667,-0.5833333333333304,0.0170651052609373,ssp126
-68.25,-0.5833333333333304,0.018133107173818053,ssp126
-68.08333333333333,-0.5833333333333304,0.014014818380153468,ssp126
-67.91666666666667,-0.5833333333333304,0.018712992890707072,ssp126
-67.75,-0.5833333333333304,0.018373697632311108,ssp126
-67.58333333333333,-0.5833333333333304,0.019442196072719645,ssp126
-67.41666666666667,-0.5833333333333304,0.02362880377152712,ssp126
-67.25,-0.5833333333333304,0.031010731176171667,ssp126
-67.08333333333333,-0.5833333333333304,0.05029302417784373,ssp126
-66.91666666666667,-0.5833333333333304,0.06054575086218943,ssp126
-66.75,-0.5833333333333304,0.06180567513050698,ssp126
-66.58333333333333,-0.5833333333333304,0.06793510202417491,ssp126
-66.41666666666667,-0.5833333333333304,0.06778485926792337,ssp126
-66.25,-0.5833333333333304,0.06536147107654845,ssp126
-66.08333333333333,-0.5833333333333304,0.061649186677315206,ssp126
-65.91666666666667,-0.5833333333333304,0.055939025688553246,ssp126
-65.75,-0.5833333333333304,0.05663048662975799,ssp126
-65.58333333333333,-0.5833333333333304,0.054276063292542816,ssp126
-65.41666666666667,-0.5833333333333304,0.04967280734075376,ssp126
-65.25,-0.5833333333333304,0.04716565841236978,ssp126
-65.08333333333333,-0.5833333333333304,0.043376101158797496,ssp126
-64.91666666666667,-0.5833333333333304,0.04312830077525361,ssp126
-64.75,-0.5833333333333304,0.053027224895040005,ssp126
-64.58333333333333,-0.5833333333333304,0.04003741804257562,ssp126
-64.41666666666667,-0.5833333333333304,0.044311601594155564,ssp126
-64.25,-0.5833333333333304,0.04433091515813484,ssp126
-64.08333333333333,-0.5833333333333304,0.04040658434851893,ssp126
-63.91666666666667,-0.5833333333333304,0.042324387728959065,ssp126
-63.75,-0.5833333333333304,0.046955388909018445,ssp126
-63.583333333333336,-0.5833333333333304,0.056245764341507694,ssp126
-63.41666666666667,-0.5833333333333304,0.07088309610486702,ssp126
-63.25,-0.5833333333333304,0.07365109909819358,ssp126
-63.083333333333336,-0.5833333333333304,0.07835526411042326,ssp126
-62.91666666666667,-0.5833333333333304,0.0819503168433496,ssp126
-62.75,-0.5833333333333304,0.0893445682995049,ssp126
-62.583333333333336,-0.5833333333333304,0.09774005546301483,ssp126
-62.41666666666667,-0.5833333333333304,0.09641318194024047,ssp126
-62.25,-0.5833333333333304,0.09838571752490738,ssp126
-62.083333333333336,-0.5833333333333304,0.09679102530447523,ssp126
-61.91666666666667,-0.5833333333333304,0.07779428484644926,ssp126
-61.75,-0.5833333333333304,0.09804894666962397,ssp126
-61.583333333333336,-0.5833333333333304,0.07958538980733369,ssp126
-61.41666666666667,-0.5833333333333304,0.08417691405646824,ssp126
-61.25,-0.5833333333333304,0.10630716815192727,ssp126
-61.083333333333336,-0.5833333333333304,0.10317390785336975,ssp126
-60.91666666666667,-0.5833333333333304,0.10271059734172473,ssp126
-60.75,-0.5833333333333304,0.10568141189766253,ssp126
-60.583333333333336,-0.5833333333333304,0.1027742359496312,ssp126
-60.41666666666667,-0.5833333333333304,0.11289906040484643,ssp126
-60.25,-0.5833333333333304,0.122213327818184,ssp126
-60.083333333333336,-0.5833333333333304,0.09826775006215525,ssp126
-59.91666666666667,-0.5833333333333304,0.07713588336091463,ssp126
-59.75,-0.5833333333333304,0.11569978297788866,ssp126
-59.583333333333336,-0.5833333333333304,0.13324612259114305,ssp126
-59.41666666666667,-0.5833333333333304,0.11298779339778456,ssp126
-59.25,-0.5833333333333304,0.14928406040842965,ssp126
-59.083333333333336,-0.5833333333333304,0.16942083127054408,ssp126
-58.91666666666667,-0.5833333333333304,0.14064869876279526,ssp126
-58.75,-0.5833333333333304,0.17169842945789177,ssp126
-58.583333333333336,-0.5833333333333304,0.17936467143306506,ssp126
-58.41666666666667,-0.5833333333333304,0.1749859825148386,ssp126
-58.25,-0.5833333333333304,0.14458066194072589,ssp126
-58.083333333333336,-0.5833333333333304,0.17494174180646124,ssp126
-57.91666666666667,-0.5833333333333304,0.19259052389964312,ssp126
-57.75,-0.5833333333333304,0.19402836016700986,ssp126
-57.583333333333336,-0.5833333333333304,0.19675041015707379,ssp126
-57.41666666666667,-0.5833333333333304,0.1819533533857173,ssp126
-57.25,-0.5833333333333304,0.15424503596444514,ssp126
-57.083333333333336,-0.5833333333333304,0.15910644598624837,ssp126
-56.91666666666667,-0.5833333333333304,0.16774622578675566,ssp126
-56.75,-0.5833333333333304,0.17412046370334477,ssp126
-56.583333333333336,-0.5833333333333304,0.15773795476597266,ssp126
-56.41666666666667,-0.5833333333333304,0.14679292666882232,ssp126
-56.25,-0.5833333333333304,0.15136248976030514,ssp126
-56.083333333333336,-0.5833333333333304,0.13107231249265497,ssp126
-55.91666666666667,-0.5833333333333304,0.12482723775467705,ssp126
-55.75,-0.5833333333333304,0.08339641645336933,ssp126
-55.583333333333336,-0.5833333333333304,0.09350343702737507,ssp126
-55.41666666666667,-0.5833333333333304,0.11428675910384066,ssp126
-55.25,-0.5833333333333304,0.0872736399808574,ssp126
-55.083333333333336,-0.5833333333333304,0.0642428925233596,ssp126
-54.91666666666667,-0.5833333333333304,0.03414001937195091,ssp126
-54.75,-0.5833333333333304,0.05722786095726687,ssp126
-54.583333333333336,-0.5833333333333304,0.0941104073612474,ssp126
-54.41666666666667,-0.5833333333333304,0.07342384739135485,ssp126
-54.25,-0.5833333333333304,0.07046739743674932,ssp126
-54.083333333333336,-0.5833333333333304,0.1373591548352295,ssp126
-53.91666666666667,-0.5833333333333304,0.2280328152083869,ssp126
-53.75,-0.5833333333333304,0.21107349287862606,ssp126
-53.583333333333336,-0.5833333333333304,0.2373683578186002,ssp126
-53.41666666666667,-0.5833333333333304,0.2335271111462116,ssp126
-53.25,-0.5833333333333304,0.2493461585090773,ssp126
-53.083333333333336,-0.5833333333333304,0.17541336379123873,ssp126
-52.91666666666667,-0.5833333333333304,0.17429257769599976,ssp126
-52.75,-0.5833333333333304,0.22913836424950543,ssp126
-52.583333333333336,-0.5833333333333304,0.22093261827662083,ssp126
-52.41666666666667,-0.5833333333333304,0.20339283777928951,ssp126
-52.25,-0.5833333333333304,0.20473826748196017,ssp126
-52.083333333333336,-0.5833333333333304,0.2365873284981974,ssp126
-51.91666666666667,-0.5833333333333304,0.2441305583867576,ssp126
-51.75,-0.5833333333333304,0.24574433341155913,ssp126
-51.583333333333336,-0.5833333333333304,0.22477911822033794,ssp126
-51.41666666666667,-0.5833333333333304,0.26089950721563726,ssp126
-51.25,-0.5833333333333304,0.2602673561381555,ssp126
-51.083333333333336,-0.5833333333333304,0.23923791171810663,ssp126
-50.91666666666667,-0.5833333333333304,0.23173624323792957,ssp126
-50.75,-0.5833333333333304,0.18389898724284912,ssp126
-50.583333333333336,-0.5833333333333304,0.24282665784106905,ssp126
-50.41666666666667,-0.5833333333333304,0.2312175842034475,ssp126
-50.25,-0.5833333333333304,0.2585052687967194,ssp126
-50.083333333333336,-0.5833333333333304,0.27259950209028555,ssp126
-49.91666666666667,-0.5833333333333304,0.2725185676241961,ssp126
-49.75,-0.5833333333333304,0.2652165134365772,ssp126
-49.583333333333336,-0.5833333333333304,0.20842767375851254,ssp126
-49.41666666666667,-0.5833333333333304,0.17296214623794218,ssp126
-49.25,-0.5833333333333304,0.15539755820933124,ssp126
-49.083333333333336,-0.5833333333333304,0.16927117109447629,ssp126
-48.91666666666667,-0.5833333333333304,0.1500380520361331,ssp126
-48.75,-0.5833333333333304,0.14070413773101556,ssp126
-48.583333333333336,-0.5833333333333304,0.11990670381369495,ssp126
-69.41666666666667,-0.7499999999999973,0.019578059426418114,ssp126
-69.25,-0.7499999999999973,0.016281146649593382,ssp126
-69.08333333333333,-0.7499999999999973,0.015131411124496171,ssp126
-68.91666666666667,-0.7499999999999973,0.016345521362525376,ssp126
-68.75,-0.7499999999999973,0.015051840222950636,ssp126
-68.58333333333333,-0.7499999999999973,0.021313775245734422,ssp126
-68.41666666666667,-0.7499999999999973,0.038289161368394484,ssp126
-68.25,-0.7499999999999973,0.01416066750564239,ssp126
-68.08333333333333,-0.7499999999999973,0.015644541622084257,ssp126
-67.91666666666667,-0.7499999999999973,0.016950233191338468,ssp126
-67.75,-0.7499999999999973,0.017880817855747046,ssp126
-67.58333333333333,-0.7499999999999973,0.01955252804697483,ssp126
-67.41666666666667,-0.7499999999999973,0.02152987012960544,ssp126
-67.25,-0.7499999999999973,0.04040015406975317,ssp126
-67.08333333333333,-0.7499999999999973,0.06033266071777277,ssp126
-66.91666666666667,-0.7499999999999973,0.056228855879276514,ssp126
-66.75,-0.7499999999999973,0.055009641814371124,ssp126
-66.58333333333333,-0.7499999999999973,0.057435155959801115,ssp126
-66.41666666666667,-0.7499999999999973,0.06573784356333578,ssp126
-66.25,-0.7499999999999973,0.06052147265611813,ssp126
-66.08333333333333,-0.7499999999999973,0.057040211803134504,ssp126
-65.91666666666667,-0.7499999999999973,0.054723488027457745,ssp126
-65.75,-0.7499999999999973,0.055471379725840785,ssp126
-65.58333333333333,-0.7499999999999973,0.05207166488369696,ssp126
-65.41666666666667,-0.7499999999999973,0.04823361514226914,ssp126
-65.25,-0.7499999999999973,0.04507176397133188,ssp126
-65.08333333333333,-0.7499999999999973,0.04252185645450174,ssp126
-64.91666666666667,-0.7499999999999973,0.04207244694044537,ssp126
-64.75,-0.7499999999999973,0.051846633566459896,ssp126
-64.58333333333333,-0.7499999999999973,0.051814579520102017,ssp126
-64.41666666666667,-0.7499999999999973,0.03795515500907873,ssp126
-64.25,-0.7499999999999973,0.04339240166375112,ssp126
-64.08333333333333,-0.7499999999999973,0.0453503519787062,ssp126
-63.91666666666667,-0.7499999999999973,0.044429460099303715,ssp126
-63.75,-0.7499999999999973,0.05265440878556312,ssp126
-63.583333333333336,-0.7499999999999973,0.056088686905102596,ssp126
-63.41666666666667,-0.7499999999999973,0.0658914610349948,ssp126
-63.25,-0.7499999999999973,0.07164257674582808,ssp126
-63.083333333333336,-0.7499999999999973,0.07799710511326867,ssp126
-62.91666666666667,-0.7499999999999973,0.07572760687198855,ssp126
-62.75,-0.7499999999999973,0.08105787259717853,ssp126
-62.583333333333336,-0.7499999999999973,0.08579875054456444,ssp126
-62.41666666666667,-0.7499999999999973,0.09036186012455971,ssp126
-62.25,-0.7499999999999973,0.0960129863062138,ssp126
-62.083333333333336,-0.7499999999999973,0.07308134567017584,ssp126
-61.91666666666667,-0.7499999999999973,0.07697799539047565,ssp126
-61.75,-0.7499999999999973,0.08247497783795313,ssp126
-61.583333333333336,-0.7499999999999973,0.06756610829436041,ssp126
-61.41666666666667,-0.7499999999999973,0.08636505237069264,ssp126
-61.25,-0.7499999999999973,0.08846633782125425,ssp126
-61.083333333333336,-0.7499999999999973,0.08502427505785713,ssp126
-60.91666666666667,-0.7499999999999973,0.07119999747018366,ssp126
-60.75,-0.7499999999999973,0.09847421696575218,ssp126
-60.583333333333336,-0.7499999999999973,0.0996663947016633,ssp126
-60.41666666666667,-0.7499999999999973,0.11393245267553945,ssp126
-60.25,-0.7499999999999973,0.1468574425701351,ssp126
-60.083333333333336,-0.7499999999999973,0.112125698498314,ssp126
-59.91666666666667,-0.7499999999999973,0.09618250881635176,ssp126
-59.75,-0.7499999999999973,0.1319446967269277,ssp126
-59.583333333333336,-0.7499999999999973,0.1319818686875747,ssp126
-59.41666666666667,-0.7499999999999973,0.1311434913839329,ssp126
-59.25,-0.7499999999999973,0.1602693505538182,ssp126
-59.083333333333336,-0.7499999999999973,0.1855222262379866,ssp126
-58.91666666666667,-0.7499999999999973,0.17900973349272667,ssp126
-58.75,-0.7499999999999973,0.1428428243728646,ssp126
-58.583333333333336,-0.7499999999999973,0.18160970397714796,ssp126
-58.41666666666667,-0.7499999999999973,0.19752124002308372,ssp126
-58.25,-0.7499999999999973,0.17360349443737502,ssp126
-58.083333333333336,-0.7499999999999973,0.14291665870597964,ssp126
-57.91666666666667,-0.7499999999999973,0.1724595862075468,ssp126
-57.75,-0.7499999999999973,0.18766995347533222,ssp126
-57.583333333333336,-0.7499999999999973,0.17655021767984402,ssp126
-57.41666666666667,-0.7499999999999973,0.2063921411235186,ssp126
-57.25,-0.7499999999999973,0.17662662350220643,ssp126
-57.083333333333336,-0.7499999999999973,0.16989277208119696,ssp126
-56.91666666666667,-0.7499999999999973,0.2018698621614398,ssp126
-56.75,-0.7499999999999973,0.18006504050445737,ssp126
-56.583333333333336,-0.7499999999999973,0.15804472705835151,ssp126
-56.41666666666667,-0.7499999999999973,0.16199841439739449,ssp126
-56.25,-0.7499999999999973,0.15582256089741986,ssp126
-56.083333333333336,-0.7499999999999973,0.1560355849096752,ssp126
-55.91666666666667,-0.7499999999999973,0.13837980575705086,ssp126
-55.75,-0.7499999999999973,0.10162087854611601,ssp126
-55.583333333333336,-0.7499999999999973,0.08377306124766921,ssp126
-55.41666666666667,-0.7499999999999973,0.10198656905864865,ssp126
-55.25,-0.7499999999999973,0.10953100061300589,ssp126
-55.083333333333336,-0.7499999999999973,0.08024806310013319,ssp126
-54.91666666666667,-0.7499999999999973,0.06814304685372369,ssp126
-54.75,-0.7499999999999973,0.07183249179776291,ssp126
-54.583333333333336,-0.7499999999999973,0.10624567935695337,ssp126
-54.41666666666667,-0.7499999999999973,0.128903334966999,ssp126
-54.25,-0.7499999999999973,0.13835736520991773,ssp126
-54.083333333333336,-0.7499999999999973,0.0839330712357473,ssp126
-53.91666666666667,-0.7499999999999973,0.2416155946523934,ssp126
-53.75,-0.7499999999999973,0.25786880272764745,ssp126
-53.583333333333336,-0.7499999999999973,0.2636286479293261,ssp126
-53.41666666666667,-0.7499999999999973,0.22337591291682377,ssp126
-53.25,-0.7499999999999973,0.17612813388639448,ssp126
-53.083333333333336,-0.7499999999999973,0.22783605775304544,ssp126
-52.91666666666667,-0.7499999999999973,0.2977755078811543,ssp126
-52.75,-0.7499999999999973,0.23431966770913537,ssp126
-52.583333333333336,-0.7499999999999973,0.2376797952084847,ssp126
-52.41666666666667,-0.7499999999999973,0.2356346638910552,ssp126
-52.25,-0.7499999999999973,0.23012253169253086,ssp126
-52.083333333333336,-0.7499999999999973,0.2399018254778209,ssp126
-51.91666666666667,-0.7499999999999973,0.26642817847736816,ssp126
-51.75,-0.7499999999999973,0.20352228925303417,ssp126
-51.583333333333336,-0.7499999999999973,0.2664886363284424,ssp126
-51.41666666666667,-0.7499999999999973,0.28493980376234074,ssp126
-51.25,-0.7499999999999973,0.2459513741002822,ssp126
-51.083333333333336,-0.7499999999999973,0.2981978970738358,ssp126
-50.91666666666667,-0.7499999999999973,0.24063945222436206,ssp126
-50.75,-0.7499999999999973,0.2853839632857213,ssp126
-50.583333333333336,-0.7499999999999973,0.26026328112413416,ssp126
-50.41666666666667,-0.7499999999999973,0.2454893802949199,ssp126
-50.25,-0.7499999999999973,0.2842129257250977,ssp126
-50.083333333333336,-0.7499999999999973,0.28902767978445115,ssp126
-49.91666666666667,-0.7499999999999973,0.31848125869658217,ssp126
-49.75,-0.7499999999999973,0.2725899323001809,ssp126
-49.583333333333336,-0.7499999999999973,0.24630868343267356,ssp126
-49.41666666666667,-0.7499999999999973,0.19164260876651143,ssp126
-49.25,-0.7499999999999973,0.15901728387649047,ssp126
-49.083333333333336,-0.7499999999999973,0.1372176708499163,ssp126
-48.91666666666667,-0.7499999999999973,0.13655295117459362,ssp126
-48.75,-0.7499999999999973,0.12732068603429342,ssp126
-48.583333333333336,-0.7499999999999973,0.12964530879120817,ssp126
-48.41666666666667,-0.7499999999999973,0.10707721067936081,ssp126
-48.25,-0.7499999999999973,0.11276166377106445,ssp126
-48.083333333333336,-0.7499999999999973,0.15244239419134195,ssp126
-47.91666666666667,-0.7499999999999973,0.2939898064887516,ssp126
-47.75,-0.7499999999999973,0.21163907592503664,ssp126
-47.583333333333336,-0.7499999999999973,0.1747927777941557,ssp126
-47.41666666666667,-0.7499999999999973,0.17155166592733234,ssp126
-69.25,-0.9166666666666643,0.01934434305091113,ssp126
-69.08333333333333,-0.9166666666666643,0.014844201973536145,ssp126
-68.91666666666667,-0.9166666666666643,0.01645267399144834,ssp126
-68.75,-0.9166666666666643,0.01617378697341945,ssp126
-68.58333333333333,-0.9166666666666643,0.019955013440935476,ssp126
-68.41666666666667,-0.9166666666666643,0.029879559248052464,ssp126
-68.25,-0.9166666666666643,0.040111033563713656,ssp126
-68.08333333333333,-0.9166666666666643,0.01510131812748643,ssp126
-67.91666666666667,-0.9166666666666643,0.026865210394827227,ssp126
-67.75,-0.9166666666666643,0.01272192281889134,ssp126
-67.58333333333333,-0.9166666666666643,0.013698521837052717,ssp126
-67.41666666666667,-0.9166666666666643,0.01588880361853947,ssp126
-67.25,-0.9166666666666643,0.03508580770953914,ssp126
-67.08333333333333,-0.9166666666666643,0.04256223950943666,ssp126
-66.91666666666667,-0.9166666666666643,0.04650550127544018,ssp126
-66.75,-0.9166666666666643,0.048021248460060034,ssp126
-66.58333333333333,-0.9166666666666643,0.04963429864331343,ssp126
-66.41666666666667,-0.9166666666666643,0.05500595642079772,ssp126
-66.25,-0.9166666666666643,0.05398391623608037,ssp126
-66.08333333333333,-0.9166666666666643,0.057180163574339596,ssp126
-65.91666666666667,-0.9166666666666643,0.057769374759417805,ssp126
-65.75,-0.9166666666666643,0.05408063213947071,ssp126
-65.58333333333333,-0.9166666666666643,0.0474266554908147,ssp126
-65.41666666666667,-0.9166666666666643,0.059718096299778756,ssp126
-65.25,-0.9166666666666643,0.055282448204824426,ssp126
-65.08333333333333,-0.9166666666666643,0.042231732303122,ssp126
-64.91666666666667,-0.9166666666666643,0.0459678721522203,ssp126
-64.75,-0.9166666666666643,0.04698146697690581,ssp126
-64.58333333333333,-0.9166666666666643,0.03650711888703438,ssp126
-64.41666666666667,-0.9166666666666643,0.03644997957224544,ssp126
-64.25,-0.9166666666666643,0.03747710369401369,ssp126
-64.08333333333333,-0.9166666666666643,0.03976744272356484,ssp126
-63.91666666666667,-0.9166666666666643,0.04885887098912741,ssp126
-63.75,-0.9166666666666643,0.05126035626819789,ssp126
-63.583333333333336,-0.9166666666666643,0.05443538187342286,ssp126
-63.41666666666667,-0.9166666666666643,0.06315291190930576,ssp126
-63.25,-0.9166666666666643,0.07055534623594974,ssp126
-63.083333333333336,-0.9166666666666643,0.07638765449544724,ssp126
-62.91666666666667,-0.9166666666666643,0.08721729262599313,ssp126
-62.75,-0.9166666666666643,0.07770155841953055,ssp126
-62.583333333333336,-0.9166666666666643,0.07445851713974752,ssp126
-62.41666666666667,-0.9166666666666643,0.06296587941445318,ssp126
-62.25,-0.9166666666666643,0.06738376946863374,ssp126
-62.083333333333336,-0.9166666666666643,0.06994334066762468,ssp126
-61.91666666666667,-0.9166666666666643,0.07676232061532755,ssp126
-61.75,-0.9166666666666643,0.07005247916750855,ssp126
-61.583333333333336,-0.9166666666666643,0.06856140151015129,ssp126
-61.41666666666667,-0.9166666666666643,0.07094261922249674,ssp126
-61.25,-0.9166666666666643,0.07344755146402902,ssp126
-61.083333333333336,-0.9166666666666643,0.08292424125441727,ssp126
-60.91666666666667,-0.9166666666666643,0.09168683441554591,ssp126
-60.75,-0.9166666666666643,0.10287310381354743,ssp126
-60.583333333333336,-0.9166666666666643,0.08541137258670237,ssp126
-60.41666666666667,-0.9166666666666643,0.11295331008439473,ssp126
-60.25,-0.9166666666666643,0.14137922684362308,ssp126
-60.083333333333336,-0.9166666666666643,0.11529467997755642,ssp126
-59.91666666666667,-0.9166666666666643,0.11120457958323116,ssp126
-59.75,-0.9166666666666643,0.12451311617671863,ssp126
-59.583333333333336,-0.9166666666666643,0.15578329493974566,ssp126
-59.41666666666667,-0.9166666666666643,0.16328314075364225,ssp126
-59.25,-0.9166666666666643,0.14263587580093268,ssp126
-59.083333333333336,-0.9166666666666643,0.15543490541888735,ssp126
-58.91666666666667,-0.9166666666666643,0.19393817624894255,ssp126
-58.75,-0.9166666666666643,0.1695992704307511,ssp126
-58.583333333333336,-0.9166666666666643,0.1701978220848499,ssp126
-58.41666666666667,-0.9166666666666643,0.22502809596190596,ssp126
-58.25,-0.9166666666666643,0.19643919524957465,ssp126
-58.083333333333336,-0.9166666666666643,0.20048781698405918,ssp126
-57.91666666666667,-0.9166666666666643,0.15680556382787442,ssp126
-57.75,-0.9166666666666643,0.16058461102231045,ssp126
-57.583333333333336,-0.9166666666666643,0.18259849961175564,ssp126
-57.41666666666667,-0.9166666666666643,0.1594169367479852,ssp126
-57.25,-0.9166666666666643,0.18356807335367656,ssp126
-57.083333333333336,-0.9166666666666643,0.2011435952812007,ssp126
-56.91666666666667,-0.9166666666666643,0.1842965569344861,ssp126
-56.75,-0.9166666666666643,0.1548297620414472,ssp126
-56.583333333333336,-0.9166666666666643,0.1570212159827037,ssp126
-56.41666666666667,-0.9166666666666643,0.15703498902379529,ssp126
-56.25,-0.9166666666666643,0.15386975031821173,ssp126
-56.083333333333336,-0.9166666666666643,0.1983248633103771,ssp126
-55.91666666666667,-0.9166666666666643,0.17221121887671703,ssp126
-55.75,-0.9166666666666643,0.12001101759349281,ssp126
-55.583333333333336,-0.9166666666666643,0.0747530928814009,ssp126
-55.41666666666667,-0.9166666666666643,0.09736575178822734,ssp126
-55.25,-0.9166666666666643,0.1177658288491152,ssp126
-55.083333333333336,-0.9166666666666643,0.13428962023203225,ssp126
-54.91666666666667,-0.9166666666666643,0.1156118655480744,ssp126
-54.75,-0.9166666666666643,0.07900524231355795,ssp126
-54.583333333333336,-0.9166666666666643,0.09185760159565252,ssp126
-54.41666666666667,-0.9166666666666643,0.1517570735612447,ssp126
-54.25,-0.9166666666666643,0.1674283502545875,ssp126
-54.083333333333336,-0.9166666666666643,0.1281560733387641,ssp126
-53.91666666666667,-0.9166666666666643,0.1559786154835849,ssp126
-53.75,-0.9166666666666643,0.15851254166480386,ssp126
-53.583333333333336,-0.9166666666666643,0.14085895742322926,ssp126
-53.41666666666667,-0.9166666666666643,0.16247288052761522,ssp126
-53.25,-0.9166666666666643,0.19061544203437722,ssp126
-53.083333333333336,-0.9166666666666643,0.21456633233203062,ssp126
-52.91666666666667,-0.9166666666666643,0.23656222971279475,ssp126
-52.75,-0.9166666666666643,0.24738702684035077,ssp126
-52.583333333333336,-0.9166666666666643,0.24730288479516022,ssp126
-52.41666666666667,-0.9166666666666643,0.2549617417612887,ssp126
-52.25,-0.9166666666666643,0.23385377239538327,ssp126
-52.083333333333336,-0.9166666666666643,0.28943533893392115,ssp126
-51.91666666666667,-0.9166666666666643,0.2885935710114301,ssp126
-51.75,-0.9166666666666643,0.2087639210533887,ssp126
-51.583333333333336,-0.9166666666666643,0.27626921138020805,ssp126
-51.41666666666667,-0.9166666666666643,0.27653511750026705,ssp126
-51.25,-0.9166666666666643,0.26936854477071887,ssp126
-51.083333333333336,-0.9166666666666643,0.296517890599892,ssp126
-50.91666666666667,-0.9166666666666643,0.250474771614988,ssp126
-50.75,-0.9166666666666643,0.28570352965919243,ssp126
-50.583333333333336,-0.9166666666666643,0.3099442553222972,ssp126
-50.41666666666667,-0.9166666666666643,0.2523338418507737,ssp126
-50.25,-0.9166666666666643,0.27219117178314445,ssp126
-50.083333333333336,-0.9166666666666643,0.28717099625679626,ssp126
-49.91666666666667,-0.9166666666666643,0.311233263465727,ssp126
-49.75,-0.9166666666666643,0.3153659974797997,ssp126
-49.583333333333336,-0.9166666666666643,0.26883902201387,ssp126
-49.41666666666667,-0.9166666666666643,0.1987360235531342,ssp126
-49.25,-0.9166666666666643,0.1467283707524838,ssp126
-49.083333333333336,-0.9166666666666643,0.11790165734383609,ssp126
-48.91666666666667,-0.9166666666666643,0.11535191807817868,ssp126
-48.75,-0.9166666666666643,0.12534401885063437,ssp126
-48.583333333333336,-0.9166666666666643,0.1277028149303098,ssp126
-48.41666666666667,-0.9166666666666643,0.14446794564455234,ssp126
-48.25,-0.9166666666666643,0.20528098714927048,ssp126
-48.083333333333336,-0.9166666666666643,0.31932700056912444,ssp126
-47.91666666666667,-0.9166666666666643,0.30307199084946107,ssp126
-47.75,-0.9166666666666643,0.21485104065613647,ssp126
-47.583333333333336,-0.9166666666666643,0.16645683999525876,ssp126
-47.41666666666667,-0.9166666666666643,0.1404211261571284,ssp126
-47.25,-0.9166666666666643,0.12402656555398789,ssp126
-47.083333333333336,-0.9166666666666643,0.10969529506553405,ssp126
-46.91666666666667,-0.9166666666666643,0.07194404670683598,ssp126
-46.75,-0.9166666666666643,0.07224342473421869,ssp126
-69.25,-1.0833333333333304,0.05456623716029125,ssp126
-69.08333333333333,-1.0833333333333304,0.019918254838179664,ssp126
-68.91666666666667,-1.0833333333333304,0.017456221077128374,ssp126
-68.75,-1.0833333333333304,0.030387947005689014,ssp126
-68.58333333333333,-1.0833333333333304,0.04110627862133609,ssp126
-68.41666666666667,-1.0833333333333304,0.035472391060133425,ssp126
-68.25,-1.0833333333333304,0.03342343720179502,ssp126
-68.08333333333333,-1.0833333333333304,0.010126000295923053,ssp126
-67.91666666666667,-1.0833333333333304,0.009799564290553705,ssp126
-67.75,-1.0833333333333304,0.010335715555401765,ssp126
-67.58333333333333,-1.0833333333333304,0.020368051588792322,ssp126
-67.41666666666667,-1.0833333333333304,0.013713834613916112,ssp126
-67.25,-1.0833333333333304,0.03367838072737026,ssp126
-67.08333333333333,-1.0833333333333304,0.03786408515016676,ssp126
-66.91666666666667,-1.0833333333333304,0.03806152863284386,ssp126
-66.75,-1.0833333333333304,0.03959500899752651,ssp126
-66.58333333333333,-1.0833333333333304,0.0412758190974451,ssp126
-66.41666666666667,-1.0833333333333304,0.04357398458779922,ssp126
-66.25,-1.0833333333333304,0.05074811367224921,ssp126
-66.08333333333333,-1.0833333333333304,0.05221863140935991,ssp126
-65.91666666666667,-1.0833333333333304,0.04842889440660516,ssp126
-65.75,-1.0833333333333304,0.05981982420882075,ssp126
-65.58333333333333,-1.0833333333333304,0.05961189780695274,ssp126
-65.41666666666667,-1.0833333333333304,0.044573998073587265,ssp126
-65.25,-1.0833333333333304,0.049964236350867684,ssp126
-65.08333333333333,-1.0833333333333304,0.038525414125338456,ssp126
-64.91666666666667,-1.0833333333333304,0.03700561122957763,ssp126
-64.75,-1.0833333333333304,0.048325000380498154,ssp126
-64.58333333333333,-1.0833333333333304,0.03640086439849604,ssp126
-64.41666666666667,-1.0833333333333304,0.03588591202351732,ssp126
-64.25,-1.0833333333333304,0.03713032636815624,ssp126
-64.08333333333333,-1.0833333333333304,0.03988062763667429,ssp126
-63.91666666666667,-1.0833333333333304,0.04286972104454656,ssp126
-63.75,-1.0833333333333304,0.05008434895833133,ssp126
-63.583333333333336,-1.0833333333333304,0.05610678827085456,ssp126
-63.41666666666667,-1.0833333333333304,0.06130006387119645,ssp126
-63.25,-1.0833333333333304,0.06362129857106749,ssp126
-63.083333333333336,-1.0833333333333304,0.06889709678950602,ssp126
-62.91666666666667,-1.0833333333333304,0.07518883965460797,ssp126
-62.75,-1.0833333333333304,0.07718727997647333,ssp126
-62.583333333333336,-1.0833333333333304,0.07577934372719869,ssp126
-62.41666666666667,-1.0833333333333304,0.07021542962317201,ssp126
-62.25,-1.0833333333333304,0.06740948268989036,ssp126
-62.083333333333336,-1.0833333333333304,0.07809178716926485,ssp126
-61.91666666666667,-1.0833333333333304,0.06709632925717637,ssp126
-61.75,-1.0833333333333304,0.060004048820761664,ssp126
-61.583333333333336,-1.0833333333333304,0.06068795021559804,ssp126
-61.41666666666667,-1.0833333333333304,0.06462523008667281,ssp126
-61.25,-1.0833333333333304,0.07759845509763015,ssp126
-61.083333333333336,-1.0833333333333304,0.09177120407141202,ssp126
-60.91666666666667,-1.0833333333333304,0.09183333223131128,ssp126
-60.75,-1.0833333333333304,0.07440263398915732,ssp126
-60.583333333333336,-1.0833333333333304,0.09377783961061065,ssp126
-60.41666666666667,-1.0833333333333304,0.12332438200515355,ssp126
-60.25,-1.0833333333333304,0.13846510901025522,ssp126
-60.083333333333336,-1.0833333333333304,0.1463837476448829,ssp126
-59.91666666666667,-1.0833333333333304,0.13541599817644365,ssp126
-59.75,-1.0833333333333304,0.16311057610826993,ssp126
-59.583333333333336,-1.0833333333333304,0.17203207708131724,ssp126
-59.41666666666667,-1.0833333333333304,0.17152303603228897,ssp126
-59.25,-1.0833333333333304,0.1717443899990653,ssp126
-59.083333333333336,-1.0833333333333304,0.15761120412809884,ssp126
-58.91666666666667,-1.0833333333333304,0.1887176249652178,ssp126
-58.75,-1.0833333333333304,0.2074678351952292,ssp126
-58.583333333333336,-1.0833333333333304,0.2132782321098683,ssp126
-58.41666666666667,-1.0833333333333304,0.19315099449471193,ssp126
-58.25,-1.0833333333333304,0.172366069161145,ssp126
-58.083333333333336,-1.0833333333333304,0.2142264100766147,ssp126
-57.91666666666667,-1.0833333333333304,0.20532524769533375,ssp126
-57.75,-1.0833333333333304,0.1728644975924509,ssp126
-57.583333333333336,-1.0833333333333304,0.16256453100629825,ssp126
-57.41666666666667,-1.0833333333333304,0.1723330487710784,ssp126
-57.25,-1.0833333333333304,0.1884376335679386,ssp126
-57.083333333333336,-1.0833333333333304,0.2145853082359461,ssp126
-56.91666666666667,-1.0833333333333304,0.19135062286440044,ssp126
-56.75,-1.0833333333333304,0.19614667206583125,ssp126
-56.583333333333336,-1.0833333333333304,0.19092268137611695,ssp126
-56.41666666666667,-1.0833333333333304,0.19308802529989036,ssp126
-56.25,-1.0833333333333304,0.1869861009058964,ssp126
-56.083333333333336,-1.0833333333333304,0.21197699072180717,ssp126
-55.91666666666667,-1.0833333333333304,0.20468620661903014,ssp126
-55.75,-1.0833333333333304,0.19845424159701186,ssp126
-55.583333333333336,-1.0833333333333304,0.1332476154640648,ssp126
-55.41666666666667,-1.0833333333333304,0.14520989889524008,ssp126
-55.25,-1.0833333333333304,0.14288186936963987,ssp126
-55.083333333333336,-1.0833333333333304,0.1413964028039264,ssp126
-54.91666666666667,-1.0833333333333304,0.13713810713563987,ssp126
-54.75,-1.0833333333333304,0.0813752716150941,ssp126
-54.583333333333336,-1.0833333333333304,0.12905082112498437,ssp126
-54.41666666666667,-1.0833333333333304,0.1507520041470109,ssp126
-54.25,-1.0833333333333304,0.16581593327761762,ssp126
-54.083333333333336,-1.0833333333333304,0.15729431488565593,ssp126
-53.91666666666667,-1.0833333333333304,0.18602483473721487,ssp126
-53.75,-1.0833333333333304,0.14967318532085405,ssp126
-53.583333333333336,-1.0833333333333304,0.1860413331230572,ssp126
-53.41666666666667,-1.0833333333333304,0.20666799635435043,ssp126
-53.25,-1.0833333333333304,0.17930667184193416,ssp126
-53.083333333333336,-1.0833333333333304,0.187362809319362,ssp126
-52.91666666666667,-1.0833333333333304,0.18716188235625358,ssp126
-52.75,-1.0833333333333304,0.2058066885434423,ssp126
-52.583333333333336,-1.0833333333333304,0.23508447581310946,ssp126
-52.41666666666667,-1.0833333333333304,0.2642893228264122,ssp126
-52.25,-1.0833333333333304,0.2768616544159099,ssp126
-52.083333333333336,-1.0833333333333304,0.29149831100876106,ssp126
-51.91666666666667,-1.0833333333333304,0.300460082025686,ssp126
-51.75,-1.0833333333333304,0.2194880535595567,ssp126
-51.583333333333336,-1.0833333333333304,0.2572967569022763,ssp126
-51.41666666666667,-1.0833333333333304,0.2541230857401726,ssp126
-51.25,-1.0833333333333304,0.2769817333058557,ssp126
-51.083333333333336,-1.0833333333333304,0.2990292434877562,ssp126
-50.91666666666667,-1.0833333333333304,0.2579521771333552,ssp126
-50.75,-1.0833333333333304,0.24012776975152872,ssp126
-50.583333333333336,-1.0833333333333304,0.25649123177593564,ssp126
-50.41666666666667,-1.0833333333333304,0.2892045589222452,ssp126
-50.25,-1.0833333333333304,0.2525935471573561,ssp126
-50.083333333333336,-1.0833333333333304,0.29003878413930373,ssp126
-49.91666666666667,-1.0833333333333304,0.3141818112825093,ssp126
-49.75,-1.0833333333333304,0.31461515398091344,ssp126
-49.583333333333336,-1.0833333333333304,0.3266623507389624,ssp126
-49.41666666666667,-1.0833333333333304,0.22317665485600224,ssp126
-49.25,-1.0833333333333304,0.17156655225185638,ssp126
-49.083333333333336,-1.0833333333333304,0.11264881729453739,ssp126
-48.91666666666667,-1.0833333333333304,0.10807486660309146,ssp126
-48.75,-1.0833333333333304,0.1434021319436675,ssp126
-48.583333333333336,-1.0833333333333304,0.12299927969359195,ssp126
-48.41666666666667,-1.0833333333333304,0.21984554642887552,ssp126
-48.25,-1.0833333333333304,0.26725421526537313,ssp126
-48.083333333333336,-1.0833333333333304,0.2671774963091673,ssp126
-47.91666666666667,-1.0833333333333304,0.27958919679413724,ssp126
-47.75,-1.0833333333333304,0.25340196017049643,ssp126
-47.583333333333336,-1.0833333333333304,0.1586165184038206,ssp126
-47.41666666666667,-1.0833333333333304,0.13349697911806713,ssp126
-47.25,-1.0833333333333304,0.11717650862708194,ssp126
-47.083333333333336,-1.0833333333333304,0.11471355770124246,ssp126
-46.91666666666667,-1.0833333333333304,0.10605395319052131,ssp126
-46.75,-1.0833333333333304,0.1003824977476213,ssp126
-46.583333333333336,-1.0833333333333304,0.1358927596228376,ssp126
-46.41666666666667,-1.0833333333333304,0.0665850251630781,ssp126
-46.25,-1.0833333333333304,0.0609435839662462,ssp126
-69.25,-1.2499999999999973,0.040618853346781836,ssp126
-69.08333333333333,-1.2499999999999973,0.03770383077058115,ssp126
-68.91666666666667,-1.2499999999999973,0.037339491323356594,ssp126
-68.75,-1.2499999999999973,0.0345493017078453,ssp126
-68.58333333333333,-1.2499999999999973,0.03366707147521379,ssp126
-68.41666666666667,-1.2499999999999973,0.033395338892391796,ssp126
-68.25,-1.2499999999999973,0.03874288270693987,ssp126
-68.08333333333333,-1.2499999999999973,0.01161102317710694,ssp126
-67.91666666666667,-1.2499999999999973,0.011576571478583614,ssp126
-67.75,-1.2499999999999973,0.015598173997815556,ssp126
-67.58333333333333,-1.2499999999999973,0.012143351609833531,ssp126
-67.41666666666667,-1.2499999999999973,0.023525879378397927,ssp126
-67.25,-1.2499999999999973,0.03467052498553373,ssp126
-67.08333333333333,-1.2499999999999973,0.041427089244717226,ssp126
-66.91666666666667,-1.2499999999999973,0.03538043924623659,ssp126
-66.75,-1.2499999999999973,0.03439838257228186,ssp126
-66.58333333333333,-1.2499999999999973,0.03472414940580893,ssp126
-66.41666666666667,-1.2499999999999973,0.03893644358772389,ssp126
-66.25,-1.2499999999999973,0.040923620677202094,ssp126
-66.08333333333333,-1.2499999999999973,0.04258018258110705,ssp126
-65.91666666666667,-1.2499999999999973,0.050833173084160736,ssp126
-65.75,-1.2499999999999973,0.04996846332730734,ssp126
-65.58333333333333,-1.2499999999999973,0.050518841306698134,ssp126
-65.41666666666667,-1.2499999999999973,0.0413971101878302,ssp126
-65.25,-1.2499999999999973,0.03760051045566099,ssp126
-65.08333333333333,-1.2499999999999973,0.037069608750480675,ssp126
-64.91666666666667,-1.2499999999999973,0.04183819904375911,ssp126
-64.75,-1.2499999999999973,0.03642281976155236,ssp126
-64.58333333333333,-1.2499999999999973,0.035500496024072827,ssp126
-64.41666666666667,-1.2499999999999973,0.03479829231380756,ssp126
-64.25,-1.2499999999999973,0.03688890778756311,ssp126
-64.08333333333333,-1.2499999999999973,0.03568806623593734,ssp126
-63.91666666666667,-1.2499999999999973,0.0367424980256628,ssp126
-63.75,-1.2499999999999973,0.04544015386907613,ssp126
-63.583333333333336,-1.2499999999999973,0.05353170731095573,ssp126
-63.41666666666667,-1.2499999999999973,0.05538199337213733,ssp126
-63.25,-1.2499999999999973,0.05760345985975589,ssp126
-63.083333333333336,-1.2499999999999973,0.060646187395617335,ssp126
-62.91666666666667,-1.2499999999999973,0.0637290469669506,ssp126
-62.75,-1.2499999999999973,0.06380094400859614,ssp126
-62.583333333333336,-1.2499999999999973,0.05478373046190447,ssp126
-62.41666666666667,-1.2499999999999973,0.06379337224862176,ssp126
-62.25,-1.2499999999999973,0.07528086605251645,ssp126
-62.083333333333336,-1.2499999999999973,0.08675754543036755,ssp126
-61.91666666666667,-1.2499999999999973,0.08958936462814397,ssp126
-61.75,-1.2499999999999973,0.06715196930335762,ssp126
-61.583333333333336,-1.2499999999999973,0.07007718719985877,ssp126
-61.41666666666667,-1.2499999999999973,0.0718182657525649,ssp126
-61.25,-1.2499999999999973,0.08064068040445214,ssp126
-61.083333333333336,-1.2499999999999973,0.08581204116743667,ssp126
-60.91666666666667,-1.2499999999999973,0.07807236784303737,ssp126
-60.75,-1.2499999999999973,0.087312168339672,ssp126
-60.583333333333336,-1.2499999999999973,0.10765504645916872,ssp126
-60.41666666666667,-1.2499999999999973,0.14053989105914005,ssp126
-60.25,-1.2499999999999973,0.135104092275747,ssp126
-60.083333333333336,-1.2499999999999973,0.1637181905902606,ssp126
-59.91666666666667,-1.2499999999999973,0.1622258596522039,ssp126
-59.75,-1.2499999999999973,0.1785320931976089,ssp126
-59.583333333333336,-1.2499999999999973,0.2065516321432312,ssp126
-59.41666666666667,-1.2499999999999973,0.1772084238502563,ssp126
-59.25,-1.2499999999999973,0.17120425643143242,ssp126
-59.083333333333336,-1.2499999999999973,0.19476542267541586,ssp126
-58.91666666666667,-1.2499999999999973,0.2224666848131821,ssp126
-58.75,-1.2499999999999973,0.23304157284965035,ssp126
-58.583333333333336,-1.2499999999999973,0.23986516065037813,ssp126
-58.41666666666667,-1.2499999999999973,0.2254486550025493,ssp126
-58.25,-1.2499999999999973,0.17288234046731682,ssp126
-58.083333333333336,-1.2499999999999973,0.21056749687126128,ssp126
-57.91666666666667,-1.2499999999999973,0.20917545075584026,ssp126
-57.75,-1.2499999999999973,0.19962794077401155,ssp126
-57.583333333333336,-1.2499999999999973,0.19100972483189307,ssp126
-57.41666666666667,-1.2499999999999973,0.1871264172375627,ssp126
-57.25,-1.2499999999999973,0.21083802877905286,ssp126
-57.083333333333336,-1.2499999999999973,0.20628169575634267,ssp126
-56.91666666666667,-1.2499999999999973,0.2157111333585907,ssp126
-56.75,-1.2499999999999973,0.21765774151374873,ssp126
-56.583333333333336,-1.2499999999999973,0.21377027782986152,ssp126
-56.41666666666667,-1.2499999999999973,0.20355296935884132,ssp126
-56.25,-1.2499999999999973,0.20589762827317298,ssp126
-56.083333333333336,-1.2499999999999973,0.21302581563023537,ssp126
-55.91666666666667,-1.2499999999999973,0.23740158190138314,ssp126
-55.75,-1.2499999999999973,0.20250709257460048,ssp126
-55.583333333333336,-1.2499999999999973,0.20151886418924833,ssp126
-55.41666666666667,-1.2499999999999973,0.17586698484890723,ssp126
-55.25,-1.2499999999999973,0.18413444987081876,ssp126
-55.083333333333336,-1.2499999999999973,0.1883551813277361,ssp126
-54.91666666666667,-1.2499999999999973,0.13843763974105508,ssp126
-54.75,-1.2499999999999973,0.08582154065926048,ssp126
-54.583333333333336,-1.2499999999999973,0.07911316831404475,ssp126
-54.41666666666667,-1.2499999999999973,0.15143212085568244,ssp126
-54.25,-1.2499999999999973,0.10782223875118031,ssp126
-54.083333333333336,-1.2499999999999973,0.12640513321497654,ssp126
-53.91666666666667,-1.2499999999999973,0.24713830142463464,ssp126
-53.75,-1.2499999999999973,0.29035209916649896,ssp126
-53.583333333333336,-1.2499999999999973,0.17963014079614098,ssp126
-53.41666666666667,-1.2499999999999973,0.13314078375694016,ssp126
-53.25,-1.2499999999999973,0.1345282793643297,ssp126
-53.083333333333336,-1.2499999999999973,0.15239121147602394,ssp126
-52.91666666666667,-1.2499999999999973,0.19264628071791,ssp126
-52.75,-1.2499999999999973,0.16705837874486393,ssp126
-52.583333333333336,-1.2499999999999973,0.21116705427054513,ssp126
-52.41666666666667,-1.2499999999999973,0.2556871884789447,ssp126
-52.25,-1.2499999999999973,0.2530347574623111,ssp126
-52.083333333333336,-1.2499999999999973,0.19800395063059842,ssp126
-51.91666666666667,-1.2499999999999973,0.25318482309007173,ssp126
-51.75,-1.2499999999999973,0.2840237799905006,ssp126
-51.583333333333336,-1.2499999999999973,0.26624487369143923,ssp126
-51.41666666666667,-1.2499999999999973,0.2602777839599118,ssp126
-51.25,-1.2499999999999973,0.2961937992168571,ssp126
-51.083333333333336,-1.2499999999999973,0.28525512407232334,ssp126
-50.91666666666667,-1.2499999999999973,0.23275154180331858,ssp126
-50.75,-1.2499999999999973,0.2707084954054229,ssp126
-50.583333333333336,-1.2499999999999973,0.2867484016536994,ssp126
-50.41666666666667,-1.2499999999999973,0.2999393357637595,ssp126
-50.25,-1.2499999999999973,0.24364280721025655,ssp126
-50.083333333333336,-1.2499999999999973,0.274924337727994,ssp126
-49.91666666666667,-1.2499999999999973,0.29368044577581076,ssp126
-49.75,-1.2499999999999973,0.3075136460115768,ssp126
-49.583333333333336,-1.2499999999999973,0.32376755663023343,ssp126
-49.41666666666667,-1.2499999999999973,0.24908196108201322,ssp126
-49.25,-1.2499999999999973,0.18124855584052624,ssp126
-49.083333333333336,-1.2499999999999973,0.1399485067429308,ssp126
-48.91666666666667,-1.2499999999999973,0.16341687758059817,ssp126
-48.75,-1.2499999999999973,0.1569866806189562,ssp126
-48.583333333333336,-1.2499999999999973,0.1481037928674355,ssp126
-48.41666666666667,-1.2499999999999973,0.20996577099518246,ssp126
-48.25,-1.2499999999999973,0.27167806914479437,ssp126
-48.083333333333336,-1.2499999999999973,0.2549023129292318,ssp126
-47.91666666666667,-1.2499999999999973,0.26004944259545226,ssp126
-47.75,-1.2499999999999973,0.24230833501175256,ssp126
-47.583333333333336,-1.2499999999999973,0.1479053140065187,ssp126
-47.41666666666667,-1.2499999999999973,0.17122954332019952,ssp126
-47.25,-1.2499999999999973,0.16454550450069186,ssp126
-47.083333333333336,-1.2499999999999973,0.11684822803941759,ssp126
-46.91666666666667,-1.2499999999999973,0.1834399375475608,ssp126
-46.75,-1.2499999999999973,0.18463056881099738,ssp126
-46.583333333333336,-1.2499999999999973,0.08155027367372668,ssp126
-46.41666666666667,-1.2499999999999973,0.07544530400875098,ssp126
-46.25,-1.2499999999999973,0.07666911192304743,ssp126
-46.083333333333336,-1.2499999999999973,0.06888870243536838,ssp126
-45.91666666666667,-1.2499999999999973,0.05610849925204895,ssp126
-45.75,-1.2499999999999973,0.05275091583987703,ssp126
-69.25,-1.4166666666666643,0.03850656780713408,ssp126
-69.08333333333333,-1.4166666666666643,0.034941928828703575,ssp126
-68.91666666666667,-1.4166666666666643,0.03401934992705813,ssp126
-68.75,-1.4166666666666643,0.03409348694392059,ssp126
-68.58333333333333,-1.4166666666666643,0.0332481090427603,ssp126
-68.41666666666667,-1.4166666666666643,0.033665731958218995,ssp126
-68.25,-1.4166666666666643,0.0330559876320424,ssp126
-68.08333333333333,-1.4166666666666643,0.036323569259773196,ssp126
-67.91666666666667,-1.4166666666666643,0.009292920617092271,ssp126
-67.75,-1.4166666666666643,0.011285040000097056,ssp126
-67.58333333333333,-1.4166666666666643,0.012151687918666172,ssp126
-67.41666666666667,-1.4166666666666643,0.042822315067211875,ssp126
-67.25,-1.4166666666666643,0.03264360323339939,ssp126
-67.08333333333333,-1.4166666666666643,0.03952558364890032,ssp126
-66.91666666666667,-1.4166666666666643,0.030737929547730122,ssp126
-66.75,-1.4166666666666643,0.031931803146513275,ssp126
-66.58333333333333,-1.4166666666666643,0.03292095047588277,ssp126
-66.41666666666667,-1.4166666666666643,0.0343536993042251,ssp126
-66.25,-1.4166666666666643,0.03650510088668565,ssp126
-66.08333333333333,-1.4166666666666643,0.03832705434136543,ssp126
-65.91666666666667,-1.4166666666666643,0.04022118210280857,ssp126
-65.75,-1.4166666666666643,0.039831543171882755,ssp126
-65.58333333333333,-1.4166666666666643,0.03979418753291935,ssp126
-65.41666666666667,-1.4166666666666643,0.03725920139048854,ssp126
-65.25,-1.4166666666666643,0.036918975032666175,ssp126
-65.08333333333333,-1.4166666666666643,0.04372399530449596,ssp126
-64.91666666666667,-1.4166666666666643,0.03574244898917926,ssp126
-64.75,-1.4166666666666643,0.04108193424922906,ssp126
-64.58333333333333,-1.4166666666666643,0.03307514986068036,ssp126
-64.41666666666667,-1.4166666666666643,0.03163746889021595,ssp126
-64.25,-1.4166666666666643,0.033153212743253106,ssp126
-64.08333333333333,-1.4166666666666643,0.031785380233682964,ssp126
-63.91666666666667,-1.4166666666666643,0.035926439248300156,ssp126
-63.75,-1.4166666666666643,0.03717422065684974,ssp126
-63.583333333333336,-1.4166666666666643,0.039172033822052726,ssp126
-63.41666666666667,-1.4166666666666643,0.04760260274192644,ssp126
-63.25,-1.4166666666666643,0.04797988122691065,ssp126
-63.083333333333336,-1.4166666666666643,0.048716503469355806,ssp126
-62.91666666666667,-1.4166666666666643,0.04993360200985111,ssp126
-62.75,-1.4166666666666643,0.048206010876012624,ssp126
-62.583333333333336,-1.4166666666666643,0.04688465624287903,ssp126
-62.41666666666667,-1.4166666666666643,0.05006222516164997,ssp126
-62.25,-1.4166666666666643,0.057348232742883004,ssp126
-62.083333333333336,-1.4166666666666643,0.06876392731346981,ssp126
-61.91666666666667,-1.4166666666666643,0.10228370134072723,ssp126
-61.75,-1.4166666666666643,0.07177214742587233,ssp126
-61.583333333333336,-1.4166666666666643,0.09015655516092384,ssp126
-61.41666666666667,-1.4166666666666643,0.0761747673718794,ssp126
-61.25,-1.4166666666666643,0.0818626836475906,ssp126
-61.083333333333336,-1.4166666666666643,0.08432997084945425,ssp126
-60.91666666666667,-1.4166666666666643,0.07888354253650919,ssp126
-60.75,-1.4166666666666643,0.09244638736485641,ssp126
-60.583333333333336,-1.4166666666666643,0.09523967492564149,ssp126
-60.41666666666667,-1.4166666666666643,0.1363956592320559,ssp126
-60.25,-1.4166666666666643,0.11800574587596059,ssp126
-60.083333333333336,-1.4166666666666643,0.15600381982859057,ssp126
-59.91666666666667,-1.4166666666666643,0.17698210973499728,ssp126
-59.75,-1.4166666666666643,0.2065156969721013,ssp126
-59.583333333333336,-1.4166666666666643,0.22321023308561355,ssp126
-59.41666666666667,-1.4166666666666643,0.1832202839685715,ssp126
-59.25,-1.4166666666666643,0.17877939176031415,ssp126
-59.083333333333336,-1.4166666666666643,0.21548981467300396,ssp126
-58.91666666666667,-1.4166666666666643,0.21782717927978226,ssp126
-58.75,-1.4166666666666643,0.2160489718714892,ssp126
-58.583333333333336,-1.4166666666666643,0.20785703057489172,ssp126
-58.41666666666667,-1.4166666666666643,0.21371792275835988,ssp126
-58.25,-1.4166666666666643,0.17422218643526058,ssp126
-58.083333333333336,-1.4166666666666643,0.2130975668314487,ssp126
-57.91666666666667,-1.4166666666666643,0.2389912699214923,ssp126
-57.75,-1.4166666666666643,0.24473765783161466,ssp126
-57.583333333333336,-1.4166666666666643,0.2336121701226024,ssp126
-57.41666666666667,-1.4166666666666643,0.19565487679820884,ssp126
-57.25,-1.4166666666666643,0.1775248087022971,ssp126
-57.083333333333336,-1.4166666666666643,0.17139675073508537,ssp126
-56.91666666666667,-1.4166666666666643,0.1881889400262288,ssp126
-56.75,-1.4166666666666643,0.1969746304041101,ssp126
-56.583333333333336,-1.4166666666666643,0.21576295858526237,ssp126
-56.41666666666667,-1.4166666666666643,0.23854590802913261,ssp126
-56.25,-1.4166666666666643,0.18421666007871892,ssp126
-56.083333333333336,-1.4166666666666643,0.193650905428039,ssp126
-55.91666666666667,-1.4166666666666643,0.22914263285527678,ssp126
-55.75,-1.4166666666666643,0.2214574774593207,ssp126
-55.583333333333336,-1.4166666666666643,0.2107455175886716,ssp126
-55.41666666666667,-1.4166666666666643,0.1973459782796749,ssp126
-55.25,-1.4166666666666643,0.19440787731436368,ssp126
-55.083333333333336,-1.4166666666666643,0.20384071490587774,ssp126
-54.91666666666667,-1.4166666666666643,0.24458869558346033,ssp126
-54.75,-1.4166666666666643,0.22938941524099357,ssp126
-54.583333333333336,-1.4166666666666643,0.11541895210349264,ssp126
-54.41666666666667,-1.4166666666666643,0.18434580616578575,ssp126
-54.25,-1.4166666666666643,0.1634795194578258,ssp126
-54.083333333333336,-1.4166666666666643,0.20646818056602298,ssp126
-53.91666666666667,-1.4166666666666643,0.18435441596288346,ssp126
-53.75,-1.4166666666666643,0.1439660717909881,ssp126
-53.583333333333336,-1.4166666666666643,0.13682701195803199,ssp126
-53.41666666666667,-1.4166666666666643,0.11461599273345754,ssp126
-53.25,-1.4166666666666643,0.1058713925923079,ssp126
-53.083333333333336,-1.4166666666666643,0.13763161733766494,ssp126
-52.91666666666667,-1.4166666666666643,0.1460530521753547,ssp126
-52.75,-1.4166666666666643,0.20476073298278788,ssp126
-52.583333333333336,-1.4166666666666643,0.22282102173369273,ssp126
-52.41666666666667,-1.4166666666666643,0.2393066624008516,ssp126
-52.25,-1.4166666666666643,0.1719404009375475,ssp126
-52.083333333333336,-1.4166666666666643,0.19788943774485634,ssp126
-51.91666666666667,-1.4166666666666643,0.2425533276603661,ssp126
-51.75,-1.4166666666666643,0.2668999250408177,ssp126
-51.583333333333336,-1.4166666666666643,0.2982919457360616,ssp126
-51.41666666666667,-1.4166666666666643,0.27885353041372507,ssp126
-51.25,-1.4166666666666643,0.2828880313678726,ssp126
-51.083333333333336,-1.4166666666666643,0.26694741323804616,ssp126
-50.91666666666667,-1.4166666666666643,0.23121704028565354,ssp126
-50.75,-1.4166666666666643,0.26250120496985807,ssp126
-50.583333333333336,-1.4166666666666643,0.26456526821584175,ssp126
-50.41666666666667,-1.4166666666666643,0.27854098067736416,ssp126
-50.25,-1.4166666666666643,0.2652805636336955,ssp126
-50.083333333333336,-1.4166666666666643,0.2867018175151048,ssp126
-49.91666666666667,-1.4166666666666643,0.2811630975535879,ssp126
-49.75,-1.4166666666666643,0.307947011772761,ssp126
-49.583333333333336,-1.4166666666666643,0.2968979852403361,ssp126
-49.41666666666667,-1.4166666666666643,0.26201430701489653,ssp126
-49.25,-1.4166666666666643,0.19319608132610513,ssp126
-49.083333333333336,-1.4166666666666643,0.19228855822483967,ssp126
-48.91666666666667,-1.4166666666666643,0.22918765219085485,ssp126
-48.75,-1.4166666666666643,0.1458612360284298,ssp126
-48.583333333333336,-1.4166666666666643,0.15198393280735506,ssp126
-48.41666666666667,-1.4166666666666643,0.17271105601717399,ssp126
-48.25,-1.4166666666666643,0.23274020037048188,ssp126
-48.083333333333336,-1.4166666666666643,0.23864516359807536,ssp126
-47.91666666666667,-1.4166666666666643,0.25026956978646703,ssp126
-47.75,-1.4166666666666643,0.2548261530991164,ssp126
-47.583333333333336,-1.4166666666666643,0.20310248011757623,ssp126
-47.41666666666667,-1.4166666666666643,0.17671292209533743,ssp126
-47.25,-1.4166666666666643,0.15465546422542215,ssp126
-47.083333333333336,-1.4166666666666643,0.11280152942994956,ssp126
-46.91666666666667,-1.4166666666666643,0.10750611275992263,ssp126
-46.75,-1.4166666666666643,0.0956373599830386,ssp126
-46.583333333333336,-1.4166666666666643,0.10767256756431547,ssp126
-46.41666666666667,-1.4166666666666643,0.0941672633651381,ssp126
-46.25,-1.4166666666666643,0.08837940974700381,ssp126
-46.083333333333336,-1.4166666666666643,0.11278207779866485,ssp126
-45.91666666666667,-1.4166666666666643,0.0778910187997853,ssp126
-45.75,-1.4166666666666643,0.17799639257762895,ssp126
-45.583333333333336,-1.4166666666666643,0.0745597308024287,ssp126
-45.41666666666667,-1.4166666666666643,0.052992478558899936,ssp126
-45.25,-1.4166666666666643,0.07584063407203734,ssp126
-45.083333333333336,-1.4166666666666643,0.06493129824199528,ssp126
-69.25,-1.5833333333333304,0.03562911369925773,ssp126
-69.08333333333333,-1.5833333333333304,0.04096528513073226,ssp126
-68.91666666666667,-1.5833333333333304,0.03635346456248891,ssp126
-68.75,-1.5833333333333304,0.034902970399776155,ssp126
-68.58333333333333,-1.5833333333333304,0.034368894137081815,ssp126
-68.41666666666667,-1.5833333333333304,0.03178513932084543,ssp126
-68.25,-1.5833333333333304,0.03610853602162059,ssp126
-68.08333333333333,-1.5833333333333304,0.032890663071948704,ssp126
-67.91666666666667,-1.5833333333333304,0.031239553250997174,ssp126
-67.75,-1.5833333333333304,0.008221612475876728,ssp126
-67.58333333333333,-1.5833333333333304,0.030790288577421825,ssp126
-67.41666666666667,-1.5833333333333304,0.03158495004990663,ssp126
-67.25,-1.5833333333333304,0.03184378521840064,ssp126
-67.08333333333333,-1.5833333333333304,0.02855429458303443,ssp126
-66.91666666666667,-1.5833333333333304,0.02983637842658663,ssp126
-66.75,-1.5833333333333304,0.03015040851640574,ssp126
-66.58333333333333,-1.5833333333333304,0.03045727233238861,ssp126
-66.41666666666667,-1.5833333333333304,0.032261068519876444,ssp126
-66.25,-1.5833333333333304,0.0341544256248132,ssp126
-66.08333333333333,-1.5833333333333304,0.03580776940167725,ssp126
-65.91666666666667,-1.5833333333333304,0.03602830154717177,ssp126
-65.75,-1.5833333333333304,0.03724832233242938,ssp126
-65.58333333333333,-1.5833333333333304,0.03835552514148772,ssp126
-65.41666666666667,-1.5833333333333304,0.04265782522403545,ssp126
-65.25,-1.5833333333333304,0.036689870234439675,ssp126
-65.08333333333333,-1.5833333333333304,0.039057784560496356,ssp126
-64.91666666666667,-1.5833333333333304,0.04382638772927878,ssp126
-64.75,-1.5833333333333304,0.038136591377161896,ssp126
-64.58333333333333,-1.5833333333333304,0.0381734198040775,ssp126
-64.41666666666667,-1.5833333333333304,0.03025516915932672,ssp126
-64.25,-1.5833333333333304,0.030474648563115273,ssp126
-64.08333333333333,-1.5833333333333304,0.03227296963751746,ssp126
-63.91666666666667,-1.5833333333333304,0.03706761145215721,ssp126
-63.75,-1.5833333333333304,0.03458608537330709,ssp126
-63.583333333333336,-1.5833333333333304,0.038868663697684394,ssp126
-63.41666666666667,-1.5833333333333304,0.03883790311254109,ssp126
-63.25,-1.5833333333333304,0.04067881163298975,ssp126
-63.083333333333336,-1.5833333333333304,0.04511055410050908,ssp126
-62.91666666666667,-1.5833333333333304,0.049764753382236966,ssp126
-62.75,-1.5833333333333304,0.04959728354695006,ssp126
-62.583333333333336,-1.5833333333333304,0.05061689393176558,ssp126
-62.41666666666667,-1.5833333333333304,0.04829167020115313,ssp126
-62.25,-1.5833333333333304,0.053192752412831855,ssp126
-62.083333333333336,-1.5833333333333304,0.05748535080829008,ssp126
-61.91666666666667,-1.5833333333333304,0.06176558407133697,ssp126
-61.75,-1.5833333333333304,0.0651932139038386,ssp126
-61.583333333333336,-1.5833333333333304,0.08057830643557774,ssp126
-61.41666666666667,-1.5833333333333304,0.08778841451757691,ssp126
-61.25,-1.5833333333333304,0.08486587830825316,ssp126
-61.083333333333336,-1.5833333333333304,0.09543957515097168,ssp126
-60.91666666666667,-1.5833333333333304,0.08873436026595388,ssp126
-60.75,-1.5833333333333304,0.10265845589497538,ssp126
-60.583333333333336,-1.5833333333333304,0.11492400591943673,ssp126
-60.41666666666667,-1.5833333333333304,0.13565386867604043,ssp126
-60.25,-1.5833333333333304,0.11987018891070482,ssp126
-60.083333333333336,-1.5833333333333304,0.1527720303721771,ssp126
-59.91666666666667,-1.5833333333333304,0.17974470384755606,ssp126
-59.75,-1.5833333333333304,0.19658063915805007,ssp126
-59.583333333333336,-1.5833333333333304,0.207412796841911,ssp126
-59.41666666666667,-1.5833333333333304,0.23426830358558415,ssp126
-59.25,-1.5833333333333304,0.2264733640263415,ssp126
-59.083333333333336,-1.5833333333333304,0.17639628438035557,ssp126
-58.91666666666667,-1.5833333333333304,0.198638384404208,ssp126
-58.75,-1.5833333333333304,0.18674382463270353,ssp126
-58.583333333333336,-1.5833333333333304,0.22975724753547258,ssp126
-58.41666666666667,-1.5833333333333304,0.23991752082466702,ssp126
-58.25,-1.5833333333333304,0.2164023248407399,ssp126
-58.083333333333336,-1.5833333333333304,0.2017205534889518,ssp126
-57.91666666666667,-1.5833333333333304,0.20226825338976495,ssp126
-57.75,-1.5833333333333304,0.22443137692622206,ssp126
-57.583333333333336,-1.5833333333333304,0.23775331935957958,ssp126
-57.41666666666667,-1.5833333333333304,0.21705568943316603,ssp126
-57.25,-1.5833333333333304,0.19449062592489413,ssp126
-57.083333333333336,-1.5833333333333304,0.18150542266069428,ssp126
-56.91666666666667,-1.5833333333333304,0.1756079747958697,ssp126
-56.75,-1.5833333333333304,0.1778827750645552,ssp126
-56.583333333333336,-1.5833333333333304,0.17753294680413947,ssp126
-56.41666666666667,-1.5833333333333304,0.18449845567690884,ssp126
-56.25,-1.5833333333333304,0.20732891489626087,ssp126
-56.083333333333336,-1.5833333333333304,0.21350871206372224,ssp126
-55.91666666666667,-1.5833333333333304,0.24253651351746638,ssp126
-55.75,-1.5833333333333304,0.21717085488447735,ssp126
-55.583333333333336,-1.5833333333333304,0.1992505032981337,ssp126
-55.41666666666667,-1.5833333333333304,0.17934054919301434,ssp126
-55.25,-1.5833333333333304,0.1909702159685749,ssp126
-55.083333333333336,-1.5833333333333304,0.19179034175487797,ssp126
-54.91666666666667,-1.5833333333333304,0.2081348259032208,ssp126
-54.75,-1.5833333333333304,0.247956591486886,ssp126
-54.583333333333336,-1.5833333333333304,0.26758844016855465,ssp126
-54.41666666666667,-1.5833333333333304,0.28255398710042356,ssp126
-54.25,-1.5833333333333304,0.1838725888496556,ssp126
-54.083333333333336,-1.5833333333333304,0.1051232129911829,ssp126
-53.91666666666667,-1.5833333333333304,0.08606555402103971,ssp126
-53.75,-1.5833333333333304,0.09395192600064245,ssp126
-53.583333333333336,-1.5833333333333304,0.12147835667792296,ssp126
-53.41666666666667,-1.5833333333333304,0.11921666423019406,ssp126
-53.25,-1.5833333333333304,0.0989425318324369,ssp126
-53.083333333333336,-1.5833333333333304,0.14534985120530064,ssp126
-52.91666666666667,-1.5833333333333304,0.1480555529693861,ssp126
-52.75,-1.5833333333333304,0.11718612433674229,ssp126
-52.583333333333336,-1.5833333333333304,0.08805384083252668,ssp126
-52.41666666666667,-1.5833333333333304,0.12675910247170544,ssp126
-52.25,-1.5833333333333304,0.1716138833095335,ssp126
-52.083333333333336,-1.5833333333333304,0.24956122687277907,ssp126
-51.91666666666667,-1.5833333333333304,0.2604558612852737,ssp126
-51.75,-1.5833333333333304,0.2883371890274374,ssp126
-51.583333333333336,-1.5833333333333304,0.26762063716674306,ssp126
-51.41666666666667,-1.5833333333333304,0.2718760579275156,ssp126
-51.25,-1.5833333333333304,0.2499226382323602,ssp126
-51.083333333333336,-1.5833333333333304,0.2881984735743919,ssp126
-50.91666666666667,-1.5833333333333304,0.26641038550759927,ssp126
-50.75,-1.5833333333333304,0.23113500339908682,ssp126
-50.583333333333336,-1.5833333333333304,0.2093913076429175,ssp126
-50.41666666666667,-1.5833333333333304,0.258526119777777,ssp126
-50.25,-1.5833333333333304,0.23898767387477982,ssp126
-50.083333333333336,-1.5833333333333304,0.2710812602062672,ssp126
-49.91666666666667,-1.5833333333333304,0.2647787342753363,ssp126
-49.75,-1.5833333333333304,0.2514743936714536,ssp126
-49.583333333333336,-1.5833333333333304,0.2373294589400306,ssp126
-49.41666666666667,-1.5833333333333304,0.21155970693366738,ssp126
-49.25,-1.5833333333333304,0.1669665565033545,ssp126
-49.083333333333336,-1.5833333333333304,0.13251373068350053,ssp126
-48.91666666666667,-1.5833333333333304,0.18502420484330542,ssp126
-48.75,-1.5833333333333304,0.19846594008130822,ssp126
-48.583333333333336,-1.5833333333333304,0.19900641162025096,ssp126
-48.41666666666667,-1.5833333333333304,0.1814443046820204,ssp126
-48.25,-1.5833333333333304,0.19565242104119854,ssp126
-48.083333333333336,-1.5833333333333304,0.19326059688843417,ssp126
-47.91666666666667,-1.5833333333333304,0.21412727139858573,ssp126
-47.75,-1.5833333333333304,0.2561122870991806,ssp126
-47.583333333333336,-1.5833333333333304,0.23745894109572474,ssp126
-47.41666666666667,-1.5833333333333304,0.2113629926803569,ssp126
-47.25,-1.5833333333333304,0.18000031243381123,ssp126
-47.083333333333336,-1.5833333333333304,0.15973885889038322,ssp126
-46.91666666666667,-1.5833333333333304,0.12598433667322337,ssp126
-46.75,-1.5833333333333304,0.1259630872356713,ssp126
-46.583333333333336,-1.5833333333333304,0.1260885059861649,ssp126
-46.41666666666667,-1.5833333333333304,0.10641204549681457,ssp126
-46.25,-1.5833333333333304,0.1403164242340825,ssp126
-46.083333333333336,-1.5833333333333304,0.15978610044845423,ssp126
-45.91666666666667,-1.5833333333333304,0.1833769351886429,ssp126
-45.75,-1.5833333333333304,0.24973756212621537,ssp126
-45.583333333333336,-1.5833333333333304,0.22830236788937416,ssp126
-45.41666666666667,-1.5833333333333304,0.12575622824615107,ssp126
-45.25,-1.5833333333333304,0.06970962530823611,ssp126
-45.083333333333336,-1.5833333333333304,0.07264289796016611,ssp126
-44.91666666666667,-1.5833333333333304,0.057838656569202396,ssp126
-69.25,-1.7499999999999973,0.041611598009420415,ssp126
-69.08333333333333,-1.7499999999999973,0.040091471206886074,ssp126
-68.91666666666667,-1.7499999999999973,0.04319547614987337,ssp126
-68.75,-1.7499999999999973,0.033723152942723655,ssp126
-68.58333333333333,-1.7499999999999973,0.031143525018918424,ssp126
-68.41666666666667,-1.7499999999999973,0.03570469868539726,ssp126
-68.25,-1.7499999999999973,0.0330688604370253,ssp126
-68.08333333333333,-1.7499999999999973,0.03245360526665075,ssp126
-67.91666666666667,-1.7499999999999973,0.030166216503567864,ssp126
-67.75,-1.7499999999999973,0.03367223052529595,ssp126
-67.58333333333333,-1.7499999999999973,0.04815810014690983,ssp126
-67.41666666666667,-1.7499999999999973,0.032875268666009184,ssp126
-67.25,-1.7499999999999973,0.03155215522016494,ssp126
-67.08333333333333,-1.7499999999999973,0.031532059973114306,ssp126
-66.91666666666667,-1.7499999999999973,0.029527561178180346,ssp126
-66.75,-1.7499999999999973,0.03086869995177895,ssp126
-66.58333333333333,-1.7499999999999973,0.033252748866210706,ssp126
-66.41666666666667,-1.7499999999999973,0.03911124973807928,ssp126
-66.25,-1.7499999999999973,0.032602747623071256,ssp126
-66.08333333333333,-1.7499999999999973,0.0322694130917502,ssp126
-65.91666666666667,-1.7499999999999973,0.03404165261904352,ssp126
-65.75,-1.7499999999999973,0.03538244269708719,ssp126
-65.58333333333333,-1.7499999999999973,0.03461202677115938,ssp126
-65.41666666666667,-1.7499999999999973,0.0370836115160824,ssp126
-65.25,-1.7499999999999973,0.03237465578776374,ssp126
-65.08333333333333,-1.7499999999999973,0.03341761145528189,ssp126
-64.91666666666667,-1.7499999999999973,0.03246722553840935,ssp126
-64.75,-1.7499999999999973,0.0318357431850527,ssp126
-64.58333333333333,-1.7499999999999973,0.03242762472521384,ssp126
-64.41666666666667,-1.7499999999999973,0.03358608791500247,ssp126
-64.25,-1.7499999999999973,0.031059456060005878,ssp126
-64.08333333333333,-1.7499999999999973,0.03329997560826822,ssp126
-63.91666666666667,-1.7499999999999973,0.03508109520633676,ssp126
-63.75,-1.7499999999999973,0.035097320461467824,ssp126
-63.583333333333336,-1.7499999999999973,0.03377911108042546,ssp126
-63.41666666666667,-1.7499999999999973,0.037328544844508635,ssp126
-63.25,-1.7499999999999973,0.036331002516890636,ssp126
-63.083333333333336,-1.7499999999999973,0.036972638720835706,ssp126
-62.91666666666667,-1.7499999999999973,0.039948157274693905,ssp126
-62.75,-1.7499999999999973,0.04233465669129875,ssp126
-62.583333333333336,-1.7499999999999973,0.04182717146958796,ssp126
-62.41666666666667,-1.7499999999999973,0.040659496366053025,ssp126
-62.25,-1.7499999999999973,0.061643322869816726,ssp126
-62.083333333333336,-1.7499999999999973,0.060717045994557475,ssp126
-61.91666666666667,-1.7499999999999973,0.06191858335285312,ssp126
-61.75,-1.7499999999999973,0.062979427128232,ssp126
-61.583333333333336,-1.7499999999999973,0.06965544676803004,ssp126
-61.41666666666667,-1.7499999999999973,0.09985278769149204,ssp126
-61.25,-1.7499999999999973,0.09697407368127885,ssp126
-61.083333333333336,-1.7499999999999973,0.12126852516978084,ssp126
-60.91666666666667,-1.7499999999999973,0.11733052084188536,ssp126
-60.75,-1.7499999999999973,0.11696403756055801,ssp126
-60.583333333333336,-1.7499999999999973,0.13392532066866913,ssp126
-60.41666666666667,-1.7499999999999973,0.15524420568621375,ssp126
-60.25,-1.7499999999999973,0.13906759022807721,ssp126
-60.083333333333336,-1.7499999999999973,0.13226723721684877,ssp126
-59.91666666666667,-1.7499999999999973,0.18009154618081158,ssp126
-59.75,-1.7499999999999973,0.1872298718076119,ssp126
-59.583333333333336,-1.7499999999999973,0.19464365436950481,ssp126
-59.41666666666667,-1.7499999999999973,0.23603463888098444,ssp126
-59.25,-1.7499999999999973,0.2009885943948577,ssp126
-59.083333333333336,-1.7499999999999973,0.16557128755205067,ssp126
-58.91666666666667,-1.7499999999999973,0.15966293882140653,ssp126
-58.75,-1.7499999999999973,0.1867358882981336,ssp126
-58.583333333333336,-1.7499999999999973,0.24100495908479105,ssp126
-58.41666666666667,-1.7499999999999973,0.24719987663894713,ssp126
-58.25,-1.7499999999999973,0.24032980040420943,ssp126
-58.083333333333336,-1.7499999999999973,0.22472961867574043,ssp126
-57.91666666666667,-1.7499999999999973,0.18890521844870134,ssp126
-57.75,-1.7499999999999973,0.21558503268471785,ssp126
-57.583333333333336,-1.7499999999999973,0.22693960657467055,ssp126
-57.41666666666667,-1.7499999999999973,0.22936775309796512,ssp126
-57.25,-1.7499999999999973,0.23411306481924593,ssp126
-57.083333333333336,-1.7499999999999973,0.21136397881566618,ssp126
-56.91666666666667,-1.7499999999999973,0.19543324346341506,ssp126
-56.75,-1.7499999999999973,0.20499927568645718,ssp126
-56.583333333333336,-1.7499999999999973,0.19897540139380976,ssp126
-56.41666666666667,-1.7499999999999973,0.19050737380993787,ssp126
-56.25,-1.7499999999999973,0.22848290252851738,ssp126
-56.083333333333336,-1.7499999999999973,0.25022300006365344,ssp126
-55.91666666666667,-1.7499999999999973,0.2329965424938467,ssp126
-55.75,-1.7499999999999973,0.2371800596221056,ssp126
-55.583333333333336,-1.7499999999999973,0.21406284088845265,ssp126
-55.41666666666667,-1.7499999999999973,0.21082060608020284,ssp126
-55.25,-1.7499999999999973,0.18770306702577816,ssp126
-55.083333333333336,-1.7499999999999973,0.1976189826802112,ssp126
-54.91666666666667,-1.7499999999999973,0.21562847481047556,ssp126
-54.75,-1.7499999999999973,0.21047612443945252,ssp126
-54.583333333333336,-1.7499999999999973,0.19097036954374502,ssp126
-54.41666666666667,-1.7499999999999973,0.16250084758274513,ssp126
-54.25,-1.7499999999999973,0.1231358049210288,ssp126
-54.083333333333336,-1.7499999999999973,0.0876263633971414,ssp126
-53.91666666666667,-1.7499999999999973,0.10182568612068857,ssp126
-53.75,-1.7499999999999973,0.10372025085735538,ssp126
-53.583333333333336,-1.7499999999999973,0.10910625855017059,ssp126
-53.41666666666667,-1.7499999999999973,0.08801426451730447,ssp126
-53.25,-1.7499999999999973,0.07022708642399098,ssp126
-53.083333333333336,-1.7499999999999973,0.06323856392227022,ssp126
-52.91666666666667,-1.7499999999999973,0.06670469698681951,ssp126
-52.75,-1.7499999999999973,0.07193115080950321,ssp126
-52.583333333333336,-1.7499999999999973,0.11839745095682692,ssp126
-52.41666666666667,-1.7499999999999973,0.12361067916350137,ssp126
-52.25,-1.7499999999999973,0.1962023016172442,ssp126
-52.083333333333336,-1.7499999999999973,0.2869327430960783,ssp126
-51.91666666666667,-1.7499999999999973,0.28860515474323284,ssp126
-51.75,-1.7499999999999973,0.2920386868744443,ssp126
-51.583333333333336,-1.7499999999999973,0.2708864071230615,ssp126
-51.41666666666667,-1.7499999999999973,0.2798335004190682,ssp126
-51.25,-1.7499999999999973,0.19960470163516608,ssp126
-51.083333333333336,-1.7499999999999973,0.28287239343908727,ssp126
-50.91666666666667,-1.7499999999999973,0.2703359826031385,ssp126
-50.75,-1.7499999999999973,0.2182584508948478,ssp126
-50.583333333333336,-1.7499999999999973,0.1871045001122879,ssp126
-50.41666666666667,-1.7499999999999973,0.20524858439788077,ssp126
-50.25,-1.7499999999999973,0.17130082048472806,ssp126
-50.083333333333336,-1.7499999999999973,0.14766803961623268,ssp126
-49.91666666666667,-1.7499999999999973,0.1717076965714189,ssp126
-49.75,-1.7499999999999973,0.16865114415062415,ssp126
-49.583333333333336,-1.7499999999999973,0.1496992073862733,ssp126
-49.41666666666667,-1.7499999999999973,0.17193241124317232,ssp126
-49.25,-1.7499999999999973,0.12753865956748114,ssp126
-49.083333333333336,-1.7499999999999973,0.17705335977432282,ssp126
-48.91666666666667,-1.7499999999999973,0.20327256216163103,ssp126
-48.75,-1.7499999999999973,0.2045690875098786,ssp126
-48.583333333333336,-1.7499999999999973,0.18318317329949493,ssp126
-48.41666666666667,-1.7499999999999973,0.17334453267732788,ssp126
-48.25,-1.7499999999999973,0.16787653988148332,ssp126
-48.083333333333336,-1.7499999999999973,0.2036897702547905,ssp126
-47.91666666666667,-1.7499999999999973,0.1747769578001229,ssp126
-47.75,-1.7499999999999973,0.22348442395534923,ssp126
-47.583333333333336,-1.7499999999999973,0.24946076261200956,ssp126
-47.41666666666667,-1.7499999999999973,0.2482321956824577,ssp126
-47.25,-1.7499999999999973,0.22740358498196636,ssp126
-47.083333333333336,-1.7499999999999973,0.1905266527676058,ssp126
-46.91666666666667,-1.7499999999999973,0.15088467133010844,ssp126
-46.75,-1.7499999999999973,0.14127118787145193,ssp126
-46.583333333333336,-1.7499999999999973,0.14005784604769794,ssp126
-46.41666666666667,-1.7499999999999973,0.1506171536268347,ssp126
-46.25,-1.7499999999999973,0.1743328082732553,ssp126
-46.083333333333336,-1.7499999999999973,0.26683209444917816,ssp126
-45.91666666666667,-1.7499999999999973,0.22387979964018287,ssp126
-45.75,-1.7499999999999973,0.19566827631060715,ssp126
-45.583333333333336,-1.7499999999999973,0.12776599554161966,ssp126
-45.41666666666667,-1.7499999999999973,0.09799632138308648,ssp126
-45.25,-1.7499999999999973,0.05860658421413008,ssp126
-45.083333333333336,-1.7499999999999973,0.06646743041204566,ssp126
-44.91666666666667,-1.7499999999999973,0.06313734821334917,ssp126
-44.75,-1.7499999999999973,0.05592099422318332,ssp126
-69.41666666666667,-1.9166666666666643,0.03455376353124843,ssp126
-69.25,-1.9166666666666643,0.034912819144717284,ssp126
-69.08333333333333,-1.9166666666666643,0.03593370639605592,ssp126
-68.91666666666667,-1.9166666666666643,0.034933486952465086,ssp126
-68.75,-1.9166666666666643,0.03323795511330574,ssp126
-68.58333333333333,-1.9166666666666643,0.0389329710252785,ssp126
-68.41666666666667,-1.9166666666666643,0.03793159107342358,ssp126
-68.25,-1.9166666666666643,0.0451666186952117,ssp126
-68.08333333333333,-1.9166666666666643,0.03220581890334007,ssp126
-67.91666666666667,-1.9166666666666643,0.032353741621781076,ssp126
-67.75,-1.9166666666666643,0.03110141027755615,ssp126
-67.58333333333333,-1.9166666666666643,0.031889900395231145,ssp126
-67.41666666666667,-1.9166666666666643,0.03106127111442213,ssp126
-67.25,-1.9166666666666643,0.03157768526771817,ssp126
-67.08333333333333,-1.9166666666666643,0.03254100934998969,ssp126
-66.91666666666667,-1.9166666666666643,0.03587835169250424,ssp126
-66.75,-1.9166666666666643,0.03119943984294449,ssp126
-66.58333333333333,-1.9166666666666643,0.030850454561508592,ssp126
-66.41666666666667,-1.9166666666666643,0.03181385530773613,ssp126
-66.25,-1.9166666666666643,0.03305728728693223,ssp126
-66.08333333333333,-1.9166666666666643,0.030747379875911647,ssp126
-65.91666666666667,-1.9166666666666643,0.03088549474838245,ssp126
-65.75,-1.9166666666666643,0.03233808248738003,ssp126
-65.58333333333333,-1.9166666666666643,0.03291931061680053,ssp126
-65.41666666666667,-1.9166666666666643,0.034438615614356696,ssp126
-65.25,-1.9166666666666643,0.03296765103270681,ssp126
-65.08333333333333,-1.9166666666666643,0.030366937628021562,ssp126
-64.91666666666667,-1.9166666666666643,0.04101781186505919,ssp126
-64.75,-1.9166666666666643,0.03214511514468352,ssp126
-64.58333333333333,-1.9166666666666643,0.033822697634379055,ssp126
-64.41666666666667,-1.9166666666666643,0.03359116157514194,ssp126
-64.25,-1.9166666666666643,0.03317863796549502,ssp126
-64.08333333333333,-1.9166666666666643,0.0316038619250236,ssp126
-63.91666666666667,-1.9166666666666643,0.04172324490910727,ssp126
-63.75,-1.9166666666666643,0.03280363660547877,ssp126
-63.583333333333336,-1.9166666666666643,0.03727305823911765,ssp126
-63.41666666666667,-1.9166666666666643,0.034187274054245056,ssp126
-63.25,-1.9166666666666643,0.03797123808465498,ssp126
-63.083333333333336,-1.9166666666666643,0.03931742897214547,ssp126
-62.91666666666667,-1.9166666666666643,0.03766715069574329,ssp126
-62.75,-1.9166666666666643,0.036151627776459395,ssp126
-62.583333333333336,-1.9166666666666643,0.03476995683812021,ssp126
-62.41666666666667,-1.9166666666666643,0.03587947929753152,ssp126
-62.25,-1.9166666666666643,0.04127008984038834,ssp126
-62.083333333333336,-1.9166666666666643,0.04847562513733674,ssp126
-61.91666666666667,-1.9166666666666643,0.07363724963805544,ssp126
-61.75,-1.9166666666666643,0.06147476547487024,ssp126
-61.583333333333336,-1.9166666666666643,0.07400326143357194,ssp126
-61.41666666666667,-1.9166666666666643,0.08876469750041321,ssp126
-61.25,-1.9166666666666643,0.11703627109159861,ssp126
-61.083333333333336,-1.9166666666666643,0.1288251240599265,ssp126
-60.91666666666667,-1.9166666666666643,0.1220363017514636,ssp126
-60.75,-1.9166666666666643,0.1138837540401489,ssp126
-60.583333333333336,-1.9166666666666643,0.16530946632031163,ssp126
-60.41666666666667,-1.9166666666666643,0.15947968708388227,ssp126
-60.25,-1.9166666666666643,0.1389883289560752,ssp126
-60.083333333333336,-1.9166666666666643,0.11669437387558514,ssp126
-59.91666666666667,-1.9166666666666643,0.11449358206626184,ssp126
-59.75,-1.9166666666666643,0.15005865791430256,ssp126
-59.583333333333336,-1.9166666666666643,0.18454333066175777,ssp126
-59.41666666666667,-1.9166666666666643,0.22696828675863767,ssp126
-59.25,-1.9166666666666643,0.19378420554957707,ssp126
-59.083333333333336,-1.9166666666666643,0.2047773367983737,ssp126
-58.91666666666667,-1.9166666666666643,0.21330823779074745,ssp126
-58.75,-1.9166666666666643,0.20957474434766082,ssp126
-58.583333333333336,-1.9166666666666643,0.21350418792706843,ssp126
-58.41666666666667,-1.9166666666666643,0.2390713618736964,ssp126
-58.25,-1.9166666666666643,0.2607308872665716,ssp126
-58.083333333333336,-1.9166666666666643,0.24298177370454913,ssp126
-57.91666666666667,-1.9166666666666643,0.23448930685732053,ssp126
-57.75,-1.9166666666666643,0.22573642208555675,ssp126
-57.583333333333336,-1.9166666666666643,0.2211605943902861,ssp126
-57.41666666666667,-1.9166666666666643,0.2216197718904046,ssp126
-57.25,-1.9166666666666643,0.23301175370070104,ssp126
-57.083333333333336,-1.9166666666666643,0.23265250725876913,ssp126
-56.91666666666667,-1.9166666666666643,0.23964949793932924,ssp126
-56.75,-1.9166666666666643,0.22731055239194992,ssp126
-56.583333333333336,-1.9166666666666643,0.21138816360162696,ssp126
-56.41666666666667,-1.9166666666666643,0.22567703112686865,ssp126
-56.25,-1.9166666666666643,0.126390697169223,ssp126
-56.083333333333336,-1.9166666666666643,0.12087389282279713,ssp126
-55.91666666666667,-1.9166666666666643,0.11963126788047766,ssp126
-55.75,-1.9166666666666643,0.10783268456722832,ssp126
-55.583333333333336,-1.9166666666666643,0.20589161436773099,ssp126
-55.41666666666667,-1.9166666666666643,0.23998633026090124,ssp126
-55.25,-1.9166666666666643,0.21020894542719454,ssp126
-55.083333333333336,-1.9166666666666643,0.11347101338064941,ssp126
-54.91666666666667,-1.9166666666666643,0.08919370359149169,ssp126
-54.75,-1.9166666666666643,0.1161568425310528,ssp126
-54.583333333333336,-1.9166666666666643,0.14598664179689744,ssp126
-54.41666666666667,-1.9166666666666643,0.13182164297812854,ssp126
-54.25,-1.9166666666666643,0.10721713379346341,ssp126
-54.083333333333336,-1.9166666666666643,0.0797320703530454,ssp126
-53.91666666666667,-1.9166666666666643,0.04611424760734339,ssp126
-53.75,-1.9166666666666643,0.048162778840137886,ssp126
-53.583333333333336,-1.9166666666666643,0.04941453010738178,ssp126
-53.41666666666667,-1.9166666666666643,0.06909167718322576,ssp126
-53.25,-1.9166666666666643,0.06834187645817696,ssp126
-53.083333333333336,-1.9166666666666643,0.07874379205929062,ssp126
-52.91666666666667,-1.9166666666666643,0.14805663444809122,ssp126
-52.75,-1.9166666666666643,0.20398583312284913,ssp126
-52.583333333333336,-1.9166666666666643,0.23628818734017484,ssp126
-52.41666666666667,-1.9166666666666643,0.25108762428908726,ssp126
-52.25,-1.9166666666666643,0.16638869715656993,ssp126
-52.083333333333336,-1.9166666666666643,0.29035641751026287,ssp126
-51.91666666666667,-1.9166666666666643,0.2910576727864942,ssp126
-51.75,-1.9166666666666643,0.2586003701840033,ssp126
-51.583333333333336,-1.9166666666666643,0.2728007395233045,ssp126
-51.41666666666667,-1.9166666666666643,0.23945627165535277,ssp126
-51.25,-1.9166666666666643,0.30302212239572357,ssp126
-51.083333333333336,-1.9166666666666643,0.2678112984265814,ssp126
-50.91666666666667,-1.9166666666666643,0.22952483832238593,ssp126
-50.75,-1.9166666666666643,0.16052202174280272,ssp126
-50.583333333333336,-1.9166666666666643,0.18058453375013694,ssp126
-50.41666666666667,-1.9166666666666643,0.14873587199471075,ssp126
-50.25,-1.9166666666666643,0.20315069933684296,ssp126
-50.083333333333336,-1.9166666666666643,0.24364043291312637,ssp126
-49.91666666666667,-1.9166666666666643,0.18937088919017347,ssp126
-49.75,-1.9166666666666643,0.1672308771391241,ssp126
-49.583333333333336,-1.9166666666666643,0.17667451159976846,ssp126
-49.41666666666667,-1.9166666666666643,0.15802482292403033,ssp126
-49.25,-1.9166666666666643,0.13529679973002431,ssp126
-49.083333333333336,-1.9166666666666643,0.21574570686618974,ssp126
-48.91666666666667,-1.9166666666666643,0.2040413667704033,ssp126
-48.75,-1.9166666666666643,0.23391539586679194,ssp126
-48.583333333333336,-1.9166666666666643,0.16308799608464736,ssp126
-48.41666666666667,-1.9166666666666643,0.1296700915385625,ssp126
-48.25,-1.9166666666666643,0.16181316558970565,ssp126
-48.083333333333336,-1.9166666666666643,0.16682172446890392,ssp126
-47.91666666666667,-1.9166666666666643,0.1532873439380658,ssp126
-47.75,-1.9166666666666643,0.20391796151284297,ssp126
-47.583333333333336,-1.9166666666666643,0.2116551633611765,ssp126
-47.41666666666667,-1.9166666666666643,0.23648545107278882,ssp126
-47.25,-1.9166666666666643,0.23731778865324252,ssp126
-47.083333333333336,-1.9166666666666643,0.2233833083797851,ssp126
-46.91666666666667,-1.9166666666666643,0.15302510120037568,ssp126
-46.75,-1.9166666666666643,0.15621871850969601,ssp126
-46.583333333333336,-1.9166666666666643,0.1541280670638907,ssp126
-46.41666666666667,-1.9166666666666643,0.16830361711990435,ssp126
-46.25,-1.9166666666666643,0.1987742845642507,ssp126
-46.083333333333336,-1.9166666666666643,0.2601145247761837,ssp126
-45.91666666666667,-1.9166666666666643,0.24434637092354275,ssp126
-45.75,-1.9166666666666643,0.22085414416146615,ssp126
-45.583333333333336,-1.9166666666666643,0.25404914627984837,ssp126
-45.41666666666667,-1.9166666666666643,0.17932170800319347,ssp126
-45.25,-1.9166666666666643,0.07126852838355567,ssp126
-45.083333333333336,-1.9166666666666643,0.06428801585808151,ssp126
-44.91666666666667,-1.9166666666666643,0.07791975301400134,ssp126
-44.75,-1.9166666666666643,0.058107083689261194,ssp126
-69.41666666666667,-2.0833333333333304,0.03890724413156687,ssp126
-69.25,-2.0833333333333304,0.03826882900951115,ssp126
-69.08333333333333,-2.0833333333333304,0.03873952737601778,ssp126
-68.91666666666667,-2.0833333333333304,0.04326302280511101,ssp126
-68.75,-2.0833333333333304,0.033947554868171304,ssp126
-68.58333333333333,-2.0833333333333304,0.03705651298795828,ssp126
-68.41666666666667,-2.0833333333333304,0.04473038533420742,ssp126
-68.25,-2.0833333333333304,0.03514717148047957,ssp126
-68.08333333333333,-2.0833333333333304,0.03261342172062881,ssp126
-67.91666666666667,-2.0833333333333304,0.034200958075157974,ssp126
-67.75,-2.0833333333333304,0.032987175173753984,ssp126
-67.58333333333333,-2.0833333333333304,0.030845900509862755,ssp126
-67.41666666666667,-2.0833333333333304,0.03229948791476267,ssp126
-67.25,-2.0833333333333304,0.031255116435570766,ssp126
-67.08333333333333,-2.0833333333333304,0.03336418874127465,ssp126
-66.91666666666667,-2.0833333333333304,0.04223394052545016,ssp126
-66.75,-2.0833333333333304,0.031748712123862016,ssp126
-66.58333333333333,-2.0833333333333304,0.02942336876973169,ssp126
-66.41666666666667,-2.0833333333333304,0.029869831029291777,ssp126
-66.25,-2.0833333333333304,0.032924737070899185,ssp126
-66.08333333333333,-2.0833333333333304,0.033875006207574616,ssp126
-65.91666666666667,-2.0833333333333304,0.03370751036942394,ssp126
-65.75,-2.0833333333333304,0.033170934866972784,ssp126
-65.58333333333333,-2.0833333333333304,0.034055227822794285,ssp126
-65.41666666666667,-2.0833333333333304,0.03512502381754624,ssp126
-65.25,-2.0833333333333304,0.04147478075770217,ssp126
-65.08333333333333,-2.0833333333333304,0.03566465242848146,ssp126
-64.91666666666667,-2.0833333333333304,0.03357584270646124,ssp126
-64.75,-2.0833333333333304,0.03212726439642685,ssp126
-64.58333333333333,-2.0833333333333304,0.04144126388555843,ssp126
-64.41666666666667,-2.0833333333333304,0.03909216140704865,ssp126
-64.25,-2.0833333333333304,0.03559555295383372,ssp126
-64.08333333333333,-2.0833333333333304,0.035182593024887764,ssp126
-63.91666666666667,-2.0833333333333304,0.04347906788297546,ssp126
-63.75,-2.0833333333333304,0.03448788056937491,ssp126
-63.583333333333336,-2.0833333333333304,0.03444549791288851,ssp126
-63.41666666666667,-2.0833333333333304,0.03632231785046079,ssp126
-63.25,-2.0833333333333304,0.03479650795253727,ssp126
-63.083333333333336,-2.0833333333333304,0.04342349449316697,ssp126
-62.91666666666667,-2.0833333333333304,0.04237610314780359,ssp126
-62.75,-2.0833333333333304,0.03556581813710682,ssp126
-62.583333333333336,-2.0833333333333304,0.0346426671319252,ssp126
-62.41666666666667,-2.0833333333333304,0.037713979815254546,ssp126
-62.25,-2.0833333333333304,0.04304875695519295,ssp126
-62.083333333333336,-2.0833333333333304,0.05125808555297052,ssp126
-61.91666666666667,-2.0833333333333304,0.06982279134681334,ssp126
-61.75,-2.0833333333333304,0.07674580912660134,ssp126
-61.583333333333336,-2.0833333333333304,0.09111435022001102,ssp126
-61.41666666666667,-2.0833333333333304,0.07844277336292513,ssp126
-61.25,-2.0833333333333304,0.1268384068295705,ssp126
-61.083333333333336,-2.0833333333333304,0.16118149158101475,ssp126
-60.91666666666667,-2.0833333333333304,0.15293264870966472,ssp126
-60.75,-2.0833333333333304,0.14699671381036714,ssp126
-60.583333333333336,-2.0833333333333304,0.16234315761270232,ssp126
-60.41666666666667,-2.0833333333333304,0.15517906978238696,ssp126
-60.25,-2.0833333333333304,0.13112730289892685,ssp126
-60.083333333333336,-2.0833333333333304,0.1393487454700186,ssp126
-59.91666666666667,-2.0833333333333304,0.14112864438721812,ssp126
-59.75,-2.0833333333333304,0.1498602797630351,ssp126
-59.583333333333336,-2.0833333333333304,0.16149651628695152,ssp126
-59.41666666666667,-2.0833333333333304,0.19898743555670675,ssp126
-59.25,-2.0833333333333304,0.22367472803621952,ssp126
-59.083333333333336,-2.0833333333333304,0.2225439144882069,ssp126
-58.91666666666667,-2.0833333333333304,0.23286296708664522,ssp126
-58.75,-2.0833333333333304,0.24528308518709124,ssp126
-58.583333333333336,-2.0833333333333304,0.2307550873144266,ssp126
-58.41666666666667,-2.0833333333333304,0.22565001784628322,ssp126
-58.25,-2.0833333333333304,0.24034923359996826,ssp126
-58.083333333333336,-2.0833333333333304,0.26097392224656046,ssp126
-57.91666666666667,-2.0833333333333304,0.2441049053291176,ssp126
-57.75,-2.0833333333333304,0.23101226593873223,ssp126
-57.583333333333336,-2.0833333333333304,0.24366484514076525,ssp126
-57.41666666666667,-2.0833333333333304,0.2572642655042657,ssp126
-57.25,-2.0833333333333304,0.25014204368802656,ssp126
-57.083333333333336,-2.0833333333333304,0.2332094000977661,ssp126
-56.91666666666667,-2.0833333333333304,0.2167980949944148,ssp126
-56.75,-2.0833333333333304,0.23016223092518762,ssp126
-56.583333333333336,-2.0833333333333304,0.23387260306354643,ssp126
-56.41666666666667,-2.0833333333333304,0.14299330640673558,ssp126
-56.25,-2.0833333333333304,0.15823065570957315,ssp126
-56.083333333333336,-2.0833333333333304,0.15401208832389585,ssp126
-55.91666666666667,-2.0833333333333304,0.12484392934379351,ssp126
-55.75,-2.0833333333333304,0.097317363935255,ssp126
-55.583333333333336,-2.0833333333333304,0.09438412754698666,ssp126
-55.41666666666667,-2.0833333333333304,0.10307464848236575,ssp126
-55.25,-2.0833333333333304,0.09882251803140364,ssp126
-55.083333333333336,-2.0833333333333304,0.08880964338332518,ssp126
-54.91666666666667,-2.0833333333333304,0.06326378356176378,ssp126
-54.75,-2.0833333333333304,0.05947959415801447,ssp126
-54.583333333333336,-2.0833333333333304,0.06488687003679683,ssp126
-54.41666666666667,-2.0833333333333304,0.1339484833131902,ssp126
-54.25,-2.0833333333333304,0.09275731840740332,ssp126
-54.083333333333336,-2.0833333333333304,0.04778782619348169,ssp126
-53.91666666666667,-2.0833333333333304,0.05523235238880736,ssp126
-53.75,-2.0833333333333304,0.05484261515224013,ssp126
-53.583333333333336,-2.0833333333333304,0.08710158999591525,ssp126
-53.41666666666667,-2.0833333333333304,0.1144586424071677,ssp126
-53.25,-2.0833333333333304,0.147332550585467,ssp126
-53.083333333333336,-2.0833333333333304,0.1612717094308192,ssp126
-52.91666666666667,-2.0833333333333304,0.13348306259553241,ssp126
-52.75,-2.0833333333333304,0.15833857186336212,ssp126
-52.583333333333336,-2.0833333333333304,0.17927034999799477,ssp126
-52.41666666666667,-2.0833333333333304,0.2197138065381787,ssp126
-52.25,-2.0833333333333304,0.17554333210906378,ssp126
-52.083333333333336,-2.0833333333333304,0.284073359321018,ssp126
-51.91666666666667,-2.0833333333333304,0.27952422024213114,ssp126
-51.75,-2.0833333333333304,0.26481257525437674,ssp126
-51.583333333333336,-2.0833333333333304,0.2725973936228751,ssp126
-51.41666666666667,-2.0833333333333304,0.28292734706179795,ssp126
-51.25,-2.0833333333333304,0.2970487218723155,ssp126
-51.083333333333336,-2.0833333333333304,0.2570996375767368,ssp126
-50.91666666666667,-2.0833333333333304,0.24071583093252394,ssp126
-50.75,-2.0833333333333304,0.2333915596993351,ssp126
-50.583333333333336,-2.0833333333333304,0.24338570450167835,ssp126
-50.41666666666667,-2.0833333333333304,0.24820707846168782,ssp126
-50.25,-2.0833333333333304,0.29712552614220517,ssp126
-50.083333333333336,-2.0833333333333304,0.24446775576874843,ssp126
-49.91666666666667,-2.0833333333333304,0.23666906768579524,ssp126
-49.75,-2.0833333333333304,0.1802329049579175,ssp126
-49.583333333333336,-2.0833333333333304,0.1634070639773108,ssp126
-49.41666666666667,-2.0833333333333304,0.12968653518713602,ssp126
-49.25,-2.0833333333333304,0.1707910860775591,ssp126
-49.083333333333336,-2.0833333333333304,0.2086731279847675,ssp126
-48.91666666666667,-2.0833333333333304,0.19427904495761777,ssp126
-48.75,-2.0833333333333304,0.2115150965950363,ssp126
-48.583333333333336,-2.0833333333333304,0.19254914118997632,ssp126
-48.41666666666667,-2.0833333333333304,0.12570465849907697,ssp126
-48.25,-2.0833333333333304,0.1483911178883117,ssp126
-48.083333333333336,-2.0833333333333304,0.15188087401634234,ssp126
-47.91666666666667,-2.0833333333333304,0.1370089278118896,ssp126
-47.75,-2.0833333333333304,0.1462742701992035,ssp126
-47.583333333333336,-2.0833333333333304,0.204057229638969,ssp126
-47.41666666666667,-2.0833333333333304,0.21757857215154416,ssp126
-47.25,-2.0833333333333304,0.22040413500695474,ssp126
-47.083333333333336,-2.0833333333333304,0.22464819462228197,ssp126
-46.91666666666667,-2.0833333333333304,0.20939945901237839,ssp126
-46.75,-2.0833333333333304,0.1632569191066289,ssp126
-46.583333333333336,-2.0833333333333304,0.15525722026121366,ssp126
-46.41666666666667,-2.0833333333333304,0.17413524101248032,ssp126
-46.25,-2.0833333333333304,0.2278935124488896,ssp126
-46.083333333333336,-2.0833333333333304,0.2826467351501739,ssp126
-45.91666666666667,-2.0833333333333304,0.2787274062182952,ssp126
-45.75,-2.0833333333333304,0.2229561956286256,ssp126
-45.583333333333336,-2.0833333333333304,0.30440775245096946,ssp126
-45.41666666666667,-2.0833333333333304,0.22353142955623845,ssp126
-45.25,-2.0833333333333304,0.09939337054277811,ssp126
-45.083333333333336,-2.0833333333333304,0.0711212216437592,ssp126
-44.91666666666667,-2.0833333333333304,0.061363754515999465,ssp126
-44.75,-2.0833333333333304,0.0582489013586074,ssp126
-44.583333333333336,-2.0833333333333304,0.059505754243376785,ssp126
-69.41666666666667,-2.2499999999999973,0.03901346189279543,ssp126
-69.25,-2.2499999999999973,0.04015182158749718,ssp126
-69.08333333333333,-2.2499999999999973,0.03993466218971183,ssp126
-68.91666666666667,-2.2499999999999973,0.03958816373914558,ssp126
-68.75,-2.2499999999999973,0.036938200037886906,ssp126
-68.58333333333333,-2.2499999999999973,0.039430027901390434,ssp126
-68.41666666666667,-2.2499999999999973,0.048310332446390075,ssp126
-68.25,-2.2499999999999973,0.042321097506696936,ssp126
-68.08333333333333,-2.2499999999999973,0.03786037871864021,ssp126
-67.91666666666667,-2.2499999999999973,0.03301787086233954,ssp126
-67.75,-2.2499999999999973,0.03638337842212662,ssp126
-67.58333333333333,-2.2499999999999973,0.0300528061747912,ssp126
-67.41666666666667,-2.2499999999999973,0.03462551270924455,ssp126
-67.25,-2.2499999999999973,0.030519638351288025,ssp126
-67.08333333333333,-2.2499999999999973,0.031700897959993195,ssp126
-66.91666666666667,-2.2499999999999973,0.03233203494655878,ssp126
-66.75,-2.2499999999999973,0.03236158059961192,ssp126
-66.58333333333333,-2.2499999999999973,0.03153212808979986,ssp126
-66.41666666666667,-2.2499999999999973,0.03141211577453428,ssp126
-66.25,-2.2499999999999973,0.03310803603513356,ssp126
-66.08333333333333,-2.2499999999999973,0.04262689004197834,ssp126
-65.91666666666667,-2.2499999999999973,0.03385531935192944,ssp126
-65.75,-2.2499999999999973,0.03377309097802833,ssp126
-65.58333333333333,-2.2499999999999973,0.03387369464594779,ssp126
-65.41666666666667,-2.2499999999999973,0.047296509394504666,ssp126
-65.25,-2.2499999999999973,0.04663049702410077,ssp126
-65.08333333333333,-2.2499999999999973,0.04472424763907952,ssp126
-64.91666666666667,-2.2499999999999973,0.040454430954397325,ssp126
-64.75,-2.2499999999999973,0.035590589695650696,ssp126
-64.58333333333333,-2.2499999999999973,0.03342451574008885,ssp126
-64.41666666666667,-2.2499999999999973,0.03606696110745068,ssp126
-64.25,-2.2499999999999973,0.03555312100078181,ssp126
-64.08333333333333,-2.2499999999999973,0.03442566755984596,ssp126
-63.91666666666667,-2.2499999999999973,0.037868664100739094,ssp126
-63.75,-2.2499999999999973,0.03616175557819224,ssp126
-63.583333333333336,-2.2499999999999973,0.04358741077833722,ssp126
-63.41666666666667,-2.2499999999999973,0.037067535680894714,ssp126
-63.25,-2.2499999999999973,0.03574401466259704,ssp126
-63.083333333333336,-2.2499999999999973,0.03697512722461167,ssp126
-62.91666666666667,-2.2499999999999973,0.04380481548963237,ssp126
-62.75,-2.2499999999999973,0.03623773050406036,ssp126
-62.583333333333336,-2.2499999999999973,0.03825711074547185,ssp126
-62.41666666666667,-2.2499999999999973,0.04243612763183916,ssp126
-62.25,-2.2499999999999973,0.04212788253415153,ssp126
-62.083333333333336,-2.2499999999999973,0.04930463751800313,ssp126
-61.91666666666667,-2.2499999999999973,0.0683010497015671,ssp126
-61.75,-2.2499999999999973,0.07561619583581489,ssp126
-61.583333333333336,-2.2499999999999973,0.08859628307556569,ssp126
-61.41666666666667,-2.2499999999999973,0.09822397407504134,ssp126
-61.25,-2.2499999999999973,0.13086431323065278,ssp126
-61.083333333333336,-2.2499999999999973,0.1551373776513297,ssp126
-60.91666666666667,-2.2499999999999973,0.17474598368437677,ssp126
-60.75,-2.2499999999999973,0.18532324272496933,ssp126
-60.583333333333336,-2.2499999999999973,0.1904450422744821,ssp126
-60.41666666666667,-2.2499999999999973,0.19060827733232763,ssp126
-60.25,-2.2499999999999973,0.16327637604487344,ssp126
-60.083333333333336,-2.2499999999999973,0.15394358699022767,ssp126
-59.91666666666667,-2.2499999999999973,0.1609850696168076,ssp126
-59.75,-2.2499999999999973,0.1840929201484196,ssp126
-59.583333333333336,-2.2499999999999973,0.1725370084065304,ssp126
-59.41666666666667,-2.2499999999999973,0.1826434681858978,ssp126
-59.25,-2.2499999999999973,0.2057271867954753,ssp126
-59.083333333333336,-2.2499999999999973,0.21524371840135542,ssp126
-58.91666666666667,-2.2499999999999973,0.21853707108798617,ssp126
-58.75,-2.2499999999999973,0.2461941747484824,ssp126
-58.583333333333336,-2.2499999999999973,0.25484099177308145,ssp126
-58.41666666666667,-2.2499999999999973,0.2555586374034731,ssp126
-58.25,-2.2499999999999973,0.24852212841752325,ssp126
-58.083333333333336,-2.2499999999999973,0.26655492496911004,ssp126
-57.91666666666667,-2.2499999999999973,0.2525836901411611,ssp126
-57.75,-2.2499999999999973,0.24316955821329628,ssp126
-57.583333333333336,-2.2499999999999973,0.2433449463411101,ssp126
-57.41666666666667,-2.2499999999999973,0.2700671503002795,ssp126
-57.25,-2.2499999999999973,0.26886766328562417,ssp126
-57.083333333333336,-2.2499999999999973,0.23880860327034842,ssp126
-56.91666666666667,-2.2499999999999973,0.22026937303962832,ssp126
-56.75,-2.2499999999999973,0.19844153905721776,ssp126
-56.583333333333336,-2.2499999999999973,0.12793025813994843,ssp126
-56.41666666666667,-2.2499999999999973,0.1592538415654592,ssp126
-56.25,-2.2499999999999973,0.29260205869267175,ssp126
-56.083333333333336,-2.2499999999999973,0.311214197687684,ssp126
-55.91666666666667,-2.2499999999999973,0.25124280959561485,ssp126
-55.75,-2.2499999999999973,0.17958659730429322,ssp126
-55.583333333333336,-2.2499999999999973,0.17362624741595312,ssp126
-55.41666666666667,-2.2499999999999973,0.12092472880467492,ssp126
-55.25,-2.2499999999999973,0.19010990496337393,ssp126
-55.083333333333336,-2.2499999999999973,0.12976292100152437,ssp126
-54.91666666666667,-2.2499999999999973,0.10249389127293355,ssp126
-54.75,-2.2499999999999973,0.06233352389556711,ssp126
-54.583333333333336,-2.2499999999999973,0.07566906343825947,ssp126
-54.41666666666667,-2.2499999999999973,0.09346761693105513,ssp126
-54.25,-2.2499999999999973,0.04634534078610819,ssp126
-54.083333333333336,-2.2499999999999973,0.04791908968264659,ssp126
-53.91666666666667,-2.2499999999999973,0.08919269647308671,ssp126
-53.75,-2.2499999999999973,0.10865564235045869,ssp126
-53.583333333333336,-2.2499999999999973,0.12446426800956885,ssp126
-53.41666666666667,-2.2499999999999973,0.1223473144559525,ssp126
-53.25,-2.2499999999999973,0.13004144345727348,ssp126
-53.083333333333336,-2.2499999999999973,0.12030118483729037,ssp126
-52.91666666666667,-2.2499999999999973,0.12113321780546886,ssp126
-52.75,-2.2499999999999973,0.1428274653497064,ssp126
-52.583333333333336,-2.2499999999999973,0.16066071838161988,ssp126
-52.41666666666667,-2.2499999999999973,0.20003129635626776,ssp126
-52.25,-2.2499999999999973,0.20640350190561407,ssp126
-52.083333333333336,-2.2499999999999973,0.2520003290725293,ssp126
-51.91666666666667,-2.2499999999999973,0.2753587698777235,ssp126
-51.75,-2.2499999999999973,0.2596321859723871,ssp126
-51.583333333333336,-2.2499999999999973,0.26506895976147155,ssp126
-51.41666666666667,-2.2499999999999973,0.2775943205154996,ssp126
-51.25,-2.2499999999999973,0.27150147142150677,ssp126
-51.083333333333336,-2.2499999999999973,0.26154752395770337,ssp126
-50.91666666666667,-2.2499999999999973,0.27511399438848166,ssp126
-50.75,-2.2499999999999973,0.2761294948787123,ssp126
-50.583333333333336,-2.2499999999999973,0.2344301935119362,ssp126
-50.41666666666667,-2.2499999999999973,0.2328116549037958,ssp126
-50.25,-2.2499999999999973,0.23550016353327105,ssp126
-50.083333333333336,-2.2499999999999973,0.23322842888906561,ssp126
-49.91666666666667,-2.2499999999999973,0.2482165242405305,ssp126
-49.75,-2.2499999999999973,0.21854776759560945,ssp126
-49.583333333333336,-2.2499999999999973,0.19062534735027437,ssp126
-49.41666666666667,-2.2499999999999973,0.11770502784369867,ssp126
-49.25,-2.2499999999999973,0.19647137596872546,ssp126
-49.083333333333336,-2.2499999999999973,0.22908834281839588,ssp126
-48.91666666666667,-2.2499999999999973,0.2056104266761043,ssp126
-48.75,-2.2499999999999973,0.2059411439465309,ssp126
-48.583333333333336,-2.2499999999999973,0.1884268680351767,ssp126
-48.41666666666667,-2.2499999999999973,0.14233038463504696,ssp126
-48.25,-2.2499999999999973,0.11650404182309991,ssp126
-48.083333333333336,-2.2499999999999973,0.14782689193162196,ssp126
-47.91666666666667,-2.2499999999999973,0.1559010007373046,ssp126
-47.75,-2.2499999999999973,0.1399082050777322,ssp126
-47.583333333333336,-2.2499999999999973,0.19892444000027776,ssp126
-47.41666666666667,-2.2499999999999973,0.1838077206460564,ssp126
-47.25,-2.2499999999999973,0.19370725762993474,ssp126
-47.083333333333336,-2.2499999999999973,0.19227583160525377,ssp126
-46.91666666666667,-2.2499999999999973,0.1494040957803558,ssp126
-46.75,-2.2499999999999973,0.1423835170368686,ssp126
-46.583333333333336,-2.2499999999999973,0.16605539221785579,ssp126
-46.41666666666667,-2.2499999999999973,0.20057041201917403,ssp126
-46.25,-2.2499999999999973,0.23224378847565227,ssp126
-46.083333333333336,-2.2499999999999973,0.25373188713420275,ssp126
-45.91666666666667,-2.2499999999999973,0.2482284089757418,ssp126
-45.75,-2.2499999999999973,0.23715578773925539,ssp126
-45.583333333333336,-2.2499999999999973,0.2975972182515127,ssp126
-45.41666666666667,-2.2499999999999973,0.10643226314503822,ssp126
-45.25,-2.2499999999999973,0.07807265580221631,ssp126
-45.083333333333336,-2.2499999999999973,0.07906982197950202,ssp126
-44.91666666666667,-2.2499999999999973,0.05825089976392111,ssp126
-44.75,-2.2499999999999973,0.06372422379974631,ssp126
-44.583333333333336,-2.2499999999999973,0.05763467744692386,ssp126
-69.41666666666667,-2.4166666666666643,0.046616815817081145,ssp126
-69.25,-2.4166666666666643,0.04220321996976152,ssp126
-69.08333333333333,-2.4166666666666643,0.03708284432339376,ssp126
-68.91666666666667,-2.4166666666666643,0.039768852720186806,ssp126
-68.75,-2.4166666666666643,0.03463053470281441,ssp126
-68.58333333333333,-2.4166666666666643,0.036693225399703176,ssp126
-68.41666666666667,-2.4166666666666643,0.04498560993085948,ssp126
-68.25,-2.4166666666666643,0.04920417395827644,ssp126
-68.08333333333333,-2.4166666666666643,0.03829925016364314,ssp126
-67.91666666666667,-2.4166666666666643,0.03535550149874567,ssp126
-67.75,-2.4166666666666643,0.03379598968168645,ssp126
-67.58333333333333,-2.4166666666666643,0.03284580492870886,ssp126
-67.41666666666667,-2.4166666666666643,0.03197697408588042,ssp126
-67.25,-2.4166666666666643,0.033207425723985336,ssp126
-67.08333333333333,-2.4166666666666643,0.033131295080257764,ssp126
-66.91666666666667,-2.4166666666666643,0.03341812839301491,ssp126
-66.75,-2.4166666666666643,0.03309618791449262,ssp126
-66.58333333333333,-2.4166666666666643,0.03458295780501771,ssp126
-66.41666666666667,-2.4166666666666643,0.04358424813818487,ssp126
-66.25,-2.4166666666666643,0.0389085728002118,ssp126
-66.08333333333333,-2.4166666666666643,0.03436141036096398,ssp126
-65.91666666666667,-2.4166666666666643,0.033841625179354386,ssp126
-65.75,-2.4166666666666643,0.0346994553361531,ssp126
-65.58333333333333,-2.4166666666666643,0.03596097340688898,ssp126
-65.41666666666667,-2.4166666666666643,0.041970102905906054,ssp126
-65.25,-2.4166666666666643,0.04976754712773154,ssp126
-65.08333333333333,-2.4166666666666643,0.04652297437508705,ssp126
-64.91666666666667,-2.4166666666666643,0.0454930984746177,ssp126
-64.75,-2.4166666666666643,0.03465378741417331,ssp126
-64.58333333333333,-2.4166666666666643,0.035676987248432386,ssp126
-64.41666666666667,-2.4166666666666643,0.0367484072502763,ssp126
-64.25,-2.4166666666666643,0.03529370262440967,ssp126
-64.08333333333333,-2.4166666666666643,0.034577683698915104,ssp126
-63.91666666666667,-2.4166666666666643,0.04365298582981078,ssp126
-63.75,-2.4166666666666643,0.04145044882833311,ssp126
-63.583333333333336,-2.4166666666666643,0.04372514091328691,ssp126
-63.41666666666667,-2.4166666666666643,0.04239760533998151,ssp126
-63.25,-2.4166666666666643,0.03794850499874263,ssp126
-63.083333333333336,-2.4166666666666643,0.03737710872391166,ssp126
-62.91666666666667,-2.4166666666666643,0.038216730411739376,ssp126
-62.75,-2.4166666666666643,0.038527781318540066,ssp126
-62.583333333333336,-2.4166666666666643,0.041263708821282594,ssp126
-62.41666666666667,-2.4166666666666643,0.041662832221915434,ssp126
-62.25,-2.4166666666666643,0.04900148773917806,ssp126
-62.083333333333336,-2.4166666666666643,0.06195811939316189,ssp126
-61.91666666666667,-2.4166666666666643,0.0729471556898729,ssp126
-61.75,-2.4166666666666643,0.08332809092198516,ssp126
-61.583333333333336,-2.4166666666666643,0.08791587178529915,ssp126
-61.41666666666667,-2.4166666666666643,0.11094128087301788,ssp126
-61.25,-2.4166666666666643,0.1444487455319178,ssp126
-61.083333333333336,-2.4166666666666643,0.1803305263425126,ssp126
-60.91666666666667,-2.4166666666666643,0.20591262960296786,ssp126
-60.75,-2.4166666666666643,0.2219696235106418,ssp126
-60.583333333333336,-2.4166666666666643,0.21982411220238213,ssp126
-60.41666666666667,-2.4166666666666643,0.18113527654028502,ssp126
-60.25,-2.4166666666666643,0.19362294212562692,ssp126
-60.083333333333336,-2.4166666666666643,0.1853860867854208,ssp126
-59.91666666666667,-2.4166666666666643,0.15485791350666414,ssp126
-59.75,-2.4166666666666643,0.17071207175022549,ssp126
-59.583333333333336,-2.4166666666666643,0.19213637684080553,ssp126
-59.41666666666667,-2.4166666666666643,0.1810967725520437,ssp126
-59.25,-2.4166666666666643,0.16821884549028612,ssp126
-59.083333333333336,-2.4166666666666643,0.18756718406729156,ssp126
-58.91666666666667,-2.4166666666666643,0.20140957576013108,ssp126
-58.75,-2.4166666666666643,0.21162976970424016,ssp126
-58.583333333333336,-2.4166666666666643,0.2182930460110438,ssp126
-58.41666666666667,-2.4166666666666643,0.23380306748661667,ssp126
-58.25,-2.4166666666666643,0.2379795866938578,ssp126
-58.083333333333336,-2.4166666666666643,0.25355122393226615,ssp126
-57.91666666666667,-2.4166666666666643,0.2500266277471007,ssp126
-57.75,-2.4166666666666643,0.25240378039854017,ssp126
-57.583333333333336,-2.4166666666666643,0.2721725922507258,ssp126
-57.41666666666667,-2.4166666666666643,0.2710121534260438,ssp126
-57.25,-2.4166666666666643,0.268587703860579,ssp126
-57.083333333333336,-2.4166666666666643,0.22517686108502602,ssp126
-56.91666666666667,-2.4166666666666643,0.20005547016712072,ssp126
-56.75,-2.4166666666666643,0.15261790904269784,ssp126
-56.583333333333336,-2.4166666666666643,0.18281026831581543,ssp126
-56.41666666666667,-2.4166666666666643,0.2979930904757844,ssp126
-56.25,-2.4166666666666643,0.2947179413428186,ssp126
-56.083333333333336,-2.4166666666666643,0.27509982735173616,ssp126
-55.91666666666667,-2.4166666666666643,0.2230254238754886,ssp126
-55.75,-2.4166666666666643,0.23253614986697815,ssp126
-55.583333333333336,-2.4166666666666643,0.23475340275406215,ssp126
-55.41666666666667,-2.4166666666666643,0.23963014546552236,ssp126
-55.25,-2.4166666666666643,0.23649014552668185,ssp126
-55.083333333333336,-2.4166666666666643,0.1915013849299898,ssp126
-54.91666666666667,-2.4166666666666643,0.22016388665321057,ssp126
-54.75,-2.4166666666666643,0.22493039996648134,ssp126
-54.583333333333336,-2.4166666666666643,0.13982933556338806,ssp126
-54.41666666666667,-2.4166666666666643,0.09861143483361297,ssp126
-54.25,-2.4166666666666643,0.15585323828760547,ssp126
-54.083333333333336,-2.4166666666666643,0.17813432182653025,ssp126
-53.91666666666667,-2.4166666666666643,0.15037290190032832,ssp126
-53.75,-2.4166666666666643,0.1093879412734805,ssp126
-53.583333333333336,-2.4166666666666643,0.10827051026644119,ssp126
-53.41666666666667,-2.4166666666666643,0.10368509667255701,ssp126
-53.25,-2.4166666666666643,0.0891502507897501,ssp126
-53.083333333333336,-2.4166666666666643,0.08350293581340855,ssp126
-52.91666666666667,-2.4166666666666643,0.11060416470059449,ssp126
-52.75,-2.4166666666666643,0.12961995457922484,ssp126
-52.583333333333336,-2.4166666666666643,0.15377822935910693,ssp126
-52.41666666666667,-2.4166666666666643,0.1736034243267491,ssp126
-52.25,-2.4166666666666643,0.20013638403161269,ssp126
-52.083333333333336,-2.4166666666666643,0.1700758605422773,ssp126
-51.91666666666667,-2.4166666666666643,0.27592454555710033,ssp126
-51.75,-2.4166666666666643,0.28148477692821156,ssp126
-51.583333333333336,-2.4166666666666643,0.25848695952232,ssp126
-51.41666666666667,-2.4166666666666643,0.27381443301724295,ssp126
-51.25,-2.4166666666666643,0.2778802189003762,ssp126
-51.083333333333336,-2.4166666666666643,0.25211699843628255,ssp126
-50.91666666666667,-2.4166666666666643,0.28904853994639,ssp126
-50.75,-2.4166666666666643,0.2750189034222014,ssp126
-50.583333333333336,-2.4166666666666643,0.22381518978940157,ssp126
-50.41666666666667,-2.4166666666666643,0.22386052376257795,ssp126
-50.25,-2.4166666666666643,0.22994921573545532,ssp126
-50.083333333333336,-2.4166666666666643,0.23258677811212136,ssp126
-49.91666666666667,-2.4166666666666643,0.23362088327942296,ssp126
-49.75,-2.4166666666666643,0.2439738722780033,ssp126
-49.583333333333336,-2.4166666666666643,0.19200599583915007,ssp126
-49.41666666666667,-2.4166666666666643,0.20769289989280068,ssp126
-49.25,-2.4166666666666643,0.22577433588436258,ssp126
-49.083333333333336,-2.4166666666666643,0.21940333599512646,ssp126
-48.91666666666667,-2.4166666666666643,0.20411400980072456,ssp126
-48.75,-2.4166666666666643,0.1934314560276228,ssp126
-48.583333333333336,-2.4166666666666643,0.18533076037092897,ssp126
-48.41666666666667,-2.4166666666666643,0.1835050050914365,ssp126
-48.25,-2.4166666666666643,0.14736749902366553,ssp126
-48.083333333333336,-2.4166666666666643,0.1510489484148518,ssp126
-47.91666666666667,-2.4166666666666643,0.14415193369203222,ssp126
-47.75,-2.4166666666666643,0.12917124190492676,ssp126
-47.583333333333336,-2.4166666666666643,0.1827146805966896,ssp126
-47.41666666666667,-2.4166666666666643,0.16160045139581275,ssp126
-47.25,-2.4166666666666643,0.1665019417722,ssp126
-47.083333333333336,-2.4166666666666643,0.18952584536341363,ssp126
-46.91666666666667,-2.4166666666666643,0.14341546605147382,ssp126
-46.75,-2.4166666666666643,0.15171993921393245,ssp126
-46.583333333333336,-2.4166666666666643,0.15938049930454207,ssp126
-46.41666666666667,-2.4166666666666643,0.2252022455379546,ssp126
-46.25,-2.4166666666666643,0.2484504602494113,ssp126
-46.083333333333336,-2.4166666666666643,0.25513336277083454,ssp126
-45.91666666666667,-2.4166666666666643,0.2612005571425179,ssp126
-45.75,-2.4166666666666643,0.26173037834539503,ssp126
-45.583333333333336,-2.4166666666666643,0.1797182593860564,ssp126
-45.41666666666667,-2.4166666666666643,0.09962971072508281,ssp126
-45.25,-2.4166666666666643,0.194681532259445,ssp126
-45.083333333333336,-2.4166666666666643,0.0589896962049709,ssp126
-44.91666666666667,-2.4166666666666643,0.0635585376027268,ssp126
-44.75,-2.4166666666666643,0.07093177452996587,ssp126
-44.583333333333336,-2.4166666666666643,0.06902615030612956,ssp126
-69.41666666666667,-2.5833333333333304,0.04438014310077378,ssp126
-69.25,-2.5833333333333304,0.03666157437962881,ssp126
-69.08333333333333,-2.5833333333333304,0.03746023018848537,ssp126
-68.91666666666667,-2.5833333333333304,0.03802388231734868,ssp126
-68.75,-2.5833333333333304,0.0352174016886291,ssp126
-68.58333333333333,-2.5833333333333304,0.03563332795131328,ssp126
-68.41666666666667,-2.5833333333333304,0.03804723722820158,ssp126
-68.25,-2.5833333333333304,0.03439816422995789,ssp126
-68.08333333333333,-2.5833333333333304,0.034642454733072266,ssp126
-67.91666666666667,-2.5833333333333304,0.0337712602575482,ssp126
-67.75,-2.5833333333333304,0.03322052398317915,ssp126
-67.58333333333333,-2.5833333333333304,0.0344935764273614,ssp126
-67.41666666666667,-2.5833333333333304,0.035629428106908494,ssp126
-67.25,-2.5833333333333304,0.033654926798385776,ssp126
-67.08333333333333,-2.5833333333333304,0.035064355327558513,ssp126
-66.91666666666667,-2.5833333333333304,0.04281482501621284,ssp126
-66.75,-2.5833333333333304,0.036613669070591603,ssp126
-66.58333333333333,-2.5833333333333304,0.04538047923522233,ssp126
-66.41666666666667,-2.5833333333333304,0.045710255930995716,ssp126
-66.25,-2.5833333333333304,0.04550390266857703,ssp126
-66.08333333333333,-2.5833333333333304,0.03560471781546186,ssp126
-65.91666666666667,-2.5833333333333304,0.03334225308386337,ssp126
-65.75,-2.5833333333333304,0.032109351744698464,ssp126
-65.58333333333333,-2.5833333333333304,0.034155557931017044,ssp126
-65.41666666666667,-2.5833333333333304,0.037835692219429555,ssp126
-65.25,-2.5833333333333304,0.05321943697780393,ssp126
-65.08333333333333,-2.5833333333333304,0.04692620516503285,ssp126
-64.91666666666667,-2.5833333333333304,0.0403056336573336,ssp126
-64.75,-2.5833333333333304,0.037978068537889334,ssp126
-64.58333333333333,-2.5833333333333304,0.03674052038901575,ssp126
-64.41666666666667,-2.5833333333333304,0.033785280633659834,ssp126
-64.25,-2.5833333333333304,0.03655207585545225,ssp126
-64.08333333333333,-2.5833333333333304,0.035323544292544,ssp126
-63.91666666666667,-2.5833333333333304,0.035264934072756396,ssp126
-63.75,-2.5833333333333304,0.03630749353872292,ssp126
-63.583333333333336,-2.5833333333333304,0.038817662751641065,ssp126
-63.41666666666667,-2.5833333333333304,0.04356837840137441,ssp126
-63.25,-2.5833333333333304,0.04282977120482574,ssp126
-63.083333333333336,-2.5833333333333304,0.03971193144557377,ssp126
-62.91666666666667,-2.5833333333333304,0.03964949794848202,ssp126
-62.75,-2.5833333333333304,0.04067867353727467,ssp126
-62.583333333333336,-2.5833333333333304,0.045934218760859194,ssp126
-62.41666666666667,-2.5833333333333304,0.04802698765429662,ssp126
-62.25,-2.5833333333333304,0.049242142208313314,ssp126
-62.083333333333336,-2.5833333333333304,0.06373835457160307,ssp126
-61.91666666666667,-2.5833333333333304,0.07207570192879115,ssp126
-61.75,-2.5833333333333304,0.07720132800424856,ssp126
-61.583333333333336,-2.5833333333333304,0.08988739459996388,ssp126
-61.41666666666667,-2.5833333333333304,0.11670691769575164,ssp126
-61.25,-2.5833333333333304,0.1494928330910594,ssp126
-61.083333333333336,-2.5833333333333304,0.19143255191080344,ssp126
-60.91666666666667,-2.5833333333333304,0.21461841079641514,ssp126
-60.75,-2.5833333333333304,0.1850930103061829,ssp126
-60.583333333333336,-2.5833333333333304,0.20151244873286012,ssp126
-60.41666666666667,-2.5833333333333304,0.20133942832836818,ssp126
-60.25,-2.5833333333333304,0.2165786792163141,ssp126
-60.083333333333336,-2.5833333333333304,0.19634936535379321,ssp126
-59.91666666666667,-2.5833333333333304,0.18164952901441608,ssp126
-59.75,-2.5833333333333304,0.190734810580755,ssp126
-59.583333333333336,-2.5833333333333304,0.1819389093194779,ssp126
-59.41666666666667,-2.5833333333333304,0.2050258707817735,ssp126
-59.25,-2.5833333333333304,0.1983242828837128,ssp126
-59.083333333333336,-2.5833333333333304,0.1915759813679679,ssp126
-58.91666666666667,-2.5833333333333304,0.180862754549595,ssp126
-58.75,-2.5833333333333304,0.19913945288926727,ssp126
-58.583333333333336,-2.5833333333333304,0.21200467066276973,ssp126
-58.41666666666667,-2.5833333333333304,0.21265106488606889,ssp126
-58.25,-2.5833333333333304,0.23157009440441817,ssp126
-58.083333333333336,-2.5833333333333304,0.232711376694726,ssp126
-57.91666666666667,-2.5833333333333304,0.17649095921800104,ssp126
-57.75,-2.5833333333333304,0.15657168589102277,ssp126
-57.583333333333336,-2.5833333333333304,0.16977061946694216,ssp126
-57.41666666666667,-2.5833333333333304,0.15384746273366756,ssp126
-57.25,-2.5833333333333304,0.1679960273808271,ssp126
-57.083333333333336,-2.5833333333333304,0.16108812763197997,ssp126
-56.91666666666667,-2.5833333333333304,0.15837549567578332,ssp126
-56.75,-2.5833333333333304,0.1858800548876006,ssp126
-56.583333333333336,-2.5833333333333304,0.2925892177412774,ssp126
-56.41666666666667,-2.5833333333333304,0.3043411791962647,ssp126
-56.25,-2.5833333333333304,0.27208047182461376,ssp126
-56.083333333333336,-2.5833333333333304,0.25581168241899604,ssp126
-55.91666666666667,-2.5833333333333304,0.2236079775128596,ssp126
-55.75,-2.5833333333333304,0.23828959997332785,ssp126
-55.583333333333336,-2.5833333333333304,0.24093965168748063,ssp126
-55.41666666666667,-2.5833333333333304,0.24070765425182197,ssp126
-55.25,-2.5833333333333304,0.24587505350865296,ssp126
-55.083333333333336,-2.5833333333333304,0.15469737289486213,ssp126
-54.91666666666667,-2.5833333333333304,0.2929216414183116,ssp126
-54.75,-2.5833333333333304,0.24572497447416294,ssp126
-54.583333333333336,-2.5833333333333304,0.2605791965588373,ssp126
-54.41666666666667,-2.5833333333333304,0.2962154605469073,ssp126
-54.25,-2.5833333333333304,0.21388204119066817,ssp126
-54.083333333333336,-2.5833333333333304,0.18621483437775735,ssp126
-53.91666666666667,-2.5833333333333304,0.10510988083176849,ssp126
-53.75,-2.5833333333333304,0.09625890548372457,ssp126
-53.583333333333336,-2.5833333333333304,0.09669382994287937,ssp126
-53.41666666666667,-2.5833333333333304,0.0662653469212578,ssp126
-53.25,-2.5833333333333304,0.07695394229293895,ssp126
-53.083333333333336,-2.5833333333333304,0.08651757358799171,ssp126
-52.91666666666667,-2.5833333333333304,0.10177331984244001,ssp126
-52.75,-2.5833333333333304,0.1066185633218616,ssp126
-52.583333333333336,-2.5833333333333304,0.12341434107749737,ssp126
-52.41666666666667,-2.5833333333333304,0.1397741154196916,ssp126
-52.25,-2.5833333333333304,0.17560126611538374,ssp126
-52.083333333333336,-2.5833333333333304,0.20154752926656327,ssp126
-51.91666666666667,-2.5833333333333304,0.2608131962074464,ssp126
-51.75,-2.5833333333333304,0.27070050796936634,ssp126
-51.583333333333336,-2.5833333333333304,0.2499735404226885,ssp126
-51.41666666666667,-2.5833333333333304,0.2610523187170497,ssp126
-51.25,-2.5833333333333304,0.26049910439157375,ssp126
-51.083333333333336,-2.5833333333333304,0.2590093764899253,ssp126
-50.91666666666667,-2.5833333333333304,0.2596707083358455,ssp126
-50.75,-2.5833333333333304,0.2520930441774194,ssp126
-50.583333333333336,-2.5833333333333304,0.23547224006483386,ssp126
-50.41666666666667,-2.5833333333333304,0.21896859280239045,ssp126
-50.25,-2.5833333333333304,0.2287539255173019,ssp126
-50.083333333333336,-2.5833333333333304,0.2297648972820951,ssp126
-49.91666666666667,-2.5833333333333304,0.2243432144494514,ssp126
-49.75,-2.5833333333333304,0.22802800665859732,ssp126
-49.583333333333336,-2.5833333333333304,0.19664765091071745,ssp126
-49.41666666666667,-2.5833333333333304,0.26132937323084043,ssp126
-49.25,-2.5833333333333304,0.23167096746014534,ssp126
-49.083333333333336,-2.5833333333333304,0.22307458097229776,ssp126
-48.91666666666667,-2.5833333333333304,0.20519319003662984,ssp126
-48.75,-2.5833333333333304,0.19134463809599878,ssp126
-48.583333333333336,-2.5833333333333304,0.18390500564883847,ssp126
-48.41666666666667,-2.5833333333333304,0.1497165704116189,ssp126
-48.25,-2.5833333333333304,0.17959457750919938,ssp126
-48.083333333333336,-2.5833333333333304,0.13843839451470435,ssp126
-47.91666666666667,-2.5833333333333304,0.13829014293330114,ssp126
-47.75,-2.5833333333333304,0.15092732168678144,ssp126
-47.583333333333336,-2.5833333333333304,0.182772856668411,ssp126
-47.41666666666667,-2.5833333333333304,0.16379201678768823,ssp126
-47.25,-2.5833333333333304,0.13240935198365308,ssp126
-47.083333333333336,-2.5833333333333304,0.10991997640876139,ssp126
-46.91666666666667,-2.5833333333333304,0.12063938330337375,ssp126
-46.75,-2.5833333333333304,0.14676288469488985,ssp126
-46.583333333333336,-2.5833333333333304,0.15182661914295467,ssp126
-46.41666666666667,-2.5833333333333304,0.1968779689399536,ssp126
-46.25,-2.5833333333333304,0.19518640819603744,ssp126
-46.083333333333336,-2.5833333333333304,0.2124550583453706,ssp126
-45.91666666666667,-2.5833333333333304,0.268748861001136,ssp126
-45.75,-2.5833333333333304,0.2805303891234001,ssp126
-45.583333333333336,-2.5833333333333304,0.24614651114350122,ssp126
-45.41666666666667,-2.5833333333333304,0.21205622873738733,ssp126
-45.25,-2.5833333333333304,0.16669838973575665,ssp126
-45.083333333333336,-2.5833333333333304,0.05679605951036223,ssp126
-44.91666666666667,-2.5833333333333304,0.058862110721698876,ssp126
-44.75,-2.5833333333333304,0.055129687304791945,ssp126
-44.583333333333336,-2.5833333333333304,0.054494406956979095,ssp126
-44.41666666666667,-2.5833333333333304,0.08314654913971507,ssp126
-44.25,-2.5833333333333304,0.09022511494497779,ssp126
-44.083333333333336,-2.5833333333333304,0.09763190378618718,ssp126
-43.91666666666667,-2.5833333333333304,0.07262452402658705,ssp126
-69.41666666666667,-2.7499999999999964,0.04205467012704111,ssp126
-69.25,-2.7499999999999964,0.03966697303807407,ssp126
-69.08333333333333,-2.7499999999999964,0.038085872493571496,ssp126
-68.91666666666667,-2.7499999999999964,0.039105774673563194,ssp126
-68.75,-2.7499999999999964,0.03615953672090997,ssp126
-68.58333333333333,-2.7499999999999964,0.03623783937335113,ssp126
-68.41666666666667,-2.7499999999999964,0.03618703652772695,ssp126
-68.25,-2.7499999999999964,0.03291474972961289,ssp126
-68.08333333333333,-2.7499999999999964,0.03297972963923575,ssp126
-67.91666666666667,-2.7499999999999964,0.03244347474527197,ssp126
-67.75,-2.7499999999999964,0.04027415462081696,ssp126
-67.58333333333333,-2.7499999999999964,0.03937134293103092,ssp126
-67.41666666666667,-2.7499999999999964,0.03600755486038479,ssp126
-67.25,-2.7499999999999964,0.03616635229168591,ssp126
-67.08333333333333,-2.7499999999999964,0.03404215866084021,ssp126
-66.91666666666667,-2.7499999999999964,0.0365394677973739,ssp126
-66.75,-2.7499999999999964,0.037154711085959524,ssp126
-66.58333333333333,-2.7499999999999964,0.04005774323420005,ssp126
-66.41666666666667,-2.7499999999999964,0.03366979954300017,ssp126
-66.25,-2.7499999999999964,0.033489225330762,ssp126
-66.08333333333333,-2.7499999999999964,0.03556458460521026,ssp126
-65.91666666666667,-2.7499999999999964,0.037208378693995056,ssp126
-65.75,-2.7499999999999964,0.03443875847096666,ssp126
-65.58333333333333,-2.7499999999999964,0.0329123897846583,ssp126
-65.41666666666667,-2.7499999999999964,0.03476455224120595,ssp126
-65.25,-2.7499999999999964,0.036658955559059216,ssp126
-65.08333333333333,-2.7499999999999964,0.041042249876213285,ssp126
-64.91666666666667,-2.7499999999999964,0.04555886925703765,ssp126
-64.75,-2.7499999999999964,0.036594652444946904,ssp126
-64.58333333333333,-2.7499999999999964,0.03416858255376944,ssp126
-64.41666666666667,-2.7499999999999964,0.034921501550509285,ssp126
-64.25,-2.7499999999999964,0.03700135208723869,ssp126
-64.08333333333333,-2.7499999999999964,0.03518735579933818,ssp126
-63.91666666666667,-2.7499999999999964,0.03704034413903661,ssp126
-63.75,-2.7499999999999964,0.03567285419878372,ssp126
-63.583333333333336,-2.7499999999999964,0.04327479255256333,ssp126
-63.41666666666667,-2.7499999999999964,0.04382173892918598,ssp126
-63.25,-2.7499999999999964,0.0445701457040474,ssp126
-63.083333333333336,-2.7499999999999964,0.04610422842063471,ssp126
-62.91666666666667,-2.7499999999999964,0.04101047642867423,ssp126
-62.75,-2.7499999999999964,0.04122449466406819,ssp126
-62.583333333333336,-2.7499999999999964,0.049300344028998286,ssp126
-62.41666666666667,-2.7499999999999964,0.049892761030229875,ssp126
-62.25,-2.7499999999999964,0.04952826162526561,ssp126
-62.083333333333336,-2.7499999999999964,0.05846599188051182,ssp126
-61.91666666666667,-2.7499999999999964,0.07538621412568962,ssp126
-61.75,-2.7499999999999964,0.08542144117752402,ssp126
-61.583333333333336,-2.7499999999999964,0.10123180348862483,ssp126
-61.41666666666667,-2.7499999999999964,0.12295281352230407,ssp126
-61.25,-2.7499999999999964,0.1954974265158134,ssp126
-61.083333333333336,-2.7499999999999964,0.1916860530786311,ssp126
-60.91666666666667,-2.7499999999999964,0.1617080369190227,ssp126
-60.75,-2.7499999999999964,0.16363473021504057,ssp126
-60.583333333333336,-2.7499999999999964,0.21185127249943536,ssp126
-60.41666666666667,-2.7499999999999964,0.22590299242301,ssp126
-60.25,-2.7499999999999964,0.2274086930340572,ssp126
-60.083333333333336,-2.7499999999999964,0.21824127805494267,ssp126
-59.91666666666667,-2.7499999999999964,0.19881511837961652,ssp126
-59.75,-2.7499999999999964,0.1994507080335407,ssp126
-59.583333333333336,-2.7499999999999964,0.2002484436497473,ssp126
-59.41666666666667,-2.7499999999999964,0.19288117241221955,ssp126
-59.25,-2.7499999999999964,0.21444100012261724,ssp126
-59.083333333333336,-2.7499999999999964,0.20531352645311354,ssp126
-58.91666666666667,-2.7499999999999964,0.2124783117301532,ssp126
-58.75,-2.7499999999999964,0.23171102579146502,ssp126
-58.583333333333336,-2.7499999999999964,0.2379617824043051,ssp126
-58.41666666666667,-2.7499999999999964,0.235893728122278,ssp126
-58.25,-2.7499999999999964,0.24445270318419707,ssp126
-58.083333333333336,-2.7499999999999964,0.23802746388612905,ssp126
-57.91666666666667,-2.7499999999999964,0.16358280785866444,ssp126
-57.75,-2.7499999999999964,0.15161191110717298,ssp126
-57.583333333333336,-2.7499999999999964,0.17473264512514508,ssp126
-57.41666666666667,-2.7499999999999964,0.18728137850233825,ssp126
-57.25,-2.7499999999999964,0.16147848059529574,ssp126
-57.083333333333336,-2.7499999999999964,0.17304321955257368,ssp126
-56.91666666666667,-2.7499999999999964,0.17485032490042512,ssp126
-56.75,-2.7499999999999964,0.2777106465454814,ssp126
-56.583333333333336,-2.7499999999999964,0.2803273906603085,ssp126
-56.41666666666667,-2.7499999999999964,0.28728720572988636,ssp126
-56.25,-2.7499999999999964,0.26514869862225054,ssp126
-56.083333333333336,-2.7499999999999964,0.2263481059836431,ssp126
-55.91666666666667,-2.7499999999999964,0.20883146632162244,ssp126
-55.75,-2.7499999999999964,0.23156202008428026,ssp126
-55.583333333333336,-2.7499999999999964,0.2654628038800583,ssp126
-55.41666666666667,-2.7499999999999964,0.19887238539441673,ssp126
-55.25,-2.7499999999999964,0.284111279256284,ssp126
-55.083333333333336,-2.7499999999999964,0.11789713031363297,ssp126
-54.91666666666667,-2.7499999999999964,0.23603171971813214,ssp126
-54.75,-2.7499999999999964,0.23907611392838174,ssp126
-54.583333333333336,-2.7499999999999964,0.21795758154598555,ssp126
-54.41666666666667,-2.7499999999999964,0.23537379880380419,ssp126
-54.25,-2.7499999999999964,0.22957470852544642,ssp126
-54.083333333333336,-2.7499999999999964,0.1259845732778569,ssp126
-53.91666666666667,-2.7499999999999964,0.11912722406726542,ssp126
-53.75,-2.7499999999999964,0.09073978644558088,ssp126
-53.583333333333336,-2.7499999999999964,0.07070309484598167,ssp126
-53.41666666666667,-2.7499999999999964,0.07269990523752737,ssp126
-53.25,-2.7499999999999964,0.07644306861637637,ssp126
-53.083333333333336,-2.7499999999999964,0.08558998013880414,ssp126
-52.91666666666667,-2.7499999999999964,0.09425422036023186,ssp126
-52.75,-2.7499999999999964,0.11577977975295056,ssp126
-52.583333333333336,-2.7499999999999964,0.10587539962413202,ssp126
-52.41666666666667,-2.7499999999999964,0.11502520151656367,ssp126
-52.25,-2.7499999999999964,0.13951940061194232,ssp126
-52.083333333333336,-2.7499999999999964,0.17714377423406522,ssp126
-51.91666666666667,-2.7499999999999964,0.2382948713459249,ssp126
-51.75,-2.7499999999999964,0.2567833971634431,ssp126
-51.583333333333336,-2.7499999999999964,0.24743715196104024,ssp126
-51.41666666666667,-2.7499999999999964,0.25778205978453694,ssp126
-51.25,-2.7499999999999964,0.25195431774536836,ssp126
-51.083333333333336,-2.7499999999999964,0.2566418378245231,ssp126
-50.91666666666667,-2.7499999999999964,0.28825296781001386,ssp126
-50.75,-2.7499999999999964,0.24071625578963868,ssp126
-50.583333333333336,-2.7499999999999964,0.23691002589042262,ssp126
-50.41666666666667,-2.7499999999999964,0.22149860912330735,ssp126
-50.25,-2.7499999999999964,0.2091024611424276,ssp126
-50.083333333333336,-2.7499999999999964,0.2190646372383688,ssp126
-49.91666666666667,-2.7499999999999964,0.21132082898333507,ssp126
-49.75,-2.7499999999999964,0.1932395487019323,ssp126
-49.583333333333336,-2.7499999999999964,0.24918531586270593,ssp126
-49.41666666666667,-2.7499999999999964,0.24086102530952452,ssp126
-49.25,-2.7499999999999964,0.22324575456440066,ssp126
-49.083333333333336,-2.7499999999999964,0.2180488882583482,ssp126
-48.91666666666667,-2.7499999999999964,0.21190396477893086,ssp126
-48.75,-2.7499999999999964,0.1917627078562703,ssp126
-48.583333333333336,-2.7499999999999964,0.18673074625477432,ssp126
-48.41666666666667,-2.7499999999999964,0.18939162195848658,ssp126
-48.25,-2.7499999999999964,0.18484379110194651,ssp126
-48.083333333333336,-2.7499999999999964,0.1759940781907601,ssp126
-47.91666666666667,-2.7499999999999964,0.14049156685362874,ssp126
-47.75,-2.7499999999999964,0.13630140960559287,ssp126
-47.583333333333336,-2.7499999999999964,0.16289190444738363,ssp126
-47.41666666666667,-2.7499999999999964,0.1543317003281511,ssp126
-47.25,-2.7499999999999964,0.1257094448941011,ssp126
-47.083333333333336,-2.7499999999999964,0.10448114459988934,ssp126
-46.91666666666667,-2.7499999999999964,0.12347863647186591,ssp126
-46.75,-2.7499999999999964,0.15053528593988658,ssp126
-46.583333333333336,-2.7499999999999964,0.15769424445385716,ssp126
-46.41666666666667,-2.7499999999999964,0.1721676359360426,ssp126
-46.25,-2.7499999999999964,0.1874343834194695,ssp126
-46.083333333333336,-2.7499999999999964,0.1866951526352394,ssp126
-45.91666666666667,-2.7499999999999964,0.23657210828469968,ssp126
-45.75,-2.7499999999999964,0.2636969755697918,ssp126
-45.583333333333336,-2.7499999999999964,0.2582691881837916,ssp126
-45.41666666666667,-2.7499999999999964,0.22721595698068922,ssp126
-45.25,-2.7499999999999964,0.11748362840039502,ssp126
-45.083333333333336,-2.7499999999999964,0.07683342176217609,ssp126
-44.91666666666667,-2.7499999999999964,0.06634226475560825,ssp126
-44.75,-2.7499999999999964,0.051394281020474046,ssp126
-44.583333333333336,-2.7499999999999964,0.052516273757729014,ssp126
-44.41666666666667,-2.7499999999999964,0.06594338393974261,ssp126
-44.25,-2.7499999999999964,0.07352706631923821,ssp126
-44.083333333333336,-2.7499999999999964,0.09760885602662284,ssp126
-69.58333333333333,-2.9166666666666643,0.04264672767068302,ssp126
-69.41666666666667,-2.9166666666666643,0.044720947946567835,ssp126
-69.25,-2.9166666666666643,0.03881871527115936,ssp126
-69.08333333333333,-2.9166666666666643,0.03768488761394935,ssp126
-68.91666666666667,-2.9166666666666643,0.033282402761612914,ssp126
-68.75,-2.9166666666666643,0.03186951391108234,ssp126
-68.58333333333333,-2.9166666666666643,0.0324373773535007,ssp126
-68.41666666666667,-2.9166666666666643,0.03237340879118243,ssp126
-68.25,-2.9166666666666643,0.03835471764354605,ssp126
-68.08333333333333,-2.9166666666666643,0.034344399425602044,ssp126
-67.91666666666667,-2.9166666666666643,0.03701725979661107,ssp126
-67.75,-2.9166666666666643,0.049957675091678255,ssp126
-67.58333333333333,-2.9166666666666643,0.04411410667295378,ssp126
-67.41666666666667,-2.9166666666666643,0.03872186529822278,ssp126
-67.25,-2.9166666666666643,0.036307015006105565,ssp126
-67.08333333333333,-2.9166666666666643,0.040811860607421466,ssp126
-66.91666666666667,-2.9166666666666643,0.04112794037426902,ssp126
-66.75,-2.9166666666666643,0.03745614961710314,ssp126
-66.58333333333333,-2.9166666666666643,0.036675046595244204,ssp126
-66.41666666666667,-2.9166666666666643,0.03339330003828118,ssp126
-66.25,-2.9166666666666643,0.03424715025043127,ssp126
-66.08333333333333,-2.9166666666666643,0.03584507642951857,ssp126
-65.91666666666667,-2.9166666666666643,0.036069697733495644,ssp126
-65.75,-2.9166666666666643,0.03533871867090162,ssp126
-65.58333333333333,-2.9166666666666643,0.032073928222107646,ssp126
-65.41666666666667,-2.9166666666666643,0.036099175351321275,ssp126
-65.25,-2.9166666666666643,0.03556254431589829,ssp126
-65.08333333333333,-2.9166666666666643,0.040184954330098825,ssp126
-64.91666666666667,-2.9166666666666643,0.044880703364431083,ssp126
-64.75,-2.9166666666666643,0.042090156208624156,ssp126
-64.58333333333333,-2.9166666666666643,0.03688364479131298,ssp126
-64.41666666666667,-2.9166666666666643,0.03706750705712032,ssp126
-64.25,-2.9166666666666643,0.040331089313602346,ssp126
-64.08333333333333,-2.9166666666666643,0.036136830753860254,ssp126
-63.91666666666667,-2.9166666666666643,0.036697291916844246,ssp126
-63.75,-2.9166666666666643,0.03805811353609898,ssp126
-63.583333333333336,-2.9166666666666643,0.038156759953389505,ssp126
-63.41666666666667,-2.9166666666666643,0.04026512206514106,ssp126
-63.25,-2.9166666666666643,0.040452645472530524,ssp126
-63.083333333333336,-2.9166666666666643,0.04144905295952694,ssp126
-62.91666666666667,-2.9166666666666643,0.04569079389989082,ssp126
-62.75,-2.9166666666666643,0.042391708760009576,ssp126
-62.583333333333336,-2.9166666666666643,0.042686306623077326,ssp126
-62.41666666666667,-2.9166666666666643,0.049032807963093006,ssp126
-62.25,-2.9166666666666643,0.05109506087141353,ssp126
-62.083333333333336,-2.9166666666666643,0.058745281016731814,ssp126
-61.91666666666667,-2.9166666666666643,0.06567151606516111,ssp126
-61.75,-2.9166666666666643,0.08251150146627567,ssp126
-61.583333333333336,-2.9166666666666643,0.10262419696102665,ssp126
-61.41666666666667,-2.9166666666666643,0.20287333095705107,ssp126
-61.25,-2.9166666666666643,0.22749141913059545,ssp126
-61.083333333333336,-2.9166666666666643,0.22704393348707044,ssp126
-60.91666666666667,-2.9166666666666643,0.1585495288209284,ssp126
-60.75,-2.9166666666666643,0.18830795983997894,ssp126
-60.583333333333336,-2.9166666666666643,0.16275159041104528,ssp126
-60.41666666666667,-2.9166666666666643,0.2420606185722446,ssp126
-60.25,-2.9166666666666643,0.24020044272493699,ssp126
-60.083333333333336,-2.9166666666666643,0.23802603751345355,ssp126
-59.91666666666667,-2.9166666666666643,0.2163492019571949,ssp126
-59.75,-2.9166666666666643,0.2061174155175034,ssp126
-59.583333333333336,-2.9166666666666643,0.2201856658684576,ssp126
-59.41666666666667,-2.9166666666666643,0.20419861515644858,ssp126
-59.25,-2.9166666666666643,0.19589361046888346,ssp126
-59.083333333333336,-2.9166666666666643,0.21493966303213685,ssp126
-58.91666666666667,-2.9166666666666643,0.22587933605706148,ssp126
-58.75,-2.9166666666666643,0.231736814986876,ssp126
-58.583333333333336,-2.9166666666666643,0.2544498389073302,ssp126
-58.41666666666667,-2.9166666666666643,0.24046761062368546,ssp126
-58.25,-2.9166666666666643,0.123933423821525,ssp126
-58.083333333333336,-2.9166666666666643,0.1742568240476815,ssp126
-57.91666666666667,-2.9166666666666643,0.1811370580044263,ssp126
-57.75,-2.9166666666666643,0.17675079353467193,ssp126
-57.583333333333336,-2.9166666666666643,0.25763686573638556,ssp126
-57.41666666666667,-2.9166666666666643,0.2827118227535093,ssp126
-57.25,-2.9166666666666643,0.22811810814455233,ssp126
-57.083333333333336,-2.9166666666666643,0.2534522844539199,ssp126
-56.91666666666667,-2.9166666666666643,0.24000235312295026,ssp126
-56.75,-2.9166666666666643,0.2665443874111027,ssp126
-56.583333333333336,-2.9166666666666643,0.2922297957592469,ssp126
-56.41666666666667,-2.9166666666666643,0.26916634819109303,ssp126
-56.25,-2.9166666666666643,0.24420109614173194,ssp126
-56.083333333333336,-2.9166666666666643,0.2383780859548985,ssp126
-55.91666666666667,-2.9166666666666643,0.21837970431537804,ssp126
-55.75,-2.9166666666666643,0.2501879989188243,ssp126
-55.583333333333336,-2.9166666666666643,0.2552294978381833,ssp126
-55.41666666666667,-2.9166666666666643,0.18188499993854634,ssp126
-55.25,-2.9166666666666643,0.22858649640848552,ssp126
-55.083333333333336,-2.9166666666666643,0.2789852152090065,ssp126
-54.91666666666667,-2.9166666666666643,0.2537730351440182,ssp126
-54.75,-2.9166666666666643,0.25175261871741716,ssp126
-54.583333333333336,-2.9166666666666643,0.24916565028879498,ssp126
-54.41666666666667,-2.9166666666666643,0.22822137296109737,ssp126
-54.25,-2.9166666666666643,0.20815162433970097,ssp126
-54.083333333333336,-2.9166666666666643,0.10759496049143383,ssp126
-53.91666666666667,-2.9166666666666643,0.08513540345395737,ssp126
-53.75,-2.9166666666666643,0.0955085515721178,ssp126
-53.583333333333336,-2.9166666666666643,0.07752976237223053,ssp126
-53.41666666666667,-2.9166666666666643,0.06921994968504495,ssp126
-53.25,-2.9166666666666643,0.07267377436886459,ssp126
-53.083333333333336,-2.9166666666666643,0.08688645853892449,ssp126
-52.91666666666667,-2.9166666666666643,0.09363939455276103,ssp126
-52.75,-2.9166666666666643,0.11735809578318217,ssp126
-52.583333333333336,-2.9166666666666643,0.11670238704163603,ssp126
-52.41666666666667,-2.9166666666666643,0.10531753217246784,ssp126
-52.25,-2.9166666666666643,0.14892057165985548,ssp126
-52.083333333333336,-2.9166666666666643,0.1818429187368513,ssp126
-51.91666666666667,-2.9166666666666643,0.24421988381746532,ssp126
-51.75,-2.9166666666666643,0.2506385009323051,ssp126
-51.583333333333336,-2.9166666666666643,0.22246005941662655,ssp126
-51.41666666666667,-2.9166666666666643,0.26232531993086033,ssp126
-51.25,-2.9166666666666643,0.2659609907258815,ssp126
-51.083333333333336,-2.9166666666666643,0.2693389380525034,ssp126
-50.91666666666667,-2.9166666666666643,0.2869485217170756,ssp126
-50.75,-2.9166666666666643,0.2602968624818295,ssp126
-50.583333333333336,-2.9166666666666643,0.22182204879656123,ssp126
-50.41666666666667,-2.9166666666666643,0.1990765396184905,ssp126
-50.25,-2.9166666666666643,0.19512111717370764,ssp126
-50.083333333333336,-2.9166666666666643,0.1951308122060214,ssp126
-49.91666666666667,-2.9166666666666643,0.2067587291173392,ssp126
-49.75,-2.9166666666666643,0.22901831411404727,ssp126
-49.583333333333336,-2.9166666666666643,0.23625721840413472,ssp126
-49.41666666666667,-2.9166666666666643,0.23358614036382844,ssp126
-49.25,-2.9166666666666643,0.17981399959790234,ssp126
-49.083333333333336,-2.9166666666666643,0.18643177198222266,ssp126
-48.91666666666667,-2.9166666666666643,0.21654793092190763,ssp126
-48.75,-2.9166666666666643,0.19229599129382566,ssp126
-48.583333333333336,-2.9166666666666643,0.18825537614531074,ssp126
-48.41666666666667,-2.9166666666666643,0.19185021037322914,ssp126
-48.25,-2.9166666666666643,0.1791710591175827,ssp126
-48.083333333333336,-2.9166666666666643,0.1319661093701717,ssp126
-47.91666666666667,-2.9166666666666643,0.17008212166710004,ssp126
-47.75,-2.9166666666666643,0.16052967480024163,ssp126
-47.583333333333336,-2.9166666666666643,0.14409463144433785,ssp126
-47.41666666666667,-2.9166666666666643,0.15067118006803062,ssp126
-47.25,-2.9166666666666643,0.12365832719046878,ssp126
-47.083333333333336,-2.9166666666666643,0.09514828537395112,ssp126
-46.91666666666667,-2.9166666666666643,0.12049713541484025,ssp126
-46.75,-2.9166666666666643,0.14262339401307103,ssp126
-46.583333333333336,-2.9166666666666643,0.1448917781518807,ssp126
-46.41666666666667,-2.9166666666666643,0.15328163908838585,ssp126
-46.25,-2.9166666666666643,0.12434463526435709,ssp126
-46.083333333333336,-2.9166666666666643,0.16709232301620291,ssp126
-45.91666666666667,-2.9166666666666643,0.21420152777849064,ssp126
-45.75,-2.9166666666666643,0.22369483549881863,ssp126
-45.583333333333336,-2.9166666666666643,0.21301930843153966,ssp126
-45.41666666666667,-2.9166666666666643,0.19352676588090217,ssp126
-45.25,-2.9166666666666643,0.15235572406495387,ssp126
-45.083333333333336,-2.9166666666666643,0.11772401346070226,ssp126
-44.91666666666667,-2.9166666666666643,0.09279322054978922,ssp126
-44.75,-2.9166666666666643,0.04942291974935347,ssp126
-44.583333333333336,-2.9166666666666643,0.07850032168025643,ssp126
-44.41666666666667,-2.9166666666666643,0.05700104184565092,ssp126
-44.25,-2.9166666666666643,0.10936090751318883,ssp126
-44.083333333333336,-2.9166666666666643,0.11833470961360486,ssp126
-69.58333333333333,-3.0833333333333304,0.04480146213280624,ssp126
-69.41666666666667,-3.0833333333333304,0.04299237491121063,ssp126
-69.25,-3.0833333333333304,0.039102585021124854,ssp126
-69.08333333333333,-3.0833333333333304,0.033984600316048975,ssp126
-68.91666666666667,-3.0833333333333304,0.03183984634202161,ssp126
-68.75,-3.0833333333333304,0.03145649690768541,ssp126
-68.58333333333333,-3.0833333333333304,0.03198291470263271,ssp126
-68.41666666666667,-3.0833333333333304,0.03214012083949364,ssp126
-68.25,-3.0833333333333304,0.03384747047268555,ssp126
-68.08333333333333,-3.0833333333333304,0.036014647742723206,ssp126
-67.91666666666667,-3.0833333333333304,0.06441827349415064,ssp126
-67.75,-3.0833333333333304,0.05095430635527004,ssp126
-67.58333333333333,-3.0833333333333304,0.04340468452781298,ssp126
-67.41666666666667,-3.0833333333333304,0.03966075937561497,ssp126
-67.25,-3.0833333333333304,0.036982396351865295,ssp126
-67.08333333333333,-3.0833333333333304,0.040230256434976346,ssp126
-66.91666666666667,-3.0833333333333304,0.03847892422225611,ssp126
-66.75,-3.0833333333333304,0.03948293026769944,ssp126
-66.58333333333333,-3.0833333333333304,0.03374806356755974,ssp126
-66.41666666666667,-3.0833333333333304,0.033099404102929754,ssp126
-66.25,-3.0833333333333304,0.03280259341916479,ssp126
-66.08333333333333,-3.0833333333333304,0.03366368625555865,ssp126
-65.91666666666667,-3.0833333333333304,0.03730795419748425,ssp126
-65.75,-3.0833333333333304,0.03467534548117851,ssp126
-65.58333333333333,-3.0833333333333304,0.04083470701357083,ssp126
-65.41666666666667,-3.0833333333333304,0.03184805725350118,ssp126
-65.25,-3.0833333333333304,0.032303174428253784,ssp126
-65.08333333333333,-3.0833333333333304,0.034167054733890034,ssp126
-64.91666666666667,-3.0833333333333304,0.03445303099223769,ssp126
-64.75,-3.0833333333333304,0.039048041305731016,ssp126
-64.58333333333333,-3.0833333333333304,0.040884269061870974,ssp126
-64.41666666666667,-3.0833333333333304,0.044533991093504616,ssp126
-64.25,-3.0833333333333304,0.0490819065413004,ssp126
-64.08333333333333,-3.0833333333333304,0.05395691011373404,ssp126
-63.91666666666667,-3.0833333333333304,0.03913789426518869,ssp126
-63.75,-3.0833333333333304,0.04460069175237718,ssp126
-63.583333333333336,-3.0833333333333304,0.041769763456143326,ssp126
-63.41666666666667,-3.0833333333333304,0.04535788303849169,ssp126
-63.25,-3.0833333333333304,0.043897534768783254,ssp126
-63.083333333333336,-3.0833333333333304,0.04529963302984909,ssp126
-62.91666666666667,-3.0833333333333304,0.046314553674880216,ssp126
-62.75,-3.0833333333333304,0.046574496539359224,ssp126
-62.583333333333336,-3.0833333333333304,0.04818813494708155,ssp126
-62.41666666666667,-3.0833333333333304,0.05045565628564942,ssp126
-62.25,-3.0833333333333304,0.051788061581214545,ssp126
-62.083333333333336,-3.0833333333333304,0.05596696488736317,ssp126
-61.91666666666667,-3.0833333333333304,0.06237512003391056,ssp126
-61.75,-3.0833333333333304,0.07521759997267599,ssp126
-61.583333333333336,-3.0833333333333304,0.17188595618296656,ssp126
-61.41666666666667,-3.0833333333333304,0.1397994673127466,ssp126
-61.25,-3.0833333333333304,0.1523466120170203,ssp126
-61.083333333333336,-3.0833333333333304,0.17509563441348358,ssp126
-60.91666666666667,-3.0833333333333304,0.1902307541273389,ssp126
-60.75,-3.0833333333333304,0.19235648256120624,ssp126
-60.583333333333336,-3.0833333333333304,0.20314533059049023,ssp126
-60.41666666666667,-3.0833333333333304,0.22230232692323348,ssp126
-60.25,-3.0833333333333304,0.24071762487695822,ssp126
-60.083333333333336,-3.0833333333333304,0.23283917372035057,ssp126
-59.91666666666667,-3.0833333333333304,0.23573157857387733,ssp126
-59.75,-3.0833333333333304,0.2287882113669597,ssp126
-59.583333333333336,-3.0833333333333304,0.2243226811683182,ssp126
-59.41666666666667,-3.0833333333333304,0.22482451093637001,ssp126
-59.25,-3.0833333333333304,0.2185969514485465,ssp126
-59.083333333333336,-3.0833333333333304,0.21896665564509385,ssp126
-58.91666666666667,-3.0833333333333304,0.23696872539934813,ssp126
-58.75,-3.0833333333333304,0.2455332714011696,ssp126
-58.583333333333336,-3.0833333333333304,0.24450539160244325,ssp126
-58.41666666666667,-3.0833333333333304,0.20292896938934146,ssp126
-58.25,-3.0833333333333304,0.17174281556335516,ssp126
-58.083333333333336,-3.0833333333333304,0.22735052049718366,ssp126
-57.91666666666667,-3.0833333333333304,0.16477107136221386,ssp126
-57.75,-3.0833333333333304,0.1901544588659509,ssp126
-57.583333333333336,-3.0833333333333304,0.2575082613426236,ssp126
-57.41666666666667,-3.0833333333333304,0.2614448565029325,ssp126
-57.25,-3.0833333333333304,0.2595701263893384,ssp126
-57.083333333333336,-3.0833333333333304,0.2674593879651338,ssp126
-56.91666666666667,-3.0833333333333304,0.2673640787678965,ssp126
-56.75,-3.0833333333333304,0.2734243254484425,ssp126
-56.583333333333336,-3.0833333333333304,0.2773120003508231,ssp126
-56.41666666666667,-3.0833333333333304,0.2657103890558048,ssp126
-56.25,-3.0833333333333304,0.2161555850702108,ssp126
-56.083333333333336,-3.0833333333333304,0.22217184408475749,ssp126
-55.91666666666667,-3.0833333333333304,0.2255588388256866,ssp126
-55.75,-3.0833333333333304,0.23132715395713693,ssp126
-55.583333333333336,-3.0833333333333304,0.22292034674561548,ssp126
-55.41666666666667,-3.0833333333333304,0.1738191357915569,ssp126
-55.25,-3.0833333333333304,0.23786646438704404,ssp126
-55.083333333333336,-3.0833333333333304,0.24160847750976408,ssp126
-54.91666666666667,-3.0833333333333304,0.25627723004534697,ssp126
-54.75,-3.0833333333333304,0.22946338864509683,ssp126
-54.583333333333336,-3.0833333333333304,0.21152150584256074,ssp126
-54.41666666666667,-3.0833333333333304,0.2364803014587241,ssp126
-54.25,-3.0833333333333304,0.1362569296679693,ssp126
-54.083333333333336,-3.0833333333333304,0.07526280675477297,ssp126
-53.91666666666667,-3.0833333333333304,0.0940458961153105,ssp126
-53.75,-3.0833333333333304,0.10687462087725517,ssp126
-53.583333333333336,-3.0833333333333304,0.09120273865469089,ssp126
-53.41666666666667,-3.0833333333333304,0.08781274717765428,ssp126
-53.25,-3.0833333333333304,0.06881580530897778,ssp126
-53.083333333333336,-3.0833333333333304,0.09280085453199172,ssp126
-52.91666666666667,-3.0833333333333304,0.09879408382171169,ssp126
-52.75,-3.0833333333333304,0.1082349615492526,ssp126
-52.583333333333336,-3.0833333333333304,0.12666681122376253,ssp126
-52.41666666666667,-3.0833333333333304,0.09383762335345831,ssp126
-52.25,-3.0833333333333304,0.1247758880165699,ssp126
-52.083333333333336,-3.0833333333333304,0.1472026378840734,ssp126
-51.91666666666667,-3.0833333333333304,0.19477474289743157,ssp126
-51.75,-3.0833333333333304,0.2733122157759493,ssp126
-51.583333333333336,-3.0833333333333304,0.24954145234743078,ssp126
-51.41666666666667,-3.0833333333333304,0.22551098975112757,ssp126
-51.25,-3.0833333333333304,0.27585977183771704,ssp126
-51.083333333333336,-3.0833333333333304,0.29080758478376656,ssp126
-50.91666666666667,-3.0833333333333304,0.2982278265857602,ssp126
-50.75,-3.0833333333333304,0.2682500246962875,ssp126
-50.583333333333336,-3.0833333333333304,0.22456298568852812,ssp126
-50.41666666666667,-3.0833333333333304,0.21774329798675088,ssp126
-50.25,-3.0833333333333304,0.20735354129158776,ssp126
-50.083333333333336,-3.0833333333333304,0.1646613889838804,ssp126
-49.91666666666667,-3.0833333333333304,0.19617272804333036,ssp126
-49.75,-3.0833333333333304,0.16873152720906595,ssp126
-49.583333333333336,-3.0833333333333304,0.23853342068731348,ssp126
-49.41666666666667,-3.0833333333333304,0.2169009263626561,ssp126
-49.25,-3.0833333333333304,0.17587895343300944,ssp126
-49.083333333333336,-3.0833333333333304,0.17496258471284531,ssp126
-48.91666666666667,-3.0833333333333304,0.20541144600922273,ssp126
-48.75,-3.0833333333333304,0.18886285037642875,ssp126
-48.583333333333336,-3.0833333333333304,0.1886003171011398,ssp126
-48.41666666666667,-3.0833333333333304,0.17680275945227353,ssp126
-48.25,-3.0833333333333304,0.1392856512293354,ssp126
-48.083333333333336,-3.0833333333333304,0.16279534279912106,ssp126
-47.91666666666667,-3.0833333333333304,0.15606638333371703,ssp126
-47.75,-3.0833333333333304,0.153059341195385,ssp126
-47.583333333333336,-3.0833333333333304,0.14638846750334347,ssp126
-47.41666666666667,-3.0833333333333304,0.1566467771505597,ssp126
-47.25,-3.0833333333333304,0.11911338848618121,ssp126
-47.083333333333336,-3.0833333333333304,0.08665625029081414,ssp126
-46.91666666666667,-3.0833333333333304,0.0985647492467228,ssp126
-46.75,-3.0833333333333304,0.11552619760292065,ssp126
-46.583333333333336,-3.0833333333333304,0.13998214529856562,ssp126
-46.41666666666667,-3.0833333333333304,0.13109517863030076,ssp126
-46.25,-3.0833333333333304,0.12230826195098911,ssp126
-46.083333333333336,-3.0833333333333304,0.15110461456241409,ssp126
-45.91666666666667,-3.0833333333333304,0.1833961088769548,ssp126
-45.75,-3.0833333333333304,0.17383056175369938,ssp126
-45.583333333333336,-3.0833333333333304,0.16712700879099043,ssp126
-45.41666666666667,-3.0833333333333304,0.18763891851917944,ssp126
-45.25,-3.0833333333333304,0.18656382477430347,ssp126
-45.083333333333336,-3.0833333333333304,0.1634045810111907,ssp126
-44.91666666666667,-3.0833333333333304,0.06908885736777652,ssp126
-44.75,-3.0833333333333304,0.05021736983338619,ssp126
-44.583333333333336,-3.0833333333333304,0.04829988149223842,ssp126
-44.41666666666667,-3.0833333333333304,0.033766022957089,ssp126
-44.25,-3.0833333333333304,0.049229524753475154,ssp126
-44.083333333333336,-3.0833333333333304,0.05439582219629294,ssp126
-69.58333333333333,-3.2499999999999964,0.049853313948741,ssp126
-69.41666666666667,-3.2499999999999964,0.05357628863191208,ssp126
-69.25,-3.2499999999999964,0.05039653530890136,ssp126
-69.08333333333333,-3.2499999999999964,0.04788302099220206,ssp126
-68.91666666666667,-3.2499999999999964,0.039059105159085464,ssp126
-68.75,-3.2499999999999964,0.036690782409164166,ssp126
-68.58333333333333,-3.2499999999999964,0.034003691885818546,ssp126
-68.41666666666667,-3.2499999999999964,0.03334535415566735,ssp126
-68.25,-3.2499999999999964,0.03310803693847682,ssp126
-68.08333333333333,-3.2499999999999964,0.06603162897228583,ssp126
-67.91666666666667,-3.2499999999999964,0.0736971634238277,ssp126
-67.75,-3.2499999999999964,0.06253755682800835,ssp126
-67.58333333333333,-3.2499999999999964,0.044390892100201806,ssp126
-67.41666666666667,-3.2499999999999964,0.04227117405943381,ssp126
-67.25,-3.2499999999999964,0.043059790449874485,ssp126
-67.08333333333333,-3.2499999999999964,0.04014827479990242,ssp126
-66.91666666666667,-3.2499999999999964,0.040356940126208045,ssp126
-66.75,-3.2499999999999964,0.0357893336986635,ssp126
-66.58333333333333,-3.2499999999999964,0.03890949172951866,ssp126
-66.41666666666667,-3.2499999999999964,0.033641428217984826,ssp126
-66.25,-3.2499999999999964,0.03689914303215278,ssp126
-66.08333333333333,-3.2499999999999964,0.04272775166517013,ssp126
-65.91666666666667,-3.2499999999999964,0.03927389602093491,ssp126
-65.75,-3.2499999999999964,0.0383049550061855,ssp126
-65.58333333333333,-3.2499999999999964,0.03876590064289793,ssp126
-65.41666666666667,-3.2499999999999964,0.03454519140417742,ssp126
-65.25,-3.2499999999999964,0.03387670624114402,ssp126
-65.08333333333333,-3.2499999999999964,0.0347354214647827,ssp126
-64.91666666666667,-3.2499999999999964,0.03754480612414562,ssp126
-64.75,-3.2499999999999964,0.04478974901003711,ssp126
-64.58333333333333,-3.2499999999999964,0.04609618929612051,ssp126
-64.41666666666667,-3.2499999999999964,0.05500681720755881,ssp126
-64.25,-3.2499999999999964,0.05819220189031283,ssp126
-64.08333333333333,-3.2499999999999964,0.06786562465803567,ssp126
-63.91666666666667,-3.2499999999999964,0.04375498009364912,ssp126
-63.75,-3.2499999999999964,0.045195465037717264,ssp126
-63.583333333333336,-3.2499999999999964,0.04700679441355068,ssp126
-63.41666666666667,-3.2499999999999964,0.04876117686466788,ssp126
-63.25,-3.2499999999999964,0.04720340757693752,ssp126
-63.083333333333336,-3.2499999999999964,0.04996860216044889,ssp126
-62.91666666666667,-3.2499999999999964,0.049355033284666575,ssp126
-62.75,-3.2499999999999964,0.054263834937497535,ssp126
-62.583333333333336,-3.2499999999999964,0.051795037680455326,ssp126
-62.41666666666667,-3.2499999999999964,0.051557081543316445,ssp126
-62.25,-3.2499999999999964,0.05349154189336336,ssp126
-62.083333333333336,-3.2499999999999964,0.051965567781908965,ssp126
-61.91666666666667,-3.2499999999999964,0.058273456739128746,ssp126
-61.75,-3.2499999999999964,0.0713887078516985,ssp126
-61.583333333333336,-3.2499999999999964,0.08485742985242672,ssp126
-61.41666666666667,-3.2499999999999964,0.18780199204445241,ssp126
-61.25,-3.2499999999999964,0.14662926632908208,ssp126
-61.083333333333336,-3.2499999999999964,0.15147968845207738,ssp126
-60.91666666666667,-3.2499999999999964,0.17945877533123833,ssp126
-60.75,-3.2499999999999964,0.191349398489417,ssp126
-60.583333333333336,-3.2499999999999964,0.21721042410312422,ssp126
-60.41666666666667,-3.2499999999999964,0.22439093187520753,ssp126
-60.25,-3.2499999999999964,0.2290991633605897,ssp126
-60.083333333333336,-3.2499999999999964,0.2319597843225745,ssp126
-59.91666666666667,-3.2499999999999964,0.18424434894048286,ssp126
-59.75,-3.2499999999999964,0.21182982660271277,ssp126
-59.583333333333336,-3.2499999999999964,0.2098711342177548,ssp126
-59.41666666666667,-3.2499999999999964,0.16643534523893266,ssp126
-59.25,-3.2499999999999964,0.1463328535177926,ssp126
-59.083333333333336,-3.2499999999999964,0.1472036247745548,ssp126
-58.91666666666667,-3.2499999999999964,0.23621142744405924,ssp126
-58.75,-3.2499999999999964,0.21445685101184828,ssp126
-58.583333333333336,-3.2499999999999964,0.1725391814099165,ssp126
-58.41666666666667,-3.2499999999999964,0.1158760539712496,ssp126
-58.25,-3.2499999999999964,0.21729489168368155,ssp126
-58.083333333333336,-3.2499999999999964,0.21889935437818028,ssp126
-57.91666666666667,-3.2499999999999964,0.17108705668323199,ssp126
-57.75,-3.2499999999999964,0.20413177900595822,ssp126
-57.583333333333336,-3.2499999999999964,0.22858161476968594,ssp126
-57.41666666666667,-3.2499999999999964,0.24411677632923667,ssp126
-57.25,-3.2499999999999964,0.24993130363036295,ssp126
-57.083333333333336,-3.2499999999999964,0.26292939467838977,ssp126
-56.91666666666667,-3.2499999999999964,0.2682031595218986,ssp126
-56.75,-3.2499999999999964,0.2682972885567385,ssp126
-56.583333333333336,-3.2499999999999964,0.2688047826496834,ssp126
-56.41666666666667,-3.2499999999999964,0.2467374370054021,ssp126
-56.25,-3.2499999999999964,0.22765152739946234,ssp126
-56.083333333333336,-3.2499999999999964,0.20022572651550907,ssp126
-55.91666666666667,-3.2499999999999964,0.24670987548465906,ssp126
-55.75,-3.2499999999999964,0.24461828726407978,ssp126
-55.583333333333336,-3.2499999999999964,0.2096531522590888,ssp126
-55.41666666666667,-3.2499999999999964,0.1893881805040057,ssp126
-55.25,-3.2499999999999964,0.20378027624090572,ssp126
-55.083333333333336,-3.2499999999999964,0.21826662557637885,ssp126
-54.91666666666667,-3.2499999999999964,0.18284965621124583,ssp126
-54.75,-3.2499999999999964,0.21248857426325482,ssp126
-54.583333333333336,-3.2499999999999964,0.14582543075822826,ssp126
-54.41666666666667,-3.2499999999999964,0.18301467321625342,ssp126
-54.25,-3.2499999999999964,0.13806914309971535,ssp126
-54.083333333333336,-3.2499999999999964,0.12163538128202718,ssp126
-53.91666666666667,-3.2499999999999964,0.12525223512898914,ssp126
-53.75,-3.2499999999999964,0.08372605253528276,ssp126
-53.583333333333336,-3.2499999999999964,0.09888695528356654,ssp126
-53.41666666666667,-3.2499999999999964,0.10554952827848901,ssp126
-53.25,-3.2499999999999964,0.06982285181427669,ssp126
-53.083333333333336,-3.2499999999999964,0.09886198116098285,ssp126
-52.91666666666667,-3.2499999999999964,0.12846954825885626,ssp126
-52.75,-3.2499999999999964,0.13162573374889486,ssp126
-52.583333333333336,-3.2499999999999964,0.12855776606645258,ssp126
-52.41666666666667,-3.2499999999999964,0.10171328553223014,ssp126
-52.25,-3.2499999999999964,0.11583011080471887,ssp126
-52.083333333333336,-3.2499999999999964,0.14205309578018413,ssp126
-51.91666666666667,-3.2499999999999964,0.1642948419306624,ssp126
-51.75,-3.2499999999999964,0.23025190752958238,ssp126
-51.583333333333336,-3.2499999999999964,0.2992457506166386,ssp126
-51.41666666666667,-3.2499999999999964,0.23371490547437251,ssp126
-51.25,-3.2499999999999964,0.27566894466481806,ssp126
-51.083333333333336,-3.2499999999999964,0.27239276845289856,ssp126
-50.91666666666667,-3.2499999999999964,0.3039456733300424,ssp126
-50.75,-3.2499999999999964,0.2681655471852889,ssp126
-50.583333333333336,-3.2499999999999964,0.20848705875648815,ssp126
-50.41666666666667,-3.2499999999999964,0.21122814025559108,ssp126
-50.25,-3.2499999999999964,0.21381979539391016,ssp126
-50.083333333333336,-3.2499999999999964,0.1957868898189069,ssp126
-49.91666666666667,-3.2499999999999964,0.21068902939871473,ssp126
-49.75,-3.2499999999999964,0.22063956319090453,ssp126
-49.583333333333336,-3.2499999999999964,0.2526980039274227,ssp126
-49.41666666666667,-3.2499999999999964,0.21308014241008136,ssp126
-49.25,-3.2499999999999964,0.1749241893890274,ssp126
-49.083333333333336,-3.2499999999999964,0.17779022417268905,ssp126
-48.91666666666667,-3.2499999999999964,0.19741787840653463,ssp126
-48.75,-3.2499999999999964,0.17931087212523983,ssp126
-48.583333333333336,-3.2499999999999964,0.19022184419603722,ssp126
-48.41666666666667,-3.2499999999999964,0.1941052990428639,ssp126
-48.25,-3.2499999999999964,0.1354754865009842,ssp126
-48.083333333333336,-3.2499999999999964,0.16068580842806046,ssp126
-47.91666666666667,-3.2499999999999964,0.13073003397653618,ssp126
-47.75,-3.2499999999999964,0.13098217515387625,ssp126
-47.583333333333336,-3.2499999999999964,0.13192580102861504,ssp126
-47.41666666666667,-3.2499999999999964,0.12048450988849936,ssp126
-47.25,-3.2499999999999964,0.084618335900849,ssp126
-47.083333333333336,-3.2499999999999964,0.09199158516948307,ssp126
-46.91666666666667,-3.2499999999999964,0.11145687246228354,ssp126
-46.75,-3.2499999999999964,0.10090624016552445,ssp126
-46.583333333333336,-3.2499999999999964,0.13462096040720045,ssp126
-46.41666666666667,-3.2499999999999964,0.10496838923259807,ssp126
-46.25,-3.2499999999999964,0.14011360326712657,ssp126
-46.083333333333336,-3.2499999999999964,0.1466424653672142,ssp126
-45.91666666666667,-3.2499999999999964,0.14517169046030268,ssp126
-45.75,-3.2499999999999964,0.14101520036809592,ssp126
-45.583333333333336,-3.2499999999999964,0.15244293055194338,ssp126
-45.41666666666667,-3.2499999999999964,0.15846841113186572,ssp126
-45.25,-3.2499999999999964,0.1283671916550016,ssp126
-45.083333333333336,-3.2499999999999964,0.08443389180403402,ssp126
-44.91666666666667,-3.2499999999999964,0.06517082221477916,ssp126
-44.75,-3.2499999999999964,0.05193818869666255,ssp126
-44.583333333333336,-3.2499999999999964,0.03759189674788162,ssp126
-44.41666666666667,-3.2499999999999964,0.049555832610031395,ssp126
-44.25,-3.2499999999999964,0.0491864339231162,ssp126
-44.083333333333336,-3.2499999999999964,0.06571155448623017,ssp126
-69.58333333333333,-3.4166666666666643,0.06694284950363973,ssp126
-69.41666666666667,-3.4166666666666643,0.08178571352460752,ssp126
-69.25,-3.4166666666666643,0.07659965386161684,ssp126
-69.08333333333333,-3.4166666666666643,0.06661854202122194,ssp126
-68.91666666666667,-3.4166666666666643,0.08197253090520455,ssp126
-68.75,-3.4166666666666643,0.041446253122554386,ssp126
-68.58333333333333,-3.4166666666666643,0.052935998008531174,ssp126
-68.41666666666667,-3.4166666666666643,0.05007871740947481,ssp126
-68.25,-3.4166666666666643,0.051836035360222105,ssp126
-68.08333333333333,-3.4166666666666643,0.07044283112407904,ssp126
-67.91666666666667,-3.4166666666666643,0.06625763077156292,ssp126
-67.75,-3.4166666666666643,0.05998176152933177,ssp126
-67.58333333333333,-3.4166666666666643,0.044097488494351154,ssp126
-67.41666666666667,-3.4166666666666643,0.04043311287380736,ssp126
-67.25,-3.4166666666666643,0.042239651055862526,ssp126
-67.08333333333333,-3.4166666666666643,0.042268915965310495,ssp126
-66.91666666666667,-3.4166666666666643,0.04427419573759959,ssp126
-66.75,-3.4166666666666643,0.04985580565325791,ssp126
-66.58333333333333,-3.4166666666666643,0.03870237646640372,ssp126
-66.41666666666667,-3.4166666666666643,0.03962286214937568,ssp126
-66.25,-3.4166666666666643,0.03963700741644969,ssp126
-66.08333333333333,-3.4166666666666643,0.04570122529350296,ssp126
-65.91666666666667,-3.4166666666666643,0.04224016900759232,ssp126
-65.75,-3.4166666666666643,0.03663052692000122,ssp126
-65.58333333333333,-3.4166666666666643,0.03708972556679396,ssp126
-65.41666666666667,-3.4166666666666643,0.03563586559973691,ssp126
-65.25,-3.4166666666666643,0.03658665530634043,ssp126
-65.08333333333333,-3.4166666666666643,0.04015530728960099,ssp126
-64.91666666666667,-3.4166666666666643,0.046916810476688685,ssp126
-64.75,-3.4166666666666643,0.05063176531974015,ssp126
-64.58333333333333,-3.4166666666666643,0.055521569947302264,ssp126
-64.41666666666667,-3.4166666666666643,0.061495543507475894,ssp126
-64.25,-3.4166666666666643,0.07608330383305427,ssp126
-64.08333333333333,-3.4166666666666643,0.07306476827270124,ssp126
-63.91666666666667,-3.4166666666666643,0.04768467196865783,ssp126
-63.75,-3.4166666666666643,0.04925898680459583,ssp126
-63.583333333333336,-3.4166666666666643,0.05306534277872616,ssp126
-63.41666666666667,-3.4166666666666643,0.056771936732252,ssp126
-63.25,-3.4166666666666643,0.05317717837967254,ssp126
-63.083333333333336,-3.4166666666666643,0.049597786984655994,ssp126
-62.91666666666667,-3.4166666666666643,0.04875745870501113,ssp126
-62.75,-3.4166666666666643,0.06330555150068976,ssp126
-62.583333333333336,-3.4166666666666643,0.05560725406123243,ssp126
-62.41666666666667,-3.4166666666666643,0.05507651976096801,ssp126
-62.25,-3.4166666666666643,0.05546792785502211,ssp126
-62.083333333333336,-3.4166666666666643,0.053297829344333324,ssp126
-61.91666666666667,-3.4166666666666643,0.05913614959844577,ssp126
-61.75,-3.4166666666666643,0.06671271946715039,ssp126
-61.583333333333336,-3.4166666666666643,0.08075836099086652,ssp126
-61.41666666666667,-3.4166666666666643,0.19887148028542795,ssp126
-61.25,-3.4166666666666643,0.13455009798894088,ssp126
-61.083333333333336,-3.4166666666666643,0.11259205980703625,ssp126
-60.91666666666667,-3.4166666666666643,0.125152617695547,ssp126
-60.75,-3.4166666666666643,0.17601715992883682,ssp126
-60.583333333333336,-3.4166666666666643,0.19039911963275252,ssp126
-60.41666666666667,-3.4166666666666643,0.1950600078138932,ssp126
-60.25,-3.4166666666666643,0.18744976389285523,ssp126
-60.083333333333336,-3.4166666666666643,0.202643991153488,ssp126
-59.91666666666667,-3.4166666666666643,0.2550050191643931,ssp126
-59.75,-3.4166666666666643,0.2461865217231868,ssp126
-59.583333333333336,-3.4166666666666643,0.20542495650229287,ssp126
-59.41666666666667,-3.4166666666666643,0.19708773681555272,ssp126
-59.25,-3.4166666666666643,0.19501380261383935,ssp126
-59.083333333333336,-3.4166666666666643,0.15578544134745775,ssp126
-58.91666666666667,-3.4166666666666643,0.1641203744649223,ssp126
-58.75,-3.4166666666666643,0.18277890517486192,ssp126
-58.583333333333336,-3.4166666666666643,0.19117842581664846,ssp126
-58.41666666666667,-3.4166666666666643,0.21927443436341365,ssp126
-58.25,-3.4166666666666643,0.2386236106023258,ssp126
-58.083333333333336,-3.4166666666666643,0.1690970329014389,ssp126
-57.91666666666667,-3.4166666666666643,0.14116466192628319,ssp126
-57.75,-3.4166666666666643,0.18302241230654173,ssp126
-57.583333333333336,-3.4166666666666643,0.19747941458175652,ssp126
-57.41666666666667,-3.4166666666666643,0.23381419573645393,ssp126
-57.25,-3.4166666666666643,0.24711775126661736,ssp126
-57.083333333333336,-3.4166666666666643,0.26248161042108986,ssp126
-56.91666666666667,-3.4166666666666643,0.2680046631800984,ssp126
-56.75,-3.4166666666666643,0.2704184546661194,ssp126
-56.583333333333336,-3.4166666666666643,0.2633988191266742,ssp126
-56.41666666666667,-3.4166666666666643,0.24906751920789924,ssp126
-56.25,-3.4166666666666643,0.241063005449496,ssp126
-56.083333333333336,-3.4166666666666643,0.23157423021723708,ssp126
-55.91666666666667,-3.4166666666666643,0.22949784974904747,ssp126
-55.75,-3.4166666666666643,0.2226021011900845,ssp126
-55.583333333333336,-3.4166666666666643,0.16539604772478358,ssp126
-55.41666666666667,-3.4166666666666643,0.20307868932155673,ssp126
-55.25,-3.4166666666666643,0.25658421401954423,ssp126
-55.083333333333336,-3.4166666666666643,0.19921557306038462,ssp126
-54.91666666666667,-3.4166666666666643,0.1435371910302171,ssp126
-54.75,-3.4166666666666643,0.15595481323013463,ssp126
-54.583333333333336,-3.4166666666666643,0.12692280785898571,ssp126
-54.41666666666667,-3.4166666666666643,0.16262709694585992,ssp126
-54.25,-3.4166666666666643,0.14318879883562052,ssp126
-54.083333333333336,-3.4166666666666643,0.1325550600520545,ssp126
-53.91666666666667,-3.4166666666666643,0.1202910267161707,ssp126
-53.75,-3.4166666666666643,0.09209218878291123,ssp126
-53.583333333333336,-3.4166666666666643,0.1149205189305457,ssp126
-53.41666666666667,-3.4166666666666643,0.12997881598487268,ssp126
-53.25,-3.4166666666666643,0.09685181487513718,ssp126
-53.083333333333336,-3.4166666666666643,0.10069829266212603,ssp126
-52.91666666666667,-3.4166666666666643,0.14227966505732167,ssp126
-52.75,-3.4166666666666643,0.12086219316463259,ssp126
-52.583333333333336,-3.4166666666666643,0.08097374083026676,ssp126
-52.41666666666667,-3.4166666666666643,0.11568490751016852,ssp126
-52.25,-3.4166666666666643,0.14898261253816322,ssp126
-52.083333333333336,-3.4166666666666643,0.1567559497744883,ssp126
-51.91666666666667,-3.4166666666666643,0.2197213510917365,ssp126
-51.75,-3.4166666666666643,0.22786015504875015,ssp126
-51.583333333333336,-3.4166666666666643,0.26855255309969084,ssp126
-51.41666666666667,-3.4166666666666643,0.20717497545034258,ssp126
-51.25,-3.4166666666666643,0.22473393336866151,ssp126
-51.083333333333336,-3.4166666666666643,0.2635065546992917,ssp126
-50.91666666666667,-3.4166666666666643,0.26907348614447224,ssp126
-50.75,-3.4166666666666643,0.23896596328820224,ssp126
-50.583333333333336,-3.4166666666666643,0.23260382405472946,ssp126
-50.41666666666667,-3.4166666666666643,0.18876635769730574,ssp126
-50.25,-3.4166666666666643,0.19775685491637277,ssp126
-50.083333333333336,-3.4166666666666643,0.19250072528041978,ssp126
-49.91666666666667,-3.4166666666666643,0.2068341326226543,ssp126
-49.75,-3.4166666666666643,0.2011508666863859,ssp126
-49.583333333333336,-3.4166666666666643,0.2447217280164811,ssp126
-49.41666666666667,-3.4166666666666643,0.20211039643152112,ssp126
-49.25,-3.4166666666666643,0.16066413097948332,ssp126
-49.083333333333336,-3.4166666666666643,0.1784108617892005,ssp126
-48.91666666666667,-3.4166666666666643,0.19604051597902508,ssp126
-48.75,-3.4166666666666643,0.18294514021003191,ssp126
-48.583333333333336,-3.4166666666666643,0.1792777108548845,ssp126
-48.41666666666667,-3.4166666666666643,0.2043764380633355,ssp126
-48.25,-3.4166666666666643,0.1726576657710661,ssp126
-48.083333333333336,-3.4166666666666643,0.15058235211429466,ssp126
-47.91666666666667,-3.4166666666666643,0.12540009288611095,ssp126
-47.75,-3.4166666666666643,0.10975964264254691,ssp126
-47.583333333333336,-3.4166666666666643,0.10710784829269078,ssp126
-47.41666666666667,-3.4166666666666643,0.09176167084431643,ssp126
-47.25,-3.4166666666666643,0.12121952437629328,ssp126
-47.083333333333336,-3.4166666666666643,0.10167224739055598,ssp126
-46.91666666666667,-3.4166666666666643,0.11151438231603095,ssp126
-46.75,-3.4166666666666643,0.11263767155013034,ssp126
-46.583333333333336,-3.4166666666666643,0.0773691166217559,ssp126
-46.41666666666667,-3.4166666666666643,0.10805591351562382,ssp126
-46.25,-3.4166666666666643,0.12431537381391214,ssp126
-46.083333333333336,-3.4166666666666643,0.13604722198080216,ssp126
-45.91666666666667,-3.4166666666666643,0.14022862766357752,ssp126
-45.75,-3.4166666666666643,0.14274240406984912,ssp126
-45.583333333333336,-3.4166666666666643,0.14146470204498243,ssp126
-45.41666666666667,-3.4166666666666643,0.15179269128771708,ssp126
-45.25,-3.4166666666666643,0.10924943931366123,ssp126
-45.083333333333336,-3.4166666666666643,0.08205505446202739,ssp126
-44.91666666666667,-3.4166666666666643,0.039466157597210554,ssp126
-44.75,-3.4166666666666643,0.03791301414757724,ssp126
-69.58333333333333,-3.5833333333333304,0.08869859550396623,ssp126
-69.41666666666667,-3.5833333333333304,0.1123583268644787,ssp126
-69.25,-3.5833333333333304,0.1195478062431013,ssp126
-69.08333333333333,-3.5833333333333304,0.09699237970827915,ssp126
-68.91666666666667,-3.5833333333333304,0.0945694507686061,ssp126
-68.75,-3.5833333333333304,0.07778251185585994,ssp126
-68.58333333333333,-3.5833333333333304,0.04041971379978654,ssp126
-68.41666666666667,-3.5833333333333304,0.05070582426922047,ssp126
-68.25,-3.5833333333333304,0.047315815754105754,ssp126
-68.08333333333333,-3.5833333333333304,0.0473388986338752,ssp126
-67.91666666666667,-3.5833333333333304,0.05883609741787741,ssp126
-67.75,-3.5833333333333304,0.04525934424408705,ssp126
-67.58333333333333,-3.5833333333333304,0.04715532812645895,ssp126
-67.41666666666667,-3.5833333333333304,0.05217317044451723,ssp126
-67.25,-3.5833333333333304,0.049854022032090314,ssp126
-67.08333333333333,-3.5833333333333304,0.04723915025819531,ssp126
-66.91666666666667,-3.5833333333333304,0.04740351564985853,ssp126
-66.75,-3.5833333333333304,0.04604845049782917,ssp126
-66.58333333333333,-3.5833333333333304,0.04345642127887911,ssp126
-66.41666666666667,-3.5833333333333304,0.045596961613425545,ssp126
-66.25,-3.5833333333333304,0.044576162360002065,ssp126
-66.08333333333333,-3.5833333333333304,0.04845374670684276,ssp126
-65.91666666666667,-3.5833333333333304,0.04805048042645975,ssp126
-65.75,-3.5833333333333304,0.04405815880334492,ssp126
-65.58333333333333,-3.5833333333333304,0.04106527094207143,ssp126
-65.41666666666667,-3.5833333333333304,0.04142472451452657,ssp126
-65.25,-3.5833333333333304,0.04514888270829617,ssp126
-65.08333333333333,-3.5833333333333304,0.04846698602857269,ssp126
-64.91666666666667,-3.5833333333333304,0.06908353071171713,ssp126
-64.75,-3.5833333333333304,0.06658591895563533,ssp126
-64.58333333333333,-3.5833333333333304,0.05919174782705729,ssp126
-64.41666666666667,-3.5833333333333304,0.07296645085996024,ssp126
-64.25,-3.5833333333333304,0.07427493131068856,ssp126
-64.08333333333333,-3.5833333333333304,0.06772182043660321,ssp126
-63.91666666666667,-3.5833333333333304,0.05321823326315714,ssp126
-63.75,-3.5833333333333304,0.055308346865174746,ssp126
-63.583333333333336,-3.5833333333333304,0.05589524141712343,ssp126
-63.41666666666667,-3.5833333333333304,0.0553157262262027,ssp126
-63.25,-3.5833333333333304,0.05973833986093128,ssp126
-63.083333333333336,-3.5833333333333304,0.06127216262929971,ssp126
-62.91666666666667,-3.5833333333333304,0.05575807035687172,ssp126
-62.75,-3.5833333333333304,0.06715199667229958,ssp126
-62.583333333333336,-3.5833333333333304,0.0754997657465521,ssp126
-62.41666666666667,-3.5833333333333304,0.06102762428156788,ssp126
-62.25,-3.5833333333333304,0.05430066005948889,ssp126
-62.083333333333336,-3.5833333333333304,0.05341552740587009,ssp126
-61.91666666666667,-3.5833333333333304,0.05534436666246934,ssp126
-61.75,-3.5833333333333304,0.060427314765908534,ssp126
-61.583333333333336,-3.5833333333333304,0.14840360872911162,ssp126
-61.41666666666667,-3.5833333333333304,0.11854471178031983,ssp126
-61.25,-3.5833333333333304,0.11716998245536782,ssp126
-61.083333333333336,-3.5833333333333304,0.13311151303769253,ssp126
-60.91666666666667,-3.5833333333333304,0.16801782867301515,ssp126
-60.75,-3.5833333333333304,0.2002864343706236,ssp126
-60.583333333333336,-3.5833333333333304,0.20460310055742995,ssp126
-60.41666666666667,-3.5833333333333304,0.21684322253277719,ssp126
-60.25,-3.5833333333333304,0.2394976701301213,ssp126
-60.083333333333336,-3.5833333333333304,0.24402259912430704,ssp126
-59.91666666666667,-3.5833333333333304,0.2459009093563287,ssp126
-59.75,-3.5833333333333304,0.2232809503400394,ssp126
-59.583333333333336,-3.5833333333333304,0.21422848818911058,ssp126
-59.41666666666667,-3.5833333333333304,0.20972971632871346,ssp126
-59.25,-3.5833333333333304,0.19522648344100524,ssp126
-59.083333333333336,-3.5833333333333304,0.1996371653300591,ssp126
-58.91666666666667,-3.5833333333333304,0.21278153328179497,ssp126
-58.75,-3.5833333333333304,0.2452000437413495,ssp126
-58.583333333333336,-3.5833333333333304,0.2498477093830985,ssp126
-58.41666666666667,-3.5833333333333304,0.20117396180153935,ssp126
-58.25,-3.5833333333333304,0.23127129084957937,ssp126
-58.083333333333336,-3.5833333333333304,0.18236349901729312,ssp126
-57.91666666666667,-3.5833333333333304,0.20647964796971044,ssp126
-57.75,-3.5833333333333304,0.19612885809665978,ssp126
-57.583333333333336,-3.5833333333333304,0.20939208940964602,ssp126
-57.41666666666667,-3.5833333333333304,0.22488708372135616,ssp126
-57.25,-3.5833333333333304,0.24991253954023365,ssp126
-57.083333333333336,-3.5833333333333304,0.2558139506403775,ssp126
-56.91666666666667,-3.5833333333333304,0.26217458404842175,ssp126
-56.75,-3.5833333333333304,0.259999980793701,ssp126
-56.583333333333336,-3.5833333333333304,0.24377675665201878,ssp126
-56.41666666666667,-3.5833333333333304,0.22927319549928332,ssp126
-56.25,-3.5833333333333304,0.2339284973604733,ssp126
-56.083333333333336,-3.5833333333333304,0.20848110356377897,ssp126
-55.91666666666667,-3.5833333333333304,0.20651494320655134,ssp126
-55.75,-3.5833333333333304,0.197181362543588,ssp126
-55.583333333333336,-3.5833333333333304,0.17705273074630584,ssp126
-55.41666666666667,-3.5833333333333304,0.21210861353966523,ssp126
-55.25,-3.5833333333333304,0.24120250993663636,ssp126
-55.083333333333336,-3.5833333333333304,0.19640404396186187,ssp126
-54.91666666666667,-3.5833333333333304,0.13782862054833844,ssp126
-54.75,-3.5833333333333304,0.12640932254471127,ssp126
-54.583333333333336,-3.5833333333333304,0.12759433226428948,ssp126
-54.41666666666667,-3.5833333333333304,0.15483712729743673,ssp126
-54.25,-3.5833333333333304,0.13590496158838455,ssp126
-54.083333333333336,-3.5833333333333304,0.11090284887150582,ssp126
-53.91666666666667,-3.5833333333333304,0.09447545082941454,ssp126
-53.75,-3.5833333333333304,0.07069089639200887,ssp126
-53.583333333333336,-3.5833333333333304,0.13855173663228632,ssp126
-53.41666666666667,-3.5833333333333304,0.14585530886162565,ssp126
-53.25,-3.5833333333333304,0.10004031926685604,ssp126
-53.083333333333336,-3.5833333333333304,0.08506635877278182,ssp126
-52.91666666666667,-3.5833333333333304,0.08581965471490778,ssp126
-52.75,-3.5833333333333304,0.0713099815868729,ssp126
-52.583333333333336,-3.5833333333333304,0.1298767301650916,ssp126
-52.41666666666667,-3.5833333333333304,0.14961282214683205,ssp126
-52.25,-3.5833333333333304,0.17925645086459013,ssp126
-52.083333333333336,-3.5833333333333304,0.20093973420252353,ssp126
-51.91666666666667,-3.5833333333333304,0.2418375349091959,ssp126
-51.75,-3.5833333333333304,0.24038325997912893,ssp126
-51.583333333333336,-3.5833333333333304,0.2427920066258225,ssp126
-51.41666666666667,-3.5833333333333304,0.16993788573431912,ssp126
-51.25,-3.5833333333333304,0.19712684437465883,ssp126
-51.083333333333336,-3.5833333333333304,0.23047177498735225,ssp126
-50.91666666666667,-3.5833333333333304,0.18298841334272326,ssp126
-50.75,-3.5833333333333304,0.1809707167698491,ssp126
-50.583333333333336,-3.5833333333333304,0.20196447448470328,ssp126
-50.41666666666667,-3.5833333333333304,0.19866357468608437,ssp126
-50.25,-3.5833333333333304,0.17927949321273817,ssp126
-50.083333333333336,-3.5833333333333304,0.18929209986064197,ssp126
-49.91666666666667,-3.5833333333333304,0.22727593755450082,ssp126
-49.75,-3.5833333333333304,0.153558575312171,ssp126
-49.583333333333336,-3.5833333333333304,0.18567219655244313,ssp126
-49.41666666666667,-3.5833333333333304,0.21052448771631818,ssp126
-49.25,-3.5833333333333304,0.2017747762020562,ssp126
-49.083333333333336,-3.5833333333333304,0.16330191077714015,ssp126
-48.91666666666667,-3.5833333333333304,0.19685365156512158,ssp126
-48.75,-3.5833333333333304,0.16579718827031686,ssp126
-48.583333333333336,-3.5833333333333304,0.14873523555290996,ssp126
-48.41666666666667,-3.5833333333333304,0.13236685894078856,ssp126
-48.25,-3.5833333333333304,0.12391049481730829,ssp126
-48.083333333333336,-3.5833333333333304,0.0800684463834552,ssp126
-47.91666666666667,-3.5833333333333304,0.10053886965386111,ssp126
-47.75,-3.5833333333333304,0.09748436528428918,ssp126
-47.583333333333336,-3.5833333333333304,0.07395789760860122,ssp126
-47.41666666666667,-3.5833333333333304,0.09359131853354244,ssp126
-47.25,-3.5833333333333304,0.09960991056911885,ssp126
-47.083333333333336,-3.5833333333333304,0.07984158393701213,ssp126
-46.91666666666667,-3.5833333333333304,0.10250194800569835,ssp126
-46.75,-3.5833333333333304,0.08986741032031488,ssp126
-46.583333333333336,-3.5833333333333304,0.07207871630382069,ssp126
-46.41666666666667,-3.5833333333333304,0.10413045533489217,ssp126
-46.25,-3.5833333333333304,0.12049671849003181,ssp126
-46.083333333333336,-3.5833333333333304,0.12673643576709573,ssp126
-45.91666666666667,-3.5833333333333304,0.12031474312692846,ssp126
-45.75,-3.5833333333333304,0.12418279349339065,ssp126
-45.583333333333336,-3.5833333333333304,0.13226810560591964,ssp126
-45.41666666666667,-3.5833333333333304,0.12418548814263729,ssp126
-45.25,-3.5833333333333304,0.10398885944913121,ssp126
-45.083333333333336,-3.5833333333333304,0.05892221648866505,ssp126
-44.91666666666667,-3.5833333333333304,0.04440490529430857,ssp126
-44.75,-3.5833333333333304,0.037657105020585495,ssp126
-69.75,-3.7499999999999964,0.06034033268950524,ssp126
-69.58333333333333,-3.7499999999999964,0.08844813088386,ssp126
-69.41666666666667,-3.7499999999999964,0.10688953663348293,ssp126
-69.25,-3.7499999999999964,0.11556404396811748,ssp126
-69.08333333333333,-3.7499999999999964,0.09185057892647877,ssp126
-68.91666666666667,-3.7499999999999964,0.09625779641630058,ssp126
-68.75,-3.7499999999999964,0.07365222519229173,ssp126
-68.58333333333333,-3.7499999999999964,0.05778079893882235,ssp126
-68.41666666666667,-3.7499999999999964,0.05725377393677449,ssp126
-68.25,-3.7499999999999964,0.05309551264555261,ssp126
-68.08333333333333,-3.7499999999999964,0.052679101590591366,ssp126
-67.91666666666667,-3.7499999999999964,0.054261130023021874,ssp126
-67.75,-3.7499999999999964,0.05693531617913111,ssp126
-67.58333333333333,-3.7499999999999964,0.059572262573340216,ssp126
-67.41666666666667,-3.7499999999999964,0.06486044506160818,ssp126
-67.25,-3.7499999999999964,0.057463763728288174,ssp126
-67.08333333333333,-3.7499999999999964,0.05100589772920547,ssp126
-66.91666666666667,-3.7499999999999964,0.0529882969025523,ssp126
-66.75,-3.7499999999999964,0.04649058741595849,ssp126
-66.58333333333333,-3.7499999999999964,0.048101741419830146,ssp126
-66.41666666666667,-3.7499999999999964,0.048660862291719384,ssp126
-66.25,-3.7499999999999964,0.056429832782743286,ssp126
-66.08333333333333,-3.7499999999999964,0.05325636786498636,ssp126
-65.91666666666667,-3.7499999999999964,0.05131384187951273,ssp126
-65.75,-3.7499999999999964,0.04901265866695568,ssp126
-65.58333333333333,-3.7499999999999964,0.04902775692988767,ssp126
-65.41666666666667,-3.7499999999999964,0.04984777037674281,ssp126
-65.25,-3.7499999999999964,0.05211567769732319,ssp126
-65.08333333333333,-3.7499999999999964,0.05953181374975767,ssp126
-64.91666666666667,-3.7499999999999964,0.07199256659090157,ssp126
-64.75,-3.7499999999999964,0.07764582177770082,ssp126
-64.58333333333333,-3.7499999999999964,0.06421054013772234,ssp126
-64.41666666666667,-3.7499999999999964,0.06505850120576472,ssp126
-64.25,-3.7499999999999964,0.07132085871120439,ssp126
-64.08333333333333,-3.7499999999999964,0.0798093556049774,ssp126
-63.91666666666667,-3.7499999999999964,0.05851843464745553,ssp126
-63.75,-3.7499999999999964,0.06275420674818727,ssp126
-63.583333333333336,-3.7499999999999964,0.08755358429969588,ssp126
-63.41666666666667,-3.7499999999999964,0.059920926938823,ssp126
-63.25,-3.7499999999999964,0.05278457199943988,ssp126
-63.083333333333336,-3.7499999999999964,0.051497276006510655,ssp126
-62.91666666666667,-3.7499999999999964,0.06430128634130686,ssp126
-62.75,-3.7499999999999964,0.04691284867277966,ssp126
-62.583333333333336,-3.7499999999999964,0.06667590985691689,ssp126
-62.41666666666667,-3.7499999999999964,0.07347531279673387,ssp126
-62.25,-3.7499999999999964,0.07292932389010856,ssp126
-62.083333333333336,-3.7499999999999964,0.05511694530284884,ssp126
-61.91666666666667,-3.7499999999999964,0.0521694721892321,ssp126
-61.75,-3.7499999999999964,0.060929607797003654,ssp126
-61.583333333333336,-3.7499999999999964,0.1021883372074717,ssp126
-61.41666666666667,-3.7499999999999964,0.10865024442098907,ssp126
-61.25,-3.7499999999999964,0.125588744101424,ssp126
-61.083333333333336,-3.7499999999999964,0.1490364025368494,ssp126
-60.91666666666667,-3.7499999999999964,0.1335743516259543,ssp126
-60.75,-3.7499999999999964,0.14450272731208258,ssp126
-60.583333333333336,-3.7499999999999964,0.16196926447818996,ssp126
-60.41666666666667,-3.7499999999999964,0.21429903158212923,ssp126
-60.25,-3.7499999999999964,0.22418891599583693,ssp126
-60.083333333333336,-3.7499999999999964,0.24459614940003982,ssp126
-59.91666666666667,-3.7499999999999964,0.19697999930092966,ssp126
-59.75,-3.7499999999999964,0.20710179808285914,ssp126
-59.583333333333336,-3.7499999999999964,0.19893691217821904,ssp126
-59.41666666666667,-3.7499999999999964,0.19662119438277786,ssp126
-59.25,-3.7499999999999964,0.19749509311492316,ssp126
-59.083333333333336,-3.7499999999999964,0.193177909127895,ssp126
-58.91666666666667,-3.7499999999999964,0.22605877140204678,ssp126
-58.75,-3.7499999999999964,0.23126407011121827,ssp126
-58.583333333333336,-3.7499999999999964,0.22099457672711093,ssp126
-58.41666666666667,-3.7499999999999964,0.22050305394201886,ssp126
-58.25,-3.7499999999999964,0.2318890938982119,ssp126
-58.083333333333336,-3.7499999999999964,0.18641404493278174,ssp126
-57.91666666666667,-3.7499999999999964,0.21856281496720162,ssp126
-57.75,-3.7499999999999964,0.21657041749085781,ssp126
-57.583333333333336,-3.7499999999999964,0.22000280127973232,ssp126
-57.41666666666667,-3.7499999999999964,0.2443887339973909,ssp126
-57.25,-3.7499999999999964,0.2597840837975263,ssp126
-57.083333333333336,-3.7499999999999964,0.2630002660913368,ssp126
-56.91666666666667,-3.7499999999999964,0.25125554886686186,ssp126
-56.75,-3.7499999999999964,0.24778095608893563,ssp126
-56.583333333333336,-3.7499999999999964,0.22687641972065917,ssp126
-56.41666666666667,-3.7499999999999964,0.17850966696585932,ssp126
-56.25,-3.7499999999999964,0.21415717062774223,ssp126
-56.083333333333336,-3.7499999999999964,0.19537715910159786,ssp126
-55.91666666666667,-3.7499999999999964,0.15007074343035187,ssp126
-55.75,-3.7499999999999964,0.16260368197126662,ssp126
-55.583333333333336,-3.7499999999999964,0.19253355467720382,ssp126
-55.41666666666667,-3.7499999999999964,0.2201778606553654,ssp126
-55.25,-3.7499999999999964,0.23043315160314518,ssp126
-55.083333333333336,-3.7499999999999964,0.17279253469893066,ssp126
-54.91666666666667,-3.7499999999999964,0.13306888664568403,ssp126
-54.75,-3.7499999999999964,0.11557050255826667,ssp126
-54.583333333333336,-3.7499999999999964,0.12026835412408293,ssp126
-54.41666666666667,-3.7499999999999964,0.14287028632253798,ssp126
-54.25,-3.7499999999999964,0.13417003442628023,ssp126
-54.083333333333336,-3.7499999999999964,0.09692830634525308,ssp126
-53.91666666666667,-3.7499999999999964,0.06703919577761805,ssp126
-53.75,-3.7499999999999964,0.11242144180708674,ssp126
-53.583333333333336,-3.7499999999999964,0.10423707736912383,ssp126
-53.41666666666667,-3.7499999999999964,0.11916638646913223,ssp126
-53.25,-3.7499999999999964,0.09128028437702476,ssp126
-53.083333333333336,-3.7499999999999964,0.08741153940103082,ssp126
-52.91666666666667,-3.7499999999999964,0.10935950123666945,ssp126
-52.75,-3.7499999999999964,0.1102627843917026,ssp126
-52.583333333333336,-3.7499999999999964,0.1306438601407287,ssp126
-52.41666666666667,-3.7499999999999964,0.1919559944881742,ssp126
-52.25,-3.7499999999999964,0.20172927232176335,ssp126
-52.083333333333336,-3.7499999999999964,0.23532686650294074,ssp126
-51.91666666666667,-3.7499999999999964,0.2701845845092874,ssp126
-51.75,-3.7499999999999964,0.2505392735832819,ssp126
-51.583333333333336,-3.7499999999999964,0.2365979269952491,ssp126
-51.41666666666667,-3.7499999999999964,0.13516046304712165,ssp126
-51.25,-3.7499999999999964,0.16233898663037669,ssp126
-51.083333333333336,-3.7499999999999964,0.19985608056062376,ssp126
-50.91666666666667,-3.7499999999999964,0.16443008737042622,ssp126
-50.75,-3.7499999999999964,0.16243764369619995,ssp126
-50.583333333333336,-3.7499999999999964,0.14433797182972935,ssp126
-50.41666666666667,-3.7499999999999964,0.17213643831646752,ssp126
-50.25,-3.7499999999999964,0.1552359738312796,ssp126
-50.083333333333336,-3.7499999999999964,0.20952029351236995,ssp126
-49.91666666666667,-3.7499999999999964,0.20731367834403322,ssp126
-49.75,-3.7499999999999964,0.13503305938244445,ssp126
-49.583333333333336,-3.7499999999999964,0.17802822159348078,ssp126
-49.41666666666667,-3.7499999999999964,0.18632874827158777,ssp126
-49.25,-3.7499999999999964,0.16951710885002627,ssp126
-49.083333333333336,-3.7499999999999964,0.13337775264261897,ssp126
-48.91666666666667,-3.7499999999999964,0.19020807692945704,ssp126
-48.75,-3.7499999999999964,0.16516052729545128,ssp126
-48.583333333333336,-3.7499999999999964,0.14496921015284175,ssp126
-48.41666666666667,-3.7499999999999964,0.11737428503636949,ssp126
-48.25,-3.7499999999999964,0.10543518435455683,ssp126
-48.083333333333336,-3.7499999999999964,0.09523035256290566,ssp126
-47.91666666666667,-3.7499999999999964,0.10477155983536202,ssp126
-47.75,-3.7499999999999964,0.09802722968463005,ssp126
-47.583333333333336,-3.7499999999999964,0.07428722989360236,ssp126
-47.41666666666667,-3.7499999999999964,0.09090193789011605,ssp126
-47.25,-3.7499999999999964,0.08519683782741294,ssp126
-47.083333333333336,-3.7499999999999964,0.0928842950720533,ssp126
-46.91666666666667,-3.7499999999999964,0.08751809084106761,ssp126
-46.75,-3.7499999999999964,0.0637621636673155,ssp126
-46.583333333333336,-3.7499999999999964,0.06835339161571305,ssp126
-46.41666666666667,-3.7499999999999964,0.08268316615692081,ssp126
-46.25,-3.7499999999999964,0.10849677954539781,ssp126
-46.083333333333336,-3.7499999999999964,0.11080057241221827,ssp126
-45.91666666666667,-3.7499999999999964,0.10807256520390433,ssp126
-45.75,-3.7499999999999964,0.10666283908160046,ssp126
-45.583333333333336,-3.7499999999999964,0.11198339602341446,ssp126
-45.41666666666667,-3.7499999999999964,0.12448528141059359,ssp126
-45.25,-3.7499999999999964,0.06712537945183597,ssp126
-45.083333333333336,-3.7499999999999964,0.05001446429107996,ssp126
-44.91666666666667,-3.7499999999999964,0.03548461642070513,ssp126
-44.75,-3.7499999999999964,0.03073348796354634,ssp126
-69.75,-3.9166666666666643,0.06129584815327882,ssp126
-69.58333333333333,-3.9166666666666643,0.08304218941305125,ssp126
-69.41666666666667,-3.9166666666666643,0.09474752877090538,ssp126
-69.25,-3.9166666666666643,0.11464618822511241,ssp126
-69.08333333333333,-3.9166666666666643,0.08814638887373877,ssp126
-68.91666666666667,-3.9166666666666643,0.0982216131597176,ssp126
-68.75,-3.9166666666666643,0.0790367971840803,ssp126
-68.58333333333333,-3.9166666666666643,0.06099182169926092,ssp126
-68.41666666666667,-3.9166666666666643,0.06582326683705156,ssp126
-68.25,-3.9166666666666643,0.0636256933457779,ssp126
-68.08333333333333,-3.9166666666666643,0.05964270484206766,ssp126
-67.91666666666667,-3.9166666666666643,0.06209889699308666,ssp126
-67.75,-3.9166666666666643,0.06783920326724681,ssp126
-67.58333333333333,-3.9166666666666643,0.06355503305955024,ssp126
-67.41666666666667,-3.9166666666666643,0.0716294124206964,ssp126
-67.25,-3.9166666666666643,0.06668176752264306,ssp126
-67.08333333333333,-3.9166666666666643,0.05880874176551664,ssp126
-66.91666666666667,-3.9166666666666643,0.05801821696255077,ssp126
-66.75,-3.9166666666666643,0.050311991280332126,ssp126
-66.58333333333333,-3.9166666666666643,0.054621847577490716,ssp126
-66.41666666666667,-3.9166666666666643,0.0560210183257242,ssp126
-66.25,-3.9166666666666643,0.06124632959989847,ssp126
-66.08333333333333,-3.9166666666666643,0.06302077860925276,ssp126
-65.91666666666667,-3.9166666666666643,0.060397769968785715,ssp126
-65.75,-3.9166666666666643,0.055250457894761934,ssp126
-65.58333333333333,-3.9166666666666643,0.0562229213685386,ssp126
-65.41666666666667,-3.9166666666666643,0.05450530168388131,ssp126
-65.25,-3.9166666666666643,0.06462412411892433,ssp126
-65.08333333333333,-3.9166666666666643,0.06575522739363872,ssp126
-64.91666666666667,-3.9166666666666643,0.0798661708303076,ssp126
-64.75,-3.9166666666666643,0.0816042127817457,ssp126
-64.58333333333333,-3.9166666666666643,0.08172866726322724,ssp126
-64.41666666666667,-3.9166666666666643,0.06397437944804771,ssp126
-64.25,-3.9166666666666643,0.0698429513414642,ssp126
-64.08333333333333,-3.9166666666666643,0.0721662051301835,ssp126
-63.91666666666667,-3.9166666666666643,0.06140629264978313,ssp126
-63.75,-3.9166666666666643,0.06159492550079007,ssp126
-63.583333333333336,-3.9166666666666643,0.055985372264979696,ssp126
-63.41666666666667,-3.9166666666666643,0.05944486057903265,ssp126
-63.25,-3.9166666666666643,0.060575149999251884,ssp126
-63.083333333333336,-3.9166666666666643,0.060603121423722844,ssp126
-62.91666666666667,-3.9166666666666643,0.06655870062724813,ssp126
-62.75,-3.9166666666666643,0.05260674032368963,ssp126
-62.583333333333336,-3.9166666666666643,0.06030561107983578,ssp126
-62.41666666666667,-3.9166666666666643,0.057473340809828535,ssp126
-62.25,-3.9166666666666643,0.06871861142652658,ssp126
-62.083333333333336,-3.9166666666666643,0.0745092343592624,ssp126
-61.91666666666667,-3.9166666666666643,0.08019182719606538,ssp126
-61.75,-3.9166666666666643,0.07587125467287141,ssp126
-61.583333333333336,-3.9166666666666643,0.10264816729593682,ssp126
-61.41666666666667,-3.9166666666666643,0.11526979461777377,ssp126
-61.25,-3.9166666666666643,0.11454436504863605,ssp126
-61.083333333333336,-3.9166666666666643,0.0970398897948094,ssp126
-60.91666666666667,-3.9166666666666643,0.11511946188036848,ssp126
-60.75,-3.9166666666666643,0.13700537996797044,ssp126
-60.583333333333336,-3.9166666666666643,0.15378910820483704,ssp126
-60.41666666666667,-3.9166666666666643,0.16948264786489364,ssp126
-60.25,-3.9166666666666643,0.2159498567210347,ssp126
-60.083333333333336,-3.9166666666666643,0.17853114679963938,ssp126
-59.91666666666667,-3.9166666666666643,0.1916862027029673,ssp126
-59.75,-3.9166666666666643,0.19046069846126717,ssp126
-59.583333333333336,-3.9166666666666643,0.23644296998311942,ssp126
-59.41666666666667,-3.9166666666666643,0.19103049403852765,ssp126
-59.25,-3.9166666666666643,0.19479675956823084,ssp126
-59.083333333333336,-3.9166666666666643,0.19441670205718617,ssp126
-58.91666666666667,-3.9166666666666643,0.2229405509282694,ssp126
-58.75,-3.9166666666666643,0.21832916016088644,ssp126
-58.583333333333336,-3.9166666666666643,0.22207814552312188,ssp126
-58.41666666666667,-3.9166666666666643,0.23082799449417707,ssp126
-58.25,-3.9166666666666643,0.22775944248581265,ssp126
-58.083333333333336,-3.9166666666666643,0.18929418218438773,ssp126
-57.91666666666667,-3.9166666666666643,0.22634431623874468,ssp126
-57.75,-3.9166666666666643,0.22545498475619938,ssp126
-57.583333333333336,-3.9166666666666643,0.23387987879084626,ssp126
-57.41666666666667,-3.9166666666666643,0.25149671901921794,ssp126
-57.25,-3.9166666666666643,0.2500296182544244,ssp126
-57.083333333333336,-3.9166666666666643,0.24371771795476863,ssp126
-56.91666666666667,-3.9166666666666643,0.23091609665791857,ssp126
-56.75,-3.9166666666666643,0.2162982021395655,ssp126
-56.583333333333336,-3.9166666666666643,0.21293114755886955,ssp126
-56.41666666666667,-3.9166666666666643,0.19646124614813887,ssp126
-56.25,-3.9166666666666643,0.18581426141345261,ssp126
-56.083333333333336,-3.9166666666666643,0.15659619745807876,ssp126
-55.91666666666667,-3.9166666666666643,0.14971830429070476,ssp126
-55.75,-3.9166666666666643,0.16174259186932896,ssp126
-55.583333333333336,-3.9166666666666643,0.20270001584580383,ssp126
-55.41666666666667,-3.9166666666666643,0.21547221142390094,ssp126
-55.25,-3.9166666666666643,0.23257283604397758,ssp126
-55.083333333333336,-3.9166666666666643,0.18261253709214229,ssp126
-54.91666666666667,-3.9166666666666643,0.1568984629280901,ssp126
-54.75,-3.9166666666666643,0.11971990023704591,ssp126
-54.583333333333336,-3.9166666666666643,0.1582543016241435,ssp126
-54.41666666666667,-3.9166666666666643,0.16491311535825465,ssp126
-54.25,-3.9166666666666643,0.17510069861067012,ssp126
-54.083333333333336,-3.9166666666666643,0.1147450125102337,ssp126
-53.91666666666667,-3.9166666666666643,0.07243247642532878,ssp126
-53.75,-3.9166666666666643,0.11219938317001625,ssp126
-53.583333333333336,-3.9166666666666643,0.09037831224299964,ssp126
-53.41666666666667,-3.9166666666666643,0.09514506222888262,ssp126
-53.25,-3.9166666666666643,0.08652689992751221,ssp126
-53.083333333333336,-3.9166666666666643,0.09311144744547765,ssp126
-52.91666666666667,-3.9166666666666643,0.10112537938851017,ssp126
-52.75,-3.9166666666666643,0.10661509350956068,ssp126
-52.583333333333336,-3.9166666666666643,0.1499012013071145,ssp126
-52.41666666666667,-3.9166666666666643,0.15812489183698586,ssp126
-52.25,-3.9166666666666643,0.18097394559166285,ssp126
-52.083333333333336,-3.9166666666666643,0.2171169099273491,ssp126
-51.91666666666667,-3.9166666666666643,0.23562218918582964,ssp126
-51.75,-3.9166666666666643,0.23990270790550927,ssp126
-51.583333333333336,-3.9166666666666643,0.19823937296932664,ssp126
-51.41666666666667,-3.9166666666666643,0.15601492335563832,ssp126
-51.25,-3.9166666666666643,0.18794840851321187,ssp126
-51.083333333333336,-3.9166666666666643,0.17803401333837895,ssp126
-50.91666666666667,-3.9166666666666643,0.14554673108524604,ssp126
-50.75,-3.9166666666666643,0.1549566246798702,ssp126
-50.583333333333336,-3.9166666666666643,0.13569953994845604,ssp126
-50.41666666666667,-3.9166666666666643,0.1363936303746085,ssp126
-50.25,-3.9166666666666643,0.17269323128216607,ssp126
-50.083333333333336,-3.9166666666666643,0.1503493547628808,ssp126
-49.91666666666667,-3.9166666666666643,0.10568866823907143,ssp126
-49.75,-3.9166666666666643,0.12288299316428261,ssp126
-49.583333333333336,-3.9166666666666643,0.1329500741953916,ssp126
-49.41666666666667,-3.9166666666666643,0.1621825495323001,ssp126
-49.25,-3.9166666666666643,0.1681428836533187,ssp126
-49.083333333333336,-3.9166666666666643,0.14269842783124287,ssp126
-48.91666666666667,-3.9166666666666643,0.17203199806485925,ssp126
-48.75,-3.9166666666666643,0.14322479241324684,ssp126
-48.583333333333336,-3.9166666666666643,0.13076045462949482,ssp126
-48.41666666666667,-3.9166666666666643,0.13188196780531497,ssp126
-48.25,-3.9166666666666643,0.11662081415518928,ssp126
-48.083333333333336,-3.9166666666666643,0.11660918461680396,ssp126
-47.91666666666667,-3.9166666666666643,0.10721074740329875,ssp126
-47.75,-3.9166666666666643,0.09447450569148688,ssp126
-47.583333333333336,-3.9166666666666643,0.07122097243829856,ssp126
-47.41666666666667,-3.9166666666666643,0.06654406281390035,ssp126
-47.25,-3.9166666666666643,0.06667202456454144,ssp126
-47.083333333333336,-3.9166666666666643,0.09005911240554307,ssp126
-46.91666666666667,-3.9166666666666643,0.06653010350126244,ssp126
-46.75,-3.9166666666666643,0.04280613667198176,ssp126
-46.583333333333336,-3.9166666666666643,0.045861202511759826,ssp126
-46.41666666666667,-3.9166666666666643,0.06652128493183966,ssp126
-46.25,-3.9166666666666643,0.0885106927816242,ssp126
-46.083333333333336,-3.9166666666666643,0.08439470366394317,ssp126
-45.91666666666667,-3.9166666666666643,0.09232236516626612,ssp126
-45.75,-3.9166666666666643,0.09351920181510247,ssp126
-45.583333333333336,-3.9166666666666643,0.0492098060905233,ssp126
-45.41666666666667,-3.9166666666666643,0.0441537328076933,ssp126
-45.25,-3.9166666666666643,0.04203065748913903,ssp126
-45.083333333333336,-3.9166666666666643,0.04346983496812544,ssp126
-44.91666666666667,-3.9166666666666643,0.03032299232373902,ssp126
-44.75,-3.9166666666666643,0.03716325009134315,ssp126
-69.75,-4.08333333333333,0.06643811647195755,ssp126
-69.58333333333333,-4.08333333333333,0.08284044615581553,ssp126
-69.41666666666667,-4.08333333333333,0.11300821552730668,ssp126
-69.25,-4.08333333333333,0.10470961076619377,ssp126
-69.08333333333333,-4.08333333333333,0.10209784597928209,ssp126
-68.91666666666667,-4.08333333333333,0.09456167781227415,ssp126
-68.75,-4.08333333333333,0.08276017482678835,ssp126
-68.58333333333333,-4.08333333333333,0.0684801045980196,ssp126
-68.41666666666667,-4.08333333333333,0.06924488633771836,ssp126
-68.25,-4.08333333333333,0.0670726328522589,ssp126
-68.08333333333333,-4.08333333333333,0.06734090931598201,ssp126
-67.91666666666667,-4.08333333333333,0.07415209775558641,ssp126
-67.75,-4.08333333333333,0.07046167657307435,ssp126
-67.58333333333333,-4.08333333333333,0.06700816893266773,ssp126
-67.41666666666667,-4.08333333333333,0.0858997451348749,ssp126
-67.25,-4.08333333333333,0.07601414073284884,ssp126
-67.08333333333333,-4.08333333333333,0.07333020402754457,ssp126
-66.91666666666667,-4.08333333333333,0.06876837595689023,ssp126
-66.75,-4.08333333333333,0.06783231008066574,ssp126
-66.58333333333333,-4.08333333333333,0.0667080992603966,ssp126
-66.41666666666667,-4.08333333333333,0.06042725551690052,ssp126
-66.25,-4.08333333333333,0.07573463347031671,ssp126
-66.08333333333333,-4.08333333333333,0.07409859101506396,ssp126
-65.91666666666667,-4.08333333333333,0.0717986416098673,ssp126
-65.75,-4.08333333333333,0.062433922012376145,ssp126
-65.58333333333333,-4.08333333333333,0.06354736571043813,ssp126
-65.41666666666667,-4.08333333333333,0.06269101040544323,ssp126
-65.25,-4.08333333333333,0.06693202323886921,ssp126
-65.08333333333333,-4.08333333333333,0.08513832475509905,ssp126
-64.91666666666667,-4.08333333333333,0.08271631742955968,ssp126
-64.75,-4.08333333333333,0.06494026736003708,ssp126
-64.58333333333333,-4.08333333333333,0.06780096726813001,ssp126
-64.41666666666667,-4.08333333333333,0.07068615054627451,ssp126
-64.25,-4.08333333333333,0.07312458628072466,ssp126
-64.08333333333333,-4.08333333333333,0.07380063980819453,ssp126
-63.91666666666667,-4.08333333333333,0.05852948400108234,ssp126
-63.75,-4.08333333333333,0.06384148275376908,ssp126
-63.583333333333336,-4.08333333333333,0.057271337299735575,ssp126
-63.41666666666667,-4.08333333333333,0.06485465200065728,ssp126
-63.25,-4.08333333333333,0.059432716872139246,ssp126
-63.083333333333336,-4.08333333333333,0.0757588469053724,ssp126
-62.91666666666667,-4.08333333333333,0.06343767874890789,ssp126
-62.75,-4.08333333333333,0.04958043763630618,ssp126
-62.583333333333336,-4.08333333333333,0.04510517980699817,ssp126
-62.41666666666667,-4.08333333333333,0.046190683252155855,ssp126
-62.25,-4.08333333333333,0.06058713019919676,ssp126
-62.083333333333336,-4.08333333333333,0.07758131898911146,ssp126
-61.91666666666667,-4.08333333333333,0.07828130583051411,ssp126
-61.75,-4.08333333333333,0.07618021438357755,ssp126
-61.583333333333336,-4.08333333333333,0.11281632815618879,ssp126
-61.41666666666667,-4.08333333333333,0.10797408205356036,ssp126
-61.25,-4.08333333333333,0.1070769096047375,ssp126
-61.083333333333336,-4.08333333333333,0.09505756801653444,ssp126
-60.91666666666667,-4.08333333333333,0.10432557753340581,ssp126
-60.75,-4.08333333333333,0.12329413747651273,ssp126
-60.583333333333336,-4.08333333333333,0.14187249745553054,ssp126
-60.41666666666667,-4.08333333333333,0.156132251651674,ssp126
-60.25,-4.08333333333333,0.17863683658287488,ssp126
-60.083333333333336,-4.08333333333333,0.17589499978436707,ssp126
-59.91666666666667,-4.08333333333333,0.16508721795500367,ssp126
-59.75,-4.08333333333333,0.20430323498856362,ssp126
-59.583333333333336,-4.08333333333333,0.1770544206092185,ssp126
-59.41666666666667,-4.08333333333333,0.18728285523527685,ssp126
-59.25,-4.08333333333333,0.1801514115682998,ssp126
-59.083333333333336,-4.08333333333333,0.18853941827993184,ssp126
-58.91666666666667,-4.08333333333333,0.2320246955229078,ssp126
-58.75,-4.08333333333333,0.23097704550986944,ssp126
-58.583333333333336,-4.08333333333333,0.22999817204773684,ssp126
-58.41666666666667,-4.08333333333333,0.23359740182347694,ssp126
-58.25,-4.08333333333333,0.2342852196952701,ssp126
-58.083333333333336,-4.08333333333333,0.23653855096586324,ssp126
-57.91666666666667,-4.08333333333333,0.24222461815276328,ssp126
-57.75,-4.08333333333333,0.22499171795315676,ssp126
-57.583333333333336,-4.08333333333333,0.23860554116375288,ssp126
-57.41666666666667,-4.08333333333333,0.23294767693835786,ssp126
-57.25,-4.08333333333333,0.22860263432041894,ssp126
-57.083333333333336,-4.08333333333333,0.2309316382242991,ssp126
-56.91666666666667,-4.08333333333333,0.22060822621899487,ssp126
-56.75,-4.08333333333333,0.2001610568506615,ssp126
-56.583333333333336,-4.08333333333333,0.1421361714275937,ssp126
-56.41666666666667,-4.08333333333333,0.15767728086790556,ssp126
-56.25,-4.08333333333333,0.1509960117447952,ssp126
-56.083333333333336,-4.08333333333333,0.16571460820676462,ssp126
-55.91666666666667,-4.08333333333333,0.16664731349723025,ssp126
-55.75,-4.08333333333333,0.18130641953793383,ssp126
-55.583333333333336,-4.08333333333333,0.21809027437510173,ssp126
-55.41666666666667,-4.08333333333333,0.22630418892809853,ssp126
-55.25,-4.08333333333333,0.24222984131433134,ssp126
-55.083333333333336,-4.08333333333333,0.20982441400999136,ssp126
-54.91666666666667,-4.08333333333333,0.17995100090500163,ssp126
-54.75,-4.08333333333333,0.1663793882234781,ssp126
-54.583333333333336,-4.08333333333333,0.1605941156293185,ssp126
-54.41666666666667,-4.08333333333333,0.10155760063128808,ssp126
-54.25,-4.08333333333333,0.12246628146462148,ssp126
-54.083333333333336,-4.08333333333333,0.060519572407313545,ssp126
-53.91666666666667,-4.08333333333333,0.04526816802835876,ssp126
-53.75,-4.08333333333333,0.09253274100315288,ssp126
-53.583333333333336,-4.08333333333333,0.07164723427175239,ssp126
-53.41666666666667,-4.08333333333333,0.07601967553427576,ssp126
-53.25,-4.08333333333333,0.09374401627426844,ssp126
-53.083333333333336,-4.08333333333333,0.10264064202159867,ssp126
-52.91666666666667,-4.08333333333333,0.0810904521397198,ssp126
-52.75,-4.08333333333333,0.0883023159317418,ssp126
-52.583333333333336,-4.08333333333333,0.135101936485937,ssp126
-52.41666666666667,-4.08333333333333,0.16098635376055973,ssp126
-52.25,-4.08333333333333,0.1626058731786817,ssp126
-52.083333333333336,-4.08333333333333,0.16149482487679695,ssp126
-51.91666666666667,-4.08333333333333,0.21501103758540524,ssp126
-51.75,-4.08333333333333,0.22078637869283385,ssp126
-51.583333333333336,-4.08333333333333,0.19035523802140808,ssp126
-51.41666666666667,-4.08333333333333,0.16148251929596782,ssp126
-51.25,-4.08333333333333,0.1708852890265636,ssp126
-51.083333333333336,-4.08333333333333,0.11478180376749371,ssp126
-50.91666666666667,-4.08333333333333,0.11368225111564426,ssp126
-50.75,-4.08333333333333,0.13088465785515235,ssp126
-50.583333333333336,-4.08333333333333,0.1258621963806095,ssp126
-50.41666666666667,-4.08333333333333,0.13197710075497252,ssp126
-50.25,-4.08333333333333,0.1277507379993447,ssp126
-50.083333333333336,-4.08333333333333,0.13740414443669877,ssp126
-49.91666666666667,-4.08333333333333,0.10364170191526653,ssp126
-49.75,-4.08333333333333,0.11523214381455864,ssp126
-49.583333333333336,-4.08333333333333,0.12856612551214017,ssp126
-49.41666666666667,-4.08333333333333,0.1401036481832602,ssp126
-49.25,-4.08333333333333,0.1426983092485044,ssp126
-49.083333333333336,-4.08333333333333,0.12613410289546598,ssp126
-48.91666666666667,-4.08333333333333,0.12055136470278902,ssp126
-48.75,-4.08333333333333,0.1450867178051973,ssp126
-48.583333333333336,-4.08333333333333,0.11330161364885306,ssp126
-48.41666666666667,-4.08333333333333,0.10883431128228131,ssp126
-48.25,-4.08333333333333,0.10375071543352347,ssp126
-48.083333333333336,-4.08333333333333,0.07028315479117422,ssp126
-47.91666666666667,-4.08333333333333,0.09321543490602226,ssp126
-47.75,-4.08333333333333,0.08028958213967156,ssp126
-47.583333333333336,-4.08333333333333,0.057919082602862756,ssp126
-47.41666666666667,-4.08333333333333,0.06966846770917808,ssp126
-47.25,-4.08333333333333,0.08886936633434754,ssp126
-47.083333333333336,-4.08333333333333,0.0757219177692264,ssp126
-46.91666666666667,-4.08333333333333,0.037361544323586265,ssp126
-46.75,-4.08333333333333,0.042884210524763065,ssp126
-46.583333333333336,-4.08333333333333,0.05487837521144496,ssp126
-46.41666666666667,-4.08333333333333,0.06173756163921755,ssp126
-46.25,-4.08333333333333,0.0689248507820012,ssp126
-46.083333333333336,-4.08333333333333,0.06839159538529832,ssp126
-45.91666666666667,-4.08333333333333,0.06906442267435292,ssp126
-45.75,-4.08333333333333,0.04633736424354657,ssp126
-45.583333333333336,-4.08333333333333,0.03931041453655901,ssp126
-45.41666666666667,-4.08333333333333,0.03618099994339225,ssp126
-45.25,-4.08333333333333,0.036062805113831635,ssp126
-45.083333333333336,-4.08333333333333,0.03907529028083165,ssp126
-44.91666666666667,-4.08333333333333,0.03747032185125266,ssp126
-70.58333333333333,-4.2499999999999964,0.06672456719812223,ssp126
-70.41666666666667,-4.2499999999999964,0.07518960790367847,ssp126
-69.75,-4.2499999999999964,0.08313584105338118,ssp126
-69.58333333333333,-4.2499999999999964,0.11052045329237283,ssp126
-69.41666666666667,-4.2499999999999964,0.11647809007412994,ssp126
-69.25,-4.2499999999999964,0.11064221111982496,ssp126
-69.08333333333333,-4.2499999999999964,0.10846288779111696,ssp126
-68.91666666666667,-4.2499999999999964,0.08971350452041518,ssp126
-68.75,-4.2499999999999964,0.07087209471754818,ssp126
-68.58333333333333,-4.2499999999999964,0.07290838362282717,ssp126
-68.41666666666667,-4.2499999999999964,0.07259159994527586,ssp126
-68.25,-4.2499999999999964,0.06715479698014093,ssp126
-68.08333333333333,-4.2499999999999964,0.07221496863510542,ssp126
-67.91666666666667,-4.2499999999999964,0.08127935478128737,ssp126
-67.75,-4.2499999999999964,0.09359963481594871,ssp126
-67.58333333333333,-4.2499999999999964,0.06979429152226892,ssp126
-67.41666666666667,-4.2499999999999964,0.0834865128138482,ssp126
-67.25,-4.2499999999999964,0.09449560088337197,ssp126
-67.08333333333333,-4.2499999999999964,0.08888796180189595,ssp126
-66.91666666666667,-4.2499999999999964,0.08914165683035978,ssp126
-66.75,-4.2499999999999964,0.07892227039586307,ssp126
-66.58333333333333,-4.2499999999999964,0.0803979345023628,ssp126
-66.41666666666667,-4.2499999999999964,0.08877153809043357,ssp126
-66.25,-4.2499999999999964,0.08754596642137617,ssp126
-66.08333333333333,-4.2499999999999964,0.08754392719936407,ssp126
-65.91666666666667,-4.2499999999999964,0.06569998788310487,ssp126
-65.75,-4.2499999999999964,0.0743015584800606,ssp126
-65.58333333333333,-4.2499999999999964,0.07485297310626077,ssp126
-65.41666666666667,-4.2499999999999964,0.07061748772524108,ssp126
-65.25,-4.2499999999999964,0.07250935200538382,ssp126
-65.08333333333333,-4.2499999999999964,0.08695405206805094,ssp126
-64.91666666666667,-4.2499999999999964,0.08111936392761782,ssp126
-64.75,-4.2499999999999964,0.06921150937833574,ssp126
-64.58333333333333,-4.2499999999999964,0.07278650955278707,ssp126
-64.41666666666667,-4.2499999999999964,0.07306772732547637,ssp126
-64.25,-4.2499999999999964,0.07668764835371236,ssp126
-64.08333333333333,-4.2499999999999964,0.0793181946719074,ssp126
-63.91666666666667,-4.2499999999999964,0.05782187859353628,ssp126
-63.75,-4.2499999999999964,0.05290606143862406,ssp126
-63.583333333333336,-4.2499999999999964,0.053213953369615576,ssp126
-63.41666666666667,-4.2499999999999964,0.05212389618118543,ssp126
-63.25,-4.2499999999999964,0.061239916646724145,ssp126
-63.083333333333336,-4.2499999999999964,0.06483049053870944,ssp126
-62.91666666666667,-4.2499999999999964,0.05513366614153909,ssp126
-62.75,-4.2499999999999964,0.04463276693207405,ssp126
-62.583333333333336,-4.2499999999999964,0.042683569357631714,ssp126
-62.41666666666667,-4.2499999999999964,0.04271796103804839,ssp126
-62.25,-4.2499999999999964,0.04791879592816572,ssp126
-62.083333333333336,-4.2499999999999964,0.07643409937979603,ssp126
-61.91666666666667,-4.2499999999999964,0.07983100157365017,ssp126
-61.75,-4.2499999999999964,0.10462712982723528,ssp126
-61.583333333333336,-4.2499999999999964,0.10389701164704075,ssp126
-61.41666666666667,-4.2499999999999964,0.10305786634396621,ssp126
-61.25,-4.2499999999999964,0.0826500730048559,ssp126
-61.083333333333336,-4.2499999999999964,0.09388879296167801,ssp126
-60.91666666666667,-4.2499999999999964,0.10063744328429096,ssp126
-60.75,-4.2499999999999964,0.11456747736594539,ssp126
-60.583333333333336,-4.2499999999999964,0.13646305918282245,ssp126
-60.41666666666667,-4.2499999999999964,0.14907164610569665,ssp126
-60.25,-4.2499999999999964,0.16032071925924296,ssp126
-60.083333333333336,-4.2499999999999964,0.16956030347194292,ssp126
-59.91666666666667,-4.2499999999999964,0.17051070530008294,ssp126
-59.75,-4.2499999999999964,0.17621355521609533,ssp126
-59.583333333333336,-4.2499999999999964,0.16456021759470282,ssp126
-59.41666666666667,-4.2499999999999964,0.17431466689109013,ssp126
-59.25,-4.2499999999999964,0.20908027104193855,ssp126
-59.083333333333336,-4.2499999999999964,0.2223261640976381,ssp126
-58.91666666666667,-4.2499999999999964,0.2323270114884029,ssp126
-58.75,-4.2499999999999964,0.23287248912218078,ssp126
-58.583333333333336,-4.2499999999999964,0.23632875176106383,ssp126
-58.41666666666667,-4.2499999999999964,0.23565107732553967,ssp126
-58.25,-4.2499999999999964,0.2482890133246836,ssp126
-58.083333333333336,-4.2499999999999964,0.2503542539732546,ssp126
-57.91666666666667,-4.2499999999999964,0.24498990218402136,ssp126
-57.75,-4.2499999999999964,0.18432749087207492,ssp126
-57.583333333333336,-4.2499999999999964,0.23026454782704237,ssp126
-57.41666666666667,-4.2499999999999964,0.21931047763426603,ssp126
-57.25,-4.2499999999999964,0.16773457219692478,ssp126
-57.083333333333336,-4.2499999999999964,0.2097568336916815,ssp126
-56.91666666666667,-4.2499999999999964,0.21032786052773525,ssp126
-56.75,-4.2499999999999964,0.18343390334005397,ssp126
-56.583333333333336,-4.2499999999999964,0.16221078447933146,ssp126
-56.41666666666667,-4.2499999999999964,0.18197637714592593,ssp126
-56.25,-4.2499999999999964,0.16729525241461332,ssp126
-56.083333333333336,-4.2499999999999964,0.1669198964056517,ssp126
-55.91666666666667,-4.2499999999999964,0.19433547935263937,ssp126
-55.75,-4.2499999999999964,0.211278133551869,ssp126
-55.583333333333336,-4.2499999999999964,0.2023065894917266,ssp126
-55.41666666666667,-4.2499999999999964,0.21708338926828918,ssp126
-55.25,-4.2499999999999964,0.20240641506837706,ssp126
-55.083333333333336,-4.2499999999999964,0.17403628257424386,ssp126
-54.91666666666667,-4.2499999999999964,0.13542185498365245,ssp126
-54.75,-4.2499999999999964,0.12065066481594222,ssp126
-54.583333333333336,-4.2499999999999964,0.08033993371611985,ssp126
-54.41666666666667,-4.2499999999999964,0.04263898760248943,ssp126
-54.25,-4.2499999999999964,0.042650088561373034,ssp126
-54.083333333333336,-4.2499999999999964,0.062169959333113194,ssp126
-53.91666666666667,-4.2499999999999964,0.07448935947884272,ssp126
-53.75,-4.2499999999999964,0.09720383285858478,ssp126
-53.583333333333336,-4.2499999999999964,0.0837372228772635,ssp126
-53.41666666666667,-4.2499999999999964,0.07432948271950654,ssp126
-53.25,-4.2499999999999964,0.09051766624342832,ssp126
-53.083333333333336,-4.2499999999999964,0.0876910391262377,ssp126
-52.91666666666667,-4.2499999999999964,0.06966913653555007,ssp126
-52.75,-4.2499999999999964,0.0860785530303141,ssp126
-52.583333333333336,-4.2499999999999964,0.12061123585545207,ssp126
-52.41666666666667,-4.2499999999999964,0.1334966157289471,ssp126
-52.25,-4.2499999999999964,0.1410518044639694,ssp126
-52.083333333333336,-4.2499999999999964,0.1558501061545361,ssp126
-51.91666666666667,-4.2499999999999964,0.11578116375151372,ssp126
-51.75,-4.2499999999999964,0.1412853264056694,ssp126
-51.583333333333336,-4.2499999999999964,0.14535256100342106,ssp126
-51.41666666666667,-4.2499999999999964,0.13487184055785253,ssp126
-51.25,-4.2499999999999964,0.1402297189863918,ssp126
-51.083333333333336,-4.2499999999999964,0.10369854264677301,ssp126
-50.91666666666667,-4.2499999999999964,0.09928219388316188,ssp126
-50.75,-4.2499999999999964,0.10857292332431395,ssp126
-50.583333333333336,-4.2499999999999964,0.10641145084473169,ssp126
-50.41666666666667,-4.2499999999999964,0.11635440007736121,ssp126
-50.25,-4.2499999999999964,0.12419853518824651,ssp126
-50.083333333333336,-4.2499999999999964,0.12505948285376758,ssp126
-49.91666666666667,-4.2499999999999964,0.10374478739200435,ssp126
-49.75,-4.2499999999999964,0.10412156639110516,ssp126
-49.583333333333336,-4.2499999999999964,0.11877651449363835,ssp126
-49.41666666666667,-4.2499999999999964,0.12515384204625835,ssp126
-49.25,-4.2499999999999964,0.12512800466066612,ssp126
-49.083333333333336,-4.2499999999999964,0.1300749786974073,ssp126
-48.91666666666667,-4.2499999999999964,0.1205540196100113,ssp126
-48.75,-4.2499999999999964,0.0975614374693554,ssp126
-48.583333333333336,-4.2499999999999964,0.08276298097664883,ssp126
-48.41666666666667,-4.2499999999999964,0.10109252296951673,ssp126
-48.25,-4.2499999999999964,0.07096045220115978,ssp126
-48.083333333333336,-4.2499999999999964,0.05206581277201396,ssp126
-47.91666666666667,-4.2499999999999964,0.08412380993141527,ssp126
-47.75,-4.2499999999999964,0.05701086826434759,ssp126
-47.583333333333336,-4.2499999999999964,0.05279970409048115,ssp126
-47.41666666666667,-4.2499999999999964,0.05899086102895746,ssp126
-47.25,-4.2499999999999964,0.06279902879816643,ssp126
-47.083333333333336,-4.2499999999999964,0.040586911397366914,ssp126
-46.91666666666667,-4.2499999999999964,0.039991754640161484,ssp126
-46.75,-4.2499999999999964,0.04827829201469938,ssp126
-46.583333333333336,-4.2499999999999964,0.04801845468324041,ssp126
-46.41666666666667,-4.2499999999999964,0.06252965692670229,ssp126
-46.25,-4.2499999999999964,0.044623833284989124,ssp126
-46.083333333333336,-4.2499999999999964,0.04505472859351206,ssp126
-45.91666666666667,-4.2499999999999964,0.0514929516952342,ssp126
-45.75,-4.2499999999999964,0.057502297137623594,ssp126
-45.583333333333336,-4.2499999999999964,0.04685329572872774,ssp126
-45.41666666666667,-4.2499999999999964,0.03736457344376415,ssp126
-45.25,-4.2499999999999964,0.03142547515948487,ssp126
-45.083333333333336,-4.2499999999999964,0.03327955324167368,ssp126
-44.91666666666667,-4.2499999999999964,0.046329287513855205,ssp126
-70.75,-4.416666666666664,0.057596493053490405,ssp126
-70.58333333333333,-4.416666666666664,0.07062912465934147,ssp126
-70.41666666666667,-4.416666666666664,0.09066487056187711,ssp126
-70.25,-4.416666666666664,0.11226158111841446,ssp126
-70.08333333333333,-4.416666666666664,0.15183042957846946,ssp126
-69.91666666666667,-4.416666666666664,0.10637465943142427,ssp126
-69.75,-4.416666666666664,0.13350580633349426,ssp126
-69.58333333333333,-4.416666666666664,0.11879671317554558,ssp126
-69.41666666666667,-4.416666666666664,0.12010896772552185,ssp126
-69.25,-4.416666666666664,0.11047170887705918,ssp126
-69.08333333333333,-4.416666666666664,0.10362186894396691,ssp126
-68.91666666666667,-4.416666666666664,0.08069831222466817,ssp126
-68.75,-4.416666666666664,0.07491867610596911,ssp126
-68.58333333333333,-4.416666666666664,0.07708134292046849,ssp126
-68.41666666666667,-4.416666666666664,0.07332256660216536,ssp126
-68.25,-4.416666666666664,0.07742503974928101,ssp126
-68.08333333333333,-4.416666666666664,0.08196392513080639,ssp126
-67.91666666666667,-4.416666666666664,0.08482970295381032,ssp126
-67.75,-4.416666666666664,0.1003156093794806,ssp126
-67.58333333333333,-4.416666666666664,0.08068080213128166,ssp126
-67.41666666666667,-4.416666666666664,0.08290861335941162,ssp126
-67.25,-4.416666666666664,0.08606924989790689,ssp126
-67.08333333333333,-4.416666666666664,0.10514197850282703,ssp126
-66.91666666666667,-4.416666666666664,0.09461334158048347,ssp126
-66.75,-4.416666666666664,0.0875696241992365,ssp126
-66.58333333333333,-4.416666666666664,0.09350688976218226,ssp126
-66.41666666666667,-4.416666666666664,0.10940416778476035,ssp126
-66.25,-4.416666666666664,0.1030090268607032,ssp126
-66.08333333333333,-4.416666666666664,0.09769254502227624,ssp126
-65.91666666666667,-4.416666666666664,0.08448857114622481,ssp126
-65.75,-4.416666666666664,0.09295945608797108,ssp126
-65.58333333333333,-4.416666666666664,0.08336828100149739,ssp126
-65.41666666666667,-4.416666666666664,0.0743232303247972,ssp126
-65.25,-4.416666666666664,0.09498026467778564,ssp126
-65.08333333333333,-4.416666666666664,0.08739335209110682,ssp126
-64.91666666666667,-4.416666666666664,0.07288487666636248,ssp126
-64.75,-4.416666666666664,0.07476884059321984,ssp126
-64.58333333333333,-4.416666666666664,0.07710589812674457,ssp126
-64.41666666666667,-4.416666666666664,0.07642661849079488,ssp126
-64.25,-4.416666666666664,0.07926028874676251,ssp126
-64.08333333333333,-4.416666666666664,0.08268504125078115,ssp126
-63.91666666666667,-4.416666666666664,0.06690994733538747,ssp126
-63.75,-4.416666666666664,0.04844381768245583,ssp126
-63.583333333333336,-4.416666666666664,0.04696710142881439,ssp126
-63.41666666666667,-4.416666666666664,0.05949271622914085,ssp126
-63.25,-4.416666666666664,0.05328519523417253,ssp126
-63.083333333333336,-4.416666666666664,0.053099496939144356,ssp126
-62.91666666666667,-4.416666666666664,0.05103349615815411,ssp126
-62.75,-4.416666666666664,0.042955553822134895,ssp126
-62.583333333333336,-4.416666666666664,0.0430584754634599,ssp126
-62.41666666666667,-4.416666666666664,0.04161982797884811,ssp126
-62.25,-4.416666666666664,0.04705908067015486,ssp126
-62.083333333333336,-4.416666666666664,0.12702954807991723,ssp126
-61.91666666666667,-4.416666666666664,0.14208413883885548,ssp126
-61.75,-4.416666666666664,0.09636489653583485,ssp126
-61.583333333333336,-4.416666666666664,0.09808852830606656,ssp126
-61.41666666666667,-4.416666666666664,0.07432005233863305,ssp126
-61.25,-4.416666666666664,0.08584577043921215,ssp126
-61.083333333333336,-4.416666666666664,0.09854925786706586,ssp126
-60.91666666666667,-4.416666666666664,0.11120477862731189,ssp126
-60.75,-4.416666666666664,0.11832904250749446,ssp126
-60.583333333333336,-4.416666666666664,0.12294656061248668,ssp126
-60.41666666666667,-4.416666666666664,0.1613256732476026,ssp126
-60.25,-4.416666666666664,0.13477083462116363,ssp126
-60.083333333333336,-4.416666666666664,0.14894267406178055,ssp126
-59.91666666666667,-4.416666666666664,0.15863864509192765,ssp126
-59.75,-4.416666666666664,0.17142130559196855,ssp126
-59.583333333333336,-4.416666666666664,0.17699441653866882,ssp126
-59.41666666666667,-4.416666666666664,0.15374281812161927,ssp126
-59.25,-4.416666666666664,0.20949427334278997,ssp126
-59.083333333333336,-4.416666666666664,0.22197978045539848,ssp126
-58.91666666666667,-4.416666666666664,0.23239790208161368,ssp126
-58.75,-4.416666666666664,0.23265532815370266,ssp126
-58.583333333333336,-4.416666666666664,0.2452356428436965,ssp126
-58.41666666666667,-4.416666666666664,0.2555880980428466,ssp126
-58.25,-4.416666666666664,0.26844520809059885,ssp126
-58.083333333333336,-4.416666666666664,0.269114402497563,ssp126
-57.91666666666667,-4.416666666666664,0.23120741254738283,ssp126
-57.75,-4.416666666666664,0.19640983937716217,ssp126
-57.583333333333336,-4.416666666666664,0.2254633790519976,ssp126
-57.41666666666667,-4.416666666666664,0.2092145991249442,ssp126
-57.25,-4.416666666666664,0.2013039783119743,ssp126
-57.083333333333336,-4.416666666666664,0.20812468101492712,ssp126
-56.91666666666667,-4.416666666666664,0.20135548637618947,ssp126
-56.75,-4.416666666666664,0.187516965798568,ssp126
-56.583333333333336,-4.416666666666664,0.16014712470765213,ssp126
-56.41666666666667,-4.416666666666664,0.1706764951460661,ssp126
-56.25,-4.416666666666664,0.16489919765773023,ssp126
-56.083333333333336,-4.416666666666664,0.19562462929073327,ssp126
-55.91666666666667,-4.416666666666664,0.20468855296595112,ssp126
-55.75,-4.416666666666664,0.19206120980567937,ssp126
-55.583333333333336,-4.416666666666664,0.1780770907704366,ssp126
-55.41666666666667,-4.416666666666664,0.14977106845150623,ssp126
-55.25,-4.416666666666664,0.15177033742919968,ssp126
-55.083333333333336,-4.416666666666664,0.08703657979257173,ssp126
-54.91666666666667,-4.416666666666664,0.05258995055448052,ssp126
-54.75,-4.416666666666664,0.05500232033511219,ssp126
-54.583333333333336,-4.416666666666664,0.09347099832954942,ssp126
-54.41666666666667,-4.416666666666664,0.09190566281672409,ssp126
-54.25,-4.416666666666664,0.10248608097872426,ssp126
-54.083333333333336,-4.416666666666664,0.10978280145818073,ssp126
-53.91666666666667,-4.416666666666664,0.10109099736798914,ssp126
-53.75,-4.416666666666664,0.08927594200518232,ssp126
-53.583333333333336,-4.416666666666664,0.06900520111265318,ssp126
-53.41666666666667,-4.416666666666664,0.08653607184107139,ssp126
-53.25,-4.416666666666664,0.08011397602075264,ssp126
-53.083333333333336,-4.416666666666664,0.07092880436521158,ssp126
-52.91666666666667,-4.416666666666664,0.06469692183541287,ssp126
-52.75,-4.416666666666664,0.07086719088101917,ssp126
-52.583333333333336,-4.416666666666664,0.09466288082742054,ssp126
-52.41666666666667,-4.416666666666664,0.09610603567839822,ssp126
-52.25,-4.416666666666664,0.11144808777052433,ssp126
-52.083333333333336,-4.416666666666664,0.09340580600465435,ssp126
-51.91666666666667,-4.416666666666664,0.09340960561638142,ssp126
-51.75,-4.416666666666664,0.08666088983610644,ssp126
-51.583333333333336,-4.416666666666664,0.0961713444493902,ssp126
-51.41666666666667,-4.416666666666664,0.10565678323198317,ssp126
-51.25,-4.416666666666664,0.11829045963744089,ssp126
-51.083333333333336,-4.416666666666664,0.1028227266361205,ssp126
-50.91666666666667,-4.416666666666664,0.07586423223638679,ssp126
-50.75,-4.416666666666664,0.097331075303294,ssp126
-50.583333333333336,-4.416666666666664,0.09538549206652476,ssp126
-50.41666666666667,-4.416666666666664,0.10825582210564767,ssp126
-50.25,-4.416666666666664,0.10936058896401636,ssp126
-50.083333333333336,-4.416666666666664,0.12724643261301452,ssp126
-49.91666666666667,-4.416666666666664,0.09958647487849842,ssp126
-49.75,-4.416666666666664,0.10220221109973605,ssp126
-49.583333333333336,-4.416666666666664,0.09579080320760003,ssp126
-49.41666666666667,-4.416666666666664,0.11646464943568975,ssp126
-49.25,-4.416666666666664,0.11577423990064598,ssp126
-49.083333333333336,-4.416666666666664,0.12513087992755598,ssp126
-48.91666666666667,-4.416666666666664,0.11078147002003086,ssp126
-48.75,-4.416666666666664,0.08702085442100041,ssp126
-48.583333333333336,-4.416666666666664,0.07578969535286577,ssp126
-48.41666666666667,-4.416666666666664,0.059162683253183426,ssp126
-48.25,-4.416666666666664,0.08587622557733918,ssp126
-48.083333333333336,-4.416666666666664,0.0616561071459481,ssp126
-47.91666666666667,-4.416666666666664,0.05367340937119489,ssp126
-47.75,-4.416666666666664,0.03240807378279312,ssp126
-47.583333333333336,-4.416666666666664,0.052748922319872486,ssp126
-47.41666666666667,-4.416666666666664,0.061047976133431894,ssp126
-47.25,-4.416666666666664,0.038830924052495094,ssp126
-47.083333333333336,-4.416666666666664,0.03930858610191599,ssp126
-46.91666666666667,-4.416666666666664,0.04650340159062523,ssp126
-46.75,-4.416666666666664,0.04168538791281564,ssp126
-46.583333333333336,-4.416666666666664,0.049047279486687634,ssp126
-46.41666666666667,-4.416666666666664,0.04721357655173313,ssp126
-46.25,-4.416666666666664,0.03022319274998802,ssp126
-46.083333333333336,-4.416666666666664,0.02846345480245958,ssp126
-45.91666666666667,-4.416666666666664,0.03810153182837326,ssp126
-45.75,-4.416666666666664,0.062332271733807836,ssp126
-45.583333333333336,-4.416666666666664,0.044646807165120664,ssp126
-45.41666666666667,-4.416666666666664,0.05267022509999212,ssp126
-45.25,-4.416666666666664,0.03641841677895829,ssp126
-45.083333333333336,-4.416666666666664,0.03453617958187099,ssp126
-71.75,-4.58333333333333,0.05417386853786156,ssp126
-71.58333333333333,-4.58333333333333,0.05546493737000488,ssp126
-71.41666666666667,-4.58333333333333,0.06197010899477992,ssp126
-71.25,-4.58333333333333,0.06336675286681544,ssp126
-71.08333333333333,-4.58333333333333,0.051228714693177836,ssp126
-70.91666666666667,-4.58333333333333,0.05373789609893147,ssp126
-70.75,-4.58333333333333,0.06873160297307224,ssp126
-70.58333333333333,-4.58333333333333,0.08307444553041549,ssp126
-70.41666666666667,-4.58333333333333,0.09969004234431175,ssp126
-70.25,-4.58333333333333,0.14315116118959706,ssp126
-70.08333333333333,-4.58333333333333,0.13975184794352472,ssp126
-69.91666666666667,-4.58333333333333,0.14356317220504342,ssp126
-69.75,-4.58333333333333,0.12590465094479608,ssp126
-69.58333333333333,-4.58333333333333,0.11689983489877592,ssp126
-69.41666666666667,-4.58333333333333,0.10969631512433463,ssp126
-69.25,-4.58333333333333,0.10536171867714433,ssp126
-69.08333333333333,-4.58333333333333,0.09137283961195143,ssp126
-68.91666666666667,-4.58333333333333,0.07467389521372998,ssp126
-68.75,-4.58333333333333,0.08096297149732165,ssp126
-68.58333333333333,-4.58333333333333,0.07880259464520845,ssp126
-68.41666666666667,-4.58333333333333,0.08219336133005568,ssp126
-68.25,-4.58333333333333,0.09016311232045325,ssp126
-68.08333333333333,-4.58333333333333,0.09179834366926759,ssp126
-67.91666666666667,-4.58333333333333,0.1054786768172973,ssp126
-67.75,-4.58333333333333,0.1057216625151862,ssp126
-67.58333333333333,-4.58333333333333,0.09086438992450244,ssp126
-67.41666666666667,-4.58333333333333,0.09326169166285601,ssp126
-67.25,-4.58333333333333,0.0907096212584019,ssp126
-67.08333333333333,-4.58333333333333,0.09302416840748025,ssp126
-66.91666666666667,-4.58333333333333,0.09818704150764783,ssp126
-66.75,-4.58333333333333,0.10590458595034845,ssp126
-66.58333333333333,-4.58333333333333,0.12077259840657495,ssp126
-66.41666666666667,-4.58333333333333,0.11788873760986217,ssp126
-66.25,-4.58333333333333,0.11210669468527124,ssp126
-66.08333333333333,-4.58333333333333,0.09124550261772449,ssp126
-65.91666666666667,-4.58333333333333,0.09934953352110183,ssp126
-65.75,-4.58333333333333,0.09734110811626671,ssp126
-65.58333333333333,-4.58333333333333,0.08986535797921118,ssp126
-65.41666666666667,-4.58333333333333,0.09779092250123064,ssp126
-65.25,-4.58333333333333,0.0936028095013938,ssp126
-65.08333333333333,-4.58333333333333,0.07828583762242602,ssp126
-64.91666666666667,-4.58333333333333,0.07776802365041996,ssp126
-64.75,-4.58333333333333,0.08117968128763256,ssp126
-64.58333333333333,-4.58333333333333,0.08159076586508618,ssp126
-64.41666666666667,-4.58333333333333,0.0834863682689932,ssp126
-64.25,-4.58333333333333,0.079241557629587,ssp126
-64.08333333333333,-4.58333333333333,0.10025719000295219,ssp126
-63.91666666666667,-4.58333333333333,0.04916982247370209,ssp126
-63.75,-4.58333333333333,0.044994659569151635,ssp126
-63.583333333333336,-4.58333333333333,0.04702884108019677,ssp126
-63.41666666666667,-4.58333333333333,0.051611067629114736,ssp126
-63.25,-4.58333333333333,0.0525605246315641,ssp126
-63.083333333333336,-4.58333333333333,0.05037797256292953,ssp126
-62.91666666666667,-4.58333333333333,0.043120118577077086,ssp126
-62.75,-4.58333333333333,0.042325942163977,ssp126
-62.583333333333336,-4.58333333333333,0.04548868389041161,ssp126
-62.41666666666667,-4.58333333333333,0.04521933102683252,ssp126
-62.25,-4.58333333333333,0.051617555379152594,ssp126
-62.083333333333336,-4.58333333333333,0.14008805281012485,ssp126
-61.91666666666667,-4.58333333333333,0.09538583065276017,ssp126
-61.75,-4.58333333333333,0.09159214524840578,ssp126
-61.583333333333336,-4.58333333333333,0.077534151965672,ssp126
-61.41666666666667,-4.58333333333333,0.0833181851247063,ssp126
-61.25,-4.58333333333333,0.08882685776412978,ssp126
-61.083333333333336,-4.58333333333333,0.09749166946604598,ssp126
-60.91666666666667,-4.58333333333333,0.10241482753026349,ssp126
-60.75,-4.58333333333333,0.10511876511256513,ssp126
-60.583333333333336,-4.58333333333333,0.14445103468268158,ssp126
-60.41666666666667,-4.58333333333333,0.15833790643078022,ssp126
-60.25,-4.58333333333333,0.16178224865896582,ssp126
-60.083333333333336,-4.58333333333333,0.14430035894764331,ssp126
-59.91666666666667,-4.58333333333333,0.17496026376946566,ssp126
-59.75,-4.58333333333333,0.17421931059999404,ssp126
-59.583333333333336,-4.58333333333333,0.18056935680623049,ssp126
-59.41666666666667,-4.58333333333333,0.15331157944016607,ssp126
-59.25,-4.58333333333333,0.19298710694585178,ssp126
-59.083333333333336,-4.58333333333333,0.2135093652666645,ssp126
-58.91666666666667,-4.58333333333333,0.22633920833439147,ssp126
-58.75,-4.58333333333333,0.2292396920821141,ssp126
-58.583333333333336,-4.58333333333333,0.24280229362803335,ssp126
-58.41666666666667,-4.58333333333333,0.2079282701519618,ssp126
-58.25,-4.58333333333333,0.2586298527309153,ssp126
-58.083333333333336,-4.58333333333333,0.24040947934249482,ssp126
-57.91666666666667,-4.58333333333333,0.19002892446783956,ssp126
-57.75,-4.58333333333333,0.1980334535034926,ssp126
-57.583333333333336,-4.58333333333333,0.22498105044718705,ssp126
-57.41666666666667,-4.58333333333333,0.22693312223417528,ssp126
-57.25,-4.58333333333333,0.19770756233932943,ssp126
-57.083333333333336,-4.58333333333333,0.16037730542898795,ssp126
-56.91666666666667,-4.58333333333333,0.15517419894149148,ssp126
-56.75,-4.58333333333333,0.15978639544514434,ssp126
-56.583333333333336,-4.58333333333333,0.15811806107139317,ssp126
-56.41666666666667,-4.58333333333333,0.1522175410470025,ssp126
-56.25,-4.58333333333333,0.1935445334935151,ssp126
-56.083333333333336,-4.58333333333333,0.17622879842965697,ssp126
-55.91666666666667,-4.58333333333333,0.2088019700816716,ssp126
-55.75,-4.58333333333333,0.20107390138814782,ssp126
-55.583333333333336,-4.58333333333333,0.14059429741813328,ssp126
-55.41666666666667,-4.58333333333333,0.07828085794108783,ssp126
-55.25,-4.58333333333333,0.09280483537766478,ssp126
-55.083333333333336,-4.58333333333333,0.0988006874759117,ssp126
-54.91666666666667,-4.58333333333333,0.07328564746261074,ssp126
-54.75,-4.58333333333333,0.08331376180188897,ssp126
-54.583333333333336,-4.58333333333333,0.08617928387842903,ssp126
-54.41666666666667,-4.58333333333333,0.08439757386892331,ssp126
-54.25,-4.58333333333333,0.08802650965660301,ssp126
-54.083333333333336,-4.58333333333333,0.07825371606982026,ssp126
-53.91666666666667,-4.58333333333333,0.06396950561100477,ssp126
-53.75,-4.58333333333333,0.06509324847591287,ssp126
-53.583333333333336,-4.58333333333333,0.07686805892742822,ssp126
-53.41666666666667,-4.58333333333333,0.07658287245925745,ssp126
-53.25,-4.58333333333333,0.08305563304900683,ssp126
-53.083333333333336,-4.58333333333333,0.049520445165950396,ssp126
-52.91666666666667,-4.58333333333333,0.059399022328361736,ssp126
-52.75,-4.58333333333333,0.058472002671988155,ssp126
-52.583333333333336,-4.58333333333333,0.07989295503195537,ssp126
-52.41666666666667,-4.58333333333333,0.07454365581307067,ssp126
-52.25,-4.58333333333333,0.08549393496559697,ssp126
-52.083333333333336,-4.58333333333333,0.07398471889222495,ssp126
-51.91666666666667,-4.58333333333333,0.07100211902584043,ssp126
-51.75,-4.58333333333333,0.09124244841743026,ssp126
-51.583333333333336,-4.58333333333333,0.09247754697671692,ssp126
-51.41666666666667,-4.58333333333333,0.08193088363431285,ssp126
-51.25,-4.58333333333333,0.08959151245022282,ssp126
-51.083333333333336,-4.58333333333333,0.07872856873069621,ssp126
-50.91666666666667,-4.58333333333333,0.05451867525058746,ssp126
-50.75,-4.58333333333333,0.08160329926812623,ssp126
-50.583333333333336,-4.58333333333333,0.08067094178226969,ssp126
-50.41666666666667,-4.58333333333333,0.08653385077479352,ssp126
-50.25,-4.58333333333333,0.09320212173888077,ssp126
-50.083333333333336,-4.58333333333333,0.08446514816954934,ssp126
-49.91666666666667,-4.58333333333333,0.09768883401225087,ssp126
-49.75,-4.58333333333333,0.10994112446953865,ssp126
-49.583333333333336,-4.58333333333333,0.10625447140842832,ssp126
-49.41666666666667,-4.58333333333333,0.10447145316885917,ssp126
-49.25,-4.58333333333333,0.12487279270899643,ssp126
-49.083333333333336,-4.58333333333333,0.1142921496286942,ssp126
-48.91666666666667,-4.58333333333333,0.0904130126442421,ssp126
-48.75,-4.58333333333333,0.07328416598496851,ssp126
-48.583333333333336,-4.58333333333333,0.06660058159177289,ssp126
-48.41666666666667,-4.58333333333333,0.0444576347015169,ssp126
-48.25,-4.58333333333333,0.04873101762794379,ssp126
-48.083333333333336,-4.58333333333333,0.03264913856885568,ssp126
-47.91666666666667,-4.58333333333333,0.03333926277517245,ssp126
-47.75,-4.58333333333333,0.026342710088849995,ssp126
-47.583333333333336,-4.58333333333333,0.041584992822416116,ssp126
-47.41666666666667,-4.58333333333333,0.050316709325463435,ssp126
-47.25,-4.58333333333333,0.03140230228211555,ssp126
-47.083333333333336,-4.58333333333333,0.03338074145056243,ssp126
-46.91666666666667,-4.58333333333333,0.04899714460158669,ssp126
-46.75,-4.58333333333333,0.04334486526624866,ssp126
-46.583333333333336,-4.58333333333333,0.029987146601452765,ssp126
-46.41666666666667,-4.58333333333333,0.040174775948625716,ssp126
-46.25,-4.58333333333333,0.024491660116399746,ssp126
-46.083333333333336,-4.58333333333333,0.029973282714350187,ssp126
-45.91666666666667,-4.58333333333333,0.03072319195464182,ssp126
-45.75,-4.58333333333333,0.03712142462672277,ssp126
-45.583333333333336,-4.58333333333333,0.030783965569737008,ssp126
-45.41666666666667,-4.58333333333333,0.046324724408242986,ssp126
-45.25,-4.58333333333333,0.05446736419372953,ssp126
-71.91666666666667,-4.7499999999999964,0.06428314403511261,ssp126
-71.75,-4.7499999999999964,0.054815577433466045,ssp126
-71.58333333333333,-4.7499999999999964,0.056955663514369446,ssp126
-71.41666666666667,-4.7499999999999964,0.06677585346886918,ssp126
-71.25,-4.7499999999999964,0.06214203569453195,ssp126
-71.08333333333333,-4.7499999999999964,0.054252466696433306,ssp126
-70.91666666666667,-4.7499999999999964,0.056723922790492175,ssp126
-70.75,-4.7499999999999964,0.0677155240136137,ssp126
-70.58333333333333,-4.7499999999999964,0.055983624351460565,ssp126
-70.41666666666667,-4.7499999999999964,0.10397891136461992,ssp126
-70.25,-4.7499999999999964,0.07962129191020147,ssp126
-70.08333333333333,-4.7499999999999964,0.13802942622024145,ssp126
-69.91666666666667,-4.7499999999999964,0.11924365924910774,ssp126
-69.75,-4.7499999999999964,0.09302567937308467,ssp126
-69.58333333333333,-4.7499999999999964,0.11293820339686729,ssp126
-69.41666666666667,-4.7499999999999964,0.10431498408826972,ssp126
-69.25,-4.7499999999999964,0.10545534818712332,ssp126
-69.08333333333333,-4.7499999999999964,0.07297081588973861,ssp126
-68.91666666666667,-4.7499999999999964,0.07706116190784973,ssp126
-68.75,-4.7499999999999964,0.08464989874983535,ssp126
-68.58333333333333,-4.7499999999999964,0.08679226517256121,ssp126
-68.41666666666667,-4.7499999999999964,0.08862678510019809,ssp126
-68.25,-4.7499999999999964,0.08550366025563381,ssp126
-68.08333333333333,-4.7499999999999964,0.11599741479005028,ssp126
-67.91666666666667,-4.7499999999999964,0.11122721992804252,ssp126
-67.75,-4.7499999999999964,0.09431681832527528,ssp126
-67.58333333333333,-4.7499999999999964,0.0976439037508947,ssp126
-67.41666666666667,-4.7499999999999964,0.09552583573916969,ssp126
-67.25,-4.7499999999999964,0.09324365662907022,ssp126
-67.08333333333333,-4.7499999999999964,0.10883292394000262,ssp126
-66.91666666666667,-4.7499999999999964,0.11013037962879281,ssp126
-66.75,-4.7499999999999964,0.11576582869611572,ssp126
-66.58333333333333,-4.7499999999999964,0.14860115386721975,ssp126
-66.41666666666667,-4.7499999999999964,0.12943934030272392,ssp126
-66.25,-4.7499999999999964,0.09557588538132288,ssp126
-66.08333333333333,-4.7499999999999964,0.10752206522107342,ssp126
-65.91666666666667,-4.7499999999999964,0.10944735790261263,ssp126
-65.75,-4.7499999999999964,0.10497962315593651,ssp126
-65.58333333333333,-4.7499999999999964,0.1149496915726931,ssp126
-65.41666666666667,-4.7499999999999964,0.10254287208840984,ssp126
-65.25,-4.7499999999999964,0.08445407545305078,ssp126
-65.08333333333333,-4.7499999999999964,0.08267124343677157,ssp126
-64.91666666666667,-4.7499999999999964,0.08295470685315544,ssp126
-64.75,-4.7499999999999964,0.0831430129946106,ssp126
-64.58333333333333,-4.7499999999999964,0.08298281687991216,ssp126
-64.41666666666667,-4.7499999999999964,0.07871727756744366,ssp126
-64.25,-4.7499999999999964,0.08317942488150856,ssp126
-64.08333333333333,-4.7499999999999964,0.08767932588404796,ssp126
-63.91666666666667,-4.7499999999999964,0.05162355409159433,ssp126
-63.75,-4.7499999999999964,0.048186989381133596,ssp126
-63.583333333333336,-4.7499999999999964,0.05087032671964917,ssp126
-63.41666666666667,-4.7499999999999964,0.050190356198751854,ssp126
-63.25,-4.7499999999999964,0.05451467467814293,ssp126
-63.083333333333336,-4.7499999999999964,0.04251802150172089,ssp126
-62.91666666666667,-4.7499999999999964,0.04498987518577599,ssp126
-62.75,-4.7499999999999964,0.047007260605102484,ssp126
-62.583333333333336,-4.7499999999999964,0.06314547145032792,ssp126
-62.41666666666667,-4.7499999999999964,0.07340920365008251,ssp126
-62.25,-4.7499999999999964,0.070912371483899575,ssp126
-62.083333333333336,-4.7499999999999964,0.13525760841259923,ssp126
-61.91666666666667,-4.7499999999999964,0.08782955204851449,ssp126
-61.75,-4.7499999999999964,0.06962228214336813,ssp126
-61.583333333333336,-4.7499999999999964,0.07705338377363492,ssp126
-61.41666666666667,-4.7499999999999964,0.07762563737788368,ssp126
-61.25,-4.7499999999999964,0.0805525195895867,ssp126
-61.083333333333336,-4.7499999999999964,0.09028931304214764,ssp126
-60.91666666666667,-4.7499999999999964,0.10406291383467536,ssp126
-60.75,-4.7499999999999964,0.10613856690204283,ssp126
-60.583333333333336,-4.7499999999999964,0.15025163388199575,ssp126
-60.41666666666667,-4.7499999999999964,0.11805336434810534,ssp126
-60.25,-4.7499999999999964,0.12884952352878293,ssp126
-60.083333333333336,-4.7499999999999964,0.1325891724076075,ssp126
-59.91666666666667,-4.7499999999999964,0.1650314972637738,ssp126
-59.75,-4.7499999999999964,0.16748769450505266,ssp126
-59.583333333333336,-4.7499999999999964,0.1694223646381097,ssp126
-59.41666666666667,-4.7499999999999964,0.15142009646034255,ssp126
-59.25,-4.7499999999999964,0.20215932944949308,ssp126
-59.083333333333336,-4.7499999999999964,0.20862757713233024,ssp126
-58.91666666666667,-4.7499999999999964,0.21727260656995664,ssp126
-58.75,-4.7499999999999964,0.22369549315189302,ssp126
-58.583333333333336,-4.7499999999999964,0.2185493359558581,ssp126
-58.41666666666667,-4.7499999999999964,0.1887931038858051,ssp126
-58.25,-4.7499999999999964,0.24118952320765968,ssp126
-58.083333333333336,-4.7499999999999964,0.22008696669974198,ssp126
-57.91666666666667,-4.7499999999999964,0.1879926089728462,ssp126
-57.75,-4.7499999999999964,0.22933226425847913,ssp126
-57.583333333333336,-4.7499999999999964,0.22119656932036313,ssp126
-57.41666666666667,-4.7499999999999964,0.21543651901653862,ssp126
-57.25,-4.7499999999999964,0.18710233378740537,ssp126
-57.083333333333336,-4.7499999999999964,0.14187747713750698,ssp126
-56.91666666666667,-4.7499999999999964,0.1572841510366605,ssp126
-56.75,-4.7499999999999964,0.16817159530050899,ssp126
-56.583333333333336,-4.7499999999999964,0.1674960191320923,ssp126
-56.41666666666667,-4.7499999999999964,0.1894375037489993,ssp126
-56.25,-4.7499999999999964,0.18230313259326822,ssp126
-56.083333333333336,-4.7499999999999964,0.14618630141603242,ssp126
-55.91666666666667,-4.7499999999999964,0.1742383013707997,ssp126
-55.75,-4.7499999999999964,0.18822900737191595,ssp126
-55.583333333333336,-4.7499999999999964,0.09715763414836956,ssp126
-55.41666666666667,-4.7499999999999964,0.0887176907893512,ssp126
-55.25,-4.7499999999999964,0.1001697328089352,ssp126
-55.083333333333336,-4.7499999999999964,0.1117537396982137,ssp126
-54.91666666666667,-4.7499999999999964,0.10921570498377768,ssp126
-54.75,-4.7499999999999964,0.09188696124933968,ssp126
-54.583333333333336,-4.7499999999999964,0.05403161441629484,ssp126
-54.41666666666667,-4.7499999999999964,0.06753490865493107,ssp126
-54.25,-4.7499999999999964,0.0739722707847836,ssp126
-54.083333333333336,-4.7499999999999964,0.06438035417549874,ssp126
-53.91666666666667,-4.7499999999999964,0.06817857329591938,ssp126
-53.75,-4.7499999999999964,0.059757249577883365,ssp126
-53.583333333333336,-4.7499999999999964,0.0648839930454516,ssp126
-53.41666666666667,-4.7499999999999964,0.06991249712597855,ssp126
-53.25,-4.7499999999999964,0.045049676295030934,ssp126
-53.083333333333336,-4.7499999999999964,0.03713223907699817,ssp126
-52.91666666666667,-4.7499999999999964,0.05888293166255861,ssp126
-52.75,-4.7499999999999964,0.06423282222907631,ssp126
-52.583333333333336,-4.7499999999999964,0.05826175224905218,ssp126
-52.41666666666667,-4.7499999999999964,0.06367991396477654,ssp126
-52.25,-4.7499999999999964,0.06612622631352486,ssp126
-52.083333333333336,-4.7499999999999964,0.053674928672000306,ssp126
-51.91666666666667,-4.7499999999999964,0.051575208695820614,ssp126
-51.75,-4.7499999999999964,0.06230913906524234,ssp126
-51.583333333333336,-4.7499999999999964,0.06502743216421036,ssp126
-51.41666666666667,-4.7499999999999964,0.05955677321579334,ssp126
-51.25,-4.7499999999999964,0.07568570179987107,ssp126
-51.083333333333336,-4.7499999999999964,0.07368364717386906,ssp126
-50.91666666666667,-4.7499999999999964,0.049982386206340566,ssp126
-50.75,-4.7499999999999964,0.06685958522970449,ssp126
-50.583333333333336,-4.7499999999999964,0.09155047949872004,ssp126
-50.41666666666667,-4.7499999999999964,0.07199758872871097,ssp126
-50.25,-4.7499999999999964,0.06576166376588348,ssp126
-50.083333333333336,-4.7499999999999964,0.07785135724879934,ssp126
-49.91666666666667,-4.7499999999999964,0.09221139805493908,ssp126
-49.75,-4.7499999999999964,0.09962780796946306,ssp126
-49.583333333333336,-4.7499999999999964,0.10389267838753473,ssp126
-49.41666666666667,-4.7499999999999964,0.10593661648539127,ssp126
-49.25,-4.7499999999999964,0.12218993922940748,ssp126
-49.083333333333336,-4.7499999999999964,0.10974964183034508,ssp126
-48.91666666666667,-4.7499999999999964,0.08076135531866478,ssp126
-48.75,-4.7499999999999964,0.05348184898468052,ssp126
-48.583333333333336,-4.7499999999999964,0.03621384883053606,ssp126
-48.41666666666667,-4.7499999999999964,0.022974116068724466,ssp126
-48.25,-4.7499999999999964,0.03716335721817011,ssp126
-48.083333333333336,-4.7499999999999964,0.030558067369162906,ssp126
-47.91666666666667,-4.7499999999999964,0.018262412164062505,ssp126
-47.75,-4.7499999999999964,0.044119177636761674,ssp126
-47.583333333333336,-4.7499999999999964,0.02367439699503766,ssp126
-47.41666666666667,-4.7499999999999964,0.05960105188698183,ssp126
-47.25,-4.7499999999999964,0.025348873087953548,ssp126
-47.083333333333336,-4.7499999999999964,0.02768007389113444,ssp126
-46.91666666666667,-4.7499999999999964,0.03934117792203143,ssp126
-46.75,-4.7499999999999964,0.023362396579687066,ssp126
-46.583333333333336,-4.7499999999999964,0.02512462364879675,ssp126
-46.41666666666667,-4.7499999999999964,0.031391356201664035,ssp126
-46.25,-4.7499999999999964,0.02084167893919739,ssp126
-46.083333333333336,-4.7499999999999964,0.029831270816261943,ssp126
-45.91666666666667,-4.7499999999999964,0.034148459807503265,ssp126
-45.75,-4.7499999999999964,0.04125240120573109,ssp126
-72.25,-4.916666666666664,0.06277941621530983,ssp126
-72.08333333333333,-4.916666666666664,0.06674436755073253,ssp126
-71.91666666666667,-4.916666666666664,0.05337675995773602,ssp126
-71.75,-4.916666666666664,0.058757540477419955,ssp126
-71.58333333333333,-4.916666666666664,0.07057219169230836,ssp126
-71.41666666666667,-4.916666666666664,0.06456213587702286,ssp126
-71.25,-4.916666666666664,0.0527526121097688,ssp126
-71.08333333333333,-4.916666666666664,0.05546005629549106,ssp126
-70.91666666666667,-4.916666666666664,0.058872902125434744,ssp126
-70.75,-4.916666666666664,0.06989896722054639,ssp126
-70.58333333333333,-4.916666666666664,0.057765225402972596,ssp126
-70.41666666666667,-4.916666666666664,0.06233770151209093,ssp126
-70.25,-4.916666666666664,0.12881711771347132,ssp126
-70.08333333333333,-4.916666666666664,0.13994762154942125,ssp126
-69.91666666666667,-4.916666666666664,0.11878471108324751,ssp126
-69.75,-4.916666666666664,0.1208998768704804,ssp126
-69.58333333333333,-4.916666666666664,0.11408342103858475,ssp126
-69.41666666666667,-4.916666666666664,0.09809491686501863,ssp126
-69.25,-4.916666666666664,0.07873462127299313,ssp126
-69.08333333333333,-4.916666666666664,0.07726068403741437,ssp126
-68.91666666666667,-4.916666666666664,0.08213658453966963,ssp126
-68.75,-4.916666666666664,0.09344722197966732,ssp126
-68.58333333333333,-4.916666666666664,0.11012088587085886,ssp126
-68.41666666666667,-4.916666666666664,0.08131372547663757,ssp126
-68.25,-4.916666666666664,0.08668050955146923,ssp126
-68.08333333333333,-4.916666666666664,0.11764157106597495,ssp126
-67.91666666666667,-4.916666666666664,0.09396935488616515,ssp126
-67.75,-4.916666666666664,0.10410859281315867,ssp126
-67.58333333333333,-4.916666666666664,0.10123929938310755,ssp126
-67.41666666666667,-4.916666666666664,0.10432441583108902,ssp126
-67.25,-4.916666666666664,0.12178237305707308,ssp126
-67.08333333333333,-4.916666666666664,0.12882734220270545,ssp126
-66.91666666666667,-4.916666666666664,0.125418844407351,ssp126
-66.75,-4.916666666666664,0.16072536971042092,ssp126
-66.58333333333333,-4.916666666666664,0.15815926354308874,ssp126
-66.41666666666667,-4.916666666666664,0.1361824938243856,ssp126
-66.25,-4.916666666666664,0.12724074551369582,ssp126
-66.08333333333333,-4.916666666666664,0.12402655405531705,ssp126
-65.91666666666667,-4.916666666666664,0.11613356761520892,ssp126
-65.75,-4.916666666666664,0.13959941091227726,ssp126
-65.58333333333333,-4.916666666666664,0.12550352209260698,ssp126
-65.41666666666667,-4.916666666666664,0.10951613119832622,ssp126
-65.25,-4.916666666666664,0.10518076446617548,ssp126
-65.08333333333333,-4.916666666666664,0.09054557357333284,ssp126
-64.91666666666667,-4.916666666666664,0.08740446295989746,ssp126
-64.75,-4.916666666666664,0.08757816287248496,ssp126
-64.58333333333333,-4.916666666666664,0.08320797611740877,ssp126
-64.41666666666667,-4.916666666666664,0.08386241270635417,ssp126
-64.25,-4.916666666666664,0.08248547327477096,ssp126
-64.08333333333333,-4.916666666666664,0.08473399766404277,ssp126
-63.91666666666667,-4.916666666666664,0.08992253286218037,ssp126
-63.75,-4.916666666666664,0.05965573181316981,ssp126
-63.583333333333336,-4.916666666666664,0.061708709619242824,ssp126
-63.41666666666667,-4.916666666666664,0.06629642166826262,ssp126
-63.25,-4.916666666666664,0.04942443496867834,ssp126
-63.083333333333336,-4.916666666666664,0.059669187176534126,ssp126
-62.91666666666667,-4.916666666666664,0.058365656188644886,ssp126
-62.75,-4.916666666666664,0.0825015839004492,ssp126
-62.583333333333336,-4.916666666666664,0.07215376507052852,ssp126
-62.41666666666667,-4.916666666666664,0.07090680332875682,ssp126
-62.25,-4.916666666666664,0.1289313066745624,ssp126
-62.083333333333336,-4.916666666666664,0.08515986078281584,ssp126
-61.91666666666667,-4.916666666666664,0.06807074250141908,ssp126
-61.75,-4.916666666666664,0.06865411529008546,ssp126
-61.583333333333336,-4.916666666666664,0.0742659935539171,ssp126
-61.41666666666667,-4.916666666666664,0.07751899102868498,ssp126
-61.25,-4.916666666666664,0.08098274935180533,ssp126
-61.083333333333336,-4.916666666666664,0.09081337991783707,ssp126
-60.91666666666667,-4.916666666666664,0.10360644849140743,ssp126
-60.75,-4.916666666666664,0.10688731690915011,ssp126
-60.583333333333336,-4.916666666666664,0.10827918302280656,ssp126
-60.41666666666667,-4.916666666666664,0.12691771417271866,ssp126
-60.25,-4.916666666666664,0.13239650925861393,ssp126
-60.083333333333336,-4.916666666666664,0.12563320011390672,ssp126
-59.91666666666667,-4.916666666666664,0.16379130793055627,ssp126
-59.75,-4.916666666666664,0.1612570205892179,ssp126
-59.583333333333336,-4.916666666666664,0.15258456375478666,ssp126
-59.41666666666667,-4.916666666666664,0.14276352712808327,ssp126
-59.25,-4.916666666666664,0.2048353442629539,ssp126
-59.083333333333336,-4.916666666666664,0.19678537116922237,ssp126
-58.91666666666667,-4.916666666666664,0.20431901673922426,ssp126
-58.75,-4.916666666666664,0.19426758413729958,ssp126
-58.583333333333336,-4.916666666666664,0.16433391066934022,ssp126
-58.41666666666667,-4.916666666666664,0.215113299629046,ssp126
-58.25,-4.916666666666664,0.2205074605556886,ssp126
-58.083333333333336,-4.916666666666664,0.21947774935475528,ssp126
-57.91666666666667,-4.916666666666664,0.22204099941707647,ssp126
-57.75,-4.916666666666664,0.21792352544888247,ssp126
-57.583333333333336,-4.916666666666664,0.16818541768527218,ssp126
-57.41666666666667,-4.916666666666664,0.21057647257082213,ssp126
-57.25,-4.916666666666664,0.16707834288849982,ssp126
-57.083333333333336,-4.916666666666664,0.1536412327799268,ssp126
-56.91666666666667,-4.916666666666664,0.1630986036956075,ssp126
-56.75,-4.916666666666664,0.14249851389489812,ssp126
-56.583333333333336,-4.916666666666664,0.1455645502221431,ssp126
-56.41666666666667,-4.916666666666664,0.18924189902363106,ssp126
-56.25,-4.916666666666664,0.15677031701110025,ssp126
-56.083333333333336,-4.916666666666664,0.15859244929940652,ssp126
-55.91666666666667,-4.916666666666664,0.14337593463886922,ssp126
-55.75,-4.916666666666664,0.13074871593303627,ssp126
-55.583333333333336,-4.916666666666664,0.10894814514746456,ssp126
-55.41666666666667,-4.916666666666664,0.10575948312752077,ssp126
-55.25,-4.916666666666664,0.09825902649359122,ssp126
-55.083333333333336,-4.916666666666664,0.09225154478049334,ssp126
-54.91666666666667,-4.916666666666664,0.08655433684541909,ssp126
-54.75,-4.916666666666664,0.07995506964934648,ssp126
-54.583333333333336,-4.916666666666664,0.08297434405512558,ssp126
-54.41666666666667,-4.916666666666664,0.05895137577820715,ssp126
-54.25,-4.916666666666664,0.05985015944167075,ssp126
-54.083333333333336,-4.916666666666664,0.06069898914970944,ssp126
-53.91666666666667,-4.916666666666664,0.054568537435580856,ssp126
-53.75,-4.916666666666664,0.05185165428682844,ssp126
-53.583333333333336,-4.916666666666664,0.049046166417173756,ssp126
-53.41666666666667,-4.916666666666664,0.06021787645952949,ssp126
-53.25,-4.916666666666664,0.052746828563240006,ssp126
-53.083333333333336,-4.916666666666664,0.054538756245278326,ssp126
-52.91666666666667,-4.916666666666664,0.054144023245519694,ssp126
-52.75,-4.916666666666664,0.05848912677545137,ssp126
-52.583333333333336,-4.916666666666664,0.052069744015483234,ssp126
-52.41666666666667,-4.916666666666664,0.05096002921898664,ssp126
-52.25,-4.916666666666664,0.049158249140054726,ssp126
-52.083333333333336,-4.916666666666664,0.04222714685228533,ssp126
-51.91666666666667,-4.916666666666664,0.04331509329413845,ssp126
-51.75,-4.916666666666664,0.048677686578395704,ssp126
-51.583333333333336,-4.916666666666664,0.05407755978815367,ssp126
-51.41666666666667,-4.916666666666664,0.05075066315221389,ssp126
-51.25,-4.916666666666664,0.06335073216782196,ssp126
-51.083333333333336,-4.916666666666664,0.06481443181091706,ssp126
-50.91666666666667,-4.916666666666664,0.05912339121536298,ssp126
-50.75,-4.916666666666664,0.05394229557933837,ssp126
-50.583333333333336,-4.916666666666664,0.05761579994884162,ssp126
-50.41666666666667,-4.916666666666664,0.06009679922474646,ssp126
-50.25,-4.916666666666664,0.07156011407545562,ssp126
-50.083333333333336,-4.916666666666664,0.08695166826337736,ssp126
-49.91666666666667,-4.916666666666664,0.09296204646191888,ssp126
-49.75,-4.916666666666664,0.09503994634660137,ssp126
-49.583333333333336,-4.916666666666664,0.10172765111484096,ssp126
-49.41666666666667,-4.916666666666664,0.10227404839279941,ssp126
-49.25,-4.916666666666664,0.11576385124261324,ssp126
-49.083333333333336,-4.916666666666664,0.09968087970108935,ssp126
-48.91666666666667,-4.916666666666664,0.07551638568812329,ssp126
-48.75,-4.916666666666664,0.06574785856656745,ssp126
-48.583333333333336,-4.916666666666664,0.04818397907882053,ssp126
-48.41666666666667,-4.916666666666664,0.03190107521385465,ssp126
-48.25,-4.916666666666664,0.022959911665406858,ssp126
-48.083333333333336,-4.916666666666664,0.0180974768174245,ssp126
-47.91666666666667,-4.916666666666664,0.014782438813790844,ssp126
-47.75,-4.916666666666664,0.017461780861024453,ssp126
-47.583333333333336,-4.916666666666664,0.01721977940128932,ssp126
-47.41666666666667,-4.916666666666664,0.057808695868321436,ssp126
-47.25,-4.916666666666664,0.022427785177256552,ssp126
-47.083333333333336,-4.916666666666664,0.02007328426265387,ssp126
-46.91666666666667,-4.916666666666664,0.032706468063571595,ssp126
-46.75,-4.916666666666664,0.023723093219546833,ssp126
-46.583333333333336,-4.916666666666664,0.03107526542258111,ssp126
-46.41666666666667,-4.916666666666664,0.01861071488448487,ssp126
-46.25,-4.916666666666664,0.01464833805529824,ssp126
-46.083333333333336,-4.916666666666664,0.03144679096665539,ssp126
-45.91666666666667,-4.916666666666664,0.026961450690098993,ssp126
-45.75,-4.916666666666664,0.030834117294589965,ssp126
-72.41666666666667,-5.08333333333333,0.062025120144169305,ssp126
-72.25,-5.08333333333333,0.05240791341540084,ssp126
-72.08333333333333,-5.08333333333333,0.05401054538192015,ssp126
-71.91666666666667,-5.08333333333333,0.05890591418787498,ssp126
-71.75,-5.08333333333333,0.06969422363114039,ssp126
-71.58333333333333,-5.08333333333333,0.06447061660917627,ssp126
-71.41666666666667,-5.08333333333333,0.05155421330546788,ssp126
-71.25,-5.08333333333333,0.06100657976210087,ssp126
-71.08333333333333,-5.08333333333333,0.05684810779335695,ssp126
-70.91666666666667,-5.08333333333333,0.05752679056187081,ssp126
-70.75,-5.08333333333333,0.058005950000610526,ssp126
-70.58333333333333,-5.08333333333333,0.06652153506067507,ssp126
-70.41666666666667,-5.08333333333333,0.09763724229621347,ssp126
-70.25,-5.08333333333333,0.13076911653920179,ssp126
-70.08333333333333,-5.08333333333333,0.13062816331180038,ssp126
-69.91666666666667,-5.08333333333333,0.12799192858016217,ssp126
-69.75,-5.08333333333333,0.11904192456302504,ssp126
-69.58333333333333,-5.08333333333333,0.08420310941632143,ssp126
-69.41666666666667,-5.08333333333333,0.08902017338932816,ssp126
-69.25,-5.08333333333333,0.09114389411281633,ssp126
-69.08333333333333,-5.08333333333333,0.09218015165296405,ssp126
-68.91666666666667,-5.08333333333333,0.08948309361526889,ssp126
-68.75,-5.08333333333333,0.10543797488099932,ssp126
-68.58333333333333,-5.08333333333333,0.10610405100515367,ssp126
-68.41666666666667,-5.08333333333333,0.08753150418540884,ssp126
-68.25,-5.08333333333333,0.10314682436284077,ssp126
-68.08333333333333,-5.08333333333333,0.11943564476195119,ssp126
-67.91666666666667,-5.08333333333333,0.10366446066798382,ssp126
-67.75,-5.08333333333333,0.10690697291158645,ssp126
-67.58333333333333,-5.08333333333333,0.11613188840274695,ssp126
-67.41666666666667,-5.08333333333333,0.1271256757440339,ssp126
-67.25,-5.08333333333333,0.13633436094997406,ssp126
-67.08333333333333,-5.08333333333333,0.12709612826406813,ssp126
-66.91666666666667,-5.08333333333333,0.17279673216582497,ssp126
-66.75,-5.08333333333333,0.16529908860768017,ssp126
-66.58333333333333,-5.08333333333333,0.15956933563235748,ssp126
-66.41666666666667,-5.08333333333333,0.1334411134455154,ssp126
-66.25,-5.08333333333333,0.13274670841863326,ssp126
-66.08333333333333,-5.08333333333333,0.12253929968963768,ssp126
-65.91666666666667,-5.08333333333333,0.11565968342869377,ssp126
-65.75,-5.08333333333333,0.13819823724053223,ssp126
-65.58333333333333,-5.08333333333333,0.12484287131240426,ssp126
-65.41666666666667,-5.08333333333333,0.09554280036790017,ssp126
-65.25,-5.08333333333333,0.09511952682282905,ssp126
-65.08333333333333,-5.08333333333333,0.0882081882798314,ssp126
-64.91666666666667,-5.08333333333333,0.08479912106294288,ssp126
-64.75,-5.08333333333333,0.08205991819220479,ssp126
-64.58333333333333,-5.08333333333333,0.07892831846710867,ssp126
-64.41666666666667,-5.08333333333333,0.08206054690915879,ssp126
-64.25,-5.08333333333333,0.07958486557094674,ssp126
-64.08333333333333,-5.08333333333333,0.0752965223846528,ssp126
-63.91666666666667,-5.08333333333333,0.09439770819523073,ssp126
-63.75,-5.08333333333333,0.1590210167108679,ssp126
-63.583333333333336,-5.08333333333333,0.0913155970159309,ssp126
-63.41666666666667,-5.08333333333333,0.0493286056493744,ssp126
-63.25,-5.08333333333333,0.048200775941799154,ssp126
-63.083333333333336,-5.08333333333333,0.052356786600429715,ssp126
-62.91666666666667,-5.08333333333333,0.09492965573773611,ssp126
-62.75,-5.08333333333333,0.06857401232149041,ssp126
-62.583333333333336,-5.08333333333333,0.13428984208977615,ssp126
-62.41666666666667,-5.08333333333333,0.1345065134272314,ssp126
-62.25,-5.08333333333333,0.08528463856961395,ssp126
-62.083333333333336,-5.08333333333333,0.07098487653196812,ssp126
-61.91666666666667,-5.08333333333333,0.07152946648637569,ssp126
-61.75,-5.08333333333333,0.07024836925115634,ssp126
-61.583333333333336,-5.08333333333333,0.07467415496998173,ssp126
-61.41666666666667,-5.08333333333333,0.077431377375986,ssp126
-61.25,-5.08333333333333,0.08025884855880544,ssp126
-61.083333333333336,-5.08333333333333,0.09328948735485201,ssp126
-60.91666666666667,-5.08333333333333,0.1033617541290323,ssp126
-60.75,-5.08333333333333,0.10345957622217622,ssp126
-60.583333333333336,-5.08333333333333,0.12247137169270347,ssp126
-60.41666666666667,-5.08333333333333,0.13427109290586745,ssp126
-60.25,-5.08333333333333,0.15948762662018492,ssp126
-60.083333333333336,-5.08333333333333,0.15773029218313264,ssp126
-59.91666666666667,-5.08333333333333,0.15408626058301206,ssp126
-59.75,-5.08333333333333,0.1453657349188175,ssp126
-59.583333333333336,-5.08333333333333,0.14163950478127915,ssp126
-59.41666666666667,-5.08333333333333,0.18617752154827547,ssp126
-59.25,-5.08333333333333,0.18654205874967314,ssp126
-59.083333333333336,-5.08333333333333,0.17837131950727997,ssp126
-58.91666666666667,-5.08333333333333,0.17661429083843969,ssp126
-58.75,-5.08333333333333,0.14079388359649886,ssp126
-58.583333333333336,-5.08333333333333,0.1639123253983641,ssp126
-58.41666666666667,-5.08333333333333,0.21443339228041877,ssp126
-58.25,-5.08333333333333,0.19546864704163386,ssp126
-58.083333333333336,-5.08333333333333,0.1989996104413479,ssp126
-57.91666666666667,-5.08333333333333,0.19831145120669272,ssp126
-57.75,-5.08333333333333,0.17813977339607648,ssp126
-57.583333333333336,-5.08333333333333,0.16566937909368445,ssp126
-57.41666666666667,-5.08333333333333,0.20342279053275528,ssp126
-57.25,-5.08333333333333,0.14085658961805833,ssp126
-57.083333333333336,-5.08333333333333,0.1523439370075091,ssp126
-56.91666666666667,-5.08333333333333,0.16190246983306386,ssp126
-56.75,-5.08333333333333,0.17835268535918014,ssp126
-56.583333333333336,-5.08333333333333,0.1344045194024442,ssp126
-56.41666666666667,-5.08333333333333,0.1361922862917371,ssp126
-56.25,-5.08333333333333,0.15824919913054736,ssp126
-56.083333333333336,-5.08333333333333,0.15886542804888598,ssp126
-55.91666666666667,-5.08333333333333,0.1498948412290634,ssp126
-55.75,-5.08333333333333,0.12620595461734366,ssp126
-55.583333333333336,-5.08333333333333,0.11117486908249911,ssp126
-55.41666666666667,-5.08333333333333,0.09810519677327507,ssp126
-55.25,-5.08333333333333,0.10598145847682305,ssp126
-55.083333333333336,-5.08333333333333,0.07413382024537711,ssp126
-54.91666666666667,-5.08333333333333,0.07658624953962208,ssp126
-54.75,-5.08333333333333,0.06602081463424937,ssp126
-54.583333333333336,-5.08333333333333,0.07123967035461419,ssp126
-54.41666666666667,-5.08333333333333,0.07152541089860429,ssp126
-54.25,-5.08333333333333,0.040530080313708486,ssp126
-54.083333333333336,-5.08333333333333,0.04969815224351286,ssp126
-53.91666666666667,-5.08333333333333,0.053437161820399724,ssp126
-53.75,-5.08333333333333,0.060964393258493094,ssp126
-53.583333333333336,-5.08333333333333,0.04377828175436519,ssp126
-53.41666666666667,-5.08333333333333,0.056275417695532945,ssp126
-53.25,-5.08333333333333,0.04287351984111131,ssp126
-53.083333333333336,-5.08333333333333,0.04632895438484615,ssp126
-52.91666666666667,-5.08333333333333,0.047582504498074524,ssp126
-52.75,-5.08333333333333,0.05191316266124743,ssp126
-52.583333333333336,-5.08333333333333,0.045571362760928935,ssp126
-52.41666666666667,-5.08333333333333,0.041835069084793064,ssp126
-52.25,-5.08333333333333,0.04388214133929869,ssp126
-52.083333333333336,-5.08333333333333,0.037602929759382495,ssp126
-51.91666666666667,-5.08333333333333,0.04797065096812023,ssp126
-51.75,-5.08333333333333,0.04959996751748367,ssp126
-51.583333333333336,-5.08333333333333,0.04825861664707821,ssp126
-51.41666666666667,-5.08333333333333,0.05184724098548069,ssp126
-51.25,-5.08333333333333,0.05055487196987188,ssp126
-51.083333333333336,-5.08333333333333,0.0500025885572593,ssp126
-50.91666666666667,-5.08333333333333,0.04824792968411036,ssp126
-50.75,-5.08333333333333,0.05500208558522279,ssp126
-50.583333333333336,-5.08333333333333,0.055821340775133704,ssp126
-50.41666666666667,-5.08333333333333,0.07677575878576554,ssp126
-50.25,-5.08333333333333,0.08601906709786895,ssp126
-50.083333333333336,-5.08333333333333,0.0968120298815386,ssp126
-49.91666666666667,-5.08333333333333,0.0903678363322031,ssp126
-49.75,-5.08333333333333,0.08640051528315139,ssp126
-49.583333333333336,-5.08333333333333,0.09023950998061646,ssp126
-49.41666666666667,-5.08333333333333,0.09640354458335589,ssp126
-49.25,-5.08333333333333,0.08983153223484644,ssp126
-49.083333333333336,-5.08333333333333,0.08879556679602081,ssp126
-48.91666666666667,-5.08333333333333,0.070057520330853107,ssp126
-48.75,-5.08333333333333,0.06452791323594717,ssp126
-48.583333333333336,-5.08333333333333,0.06605529197291547,ssp126
-48.41666666666667,-5.08333333333333,0.05695603887541522,ssp126
-48.25,-5.08333333333333,0.05306109942196164,ssp126
-48.083333333333336,-5.08333333333333,0.044066495259084584,ssp126
-47.91666666666667,-5.08333333333333,0.036381419710049066,ssp126
-47.75,-5.08333333333333,0.03357645763594734,ssp126
-47.583333333333336,-5.08333333333333,0.017616636093083598,ssp126
-47.41666666666667,-5.08333333333333,0.019618620028579697,ssp126
-47.25,-5.08333333333333,0.023144220919716806,ssp126
-47.083333333333336,-5.08333333333333,0.0208910069882126,ssp126
-46.91666666666667,-5.08333333333333,0.03229891169023298,ssp126
-46.75,-5.08333333333333,0.02588462833430414,ssp126
-46.583333333333336,-5.08333333333333,0.021576213095358242,ssp126
-46.41666666666667,-5.08333333333333,0.029086739963617596,ssp126
-46.25,-5.08333333333333,0.023730286705365977,ssp126
-46.083333333333336,-5.08333333333333,0.028743613623040776,ssp126
-45.91666666666667,-5.08333333333333,0.030220302572696804,ssp126
-72.75,-5.2499999999999964,0.05969771124239546,ssp126
-72.58333333333333,-5.2499999999999964,0.06335824280119413,ssp126
-72.41666666666667,-5.2499999999999964,0.04746289804679144,ssp126
-72.25,-5.2499999999999964,0.05521588221167368,ssp126
-72.08333333333333,-5.2499999999999964,0.056167469776625296,ssp126
-71.91666666666667,-5.2499999999999964,0.06440104307517296,ssp126
-71.75,-5.2499999999999964,0.0663897474712417,ssp126
-71.58333333333333,-5.2499999999999964,0.06847070566653263,ssp126
-71.41666666666667,-5.2499999999999964,0.05456951882620288,ssp126
-71.25,-5.2499999999999964,0.0569094880341324,ssp126
-71.08333333333333,-5.2499999999999964,0.05898395525447376,ssp126
-70.91666666666667,-5.2499999999999964,0.06400366496445307,ssp126
-70.75,-5.2499999999999964,0.07235767950399255,ssp126
-70.58333333333333,-5.2499999999999964,0.12475289874441023,ssp126
-70.41666666666667,-5.2499999999999964,0.09280879519588056,ssp126
-70.25,-5.2499999999999964,0.13216301515393783,ssp126
-70.08333333333333,-5.2499999999999964,0.12006220481863898,ssp126
-69.91666666666667,-5.2499999999999964,0.11035487059458352,ssp126
-69.75,-5.2499999999999964,0.08097034959653822,ssp126
-69.58333333333333,-5.2499999999999964,0.09054250258296476,ssp126
-69.41666666666667,-5.2499999999999964,0.10214306048884617,ssp126
-69.25,-5.2499999999999964,0.09392644142592543,ssp126
-69.08333333333333,-5.2499999999999964,0.08591218821914445,ssp126
-68.91666666666667,-5.2499999999999964,0.10967150882324664,ssp126
-68.75,-5.2499999999999964,0.1023848825978668,ssp126
-68.58333333333333,-5.2499999999999964,0.08369369641177918,ssp126
-68.41666666666667,-5.2499999999999964,0.10258445904999833,ssp126
-68.25,-5.2499999999999964,0.13154833057573073,ssp126
-68.08333333333333,-5.2499999999999964,0.12880839284929868,ssp126
-67.91666666666667,-5.2499999999999964,0.11049672571083197,ssp126
-67.75,-5.2499999999999964,0.11819249709769758,ssp126
-67.58333333333333,-5.2499999999999964,0.14065026541870912,ssp126
-67.41666666666667,-5.2499999999999964,0.1465250081429634,ssp126
-67.25,-5.2499999999999964,0.1351764315866578,ssp126
-67.08333333333333,-5.2499999999999964,0.1788595935795541,ssp126
-66.91666666666667,-5.2499999999999964,0.16842184166509602,ssp126
-66.75,-5.2499999999999964,0.13518639350306855,ssp126
-66.58333333333333,-5.2499999999999964,0.1438913288812531,ssp126
-66.41666666666667,-5.2499999999999964,0.13604545810919252,ssp126
-66.25,-5.2499999999999964,0.126503063359684,ssp126
-66.08333333333333,-5.2499999999999964,0.11847950278499308,ssp126
-65.91666666666667,-5.2499999999999964,0.11304674584623346,ssp126
-65.75,-5.2499999999999964,0.1082213570577807,ssp126
-65.58333333333333,-5.2499999999999964,0.10077204541152845,ssp126
-65.41666666666667,-5.2499999999999964,0.09842081200807466,ssp126
-65.25,-5.2499999999999964,0.09246328292138957,ssp126
-65.08333333333333,-5.2499999999999964,0.0894478343083112,ssp126
-64.91666666666667,-5.2499999999999964,0.08102126208178292,ssp126
-64.75,-5.2499999999999964,0.08159940157280865,ssp126
-64.58333333333333,-5.2499999999999964,0.08016980069428252,ssp126
-64.41666666666667,-5.2499999999999964,0.12782252431930574,ssp126
-64.25,-5.2499999999999964,0.07716985427877511,ssp126
-64.08333333333333,-5.2499999999999964,0.07532039710009736,ssp126
-63.91666666666667,-5.2499999999999964,0.07654387720390136,ssp126
-63.75,-5.2499999999999964,0.09129580369854384,ssp126
-63.583333333333336,-5.2499999999999964,0.09629571877507442,ssp126
-63.41666666666667,-5.2499999999999964,0.10602420200194494,ssp126
-63.25,-5.2499999999999964,0.11614857906459995,ssp126
-63.083333333333336,-5.2499999999999964,0.1101653645941901,ssp126
-62.91666666666667,-5.2499999999999964,0.06330594685249098,ssp126
-62.75,-5.2499999999999964,0.12966721865900904,ssp126
-62.583333333333336,-5.2499999999999964,0.12763807586027304,ssp126
-62.41666666666667,-5.2499999999999964,0.12276857568737558,ssp126
-62.25,-5.2499999999999964,0.08457144702934825,ssp126
-62.083333333333336,-5.2499999999999964,0.06665199901364137,ssp126
-61.91666666666667,-5.2499999999999964,0.07026776961492319,ssp126
-61.75,-5.2499999999999964,0.07316310379554611,ssp126
-61.583333333333336,-5.2499999999999964,0.07399962861271875,ssp126
-61.41666666666667,-5.2499999999999964,0.07763789919549564,ssp126
-61.25,-5.2499999999999964,0.07800437927004421,ssp126
-61.083333333333336,-5.2499999999999964,0.10750483687445801,ssp126
-60.91666666666667,-5.2499999999999964,0.09802485139448336,ssp126
-60.75,-5.2499999999999964,0.11150266301879076,ssp126
-60.583333333333336,-5.2499999999999964,0.10812804427904155,ssp126
-60.41666666666667,-5.2499999999999964,0.1548682696565547,ssp126
-60.25,-5.2499999999999964,0.14708091109438082,ssp126
-60.083333333333336,-5.2499999999999964,0.11052717245779106,ssp126
-59.91666666666667,-5.2499999999999964,0.11491940354538485,ssp126
-59.75,-5.2499999999999964,0.13949370934463556,ssp126
-59.583333333333336,-5.2499999999999964,0.15263640314591106,ssp126
-59.41666666666667,-5.2499999999999964,0.1685990686864754,ssp126
-59.25,-5.2499999999999964,0.1678168895100443,ssp126
-59.083333333333336,-5.2499999999999964,0.17240305505479595,ssp126
-58.91666666666667,-5.2499999999999964,0.15496261748254359,ssp126
-58.75,-5.2499999999999964,0.14051072709433104,ssp126
-58.583333333333336,-5.2499999999999964,0.19273677567378295,ssp126
-58.41666666666667,-5.2499999999999964,0.19727804381484149,ssp126
-58.25,-5.2499999999999964,0.1830394189446766,ssp126
-58.083333333333336,-5.2499999999999964,0.17958233457117953,ssp126
-57.91666666666667,-5.2499999999999964,0.17725179034078856,ssp126
-57.75,-5.2499999999999964,0.15950908030386593,ssp126
-57.583333333333336,-5.2499999999999964,0.14949953320453133,ssp126
-57.41666666666667,-5.2499999999999964,0.19132083390031324,ssp126
-57.25,-5.2499999999999964,0.1321783209684834,ssp126
-57.083333333333336,-5.2499999999999964,0.16915305235818506,ssp126
-56.91666666666667,-5.2499999999999964,0.15918459335913226,ssp126
-56.75,-5.2499999999999964,0.18218105875189977,ssp126
-56.583333333333336,-5.2499999999999964,0.16116052747078155,ssp126
-56.41666666666667,-5.2499999999999964,0.14017549054097034,ssp126
-56.25,-5.2499999999999964,0.12322171343947559,ssp126
-56.083333333333336,-5.2499999999999964,0.15151106948974036,ssp126
-55.91666666666667,-5.2499999999999964,0.14435569593290298,ssp126
-55.75,-5.2499999999999964,0.13128637769904095,ssp126
-55.583333333333336,-5.2499999999999964,0.10525471737798492,ssp126
-55.41666666666667,-5.2499999999999964,0.08517888713784114,ssp126
-55.25,-5.2499999999999964,0.10723602781661644,ssp126
-55.083333333333336,-5.2499999999999964,0.0877906610706689,ssp126
-54.91666666666667,-5.2499999999999964,0.0662859519823209,ssp126
-54.75,-5.2499999999999964,0.06428601393737049,ssp126
-54.583333333333336,-5.2499999999999964,0.06028509084851018,ssp126
-54.41666666666667,-5.2499999999999964,0.06986958964430035,ssp126
-54.25,-5.2499999999999964,0.046560513550165154,ssp126
-54.083333333333336,-5.2499999999999964,0.04630879559152038,ssp126
-53.91666666666667,-5.2499999999999964,0.04705570121849126,ssp126
-53.75,-5.2499999999999964,0.0561967933447668,ssp126
-53.583333333333336,-5.2499999999999964,0.050479102283546434,ssp126
-53.41666666666667,-5.2499999999999964,0.04200341125254361,ssp126
-53.25,-5.2499999999999964,0.03764087007373271,ssp126
-53.083333333333336,-5.2499999999999964,0.04092808926211388,ssp126
-52.91666666666667,-5.2499999999999964,0.04108248377544353,ssp126
-52.75,-5.2499999999999964,0.0464300696173831,ssp126
-52.583333333333336,-5.2499999999999964,0.04039768539633586,ssp126
-52.41666666666667,-5.2499999999999964,0.0363249531787548,ssp126
-52.25,-5.2499999999999964,0.036678964563914944,ssp126
-52.083333333333336,-5.2499999999999964,0.0301183316828926,ssp126
-51.91666666666667,-5.2499999999999964,0.03635172314863672,ssp126
-51.75,-5.2499999999999964,0.03758180165073606,ssp126
-51.583333333333336,-5.2499999999999964,0.03975141835667522,ssp126
-51.41666666666667,-5.2499999999999964,0.05195040896765129,ssp126
-51.25,-5.2499999999999964,0.04724380463730683,ssp126
-51.083333333333336,-5.2499999999999964,0.04717968646843596,ssp126
-50.91666666666667,-5.2499999999999964,0.04657589575672508,ssp126
-50.75,-5.2499999999999964,0.05061192947919629,ssp126
-50.583333333333336,-5.2499999999999964,0.05993947945066938,ssp126
-50.41666666666667,-5.2499999999999964,0.07346831340210477,ssp126
-50.25,-5.2499999999999964,0.08232366339228744,ssp126
-50.083333333333336,-5.2499999999999964,0.08360154643504095,ssp126
-49.91666666666667,-5.2499999999999964,0.08174630803493077,ssp126
-49.75,-5.2499999999999964,0.0765434911185406,ssp126
-49.583333333333336,-5.2499999999999964,0.08774711123926002,ssp126
-49.41666666666667,-5.2499999999999964,0.09013425482806518,ssp126
-49.25,-5.2499999999999964,0.0888350422099808,ssp126
-49.083333333333336,-5.2499999999999964,0.09050723899096004,ssp126
-48.91666666666667,-5.2499999999999964,0.0782549937017555,ssp126
-48.75,-5.2499999999999964,0.06520283749891974,ssp126
-48.583333333333336,-5.2499999999999964,0.05434943033107925,ssp126
-48.41666666666667,-5.2499999999999964,0.04835265275331505,ssp126
-48.25,-5.2499999999999964,0.04388297925249611,ssp126
-48.083333333333336,-5.2499999999999964,0.0442605432499282,ssp126
-47.083333333333336,-5.2499999999999964,0.02007393267384972,ssp126
-46.91666666666667,-5.2499999999999964,0.031071196948163737,ssp126
-46.75,-5.2499999999999964,0.02305731213469583,ssp126
-46.583333333333336,-5.2499999999999964,0.021121237545312976,ssp126
-72.75,-5.416666666666664,0.060610384259268214,ssp126
-72.58333333333333,-5.416666666666664,0.05617408695136334,ssp126
-72.41666666666667,-5.416666666666664,0.049895992266849654,ssp126
-72.25,-5.416666666666664,0.053544374390136096,ssp126
-72.08333333333333,-5.416666666666664,0.0648060105322465,ssp126
-71.91666666666667,-5.416666666666664,0.06507886542205842,ssp126
-71.75,-5.416666666666664,0.0602848765751631,ssp126
-71.58333333333333,-5.416666666666664,0.05458395041295335,ssp126
-71.41666666666667,-5.416666666666664,0.05888913228156159,ssp126
-71.25,-5.416666666666664,0.06280473447231509,ssp126
-71.08333333333333,-5.416666666666664,0.060634673480275125,ssp126
-70.91666666666667,-5.416666666666664,0.06596754917158311,ssp126
-70.75,-5.416666666666664,0.05952425581678888,ssp126
-70.58333333333333,-5.416666666666664,0.08689127341625628,ssp126
-70.41666666666667,-5.416666666666664,0.09778291926628094,ssp126
-70.25,-5.416666666666664,0.1269931474250243,ssp126
-70.08333333333333,-5.416666666666664,0.11216898306872498,ssp126
-69.91666666666667,-5.416666666666664,0.10007504655274899,ssp126
-69.75,-5.416666666666664,0.0932941172055222,ssp126
-69.58333333333333,-5.416666666666664,0.10054592689057201,ssp126
-69.41666666666667,-5.416666666666664,0.09833098552916054,ssp126
-69.25,-5.416666666666664,0.08932644354643554,ssp126
-69.08333333333333,-5.416666666666664,0.10901508659390807,ssp126
-68.91666666666667,-5.416666666666664,0.11113812123153445,ssp126
-68.75,-5.416666666666664,0.10671955640845548,ssp126
-68.58333333333333,-5.416666666666664,0.09911157546859414,ssp126
-68.41666666666667,-5.416666666666664,0.10303110998307455,ssp126
-68.25,-5.416666666666664,0.13116915826098752,ssp126
-68.08333333333333,-5.416666666666664,0.10741532402574416,ssp126
-67.91666666666667,-5.416666666666664,0.12062542283168456,ssp126
-67.75,-5.416666666666664,0.13281886419751626,ssp126
-67.58333333333333,-5.416666666666664,0.15463387504989382,ssp126
-67.41666666666667,-5.416666666666664,0.13580824989093082,ssp126
-67.25,-5.416666666666664,0.18187638509414114,ssp126
-67.08333333333333,-5.416666666666664,0.17685577418627416,ssp126
-66.91666666666667,-5.416666666666664,0.16352013068337054,ssp126
-66.75,-5.416666666666664,0.1460621868653839,ssp126
-66.58333333333333,-5.416666666666664,0.14551079729737224,ssp126
-66.41666666666667,-5.416666666666664,0.13672791823748784,ssp126
-66.25,-5.416666666666664,0.1385912046955193,ssp126
-66.08333333333333,-5.416666666666664,0.13432742424989302,ssp126
-65.91666666666667,-5.416666666666664,0.12179997202564495,ssp126
-65.75,-5.416666666666664,0.11219322708701876,ssp126
-65.58333333333333,-5.416666666666664,0.10832501209526975,ssp126
-65.41666666666667,-5.416666666666664,0.10144851621277663,ssp126
-65.25,-5.416666666666664,0.09586136595452335,ssp126
-65.08333333333333,-5.416666666666664,0.0880350016839426,ssp126
-64.91666666666667,-5.416666666666664,0.08610180568097578,ssp126
-64.75,-5.416666666666664,0.08439070801331236,ssp126
-64.58333333333333,-5.416666666666664,0.08158585938947126,ssp126
-64.41666666666667,-5.416666666666664,0.0865188981476793,ssp126
-64.25,-5.416666666666664,0.13953703297670308,ssp126
-64.08333333333333,-5.416666666666664,0.08729805433331451,ssp126
-63.91666666666667,-5.416666666666664,0.15957380030266302,ssp126
-63.75,-5.416666666666664,0.0976375403440416,ssp126
-63.583333333333336,-5.416666666666664,0.10490807414400799,ssp126
-63.41666666666667,-5.416666666666664,0.15389114968907422,ssp126
-63.25,-5.416666666666664,0.10899711861887253,ssp126
-63.083333333333336,-5.416666666666664,0.13645566391492966,ssp126
-62.91666666666667,-5.416666666666664,0.13898747020641228,ssp126
-62.75,-5.416666666666664,0.10044923523556994,ssp126
-62.583333333333336,-5.416666666666664,0.12208786555227605,ssp126
-62.41666666666667,-5.416666666666664,0.07905440563645881,ssp126
-62.25,-5.416666666666664,0.06551906294104136,ssp126
-62.083333333333336,-5.416666666666664,0.06782489738949299,ssp126
-61.91666666666667,-5.416666666666664,0.06801918634215581,ssp126
-61.75,-5.416666666666664,0.06520350408456549,ssp126
-61.583333333333336,-5.416666666666664,0.06977484065209531,ssp126
-61.41666666666667,-5.416666666666664,0.07960463155370984,ssp126
-61.25,-5.416666666666664,0.0840356345501199,ssp126
-61.083333333333336,-5.416666666666664,0.09403947540580776,ssp126
-60.91666666666667,-5.416666666666664,0.09830579534280763,ssp126
-60.75,-5.416666666666664,0.10163563238652794,ssp126
-60.583333333333336,-5.416666666666664,0.13417173349052333,ssp126
-60.41666666666667,-5.416666666666664,0.14361602627700285,ssp126
-60.25,-5.416666666666664,0.12801308672274486,ssp126
-60.083333333333336,-5.416666666666664,0.10411204989907277,ssp126
-59.91666666666667,-5.416666666666664,0.10963534128777656,ssp126
-59.75,-5.416666666666664,0.15184151354861278,ssp126
-59.583333333333336,-5.416666666666664,0.1522243649725047,ssp126
-59.41666666666667,-5.416666666666664,0.1591563453364464,ssp126
-59.25,-5.416666666666664,0.15733698416054293,ssp126
-59.083333333333336,-5.416666666666664,0.15469966284976153,ssp126
-58.91666666666667,-5.416666666666664,0.12196476036865775,ssp126
-58.75,-5.416666666666664,0.17096649222254087,ssp126
-58.583333333333336,-5.416666666666664,0.1669209790256486,ssp126
-58.41666666666667,-5.416666666666664,0.16654434591890055,ssp126
-58.25,-5.416666666666664,0.16091138926940476,ssp126
-58.083333333333336,-5.416666666666664,0.12766334892740397,ssp126
-57.91666666666667,-5.416666666666664,0.1684330027032043,ssp126
-57.75,-5.416666666666664,0.15320584044489197,ssp126
-57.583333333333336,-5.416666666666664,0.1097508174538222,ssp126
-57.41666666666667,-5.416666666666664,0.1168435727550046,ssp126
-57.25,-5.416666666666664,0.13124694048192523,ssp126
-57.083333333333336,-5.416666666666664,0.15367056038781968,ssp126
-56.91666666666667,-5.416666666666664,0.17248733162029967,ssp126
-56.75,-5.416666666666664,0.15051738482706317,ssp126
-56.583333333333336,-5.416666666666664,0.13784095500631102,ssp126
-56.41666666666667,-5.416666666666664,0.11744367486642078,ssp126
-56.25,-5.416666666666664,0.13131956963050773,ssp126
-56.083333333333336,-5.416666666666664,0.20431025066739955,ssp126
-55.91666666666667,-5.416666666666664,0.16261866142064677,ssp126
-55.75,-5.416666666666664,0.10958612848312331,ssp126
-55.583333333333336,-5.416666666666664,0.09228435199197028,ssp126
-55.41666666666667,-5.416666666666664,0.07413245824633657,ssp126
-55.25,-5.416666666666664,0.0787199770290827,ssp126
-55.083333333333336,-5.416666666666664,0.08531914437426466,ssp126
-54.91666666666667,-5.416666666666664,0.06090664771360325,ssp126
-54.75,-5.416666666666664,0.05435141267277928,ssp126
-54.583333333333336,-5.416666666666664,0.05446902055139675,ssp126
-54.41666666666667,-5.416666666666664,0.05989423182567218,ssp126
-54.25,-5.416666666666664,0.05182646154133388,ssp126
-54.083333333333336,-5.416666666666664,0.03691739405074066,ssp126
-53.91666666666667,-5.416666666666664,0.04432482076988891,ssp126
-53.75,-5.416666666666664,0.05019296683735932,ssp126
-53.583333333333336,-5.416666666666664,0.04182225006160747,ssp126
-53.41666666666667,-5.416666666666664,0.026617380527422397,ssp126
-53.25,-5.416666666666664,0.035504626080225136,ssp126
-53.083333333333336,-5.416666666666664,0.03329892425191836,ssp126
-52.91666666666667,-5.416666666666664,0.035507663760156946,ssp126
-52.75,-5.416666666666664,0.04670290733661619,ssp126
-52.583333333333336,-5.416666666666664,0.04023310206033546,ssp126
-52.41666666666667,-5.416666666666664,0.03771538299503355,ssp126
-52.25,-5.416666666666664,0.037669195207046265,ssp126
-52.083333333333336,-5.416666666666664,0.034911676307171145,ssp126
-51.91666666666667,-5.416666666666664,0.029171552448583275,ssp126
-51.75,-5.416666666666664,0.027954309595803525,ssp126
-51.583333333333336,-5.416666666666664,0.031188110830215873,ssp126
-51.41666666666667,-5.416666666666664,0.03438352075808376,ssp126
-51.25,-5.416666666666664,0.04591515967629512,ssp126
-51.083333333333336,-5.416666666666664,0.04463605133869318,ssp126
-50.91666666666667,-5.416666666666664,0.038839966410152915,ssp126
-50.75,-5.416666666666664,0.04795609296387273,ssp126
-50.583333333333336,-5.416666666666664,0.06302302454858863,ssp126
-50.41666666666667,-5.416666666666664,0.06585423509620365,ssp126
-50.25,-5.416666666666664,0.07356283096921622,ssp126
-50.083333333333336,-5.416666666666664,0.07397741106379321,ssp126
-49.91666666666667,-5.416666666666664,0.0708326318697118,ssp126
-49.75,-5.416666666666664,0.07270101535281417,ssp126
-49.583333333333336,-5.416666666666664,0.07324771949827238,ssp126
-49.41666666666667,-5.416666666666664,0.06888075567893044,ssp126
-49.25,-5.416666666666664,0.07558555346158359,ssp126
-49.083333333333336,-5.416666666666664,0.09526346230561045,ssp126
-48.91666666666667,-5.416666666666664,0.0820144378980358,ssp126
-48.75,-5.416666666666664,0.08312703366513223,ssp126
-48.583333333333336,-5.416666666666664,0.07303136619939185,ssp126
-48.41666666666667,-5.416666666666664,0.056881144519134515,ssp126
-48.25,-5.416666666666664,0.050576236723526125,ssp126
-48.083333333333336,-5.416666666666664,0.041963086258429275,ssp126
-72.75,-5.58333333333333,0.05473601804509472,ssp126
-72.58333333333333,-5.58333333333333,0.05476638032159997,ssp126
-72.41666666666667,-5.58333333333333,0.055421415904948486,ssp126
-72.25,-5.58333333333333,0.055754283903699894,ssp126
-72.08333333333333,-5.58333333333333,0.0625259551196451,ssp126
-71.91666666666667,-5.58333333333333,0.06297249795925455,ssp126
-71.75,-5.58333333333333,0.05831939619127422,ssp126
-71.58333333333333,-5.58333333333333,0.05552127677179205,ssp126
-71.41666666666667,-5.58333333333333,0.05647183523666556,ssp126
-71.25,-5.58333333333333,0.08025216515091237,ssp126
-71.08333333333333,-5.58333333333333,0.06628746440535077,ssp126
-70.91666666666667,-5.58333333333333,0.06316292044735214,ssp126
-70.75,-5.58333333333333,0.06324641604246903,ssp126
-70.58333333333333,-5.58333333333333,0.09947516604425691,ssp126
-70.41666666666667,-5.58333333333333,0.12659824758115334,ssp126
-70.25,-5.58333333333333,0.11448642372801585,ssp126
-70.08333333333333,-5.58333333333333,0.10818841429619097,ssp126
-69.91666666666667,-5.58333333333333,0.10137661954422571,ssp126
-69.75,-5.58333333333333,0.09409978324811737,ssp126
-69.58333333333333,-5.58333333333333,0.09888715891070599,ssp126
-69.41666666666667,-5.58333333333333,0.09729780473995188,ssp126
-69.25,-5.58333333333333,0.09481536236632544,ssp126
-69.08333333333333,-5.58333333333333,0.12947627515987822,ssp126
-68.91666666666667,-5.58333333333333,0.11457691716501708,ssp126
-68.75,-5.58333333333333,0.09802927577307728,ssp126
-68.58333333333333,-5.58333333333333,0.10288362481488328,ssp126
-68.41666666666667,-5.58333333333333,0.1098822192218266,ssp126
-68.25,-5.58333333333333,0.13055181782692868,ssp126
-68.08333333333333,-5.58333333333333,0.11618842383363581,ssp126
-67.91666666666667,-5.58333333333333,0.13251734968960258,ssp126
-67.75,-5.58333333333333,0.15773894397707602,ssp126
-67.58333333333333,-5.58333333333333,0.1382783376355554,ssp126
-67.41666666666667,-5.58333333333333,0.18318738923701916,ssp126
-67.25,-5.58333333333333,0.17759164140914474,ssp126
-67.08333333333333,-5.58333333333333,0.1635166040692801,ssp126
-66.91666666666667,-5.58333333333333,0.15218893030280045,ssp126
-66.75,-5.58333333333333,0.15622665473074987,ssp126
-66.58333333333333,-5.58333333333333,0.16132706629727578,ssp126
-66.41666666666667,-5.58333333333333,0.1348421703611791,ssp126
-66.25,-5.58333333333333,0.1337485256373176,ssp126
-66.08333333333333,-5.58333333333333,0.1421598936206273,ssp126
-65.91666666666667,-5.58333333333333,0.1354936401577085,ssp126
-65.75,-5.58333333333333,0.12688515159355682,ssp126
-65.58333333333333,-5.58333333333333,0.11842321637099967,ssp126
-65.41666666666667,-5.58333333333333,0.10636521966321444,ssp126
-65.25,-5.58333333333333,0.09690101196014025,ssp126
-65.08333333333333,-5.58333333333333,0.0925245996511646,ssp126
-64.91666666666667,-5.58333333333333,0.0883798664247651,ssp126
-64.75,-5.58333333333333,0.08530501208480551,ssp126
-64.58333333333333,-5.58333333333333,0.08517899630228898,ssp126
-64.41666666666667,-5.58333333333333,0.08517596446117222,ssp126
-64.25,-5.58333333333333,0.09619446909794199,ssp126
-64.08333333333333,-5.58333333333333,0.15916085805108623,ssp126
-63.91666666666667,-5.58333333333333,0.09917514799130245,ssp126
-63.75,-5.58333333333333,0.10029014312666493,ssp126
-63.583333333333336,-5.58333333333333,0.10366486876330022,ssp126
-63.41666666666667,-5.58333333333333,0.10535325310508417,ssp126
-63.25,-5.58333333333333,0.1337079955408178,ssp126
-63.083333333333336,-5.58333333333333,0.13813211156791266,ssp126
-62.91666666666667,-5.58333333333333,0.1284145545943221,ssp126
-62.75,-5.58333333333333,0.10136249555689092,ssp126
-62.583333333333336,-5.58333333333333,0.12326149876534397,ssp126
-62.41666666666667,-5.58333333333333,0.07949079018261694,ssp126
-62.25,-5.58333333333333,0.07085665397023687,ssp126
-62.083333333333336,-5.58333333333333,0.06626714267503045,ssp126
-61.91666666666667,-5.58333333333333,0.07007399400531464,ssp126
-61.75,-5.58333333333333,0.06842312273396699,ssp126
-61.583333333333336,-5.58333333333333,0.07009621279800524,ssp126
-61.41666666666667,-5.58333333333333,0.08118906618096189,ssp126
-61.25,-5.58333333333333,0.09008072142377206,ssp126
-61.083333333333336,-5.58333333333333,0.10393476528587865,ssp126
-60.91666666666667,-5.58333333333333,0.09177515154676155,ssp126
-60.75,-5.58333333333333,0.11588017439995008,ssp126
-60.583333333333336,-5.58333333333333,0.11420888651808266,ssp126
-60.41666666666667,-5.58333333333333,0.09448954206507403,ssp126
-60.25,-5.58333333333333,0.11543404171880418,ssp126
-60.083333333333336,-5.58333333333333,0.12056485852998561,ssp126
-59.91666666666667,-5.58333333333333,0.13518094836125671,ssp126
-59.75,-5.58333333333333,0.10414378795315514,ssp126
-59.583333333333336,-5.58333333333333,0.1395640016781097,ssp126
-59.41666666666667,-5.58333333333333,0.13905094841372756,ssp126
-59.25,-5.58333333333333,0.13973796088626236,ssp126
-59.083333333333336,-5.58333333333333,0.13523786380985278,ssp126
-58.91666666666667,-5.58333333333333,0.10896070576866247,ssp126
-58.75,-5.58333333333333,0.15150493616757094,ssp126
-58.583333333333336,-5.58333333333333,0.1503681631999999,ssp126
-58.41666666666667,-5.58333333333333,0.1470416542936986,ssp126
-58.25,-5.58333333333333,0.13327076783439812,ssp126
-58.083333333333336,-5.58333333333333,0.10418238952084488,ssp126
-57.91666666666667,-5.58333333333333,0.1452790802850088,ssp126
-57.75,-5.58333333333333,0.12338363764716612,ssp126
-57.583333333333336,-5.58333333333333,0.11347840591811649,ssp126
-57.41666666666667,-5.58333333333333,0.1371152535511143,ssp126
-57.25,-5.58333333333333,0.1347262650860688,ssp126
-57.083333333333336,-5.58333333333333,0.14999816805918334,ssp126
-56.91666666666667,-5.58333333333333,0.14260398252980253,ssp126
-56.75,-5.58333333333333,0.14045537585490506,ssp126
-56.583333333333336,-5.58333333333333,0.13283368218552302,ssp126
-56.41666666666667,-5.58333333333333,0.07924425424176962,ssp126
-56.25,-5.58333333333333,0.11160386393284329,ssp126
-56.083333333333336,-5.58333333333333,0.13320558497104457,ssp126
-55.91666666666667,-5.58333333333333,0.12488655045753563,ssp126
-55.75,-5.58333333333333,0.10315795151890034,ssp126
-55.583333333333336,-5.58333333333333,0.08351445253760822,ssp126
-55.41666666666667,-5.58333333333333,0.1192796232805025,ssp126
-55.25,-5.58333333333333,0.099975554618763,ssp126
-55.083333333333336,-5.58333333333333,0.087655692730349,ssp126
-54.91666666666667,-5.58333333333333,0.057123283370379634,ssp126
-54.75,-5.58333333333333,0.06308991215787624,ssp126
-54.583333333333336,-5.58333333333333,0.06546865397951215,ssp126
-54.41666666666667,-5.58333333333333,0.052001257698974894,ssp126
-54.25,-5.58333333333333,0.06368105737889028,ssp126
-54.083333333333336,-5.58333333333333,0.046302111798896935,ssp126
-53.91666666666667,-5.58333333333333,0.027959285543967344,ssp126
-53.75,-5.58333333333333,0.03380533808669973,ssp126
-53.583333333333336,-5.58333333333333,0.031569335573271774,ssp126
-53.41666666666667,-5.58333333333333,0.03006411505964367,ssp126
-53.25,-5.58333333333333,0.032597485064604664,ssp126
-53.083333333333336,-5.58333333333333,0.04380491843689894,ssp126
-52.91666666666667,-5.58333333333333,0.029965960581800098,ssp126
-52.75,-5.58333333333333,0.03126079989873076,ssp126
-52.583333333333336,-5.58333333333333,0.03733144853964778,ssp126
-52.41666666666667,-5.58333333333333,0.03699017050281617,ssp126
-52.25,-5.58333333333333,0.043552858680001194,ssp126
-52.083333333333336,-5.58333333333333,0.0338801171779679,ssp126
-51.91666666666667,-5.58333333333333,0.03040679612853721,ssp126
-51.75,-5.58333333333333,0.03200648456280752,ssp126
-51.583333333333336,-5.58333333333333,0.03216312907321928,ssp126
-51.41666666666667,-5.58333333333333,0.04397163097067235,ssp126
-51.25,-5.58333333333333,0.050185458667973054,ssp126
-51.083333333333336,-5.58333333333333,0.0552953151463656,ssp126
-50.91666666666667,-5.58333333333333,0.03220939606494098,ssp126
-50.75,-5.58333333333333,0.04615494601912208,ssp126
-50.583333333333336,-5.58333333333333,0.05739681772258199,ssp126
-50.41666666666667,-5.58333333333333,0.0696259102473671,ssp126
-50.25,-5.58333333333333,0.06922596745670667,ssp126
-50.083333333333336,-5.58333333333333,0.07030239651261469,ssp126
-49.91666666666667,-5.58333333333333,0.07323324455189337,ssp126
-49.75,-5.58333333333333,0.07176550427998499,ssp126
-49.583333333333336,-5.58333333333333,0.07332695178579167,ssp126
-49.41666666666667,-5.58333333333333,0.0721898167348363,ssp126
-49.25,-5.58333333333333,0.06721163972772388,ssp126
-49.083333333333336,-5.58333333333333,0.0748610484561671,ssp126
-48.91666666666667,-5.58333333333333,0.07548257347018728,ssp126
-48.75,-5.58333333333333,0.06640549514601149,ssp126
-48.583333333333336,-5.58333333333333,0.07216790529414528,ssp126
-48.41666666666667,-5.58333333333333,0.04281781012797065,ssp126
-48.25,-5.58333333333333,0.04680195912880395,ssp126
-72.75,-5.7499999999999964,0.056650155589025926,ssp126
-72.58333333333333,-5.7499999999999964,0.056149284764032206,ssp126
-72.41666666666667,-5.7499999999999964,0.05536230606197716,ssp126
-72.25,-5.7499999999999964,0.056000126988042645,ssp126
-72.08333333333333,-5.7499999999999964,0.06453374508451702,ssp126
-71.91666666666667,-5.7499999999999964,0.06032291029074191,ssp126
-71.75,-5.7499999999999964,0.04942544289687925,ssp126
-71.58333333333333,-5.7499999999999964,0.04877187392519161,ssp126
-71.41666666666667,-5.7499999999999964,0.058175020354685386,ssp126
-71.25,-5.7499999999999964,0.07195948978186904,ssp126
-71.08333333333333,-5.7499999999999964,0.055887487459525584,ssp126
-70.91666666666667,-5.7499999999999964,0.06322563068461419,ssp126
-70.75,-5.7499999999999964,0.08929004181161575,ssp126
-70.58333333333333,-5.7499999999999964,0.08678248880501492,ssp126
-70.41666666666667,-5.7499999999999964,0.12657919863909065,ssp126
-70.25,-5.7499999999999964,0.1087792573064329,ssp126
-70.08333333333333,-5.7499999999999964,0.10779509250137266,ssp126
-69.91666666666667,-5.7499999999999964,0.08640147819334539,ssp126
-69.75,-5.7499999999999964,0.09660583716540741,ssp126
-69.58333333333333,-5.7499999999999964,0.10623130885666432,ssp126
-69.41666666666667,-5.7499999999999964,0.10778459706187499,ssp126
-69.25,-5.7499999999999964,0.13536051990487816,ssp126
-69.08333333333333,-5.7499999999999964,0.12549044294588774,ssp126
-68.91666666666667,-5.7499999999999964,0.12307060193019481,ssp126
-68.75,-5.7499999999999964,0.10190744029790597,ssp126
-68.58333333333333,-5.7499999999999964,0.11381834952816143,ssp126
-68.41666666666667,-5.7499999999999964,0.11422264062736416,ssp126
-68.25,-5.7499999999999964,0.14171274107876364,ssp126
-68.08333333333333,-5.7499999999999964,0.13016008133202137,ssp126
-67.91666666666667,-5.7499999999999964,0.15922106901101044,ssp126
-67.75,-5.7499999999999964,0.1545739854573676,ssp126
-67.58333333333333,-5.7499999999999964,0.18681792365644226,ssp126
-67.41666666666667,-5.7499999999999964,0.1799766947201014,ssp126
-67.25,-5.7499999999999964,0.13067195420111716,ssp126
-67.08333333333333,-5.7499999999999964,0.14964150601548734,ssp126
-66.91666666666667,-5.7499999999999964,0.15882972691965852,ssp126
-66.75,-5.7499999999999964,0.15190293731729004,ssp126
-66.58333333333333,-5.7499999999999964,0.14090362019788205,ssp126
-66.41666666666667,-5.7499999999999964,0.13528949681418545,ssp126
-66.25,-5.7499999999999964,0.13519064840670567,ssp126
-66.08333333333333,-5.7499999999999964,0.1322447137543368,ssp126
-65.91666666666667,-5.7499999999999964,0.1315372311568342,ssp126
-65.75,-5.7499999999999964,0.1161468692516396,ssp126
-65.58333333333333,-5.7499999999999964,0.11009023211320573,ssp126
-65.41666666666667,-5.7499999999999964,0.10977248457257335,ssp126
-65.25,-5.7499999999999964,0.10432637506440057,ssp126
-65.08333333333333,-5.7499999999999964,0.09687923755571339,ssp126
-64.91666666666667,-5.7499999999999964,0.09295625122813184,ssp126
-64.75,-5.7499999999999964,0.09177858019160508,ssp126
-64.58333333333333,-5.7499999999999964,0.09325022743584702,ssp126
-64.41666666666667,-5.7499999999999964,0.0990528854206665,ssp126
-64.25,-5.7499999999999964,0.09091440561532185,ssp126
-64.08333333333333,-5.7499999999999964,0.11766367561008306,ssp126
-63.91666666666667,-5.7499999999999964,0.14844427744025454,ssp126
-63.75,-5.7499999999999964,0.1864935078382389,ssp126
-63.583333333333336,-5.7499999999999964,0.1896706735101,ssp126
-63.41666666666667,-5.7499999999999964,0.14180978691475726,ssp126
-63.25,-5.7499999999999964,0.1771534961843499,ssp126
-63.083333333333336,-5.7499999999999964,0.16996051076326468,ssp126
-62.91666666666667,-5.7499999999999964,0.1266623994172788,ssp126
-62.75,-5.7499999999999964,0.09731967838781014,ssp126
-62.583333333333336,-5.7499999999999964,0.11818625894816823,ssp126
-62.41666666666667,-5.7499999999999964,0.07830195064979986,ssp126
-62.25,-5.7499999999999964,0.06804077150796152,ssp126
-62.083333333333336,-5.7499999999999964,0.06799649917022053,ssp126
-61.91666666666667,-5.7499999999999964,0.07025967543840986,ssp126
-61.75,-5.7499999999999964,0.07576585936638602,ssp126
-61.583333333333336,-5.7499999999999964,0.08027958962556621,ssp126
-61.41666666666667,-5.7499999999999964,0.08649084442509401,ssp126
-61.25,-5.7499999999999964,0.11139075162035372,ssp126
-61.083333333333336,-5.7499999999999964,0.11036804904263697,ssp126
-60.91666666666667,-5.7499999999999964,0.08638648878823825,ssp126
-60.75,-5.7499999999999964,0.10885708857164414,ssp126
-60.583333333333336,-5.7499999999999964,0.10570080228105506,ssp126
-60.41666666666667,-5.7499999999999964,0.08200503807744007,ssp126
-60.25,-5.7499999999999964,0.09273345352913155,ssp126
-60.083333333333336,-5.7499999999999964,0.11785675044747151,ssp126
-59.91666666666667,-5.7499999999999964,0.12465779825247725,ssp126
-59.75,-5.7499999999999964,0.09725012452050938,ssp126
-59.583333333333336,-5.7499999999999964,0.10487238875533965,ssp126
-59.41666666666667,-5.7499999999999964,0.13301527415234612,ssp126
-59.25,-5.7499999999999964,0.13314369627642655,ssp126
-59.083333333333336,-5.7499999999999964,0.12632391061983084,ssp126
-58.91666666666667,-5.7499999999999964,0.11611267519782147,ssp126
-58.75,-5.7499999999999964,0.1264055619193079,ssp126
-58.583333333333336,-5.7499999999999964,0.1303414047033965,ssp126
-58.41666666666667,-5.7499999999999964,0.12699540236117612,ssp126
-58.25,-5.7499999999999964,0.1019507201115599,ssp126
-58.083333333333336,-5.7499999999999964,0.09088449395865537,ssp126
-57.91666666666667,-5.7499999999999964,0.11548582819927228,ssp126
-57.75,-5.7499999999999964,0.09748025813836236,ssp126
-57.583333333333336,-5.7499999999999964,0.1273742025866546,ssp126
-57.41666666666667,-5.7499999999999964,0.12684612960958178,ssp126
-57.25,-5.7499999999999964,0.13035334080401892,ssp126
-57.083333333333336,-5.7499999999999964,0.12489580640865694,ssp126
-56.91666666666667,-5.7499999999999964,0.11758354339590378,ssp126
-56.75,-5.7499999999999964,0.11692758785519808,ssp126
-56.583333333333336,-5.7499999999999964,0.11755258616229342,ssp126
-56.41666666666667,-5.7499999999999964,0.0969465842768026,ssp126
-56.25,-5.7499999999999964,0.10898721496888697,ssp126
-56.083333333333336,-5.7499999999999964,0.10488168816916606,ssp126
-55.91666666666667,-5.7499999999999964,0.14174794125666476,ssp126
-55.75,-5.7499999999999964,0.15498065593577237,ssp126
-55.583333333333336,-5.7499999999999964,0.13398795270875424,ssp126
-55.41666666666667,-5.7499999999999964,0.09777721703883613,ssp126
-55.25,-5.7499999999999964,0.07755876094457569,ssp126
-55.083333333333336,-5.7499999999999964,0.07406225474337372,ssp126
-54.91666666666667,-5.7499999999999964,0.0693406459931877,ssp126
-54.75,-5.7499999999999964,0.06878117548078402,ssp126
-54.583333333333336,-5.7499999999999964,0.059973186666147045,ssp126
-54.41666666666667,-5.7499999999999964,0.05065650440427282,ssp126
-54.25,-5.7499999999999964,0.055598995462963006,ssp126
-54.083333333333336,-5.7499999999999964,0.053744032208048485,ssp126
-53.91666666666667,-5.7499999999999964,0.043568026237736805,ssp126
-53.75,-5.7499999999999964,0.0341342969020281,ssp126
-53.583333333333336,-5.7499999999999964,0.024473882297609058,ssp126
-53.41666666666667,-5.7499999999999964,0.03071520487821191,ssp126
-53.25,-5.7499999999999964,0.027070494249131563,ssp126
-53.083333333333336,-5.7499999999999964,0.03762223656366746,ssp126
-52.91666666666667,-5.7499999999999964,0.017918731917779582,ssp126
-52.75,-5.7499999999999964,0.029333925939750597,ssp126
-52.583333333333336,-5.7499999999999964,0.035498695598046866,ssp126
-52.41666666666667,-5.7499999999999964,0.02665353431391998,ssp126
-52.25,-5.7499999999999964,0.026632135377675097,ssp126
-52.083333333333336,-5.7499999999999964,0.01598052930022192,ssp126
-51.91666666666667,-5.7499999999999964,0.023264241640066463,ssp126
-51.75,-5.7499999999999964,0.027564136939398912,ssp126
-51.583333333333336,-5.7499999999999964,0.028868900930068393,ssp126
-51.41666666666667,-5.7499999999999964,0.046045820666258744,ssp126
-51.25,-5.7499999999999964,0.040188927272882195,ssp126
-51.083333333333336,-5.7499999999999964,0.03741810594382845,ssp126
-50.91666666666667,-5.7499999999999964,0.021991576850692432,ssp126
-50.75,-5.7499999999999964,0.03850508766542593,ssp126
-50.583333333333336,-5.7499999999999964,0.03247207011151849,ssp126
-50.41666666666667,-5.7499999999999964,0.055955296711128207,ssp126
-50.25,-5.7499999999999964,0.0716638984762077,ssp126
-50.083333333333336,-5.7499999999999964,0.0717175482635846,ssp126
-49.91666666666667,-5.7499999999999964,0.07041889801600769,ssp126
-49.75,-5.7499999999999964,0.10555459997067711,ssp126
-49.583333333333336,-5.7499999999999964,0.06702762613839303,ssp126
-49.41666666666667,-5.7499999999999964,0.06934014858470021,ssp126
-49.25,-5.7499999999999964,0.06260379731182324,ssp126
-49.083333333333336,-5.7499999999999964,0.0680882445121101,ssp126
-48.91666666666667,-5.7499999999999964,0.06580329451951779,ssp126
-48.75,-5.7499999999999964,0.06126176362787923,ssp126
-48.583333333333336,-5.7499999999999964,0.06374814805153707,ssp126
-48.41666666666667,-5.7499999999999964,0.04020938459244592,ssp126
-48.25,-5.7499999999999964,0.04943475461408664,ssp126
-72.91666666666667,-5.916666666666664,0.06268407376247817,ssp126
-72.75,-5.916666666666664,0.05158879760311434,ssp126
-72.58333333333333,-5.916666666666664,0.05881717990847462,ssp126
-72.41666666666667,-5.916666666666664,0.05193746926043792,ssp126
-72.25,-5.916666666666664,0.057230392533347156,ssp126
-72.08333333333333,-5.916666666666664,0.0642249723694284,ssp126
-71.91666666666667,-5.916666666666664,0.055560200566322784,ssp126
-71.75,-5.916666666666664,0.0536028625511128,ssp126
-71.58333333333333,-5.916666666666664,0.06489113182757256,ssp126
-71.41666666666667,-5.916666666666664,0.06724414603514982,ssp126
-71.25,-5.916666666666664,0.05125026773651478,ssp126
-71.08333333333333,-5.916666666666664,0.059030419155096395,ssp126
-70.91666666666667,-5.916666666666664,0.05951604586403964,ssp126
-70.75,-5.916666666666664,0.07996287995013412,ssp126
-70.58333333333333,-5.916666666666664,0.09029203512407687,ssp126
-70.41666666666667,-5.916666666666664,0.11943798835771643,ssp126
-70.25,-5.916666666666664,0.10271469653762073,ssp126
-70.08333333333333,-5.916666666666664,0.085724363319976,ssp126
-69.91666666666667,-5.916666666666664,0.10324372417577465,ssp126
-69.75,-5.916666666666664,0.11791856103957951,ssp126
-69.58333333333333,-5.916666666666664,0.11747257019142707,ssp126
-69.41666666666667,-5.916666666666664,0.14262083536207057,ssp126
-69.25,-5.916666666666664,0.13209179168300775,ssp126
-69.08333333333333,-5.916666666666664,0.1229984451040664,ssp126
-68.91666666666667,-5.916666666666664,0.1060961050201118,ssp126
-68.75,-5.916666666666664,0.11359035913535873,ssp126
-68.58333333333333,-5.916666666666664,0.12014303694379559,ssp126
-68.41666666666667,-5.916666666666664,0.15253731378599647,ssp126
-68.25,-5.916666666666664,0.11420530672505916,ssp126
-68.08333333333333,-5.916666666666664,0.1439311559197704,ssp126
-67.91666666666667,-5.916666666666664,0.17005194320264458,ssp126
-67.75,-5.916666666666664,0.19391892707976705,ssp126
-67.58333333333333,-5.916666666666664,0.18026159947503367,ssp126
-67.41666666666667,-5.916666666666664,0.14805054087607858,ssp126
-67.25,-5.916666666666664,0.15422747339380624,ssp126
-67.08333333333333,-5.916666666666664,0.15318049575098644,ssp126
-66.91666666666667,-5.916666666666664,0.14955078070623593,ssp126
-66.75,-5.916666666666664,0.18891996030077263,ssp126
-66.58333333333333,-5.916666666666664,0.13672565037033613,ssp126
-66.41666666666667,-5.916666666666664,0.13847714100118316,ssp126
-66.25,-5.916666666666664,0.12873338430894513,ssp126
-66.08333333333333,-5.916666666666664,0.1290763904303149,ssp126
-65.91666666666667,-5.916666666666664,0.1239916627730189,ssp126
-65.75,-5.916666666666664,0.1169788591992462,ssp126
-65.58333333333333,-5.916666666666664,0.10953956194174581,ssp126
-65.41666666666667,-5.916666666666664,0.10351303830498507,ssp126
-65.25,-5.916666666666664,0.09433393711479468,ssp126
-65.08333333333333,-5.916666666666664,0.0942586458401068,ssp126
-64.91666666666667,-5.916666666666664,0.09789943391778295,ssp126
-64.75,-5.916666666666664,0.09943838767647593,ssp126
-64.58333333333333,-5.916666666666664,0.09840418934215005,ssp126
-64.41666666666667,-5.916666666666664,0.09505326729884483,ssp126
-64.25,-5.916666666666664,0.11958586798913202,ssp126
-64.08333333333333,-5.916666666666664,0.12946961551820285,ssp126
-63.91666666666667,-5.916666666666664,0.15450148240213737,ssp126
-63.75,-5.916666666666664,0.18573247139925203,ssp126
-63.583333333333336,-5.916666666666664,0.14820917620399784,ssp126
-63.41666666666667,-5.916666666666664,0.14427773841220246,ssp126
-63.25,-5.916666666666664,0.17574436067495788,ssp126
-63.083333333333336,-5.916666666666664,0.16647343086788144,ssp126
-62.91666666666667,-5.916666666666664,0.12833178788970884,ssp126
-62.75,-5.916666666666664,0.09718562945083238,ssp126
-62.583333333333336,-5.916666666666664,0.11330897737191982,ssp126
-62.41666666666667,-5.916666666666664,0.07140797905637528,ssp126
-62.25,-5.916666666666664,0.06935406060939528,ssp126
-62.083333333333336,-5.916666666666664,0.0691796013992357,ssp126
-61.91666666666667,-5.916666666666664,0.07001861626136019,ssp126
-61.75,-5.916666666666664,0.07810879409549364,ssp126
-61.583333333333336,-5.916666666666664,0.07670719082153932,ssp126
-61.41666666666667,-5.916666666666664,0.09940596753535956,ssp126
-61.25,-5.916666666666664,0.09892369835024378,ssp126
-61.083333333333336,-5.916666666666664,0.07349710399467224,ssp126
-60.91666666666667,-5.916666666666664,0.07808827954263003,ssp126
-60.75,-5.916666666666664,0.07298189753736112,ssp126
-60.583333333333336,-5.916666666666664,0.09512026342980998,ssp126
-60.41666666666667,-5.916666666666664,0.07583792245669119,ssp126
-60.25,-5.916666666666664,0.07396101971059808,ssp126
-60.083333333333336,-5.916666666666664,0.10549333654042453,ssp126
-59.91666666666667,-5.916666666666664,0.10987735713895522,ssp126
-59.75,-5.916666666666664,0.08459105208523171,ssp126
-59.583333333333336,-5.916666666666664,0.09274511343199035,ssp126
-59.41666666666667,-5.916666666666664,0.11951680324813126,ssp126
-59.25,-5.916666666666664,0.11890450859691952,ssp126
-59.083333333333336,-5.916666666666664,0.11717856042180134,ssp126
-58.91666666666667,-5.916666666666664,0.10633226119259175,ssp126
-58.75,-5.916666666666664,0.10856494672195814,ssp126
-58.583333333333336,-5.916666666666664,0.11515459656543288,ssp126
-58.41666666666667,-5.916666666666664,0.10749550511449019,ssp126
-58.25,-5.916666666666664,0.08101929918376723,ssp126
-58.083333333333336,-5.916666666666664,0.07662758361103318,ssp126
-57.91666666666667,-5.916666666666664,0.07439368864906246,ssp126
-57.75,-5.916666666666664,0.09253335228867846,ssp126
-57.583333333333336,-5.916666666666664,0.10768951654009938,ssp126
-57.41666666666667,-5.916666666666664,0.12085006623164143,ssp126
-57.25,-5.916666666666664,0.11154717869121915,ssp126
-57.083333333333336,-5.916666666666664,0.09473984628053768,ssp126
-56.91666666666667,-5.916666666666664,0.12000203804569934,ssp126
-56.75,-5.916666666666664,0.1041601290419478,ssp126
-56.583333333333336,-5.916666666666664,0.07757617176116209,ssp126
-56.41666666666667,-5.916666666666664,0.10586242238319274,ssp126
-56.25,-5.916666666666664,0.15078658147856308,ssp126
-56.083333333333336,-5.916666666666664,0.13755009439680804,ssp126
-55.91666666666667,-5.916666666666664,0.10791528486459841,ssp126
-55.75,-5.916666666666664,0.14957820307003714,ssp126
-55.583333333333336,-5.916666666666664,0.11111332242247488,ssp126
-55.41666666666667,-5.916666666666664,0.08084603464196641,ssp126
-55.25,-5.916666666666664,0.06379497844041575,ssp126
-55.083333333333336,-5.916666666666664,0.06276882384321511,ssp126
-54.91666666666667,-5.916666666666664,0.07000677140896927,ssp126
-54.75,-5.916666666666664,0.06237187564358725,ssp126
-54.583333333333336,-5.916666666666664,0.054132058817360336,ssp126
-54.41666666666667,-5.916666666666664,0.047556761004258256,ssp126
-54.25,-5.916666666666664,0.04372249234090533,ssp126
-54.083333333333336,-5.916666666666664,0.04415891678100392,ssp126
-53.91666666666667,-5.916666666666664,0.049755928109032836,ssp126
-53.75,-5.916666666666664,0.040114073006043464,ssp126
-53.583333333333336,-5.916666666666664,0.019621469582330787,ssp126
-53.41666666666667,-5.916666666666664,0.023116042717364955,ssp126
-53.25,-5.916666666666664,0.017669983092474095,ssp126
-53.083333333333336,-5.916666666666664,0.02053801767497093,ssp126
-52.91666666666667,-5.916666666666664,0.02332483070620164,ssp126
-52.75,-5.916666666666664,0.026617801554500112,ssp126
-52.583333333333336,-5.916666666666664,0.025833372871488635,ssp126
-52.41666666666667,-5.916666666666664,0.03710951382761308,ssp126
-52.25,-5.916666666666664,0.021164943410042457,ssp126
-52.083333333333336,-5.916666666666664,0.011096290824986678,ssp126
-51.91666666666667,-5.916666666666664,0.01750725360883521,ssp126
-51.75,-5.916666666666664,0.015477388828359995,ssp126
-51.583333333333336,-5.916666666666664,0.022369311684166244,ssp126
-51.41666666666667,-5.916666666666664,0.02322752234805923,ssp126
-51.25,-5.916666666666664,0.028451824904003283,ssp126
-51.083333333333336,-5.916666666666664,0.02644630131006947,ssp126
-50.91666666666667,-5.916666666666664,0.015997307068018034,ssp126
-50.75,-5.916666666666664,0.022799113380718817,ssp126
-50.583333333333336,-5.916666666666664,0.03383663125624955,ssp126
-50.41666666666667,-5.916666666666664,0.060605489097742854,ssp126
-50.25,-5.916666666666664,0.1011662364933688,ssp126
-50.083333333333336,-5.916666666666664,0.09300345630286608,ssp126
-49.91666666666667,-5.916666666666664,0.07149603689173566,ssp126
-49.75,-5.916666666666664,0.06497279456749619,ssp126
-49.583333333333336,-5.916666666666664,0.04221366913636031,ssp126
-49.41666666666667,-5.916666666666664,0.0630759923769543,ssp126
-49.25,-5.916666666666664,0.056371514450226534,ssp126
-49.083333333333336,-5.916666666666664,0.06492914108274782,ssp126
-48.91666666666667,-5.916666666666664,0.05485032148197548,ssp126
-48.75,-5.916666666666664,0.05661233589038166,ssp126
-48.583333333333336,-5.916666666666664,0.04792337249273081,ssp126
-48.41666666666667,-5.916666666666664,0.043710065210256055,ssp126
-48.25,-5.916666666666664,0.056998464035040955,ssp126
-73.08333333333333,-6.08333333333333,0.06120713976493886,ssp126
-72.91666666666667,-6.08333333333333,0.051757362623459584,ssp126
-72.75,-6.08333333333333,0.055607602574153286,ssp126
-72.58333333333333,-6.08333333333333,0.05761217280074792,ssp126
-72.41666666666667,-6.08333333333333,0.06107416288193871,ssp126
-72.25,-6.08333333333333,0.07240693335847008,ssp126
-72.08333333333333,-6.08333333333333,0.07005302041879058,ssp126
-71.91666666666667,-6.08333333333333,0.0470858104086501,ssp126
-71.75,-6.08333333333333,0.05799071471369937,ssp126
-71.58333333333333,-6.08333333333333,0.06864595052694566,ssp126
-71.41666666666667,-6.08333333333333,0.046608455617770515,ssp126
-71.25,-6.08333333333333,0.0435071339948302,ssp126
-71.08333333333333,-6.08333333333333,0.06139784646838029,ssp126
-70.91666666666667,-6.08333333333333,0.037480563081740324,ssp126
-70.75,-6.08333333333333,0.08993885471492155,ssp126
-70.58333333333333,-6.08333333333333,0.11750882517508372,ssp126
-70.41666666666667,-6.08333333333333,0.10437311334169366,ssp126
-70.25,-6.08333333333333,0.09948353311764412,ssp126
-70.08333333333333,-6.08333333333333,0.08777135095808797,ssp126
-69.91666666666667,-6.08333333333333,0.10535121203217766,ssp126
-69.75,-6.08333333333333,0.11050916539843406,ssp126
-69.58333333333333,-6.08333333333333,0.1416573773458182,ssp126
-69.41666666666667,-6.08333333333333,0.1431718821843712,ssp126
-69.25,-6.08333333333333,0.1331670855041294,ssp126
-69.08333333333333,-6.08333333333333,0.1094165470119704,ssp126
-68.91666666666667,-6.08333333333333,0.11560491028710738,ssp126
-68.75,-6.08333333333333,0.1174307589082503,ssp126
-68.58333333333333,-6.08333333333333,0.1214054760482087,ssp126
-68.41666666666667,-6.08333333333333,0.12371711258650081,ssp126
-68.25,-6.08333333333333,0.14106199852705073,ssp126
-68.08333333333333,-6.08333333333333,0.16777567741739477,ssp126
-67.91666666666667,-6.08333333333333,0.17057879529391898,ssp126
-67.75,-6.08333333333333,0.20366160140896927,ssp126
-67.58333333333333,-6.08333333333333,0.18213357683504128,ssp126
-67.41666666666667,-6.08333333333333,0.1636245067029677,ssp126
-67.25,-6.08333333333333,0.15495993778091052,ssp126
-67.08333333333333,-6.08333333333333,0.153371193025297,ssp126
-66.91666666666667,-6.08333333333333,0.17922905059864624,ssp126
-66.75,-6.08333333333333,0.13468331815025464,ssp126
-66.58333333333333,-6.08333333333333,0.13627472739475288,ssp126
-66.41666666666667,-6.08333333333333,0.14004910847253077,ssp126
-66.25,-6.08333333333333,0.13792862703683262,ssp126
-66.08333333333333,-6.08333333333333,0.13476236811946787,ssp126
-65.91666666666667,-6.08333333333333,0.1221597113040678,ssp126
-65.75,-6.08333333333333,0.11105119429090406,ssp126
-65.58333333333333,-6.08333333333333,0.10971330568197213,ssp126
-65.41666666666667,-6.08333333333333,0.10202670076231271,ssp126
-65.25,-6.08333333333333,0.09474658506350354,ssp126
-65.08333333333333,-6.08333333333333,0.09173506975426637,ssp126
-64.91666666666667,-6.08333333333333,0.09191233716593698,ssp126
-64.75,-6.08333333333333,0.09031292688590216,ssp126
-64.58333333333333,-6.08333333333333,0.09457830524056651,ssp126
-64.41666666666667,-6.08333333333333,0.09601716846627975,ssp126
-64.25,-6.08333333333333,0.12341154944806677,ssp126
-64.08333333333333,-6.08333333333333,0.12722849881469495,ssp126
-63.91666666666667,-6.08333333333333,0.16012803533928424,ssp126
-63.75,-6.08333333333333,0.19340872988513982,ssp126
-63.583333333333336,-6.08333333333333,0.15920834897150746,ssp126
-63.41666666666667,-6.08333333333333,0.1408029608915679,ssp126
-63.25,-6.08333333333333,0.1788982246802677,ssp126
-63.083333333333336,-6.08333333333333,0.17142585230713478,ssp126
-62.91666666666667,-6.08333333333333,0.13491850717319648,ssp126
-62.75,-6.08333333333333,0.10060313532058485,ssp126
-62.583333333333336,-6.08333333333333,0.09544677383370989,ssp126
-62.41666666666667,-6.08333333333333,0.06948124984261791,ssp126
-62.25,-6.08333333333333,0.06956735256914807,ssp126
-62.083333333333336,-6.08333333333333,0.06849314924488589,ssp126
-61.91666666666667,-6.08333333333333,0.06938839078013813,ssp126
-61.75,-6.08333333333333,0.0818108203980286,ssp126
-61.583333333333336,-6.08333333333333,0.09498330438069756,ssp126
-61.41666666666667,-6.08333333333333,0.09614519599776881,ssp126
-61.25,-6.08333333333333,0.06905917900675038,ssp126
-61.083333333333336,-6.08333333333333,0.06846704353122131,ssp126
-60.91666666666667,-6.08333333333333,0.06902463527265763,ssp126
-60.75,-6.08333333333333,0.08797171654876504,ssp126
-60.583333333333336,-6.08333333333333,0.08478264187620764,ssp126
-60.41666666666667,-6.08333333333333,0.06926078933482117,ssp126
-60.25,-6.08333333333333,0.07034270459457385,ssp126
-60.083333333333336,-6.08333333333333,0.09597371138713633,ssp126
-59.91666666666667,-6.08333333333333,0.1030877544395867,ssp126
-59.75,-6.08333333333333,0.09956271841976932,ssp126
-59.583333333333336,-6.08333333333333,0.0825144367450383,ssp126
-59.41666666666667,-6.08333333333333,0.11022126878391757,ssp126
-59.25,-6.08333333333333,0.10122157931436637,ssp126
-59.083333333333336,-6.08333333333333,0.10852481732119165,ssp126
-58.91666666666667,-6.08333333333333,0.09568379113893673,ssp126
-58.75,-6.08333333333333,0.09880793579750179,ssp126
-58.583333333333336,-6.08333333333333,0.08838683720317242,ssp126
-58.41666666666667,-6.08333333333333,0.0835360114848734,ssp126
-58.25,-6.08333333333333,0.0776398044502516,ssp126
-58.083333333333336,-6.08333333333333,0.08255744977253483,ssp126
-57.91666666666667,-6.08333333333333,0.07774558702212123,ssp126
-57.75,-6.08333333333333,0.0932129059021068,ssp126
-57.583333333333336,-6.08333333333333,0.0900827050061976,ssp126
-57.41666666666667,-6.08333333333333,0.10194445599059217,ssp126
-57.25,-6.08333333333333,0.09331637824961789,ssp126
-57.083333333333336,-6.08333333333333,0.08707083214362306,ssp126
-56.91666666666667,-6.08333333333333,0.10238142003032921,ssp126
-56.75,-6.08333333333333,0.09386554351194541,ssp126
-56.583333333333336,-6.08333333333333,0.1053551765725529,ssp126
-56.41666666666667,-6.08333333333333,0.10037650405281054,ssp126
-56.25,-6.08333333333333,0.1256476920576723,ssp126
-56.083333333333336,-6.08333333333333,0.08051241219441567,ssp126
-55.91666666666667,-6.08333333333333,0.07013536172526741,ssp126
-55.75,-6.08333333333333,0.10359540956208022,ssp126
-55.583333333333336,-6.08333333333333,0.07173229858805731,ssp126
-55.41666666666667,-6.08333333333333,0.05153507519868357,ssp126
-55.25,-6.08333333333333,0.04947180247476049,ssp126
-55.083333333333336,-6.08333333333333,0.05813692661130646,ssp126
-54.91666666666667,-6.08333333333333,0.06266157772893265,ssp126
-54.75,-6.08333333333333,0.055230806648374535,ssp126
-54.583333333333336,-6.08333333333333,0.049344565677359405,ssp126
-54.41666666666667,-6.08333333333333,0.058087909829220984,ssp126
-54.25,-6.08333333333333,0.040605254140335306,ssp126
-54.083333333333336,-6.08333333333333,0.04740490048147068,ssp126
-53.91666666666667,-6.08333333333333,0.04632717635441834,ssp126
-53.75,-6.08333333333333,0.04200490671814585,ssp126
-53.583333333333336,-6.08333333333333,0.024984660028762956,ssp126
-53.41666666666667,-6.08333333333333,0.02464797706878199,ssp126
-53.25,-6.08333333333333,0.021252716766938295,ssp126
-53.083333333333336,-6.08333333333333,0.022352214717855194,ssp126
-52.91666666666667,-6.08333333333333,0.01641594618402551,ssp126
-52.75,-6.08333333333333,0.02108356386182911,ssp126
-52.583333333333336,-6.08333333333333,0.02524822613970285,ssp126
-52.41666666666667,-6.08333333333333,0.02977142371113752,ssp126
-52.25,-6.08333333333333,0.026783388162957725,ssp126
-52.083333333333336,-6.08333333333333,0.01718201821818921,ssp126
-51.91666666666667,-6.08333333333333,0.01619343591248452,ssp126
-51.75,-6.08333333333333,0.020381488804795865,ssp126
-51.583333333333336,-6.08333333333333,0.020664809705623132,ssp126
-51.41666666666667,-6.08333333333333,0.018743593286468054,ssp126
-51.25,-6.08333333333333,0.0173654109153786,ssp126
-51.083333333333336,-6.08333333333333,0.014787999307204142,ssp126
-50.91666666666667,-6.08333333333333,0.029399542239774423,ssp126
-50.75,-6.08333333333333,0.043089784951268195,ssp126
-50.583333333333336,-6.08333333333333,0.01476770841060722,ssp126
-50.41666666666667,-6.08333333333333,0.014112895864158825,ssp126
-50.25,-6.08333333333333,0.008228429425029422,ssp126
-50.083333333333336,-6.08333333333333,0.028135182209495027,ssp126
-49.91666666666667,-6.08333333333333,0.05855521189705439,ssp126
-49.75,-6.08333333333333,0.035465952767522436,ssp126
-49.583333333333336,-6.08333333333333,0.048511717306120604,ssp126
-49.41666666666667,-6.08333333333333,0.03749817018940683,ssp126
-49.25,-6.08333333333333,0.054850654233393956,ssp126
-49.083333333333336,-6.08333333333333,0.0690548487888129,ssp126
-48.91666666666667,-6.08333333333333,0.049639714570695735,ssp126
-48.75,-6.08333333333333,0.05143351582909695,ssp126
-48.583333333333336,-6.08333333333333,0.04924672408067547,ssp126
-48.41666666666667,-6.08333333333333,0.04677233363232815,ssp126
-48.25,-6.08333333333333,0.06781578986813137,ssp126
-72.91666666666667,-6.2499999999999964,0.05540562739306737,ssp126
-72.75,-6.2499999999999964,0.056233952868689534,ssp126
-72.58333333333333,-6.2499999999999964,0.06066543445203599,ssp126
-72.41666666666667,-6.2499999999999964,0.06989412797151034,ssp126
-72.25,-6.2499999999999964,0.057628969880037476,ssp126
-72.08333333333333,-6.2499999999999964,0.0787589993271994,ssp126
-71.91666666666667,-6.2499999999999964,0.05143015407325125,ssp126
-71.75,-6.2499999999999964,0.050148460963386494,ssp126
-71.58333333333333,-6.2499999999999964,0.05451487059920867,ssp126
-71.41666666666667,-6.2499999999999964,0.04953721713575696,ssp126
-71.25,-6.2499999999999964,0.03889766172742119,ssp126
-71.08333333333333,-6.2499999999999964,0.04496588611290305,ssp126
-70.91666666666667,-6.2499999999999964,0.03857555092851256,ssp126
-70.75,-6.2499999999999964,0.03721879660910206,ssp126
-70.58333333333333,-6.2499999999999964,0.11964275283891194,ssp126
-70.41666666666667,-6.2499999999999964,0.10871770983099037,ssp126
-70.25,-6.2499999999999964,0.07279746695827415,ssp126
-70.08333333333333,-6.2499999999999964,0.09671536930767387,ssp126
-69.91666666666667,-6.2499999999999964,0.10833515340099663,ssp126
-69.75,-6.2499999999999964,0.10803522340696248,ssp126
-69.58333333333333,-6.2499999999999964,0.14009539998247136,ssp126
-69.41666666666667,-6.2499999999999964,0.13796679227688366,ssp126
-69.25,-6.2499999999999964,0.12474799991562724,ssp126
-69.08333333333333,-6.2499999999999964,0.1345044732102877,ssp126
-68.91666666666667,-6.2499999999999964,0.13060689662790528,ssp126
-68.75,-6.2499999999999964,0.13629089898270413,ssp126
-68.58333333333333,-6.2499999999999964,0.13843415801877745,ssp126
-68.41666666666667,-6.2499999999999964,0.14832632417294428,ssp126
-68.25,-6.2499999999999964,0.16405706462324995,ssp126
-68.08333333333333,-6.2499999999999964,0.18364153043692374,ssp126
-67.91666666666667,-6.2499999999999964,0.21280766599704706,ssp126
-67.75,-6.2499999999999964,0.20165591081702053,ssp126
-67.58333333333333,-6.2499999999999964,0.15774294511566445,ssp126
-67.41666666666667,-6.2499999999999964,0.17033850660982475,ssp126
-67.25,-6.2499999999999964,0.1625656204256852,ssp126
-67.08333333333333,-6.2499999999999964,0.15706364207286713,ssp126
-66.91666666666667,-6.2499999999999964,0.1567817330522828,ssp126
-66.75,-6.2499999999999964,0.16196940937019164,ssp126
-66.58333333333333,-6.2499999999999964,0.15343763067831567,ssp126
-66.41666666666667,-6.2499999999999964,0.14251220616479582,ssp126
-66.25,-6.2499999999999964,0.1440060488835978,ssp126
-66.08333333333333,-6.2499999999999964,0.1410895485387251,ssp126
-65.91666666666667,-6.2499999999999964,0.14084353164840152,ssp126
-65.75,-6.2499999999999964,0.13409048015557334,ssp126
-65.58333333333333,-6.2499999999999964,0.12301699727844526,ssp126
-65.41666666666667,-6.2499999999999964,0.11038004199923045,ssp126
-65.25,-6.2499999999999964,0.10131353754945195,ssp126
-65.08333333333333,-6.2499999999999964,0.09319730197808346,ssp126
-64.91666666666667,-6.2499999999999964,0.09471272467244846,ssp126
-64.75,-6.2499999999999964,0.10605231211288768,ssp126
-64.58333333333333,-6.2499999999999964,0.09653705842430842,ssp126
-64.41666666666667,-6.2499999999999964,0.09938639278994914,ssp126
-64.25,-6.2499999999999964,0.12896407005754004,ssp126
-64.08333333333333,-6.2499999999999964,0.1915424667837327,ssp126
-63.91666666666667,-6.2499999999999964,0.10381282592677141,ssp126
-63.75,-6.2499999999999964,0.19219340790576728,ssp126
-63.583333333333336,-6.2499999999999964,0.16701758969175573,ssp126
-63.41666666666667,-6.2499999999999964,0.14780057068740934,ssp126
-63.25,-6.2499999999999964,0.18020833997800356,ssp126
-63.083333333333336,-6.2499999999999964,0.16048364008635563,ssp126
-62.91666666666667,-6.2499999999999964,0.14943054949206006,ssp126
-62.75,-6.2499999999999964,0.15577306692622683,ssp126
-62.583333333333336,-6.2499999999999964,0.11464264480539064,ssp126
-62.41666666666667,-6.2499999999999964,0.07518650778446272,ssp126
-62.25,-6.2499999999999964,0.07306500852374395,ssp126
-62.083333333333336,-6.2499999999999964,0.0704552819434087,ssp126
-61.91666666666667,-6.2499999999999964,0.07705878924607762,ssp126
-61.75,-6.2499999999999964,0.09031770347335949,ssp126
-61.583333333333336,-6.2499999999999964,0.08943813611864944,ssp126
-61.41666666666667,-6.2499999999999964,0.06664877703412281,ssp126
-61.25,-6.2499999999999964,0.06706116180301888,ssp126
-61.083333333333336,-6.2499999999999964,0.06436571075063852,ssp126
-60.91666666666667,-6.2499999999999964,0.06243079711421764,ssp126
-60.75,-6.2499999999999964,0.08222897134324225,ssp126
-60.583333333333336,-6.2499999999999964,0.08078640249360884,ssp126
-60.41666666666667,-6.2499999999999964,0.08491980698239729,ssp126
-60.25,-6.2499999999999964,0.08958890003081059,ssp126
-60.083333333333336,-6.2499999999999964,0.09292356125134503,ssp126
-59.91666666666667,-6.2499999999999964,0.09712105606816326,ssp126
-59.75,-6.2499999999999964,0.0908246320178101,ssp126
-59.583333333333336,-6.2499999999999964,0.06886691911844364,ssp126
-59.41666666666667,-6.2499999999999964,0.06959834748001213,ssp126
-59.25,-6.2499999999999964,0.07175566202962204,ssp126
-59.083333333333336,-6.2499999999999964,0.09529058187475926,ssp126
-58.91666666666667,-6.2499999999999964,0.08779592148388889,ssp126
-58.75,-6.2499999999999964,0.08367952762432893,ssp126
-58.583333333333336,-6.2499999999999964,0.06991084493776809,ssp126
-58.41666666666667,-6.2499999999999964,0.0757957801832306,ssp126
-58.25,-6.2499999999999964,0.08470453362184661,ssp126
-58.083333333333336,-6.2499999999999964,0.0879386801529253,ssp126
-57.91666666666667,-6.2499999999999964,0.08539821927922092,ssp126
-57.75,-6.2499999999999964,0.08658105846586442,ssp126
-57.583333333333336,-6.2499999999999964,0.0831544943246327,ssp126
-57.41666666666667,-6.2499999999999964,0.08654009297972655,ssp126
-57.25,-6.2499999999999964,0.08994622742842318,ssp126
-57.083333333333336,-6.2499999999999964,0.09443693046741004,ssp126
-56.91666666666667,-6.2499999999999964,0.05364479140331683,ssp126
-56.75,-6.2499999999999964,0.09288662960790213,ssp126
-56.583333333333336,-6.2499999999999964,0.09349096151601163,ssp126
-56.41666666666667,-6.2499999999999964,0.08624220250832305,ssp126
-56.25,-6.2499999999999964,0.11825454195579042,ssp126
-56.083333333333336,-6.2499999999999964,0.0960450760409832,ssp126
-55.91666666666667,-6.2499999999999964,0.07646248185636614,ssp126
-55.75,-6.2499999999999964,0.09123263472419592,ssp126
-55.583333333333336,-6.2499999999999964,0.07882947162598955,ssp126
-55.41666666666667,-6.2499999999999964,0.05683842729658701,ssp126
-55.25,-6.2499999999999964,0.0653826730154759,ssp126
-55.083333333333336,-6.2499999999999964,0.05953934711664597,ssp126
-54.91666666666667,-6.2499999999999964,0.05365472567323342,ssp126
-54.75,-6.2499999999999964,0.05324592845991983,ssp126
-54.583333333333336,-6.2499999999999964,0.04612433028225831,ssp126
-54.41666666666667,-6.2499999999999964,0.05523883221180064,ssp126
-54.25,-6.2499999999999964,0.03945335929777157,ssp126
-54.083333333333336,-6.2499999999999964,0.04854817224007844,ssp126
-53.91666666666667,-6.2499999999999964,0.04633802448751094,ssp126
-53.75,-6.2499999999999964,0.031399172887634795,ssp126
-53.583333333333336,-6.2499999999999964,0.030018473259622445,ssp126
-53.41666666666667,-6.2499999999999964,0.032331640391132906,ssp126
-53.25,-6.2499999999999964,0.021483780445872413,ssp126
-53.083333333333336,-6.2499999999999964,0.02444982580652089,ssp126
-52.91666666666667,-6.2499999999999964,0.025724137514125882,ssp126
-52.75,-6.2499999999999964,0.018176276151812516,ssp126
-52.583333333333336,-6.2499999999999964,0.021849146539815296,ssp126
-52.41666666666667,-6.2499999999999964,0.025930389121462102,ssp126
-52.25,-6.2499999999999964,0.018500704856796824,ssp126
-52.083333333333336,-6.2499999999999964,0.01629622250339175,ssp126
-51.91666666666667,-6.2499999999999964,0.024662793939370542,ssp126
-51.75,-6.2499999999999964,0.017017557638611656,ssp126
-51.583333333333336,-6.2499999999999964,0.017422306532957173,ssp126
-51.41666666666667,-6.2499999999999964,0.02372973598755695,ssp126
-51.25,-6.2499999999999964,0.018046953420877216,ssp126
-51.083333333333336,-6.2499999999999964,0.016655235022335953,ssp126
-50.91666666666667,-6.2499999999999964,0.02983042912411472,ssp126
-50.75,-6.2499999999999964,0.04139634612060011,ssp126
-50.583333333333336,-6.2499999999999964,0.05954819582719625,ssp126
-50.41666666666667,-6.2499999999999964,0.006135192051177275,ssp126
-50.25,-6.2499999999999964,0.01529524467398848,ssp126
-50.083333333333336,-6.2499999999999964,0.029737133588417567,ssp126
-49.91666666666667,-6.2499999999999964,0.04226051422299063,ssp126
-49.75,-6.2499999999999964,0.040368432100786424,ssp126
-49.583333333333336,-6.2499999999999964,0.04370747715356008,ssp126
-49.41666666666667,-6.2499999999999964,0.0349607011392193,ssp126
-49.25,-6.2499999999999964,0.05449173234714136,ssp126
-49.083333333333336,-6.2499999999999964,0.04887116186170533,ssp126
-48.91666666666667,-6.2499999999999964,0.0579069807435239,ssp126
-48.75,-6.2499999999999964,0.041920034033117316,ssp126
-48.583333333333336,-6.2499999999999964,0.033136991094418276,ssp126
-48.41666666666667,-6.2499999999999964,0.041990039364538254,ssp126
-48.25,-6.2499999999999964,0.054826195317768424,ssp126
-72.91666666666667,-6.416666666666664,0.05548624746862363,ssp126
-72.75,-6.416666666666664,0.07018586914721459,ssp126
-72.58333333333333,-6.416666666666664,0.08409283295047218,ssp126
-72.41666666666667,-6.416666666666664,0.06985830445450535,ssp126
-72.25,-6.416666666666664,0.058259288248866906,ssp126
-72.08333333333333,-6.416666666666664,0.07323456082480788,ssp126
-71.91666666666667,-6.416666666666664,0.05670358836174651,ssp126
-71.75,-6.416666666666664,0.062710646934284,ssp126
-71.58333333333333,-6.416666666666664,0.06447914289802098,ssp126
-71.41666666666667,-6.416666666666664,0.04610983248388325,ssp126
-71.25,-6.416666666666664,0.043999511075815095,ssp126
-71.08333333333333,-6.416666666666664,0.03575733194600214,ssp126
-70.91666666666667,-6.416666666666664,0.03731917100126629,ssp126
-70.75,-6.416666666666664,0.05055367812511393,ssp126
-70.58333333333333,-6.416666666666664,0.1155695681841193,ssp126
-70.41666666666667,-6.416666666666664,0.10033827709389084,ssp126
-70.25,-6.416666666666664,0.08620997429706632,ssp126
-70.08333333333333,-6.416666666666664,0.09930028571961888,ssp126
-69.91666666666667,-6.416666666666664,0.11098462214944868,ssp126
-69.75,-6.416666666666664,0.11985315986713456,ssp126
-69.58333333333333,-6.416666666666664,0.133217207247761,ssp126
-69.41666666666667,-6.416666666666664,0.1485077879455773,ssp126
-69.25,-6.416666666666664,0.16255854450445073,ssp126
-69.08333333333333,-6.416666666666664,0.16558627424844433,ssp126
-68.91666666666667,-6.416666666666664,0.17075645311585583,ssp126
-68.75,-6.416666666666664,0.17286688327607558,ssp126
-68.58333333333333,-6.416666666666664,0.1712369301247301,ssp126
-68.41666666666667,-6.416666666666664,0.17966390063554383,ssp126
-68.25,-6.416666666666664,0.18420485540873596,ssp126
-68.08333333333333,-6.416666666666664,0.17979229871306704,ssp126
-67.91666666666667,-6.416666666666664,0.22294630385810812,ssp126
-67.75,-6.416666666666664,0.20859029905221482,ssp126
-67.58333333333333,-6.416666666666664,0.17084541773828946,ssp126
-67.41666666666667,-6.416666666666664,0.17583073917023057,ssp126
-67.25,-6.416666666666664,0.17529015667758105,ssp126
-67.08333333333333,-6.416666666666664,0.17501983612220284,ssp126
-66.91666666666667,-6.416666666666664,0.17022309473648986,ssp126
-66.75,-6.416666666666664,0.16355629816489373,ssp126
-66.58333333333333,-6.416666666666664,0.1719713300122439,ssp126
-66.41666666666667,-6.416666666666664,0.16007556863632236,ssp126
-66.25,-6.416666666666664,0.1512294105984271,ssp126
-66.08333333333333,-6.416666666666664,0.14889365236844684,ssp126
-65.91666666666667,-6.416666666666664,0.14710405637956783,ssp126
-65.75,-6.416666666666664,0.12855893845078994,ssp126
-65.58333333333333,-6.416666666666664,0.11845081047895609,ssp126
-65.41666666666667,-6.416666666666664,0.11202812229029523,ssp126
-65.25,-6.416666666666664,0.10709904200112887,ssp126
-65.08333333333333,-6.416666666666664,0.10150428554354292,ssp126
-64.91666666666667,-6.416666666666664,0.0965795690188208,ssp126
-64.75,-6.416666666666664,0.10968987711195385,ssp126
-64.58333333333333,-6.416666666666664,0.10580875547820442,ssp126
-64.41666666666667,-6.416666666666664,0.0996910111288156,ssp126
-64.25,-6.416666666666664,0.13709252083040288,ssp126
-64.08333333333333,-6.416666666666664,0.19988310645861812,ssp126
-63.91666666666667,-6.416666666666664,0.15715801979808186,ssp126
-63.75,-6.416666666666664,0.15939819437005373,ssp126
-63.583333333333336,-6.416666666666664,0.16971491091617194,ssp126
-63.41666666666667,-6.416666666666664,0.16548769474838063,ssp126
-63.25,-6.416666666666664,0.18862766426543204,ssp126
-63.083333333333336,-6.416666666666664,0.17457630106149472,ssp126
-62.91666666666667,-6.416666666666664,0.1670432824833653,ssp126
-62.75,-6.416666666666664,0.1688018327709043,ssp126
-62.583333333333336,-6.416666666666664,0.16389142863571823,ssp126
-62.41666666666667,-6.416666666666664,0.10619202300939326,ssp126
-62.25,-6.416666666666664,0.08452824767598704,ssp126
-62.083333333333336,-6.416666666666664,0.09017817259212857,ssp126
-61.91666666666667,-6.416666666666664,0.09153146468269507,ssp126
-61.75,-6.416666666666664,0.0924581318874869,ssp126
-61.583333333333336,-6.416666666666664,0.07753138795000601,ssp126
-61.41666666666667,-6.416666666666664,0.06602398325776367,ssp126
-61.25,-6.416666666666664,0.06226643211707482,ssp126
-61.083333333333336,-6.416666666666664,0.05856287702929033,ssp126
-60.91666666666667,-6.416666666666664,0.07769451924393538,ssp126
-60.75,-6.416666666666664,0.06039712901810319,ssp126
-60.583333333333336,-6.416666666666664,0.06134044992754619,ssp126
-60.41666666666667,-6.416666666666664,0.07953854632523288,ssp126
-60.25,-6.416666666666664,0.07705854864289119,ssp126
-60.083333333333336,-6.416666666666664,0.09054368106417364,ssp126
-59.91666666666667,-6.416666666666664,0.08993094870947772,ssp126
-59.75,-6.416666666666664,0.08084260413752127,ssp126
-59.583333333333336,-6.416666666666664,0.07351176076011703,ssp126
-59.41666666666667,-6.416666666666664,0.06342408810237353,ssp126
-59.25,-6.416666666666664,0.0647978120118108,ssp126
-59.083333333333336,-6.416666666666664,0.08287977572593916,ssp126
-58.91666666666667,-6.416666666666664,0.08031601936724599,ssp126
-58.75,-6.416666666666664,0.06578191449743571,ssp126
-58.583333333333336,-6.416666666666664,0.057249752411153335,ssp126
-58.41666666666667,-6.416666666666664,0.059308480228092306,ssp126
-58.25,-6.416666666666664,0.061187753555403984,ssp126
-58.083333333333336,-6.416666666666664,0.06687312819855835,ssp126
-57.91666666666667,-6.416666666666664,0.08528525064922807,ssp126
-57.75,-6.416666666666664,0.08177293742553247,ssp126
-57.583333333333336,-6.416666666666664,0.05735156047329601,ssp126
-57.41666666666667,-6.416666666666664,0.07690426032595384,ssp126
-57.25,-6.416666666666664,0.10367883596965582,ssp126
-57.083333333333336,-6.416666666666664,0.06991168612179258,ssp126
-56.91666666666667,-6.416666666666664,0.05844334116692557,ssp126
-56.75,-6.416666666666664,0.07697971280299287,ssp126
-56.583333333333336,-6.416666666666664,0.06319187302295906,ssp126
-56.41666666666667,-6.416666666666664,0.05979807027457463,ssp126
-56.25,-6.416666666666664,0.0673851977839773,ssp126
-56.083333333333336,-6.416666666666664,0.07248677781897707,ssp126
-55.91666666666667,-6.416666666666664,0.0606222629237383,ssp126
-55.75,-6.416666666666664,0.06440056646931014,ssp126
-55.583333333333336,-6.416666666666664,0.08674349905114666,ssp126
-55.41666666666667,-6.416666666666664,0.08605381365554234,ssp126
-55.25,-6.416666666666664,0.06499263990539055,ssp126
-55.083333333333336,-6.416666666666664,0.06341898855164221,ssp126
-54.91666666666667,-6.416666666666664,0.06001541537128309,ssp126
-54.75,-6.416666666666664,0.06291572297657508,ssp126
-54.583333333333336,-6.416666666666664,0.058213081274818265,ssp126
-54.41666666666667,-6.416666666666664,0.04234054521698434,ssp126
-54.25,-6.416666666666664,0.037411715263747154,ssp126
-54.083333333333336,-6.416666666666664,0.03393646745300004,ssp126
-53.91666666666667,-6.416666666666664,0.048052657032648154,ssp126
-53.75,-6.416666666666664,0.027079856485556004,ssp126
-53.583333333333336,-6.416666666666664,0.02634541307501994,ssp126
-53.41666666666667,-6.416666666666664,0.033054717390079376,ssp126
-53.25,-6.416666666666664,0.020334583781590882,ssp126
-53.083333333333336,-6.416666666666664,0.024608356006562977,ssp126
-52.91666666666667,-6.416666666666664,0.02957306291198795,ssp126
-52.75,-6.416666666666664,0.020772574782019375,ssp126
-52.583333333333336,-6.416666666666664,0.019024797234149148,ssp126
-52.41666666666667,-6.416666666666664,0.018004037040299754,ssp126
-52.25,-6.416666666666664,0.019713913722881785,ssp126
-52.083333333333336,-6.416666666666664,0.023885672290745185,ssp126
-51.91666666666667,-6.416666666666664,0.013477737799527207,ssp126
-51.75,-6.416666666666664,0.012177162120351163,ssp126
-51.583333333333336,-6.416666666666664,0.016255752814524373,ssp126
-51.41666666666667,-6.416666666666664,0.021091143481091257,ssp126
-51.25,-6.416666666666664,0.027085449138247956,ssp126
-51.083333333333336,-6.416666666666664,0.02130939297398206,ssp126
-50.91666666666667,-6.416666666666664,0.023580526133609322,ssp126
-50.75,-6.416666666666664,0.0287839427466285,ssp126
-50.583333333333336,-6.416666666666664,0.0437139410418236,ssp126
-50.41666666666667,-6.416666666666664,0.0273563794893092,ssp126
-50.25,-6.416666666666664,0.02390388961797097,ssp126
-50.083333333333336,-6.416666666666664,0.04982016859915472,ssp126
-49.91666666666667,-6.416666666666664,0.037502582396247895,ssp126
-49.75,-6.416666666666664,0.03352362375890105,ssp126
-49.583333333333336,-6.416666666666664,0.049729733095269804,ssp126
-49.41666666666667,-6.416666666666664,0.0473940797646328,ssp126
-49.25,-6.416666666666664,0.047602194195853056,ssp126
-49.083333333333336,-6.416666666666664,0.0378628981843878,ssp126
-48.91666666666667,-6.416666666666664,0.04773049012061468,ssp126
-48.75,-6.416666666666664,0.04732529994292517,ssp126
-48.583333333333336,-6.416666666666664,0.05393928131228455,ssp126
-48.41666666666667,-6.416666666666664,0.03639573061280348,ssp126
-48.25,-6.416666666666664,0.05512191195896742,ssp126
-72.91666666666667,-6.58333333333333,0.06077760310405675,ssp126
-72.75,-6.58333333333333,0.06983862412515969,ssp126
-72.58333333333333,-6.58333333333333,0.06624219734606966,ssp126
-72.41666666666667,-6.58333333333333,0.06669665941407332,ssp126
-72.25,-6.58333333333333,0.0526233025675348,ssp126
-72.08333333333333,-6.58333333333333,0.051593923341258556,ssp126
-71.91666666666667,-6.58333333333333,0.06521853081261758,ssp126
-71.75,-6.58333333333333,0.06349600845141752,ssp126
-71.58333333333333,-6.58333333333333,0.06491069244991089,ssp126
-71.41666666666667,-6.58333333333333,0.06347238672329379,ssp126
-71.25,-6.58333333333333,0.04773736057888874,ssp126
-71.08333333333333,-6.58333333333333,0.04436924222471271,ssp126
-70.91666666666667,-6.58333333333333,0.04543405113085547,ssp126
-70.75,-6.58333333333333,0.04270882890226281,ssp126
-70.58333333333333,-6.58333333333333,0.09704015432139527,ssp126
-70.41666666666667,-6.58333333333333,0.1036066068674669,ssp126
-70.25,-6.58333333333333,0.11002038066801903,ssp126
-70.08333333333333,-6.58333333333333,0.12325134893937513,ssp126
-69.91666666666667,-6.58333333333333,0.1312675309762748,ssp126
-69.75,-6.58333333333333,0.14436650175135415,ssp126
-69.58333333333333,-6.58333333333333,0.15112086383188292,ssp126
-69.41666666666667,-6.58333333333333,0.16251129761062452,ssp126
-69.25,-6.58333333333333,0.17051297305797886,ssp126
-69.08333333333333,-6.58333333333333,0.17437867681205402,ssp126
-68.91666666666667,-6.58333333333333,0.17761532941713495,ssp126
-68.75,-6.58333333333333,0.17348428767323823,ssp126
-68.58333333333333,-6.58333333333333,0.17734155479082855,ssp126
-68.41666666666667,-6.58333333333333,0.1666884483502955,ssp126
-68.25,-6.58333333333333,0.176987691686813,ssp126
-68.08333333333333,-6.58333333333333,0.23303541271446374,ssp126
-67.91666666666667,-6.58333333333333,0.22431849654633376,ssp126
-67.75,-6.58333333333333,0.22155758378467083,ssp126
-67.58333333333333,-6.58333333333333,0.1818573594037249,ssp126
-67.41666666666667,-6.58333333333333,0.17849590540568033,ssp126
-67.25,-6.58333333333333,0.17631045125462333,ssp126
-67.08333333333333,-6.58333333333333,0.1749037957337315,ssp126
-66.91666666666667,-6.58333333333333,0.17271608119473644,ssp126
-66.75,-6.58333333333333,0.17050808696146105,ssp126
-66.58333333333333,-6.58333333333333,0.1758721295241357,ssp126
-66.41666666666667,-6.58333333333333,0.17683377498342673,ssp126
-66.25,-6.58333333333333,0.16274583566920767,ssp126
-66.08333333333333,-6.58333333333333,0.15064762760041928,ssp126
-65.91666666666667,-6.58333333333333,0.13669237489752234,ssp126
-65.75,-6.58333333333333,0.12847408509122846,ssp126
-65.58333333333333,-6.58333333333333,0.11757669941298247,ssp126
-65.41666666666667,-6.58333333333333,0.11007412743471118,ssp126
-65.25,-6.58333333333333,0.1056822810917624,ssp126
-65.08333333333333,-6.58333333333333,0.10440449662187229,ssp126
-64.91666666666667,-6.58333333333333,0.09422529000254758,ssp126
-64.75,-6.58333333333333,0.09894379049554902,ssp126
-64.58333333333333,-6.58333333333333,0.11235361190884281,ssp126
-64.41666666666667,-6.58333333333333,0.1379994466096981,ssp126
-64.25,-6.58333333333333,0.13852602665578942,ssp126
-64.08333333333333,-6.58333333333333,0.2115967198880129,ssp126
-63.91666666666667,-6.58333333333333,0.16552061659176162,ssp126
-63.75,-6.58333333333333,0.16792347366337113,ssp126
-63.583333333333336,-6.58333333333333,0.17067545709986984,ssp126
-63.41666666666667,-6.58333333333333,0.1743641551440386,ssp126
-63.25,-6.58333333333333,0.16612192214734978,ssp126
-63.083333333333336,-6.58333333333333,0.17321398197339047,ssp126
-62.91666666666667,-6.58333333333333,0.18138003178947365,ssp126
-62.75,-6.58333333333333,0.18337471388895937,ssp126
-62.583333333333336,-6.58333333333333,0.17759586937250088,ssp126
-62.41666666666667,-6.58333333333333,0.18924910631762218,ssp126
-62.25,-6.58333333333333,0.09557606014783572,ssp126
-62.083333333333336,-6.58333333333333,0.0898549372661909,ssp126
-61.91666666666667,-6.58333333333333,0.08489352588010525,ssp126
-61.75,-6.58333333333333,0.08328820196018495,ssp126
-61.583333333333336,-6.58333333333333,0.0749857287852431,ssp126
-61.41666666666667,-6.58333333333333,0.07486538255242721,ssp126
-61.25,-6.58333333333333,0.0731212399606647,ssp126
-61.083333333333336,-6.58333333333333,0.06974271446757192,ssp126
-60.91666666666667,-6.58333333333333,0.06922613823061019,ssp126
-60.75,-6.58333333333333,0.05348505204679477,ssp126
-60.583333333333336,-6.58333333333333,0.058287633602125,ssp126
-60.41666666666667,-6.58333333333333,0.07850582948503952,ssp126
-60.25,-6.58333333333333,0.06686453090582965,ssp126
-60.083333333333336,-6.58333333333333,0.07797506182814076,ssp126
-59.91666666666667,-6.58333333333333,0.07541793440223613,ssp126
-59.75,-6.58333333333333,0.06090870482438189,ssp126
-59.583333333333336,-6.58333333333333,0.07062790591884209,ssp126
-59.41666666666667,-6.58333333333333,0.0687227462810095,ssp126
-59.25,-6.58333333333333,0.06050472289678998,ssp126
-59.083333333333336,-6.58333333333333,0.07270793208672041,ssp126
-58.91666666666667,-6.58333333333333,0.06997062160618173,ssp126
-58.75,-6.58333333333333,0.05706826317167195,ssp126
-58.583333333333336,-6.58333333333333,0.05589704962125624,ssp126
-58.41666666666667,-6.58333333333333,0.07001572438930034,ssp126
-58.25,-6.58333333333333,0.07413159944559057,ssp126
-58.083333333333336,-6.58333333333333,0.05546033797155369,ssp126
-57.91666666666667,-6.58333333333333,0.059742662254288655,ssp126
-57.75,-6.58333333333333,0.06471065810646841,ssp126
-57.583333333333336,-6.58333333333333,0.047172063141811486,ssp126
-57.41666666666667,-6.58333333333333,0.09357645625239819,ssp126
-57.25,-6.58333333333333,0.1065997021585746,ssp126
-57.083333333333336,-6.58333333333333,0.05769323503287373,ssp126
-56.91666666666667,-6.58333333333333,0.05288788473826309,ssp126
-56.75,-6.58333333333333,0.0768699111028394,ssp126
-56.583333333333336,-6.58333333333333,0.04923398099822945,ssp126
-56.41666666666667,-6.58333333333333,0.03850404049702957,ssp126
-56.25,-6.58333333333333,0.05905534986678518,ssp126
-56.083333333333336,-6.58333333333333,0.06176465106748536,ssp126
-55.91666666666667,-6.58333333333333,0.07574117087291964,ssp126
-55.75,-6.58333333333333,0.05621105980708492,ssp126
-55.583333333333336,-6.58333333333333,0.0619617044047715,ssp126
-55.41666666666667,-6.58333333333333,0.08192165444013849,ssp126
-55.25,-6.58333333333333,0.07709468668555085,ssp126
-55.083333333333336,-6.58333333333333,0.05548725506211255,ssp126
-54.91666666666667,-6.58333333333333,0.05462650546928909,ssp126
-54.75,-6.58333333333333,0.057407478914527674,ssp126
-54.583333333333336,-6.58333333333333,0.049882405873638784,ssp126
-54.41666666666667,-6.58333333333333,0.041173306906414055,ssp126
-54.25,-6.58333333333333,0.03838003860916623,ssp126
-54.083333333333336,-6.58333333333333,0.034925089260834305,ssp126
-53.91666666666667,-6.58333333333333,0.04821437081575562,ssp126
-53.75,-6.58333333333333,0.02666709509902243,ssp126
-53.583333333333336,-6.58333333333333,0.02310917270322434,ssp126
-53.41666666666667,-6.58333333333333,0.021162039708432813,ssp126
-53.25,-6.58333333333333,0.02125539464988766,ssp126
-53.083333333333336,-6.58333333333333,0.02579687619361523,ssp126
-52.91666666666667,-6.58333333333333,0.02376209164302693,ssp126
-52.75,-6.58333333333333,0.033662660896291025,ssp126
-52.583333333333336,-6.58333333333333,0.022840589988732746,ssp126
-52.41666666666667,-6.58333333333333,0.018249154168598836,ssp126
-52.25,-6.58333333333333,0.03045221330256981,ssp126
-52.083333333333336,-6.58333333333333,0.02765422783560047,ssp126
-51.91666666666667,-6.58333333333333,0.017508278198482483,ssp126
-51.75,-6.58333333333333,0.024345393549527472,ssp126
-51.583333333333336,-6.58333333333333,0.02287672748954788,ssp126
-51.41666666666667,-6.58333333333333,0.023889093110887615,ssp126
-51.25,-6.58333333333333,0.026319610526667838,ssp126
-51.083333333333336,-6.58333333333333,0.023677481269051205,ssp126
-50.91666666666667,-6.58333333333333,0.023394033312154557,ssp126
-50.75,-6.58333333333333,0.019480948595025034,ssp126
-50.583333333333336,-6.58333333333333,0.019342806869738723,ssp126
-50.41666666666667,-6.58333333333333,0.034708623908971385,ssp126
-50.25,-6.58333333333333,0.04344880873820605,ssp126
-50.083333333333336,-6.58333333333333,0.045913810864877995,ssp126
-49.91666666666667,-6.58333333333333,0.039765245163712104,ssp126
-49.75,-6.58333333333333,0.03419129695136308,ssp126
-49.583333333333336,-6.58333333333333,0.04598515860318569,ssp126
-49.41666666666667,-6.58333333333333,0.04022674756145054,ssp126
-49.25,-6.58333333333333,0.046302176657997546,ssp126
-49.083333333333336,-6.58333333333333,0.04246123207009967,ssp126
-48.91666666666667,-6.58333333333333,0.0350259968557197,ssp126
-48.75,-6.58333333333333,0.05172369351879924,ssp126
-48.583333333333336,-6.58333333333333,0.049257692680740116,ssp126
-48.41666666666667,-6.58333333333333,0.04141442153208368,ssp126
-48.25,-6.58333333333333,0.034899349415529225,ssp126
-73.25,-6.7499999999999964,0.07509091133067795,ssp126
-73.08333333333333,-6.7499999999999964,0.06629887800139764,ssp126
-72.91666666666667,-6.7499999999999964,0.0584518117325427,ssp126
-72.75,-6.7499999999999964,0.0733192898255834,ssp126
-72.58333333333333,-6.7499999999999964,0.06652932295703748,ssp126
-72.41666666666667,-6.7499999999999964,0.059015600988722085,ssp126
-72.25,-6.7499999999999964,0.06168227867054334,ssp126
-72.08333333333333,-6.7499999999999964,0.054004920852900984,ssp126
-71.91666666666667,-6.7499999999999964,0.06058450769164818,ssp126
-71.75,-6.7499999999999964,0.0555763386977507,ssp126
-71.58333333333333,-6.7499999999999964,0.0488415954228806,ssp126
-71.41666666666667,-6.7499999999999964,0.05714624040965877,ssp126
-71.25,-6.7499999999999964,0.06871726650777059,ssp126
-71.08333333333333,-6.7499999999999964,0.06883335568334502,ssp126
-70.91666666666667,-6.7499999999999964,0.05320989997819701,ssp126
-70.75,-6.7499999999999964,0.052830367136120104,ssp126
-70.58333333333333,-6.7499999999999964,0.04953036797305388,ssp126
-70.41666666666667,-6.7499999999999964,0.14104784691301667,ssp126
-70.25,-6.7499999999999964,0.14248113994107142,ssp126
-70.08333333333333,-6.7499999999999964,0.14560306457645247,ssp126
-69.91666666666667,-6.7499999999999964,0.1444727979038273,ssp126
-69.75,-6.7499999999999964,0.17399072523726689,ssp126
-69.58333333333333,-6.7499999999999964,0.18477466241821028,ssp126
-69.41666666666667,-6.7499999999999964,0.1639699533894995,ssp126
-69.25,-6.7499999999999964,0.1638942356105588,ssp126
-69.08333333333333,-6.7499999999999964,0.1696292008673721,ssp126
-68.91666666666667,-6.7499999999999964,0.1730028711273643,ssp126
-68.75,-6.7499999999999964,0.1761999204765385,ssp126
-68.58333333333333,-6.7499999999999964,0.18119519991136357,ssp126
-68.41666666666667,-6.7499999999999964,0.22409486114029806,ssp126
-68.25,-6.7499999999999964,0.226236643228161,ssp126
-68.08333333333333,-6.7499999999999964,0.22080325356536906,ssp126
-67.91666666666667,-6.7499999999999964,0.1751404143139773,ssp126
-67.75,-6.7499999999999964,0.20284090572957042,ssp126
-67.58333333333333,-6.7499999999999964,0.20873903319036674,ssp126
-67.41666666666667,-6.7499999999999964,0.21628403280115488,ssp126
-67.25,-6.7499999999999964,0.20207261145941227,ssp126
-67.08333333333333,-6.7499999999999964,0.187858874261982,ssp126
-66.91666666666667,-6.7499999999999964,0.1816778901659076,ssp126
-66.75,-6.7499999999999964,0.17838297592578836,ssp126
-66.58333333333333,-6.7499999999999964,0.17594215755476636,ssp126
-66.41666666666667,-6.7499999999999964,0.16687407879855434,ssp126
-66.25,-6.7499999999999964,0.15256479402795828,ssp126
-66.08333333333333,-6.7499999999999964,0.1448627181980657,ssp126
-65.91666666666667,-6.7499999999999964,0.1739202275377369,ssp126
-65.75,-6.7499999999999964,0.12323083070160251,ssp126
-65.58333333333333,-6.7499999999999964,0.11984685518220421,ssp126
-65.41666666666667,-6.7499999999999964,0.1151243547088029,ssp126
-65.25,-6.7499999999999964,0.11216969354957876,ssp126
-65.08333333333333,-6.7499999999999964,0.10763902852346356,ssp126
-64.91666666666667,-6.7499999999999964,0.10099015044650508,ssp126
-64.75,-6.7499999999999964,0.11235843081239767,ssp126
-64.58333333333333,-6.7499999999999964,0.10822452049407832,ssp126
-64.41666666666667,-6.7499999999999964,0.14303720517800145,ssp126
-64.25,-6.7499999999999964,0.13877205887530003,ssp126
-64.08333333333333,-6.7499999999999964,0.20753522903579147,ssp126
-63.91666666666667,-6.7499999999999964,0.17194404422464551,ssp126
-63.75,-6.7499999999999964,0.1777161246157859,ssp126
-63.583333333333336,-6.7499999999999964,0.18072551649675486,ssp126
-63.41666666666667,-6.7499999999999964,0.18084193346135374,ssp126
-63.25,-6.7499999999999964,0.19139347415569444,ssp126
-63.083333333333336,-6.7499999999999964,0.19773256435590134,ssp126
-62.91666666666667,-6.7499999999999964,0.20153552479812922,ssp126
-62.75,-6.7499999999999964,0.19476246386985796,ssp126
-62.583333333333336,-6.7499999999999964,0.19557640684520308,ssp126
-62.41666666666667,-6.7499999999999964,0.22046569986864764,ssp126
-62.25,-6.7499999999999964,0.15671484784630568,ssp126
-62.083333333333336,-6.7499999999999964,0.08948317828503827,ssp126
-61.91666666666667,-6.7499999999999964,0.08385452729549576,ssp126
-61.75,-6.7499999999999964,0.07852218897177773,ssp126
-61.583333333333336,-6.7499999999999964,0.07507912738570298,ssp126
-61.41666666666667,-6.7499999999999964,0.07223873407851318,ssp126
-61.25,-6.7499999999999964,0.0732112316412325,ssp126
-61.083333333333336,-6.7499999999999964,0.06689528018698483,ssp126
-60.91666666666667,-6.7499999999999964,0.06155309400778247,ssp126
-60.75,-6.7499999999999964,0.05106649771873287,ssp126
-60.583333333333336,-6.7499999999999964,0.05312964616393477,ssp126
-60.41666666666667,-6.7499999999999964,0.07602621528778453,ssp126
-60.25,-6.7499999999999964,0.0657629442863307,ssp126
-60.083333333333336,-6.7499999999999964,0.07751295873805757,ssp126
-59.91666666666667,-6.7499999999999964,0.06760826711532601,ssp126
-59.75,-6.7499999999999964,0.05952341205325557,ssp126
-59.583333333333336,-6.7499999999999964,0.0708248490051539,ssp126
-59.41666666666667,-6.7499999999999964,0.05741589088216887,ssp126
-59.25,-6.7499999999999964,0.05373081125175627,ssp126
-59.083333333333336,-6.7499999999999964,0.055468245865423864,ssp126
-58.91666666666667,-6.7499999999999964,0.06280789248335665,ssp126
-58.75,-6.7499999999999964,0.05729511990463099,ssp126
-58.583333333333336,-6.7499999999999964,0.04860406155525253,ssp126
-58.41666666666667,-6.7499999999999964,0.09288094408719681,ssp126
-58.25,-6.7499999999999964,0.07160275388716862,ssp126
-58.083333333333336,-6.7499999999999964,0.053026040970614016,ssp126
-57.91666666666667,-6.7499999999999964,0.06468606703288285,ssp126
-57.75,-6.7499999999999964,0.05691253813699809,ssp126
-57.583333333333336,-6.7499999999999964,0.06507787892275682,ssp126
-57.41666666666667,-6.7499999999999964,0.07383434422873515,ssp126
-57.25,-6.7499999999999964,0.08745910780554068,ssp126
-57.083333333333336,-6.7499999999999964,0.0537564837108703,ssp126
-56.91666666666667,-6.7499999999999964,0.04387642355026325,ssp126
-56.75,-6.7499999999999964,0.06444284153759514,ssp126
-56.583333333333336,-6.7499999999999964,0.04216519546407855,ssp126
-56.41666666666667,-6.7499999999999964,0.042536713488636586,ssp126
-56.25,-6.7499999999999964,0.05113073173677965,ssp126
-56.083333333333336,-6.7499999999999964,0.06924525760086274,ssp126
-55.91666666666667,-6.7499999999999964,0.06966692673534838,ssp126
-55.75,-6.7499999999999964,0.05403068028779951,ssp126
-55.583333333333336,-6.7499999999999964,0.06144875873639425,ssp126
-55.41666666666667,-6.7499999999999964,0.07452690890938776,ssp126
-55.25,-6.7499999999999964,0.05046915096071224,ssp126
-55.083333333333336,-6.7499999999999964,0.04623299841179711,ssp126
-54.91666666666667,-6.7499999999999964,0.053098032115504,ssp126
-54.75,-6.7499999999999964,0.06000739907690298,ssp126
-54.583333333333336,-6.7499999999999964,0.0475352912269928,ssp126
-54.41666666666667,-6.7499999999999964,0.039308547470280585,ssp126
-54.25,-6.7499999999999964,0.03875432810076925,ssp126
-54.083333333333336,-6.7499999999999964,0.03509851631016181,ssp126
-53.91666666666667,-6.7499999999999964,0.04053196240580661,ssp126
-53.75,-6.7499999999999964,0.03852424344125258,ssp126
-53.583333333333336,-6.7499999999999964,0.023571323165405906,ssp126
-53.41666666666667,-6.7499999999999964,0.014152061590322923,ssp126
-53.25,-6.7499999999999964,0.019098298189988178,ssp126
-53.083333333333336,-6.7499999999999964,0.021663233893564685,ssp126
-52.91666666666667,-6.7499999999999964,0.029689733887708045,ssp126
-52.75,-6.7499999999999964,0.023289456842899323,ssp126
-52.583333333333336,-6.7499999999999964,0.010383171917385806,ssp126
-52.41666666666667,-6.7499999999999964,0.01144125689880756,ssp126
-52.25,-6.7499999999999964,0.022669537076821792,ssp126
-52.083333333333336,-6.7499999999999964,0.01134044219423706,ssp126
-51.91666666666667,-6.7499999999999964,0.019486663740418044,ssp126
-51.75,-6.7499999999999964,0.019011108478600977,ssp126
-51.583333333333336,-6.7499999999999964,0.01822534844441301,ssp126
-51.41666666666667,-6.7499999999999964,0.024213106752115007,ssp126
-51.25,-6.7499999999999964,0.02423448634216062,ssp126
-51.083333333333336,-6.7499999999999964,0.026698412574786633,ssp126
-50.91666666666667,-6.7499999999999964,0.033246168992532577,ssp126
-50.75,-6.7499999999999964,0.02054819086504207,ssp126
-50.583333333333336,-6.7499999999999964,0.031124664533836936,ssp126
-50.41666666666667,-6.7499999999999964,0.028251859550005348,ssp126
-50.25,-6.7499999999999964,0.030341278743820508,ssp126
-50.083333333333336,-6.7499999999999964,0.032591519213185344,ssp126
-49.91666666666667,-6.7499999999999964,0.03876833118723499,ssp126
-49.75,-6.7499999999999964,0.03924743592742104,ssp126
-49.583333333333336,-6.7499999999999964,0.05068793030970276,ssp126
-49.41666666666667,-6.7499999999999964,0.040366435159560315,ssp126
-49.25,-6.7499999999999964,0.04267910087096925,ssp126
-49.083333333333336,-6.7499999999999964,0.04302471372176967,ssp126
-48.91666666666667,-6.7499999999999964,0.05677234969828312,ssp126
-48.75,-6.7499999999999964,0.07495927885094947,ssp126
-48.583333333333336,-6.7499999999999964,0.04528155700329442,ssp126
-48.41666666666667,-6.7499999999999964,0.0354551096839087,ssp126
-48.25,-6.7499999999999964,0.045652794020073564,ssp126
-73.58333333333333,-6.916666666666664,0.06493607169991081,ssp126
-73.41666666666667,-6.916666666666664,0.06406588069776624,ssp126
-73.25,-6.916666666666664,0.0600858940338172,ssp126
-73.08333333333333,-6.916666666666664,0.052396669220991086,ssp126
-72.91666666666667,-6.916666666666664,0.056049941372815146,ssp126
-72.75,-6.916666666666664,0.064286539776938,ssp126
-72.58333333333333,-6.916666666666664,0.06024069938226043,ssp126
-72.41666666666667,-6.916666666666664,0.0533139880360867,ssp126
-72.25,-6.916666666666664,0.057173972855574504,ssp126
-72.08333333333333,-6.916666666666664,0.06046727111327004,ssp126
-71.91666666666667,-6.916666666666664,0.059328586495161234,ssp126
-71.75,-6.916666666666664,0.05489210672163909,ssp126
-71.58333333333333,-6.916666666666664,0.05788763098505737,ssp126
-71.41666666666667,-6.916666666666664,0.06753261263645037,ssp126
-71.25,-6.916666666666664,0.08672211652069484,ssp126
-71.08333333333333,-6.916666666666664,0.09964643993405686,ssp126
-70.91666666666667,-6.916666666666664,0.07750306412397757,ssp126
-70.75,-6.916666666666664,0.08606414461479907,ssp126
-70.58333333333333,-6.916666666666664,0.07777490776735922,ssp126
-70.41666666666667,-6.916666666666664,0.05673752594217673,ssp126
-70.25,-6.916666666666664,0.1394186645113318,ssp126
-70.08333333333333,-6.916666666666664,0.13946169249081047,ssp126
-69.91666666666667,-6.916666666666664,0.14236846986463503,ssp126
-69.75,-6.916666666666664,0.18551170961785463,ssp126
-69.58333333333333,-6.916666666666664,0.18105116249652992,ssp126
-69.41666666666667,-6.916666666666664,0.18618325965763705,ssp126
-69.25,-6.916666666666664,0.15718457078126324,ssp126
-69.08333333333333,-6.916666666666664,0.16705026682957413,ssp126
-68.91666666666667,-6.916666666666664,0.16453335129383723,ssp126
-68.75,-6.916666666666664,0.16988066145831798,ssp126
-68.58333333333333,-6.916666666666664,0.17582886450966448,ssp126
-68.41666666666667,-6.916666666666664,0.17923252094246536,ssp126
-68.25,-6.916666666666664,0.18433068651356319,ssp126
-68.08333333333333,-6.916666666666664,0.1899101776976088,ssp126
-67.91666666666667,-6.916666666666664,0.20016816300759055,ssp126
-67.75,-6.916666666666664,0.2052032565534248,ssp126
-67.58333333333333,-6.916666666666664,0.20708132459667958,ssp126
-67.41666666666667,-6.916666666666664,0.19529251547039794,ssp126
-67.25,-6.916666666666664,0.23196491935692504,ssp126
-67.08333333333333,-6.916666666666664,0.18183724920218264,ssp126
-66.91666666666667,-6.916666666666664,0.17529450942907873,ssp126
-66.75,-6.916666666666664,0.17278841202655784,ssp126
-66.58333333333333,-6.916666666666664,0.1723460736587942,ssp126
-66.41666666666667,-6.916666666666664,0.1669847494430839,ssp126
-66.25,-6.916666666666664,0.15680373886244292,ssp126
-66.08333333333333,-6.916666666666664,0.1456637028103339,ssp126
-65.91666666666667,-6.916666666666664,0.13830020270935345,ssp126
-65.75,-6.916666666666664,0.13568605923008614,ssp126
-65.58333333333333,-6.916666666666664,0.13081269970182402,ssp126
-65.41666666666667,-6.916666666666664,0.12478049690266835,ssp126
-65.25,-6.916666666666664,0.1188366122738595,ssp126
-65.08333333333333,-6.916666666666664,0.11616049947627792,ssp126
-64.91666666666667,-6.916666666666664,0.11108434959169668,ssp126
-64.75,-6.916666666666664,0.11425852824408975,ssp126
-64.58333333333333,-6.916666666666664,0.1408027069648486,ssp126
-64.41666666666667,-6.916666666666664,0.14025232089243048,ssp126
-64.25,-6.916666666666664,0.14074466514797881,ssp126
-64.08333333333333,-6.916666666666664,0.14178806797933352,ssp126
-63.91666666666667,-6.916666666666664,0.17699544724777277,ssp126
-63.75,-6.916666666666664,0.189269428378878,ssp126
-63.583333333333336,-6.916666666666664,0.1905955601986274,ssp126
-63.41666666666667,-6.916666666666664,0.1970723849421421,ssp126
-63.25,-6.916666666666664,0.20648546191803435,ssp126
-63.083333333333336,-6.916666666666664,0.21303606939963568,ssp126
-62.91666666666667,-6.916666666666664,0.20604728991813742,ssp126
-62.75,-6.916666666666664,0.20848196969776317,ssp126
-62.583333333333336,-6.916666666666664,0.23036057746080277,ssp126
-62.41666666666667,-6.916666666666664,0.22260085535101787,ssp126
-62.25,-6.916666666666664,0.22020579798948473,ssp126
-62.083333333333336,-6.916666666666664,0.15297487805446006,ssp126
-61.91666666666667,-6.916666666666664,0.08803445611612222,ssp126
-61.75,-6.916666666666664,0.0817341138140509,ssp126
-61.583333333333336,-6.916666666666664,0.07394150868006451,ssp126
-61.41666666666667,-6.916666666666664,0.06952692808222942,ssp126
-61.25,-6.916666666666664,0.05271764525071051,ssp126
-61.083333333333336,-6.916666666666664,0.050019076221468194,ssp126
-60.91666666666667,-6.916666666666664,0.05554246727348907,ssp126
-60.75,-6.916666666666664,0.04685574145026623,ssp126
-60.583333333333336,-6.916666666666664,0.06709263138163774,ssp126
-60.41666666666667,-6.916666666666664,0.0644952202128933,ssp126
-60.25,-6.916666666666664,0.059609480549078074,ssp126
-60.083333333333336,-6.916666666666664,0.06831170335422124,ssp126
-59.91666666666667,-6.916666666666664,0.05987136369748873,ssp126
-59.75,-6.916666666666664,0.06412424964884192,ssp126
-59.583333333333336,-6.916666666666664,0.05882273716067194,ssp126
-59.41666666666667,-6.916666666666664,0.04860797292250007,ssp126
-59.25,-6.916666666666664,0.053952416875299634,ssp126
-59.083333333333336,-6.916666666666664,0.05565408715151731,ssp126
-58.91666666666667,-6.916666666666664,0.05904334432065681,ssp126
-58.75,-6.916666666666664,0.057186279297594726,ssp126
-58.583333333333336,-6.916666666666664,0.056719882360076544,ssp126
-58.41666666666667,-6.916666666666664,0.07440548915034426,ssp126
-58.25,-6.916666666666664,0.06062327732502637,ssp126
-58.083333333333336,-6.916666666666664,0.04468547672295782,ssp126
-57.91666666666667,-6.916666666666664,0.04066972599737204,ssp126
-57.75,-6.916666666666664,0.039822823483442446,ssp126
-57.583333333333336,-6.916666666666664,0.057793141024005394,ssp126
-57.41666666666667,-6.916666666666664,0.05131198631925085,ssp126
-57.25,-6.916666666666664,0.07563750389380924,ssp126
-57.083333333333336,-6.916666666666664,0.05188387007746634,ssp126
-56.91666666666667,-6.916666666666664,0.04435411364132497,ssp126
-56.75,-6.916666666666664,0.0515548410241197,ssp126
-56.583333333333336,-6.916666666666664,0.03590367853324292,ssp126
-56.41666666666667,-6.916666666666664,0.03675842637832745,ssp126
-56.25,-6.916666666666664,0.03732395401245796,ssp126
-56.083333333333336,-6.916666666666664,0.05579514618035642,ssp126
-55.91666666666667,-6.916666666666664,0.05125819245180897,ssp126
-55.75,-6.916666666666664,0.051112700190581305,ssp126
-55.583333333333336,-6.916666666666664,0.05600572868471707,ssp126
-55.41666666666667,-6.916666666666664,0.07072598463061593,ssp126
-55.25,-6.916666666666664,0.055979179505378555,ssp126
-55.083333333333336,-6.916666666666664,0.05145445087576703,ssp126
-54.91666666666667,-6.916666666666664,0.04693239007679623,ssp126
-54.75,-6.916666666666664,0.056630822954756306,ssp126
-54.583333333333336,-6.916666666666664,0.04639881104132938,ssp126
-54.41666666666667,-6.916666666666664,0.02949989543766989,ssp126
-54.25,-6.916666666666664,0.03898644009876879,ssp126
-54.083333333333336,-6.916666666666664,0.0321351380037055,ssp126
-53.91666666666667,-6.916666666666664,0.02751253955424091,ssp126
-53.75,-6.916666666666664,0.0380752955978044,ssp126
-53.583333333333336,-6.916666666666664,0.031148052313094025,ssp126
-53.41666666666667,-6.916666666666664,0.023821223866890832,ssp126
-53.25,-6.916666666666664,0.015740269763031767,ssp126
-53.083333333333336,-6.916666666666664,0.019335705603696712,ssp126
-52.91666666666667,-6.916666666666664,0.02112066105563902,ssp126
-52.75,-6.916666666666664,0.013923057146871518,ssp126
-52.583333333333336,-6.916666666666664,0.01730808729179069,ssp126
-52.41666666666667,-6.916666666666664,0.02667026005412003,ssp126
-52.25,-6.916666666666664,0.026570004490397387,ssp126
-52.083333333333336,-6.916666666666664,0.025024028108153712,ssp126
-51.91666666666667,-6.916666666666664,0.014496748543595735,ssp126
-51.75,-6.916666666666664,0.015622282173797943,ssp126
-51.583333333333336,-6.916666666666664,0.017991695916098022,ssp126
-51.41666666666667,-6.916666666666664,0.024117513725850716,ssp126
-51.25,-6.916666666666664,0.027223831534160244,ssp126
-51.083333333333336,-6.916666666666664,0.030056549844707806,ssp126
-50.91666666666667,-6.916666666666664,0.013628734387881052,ssp126
-50.75,-6.916666666666664,0.00629207082010022,ssp126
-50.583333333333336,-6.916666666666664,0.02389583954919107,ssp126
-50.41666666666667,-6.916666666666664,0.030766869790565324,ssp126
-50.25,-6.916666666666664,0.030381026573580685,ssp126
-50.083333333333336,-6.916666666666664,0.03260980289085228,ssp126
-49.91666666666667,-6.916666666666664,0.032137028695350636,ssp126
-49.75,-6.916666666666664,0.0495534705633029,ssp126
-49.583333333333336,-6.916666666666664,0.042734559312707004,ssp126
-49.41666666666667,-6.916666666666664,0.04308780147729558,ssp126
-49.25,-6.916666666666664,0.04341046377128752,ssp126
-49.083333333333336,-6.916666666666664,0.053366702959612176,ssp126
-48.91666666666667,-6.916666666666664,0.052363931761856344,ssp126
-48.75,-6.916666666666664,0.05237530778256619,ssp126
-48.583333333333336,-6.916666666666664,0.05100349980045929,ssp126
-48.41666666666667,-6.916666666666664,0.03868180597668924,ssp126
-73.58333333333333,-7.08333333333333,0.06446070462996537,ssp126
-73.41666666666667,-7.08333333333333,0.049219340032763,ssp126
-73.25,-7.08333333333333,0.05442733334819728,ssp126
-73.08333333333333,-7.08333333333333,0.05287523177567233,ssp126
-72.91666666666667,-7.08333333333333,0.05611856297547475,ssp126
-72.75,-7.08333333333333,0.060016836074183996,ssp126
-72.58333333333333,-7.08333333333333,0.06224800632610003,ssp126
-72.41666666666667,-7.08333333333333,0.0572666578346703,ssp126
-72.25,-7.08333333333333,0.05382652138612693,ssp126
-72.08333333333333,-7.08333333333333,0.056126184413594335,ssp126
-71.91666666666667,-7.08333333333333,0.05545539604698185,ssp126
-71.75,-7.08333333333333,0.0586796459549846,ssp126
-71.58333333333333,-7.08333333333333,0.06600028616021571,ssp126
-71.41666666666667,-7.08333333333333,0.08306692920976619,ssp126
-71.25,-7.08333333333333,0.08062071274830589,ssp126
-71.08333333333333,-7.08333333333333,0.07919411648066649,ssp126
-70.91666666666667,-7.08333333333333,0.06287573034147051,ssp126
-70.75,-7.08333333333333,0.08199588355990334,ssp126
-70.58333333333333,-7.08333333333333,0.07909129938681785,ssp126
-70.41666666666667,-7.08333333333333,0.06419324248585512,ssp126
-70.25,-7.08333333333333,0.060438286039673494,ssp126
-70.08333333333333,-7.08333333333333,0.14860333474060772,ssp126
-69.91666666666667,-7.08333333333333,0.15250017426845655,ssp126
-69.75,-7.08333333333333,0.19377451240526364,ssp126
-69.58333333333333,-7.08333333333333,0.18725001214561618,ssp126
-69.41666666666667,-7.08333333333333,0.1520641771943204,ssp126
-69.25,-7.08333333333333,0.1765879011587275,ssp126
-69.08333333333333,-7.08333333333333,0.17472680637428403,ssp126
-68.91666666666667,-7.08333333333333,0.1875037645101719,ssp126
-68.75,-7.08333333333333,0.17554846080112482,ssp126
-68.58333333333333,-7.08333333333333,0.17391801917173444,ssp126
-68.41666666666667,-7.08333333333333,0.19453052478556077,ssp126
-68.25,-7.08333333333333,0.1806058919853081,ssp126
-68.08333333333333,-7.08333333333333,0.18417240464041873,ssp126
-67.91666666666667,-7.08333333333333,0.19071446100661463,ssp126
-67.75,-7.08333333333333,0.20089214842385802,ssp126
-67.58333333333333,-7.08333333333333,0.20701678167069706,ssp126
-67.41666666666667,-7.08333333333333,0.23704969309392426,ssp126
-67.25,-7.08333333333333,0.1899599246510528,ssp126
-67.08333333333333,-7.08333333333333,0.1828211969293138,ssp126
-66.91666666666667,-7.08333333333333,0.17530922750698372,ssp126
-66.75,-7.08333333333333,0.1717290542789588,ssp126
-66.58333333333333,-7.08333333333333,0.1750868606121738,ssp126
-66.41666666666667,-7.08333333333333,0.1767612425517104,ssp126
-66.25,-7.08333333333333,0.17423170825852158,ssp126
-66.08333333333333,-7.08333333333333,0.16019170613871925,ssp126
-65.91666666666667,-7.08333333333333,0.15172418219230197,ssp126
-65.75,-7.08333333333333,0.13940562381455018,ssp126
-65.58333333333333,-7.08333333333333,0.13604146589105423,ssp126
-65.41666666666667,-7.08333333333333,0.12979565478667268,ssp126
-65.25,-7.08333333333333,0.12375691627620676,ssp126
-65.08333333333333,-7.08333333333333,0.12181378905807447,ssp126
-64.91666666666667,-7.08333333333333,0.11974316061290054,ssp126
-64.75,-7.08333333333333,0.10420973137503112,ssp126
-64.58333333333333,-7.08333333333333,0.14305699664925173,ssp126
-64.41666666666667,-7.08333333333333,0.14228761068587312,ssp126
-64.25,-7.08333333333333,0.11907261877704403,ssp126
-64.08333333333333,-7.08333333333333,0.1528025669168154,ssp126
-63.91666666666667,-7.08333333333333,0.18243669978158789,ssp126
-63.75,-7.08333333333333,0.19429696356635184,ssp126
-63.583333333333336,-7.08333333333333,0.1951372229046087,ssp126
-63.41666666666667,-7.08333333333333,0.21986989062088666,ssp126
-63.25,-7.08333333333333,0.225966702469646,ssp126
-63.083333333333336,-7.08333333333333,0.22097804296234352,ssp126
-62.91666666666667,-7.08333333333333,0.222327389322574,ssp126
-62.75,-7.08333333333333,0.25606545393963287,ssp126
-62.583333333333336,-7.08333333333333,0.2417789386700278,ssp126
-62.41666666666667,-7.08333333333333,0.23436803732917955,ssp126
-62.25,-7.08333333333333,0.22584252937918295,ssp126
-62.083333333333336,-7.08333333333333,0.2180654791138967,ssp126
-61.91666666666667,-7.08333333333333,0.15726096691647987,ssp126
-61.75,-7.08333333333333,0.15221089998242998,ssp126
-61.583333333333336,-7.08333333333333,0.14280682822066218,ssp126
-61.41666666666667,-7.08333333333333,0.06446805281675964,ssp126
-61.25,-7.08333333333333,0.04928857522744152,ssp126
-61.083333333333336,-7.08333333333333,0.048517353092919206,ssp126
-60.91666666666667,-7.08333333333333,0.05581976847181799,ssp126
-60.75,-7.08333333333333,0.05389092661163119,ssp126
-60.583333333333336,-7.08333333333333,0.054598372312778594,ssp126
-60.41666666666667,-7.08333333333333,0.05741472686070464,ssp126
-60.25,-7.08333333333333,0.06317223199134239,ssp126
-60.083333333333336,-7.08333333333333,0.0636697833003281,ssp126
-59.91666666666667,-7.08333333333333,0.06850806066048379,ssp126
-59.75,-7.08333333333333,0.05916822379780882,ssp126
-59.583333333333336,-7.08333333333333,0.05738778714048996,ssp126
-59.41666666666667,-7.08333333333333,0.03926064458290923,ssp126
-59.25,-7.08333333333333,0.03898196893889868,ssp126
-59.083333333333336,-7.08333333333333,0.04706038536425525,ssp126
-58.91666666666667,-7.08333333333333,0.05243932687603265,ssp126
-58.75,-7.08333333333333,0.08340856463589505,ssp126
-58.583333333333336,-7.08333333333333,0.06470216579336553,ssp126
-58.41666666666667,-7.08333333333333,0.05176372666768612,ssp126
-58.25,-7.08333333333333,0.06783456470342102,ssp126
-58.083333333333336,-7.08333333333333,0.06860142284392637,ssp126
-57.91666666666667,-7.08333333333333,0.05534113510154059,ssp126
-57.75,-7.08333333333333,0.04002334610845944,ssp126
-57.583333333333336,-7.08333333333333,0.033839635005459674,ssp126
-57.41666666666667,-7.08333333333333,0.051088348289822075,ssp126
-57.25,-7.08333333333333,0.062452034408178765,ssp126
-57.083333333333336,-7.08333333333333,0.048974182993905914,ssp126
-56.91666666666667,-7.08333333333333,0.04773589009310579,ssp126
-56.75,-7.08333333333333,0.0460101114887298,ssp126
-56.583333333333336,-7.08333333333333,0.0288182405784912,ssp126
-56.41666666666667,-7.08333333333333,0.034246049642916616,ssp126
-56.25,-7.08333333333333,0.041207692629527774,ssp126
-56.083333333333336,-7.08333333333333,0.043807668659651765,ssp126
-55.91666666666667,-7.08333333333333,0.04308005101979179,ssp126
-55.75,-7.08333333333333,0.04808525000430977,ssp126
-55.583333333333336,-7.08333333333333,0.05124548812699178,ssp126
-55.41666666666667,-7.08333333333333,0.06440450454650673,ssp126
-55.25,-7.08333333333333,0.04928297215710042,ssp126
-55.083333333333336,-7.08333333333333,0.05003994161604637,ssp126
-54.91666666666667,-7.08333333333333,0.055358949217829835,ssp126
-54.75,-7.08333333333333,0.04668280656991282,ssp126
-54.583333333333336,-7.08333333333333,0.04972597195430576,ssp126
-54.41666666666667,-7.08333333333333,0.03328424891277303,ssp126
-54.25,-7.08333333333333,0.03625629613744491,ssp126
-54.083333333333336,-7.08333333333333,0.030821122282551933,ssp126
-53.91666666666667,-7.08333333333333,0.027757427479729667,ssp126
-53.75,-7.08333333333333,0.03397530476626371,ssp126
-53.583333333333336,-7.08333333333333,0.028524382597687206,ssp126
-53.41666666666667,-7.08333333333333,0.01913886465874517,ssp126
-53.25,-7.08333333333333,0.017698543682729124,ssp126
-53.083333333333336,-7.08333333333333,0.021313109976702767,ssp126
-52.91666666666667,-7.08333333333333,0.02270332163160698,ssp126
-52.75,-7.08333333333333,0.01802314782711639,ssp126
-52.583333333333336,-7.08333333333333,0.01905856721945135,ssp126
-52.41666666666667,-7.08333333333333,0.02370591903621122,ssp126
-52.25,-7.08333333333333,0.0289850362903144,ssp126
-52.083333333333336,-7.08333333333333,0.01745521588507238,ssp126
-51.91666666666667,-7.08333333333333,0.0169864411925138,ssp126
-51.75,-7.08333333333333,0.020243110428611436,ssp126
-51.583333333333336,-7.08333333333333,0.016702204731200643,ssp126
-51.41666666666667,-7.08333333333333,0.02668560461418053,ssp126
-51.25,-7.08333333333333,0.018600502311884235,ssp126
-51.083333333333336,-7.08333333333333,0.01640842100963573,ssp126
-50.91666666666667,-7.08333333333333,0.012939141484538084,ssp126
-50.75,-7.08333333333333,0.010217239571322303,ssp126
-50.583333333333336,-7.08333333333333,0.013582676547035497,ssp126
-50.41666666666667,-7.08333333333333,0.023968389715912832,ssp126
-50.25,-7.08333333333333,0.03279682115059843,ssp126
-50.083333333333336,-7.08333333333333,0.03193867124617493,ssp126
-49.91666666666667,-7.08333333333333,0.038493970907342426,ssp126
-49.75,-7.08333333333333,0.04938369250100497,ssp126
-49.583333333333336,-7.08333333333333,0.04547116893788609,ssp126
-49.41666666666667,-7.08333333333333,0.036095672462525416,ssp126
-49.25,-7.08333333333333,0.044658502206935,ssp126
-49.083333333333336,-7.08333333333333,0.05598527651830398,ssp126
-48.91666666666667,-7.08333333333333,0.04461633816052473,ssp126
-48.75,-7.08333333333333,0.049071753888896834,ssp126
-48.583333333333336,-7.08333333333333,0.046686358266124293,ssp126
-48.41666666666667,-7.08333333333333,0.026604363575012616,ssp126
-73.58333333333333,-7.2499999999999964,0.06327973769873797,ssp126
-73.41666666666667,-7.2499999999999964,0.0465673936500827,ssp126
-73.25,-7.2499999999999964,0.04807283622667187,ssp126
-73.08333333333333,-7.2499999999999964,0.051080601790700904,ssp126
-72.91666666666667,-7.2499999999999964,0.0587235854075245,ssp126
-72.75,-7.2499999999999964,0.057151812013468535,ssp126
-72.58333333333333,-7.2499999999999964,0.0611188927236086,ssp126
-72.41666666666667,-7.2499999999999964,0.061464982293534205,ssp126
-72.25,-7.2499999999999964,0.06135416043865387,ssp126
-72.08333333333333,-7.2499999999999964,0.06211241308591953,ssp126
-71.91666666666667,-7.2499999999999964,0.06405018925476665,ssp126
-71.75,-7.2499999999999964,0.05365502367645875,ssp126
-71.58333333333333,-7.2499999999999964,0.07110939396866758,ssp126
-71.41666666666667,-7.2499999999999964,0.06945390094290485,ssp126
-71.25,-7.2499999999999964,0.07512747328588583,ssp126
-71.08333333333333,-7.2499999999999964,0.05829237613766259,ssp126
-70.91666666666667,-7.2499999999999964,0.07101776136799111,ssp126
-70.75,-7.2499999999999964,0.079286461640354,ssp126
-70.58333333333333,-7.2499999999999964,0.060663268445955806,ssp126
-70.41666666666667,-7.2499999999999964,0.055472731576763266,ssp126
-70.25,-7.2499999999999964,0.059754126162415044,ssp126
-70.08333333333333,-7.2499999999999964,0.05674796694693214,ssp126
-69.91666666666667,-7.2499999999999964,0.1665678325148824,ssp126
-69.75,-7.2499999999999964,0.19863119562575204,ssp126
-69.58333333333333,-7.2499999999999964,0.19479770965990492,ssp126
-69.41666666666667,-7.2499999999999964,0.17895606953395116,ssp126
-69.25,-7.2499999999999964,0.1803543879164133,ssp126
-69.08333333333333,-7.2499999999999964,0.16384815413639525,ssp126
-68.91666666666667,-7.2499999999999964,0.2094450854699997,ssp126
-68.75,-7.2499999999999964,0.17999456184217377,ssp126
-68.58333333333333,-7.2499999999999964,0.18177900443721579,ssp126
-68.41666666666667,-7.2499999999999964,0.21013173632659515,ssp126
-68.25,-7.2499999999999964,0.21855243994263798,ssp126
-68.08333333333333,-7.2499999999999964,0.21925026526229102,ssp126
-67.91666666666667,-7.2499999999999964,0.209288487650726,ssp126
-67.75,-7.2499999999999964,0.20234770589323473,ssp126
-67.58333333333333,-7.2499999999999964,0.19542567121620916,ssp126
-67.41666666666667,-7.2499999999999964,0.19406739887971244,ssp126
-67.25,-7.2499999999999964,0.1942945453985116,ssp126
-67.08333333333333,-7.2499999999999964,0.18781068623860886,ssp126
-66.91666666666667,-7.2499999999999964,0.1797246769728334,ssp126
-66.75,-7.2499999999999964,0.1781795387853487,ssp126
-66.58333333333333,-7.2499999999999964,0.18345746863516368,ssp126
-66.41666666666667,-7.2499999999999964,0.18366203690425634,ssp126
-66.25,-7.2499999999999964,0.16977202315761533,ssp126
-66.08333333333333,-7.2499999999999964,0.17484940164762877,ssp126
-65.91666666666667,-7.2499999999999964,0.1627870980087133,ssp126
-65.75,-7.2499999999999964,0.15077859314279107,ssp126
-65.58333333333333,-7.2499999999999964,0.1522828797206738,ssp126
-65.41666666666667,-7.2499999999999964,0.14191037869436637,ssp126
-65.25,-7.2499999999999964,0.13359815400782482,ssp126
-65.08333333333333,-7.2499999999999964,0.12879161429608296,ssp126
-64.91666666666667,-7.2499999999999964,0.11195330788123838,ssp126
-64.75,-7.2499999999999964,0.13606068417666303,ssp126
-64.58333333333333,-7.2499999999999964,0.14344112913248533,ssp126
-64.41666666666667,-7.2499999999999964,0.11331644806477147,ssp126
-64.25,-7.2499999999999964,0.12476855119355335,ssp126
-64.08333333333333,-7.2499999999999964,0.15401592584898904,ssp126
-63.91666666666667,-7.2499999999999964,0.12715857850772716,ssp126
-63.75,-7.2499999999999964,0.20016383661907408,ssp126
-63.583333333333336,-7.2499999999999964,0.19793361934782647,ssp126
-63.41666666666667,-7.2499999999999964,0.22815919024054987,ssp126
-63.25,-7.2499999999999964,0.2368678851117751,ssp126
-63.083333333333336,-7.2499999999999964,0.23533027375522667,ssp126
-62.91666666666667,-7.2499999999999964,0.22011047651540933,ssp126
-62.75,-7.2499999999999964,0.25851006963147194,ssp126
-62.583333333333336,-7.2499999999999964,0.24458978293231867,ssp126
-62.41666666666667,-7.2499999999999964,0.1966225662861927,ssp126
-62.25,-7.2499999999999964,0.19109757383839557,ssp126
-62.083333333333336,-7.2499999999999964,0.22885946470246338,ssp126
-61.91666666666667,-7.2499999999999964,0.22970748866275784,ssp126
-61.75,-7.2499999999999964,0.15336794691664563,ssp126
-61.583333333333336,-7.2499999999999964,0.14066363437969476,ssp126
-61.41666666666667,-7.2499999999999964,0.12371625902783873,ssp126
-61.25,-7.2499999999999964,0.10194894434246551,ssp126
-61.083333333333336,-7.2499999999999964,0.062285711435899824,ssp126
-60.91666666666667,-7.2499999999999964,0.0537959031689109,ssp126
-60.75,-7.2499999999999964,0.049709185538433676,ssp126
-60.583333333333336,-7.2499999999999964,0.05275703740339038,ssp126
-60.41666666666667,-7.2499999999999964,0.05162677028711122,ssp126
-60.25,-7.2499999999999964,0.05003167931319428,ssp126
-60.083333333333336,-7.2499999999999964,0.07386389762548583,ssp126
-59.91666666666667,-7.2499999999999964,0.053979658086075896,ssp126
-59.75,-7.2499999999999964,0.04752146299734385,ssp126
-59.583333333333336,-7.2499999999999964,0.04959345862081799,ssp126
-59.41666666666667,-7.2499999999999964,0.039871825813697116,ssp126
-59.25,-7.2499999999999964,0.05099246571150867,ssp126
-59.083333333333336,-7.2499999999999964,0.06428481848331773,ssp126
-58.91666666666667,-7.2499999999999964,0.07568996264152633,ssp126
-58.75,-7.2499999999999964,0.07766703081981668,ssp126
-58.583333333333336,-7.2499999999999964,0.05906244738882684,ssp126
-58.41666666666667,-7.2499999999999964,0.0534473784198549,ssp126
-58.25,-7.2499999999999964,0.05277908354163089,ssp126
-58.083333333333336,-7.2499999999999964,0.05535049900808798,ssp126
-57.91666666666667,-7.2499999999999964,0.047459816283359324,ssp126
-57.75,-7.2499999999999964,0.03789454622536915,ssp126
-57.583333333333336,-7.2499999999999964,0.03817606498012832,ssp126
-57.41666666666667,-7.2499999999999964,0.033150399930578216,ssp126
-57.25,-7.2499999999999964,0.04868617177711441,ssp126
-57.083333333333336,-7.2499999999999964,0.04946336036783313,ssp126
-56.91666666666667,-7.2499999999999964,0.0443461165188522,ssp126
-56.75,-7.2499999999999964,0.040368626437300596,ssp126
-56.583333333333336,-7.2499999999999964,0.02946646694944355,ssp126
-56.41666666666667,-7.2499999999999964,0.03645455121479683,ssp126
-56.25,-7.2499999999999964,0.042375799648126135,ssp126
-56.083333333333336,-7.2499999999999964,0.04322657570538906,ssp126
-55.91666666666667,-7.2499999999999964,0.03938812336739609,ssp126
-55.75,-7.2499999999999964,0.05234137447523731,ssp126
-55.583333333333336,-7.2499999999999964,0.03967564560706528,ssp126
-55.41666666666667,-7.2499999999999964,0.06153712433174326,ssp126
-55.25,-7.2499999999999964,0.04436256952953866,ssp126
-55.083333333333336,-7.2499999999999964,0.04476729423589612,ssp126
-54.91666666666667,-7.2499999999999964,0.0456338898935005,ssp126
-54.75,-7.2499999999999964,0.04327362021821383,ssp126
-54.583333333333336,-7.2499999999999964,0.04473184336293792,ssp126
-54.41666666666667,-7.2499999999999964,0.04012932288546113,ssp126
-54.25,-7.2499999999999964,0.029742032980317513,ssp126
-54.083333333333336,-7.2499999999999964,0.031457879976625726,ssp126
-53.91666666666667,-7.2499999999999964,0.02768607455453687,ssp126
-53.75,-7.2499999999999964,0.024001035053956905,ssp126
-53.583333333333336,-7.2499999999999964,0.031987727618843734,ssp126
-53.41666666666667,-7.2499999999999964,0.02043359508601704,ssp126
-53.25,-7.2499999999999964,0.010611920594593765,ssp126
-53.083333333333336,-7.2499999999999964,0.017602313058592434,ssp126
-52.91666666666667,-7.2499999999999964,0.015271814464167026,ssp126
-52.75,-7.2499999999999964,0.014474096296886093,ssp126
-52.583333333333336,-7.2499999999999964,0.02548671627426345,ssp126
-52.41666666666667,-7.2499999999999964,0.026705420401805322,ssp126
-52.25,-7.2499999999999964,0.024421301167587808,ssp126
-52.083333333333336,-7.2499999999999964,0.02042647178186891,ssp126
-51.91666666666667,-7.2499999999999964,0.018577861686707168,ssp126
-51.75,-7.2499999999999964,0.019297384223085686,ssp126
-51.583333333333336,-7.2499999999999964,0.024472759284579194,ssp126
-51.41666666666667,-7.2499999999999964,0.023085276078442792,ssp126
-51.25,-7.2499999999999964,0.02053313882773572,ssp126
-51.083333333333336,-7.2499999999999964,0.021080062754031823,ssp126
-50.91666666666667,-7.2499999999999964,0.02565409909246825,ssp126
-50.75,-7.2499999999999964,0.02164998841696456,ssp126
-50.583333333333336,-7.2499999999999964,0.017038642936251305,ssp126
-50.41666666666667,-7.2499999999999964,0.015886987889387194,ssp126
-50.25,-7.2499999999999964,0.03578827859162768,ssp126
-50.083333333333336,-7.2499999999999964,0.031193441076784074,ssp126
-49.91666666666667,-7.2499999999999964,0.039112356113210275,ssp126
-49.75,-7.2499999999999964,0.055463257635194,ssp126
-49.583333333333336,-7.2499999999999964,0.060565574376885284,ssp126
-49.41666666666667,-7.2499999999999964,0.03651053245042464,ssp126
-49.25,-7.2499999999999964,0.047228396465417294,ssp126
-49.083333333333336,-7.2499999999999964,0.059533846923280266,ssp126
-48.91666666666667,-7.2499999999999964,0.048909667157991984,ssp126
-48.75,-7.2499999999999964,0.05078869154240965,ssp126
-48.583333333333336,-7.2499999999999964,0.04187045584964088,ssp126
-48.41666666666667,-7.2499999999999964,0.022743779517229522,ssp126
-73.58333333333333,-7.416666666666664,0.05862010069994531,ssp126
-73.41666666666667,-7.416666666666664,0.044653702323379466,ssp126
-73.25,-7.416666666666664,0.050090216194295746,ssp126
-73.08333333333333,-7.416666666666664,0.05407445666713639,ssp126
-72.91666666666667,-7.416666666666664,0.059153890136888966,ssp126
-72.75,-7.416666666666664,0.057351066808355756,ssp126
-72.58333333333333,-7.416666666666664,0.060716864223870994,ssp126
-72.41666666666667,-7.416666666666664,0.06312592047385007,ssp126
-72.25,-7.416666666666664,0.0783997205588667,ssp126
-72.08333333333333,-7.416666666666664,0.07804955615158826,ssp126
-71.91666666666667,-7.416666666666664,0.07008037123704572,ssp126
-71.75,-7.416666666666664,0.06790082774044146,ssp126
-71.58333333333333,-7.416666666666664,0.07664572452960562,ssp126
-71.41666666666667,-7.416666666666664,0.07516159747092307,ssp126
-71.25,-7.416666666666664,0.05582764186816626,ssp126
-71.08333333333333,-7.416666666666664,0.08549281732790052,ssp126
-70.91666666666667,-7.416666666666664,0.0773136134316539,ssp126
-70.75,-7.416666666666664,0.05383558111056982,ssp126
-70.58333333333333,-7.416666666666664,0.056211749487922354,ssp126
-70.41666666666667,-7.416666666666664,0.0607232889830156,ssp126
-70.25,-7.416666666666664,0.05797746460956801,ssp126
-70.08333333333333,-7.416666666666664,0.06845712185432598,ssp126
-69.91666666666667,-7.416666666666664,0.07144514844572099,ssp126
-69.75,-7.416666666666664,0.07132218393980659,ssp126
-69.58333333333333,-7.416666666666664,0.07378918013584025,ssp126
-69.41666666666667,-7.416666666666664,0.0545831540334668,ssp126
-69.25,-7.416666666666664,0.05855609921880033,ssp126
-69.08333333333333,-7.416666666666664,0.21385565770220613,ssp126
-68.91666666666667,-7.416666666666664,0.2180685531401489,ssp126
-68.75,-7.416666666666664,0.18166473088124313,ssp126
-68.58333333333333,-7.416666666666664,0.1961675577349519,ssp126
-68.41666666666667,-7.416666666666664,0.19392912377194607,ssp126
-68.25,-7.416666666666664,0.20571647071989752,ssp126
-68.08333333333333,-7.416666666666664,0.211605737259566,ssp126
-67.91666666666667,-7.416666666666664,0.2110006292088543,ssp126
-67.75,-7.416666666666664,0.20507043920533136,ssp126
-67.58333333333333,-7.416666666666664,0.21841366465896467,ssp126
-67.41666666666667,-7.416666666666664,0.21160066070409847,ssp126
-67.25,-7.416666666666664,0.20623094319270205,ssp126
-67.08333333333333,-7.416666666666664,0.1823289115729197,ssp126
-66.91666666666667,-7.416666666666664,0.1769310807188789,ssp126
-66.75,-7.416666666666664,0.1915075563352299,ssp126
-66.58333333333333,-7.416666666666664,0.19866092851065184,ssp126
-66.41666666666667,-7.416666666666664,0.21472647613729257,ssp126
-66.25,-7.416666666666664,0.20872727386742349,ssp126
-66.08333333333333,-7.416666666666664,0.20853627135775493,ssp126
-65.91666666666667,-7.416666666666664,0.18586833896386673,ssp126
-65.75,-7.416666666666664,0.179955256773939,ssp126
-65.58333333333333,-7.416666666666664,0.16948726089682664,ssp126
-65.41666666666667,-7.416666666666664,0.15839794758122963,ssp126
-65.25,-7.416666666666664,0.14203419710717508,ssp126
-65.08333333333333,-7.416666666666664,0.12696882659091513,ssp126
-64.91666666666667,-7.416666666666664,0.14173880845188358,ssp126
-64.75,-7.416666666666664,0.14172634882187393,ssp126
-64.58333333333333,-7.416666666666664,0.14581175841724073,ssp126
-64.41666666666667,-7.416666666666664,0.11989872968513368,ssp126
-64.25,-7.416666666666664,0.1278883599120697,ssp126
-64.08333333333333,-7.416666666666664,0.16030444141862898,ssp126
-63.91666666666667,-7.416666666666664,0.13643643724815677,ssp126
-63.75,-7.416666666666664,0.14560388449587144,ssp126
-63.583333333333336,-7.416666666666664,0.22327238218653753,ssp126
-63.41666666666667,-7.416666666666664,0.23962319649454847,ssp126
-63.25,-7.416666666666664,0.24424051683127188,ssp126
-63.083333333333336,-7.416666666666664,0.24649993827894726,ssp126
-62.91666666666667,-7.416666666666664,0.2699504337828965,ssp126
-62.75,-7.416666666666664,0.2588217421067194,ssp126
-62.583333333333336,-7.416666666666664,0.23976715705899274,ssp126
-62.41666666666667,-7.416666666666664,0.1933923252349127,ssp126
-62.25,-7.416666666666664,0.1897835712425503,ssp126
-62.083333333333336,-7.416666666666664,0.22719467829507034,ssp126
-61.91666666666667,-7.416666666666664,0.22926352755257687,ssp126
-61.75,-7.416666666666664,0.14646866838145303,ssp126
-61.583333333333336,-7.416666666666664,0.13477492697972696,ssp126
-61.41666666666667,-7.416666666666664,0.09461567577770243,ssp126
-61.25,-7.416666666666664,0.09869032357709479,ssp126
-61.083333333333336,-7.416666666666664,0.11113733743972387,ssp126
-60.91666666666667,-7.416666666666664,0.09068215580618245,ssp126
-60.75,-7.416666666666664,0.047247619210921195,ssp126
-60.583333333333336,-7.416666666666664,0.05534305088247623,ssp126
-60.41666666666667,-7.416666666666664,0.05043836664463001,ssp126
-60.25,-7.416666666666664,0.07500049506787117,ssp126
-60.083333333333336,-7.416666666666664,0.05888580736809039,ssp126
-59.91666666666667,-7.416666666666664,0.045640619868682064,ssp126
-59.75,-7.416666666666664,0.05159949481741603,ssp126
-59.583333333333336,-7.416666666666664,0.06083424290957502,ssp126
-59.41666666666667,-7.416666666666664,0.0500348627052512,ssp126
-59.25,-7.416666666666664,0.04289334446677801,ssp126
-59.083333333333336,-7.416666666666664,0.055060665284261796,ssp126
-58.91666666666667,-7.416666666666664,0.05680450239240475,ssp126
-58.75,-7.416666666666664,0.06845810262095149,ssp126
-58.583333333333336,-7.416666666666664,0.04925644930501282,ssp126
-58.41666666666667,-7.416666666666664,0.05057938927801723,ssp126
-58.25,-7.416666666666664,0.04282741882857873,ssp126
-58.083333333333336,-7.416666666666664,0.04941145120679331,ssp126
-57.91666666666667,-7.416666666666664,0.05406817766736679,ssp126
-57.75,-7.416666666666664,0.060182465870758504,ssp126
-57.583333333333336,-7.416666666666664,0.04758077439725437,ssp126
-57.41666666666667,-7.416666666666664,0.027875677874343394,ssp126
-57.25,-7.416666666666664,0.037052681254533475,ssp126
-57.083333333333336,-7.416666666666664,0.04345302876260004,ssp126
-56.91666666666667,-7.416666666666664,0.03521283409823095,ssp126
-56.75,-7.416666666666664,0.035056618548107994,ssp126
-56.583333333333336,-7.416666666666664,0.027876814174007516,ssp126
-56.41666666666667,-7.416666666666664,0.03174008709172964,ssp126
-56.25,-7.416666666666664,0.045381848030139865,ssp126
-56.083333333333336,-7.416666666666664,0.0444426643928453,ssp126
-55.91666666666667,-7.416666666666664,0.0349759791981347,ssp126
-55.75,-7.416666666666664,0.04956625874793824,ssp126
-55.583333333333336,-7.416666666666664,0.03879742735550984,ssp126
-55.41666666666667,-7.416666666666664,0.04511519369647615,ssp126
-55.25,-7.416666666666664,0.04418464591716829,ssp126
-55.083333333333336,-7.416666666666664,0.0438331743194061,ssp126
-54.91666666666667,-7.416666666666664,0.043179645902416075,ssp126
-54.75,-7.416666666666664,0.043105068528472984,ssp126
-54.583333333333336,-7.416666666666664,0.04912001135236174,ssp126
-54.41666666666667,-7.416666666666664,0.041038301784860384,ssp126
-54.25,-7.416666666666664,0.03852518126503816,ssp126
-54.083333333333336,-7.416666666666664,0.02754553887403276,ssp126
-53.91666666666667,-7.416666666666664,0.02633363461222371,ssp126
-53.75,-7.416666666666664,0.022848919456869784,ssp126
-53.583333333333336,-7.416666666666664,0.02793841166191972,ssp126
-53.41666666666667,-7.416666666666664,0.025864784292646804,ssp126
-53.25,-7.416666666666664,0.01797217122821088,ssp126
-53.083333333333336,-7.416666666666664,0.012634530432801015,ssp126
-52.91666666666667,-7.416666666666664,0.01417359930215854,ssp126
-52.75,-7.416666666666664,0.01611280336498675,ssp126
-52.583333333333336,-7.416666666666664,0.023017548586070576,ssp126
-52.41666666666667,-7.416666666666664,0.021629187863724787,ssp126
-52.25,-7.416666666666664,0.012260608028222675,ssp126
-52.083333333333336,-7.416666666666664,0.006508363475229405,ssp126
-51.91666666666667,-7.416666666666664,0.01725163910855727,ssp126
-51.75,-7.416666666666664,0.018518046306934398,ssp126
-51.583333333333336,-7.416666666666664,0.01567097527412482,ssp126
-51.41666666666667,-7.416666666666664,0.013318191786207826,ssp126
-51.25,-7.416666666666664,0.02298558216219393,ssp126
-51.083333333333336,-7.416666666666664,0.02308319137627662,ssp126
-50.91666666666667,-7.416666666666664,0.024513166016533243,ssp126
-50.75,-7.416666666666664,0.022406303257762918,ssp126
-50.583333333333336,-7.416666666666664,0.015571810065347894,ssp126
-50.41666666666667,-7.416666666666664,0.01104712689209159,ssp126
-50.25,-7.416666666666664,0.0442324024571133,ssp126
-50.083333333333336,-7.416666666666664,0.033068019914165026,ssp126
-49.91666666666667,-7.416666666666664,0.036765435513439,ssp126
-49.75,-7.416666666666664,0.047089714029618875,ssp126
-49.583333333333336,-7.416666666666664,0.04604518231224928,ssp126
-49.41666666666667,-7.416666666666664,0.030910364489828764,ssp126
-49.25,-7.416666666666664,0.053208249094026897,ssp126
-49.083333333333336,-7.416666666666664,0.04710199576219349,ssp126
-48.91666666666667,-7.416666666666664,0.037178607162461755,ssp126
-48.75,-7.416666666666664,0.04963142978348554,ssp126
-48.583333333333336,-7.416666666666664,0.04116971171181405,ssp126
-73.75,-7.58333333333333,0.04459005830617703,ssp126
-73.58333333333333,-7.58333333333333,0.05032493166435291,ssp126
-73.41666666666667,-7.58333333333333,0.04506327779686584,ssp126
-73.25,-7.58333333333333,0.048904832649254326,ssp126
-73.08333333333333,-7.58333333333333,0.05094680018910008,ssp126
-72.91666666666667,-7.58333333333333,0.06443924252731496,ssp126
-72.75,-7.58333333333333,0.06769428716093036,ssp126
-72.58333333333333,-7.58333333333333,0.07306881362952809,ssp126
-72.41666666666667,-7.58333333333333,0.08667982872562568,ssp126
-72.25,-7.58333333333333,0.07542456100598109,ssp126
-72.08333333333333,-7.58333333333333,0.05369765214845678,ssp126
-71.91666666666667,-7.58333333333333,0.07614189401666352,ssp126
-71.75,-7.58333333333333,0.06795760325792671,ssp126
-71.58333333333333,-7.58333333333333,0.053187961904810885,ssp126
-71.41666666666667,-7.58333333333333,0.056372666419215706,ssp126
-71.25,-7.58333333333333,0.08301681190520965,ssp126
-71.08333333333333,-7.58333333333333,0.08060838692966667,ssp126
-70.91666666666667,-7.58333333333333,0.06333772300566635,ssp126
-70.75,-7.58333333333333,0.05364349117927277,ssp126
-70.58333333333333,-7.58333333333333,0.05498739188787633,ssp126
-70.41666666666667,-7.58333333333333,0.058260406694988456,ssp126
-70.25,-7.58333333333333,0.057351356111328494,ssp126
-70.08333333333333,-7.58333333333333,0.07512941605159444,ssp126
-69.91666666666667,-7.58333333333333,0.0641689791520747,ssp126
-69.75,-7.58333333333333,0.05480239001201864,ssp126
-69.58333333333333,-7.58333333333333,0.0533535737925831,ssp126
-69.41666666666667,-7.58333333333333,0.05552403527506346,ssp126
-69.25,-7.58333333333333,0.05501189642249336,ssp126
-69.08333333333333,-7.58333333333333,0.06969220189641939,ssp126
-68.91666666666667,-7.58333333333333,0.0648321921949404,ssp126
-68.75,-7.58333333333333,0.18354087504857605,ssp126
-68.58333333333333,-7.58333333333333,0.21604097450029844,ssp126
-68.41666666666667,-7.58333333333333,0.22508065034756533,ssp126
-68.25,-7.58333333333333,0.21850644018157148,ssp126
-68.08333333333333,-7.58333333333333,0.22107642195139307,ssp126
-67.91666666666667,-7.58333333333333,0.22155735283444863,ssp126
-67.75,-7.58333333333333,0.198438823104918,ssp126
-67.58333333333333,-7.58333333333333,0.20967418654673373,ssp126
-67.41666666666667,-7.58333333333333,0.21427296440496021,ssp126
-67.25,-7.58333333333333,0.2134122625521945,ssp126
-67.08333333333333,-7.58333333333333,0.18442893691003115,ssp126
-66.91666666666667,-7.58333333333333,0.17404708082953665,ssp126
-66.75,-7.58333333333333,0.1877867106828301,ssp126
-66.58333333333333,-7.58333333333333,0.2070553100253491,ssp126
-66.41666666666667,-7.58333333333333,0.21632100400270826,ssp126
-66.25,-7.58333333333333,0.23495946430841874,ssp126
-66.08333333333333,-7.58333333333333,0.23749783541877834,ssp126
-65.91666666666667,-7.58333333333333,0.21482316449337868,ssp126
-65.75,-7.58333333333333,0.1997420901734208,ssp126
-65.58333333333333,-7.58333333333333,0.17793788987516407,ssp126
-65.41666666666667,-7.58333333333333,0.16210906338769687,ssp126
-65.25,-7.58333333333333,0.12776553591606593,ssp126
-65.08333333333333,-7.58333333333333,0.12912735347430873,ssp126
-64.91666666666667,-7.58333333333333,0.14882859758014663,ssp126
-64.75,-7.58333333333333,0.14718678709009086,ssp126
-64.58333333333333,-7.58333333333333,0.14988218002162684,ssp126
-64.41666666666667,-7.58333333333333,0.12531418635444283,ssp126
-64.25,-7.58333333333333,0.1295873854378788,ssp126
-64.08333333333333,-7.58333333333333,0.1676232004865656,ssp126
-63.91666666666667,-7.58333333333333,0.14475627423962303,ssp126
-63.75,-7.58333333333333,0.14916301508120947,ssp126
-63.583333333333336,-7.58333333333333,0.15572080893486967,ssp126
-63.41666666666667,-7.58333333333333,0.23846518938758418,ssp126
-63.25,-7.58333333333333,0.2428602216900208,ssp126
-63.083333333333336,-7.58333333333333,0.2482300123554542,ssp126
-62.91666666666667,-7.58333333333333,0.2760389190919743,ssp126
-62.75,-7.58333333333333,0.2619784211701567,ssp126
-62.583333333333336,-7.58333333333333,0.24736059028590415,ssp126
-62.41666666666667,-7.58333333333333,0.23186969990202144,ssp126
-62.25,-7.58333333333333,0.22781529409063392,ssp126
-62.083333333333336,-7.58333333333333,0.22909294296939048,ssp126
-61.91666666666667,-7.58333333333333,0.22360297908728158,ssp126
-61.75,-7.58333333333333,0.1418702621233046,ssp126
-61.583333333333336,-7.58333333333333,0.12521400528113713,ssp126
-61.41666666666667,-7.58333333333333,0.10066892425910778,ssp126
-61.25,-7.58333333333333,0.09563744172971343,ssp126
-61.083333333333336,-7.58333333333333,0.2089590562918326,ssp126
-60.91666666666667,-7.58333333333333,0.08768532951447205,ssp126
-60.75,-7.58333333333333,0.17810832392495607,ssp126
-60.583333333333336,-7.58333333333333,0.19869914511125736,ssp126
-60.41666666666667,-7.58333333333333,0.1629178398388231,ssp126
-60.25,-7.58333333333333,0.08745882627961951,ssp126
-60.083333333333336,-7.58333333333333,0.08457576190009469,ssp126
-59.91666666666667,-7.58333333333333,0.0630481057669695,ssp126
-59.75,-7.58333333333333,0.04483364753791479,ssp126
-59.583333333333336,-7.58333333333333,0.05230891458916669,ssp126
-59.41666666666667,-7.58333333333333,0.043232791733628415,ssp126
-59.25,-7.58333333333333,0.03423832571420032,ssp126
-59.083333333333336,-7.58333333333333,0.04754723777971673,ssp126
-58.91666666666667,-7.58333333333333,0.04586945670102797,ssp126
-58.75,-7.58333333333333,0.05602385645258738,ssp126
-58.583333333333336,-7.58333333333333,0.05106769822437165,ssp126
-58.41666666666667,-7.58333333333333,0.04489879642034745,ssp126
-58.25,-7.58333333333333,0.038788742177190076,ssp126
-58.083333333333336,-7.58333333333333,0.036117164837423915,ssp126
-57.91666666666667,-7.58333333333333,0.045815887438564636,ssp126
-57.75,-7.58333333333333,0.057525411468465466,ssp126
-57.583333333333336,-7.58333333333333,0.07797776720676111,ssp126
-57.41666666666667,-7.58333333333333,0.08374046728826783,ssp126
-57.25,-7.58333333333333,0.032619703009635764,ssp126
-57.083333333333336,-7.58333333333333,0.032452968605786246,ssp126
-56.91666666666667,-7.58333333333333,0.03756158009508948,ssp126
-56.75,-7.58333333333333,0.02614010467167951,ssp126
-56.583333333333336,-7.58333333333333,0.02714590826019478,ssp126
-56.41666666666667,-7.58333333333333,0.03526023788654124,ssp126
-56.25,-7.58333333333333,0.042464941054648445,ssp126
-56.083333333333336,-7.58333333333333,0.04685385560272536,ssp126
-55.91666666666667,-7.58333333333333,0.0576371878788213,ssp126
-55.75,-7.58333333333333,0.036365867289730985,ssp126
-55.583333333333336,-7.58333333333333,0.04423927986949545,ssp126
-55.41666666666667,-7.58333333333333,0.04236825060762962,ssp126
-55.25,-7.58333333333333,0.07030496731497655,ssp126
-55.083333333333336,-7.58333333333333,0.04250026761728287,ssp126
-54.91666666666667,-7.58333333333333,0.044786194979520313,ssp126
-54.75,-7.58333333333333,0.05325576993925244,ssp126
-54.583333333333336,-7.58333333333333,0.04457184092197095,ssp126
-54.41666666666667,-7.58333333333333,0.04409743980329825,ssp126
-54.25,-7.58333333333333,0.03373394897909285,ssp126
-54.083333333333336,-7.58333333333333,0.023779803074925006,ssp126
-53.91666666666667,-7.58333333333333,0.024845285237889408,ssp126
-53.75,-7.58333333333333,0.02313817512082081,ssp126
-53.583333333333336,-7.58333333333333,0.021670616305060793,ssp126
-53.41666666666667,-7.58333333333333,0.024693087648108188,ssp126
-53.25,-7.58333333333333,0.019343941500048544,ssp126
-53.083333333333336,-7.58333333333333,0.012942471479755045,ssp126
-52.91666666666667,-7.58333333333333,0.0178026054270725,ssp126
-52.75,-7.58333333333333,0.01666330029200535,ssp126
-52.583333333333336,-7.58333333333333,0.017783633584556147,ssp126
-52.41666666666667,-7.58333333333333,0.021423638285346876,ssp126
-52.25,-7.58333333333333,0.00661793905032751,ssp126
-52.083333333333336,-7.58333333333333,0.007795044457028868,ssp126
-51.91666666666667,-7.58333333333333,0.012633303547363894,ssp126
-51.75,-7.58333333333333,0.014223337319368081,ssp126
-51.583333333333336,-7.58333333333333,0.019907448800379417,ssp126
-51.41666666666667,-7.58333333333333,0.014051232090805851,ssp126
-51.25,-7.58333333333333,0.020994999397569124,ssp126
-51.083333333333336,-7.58333333333333,0.012788193087824704,ssp126
-50.91666666666667,-7.58333333333333,0.007685230488503003,ssp126
-50.75,-7.58333333333333,0.010225041256497654,ssp126
-50.583333333333336,-7.58333333333333,0.011397566872981345,ssp126
-50.41666666666667,-7.58333333333333,0.009662629975444679,ssp126
-50.25,-7.58333333333333,0.04150429570713565,ssp126
-50.083333333333336,-7.58333333333333,0.03533611290867856,ssp126
-49.91666666666667,-7.58333333333333,0.04208358514978906,ssp126
-49.75,-7.58333333333333,0.07374197363654536,ssp126
-49.583333333333336,-7.58333333333333,0.042720249826216895,ssp126
-49.41666666666667,-7.58333333333333,0.0445901641911741,ssp126
-49.25,-7.58333333333333,0.05311861648022246,ssp126
-49.083333333333336,-7.58333333333333,0.05472639125867731,ssp126
-48.91666666666667,-7.58333333333333,0.04099269365956108,ssp126
-48.75,-7.58333333333333,0.048035817374591824,ssp126
-73.58333333333333,-7.7499999999999964,0.04732531833213422,ssp126
-73.41666666666667,-7.7499999999999964,0.045428152566547274,ssp126
-73.25,-7.7499999999999964,0.047049221253802155,ssp126
-73.08333333333333,-7.7499999999999964,0.050122877537757106,ssp126
-72.91666666666667,-7.7499999999999964,0.05729041386510916,ssp126
-72.75,-7.7499999999999964,0.0640415333429176,ssp126
-72.58333333333333,-7.7499999999999964,0.0698324234618979,ssp126
-72.41666666666667,-7.7499999999999964,0.08075665274695025,ssp126
-72.25,-7.7499999999999964,0.0719684978052204,ssp126
-72.08333333333333,-7.7499999999999964,0.05614057470852786,ssp126
-71.91666666666667,-7.7499999999999964,0.07459931718360864,ssp126
-71.75,-7.7499999999999964,0.06452776575459322,ssp126
-71.58333333333333,-7.7499999999999964,0.05576091003482773,ssp126
-71.41666666666667,-7.7499999999999964,0.0792469529755935,ssp126
-71.25,-7.7499999999999964,0.07708070786564154,ssp126
-71.08333333333333,-7.7499999999999964,0.05002254416332684,ssp126
-70.91666666666667,-7.7499999999999964,0.057493828543767216,ssp126
-70.75,-7.7499999999999964,0.0572672792517704,ssp126
-70.58333333333333,-7.7499999999999964,0.0560517317463744,ssp126
-70.41666666666667,-7.7499999999999964,0.048549017077785535,ssp126
-70.25,-7.7499999999999964,0.05542373297847543,ssp126
-70.08333333333333,-7.7499999999999964,0.07310561469120785,ssp126
-69.91666666666667,-7.7499999999999964,0.06107664028252894,ssp126
-69.75,-7.7499999999999964,0.0527410511945813,ssp126
-69.58333333333333,-7.7499999999999964,0.05071487307641794,ssp126
-69.41666666666667,-7.7499999999999964,0.053811692194636024,ssp126
-69.25,-7.7499999999999964,0.0524248786707596,ssp126
-69.08333333333333,-7.7499999999999964,0.05604026188242444,ssp126
-68.91666666666667,-7.7499999999999964,0.07227896121074771,ssp126
-68.75,-7.7499999999999964,0.06904868743669684,ssp126
-68.58333333333333,-7.7499999999999964,0.05538076955816336,ssp126
-68.41666666666667,-7.7499999999999964,0.055994753061797777,ssp126
-68.25,-7.7499999999999964,0.1963317634651876,ssp126
-68.08333333333333,-7.7499999999999964,0.21016353655393244,ssp126
-67.91666666666667,-7.7499999999999964,0.22168915791477334,ssp126
-67.75,-7.7499999999999964,0.20092697076063276,ssp126
-67.58333333333333,-7.7499999999999964,0.1995087892106207,ssp126
-67.41666666666667,-7.7499999999999964,0.20108072509368263,ssp126
-67.25,-7.7499999999999964,0.2115027899114275,ssp126
-67.08333333333333,-7.7499999999999964,0.1917454453753637,ssp126
-66.91666666666667,-7.7499999999999964,0.18080901341862493,ssp126
-66.75,-7.7499999999999964,0.1759887744456503,ssp126
-66.58333333333333,-7.7499999999999964,0.19214330814519306,ssp126
-66.41666666666667,-7.7499999999999964,0.20438751092216897,ssp126
-66.25,-7.7499999999999964,0.21045861784344835,ssp126
-66.08333333333333,-7.7499999999999964,0.223793337083303,ssp126
-65.91666666666667,-7.7499999999999964,0.2205033205607289,ssp126
-65.75,-7.7499999999999964,0.20806501299711924,ssp126
-65.58333333333333,-7.7499999999999964,0.18001467633585996,ssp126
-65.41666666666667,-7.7499999999999964,0.1643224132807042,ssp126
-65.25,-7.7499999999999964,0.14214943668694147,ssp126
-65.08333333333333,-7.7499999999999964,0.13495400523520135,ssp126
-64.91666666666667,-7.7499999999999964,0.1597689297475128,ssp126
-64.75,-7.7499999999999964,0.11632042803446561,ssp126
-64.58333333333333,-7.7499999999999964,0.1217442724118407,ssp126
-64.41666666666667,-7.7499999999999964,0.12810310706993083,ssp126
-64.25,-7.7499999999999964,0.1314198749887905,ssp126
-64.08333333333333,-7.7499999999999964,0.1712052331388087,ssp126
-63.91666666666667,-7.7499999999999964,0.15385274717150896,ssp126
-63.75,-7.7499999999999964,0.1393947730111813,ssp126
-63.583333333333336,-7.7499999999999964,0.1487296854286866,ssp126
-63.41666666666667,-7.7499999999999964,0.16354375346466873,ssp126
-63.25,-7.7499999999999964,0.24966460993962356,ssp126
-63.083333333333336,-7.7499999999999964,0.23817822520118107,ssp126
-62.91666666666667,-7.7499999999999964,0.2799754775078309,ssp126
-62.75,-7.7499999999999964,0.26115602009424005,ssp126
-62.583333333333336,-7.7499999999999964,0.2500473271039357,ssp126
-62.41666666666667,-7.7499999999999964,0.23591419972585434,ssp126
-62.25,-7.7499999999999964,0.16524638798759983,ssp126
-62.083333333333336,-7.7499999999999964,0.22900758486059916,ssp126
-61.91666666666667,-7.7499999999999964,0.1650413611732645,ssp126
-61.75,-7.7499999999999964,0.23322289528773868,ssp126
-61.583333333333336,-7.7499999999999964,0.21499125414269224,ssp126
-61.41666666666667,-7.7499999999999964,0.1741725564320968,ssp126
-61.25,-7.7499999999999964,0.1817282000565901,ssp126
-61.083333333333336,-7.7499999999999964,0.20469816318166797,ssp126
-60.91666666666667,-7.7499999999999964,0.20750698055749484,ssp126
-60.75,-7.7499999999999964,0.17081369604678384,ssp126
-60.583333333333336,-7.7499999999999964,0.19707434762489795,ssp126
-60.41666666666667,-7.7499999999999964,0.1724415245047001,ssp126
-60.25,-7.7499999999999964,0.15277202222114405,ssp126
-60.083333333333336,-7.7499999999999964,0.13145380414177368,ssp126
-59.91666666666667,-7.7499999999999964,0.13068662265048372,ssp126
-59.75,-7.7499999999999964,0.050837341134759885,ssp126
-59.583333333333336,-7.7499999999999964,0.04585776084576054,ssp126
-59.41666666666667,-7.7499999999999964,0.038422122160175584,ssp126
-59.25,-7.7499999999999964,0.035007316937144886,ssp126
-59.083333333333336,-7.7499999999999964,0.03297235897470275,ssp126
-58.91666666666667,-7.7499999999999964,0.0436202043617685,ssp126
-58.75,-7.7499999999999964,0.04229098098525358,ssp126
-58.583333333333336,-7.7499999999999964,0.04071333740819933,ssp126
-58.41666666666667,-7.7499999999999964,0.039077267473647655,ssp126
-58.25,-7.7499999999999964,0.048786842046585524,ssp126
-58.083333333333336,-7.7499999999999964,0.04439060361194386,ssp126
-57.91666666666667,-7.7499999999999964,0.03410804425480828,ssp126
-57.75,-7.7499999999999964,0.04030174129670959,ssp126
-57.583333333333336,-7.7499999999999964,0.03949160072166068,ssp126
-57.41666666666667,-7.7499999999999964,0.09746625066419135,ssp126
-57.25,-7.7499999999999964,0.048817419054604044,ssp126
-57.083333333333336,-7.7499999999999964,0.02957459320776807,ssp126
-56.91666666666667,-7.7499999999999964,0.020230160784710734,ssp126
-56.75,-7.7499999999999964,0.028287600634980974,ssp126
-56.583333333333336,-7.7499999999999964,0.03184580771032331,ssp126
-56.41666666666667,-7.7499999999999964,0.03509346791568828,ssp126
-56.25,-7.7499999999999964,0.045264091065019864,ssp126
-56.083333333333336,-7.7499999999999964,0.04513225602690989,ssp126
-55.91666666666667,-7.7499999999999964,0.04373123795291287,ssp126
-55.75,-7.7499999999999964,0.03692323925790175,ssp126
-55.583333333333336,-7.7499999999999964,0.038186737665842206,ssp126
-55.41666666666667,-7.7499999999999964,0.05176686356698363,ssp126
-55.25,-7.7499999999999964,0.07467693113192846,ssp126
-55.083333333333336,-7.7499999999999964,0.04416302676585131,ssp126
-54.91666666666667,-7.7499999999999964,0.04403787270928849,ssp126
-54.75,-7.7499999999999964,0.05240350375590186,ssp126
-54.583333333333336,-7.7499999999999964,0.04734589738383031,ssp126
-54.41666666666667,-7.7499999999999964,0.0460439898398912,ssp126
-54.25,-7.7499999999999964,0.033708131119846406,ssp126
-54.083333333333336,-7.7499999999999964,0.030913930655900403,ssp126
-53.91666666666667,-7.7499999999999964,0.022081265691109957,ssp126
-53.75,-7.7499999999999964,0.02099772538238901,ssp126
-53.583333333333336,-7.7499999999999964,0.019161883440659794,ssp126
-53.41666666666667,-7.7499999999999964,0.023899965669048704,ssp126
-53.25,-7.7499999999999964,0.01901525888978343,ssp126
-53.083333333333336,-7.7499999999999964,0.012183712508026752,ssp126
-52.91666666666667,-7.7499999999999964,0.015035897757717461,ssp126
-52.75,-7.7499999999999964,0.01456761897973426,ssp126
-52.583333333333336,-7.7499999999999964,0.018662028258938042,ssp126
-52.41666666666667,-7.7499999999999964,0.01982859649946747,ssp126
-52.25,-7.7499999999999964,0.012479934756853599,ssp126
-52.083333333333336,-7.7499999999999964,0.013801259343409611,ssp126
-51.91666666666667,-7.7499999999999964,0.02076058518462459,ssp126
-51.75,-7.7499999999999964,0.014299770052442474,ssp126
-51.583333333333336,-7.7499999999999964,0.00927331920254469,ssp126
-51.41666666666667,-7.7499999999999964,0.012888385594044158,ssp126
-51.25,-7.7499999999999964,0.013430657208913965,ssp126
-51.083333333333336,-7.7499999999999964,0.019679792933663093,ssp126
-50.91666666666667,-7.7499999999999964,0.01826859221984438,ssp126
-50.75,-7.7499999999999964,0.016348219670824355,ssp126
-50.583333333333336,-7.7499999999999964,0.016211911002038594,ssp126
-50.41666666666667,-7.7499999999999964,0.020618722544769402,ssp126
-50.25,-7.7499999999999964,0.034816637976434764,ssp126
-50.083333333333336,-7.7499999999999964,0.03947129915520952,ssp126
-49.91666666666667,-7.7499999999999964,0.04405386863090333,ssp126
-49.75,-7.7499999999999964,0.07980814366955419,ssp126
-49.583333333333336,-7.7499999999999964,0.05940403961484334,ssp126
-49.41666666666667,-7.7499999999999964,0.04655547933166259,ssp126
-49.25,-7.7499999999999964,0.045589548470385315,ssp126
-49.083333333333336,-7.7499999999999964,0.05929497550720794,ssp126
-48.91666666666667,-7.7499999999999964,0.0658161485209568,ssp126
-48.75,-7.7499999999999964,0.05631048262590734,ssp126
-73.58333333333333,-7.916666666666664,0.04089209347685064,ssp126
-73.41666666666667,-7.916666666666664,0.050907412795767285,ssp126
-73.25,-7.916666666666664,0.05109814488551807,ssp126
-73.08333333333333,-7.916666666666664,0.05589054970495342,ssp126
-72.91666666666667,-7.916666666666664,0.06333571153980926,ssp126
-72.75,-7.916666666666664,0.06588595575697283,ssp126
-72.58333333333333,-7.916666666666664,0.08270965041527177,ssp126
-72.41666666666667,-7.916666666666664,0.07735431680995115,ssp126
-72.25,-7.916666666666664,0.05432537170367691,ssp126
-72.08333333333333,-7.916666666666664,0.059141973025566556,ssp126
-71.91666666666667,-7.916666666666664,0.06770458386340486,ssp126
-71.75,-7.916666666666664,0.062374326704535334,ssp126
-71.58333333333333,-7.916666666666664,0.054691184554153185,ssp126
-71.41666666666667,-7.916666666666664,0.07286472539730285,ssp126
-71.25,-7.916666666666664,0.06059844574063111,ssp126
-71.08333333333333,-7.916666666666664,0.048128834366083416,ssp126
-70.91666666666667,-7.916666666666664,0.05700966147876636,ssp126
-70.75,-7.916666666666664,0.04944416212098379,ssp126
-70.58333333333333,-7.916666666666664,0.06813068371724827,ssp126
-70.41666666666667,-7.916666666666664,0.04362870036487248,ssp126
-70.25,-7.916666666666664,0.05485075093173612,ssp126
-70.08333333333333,-7.916666666666664,0.05681391080678732,ssp126
-69.91666666666667,-7.916666666666664,0.06473849008872537,ssp126
-69.75,-7.916666666666664,0.056370794682938506,ssp126
-69.58333333333333,-7.916666666666664,0.054067796073051365,ssp126
-69.41666666666667,-7.916666666666664,0.052876433395775975,ssp126
-69.25,-7.916666666666664,0.07278061640717692,ssp126
-69.08333333333333,-7.916666666666664,0.07366807701536449,ssp126
-68.91666666666667,-7.916666666666664,0.07113474025097842,ssp126
-68.75,-7.916666666666664,0.05778573934269233,ssp126
-68.58333333333333,-7.916666666666664,0.05421277860548159,ssp126
-68.41666666666667,-7.916666666666664,0.06445875160755546,ssp126
-68.25,-7.916666666666664,0.06843457087277706,ssp126
-68.08333333333333,-7.916666666666664,0.22428119000899077,ssp126
-67.91666666666667,-7.916666666666664,0.2224245597952914,ssp126
-67.75,-7.916666666666664,0.20943724783376497,ssp126
-67.58333333333333,-7.916666666666664,0.1971870043372423,ssp126
-67.41666666666667,-7.916666666666664,0.21252193399144695,ssp126
-67.25,-7.916666666666664,0.21406197896470694,ssp126
-67.08333333333333,-7.916666666666664,0.1910771733951821,ssp126
-66.91666666666667,-7.916666666666664,0.2141551076132328,ssp126
-66.75,-7.916666666666664,0.2168263695166995,ssp126
-66.58333333333333,-7.916666666666664,0.18259735018184695,ssp126
-66.41666666666667,-7.916666666666664,0.1910008161212916,ssp126
-66.25,-7.916666666666664,0.20161119521999027,ssp126
-66.08333333333333,-7.916666666666664,0.20484425877913362,ssp126
-65.91666666666667,-7.916666666666664,0.20135835136339816,ssp126
-65.75,-7.916666666666664,0.2024586423030144,ssp126
-65.58333333333333,-7.916666666666664,0.18377461004646561,ssp126
-65.41666666666667,-7.916666666666664,0.16174337100876343,ssp126
-65.25,-7.916666666666664,0.15454841831378494,ssp126
-65.08333333333333,-7.916666666666664,0.17757904193770804,ssp126
-64.91666666666667,-7.916666666666664,0.1357433313382484,ssp126
-64.75,-7.916666666666664,0.14319762725899696,ssp126
-64.58333333333333,-7.916666666666664,0.13012377743232695,ssp126
-64.41666666666667,-7.916666666666664,0.1368261362634422,ssp126
-64.25,-7.916666666666664,0.13948198064591774,ssp126
-64.08333333333333,-7.916666666666664,0.14405406161074577,ssp126
-63.91666666666667,-7.916666666666664,0.15524051388353202,ssp126
-63.75,-7.916666666666664,0.14433626966239013,ssp126
-63.583333333333336,-7.916666666666664,0.15826364581879743,ssp126
-63.41666666666667,-7.916666666666664,0.16812530411154855,ssp126
-63.25,-7.916666666666664,0.17301374593287963,ssp126
-63.083333333333336,-7.916666666666664,0.18185226873780957,ssp126
-62.91666666666667,-7.916666666666664,0.20842418568933163,ssp126
-62.75,-7.916666666666664,0.18742394789246075,ssp126
-62.583333333333336,-7.916666666666664,0.17603052683307857,ssp126
-62.41666666666667,-7.916666666666664,0.16620277387909488,ssp126
-62.25,-7.916666666666664,0.15436432929039406,ssp126
-62.083333333333336,-7.916666666666664,0.1596034340082131,ssp126
-61.91666666666667,-7.916666666666664,0.23273390954787393,ssp126
-61.75,-7.916666666666664,0.23795221128975974,ssp126
-61.583333333333336,-7.916666666666664,0.22554243059418275,ssp126
-61.41666666666667,-7.916666666666664,0.1717529716652985,ssp126
-61.25,-7.916666666666664,0.18126836290804663,ssp126
-61.083333333333336,-7.916666666666664,0.20391168508437818,ssp126
-60.91666666666667,-7.916666666666664,0.19623351731743266,ssp126
-60.75,-7.916666666666664,0.15801318362486835,ssp126
-60.583333333333336,-7.916666666666664,0.16305793163227628,ssp126
-60.41666666666667,-7.916666666666664,0.12631041346617247,ssp126
-60.25,-7.916666666666664,0.14480735649582654,ssp126
-60.083333333333336,-7.916666666666664,0.1350173103866139,ssp126
-59.91666666666667,-7.916666666666664,0.13020934612678206,ssp126
-59.75,-7.916666666666664,0.054211623802217425,ssp126
-59.583333333333336,-7.916666666666664,0.04983762872461465,ssp126
-59.41666666666667,-7.916666666666664,0.04640683926876644,ssp126
-59.25,-7.916666666666664,0.04136629289292468,ssp126
-59.083333333333336,-7.916666666666664,0.03557898217710193,ssp126
-58.91666666666667,-7.916666666666664,0.04011718573675285,ssp126
-58.75,-7.916666666666664,0.03802231135024179,ssp126
-58.583333333333336,-7.916666666666664,0.040960462737458306,ssp126
-58.41666666666667,-7.916666666666664,0.03728871896948551,ssp126
-58.25,-7.916666666666664,0.04614799370200223,ssp126
-58.083333333333336,-7.916666666666664,0.04435149634126974,ssp126
-57.91666666666667,-7.916666666666664,0.03420187439777296,ssp126
-57.75,-7.916666666666664,0.040010465248686976,ssp126
-57.583333333333336,-7.916666666666664,0.03935497903023309,ssp126
-57.41666666666667,-7.916666666666664,0.06356056260995213,ssp126
-57.25,-7.916666666666664,0.11557905967733943,ssp126
-57.083333333333336,-7.916666666666664,0.04406171031328611,ssp126
-56.91666666666667,-7.916666666666664,0.021216608261666912,ssp126
-56.75,-7.916666666666664,0.028659854059017945,ssp126
-56.583333333333336,-7.916666666666664,0.0412266405709454,ssp126
-56.41666666666667,-7.916666666666664,0.039785298513275204,ssp126
-56.25,-7.916666666666664,0.038159229052326,ssp126
-56.083333333333336,-7.916666666666664,0.04371940200912544,ssp126
-55.91666666666667,-7.916666666666664,0.041338484444949246,ssp126
-55.75,-7.916666666666664,0.03491758701948162,ssp126
-55.583333333333336,-7.916666666666664,0.03800545271890314,ssp126
-55.41666666666667,-7.916666666666664,0.055133614774124665,ssp126
-55.25,-7.916666666666664,0.0809378779836937,ssp126
-55.083333333333336,-7.916666666666664,0.03663458584890924,ssp126
-54.91666666666667,-7.916666666666664,0.03817897009766228,ssp126
-54.75,-7.916666666666664,0.04857736267961628,ssp126
-54.583333333333336,-7.916666666666664,0.048152836030337764,ssp126
-54.41666666666667,-7.916666666666664,0.041928981756935504,ssp126
-54.25,-7.916666666666664,0.03575254360501929,ssp126
-54.083333333333336,-7.916666666666664,0.024822654624626368,ssp126
-53.91666666666667,-7.916666666666664,0.018549164219023195,ssp126
-53.75,-7.916666666666664,0.020912947925856774,ssp126
-53.583333333333336,-7.916666666666664,0.02040750866400258,ssp126
-53.41666666666667,-7.916666666666664,0.025511335205762074,ssp126
-53.25,-7.916666666666664,0.021251827621320166,ssp126
-53.083333333333336,-7.916666666666664,0.018351411510190943,ssp126
-52.91666666666667,-7.916666666666664,0.015027302804883961,ssp126
-52.75,-7.916666666666664,0.015226239044954433,ssp126
-52.583333333333336,-7.916666666666664,0.016649052614227167,ssp126
-52.41666666666667,-7.916666666666664,0.013598368248988276,ssp126
-52.25,-7.916666666666664,0.01596384839126524,ssp126
-52.083333333333336,-7.916666666666664,0.016953639834128495,ssp126
-51.91666666666667,-7.916666666666664,0.013413854635669395,ssp126
-51.75,-7.916666666666664,0.005054905508591484,ssp126
-51.583333333333336,-7.916666666666664,0.008265248330564724,ssp126
-51.41666666666667,-7.916666666666664,0.019070043581953796,ssp126
-51.25,-7.916666666666664,0.017273487949525854,ssp126
-51.083333333333336,-7.916666666666664,0.01698823297892039,ssp126
-50.91666666666667,-7.916666666666664,0.01860761616608188,ssp126
-50.75,-7.916666666666664,0.020750208936736896,ssp126
-50.583333333333336,-7.916666666666664,0.018385455114137344,ssp126
-50.41666666666667,-7.916666666666664,0.026380370617179846,ssp126
-50.25,-7.916666666666664,0.030788384539991828,ssp126
-50.083333333333336,-7.916666666666664,0.037308038288501766,ssp126
-49.41666666666667,-7.916666666666664,0.034290237300344736,ssp126
-49.25,-7.916666666666664,0.061702276935389676,ssp126
-49.083333333333336,-7.916666666666664,0.06737701028422871,ssp126
-48.91666666666667,-7.916666666666664,0.09502522611310965,ssp126
-48.75,-7.916666666666664,0.07760824317744508,ssp126
-73.41666666666667,-8.08333333333333,0.04890801388623243,ssp126
-73.25,-8.08333333333333,0.04608375657919605,ssp126
-73.08333333333333,-8.08333333333333,0.048220478002075885,ssp126
-72.91666666666667,-8.08333333333333,0.05561177731996715,ssp126
-72.75,-8.08333333333333,0.059994426885393234,ssp126
-72.58333333333333,-8.08333333333333,0.072674394974117415,ssp126
-72.41666666666667,-8.08333333333333,0.06731607408576087,ssp126
-72.25,-8.08333333333333,0.05146191564325891,ssp126
-72.08333333333333,-8.08333333333333,0.07334811500609,ssp126
-71.91666666666667,-8.08333333333333,0.06315246315613655,ssp126
-71.75,-8.08333333333333,0.04656516381951229,ssp126
-71.58333333333333,-8.08333333333333,0.06796587039061718,ssp126
-71.41666666666667,-8.08333333333333,0.06178072197514059,ssp126
-71.25,-8.08333333333333,0.046724418351395,ssp126
-71.08333333333333,-8.08333333333333,0.05281128136546066,ssp126
-70.91666666666667,-8.08333333333333,0.0471728156096631,ssp126
-70.75,-8.08333333333333,0.048993635868252366,ssp126
-70.58333333333333,-8.08333333333333,0.04432113762112455,ssp126
-70.41666666666667,-8.08333333333333,0.0521750927098928,ssp126
-70.25,-8.08333333333333,0.05410317934969216,ssp126
-70.08333333333333,-8.08333333333333,0.04977782632162324,ssp126
-69.91666666666667,-8.08333333333333,0.06545988358470316,ssp126
-69.75,-8.08333333333333,0.06713208256392864,ssp126
-69.58333333333333,-8.08333333333333,0.05582230799536209,ssp126
-69.41666666666667,-8.08333333333333,0.055957543790201215,ssp126
-69.25,-8.08333333333333,0.06997003938971874,ssp126
-69.08333333333333,-8.08333333333333,0.06362259376652245,ssp126
-68.91666666666667,-8.08333333333333,0.06428258351436551,ssp126
-68.75,-8.08333333333333,0.05399461258717352,ssp126
-68.58333333333333,-8.08333333333333,0.06298475731121565,ssp126
-68.41666666666667,-8.08333333333333,0.06657916698563408,ssp126
-68.25,-8.08333333333333,0.06514640442846185,ssp126
-68.08333333333333,-8.08333333333333,0.06735562531826245,ssp126
-67.91666666666667,-8.08333333333333,0.06852996551619625,ssp126
-67.75,-8.08333333333333,0.208608705725498,ssp126
-67.58333333333333,-8.08333333333333,0.195953882984598,ssp126
-67.41666666666667,-8.08333333333333,0.2138188229181622,ssp126
-67.25,-8.08333333333333,0.20951425145917627,ssp126
-67.08333333333333,-8.08333333333333,0.22435247165756364,ssp126
-66.91666666666667,-8.08333333333333,0.22420858082283193,ssp126
-66.75,-8.08333333333333,0.20923785389639693,ssp126
-66.58333333333333,-8.08333333333333,0.18199075679582388,ssp126
-66.41666666666667,-8.08333333333333,0.19679453761695748,ssp126
-66.25,-8.08333333333333,0.2008018406814502,ssp126
-66.08333333333333,-8.08333333333333,0.20189129049846963,ssp126
-65.91666666666667,-8.08333333333333,0.1974720797216552,ssp126
-65.75,-8.08333333333333,0.18836569369262685,ssp126
-65.58333333333333,-8.08333333333333,0.18046050207484177,ssp126
-65.41666666666667,-8.08333333333333,0.17742009988858856,ssp126
-65.25,-8.08333333333333,0.16136666875104702,ssp126
-65.08333333333333,-8.08333333333333,0.18868470750483607,ssp126
-64.91666666666667,-8.08333333333333,0.14770739413113773,ssp126
-64.75,-8.08333333333333,0.1539827926654477,ssp126
-64.58333333333333,-8.08333333333333,0.150535154996374,ssp126
-64.41666666666667,-8.08333333333333,0.14369703569509298,ssp126
-64.25,-8.08333333333333,0.15008416837079125,ssp126
-64.08333333333333,-8.08333333333333,0.15121334137526032,ssp126
-63.91666666666667,-8.08333333333333,0.14726676470734992,ssp126
-63.75,-8.08333333333333,0.13581484728865748,ssp126
-63.583333333333336,-8.08333333333333,0.165870051867415,ssp126
-63.41666666666667,-8.08333333333333,0.1989637365766289,ssp126
-63.25,-8.08333333333333,0.19321597205415902,ssp126
-63.083333333333336,-8.08333333333333,0.18779354002886356,ssp126
-62.91666666666667,-8.08333333333333,0.2186445991488535,ssp126
-62.75,-8.08333333333333,0.19852639851507953,ssp126
-62.583333333333336,-8.08333333333333,0.17290336877798476,ssp126
-62.41666666666667,-8.08333333333333,0.16563840036142377,ssp126
-62.25,-8.08333333333333,0.1250189457721619,ssp126
-62.083333333333336,-8.08333333333333,0.15079977087345625,ssp126
-61.91666666666667,-8.08333333333333,0.14772662779560208,ssp126
-61.75,-8.08333333333333,0.21504277733373048,ssp126
-61.583333333333336,-8.08333333333333,0.2326193800073348,ssp126
-61.41666666666667,-8.08333333333333,0.21201762109494854,ssp126
-61.25,-8.08333333333333,0.18046834227882566,ssp126
-61.083333333333336,-8.08333333333333,0.2019569443076764,ssp126
-60.91666666666667,-8.08333333333333,0.19491917537591416,ssp126
-60.75,-8.08333333333333,0.1438144623003345,ssp126
-60.583333333333336,-8.08333333333333,0.13931385978700503,ssp126
-60.41666666666667,-8.08333333333333,0.12523454602204076,ssp126
-60.25,-8.08333333333333,0.1486501229526086,ssp126
-60.083333333333336,-8.08333333333333,0.13466163420764368,ssp126
-59.91666666666667,-8.08333333333333,0.13284921566983146,ssp126
-59.75,-8.08333333333333,0.1085123264806224,ssp126
-59.583333333333336,-8.08333333333333,0.10326109548670165,ssp126
-59.41666666666667,-8.08333333333333,0.09620567177026333,ssp126
-59.25,-8.08333333333333,0.04840291012372539,ssp126
-59.083333333333336,-8.08333333333333,0.026580379234954907,ssp126
-58.91666666666667,-8.08333333333333,0.03450147013818344,ssp126
-58.75,-8.08333333333333,0.0318705324430538,ssp126
-58.583333333333336,-8.08333333333333,0.04294681802766856,ssp126
-58.41666666666667,-8.08333333333333,0.047961376335451,ssp126
-58.25,-8.08333333333333,0.03421157383616141,ssp126
-58.083333333333336,-8.08333333333333,0.044896667329573765,ssp126
-57.91666666666667,-8.08333333333333,0.03662501269718957,ssp126
-57.75,-8.08333333333333,0.03342034180614757,ssp126
-57.583333333333336,-8.08333333333333,0.04948083880824047,ssp126
-57.41666666666667,-8.08333333333333,0.07254417983671459,ssp126
-57.25,-8.08333333333333,0.11677883834970869,ssp126
-57.083333333333336,-8.08333333333333,0.04177880856151921,ssp126
-56.91666666666667,-8.08333333333333,0.022471960242654625,ssp126
-56.75,-8.08333333333333,0.02031085856822666,ssp126
-56.583333333333336,-8.08333333333333,0.0657606599546169,ssp126
-56.41666666666667,-8.08333333333333,0.03530246867499764,ssp126
-56.25,-8.08333333333333,0.05881621286093476,ssp126
-56.083333333333336,-8.08333333333333,0.05249789806806268,ssp126
-55.91666666666667,-8.08333333333333,0.03704157046241959,ssp126
-55.75,-8.08333333333333,0.03378077079145588,ssp126
-55.583333333333336,-8.08333333333333,0.04206828512071717,ssp126
-55.41666666666667,-8.08333333333333,0.035810197767267044,ssp126
-55.25,-8.08333333333333,0.06957082709684215,ssp126
-55.083333333333336,-8.08333333333333,0.10472163887167582,ssp126
-54.91666666666667,-8.08333333333333,0.03724695721246411,ssp126
-54.75,-8.08333333333333,0.05280399266244085,ssp126
-54.583333333333336,-8.08333333333333,0.04293338654623765,ssp126
-54.41666666666667,-8.08333333333333,0.041355542725905504,ssp126
-54.25,-8.08333333333333,0.03775796901753568,ssp126
-54.083333333333336,-8.08333333333333,0.019626562369122743,ssp126
-53.91666666666667,-8.08333333333333,0.018883525472533445,ssp126
-53.75,-8.08333333333333,0.021146908844491417,ssp126
-53.583333333333336,-8.08333333333333,0.020410224525445685,ssp126
-53.41666666666667,-8.08333333333333,0.024773720923190155,ssp126
-53.25,-8.08333333333333,0.015413640101742346,ssp126
-53.083333333333336,-8.08333333333333,0.019780815039538557,ssp126
-52.91666666666667,-8.08333333333333,0.011541365385528994,ssp126
-52.75,-8.08333333333333,0.01906780071313252,ssp126
-52.583333333333336,-8.08333333333333,0.018883163216977448,ssp126
-52.41666666666667,-8.08333333333333,0.013020414464365472,ssp126
-52.25,-8.08333333333333,0.015157867994444258,ssp126
-52.083333333333336,-8.08333333333333,0.010600044193647216,ssp126
-51.91666666666667,-8.08333333333333,0.008563091954153557,ssp126
-51.75,-8.08333333333333,0.005873055360082697,ssp126
-51.583333333333336,-8.08333333333333,0.02164048901852553,ssp126
-51.41666666666667,-8.08333333333333,0.019146729788855815,ssp126
-51.25,-8.08333333333333,0.019624886971511997,ssp126
-51.083333333333336,-8.08333333333333,0.016896434717941743,ssp126
-50.91666666666667,-8.08333333333333,0.020349902870824232,ssp126
-50.75,-8.08333333333333,0.01742389820516914,ssp126
-50.583333333333336,-8.08333333333333,0.014760186443542848,ssp126
-50.41666666666667,-8.08333333333333,0.026041223318542882,ssp126
-50.25,-8.08333333333333,0.027168614036407465,ssp126
-49.41666666666667,-8.08333333333333,0.03734263124735083,ssp126
-49.25,-8.08333333333333,0.05620262975637871,ssp126
-49.083333333333336,-8.08333333333333,0.07835965105739093,ssp126
-48.91666666666667,-8.08333333333333,0.07970565584486469,ssp126
-48.75,-8.08333333333333,0.05626177445760356,ssp126
-73.41666666666667,-8.249999999999996,0.04906238887017382,ssp126
-73.25,-8.249999999999996,0.05084082025742383,ssp126
-73.08333333333333,-8.249999999999996,0.0516380635483044,ssp126
-72.91666666666667,-8.249999999999996,0.053935692741919415,ssp126
-72.75,-8.249999999999996,0.05389847179163271,ssp126
-72.58333333333333,-8.249999999999996,0.06937287412142783,ssp126
-72.41666666666667,-8.249999999999996,0.06854383964808422,ssp126
-72.25,-8.249999999999996,0.06057768389498511,ssp126
-72.08333333333333,-8.249999999999996,0.0674458527769353,ssp126
-71.91666666666667,-8.249999999999996,0.05843001997815876,ssp126
-71.75,-8.249999999999996,0.062949636327467,ssp126
-71.58333333333333,-8.249999999999996,0.05717904337121979,ssp126
-71.41666666666667,-8.249999999999996,0.03842557740408435,ssp126
-71.25,-8.249999999999996,0.04454420769685082,ssp126
-71.08333333333333,-8.249999999999996,0.050452551818666,ssp126
-70.91666666666667,-8.249999999999996,0.050664973476742814,ssp126
-70.75,-8.249999999999996,0.0480014375428354,ssp126
-70.58333333333333,-8.249999999999996,0.04247701140598548,ssp126
-70.41666666666667,-8.249999999999996,0.052511284857928255,ssp126
-70.25,-8.249999999999996,0.061887269459886464,ssp126
-70.08333333333333,-8.249999999999996,0.04981597288364798,ssp126
-69.91666666666667,-8.249999999999996,0.04905715332538196,ssp126
-69.75,-8.249999999999996,0.060671996638601636,ssp126
-69.58333333333333,-8.249999999999996,0.0534071082409947,ssp126
-69.41666666666667,-8.249999999999996,0.05399746319734564,ssp126
-69.25,-8.249999999999996,0.0648934276891655,ssp126
-69.08333333333333,-8.249999999999996,0.0655484490504434,ssp126
-68.91666666666667,-8.249999999999996,0.06470912077657706,ssp126
-68.75,-8.249999999999996,0.05039676749254587,ssp126
-68.58333333333333,-8.249999999999996,0.056095087226682216,ssp126
-68.41666666666667,-8.249999999999996,0.062479158168189886,ssp126
-68.25,-8.249999999999996,0.06294857964926301,ssp126
-68.08333333333333,-8.249999999999996,0.06760467994096134,ssp126
-67.91666666666667,-8.249999999999996,0.07010011068048783,ssp126
-67.75,-8.249999999999996,0.06025334667304548,ssp126
-67.58333333333333,-8.249999999999996,0.22132478737822278,ssp126
-67.41666666666667,-8.249999999999996,0.20763222316243002,ssp126
-67.25,-8.249999999999996,0.19808257304857968,ssp126
-67.08333333333333,-8.249999999999996,0.2219310657870781,ssp126
-66.91666666666667,-8.249999999999996,0.21581954181115184,ssp126
-66.75,-8.249999999999996,0.164892750136446,ssp126
-66.58333333333333,-8.249999999999996,0.1848829800767477,ssp126
-66.41666666666667,-8.249999999999996,0.183013351041853,ssp126
-66.25,-8.249999999999996,0.18353200887826004,ssp126
-66.08333333333333,-8.249999999999996,0.18659608511636747,ssp126
-65.91666666666667,-8.249999999999996,0.18453885303930756,ssp126
-65.75,-8.249999999999996,0.18213069395039996,ssp126
-65.58333333333333,-8.249999999999996,0.17959582520107825,ssp126
-65.41666666666667,-8.249999999999996,0.1718213992727174,ssp126
-65.25,-8.249999999999996,0.15945140209078387,ssp126
-65.08333333333333,-8.249999999999996,0.20349319321003095,ssp126
-64.91666666666667,-8.249999999999996,0.15991497432824803,ssp126
-64.75,-8.249999999999996,0.16700742853076017,ssp126
-64.58333333333333,-8.249999999999996,0.16221240892285055,ssp126
-64.41666666666667,-8.249999999999996,0.1901755762030198,ssp126
-64.25,-8.249999999999996,0.16158775490641739,ssp126
-64.08333333333333,-8.249999999999996,0.1530325356608969,ssp126
-63.91666666666667,-8.249999999999996,0.15192699715738775,ssp126
-63.75,-8.249999999999996,0.15679494922409262,ssp126
-63.583333333333336,-8.249999999999996,0.17904554425174687,ssp126
-63.41666666666667,-8.249999999999996,0.1797648983424531,ssp126
-63.25,-8.249999999999996,0.2287176245452914,ssp126
-63.083333333333336,-8.249999999999996,0.23739719854758756,ssp126
-62.91666666666667,-8.249999999999996,0.2250520318241043,ssp126
-62.75,-8.249999999999996,0.20892004625758773,ssp126
-62.583333333333336,-8.249999999999996,0.1826789679165936,ssp126
-62.41666666666667,-8.249999999999996,0.13523013619056432,ssp126
-62.25,-8.249999999999996,0.13253805255789697,ssp126
-62.083333333333336,-8.249999999999996,0.13139256728646856,ssp126
-61.91666666666667,-8.249999999999996,0.14750820378517393,ssp126
-61.75,-8.249999999999996,0.22465031425963045,ssp126
-61.583333333333336,-8.249999999999996,0.2415879176757183,ssp126
-61.41666666666667,-8.249999999999996,0.20323966828183315,ssp126
-61.25,-8.249999999999996,0.17622370458819575,ssp126
-61.083333333333336,-8.249999999999996,0.15184819457890597,ssp126
-60.91666666666667,-8.249999999999996,0.1796840518995592,ssp126
-60.75,-8.249999999999996,0.1477668637107967,ssp126
-60.583333333333336,-8.249999999999996,0.14632995244802732,ssp126
-60.41666666666667,-8.249999999999996,0.15742156697793283,ssp126
-60.25,-8.249999999999996,0.15295347377459043,ssp126
-60.083333333333336,-8.249999999999996,0.11534798154886579,ssp126
-59.91666666666667,-8.249999999999996,0.11964059896023174,ssp126
-59.75,-8.249999999999996,0.11145937295118484,ssp126
-59.583333333333336,-8.249999999999996,0.10215740406468755,ssp126
-59.41666666666667,-8.249999999999996,0.10861638852127818,ssp126
-59.25,-8.249999999999996,0.09150272283414994,ssp126
-59.083333333333336,-8.249999999999996,0.041084907077537085,ssp126
-58.91666666666667,-8.249999999999996,0.033456436670230884,ssp126
-58.75,-8.249999999999996,0.035520766744461967,ssp126
-58.583333333333336,-8.249999999999996,0.03927614059192406,ssp126
-58.41666666666667,-8.249999999999996,0.04761612022369892,ssp126
-58.25,-8.249999999999996,0.03580131182673635,ssp126
-58.083333333333336,-8.249999999999996,0.030698626894925245,ssp126
-57.91666666666667,-8.249999999999996,0.03353455509533265,ssp126
-57.75,-8.249999999999996,0.028768070402548074,ssp126
-57.583333333333336,-8.249999999999996,0.04568635350279082,ssp126
-57.41666666666667,-8.249999999999996,0.0919795993472773,ssp126
-57.25,-8.249999999999996,0.05677491677545392,ssp126
-57.083333333333336,-8.249999999999996,0.02916414293505083,ssp126
-56.91666666666667,-8.249999999999996,0.022433035669823357,ssp126
-56.75,-8.249999999999996,0.014349930876203532,ssp126
-56.583333333333336,-8.249999999999996,0.02081561219880897,ssp126
-56.41666666666667,-8.249999999999996,0.019684295416898354,ssp126
-56.25,-8.249999999999996,0.02987737605918849,ssp126
-56.083333333333336,-8.249999999999996,0.027851377233516033,ssp126
-55.91666666666667,-8.249999999999996,0.055696225228272486,ssp126
-55.75,-8.249999999999996,0.04639103904469261,ssp126
-55.583333333333336,-8.249999999999996,0.082655026721172,ssp126
-55.41666666666667,-8.249999999999996,0.05264503909967295,ssp126
-55.25,-8.249999999999996,0.0384066973579133,ssp126
-55.083333333333336,-8.249999999999996,0.1436908740159886,ssp126
-54.91666666666667,-8.249999999999996,0.02595388471686741,ssp126
-54.75,-8.249999999999996,0.032579797359268026,ssp126
-54.583333333333336,-8.249999999999996,0.04175556676516888,ssp126
-54.41666666666667,-8.249999999999996,0.032985393993734964,ssp126
-54.25,-8.249999999999996,0.030281572055560372,ssp126
-54.083333333333336,-8.249999999999996,0.023310163096159284,ssp126
-53.91666666666667,-8.249999999999996,0.02171978181610157,ssp126
-53.75,-8.249999999999996,0.01947005051354941,ssp126
-53.583333333333336,-8.249999999999996,0.020674313080196665,ssp126
-53.41666666666667,-8.249999999999996,0.020623965604218558,ssp126
-53.25,-8.249999999999996,0.02221696483765258,ssp126
-53.083333333333336,-8.249999999999996,0.019196102873218115,ssp126
-52.91666666666667,-8.249999999999996,0.016718318615184826,ssp126
-52.75,-8.249999999999996,0.017706521965287814,ssp126
-52.583333333333336,-8.249999999999996,0.015234591523223198,ssp126
-52.41666666666667,-8.249999999999996,0.018538820363265183,ssp126
-52.25,-8.249999999999996,0.011932438236037539,ssp126
-52.083333333333336,-8.249999999999996,0.009232653542982352,ssp126
-51.91666666666667,-8.249999999999996,0.006095278548350923,ssp126
-51.75,-8.249999999999996,0.009293218033406945,ssp126
-51.583333333333336,-8.249999999999996,0.022828650843310642,ssp126
-51.41666666666667,-8.249999999999996,0.013100927241734351,ssp126
-51.25,-8.249999999999996,0.018538641833414374,ssp126
-51.083333333333336,-8.249999999999996,0.013234595698874306,ssp126
-50.91666666666667,-8.249999999999996,0.01090984003004545,ssp126
-50.75,-8.249999999999996,0.012529828845203582,ssp126
-50.583333333333336,-8.249999999999996,0.02639994917702716,ssp126
-50.41666666666667,-8.249999999999996,0.03244469061881807,ssp126
-50.25,-8.249999999999996,0.03813612884098058,ssp126
-49.41666666666667,-8.249999999999996,0.03502358518303671,ssp126
-49.25,-8.249999999999996,0.050617186109254156,ssp126
-49.083333333333336,-8.249999999999996,0.0573589383044627,ssp126
-48.91666666666667,-8.249999999999996,0.0770167662247119,ssp126
-48.75,-8.249999999999996,0.04804604783620306,ssp126
-73.25,-8.416666666666664,0.048291381656447,ssp126
-73.08333333333333,-8.416666666666664,0.04907067090049412,ssp126
-72.91666666666667,-8.416666666666664,0.05248163620579602,ssp126
-72.75,-8.416666666666664,0.07256028072652579,ssp126
-72.58333333333333,-8.416666666666664,0.06601348190946284,ssp126
-72.41666666666667,-8.416666666666664,0.06475028989012115,ssp126
-72.25,-8.416666666666664,0.06019503697948372,ssp126
-72.08333333333333,-8.416666666666664,0.06282726144138276,ssp126
-71.91666666666667,-8.416666666666664,0.05271688459326404,ssp126
-71.75,-8.416666666666664,0.039010111975178556,ssp126
-71.58333333333333,-8.416666666666664,0.0359383561475439,ssp126
-71.41666666666667,-8.416666666666664,0.04169418981767333,ssp126
-71.25,-8.416666666666664,0.04577799116901745,ssp126
-71.08333333333333,-8.416666666666664,0.045003625813762126,ssp126
-70.91666666666667,-8.416666666666664,0.04669767025004556,ssp126
-70.75,-8.416666666666664,0.046255417213017166,ssp126
-70.58333333333333,-8.416666666666664,0.04857590717671025,ssp126
-70.41666666666667,-8.416666666666664,0.06538945138281319,ssp126
-70.25,-8.416666666666664,0.0603736896834293,ssp126
-70.08333333333333,-8.416666666666664,0.047028794082328795,ssp126
-69.91666666666667,-8.416666666666664,0.045910072937096376,ssp126
-69.75,-8.416666666666664,0.05518482400209833,ssp126
-69.58333333333333,-8.416666666666664,0.048339301201946315,ssp126
-69.41666666666667,-8.416666666666664,0.053426953698585224,ssp126
-69.25,-8.416666666666664,0.06420053742431249,ssp126
-69.08333333333333,-8.416666666666664,0.050648913532919115,ssp126
-68.91666666666667,-8.416666666666664,0.04826640032021771,ssp126
-68.75,-8.416666666666664,0.05486802366714156,ssp126
-68.58333333333333,-8.416666666666664,0.058381219707441055,ssp126
-68.41666666666667,-8.416666666666664,0.05910903877762292,ssp126
-68.25,-8.416666666666664,0.07102001428115154,ssp126
-68.08333333333333,-8.416666666666664,0.07139815280812013,ssp126
-67.91666666666667,-8.416666666666664,0.06838690821298354,ssp126
-67.75,-8.416666666666664,0.06638084292278161,ssp126
-67.58333333333333,-8.416666666666664,0.21239381697573817,ssp126
-67.41666666666667,-8.416666666666664,0.21638105221807521,ssp126
-67.25,-8.416666666666664,0.2260631543052794,ssp126
-67.08333333333333,-8.416666666666664,0.2149904066794491,ssp126
-66.91666666666667,-8.416666666666664,0.16209682594948815,ssp126
-66.75,-8.416666666666664,0.16713011657424554,ssp126
-66.58333333333333,-8.416666666666664,0.17079149044415767,ssp126
-66.41666666666667,-8.416666666666664,0.17314930436676454,ssp126
-66.25,-8.416666666666664,0.17150835983987006,ssp126
-66.08333333333333,-8.416666666666664,0.1703101500261444,ssp126
-65.91666666666667,-8.416666666666664,0.17804995758207431,ssp126
-65.75,-8.416666666666664,0.17400791408331012,ssp126
-65.58333333333333,-8.416666666666664,0.1984876906436638,ssp126
-65.41666666666667,-8.416666666666664,0.16718805928074482,ssp126
-65.25,-8.416666666666664,0.16339242957244965,ssp126
-65.08333333333333,-8.416666666666664,0.15732994400771125,ssp126
-64.91666666666667,-8.416666666666664,0.16516561808725874,ssp126
-64.75,-8.416666666666664,0.17680917928786674,ssp126
-64.58333333333333,-8.416666666666664,0.1710330431253076,ssp126
-64.41666666666667,-8.416666666666664,0.20064610511387249,ssp126
-64.25,-8.416666666666664,0.15665126764339793,ssp126
-64.08333333333333,-8.416666666666664,0.1655579971179846,ssp126
-63.91666666666667,-8.416666666666664,0.16771892324246904,ssp126
-63.75,-8.416666666666664,0.18511722615618223,ssp126
-63.583333333333336,-8.416666666666664,0.19049599863612215,ssp126
-63.41666666666667,-8.416666666666664,0.21440041607514512,ssp126
-63.25,-8.416666666666664,0.24152972570265616,ssp126
-63.083333333333336,-8.416666666666664,0.241208017382609,ssp126
-62.91666666666667,-8.416666666666664,0.23046055755469466,ssp126
-62.75,-8.416666666666664,0.21870872625383703,ssp126
-62.583333333333336,-8.416666666666664,0.18665651477886924,ssp126
-62.41666666666667,-8.416666666666664,0.16874308678401972,ssp126
-62.25,-8.416666666666664,0.134698405398682,ssp126
-62.083333333333336,-8.416666666666664,0.1367907235123661,ssp126
-61.91666666666667,-8.416666666666664,0.10427484056101359,ssp126
-61.75,-8.416666666666664,0.23189134774333453,ssp126
-61.583333333333336,-8.416666666666664,0.23219024746809533,ssp126
-61.41666666666667,-8.416666666666664,0.21735858974467354,ssp126
-61.25,-8.416666666666664,0.1806313504039602,ssp126
-61.083333333333336,-8.416666666666664,0.16125304710867597,ssp126
-60.91666666666667,-8.416666666666664,0.18963463881736822,ssp126
-60.75,-8.416666666666664,0.17828234906577864,ssp126
-60.583333333333336,-8.416666666666664,0.1519158548166558,ssp126
-60.41666666666667,-8.416666666666664,0.1646448906891267,ssp126
-60.25,-8.416666666666664,0.1523251709998907,ssp126
-60.083333333333336,-8.416666666666664,0.11914077204274923,ssp126
-59.91666666666667,-8.416666666666664,0.10431454581605687,ssp126
-59.75,-8.416666666666664,0.12163734177775698,ssp126
-59.583333333333336,-8.416666666666664,0.11446081115314158,ssp126
-59.41666666666667,-8.416666666666664,0.10856027557819882,ssp126
-59.25,-8.416666666666664,0.08416022231473587,ssp126
-59.083333333333336,-8.416666666666664,0.06263018095767448,ssp126
-58.91666666666667,-8.416666666666664,0.034009197882890786,ssp126
-58.75,-8.416666666666664,0.03823105389604972,ssp126
-58.583333333333336,-8.416666666666664,0.046626846121922944,ssp126
-58.41666666666667,-8.416666666666664,0.04623757065733725,ssp126
-58.25,-8.416666666666664,0.031591155807291306,ssp126
-58.083333333333336,-8.416666666666664,0.04032908942630093,ssp126
-57.91666666666667,-8.416666666666664,0.04457100377974684,ssp126
-57.75,-8.416666666666664,0.03395511772910031,ssp126
-57.583333333333336,-8.416666666666664,0.03634736091873371,ssp126
-57.41666666666667,-8.416666666666664,0.0866136942350403,ssp126
-57.25,-8.416666666666664,0.03957440739792745,ssp126
-57.083333333333336,-8.416666666666664,0.03414072432493857,ssp126
-56.91666666666667,-8.416666666666664,0.031610465092796386,ssp126
-56.75,-8.416666666666664,0.03165198476155182,ssp126
-56.583333333333336,-8.416666666666664,0.02413533007632484,ssp126
-56.41666666666667,-8.416666666666664,0.017075299035487487,ssp126
-56.25,-8.416666666666664,0.009659157476190726,ssp126
-56.083333333333336,-8.416666666666664,0.01602728913631156,ssp126
-55.91666666666667,-8.416666666666664,0.02063764217506085,ssp126
-55.75,-8.416666666666664,0.03880845229046793,ssp126
-55.583333333333336,-8.416666666666664,0.04441063712879107,ssp126
-55.41666666666667,-8.416666666666664,0.11837913535157402,ssp126
-55.25,-8.416666666666664,0.04623052545133311,ssp126
-55.083333333333336,-8.416666666666664,0.13633355126575078,ssp126
-54.91666666666667,-8.416666666666664,0.04613528062587078,ssp126
-54.75,-8.416666666666664,0.03331387094774523,ssp126
-54.583333333333336,-8.416666666666664,0.039741215353686646,ssp126
-54.41666666666667,-8.416666666666664,0.029363361796570904,ssp126
-54.25,-8.416666666666664,0.03326666751901957,ssp126
-54.083333333333336,-8.416666666666664,0.02951733861837619,ssp126
-53.91666666666667,-8.416666666666664,0.019633573584500647,ssp126
-53.75,-8.416666666666664,0.019646482635701363,ssp126
-53.583333333333336,-8.416666666666664,0.018943422296778388,ssp126
-53.41666666666667,-8.416666666666664,0.01982864529453673,ssp126
-53.25,-8.416666666666664,0.017038488899073813,ssp126
-53.083333333333336,-8.416666666666664,0.01624686735790066,ssp126
-52.91666666666667,-8.416666666666664,0.013548847275762674,ssp126
-52.75,-8.416666666666664,0.015777377059517227,ssp126
-52.583333333333336,-8.416666666666664,0.018408424418848744,ssp126
-52.41666666666667,-8.416666666666664,0.016564959084298562,ssp126
-52.25,-8.416666666666664,0.009784948981525645,ssp126
-52.083333333333336,-8.416666666666664,0.006088144556257754,ssp126
-51.91666666666667,-8.416666666666664,0.005810761948435997,ssp126
-51.75,-8.416666666666664,0.007504351389706048,ssp126
-51.583333333333336,-8.416666666666664,0.019918283832331806,ssp126
-51.41666666666667,-8.416666666666664,0.018800668731565592,ssp126
-51.25,-8.416666666666664,0.018157114633357518,ssp126
-51.083333333333336,-8.416666666666664,0.016516062154834088,ssp126
-50.91666666666667,-8.416666666666664,0.01734961971842293,ssp126
-50.75,-8.416666666666664,0.025968359175392145,ssp126
-50.583333333333336,-8.416666666666664,0.02660523124289212,ssp126
-50.41666666666667,-8.416666666666664,0.026616482629453875,ssp126
-50.25,-8.416666666666664,0.028354718237769853,ssp126
-48.75,-8.416666666666664,0.03892070435935719,ssp126
-73.08333333333333,-8.58333333333333,0.04620704259419838,ssp126
-72.91666666666667,-8.58333333333333,0.051255100218007735,ssp126
-72.75,-8.58333333333333,0.06514860694924429,ssp126
-72.58333333333333,-8.58333333333333,0.06109193551288603,ssp126
-72.41666666666667,-8.58333333333333,0.05994923432954589,ssp126
-72.25,-8.58333333333333,0.05350904859282415,ssp126
-72.08333333333333,-8.58333333333333,0.05044399844083235,ssp126
-71.91666666666667,-8.58333333333333,0.04039419826965576,ssp126
-71.75,-8.58333333333333,0.03380524614711811,ssp126
-71.58333333333333,-8.58333333333333,0.03889974754322493,ssp126
-71.41666666666667,-8.58333333333333,0.03923417357070041,ssp126
-71.25,-8.58333333333333,0.03654169210158108,ssp126
-71.08333333333333,-8.58333333333333,0.042021235969896875,ssp126
-70.91666666666667,-8.58333333333333,0.0488063367394694,ssp126
-70.75,-8.58333333333333,0.044282710304983035,ssp126
-70.58333333333333,-8.58333333333333,0.05132196193003955,ssp126
-70.41666666666667,-8.58333333333333,0.05370859913157126,ssp126
-70.25,-8.58333333333333,0.041137573373343846,ssp126
-70.08333333333333,-8.58333333333333,0.045834429000381004,ssp126
-69.91666666666667,-8.58333333333333,0.047865497185811255,ssp126
-69.75,-8.58333333333333,0.05534132201278631,ssp126
-69.58333333333333,-8.58333333333333,0.043908148867904395,ssp126
-69.41666666666667,-8.58333333333333,0.04770570265983208,ssp126
-69.25,-8.58333333333333,0.046256092396838304,ssp126
-69.08333333333333,-8.58333333333333,0.05310215645932007,ssp126
-68.91666666666667,-8.58333333333333,0.05579607992085221,ssp126
-68.75,-8.58333333333333,0.05634017311440162,ssp126
-68.58333333333333,-8.58333333333333,0.06986908396182018,ssp126
-68.41666666666667,-8.58333333333333,0.07653789010480887,ssp126
-68.25,-8.58333333333333,0.07373061844709355,ssp126
-68.08333333333333,-8.58333333333333,0.0719571216653636,ssp126
-67.91666666666667,-8.58333333333333,0.06967841562695469,ssp126
-67.75,-8.58333333333333,0.06843523739661762,ssp126
-67.58333333333333,-8.58333333333333,0.06775796296470851,ssp126
-67.41666666666667,-8.58333333333333,0.20581357989322707,ssp126
-67.25,-8.58333333333333,0.21888595639086372,ssp126
-67.08333333333333,-8.58333333333333,0.19370621022505685,ssp126
-66.91666666666667,-8.58333333333333,0.15448778336557156,ssp126
-66.75,-8.58333333333333,0.1566246305956498,ssp126
-66.58333333333333,-8.58333333333333,0.1584562364431571,ssp126
-66.41666666666667,-8.58333333333333,0.15995923686191318,ssp126
-66.25,-8.58333333333333,0.1539197033226975,ssp126
-66.08333333333333,-8.58333333333333,0.15980407008851058,ssp126
-65.91666666666667,-8.58333333333333,0.16287875078255512,ssp126
-65.75,-8.58333333333333,0.1605761827015516,ssp126
-65.58333333333333,-8.58333333333333,0.1956220416337082,ssp126
-65.41666666666667,-8.58333333333333,0.1627701333211985,ssp126
-65.25,-8.58333333333333,0.17053233858768452,ssp126
-65.08333333333333,-8.58333333333333,0.17553758322798538,ssp126
-64.91666666666667,-8.58333333333333,0.2036533083958498,ssp126
-64.75,-8.58333333333333,0.16044018253560424,ssp126
-64.58333333333333,-8.58333333333333,0.1731247825244886,ssp126
-64.41666666666667,-8.58333333333333,0.18009582636814975,ssp126
-64.25,-8.58333333333333,0.18528083842015639,ssp126
-64.08333333333333,-8.58333333333333,0.19366626410006338,ssp126
-63.91666666666667,-8.58333333333333,0.17627616864095783,ssp126
-63.75,-8.58333333333333,0.1759215685567391,ssp126
-63.583333333333336,-8.58333333333333,0.2091524700076224,ssp126
-63.41666666666667,-8.58333333333333,0.19863345735911528,ssp126
-63.25,-8.58333333333333,0.21188863373839456,ssp126
-63.083333333333336,-8.58333333333333,0.20992142493915866,ssp126
-62.91666666666667,-8.58333333333333,0.1792465053181682,ssp126
-62.75,-8.58333333333333,0.22572063967069045,ssp126
-62.583333333333336,-8.58333333333333,0.20828290295563945,ssp126
-62.41666666666667,-8.58333333333333,0.15382304176273953,ssp126
-62.25,-8.58333333333333,0.1371357102146702,ssp126
-62.083333333333336,-8.58333333333333,0.11327447693340244,ssp126
-61.91666666666667,-8.58333333333333,0.2226989463867751,ssp126
-61.75,-8.58333333333333,0.24940087253455825,ssp126
-61.583333333333336,-8.58333333333333,0.2274878641198746,ssp126
-61.41666666666667,-8.58333333333333,0.2099484219318895,ssp126
-61.25,-8.58333333333333,0.15534085786599203,ssp126
-61.083333333333336,-8.58333333333333,0.170995641783017,ssp126
-60.91666666666667,-8.58333333333333,0.18303430297740436,ssp126
-60.75,-8.58333333333333,0.17709728010022516,ssp126
-60.583333333333336,-8.58333333333333,0.15329258181541963,ssp126
-60.41666666666667,-8.58333333333333,0.13452365736223823,ssp126
-60.25,-8.58333333333333,0.1639637737335353,ssp126
-60.083333333333336,-8.58333333333333,0.12875853375243346,ssp126
-59.91666666666667,-8.58333333333333,0.1171711406791953,ssp126
-59.75,-8.58333333333333,0.12777718237214689,ssp126
-59.583333333333336,-8.58333333333333,0.1067650136211126,ssp126
-59.41666666666667,-8.58333333333333,0.10309206996065276,ssp126
-59.25,-8.58333333333333,0.10820960370431439,ssp126
-59.083333333333336,-8.58333333333333,0.060899348261188195,ssp126
-58.91666666666667,-8.58333333333333,0.07413191384227157,ssp126
-58.75,-8.58333333333333,0.07138697260893315,ssp126
-58.583333333333336,-8.58333333333333,0.038301259677995005,ssp126
-58.41666666666667,-8.58333333333333,0.04255178152506736,ssp126
-58.25,-8.58333333333333,0.02069468607910125,ssp126
-58.083333333333336,-8.58333333333333,0.037738777687797896,ssp126
-57.91666666666667,-8.58333333333333,0.05212415955329294,ssp126
-57.75,-8.58333333333333,0.054314286201506946,ssp126
-57.583333333333336,-8.58333333333333,0.0466603059405358,ssp126
-57.41666666666667,-8.58333333333333,0.0815692493772447,ssp126
-57.25,-8.58333333333333,0.053128162547718454,ssp126
-57.083333333333336,-8.58333333333333,0.085093166819163,ssp126
-56.91666666666667,-8.58333333333333,0.062170989086635355,ssp126
-56.75,-8.58333333333333,0.05786227331436631,ssp126
-56.583333333333336,-8.58333333333333,0.04803370618942737,ssp126
-56.41666666666667,-8.58333333333333,0.04225320978116998,ssp126
-56.25,-8.58333333333333,0.037058520769447,ssp126
-56.083333333333336,-8.58333333333333,0.034085487543190844,ssp126
-55.91666666666667,-8.58333333333333,0.031594165094683165,ssp126
-55.75,-8.58333333333333,0.030236640546434726,ssp126
-55.583333333333336,-8.58333333333333,0.046565429329093536,ssp126
-55.41666666666667,-8.58333333333333,0.05179387125158046,ssp126
-55.25,-8.58333333333333,0.07209378992990252,ssp126
-55.083333333333336,-8.58333333333333,0.12124827492384749,ssp126
-54.91666666666667,-8.58333333333333,0.06413714235116666,ssp126
-54.75,-8.58333333333333,0.03884377646136196,ssp126
-54.583333333333336,-8.58333333333333,0.05863624464105228,ssp126
-54.41666666666667,-8.58333333333333,0.026075906051582935,ssp126
-54.25,-8.58333333333333,0.04009388347028947,ssp126
-54.083333333333336,-8.58333333333333,0.0226509989336624,ssp126
-53.91666666666667,-8.58333333333333,0.021965302769206108,ssp126
-53.75,-8.58333333333333,0.02297328767468938,ssp126
-53.583333333333336,-8.58333333333333,0.01713510128592533,ssp126
-53.41666666666667,-8.58333333333333,0.022811527182702157,ssp126
-53.25,-8.58333333333333,0.016349951741051017,ssp126
-53.083333333333336,-8.58333333333333,0.01517441813371815,ssp126
-52.91666666666667,-8.58333333333333,0.01200881430804242,ssp126
-52.75,-8.58333333333333,0.015027546892666747,ssp126
-52.583333333333336,-8.58333333333333,0.018737764995831775,ssp126
-52.41666666666667,-8.58333333333333,0.019700308074014204,ssp126
-52.25,-8.58333333333333,0.025499676611076636,ssp126
-52.083333333333336,-8.58333333333333,0.015636348867659126,ssp126
-51.91666666666667,-8.58333333333333,0.013700265121007,ssp126
-51.75,-8.58333333333333,0.006916797269398795,ssp126
-51.583333333333336,-8.58333333333333,0.016193488182090727,ssp126
-51.41666666666667,-8.58333333333333,0.018822503887500175,ssp126
-51.25,-8.58333333333333,0.013479087777253906,ssp126
-51.083333333333336,-8.58333333333333,0.007989982431529874,ssp126
-50.91666666666667,-8.58333333333333,0.02259228434218382,ssp126
-50.75,-8.58333333333333,0.02338799998400956,ssp126
-50.583333333333336,-8.58333333333333,0.026003230421271624,ssp126
-50.41666666666667,-8.58333333333333,0.025347209090290618,ssp126
-50.25,-8.58333333333333,0.02728967359599664,ssp126
-48.75,-8.58333333333333,0.04652985583249291,ssp126
-72.91666666666667,-8.749999999999996,0.049584234314125446,ssp126
-72.75,-8.749999999999996,0.06383647634337482,ssp126
-72.58333333333333,-8.749999999999996,0.058316534812209074,ssp126
-72.41666666666667,-8.749999999999996,0.05174151209220742,ssp126
-72.25,-8.749999999999996,0.04614110532852176,ssp126
-72.08333333333333,-8.749999999999996,0.03912608879688621,ssp126
-71.91666666666667,-8.749999999999996,0.031057469082392614,ssp126
-71.75,-8.749999999999996,0.040272679396772953,ssp126
-71.58333333333333,-8.749999999999996,0.03625891812876998,ssp126
-71.41666666666667,-8.749999999999996,0.033641308425238506,ssp126
-71.25,-8.749999999999996,0.04260861280581694,ssp126
-71.08333333333333,-8.749999999999996,0.04587243010432431,ssp126
-70.91666666666667,-8.749999999999996,0.042290897250592395,ssp126
-70.75,-8.749999999999996,0.04685820660953892,ssp126
-70.58333333333333,-8.749999999999996,0.05913027302380036,ssp126
-70.41666666666667,-8.749999999999996,0.052570669675825424,ssp126
-70.25,-8.749999999999996,0.0447886988975757,ssp126
-70.08333333333333,-8.749999999999996,0.04414586402397981,ssp126
-69.91666666666667,-8.749999999999996,0.058999828120562155,ssp126
-69.75,-8.749999999999996,0.042836995639923936,ssp126
-69.58333333333333,-8.749999999999996,0.03995420319430064,ssp126
-69.41666666666667,-8.749999999999996,0.047739093325382384,ssp126
-69.25,-8.749999999999996,0.0534505429186935,ssp126
-69.08333333333333,-8.749999999999996,0.03903790153560783,ssp126
-68.91666666666667,-8.749999999999996,0.02873587989893434,ssp126
-68.75,-8.749999999999996,0.07778839799050812,ssp126
-68.58333333333333,-8.749999999999996,0.07799508964243625,ssp126
-68.41666666666667,-8.749999999999996,0.0972721868495358,ssp126
-68.25,-8.749999999999996,0.09903415317009384,ssp126
-68.08333333333333,-8.749999999999996,0.06787457198077233,ssp126
-67.91666666666667,-8.749999999999996,0.07194171820582598,ssp126
-67.75,-8.749999999999996,0.0731511597106578,ssp126
-67.58333333333333,-8.749999999999996,0.06891932768006541,ssp126
-67.41666666666667,-8.749999999999996,0.18823086744927756,ssp126
-67.25,-8.749999999999996,0.2032876293292284,ssp126
-67.08333333333333,-8.749999999999996,0.18861629458077717,ssp126
-66.91666666666667,-8.749999999999996,0.14376178871093212,ssp126
-66.75,-8.749999999999996,0.13636824554648852,ssp126
-66.58333333333333,-8.749999999999996,0.14725693443810706,ssp126
-66.41666666666667,-8.749999999999996,0.1523839267206449,ssp126
-66.25,-8.749999999999996,0.14681611990979943,ssp126
-66.08333333333333,-8.749999999999996,0.1490100512212977,ssp126
-65.91666666666667,-8.749999999999996,0.1490331133174501,ssp126
-65.75,-8.749999999999996,0.1805581200747722,ssp126
-65.58333333333333,-8.749999999999996,0.17807601452379382,ssp126
-65.41666666666667,-8.749999999999996,0.14339127015120298,ssp126
-65.25,-8.749999999999996,0.15743142285893466,ssp126
-65.08333333333333,-8.749999999999996,0.15493692464278216,ssp126
-64.91666666666667,-8.749999999999996,0.21179644357592145,ssp126
-64.75,-8.749999999999996,0.17507404364848078,ssp126
-64.58333333333333,-8.749999999999996,0.18850966054859958,ssp126
-64.41666666666667,-8.749999999999996,0.22696110682445136,ssp126
-64.25,-8.749999999999996,0.19830504467343768,ssp126
-64.08333333333333,-8.749999999999996,0.1910311902727747,ssp126
-63.91666666666667,-8.749999999999996,0.15780211921510806,ssp126
-63.75,-8.749999999999996,0.14601968702036758,ssp126
-63.583333333333336,-8.749999999999996,0.18843736139783468,ssp126
-63.41666666666667,-8.749999999999996,0.20614957034035364,ssp126
-63.25,-8.749999999999996,0.20826716705574405,ssp126
-63.083333333333336,-8.749999999999996,0.19571090715662215,ssp126
-62.91666666666667,-8.749999999999996,0.1877326022152862,ssp126
-62.75,-8.749999999999996,0.20529995128320547,ssp126
-62.583333333333336,-8.749999999999996,0.19691526920085067,ssp126
-62.41666666666667,-8.749999999999996,0.14760979022931137,ssp126
-62.25,-8.749999999999996,0.13547453345950172,ssp126
-62.083333333333336,-8.749999999999996,0.0997121974654008,ssp126
-61.91666666666667,-8.749999999999996,0.24782748193923176,ssp126
-61.75,-8.749999999999996,0.22947257370794144,ssp126
-61.583333333333336,-8.749999999999996,0.19655319866684695,ssp126
-61.41666666666667,-8.749999999999996,0.16689797108386575,ssp126
-61.25,-8.749999999999996,0.1744369561772491,ssp126
-61.083333333333336,-8.749999999999996,0.1495903778279825,ssp126
-60.91666666666667,-8.749999999999996,0.1874591891390545,ssp126
-60.75,-8.749999999999996,0.1946378361569745,ssp126
-60.583333333333336,-8.749999999999996,0.12556464768738732,ssp126
-60.41666666666667,-8.749999999999996,0.14549792227540936,ssp126
-60.25,-8.749999999999996,0.1718401448711826,ssp126
-60.083333333333336,-8.749999999999996,0.11476665588390968,ssp126
-59.91666666666667,-8.749999999999996,0.1209811283822713,ssp126
-59.75,-8.749999999999996,0.10346010960197723,ssp126
-59.583333333333336,-8.749999999999996,0.09716532377149076,ssp126
-59.41666666666667,-8.749999999999996,0.09866053376009654,ssp126
-59.25,-8.749999999999996,0.11316142205638947,ssp126
-59.083333333333336,-8.749999999999996,0.06865498485137865,ssp126
-58.91666666666667,-8.749999999999996,0.0695706070240746,ssp126
-58.75,-8.749999999999996,0.08739253563752676,ssp126
-58.583333333333336,-8.749999999999996,0.03445324563284428,ssp126
-58.41666666666667,-8.749999999999996,0.0359478512094314,ssp126
-58.25,-8.749999999999996,0.020480854431600932,ssp126
-58.083333333333336,-8.749999999999996,0.02898075722411018,ssp126
-57.91666666666667,-8.749999999999996,0.02784489357856012,ssp126
-57.75,-8.749999999999996,0.032143884909278136,ssp126
-57.583333333333336,-8.749999999999996,0.042419274588408135,ssp126
-57.41666666666667,-8.749999999999996,0.045888591583551464,ssp126
-57.25,-8.749999999999996,0.047912753778089075,ssp126
-57.083333333333336,-8.749999999999996,0.07526627268369929,ssp126
-56.91666666666667,-8.749999999999996,0.08742734226729704,ssp126
-56.75,-8.749999999999996,0.13478221547016048,ssp126
-56.583333333333336,-8.749999999999996,0.1152455335946717,ssp126
-56.41666666666667,-8.749999999999996,0.12886505365342293,ssp126
-56.25,-8.749999999999996,0.05595069906130184,ssp126
-56.083333333333336,-8.749999999999996,0.0822366423188065,ssp126
-55.91666666666667,-8.749999999999996,0.08146843155361815,ssp126
-55.75,-8.749999999999996,0.04508316650355762,ssp126
-55.583333333333336,-8.749999999999996,0.03526794514398891,ssp126
-55.41666666666667,-8.749999999999996,0.07149364787522826,ssp126
-55.25,-8.749999999999996,0.059005858127843584,ssp126
-55.083333333333336,-8.749999999999996,0.05950547213126147,ssp126
-54.91666666666667,-8.749999999999996,0.07822169994717601,ssp126
-54.75,-8.749999999999996,0.061328928720626084,ssp126
-54.583333333333336,-8.749999999999996,0.03829841559383627,ssp126
-54.41666666666667,-8.749999999999996,0.04164317617587634,ssp126
-54.25,-8.749999999999996,0.02579032533444459,ssp126
-54.083333333333336,-8.749999999999996,0.027965823067388363,ssp126
-53.91666666666667,-8.749999999999996,0.022903218337972785,ssp126
-53.75,-8.749999999999996,0.019577874244346295,ssp126
-53.583333333333336,-8.749999999999996,0.01676179712482535,ssp126
-53.41666666666667,-8.749999999999996,0.020051229584368963,ssp126
-53.25,-8.749999999999996,0.017362907951984634,ssp126
-53.083333333333336,-8.749999999999996,0.011973631079443223,ssp126
-52.91666666666667,-8.749999999999996,0.013961957823239814,ssp126
-52.75,-8.749999999999996,0.01655504768380841,ssp126
-52.583333333333336,-8.749999999999996,0.024078239543222142,ssp126
-52.41666666666667,-8.749999999999996,0.016978078241435733,ssp126
-52.25,-8.749999999999996,0.01988370098269691,ssp126
-52.083333333333336,-8.749999999999996,0.013032342502538048,ssp126
-51.91666666666667,-8.749999999999996,0.013619718074014023,ssp126
-51.75,-8.749999999999996,0.008685598527095271,ssp126
-51.583333333333336,-8.749999999999996,0.011056822214126212,ssp126
-51.41666666666667,-8.749999999999996,0.02686172583609372,ssp126
-51.25,-8.749999999999996,0.019342906387149642,ssp126
-51.083333333333336,-8.749999999999996,0.006376031060786737,ssp126
-50.91666666666667,-8.749999999999996,0.022019904796761237,ssp126
-50.75,-8.749999999999996,0.025055660060606468,ssp126
-50.583333333333336,-8.749999999999996,0.028449707152446636,ssp126
-50.41666666666667,-8.749999999999996,0.026936980087417586,ssp126
-50.25,-8.749999999999996,0.028821962882533546,ssp126
-72.91666666666667,-8.916666666666664,0.04357365360738482,ssp126
-72.75,-8.916666666666664,0.052054803133857075,ssp126
-72.58333333333333,-8.916666666666664,0.05534706920708036,ssp126
-72.41666666666667,-8.916666666666664,0.04952884596689838,ssp126
-72.25,-8.916666666666664,0.04373700514258578,ssp126
-72.08333333333333,-8.916666666666664,0.03337635630627743,ssp126
-71.91666666666667,-8.916666666666664,0.03592860954655643,ssp126
-71.75,-8.916666666666664,0.036505583571783955,ssp126
-71.58333333333333,-8.916666666666664,0.038611246114866014,ssp126
-71.41666666666667,-8.916666666666664,0.04109692940312183,ssp126
-71.25,-8.916666666666664,0.040586219004402034,ssp126
-71.08333333333333,-8.916666666666664,0.038023933106812714,ssp126
-70.91666666666667,-8.916666666666664,0.04394344686930558,ssp126
-70.75,-8.916666666666664,0.04375285722312749,ssp126
-70.58333333333333,-8.916666666666664,0.05852850469656441,ssp126
-70.41666666666667,-8.916666666666664,0.05028534666065044,ssp126
-70.25,-8.916666666666664,0.041635711051191605,ssp126
-70.08333333333333,-8.916666666666664,0.04370394612623102,ssp126
-69.91666666666667,-8.916666666666664,0.0445675091867954,ssp126
-69.75,-8.916666666666664,0.0451705744113559,ssp126
-69.58333333333333,-8.916666666666664,0.048358813876789794,ssp126
-69.41666666666667,-8.916666666666664,0.03170008857507467,ssp126
-69.25,-8.916666666666664,0.03150955256809704,ssp126
-69.08333333333333,-8.916666666666664,0.024987291790414593,ssp126
-68.91666666666667,-8.916666666666664,0.024581580342322815,ssp126
-68.75,-8.916666666666664,0.03139836737619711,ssp126
-68.58333333333333,-8.916666666666664,0.09808945001697957,ssp126
-68.41666666666667,-8.916666666666664,0.09039112873130913,ssp126
-68.25,-8.916666666666664,0.08560484226542066,ssp126
-68.08333333333333,-8.916666666666664,0.09067736204551514,ssp126
-67.91666666666667,-8.916666666666664,0.0967352806146535,ssp126
-67.75,-8.916666666666664,0.08851389573625403,ssp126
-67.58333333333333,-8.916666666666664,0.08029049473377863,ssp126
-67.41666666666667,-8.916666666666664,0.20319404626574544,ssp126
-67.25,-8.916666666666664,0.20960203084117804,ssp126
-67.08333333333333,-8.916666666666664,0.18761175033404529,ssp126
-66.91666666666667,-8.916666666666664,0.15263379151136838,ssp126
-66.75,-8.916666666666664,0.1441626451853722,ssp126
-66.58333333333333,-8.916666666666664,0.1375702823874168,ssp126
-66.41666666666667,-8.916666666666664,0.13328955216510024,ssp126
-66.25,-8.916666666666664,0.1407032960382371,ssp126
-66.08333333333333,-8.916666666666664,0.14216101560680625,ssp126
-65.91666666666667,-8.916666666666664,0.14689824317369402,ssp126
-65.75,-8.916666666666664,0.14253846006361107,ssp126
-65.58333333333333,-8.916666666666664,0.1412064020817213,ssp126
-65.41666666666667,-8.916666666666664,0.13799412744860878,ssp126
-65.25,-8.916666666666664,0.14091015192535872,ssp126
-65.08333333333333,-8.916666666666664,0.18150023712191632,ssp126
-64.91666666666667,-8.916666666666664,0.1813472207275628,ssp126
-64.75,-8.916666666666664,0.16392472900830588,ssp126
-64.58333333333333,-8.916666666666664,0.190431406665952,ssp126
-64.41666666666667,-8.916666666666664,0.18992627162085787,ssp126
-64.25,-8.916666666666664,0.1864454473486083,ssp126
-64.08333333333333,-8.916666666666664,0.18288260676224655,ssp126
-63.91666666666667,-8.916666666666664,0.1784550658982621,ssp126
-63.75,-8.916666666666664,0.2006613355689447,ssp126
-63.583333333333336,-8.916666666666664,0.16601087678271195,ssp126
-63.41666666666667,-8.916666666666664,0.17041998571817413,ssp126
-63.25,-8.916666666666664,0.2057204952775323,ssp126
-63.083333333333336,-8.916666666666664,0.20225145644008388,ssp126
-62.91666666666667,-8.916666666666664,0.2377833617622417,ssp126
-62.75,-8.916666666666664,0.20063225591854567,ssp126
-62.583333333333336,-8.916666666666664,0.17654654232200628,ssp126
-62.41666666666667,-8.916666666666664,0.12576063542875449,ssp126
-62.25,-8.916666666666664,0.11686099245236513,ssp126
-62.083333333333336,-8.916666666666664,0.14445900575328866,ssp126
-61.91666666666667,-8.916666666666664,0.23909324628733608,ssp126
-61.75,-8.916666666666664,0.20622436327805097,ssp126
-61.583333333333336,-8.916666666666664,0.1958409736642108,ssp126
-61.41666666666667,-8.916666666666664,0.18779784494083437,ssp126
-61.25,-8.916666666666664,0.176234452361291,ssp126
-61.083333333333336,-8.916666666666664,0.2069562331936674,ssp126
-60.91666666666667,-8.916666666666664,0.1974151563286675,ssp126
-60.75,-8.916666666666664,0.19446768277232895,ssp126
-60.583333333333336,-8.916666666666664,0.13457601541430092,ssp126
-60.41666666666667,-8.916666666666664,0.15988264312698963,ssp126
-60.25,-8.916666666666664,0.17448903891336298,ssp126
-60.083333333333336,-8.916666666666664,0.14019690725016426,ssp126
-59.91666666666667,-8.916666666666664,0.1149179674678811,ssp126
-59.75,-8.916666666666664,0.10638955187048614,ssp126
-59.583333333333336,-8.916666666666664,0.10343875072738842,ssp126
-59.41666666666667,-8.916666666666664,0.08930420663452672,ssp126
-59.25,-8.916666666666664,0.11057676584670506,ssp126
-59.083333333333336,-8.916666666666664,0.09731016143694617,ssp126
-58.91666666666667,-8.916666666666664,0.07324695346532617,ssp126
-58.75,-8.916666666666664,0.06575284147941804,ssp126
-58.583333333333336,-8.916666666666664,0.036423562247926526,ssp126
-58.41666666666667,-8.916666666666664,0.03146992406099689,ssp126
-58.25,-8.916666666666664,0.023586507124353034,ssp126
-58.083333333333336,-8.916666666666664,0.029153534915794962,ssp126
-57.91666666666667,-8.916666666666664,0.031860949956573785,ssp126
-57.75,-8.916666666666664,0.029712486112360388,ssp126
-57.583333333333336,-8.916666666666664,0.034915135662416635,ssp126
-57.41666666666667,-8.916666666666664,0.047298293543136125,ssp126
-57.25,-8.916666666666664,0.034665986956607976,ssp126
-57.083333333333336,-8.916666666666664,0.05668457948213052,ssp126
-56.91666666666667,-8.916666666666664,0.061681150984129664,ssp126
-56.75,-8.916666666666664,0.1128127777535931,ssp126
-56.583333333333336,-8.916666666666664,0.1571425523232057,ssp126
-56.41666666666667,-8.916666666666664,0.14148082816580898,ssp126
-56.25,-8.916666666666664,0.13862554942914798,ssp126
-56.083333333333336,-8.916666666666664,0.1514338996299964,ssp126
-55.91666666666667,-8.916666666666664,0.08048313330594827,ssp126
-55.75,-8.916666666666664,0.04368337310207377,ssp126
-55.583333333333336,-8.916666666666664,0.049274783365152904,ssp126
-55.41666666666667,-8.916666666666664,0.04385695977505966,ssp126
-55.25,-8.916666666666664,0.04207331911947056,ssp126
-55.083333333333336,-8.916666666666664,0.04233643720344825,ssp126
-54.91666666666667,-8.916666666666664,0.06219202721623666,ssp126
-54.75,-8.916666666666664,0.06815672846157207,ssp126
-54.583333333333336,-8.916666666666664,0.05185255931639645,ssp126
-54.41666666666667,-8.916666666666664,0.024703428583619416,ssp126
-54.25,-8.916666666666664,0.02419962955106273,ssp126
-54.083333333333336,-8.916666666666664,0.02704955139655231,ssp126
-53.91666666666667,-8.916666666666664,0.019811808951524623,ssp126
-53.75,-8.916666666666664,0.016414204773462993,ssp126
-53.583333333333336,-8.916666666666664,0.01626795340679621,ssp126
-53.41666666666667,-8.916666666666664,0.02423299295455506,ssp126
-53.25,-8.916666666666664,0.01787779073927691,ssp126
-53.083333333333336,-8.916666666666664,0.013845184053124251,ssp126
-52.91666666666667,-8.916666666666664,0.013902242576406348,ssp126
-52.75,-8.916666666666664,0.015547775594163692,ssp126
-52.583333333333336,-8.916666666666664,0.01762851868730345,ssp126
-52.41666666666667,-8.916666666666664,0.015804181977938925,ssp126
-52.25,-8.916666666666664,0.03192115375450142,ssp126
-52.083333333333336,-8.916666666666664,0.020336190147623393,ssp126
-51.91666666666667,-8.916666666666664,0.01224971019042433,ssp126
-51.75,-8.916666666666664,0.011247306474865484,ssp126
-51.583333333333336,-8.916666666666664,0.01579862718625352,ssp126
-51.41666666666667,-8.916666666666664,0.025782653672241453,ssp126
-51.25,-8.916666666666664,0.03112606307693743,ssp126
-51.083333333333336,-8.916666666666664,0.015146295468117252,ssp126
-50.91666666666667,-8.916666666666664,0.036154286156935965,ssp126
-50.75,-8.916666666666664,0.028242743615290635,ssp126
-50.583333333333336,-8.916666666666664,0.02833965939449752,ssp126
-50.41666666666667,-8.916666666666664,0.02661420577138086,ssp126
-50.25,-8.916666666666664,0.03219954630806204,ssp126
-50.083333333333336,-8.916666666666664,0.0635967435113706,ssp126
-72.91666666666667,-9.08333333333333,0.043646137146960744,ssp126
-72.75,-9.08333333333333,0.052307629649282233,ssp126
-72.58333333333333,-9.08333333333333,0.05052949219538588,ssp126
-72.41666666666667,-9.08333333333333,0.045890493771141516,ssp126
-72.25,-9.08333333333333,0.04371289194121192,ssp126
-72.08333333333333,-9.08333333333333,0.03857896032766301,ssp126
-71.91666666666667,-9.08333333333333,0.038986960454081176,ssp126
-71.75,-9.08333333333333,0.03419317650146155,ssp126
-71.58333333333333,-9.08333333333333,0.03586483538569627,ssp126
-71.41666666666667,-9.08333333333333,0.03815347904920619,ssp126
-71.25,-9.08333333333333,0.03948001877211979,ssp126
-71.08333333333333,-9.08333333333333,0.0382379221030196,ssp126
-70.91666666666667,-9.08333333333333,0.0420811880475857,ssp126
-70.75,-9.08333333333333,0.04433915768535522,ssp126
-70.58333333333333,-9.08333333333333,0.05490851287013749,ssp126
-70.41666666666667,-9.08333333333333,0.0413883430247511,ssp126
-70.25,-9.08333333333333,0.04606382273921908,ssp126
-70.08333333333333,-9.08333333333333,0.050947404401540546,ssp126
-69.91666666666667,-9.08333333333333,0.0529848904498986,ssp126
-69.75,-9.08333333333333,0.02415856326854397,ssp126
-69.58333333333333,-9.08333333333333,0.024896971878439433,ssp126
-69.41666666666667,-9.08333333333333,0.023832304997299176,ssp126
-69.25,-9.08333333333333,0.027134144109200092,ssp126
-69.08333333333333,-9.08333333333333,0.024394225839132196,ssp126
-68.91666666666667,-9.08333333333333,0.029471180286328995,ssp126
-68.75,-9.08333333333333,0.033231564352384786,ssp126
-68.58333333333333,-9.08333333333333,0.1086525138966112,ssp126
-68.41666666666667,-9.08333333333333,0.10714685887692393,ssp126
-68.25,-9.08333333333333,0.09802860333612219,ssp126
-68.08333333333333,-9.08333333333333,0.09988780626777191,ssp126
-67.91666666666667,-9.08333333333333,0.08681464244176122,ssp126
-67.75,-9.08333333333333,0.08434046263596709,ssp126
-67.58333333333333,-9.08333333333333,0.07981611196567186,ssp126
-67.41666666666667,-9.08333333333333,0.17173853704525455,ssp126
-67.25,-9.08333333333333,0.19685532494454197,ssp126
-67.08333333333333,-9.08333333333333,0.2136275524623062,ssp126
-66.91666666666667,-9.08333333333333,0.15674576213474717,ssp126
-66.75,-9.08333333333333,0.14635000634919804,ssp126
-66.58333333333333,-9.08333333333333,0.12738094552679877,ssp126
-66.41666666666667,-9.08333333333333,0.16310088094979353,ssp126
-66.25,-9.08333333333333,0.16162561276470783,ssp126
-66.08333333333333,-9.08333333333333,0.12873266445796824,ssp126
-65.91666666666667,-9.08333333333333,0.13289758119006323,ssp126
-65.75,-9.08333333333333,0.13086800930650636,ssp126
-65.58333333333333,-9.08333333333333,0.12349808017435618,ssp126
-65.41666666666667,-9.08333333333333,0.165672880434834,ssp126
-65.25,-9.08333333333333,0.13540832236692052,ssp126
-65.08333333333333,-9.08333333333333,0.13651239441004315,ssp126
-64.91666666666667,-9.08333333333333,0.13330045273397717,ssp126
-64.75,-9.08333333333333,0.14782600851364583,ssp126
-64.58333333333333,-9.08333333333333,0.18391033425951986,ssp126
-64.41666666666667,-9.08333333333333,0.18617058620135946,ssp126
-64.25,-9.08333333333333,0.2088854601907573,ssp126
-64.08333333333333,-9.08333333333333,0.19786637106267072,ssp126
-63.91666666666667,-9.08333333333333,0.16993493760529185,ssp126
-63.75,-9.08333333333333,0.21632270798854844,ssp126
-63.583333333333336,-9.08333333333333,0.1770009809846215,ssp126
-63.41666666666667,-9.08333333333333,0.15919609885696626,ssp126
-63.25,-9.08333333333333,0.1993233779673681,ssp126
-63.083333333333336,-9.08333333333333,0.21972917222422655,ssp126
-62.91666666666667,-9.08333333333333,0.2568078658448707,ssp126
-62.75,-9.08333333333333,0.23861534864214226,ssp126
-62.583333333333336,-9.08333333333333,0.16056244021338875,ssp126
-62.41666666666667,-9.08333333333333,0.15313587971937467,ssp126
-62.25,-9.08333333333333,0.1521937515906768,ssp126
-62.083333333333336,-9.08333333333333,0.1023849681861197,ssp126
-61.91666666666667,-9.08333333333333,0.2234481397747193,ssp126
-61.75,-9.08333333333333,0.2277908944418413,ssp126
-61.583333333333336,-9.08333333333333,0.22264286768563993,ssp126
-61.41666666666667,-9.08333333333333,0.21386931055191594,ssp126
-61.25,-9.08333333333333,0.21438434388201777,ssp126
-61.083333333333336,-9.08333333333333,0.20696441508010963,ssp126
-60.91666666666667,-9.08333333333333,0.14781112358873147,ssp126
-60.75,-9.08333333333333,0.17276246914217772,ssp126
-60.583333333333336,-9.08333333333333,0.14606922863741148,ssp126
-60.41666666666667,-9.08333333333333,0.16403131749070166,ssp126
-60.25,-9.08333333333333,0.173980736558843,ssp126
-60.083333333333336,-9.08333333333333,0.16377110104886622,ssp126
-59.91666666666667,-9.08333333333333,0.12659658214086705,ssp126
-59.75,-9.08333333333333,0.11454434612636849,ssp126
-59.583333333333336,-9.08333333333333,0.11015590609598783,ssp126
-59.41666666666667,-9.08333333333333,0.11857185428904582,ssp126
-59.25,-9.08333333333333,0.10918609329122299,ssp126
-59.083333333333336,-9.08333333333333,0.0951685112176917,ssp126
-58.91666666666667,-9.08333333333333,0.10467651145356842,ssp126
-58.75,-9.08333333333333,0.06508071573228784,ssp126
-58.583333333333336,-9.08333333333333,0.052240023921552185,ssp126
-58.41666666666667,-9.08333333333333,0.03158949523919064,ssp126
-58.25,-9.08333333333333,0.0266788075116123,ssp126
-58.083333333333336,-9.08333333333333,0.039670766989628466,ssp126
-57.91666666666667,-9.08333333333333,0.03562007393136943,ssp126
-57.75,-9.08333333333333,0.026852785621448737,ssp126
-57.583333333333336,-9.08333333333333,0.03070419431642941,ssp126
-57.41666666666667,-9.08333333333333,0.07862165756634756,ssp126
-57.25,-9.08333333333333,0.051118712756903543,ssp126
-57.083333333333336,-9.08333333333333,0.07508250054700707,ssp126
-56.91666666666667,-9.08333333333333,0.13598905195881406,ssp126
-56.75,-9.08333333333333,0.20529676946490635,ssp126
-56.583333333333336,-9.08333333333333,0.15945072851805075,ssp126
-56.41666666666667,-9.08333333333333,0.1088680850578006,ssp126
-56.25,-9.08333333333333,0.1137322464044167,ssp126
-56.083333333333336,-9.08333333333333,0.18098791828398325,ssp126
-55.91666666666667,-9.08333333333333,0.1604923859681171,ssp126
-55.75,-9.08333333333333,0.042887732971037894,ssp126
-55.583333333333336,-9.08333333333333,0.04462094685165024,ssp126
-55.41666666666667,-9.08333333333333,0.04752846996075122,ssp126
-55.25,-9.08333333333333,0.043145773203886524,ssp126
-55.083333333333336,-9.08333333333333,0.04388283939415111,ssp126
-54.91666666666667,-9.08333333333333,0.04460326203188654,ssp126
-54.75,-9.08333333333333,0.05327911403479505,ssp126
-54.583333333333336,-9.08333333333333,0.052248406961779494,ssp126
-54.41666666666667,-9.08333333333333,0.028434936110862615,ssp126
-54.25,-9.08333333333333,0.021092294651531632,ssp126
-54.083333333333336,-9.08333333333333,0.03021935396130465,ssp126
-53.91666666666667,-9.08333333333333,0.017159595356288526,ssp126
-53.75,-9.08333333333333,0.016509758172244187,ssp126
-53.583333333333336,-9.08333333333333,0.017017993239471698,ssp126
-53.41666666666667,-9.08333333333333,0.019966032088417077,ssp126
-53.25,-9.08333333333333,0.01669604908908813,ssp126
-53.083333333333336,-9.08333333333333,0.017052507312479485,ssp126
-52.91666666666667,-9.08333333333333,0.015051583260518857,ssp126
-52.75,-9.08333333333333,0.016980093454660672,ssp126
-52.583333333333336,-9.08333333333333,0.014833970088588416,ssp126
-52.41666666666667,-9.08333333333333,0.022310825174044233,ssp126
-52.25,-9.08333333333333,0.022626327851339476,ssp126
-52.083333333333336,-9.08333333333333,0.03201584093811297,ssp126
-51.91666666666667,-9.08333333333333,0.02886224426096107,ssp126
-51.75,-9.08333333333333,0.02637364874732209,ssp126
-51.583333333333336,-9.08333333333333,0.011931561999281776,ssp126
-51.41666666666667,-9.08333333333333,0.025695559910621307,ssp126
-51.25,-9.08333333333333,0.035170001361426347,ssp126
-51.083333333333336,-9.08333333333333,0.0290256982042949,ssp126
-50.91666666666667,-9.08333333333333,0.04890277297255763,ssp126
-50.75,-9.08333333333333,0.05277363883033359,ssp126
-50.583333333333336,-9.08333333333333,0.054803134510488447,ssp126
-50.41666666666667,-9.08333333333333,0.051813639031385805,ssp126
-50.25,-9.08333333333333,0.06036254394306717,ssp126
-72.91666666666667,-9.249999999999996,0.04296950283381502,ssp126
-72.75,-9.249999999999996,0.050248824043284956,ssp126
-72.58333333333333,-9.249999999999996,0.04588486779680603,ssp126
-72.41666666666667,-9.249999999999996,0.04134246054182336,ssp126
-72.25,-9.249999999999996,0.0391038843712323,ssp126
-72.08333333333333,-9.249999999999996,0.036319021578141236,ssp126
-71.91666666666667,-9.249999999999996,0.040563558891235175,ssp126
-71.75,-9.249999999999996,0.02831111762279188,ssp126
-71.58333333333333,-9.249999999999996,0.033116218317160016,ssp126
-71.41666666666667,-9.249999999999996,0.031717111856671004,ssp126
-71.25,-9.249999999999996,0.03523437439596958,ssp126
-71.08333333333333,-9.249999999999996,0.03961486622875211,ssp126
-70.91666666666667,-9.249999999999996,0.04399665833994468,ssp126
-70.75,-9.249999999999996,0.05752922770471251,ssp126
-70.58333333333333,-9.249999999999996,0.03860498070129613,ssp126
-70.41666666666667,-9.249999999999996,0.0432772987104417,ssp126
-70.25,-9.249999999999996,0.04528946267339174,ssp126
-70.08333333333333,-9.249999999999996,0.04683260237934468,ssp126
-69.91666666666667,-9.249999999999996,0.049382537816900406,ssp126
-69.75,-9.249999999999996,0.04768726926383226,ssp126
-69.58333333333333,-9.249999999999996,0.019755141488194235,ssp126
-69.41666666666667,-9.249999999999996,0.023290954146517388,ssp126
-69.25,-9.249999999999996,0.023962808657542235,ssp126
-69.08333333333333,-9.249999999999996,0.02466284751310902,ssp126
-68.91666666666667,-9.249999999999996,0.02808319440303637,ssp126
-68.75,-9.249999999999996,0.04793620446474991,ssp126
-68.58333333333333,-9.249999999999996,0.11531877573408661,ssp126
-68.41666666666667,-9.249999999999996,0.08581037960348796,ssp126
-68.25,-9.249999999999996,0.09581756139218932,ssp126
-68.08333333333333,-9.249999999999996,0.09504553152887414,ssp126
-67.91666666666667,-9.249999999999996,0.09097598517902256,ssp126
-67.75,-9.249999999999996,0.0949676189986158,ssp126
-67.58333333333333,-9.249999999999996,0.0867055953116772,ssp126
-67.41666666666667,-9.249999999999996,0.1993128861368157,ssp126
-67.25,-9.249999999999996,0.21365173858895506,ssp126
-67.08333333333333,-9.249999999999996,0.1547528858535101,ssp126
-66.91666666666667,-9.249999999999996,0.15139258751009071,ssp126
-66.75,-9.249999999999996,0.13838108840007693,ssp126
-66.58333333333333,-9.249999999999996,0.1598428172675951,ssp126
-66.41666666666667,-9.249999999999996,0.16341810703161735,ssp126
-66.25,-9.249999999999996,0.1554370139797477,ssp126
-66.08333333333333,-9.249999999999996,0.1464400821361205,ssp126
-65.91666666666667,-9.249999999999996,0.12354232322096703,ssp126
-65.75,-9.249999999999996,0.11688156455912795,ssp126
-65.58333333333333,-9.249999999999996,0.14342436007558937,ssp126
-65.41666666666667,-9.249999999999996,0.13781274162151527,ssp126
-65.25,-9.249999999999996,0.09320824748263931,ssp126
-65.08333333333333,-9.249999999999996,0.11514964439607199,ssp126
-64.91666666666667,-9.249999999999996,0.11845297583210436,ssp126
-64.75,-9.249999999999996,0.1365929926966584,ssp126
-64.58333333333333,-9.249999999999996,0.1823073213857004,ssp126
-64.41666666666667,-9.249999999999996,0.18664824083469805,ssp126
-64.25,-9.249999999999996,0.16648321452888523,ssp126
-64.08333333333333,-9.249999999999996,0.17958352195974062,ssp126
-63.91666666666667,-9.249999999999996,0.15153023630602735,ssp126
-63.75,-9.249999999999996,0.16066950076518174,ssp126
-63.583333333333336,-9.249999999999996,0.20274311892624997,ssp126
-63.41666666666667,-9.249999999999996,0.15287637385217817,ssp126
-63.25,-9.249999999999996,0.18243461672278988,ssp126
-63.083333333333336,-9.249999999999996,0.2096018126146851,ssp126
-62.91666666666667,-9.249999999999996,0.2118466793755021,ssp126
-62.75,-9.249999999999996,0.17031536048834717,ssp126
-62.583333333333336,-9.249999999999996,0.14000541243343625,ssp126
-62.41666666666667,-9.249999999999996,0.15187513441216965,ssp126
-62.25,-9.249999999999996,0.1236107886000404,ssp126
-62.083333333333336,-9.249999999999996,0.20698582329513637,ssp126
-61.91666666666667,-9.249999999999996,0.19861408118760243,ssp126
-61.75,-9.249999999999996,0.2317127300248068,ssp126
-61.583333333333336,-9.249999999999996,0.2244456730020935,ssp126
-61.41666666666667,-9.249999999999996,0.2172898701074405,ssp126
-61.25,-9.249999999999996,0.20460493093796164,ssp126
-61.083333333333336,-9.249999999999996,0.16083738977162063,ssp126
-60.91666666666667,-9.249999999999996,0.17856003017539854,ssp126
-60.75,-9.249999999999996,0.1652163369597396,ssp126
-60.583333333333336,-9.249999999999996,0.15833825269483418,ssp126
-60.41666666666667,-9.249999999999996,0.15850975360814457,ssp126
-60.25,-9.249999999999996,0.17747388691508506,ssp126
-60.083333333333336,-9.249999999999996,0.15511157031006625,ssp126
-59.91666666666667,-9.249999999999996,0.12840707878952176,ssp126
-59.75,-9.249999999999996,0.11723368340472469,ssp126
-59.583333333333336,-9.249999999999996,0.10917134214818415,ssp126
-59.41666666666667,-9.249999999999996,0.1131940973657763,ssp126
-59.25,-9.249999999999996,0.10933552349824305,ssp126
-59.083333333333336,-9.249999999999996,0.0972596370938708,ssp126
-58.91666666666667,-9.249999999999996,0.08942419613914426,ssp126
-58.75,-9.249999999999996,0.07207491287902328,ssp126
-58.583333333333336,-9.249999999999996,0.06852033624869036,ssp126
-58.41666666666667,-9.249999999999996,0.05101326457122638,ssp126
-58.25,-9.249999999999996,0.027033576792179034,ssp126
-58.083333333333336,-9.249999999999996,0.030581728771238426,ssp126
-57.91666666666667,-9.249999999999996,0.03274121303522197,ssp126
-57.75,-9.249999999999996,0.022920278372216756,ssp126
-57.583333333333336,-9.249999999999996,0.0195287829813151,ssp126
-57.41666666666667,-9.249999999999996,0.02354386497069278,ssp126
-57.25,-9.249999999999996,0.024217077803980275,ssp126
-57.083333333333336,-9.249999999999996,0.04696090387490203,ssp126
-56.91666666666667,-9.249999999999996,0.11287431396021423,ssp126
-56.75,-9.249999999999996,0.12454954518692828,ssp126
-56.583333333333336,-9.249999999999996,0.13861819894145022,ssp126
-56.41666666666667,-9.249999999999996,0.1824198322315565,ssp126
-56.25,-9.249999999999996,0.25248269400304074,ssp126
-56.083333333333336,-9.249999999999996,0.2627775722406305,ssp126
-55.91666666666667,-9.249999999999996,0.2023918926000769,ssp126
-55.75,-9.249999999999996,0.04437165839707168,ssp126
-55.583333333333336,-9.249999999999996,0.03923385144297859,ssp126
-55.41666666666667,-9.249999999999996,0.04607649564193711,ssp126
-55.25,-9.249999999999996,0.04969932967534433,ssp126
-55.083333333333336,-9.249999999999996,0.044248872746428566,ssp126
-54.91666666666667,-9.249999999999996,0.05002138942132511,ssp126
-54.75,-9.249999999999996,0.04963415669998628,ssp126
-54.583333333333336,-9.249999999999996,0.05625549355799971,ssp126
-54.41666666666667,-9.249999999999996,0.026537717686384514,ssp126
-54.25,-9.249999999999996,0.020387411206087516,ssp126
-54.083333333333336,-9.249999999999996,0.021862651796117148,ssp126
-53.91666666666667,-9.249999999999996,0.021463887087548098,ssp126
-53.75,-9.249999999999996,0.02232316278287612,ssp126
-53.583333333333336,-9.249999999999996,0.018179672187749876,ssp126
-53.41666666666667,-9.249999999999996,0.020546504381198063,ssp126
-53.25,-9.249999999999996,0.01727814331495022,ssp126
-53.083333333333336,-9.249999999999996,0.01722544468385297,ssp126
-52.91666666666667,-9.249999999999996,0.014688508195233749,ssp126
-52.75,-9.249999999999996,0.020707473685617393,ssp126
-52.583333333333336,-9.249999999999996,0.023202226968135488,ssp126
-52.41666666666667,-9.249999999999996,0.0223444037414482,ssp126
-52.25,-9.249999999999996,0.030747542644595564,ssp126
-52.083333333333336,-9.249999999999996,0.03082983496546153,ssp126
-51.91666666666667,-9.249999999999996,0.033798846315849985,ssp126
-51.75,-9.249999999999996,0.03664770785057327,ssp126
-51.583333333333336,-9.249999999999996,0.018840314039550034,ssp126
-51.41666666666667,-9.249999999999996,0.02116567761570235,ssp126
-51.25,-9.249999999999996,0.023771252944695707,ssp126
-51.083333333333336,-9.249999999999996,0.029017216084776858,ssp126
-50.91666666666667,-9.249999999999996,0.04255771851400932,ssp126
-50.75,-9.249999999999996,0.04575009010672582,ssp126
-50.583333333333336,-9.249999999999996,0.07331835999653981,ssp126
-50.41666666666667,-9.249999999999996,0.07029511014678441,ssp126
-50.25,-9.249999999999996,0.07094126768882507,ssp126
-72.25,-9.416666666666664,0.031954444812733365,ssp126
-72.08333333333333,-9.416666666666664,0.03261553766947509,ssp126
-71.91666666666667,-9.416666666666664,0.03116956648122474,ssp126
-71.75,-9.416666666666664,0.02642394969082597,ssp126
-71.58333333333333,-9.416666666666664,0.028886320509630203,ssp126
-71.41666666666667,-9.416666666666664,0.03410291098792911,ssp126
-71.25,-9.416666666666664,0.0411430516523268,ssp126
-71.08333333333333,-9.416666666666664,0.0406976822114355,ssp126
-70.91666666666667,-9.416666666666664,0.047881525088324946,ssp126
-70.75,-9.416666666666664,0.036854163074075595,ssp126
-70.58333333333333,-9.416666666666664,0.042484959285986466,ssp126
-70.41666666666667,-9.416666666666664,0.04656823677658804,ssp126
-70.25,-9.416666666666664,0.03837860533881616,ssp126
-70.08333333333333,-9.416666666666664,0.0464683165110755,ssp126
-69.91666666666667,-9.416666666666664,0.029504645270793835,ssp126
-69.75,-9.416666666666664,0.023616796000343963,ssp126
-69.58333333333333,-9.416666666666664,0.023643252489664774,ssp126
-69.41666666666667,-9.416666666666664,0.02503319242126186,ssp126
-69.25,-9.416666666666664,0.06124448621699848,ssp126
-69.08333333333333,-9.416666666666664,0.06614592453807512,ssp126
-68.91666666666667,-9.416666666666664,0.08223263632531608,ssp126
-68.75,-9.416666666666664,0.113296316968779,ssp126
-68.58333333333333,-9.416666666666664,0.10187689225485122,ssp126
-68.41666666666667,-9.416666666666664,0.08860210766440048,ssp126
-68.25,-9.416666666666664,0.10778618321312836,ssp126
-68.08333333333333,-9.416666666666664,0.10419337399767067,ssp126
-67.91666666666667,-9.416666666666664,0.10022753071013206,ssp126
-67.75,-9.416666666666664,0.09789585463965139,ssp126
-67.58333333333333,-9.416666666666664,0.0979786937682938,ssp126
-67.41666666666667,-9.416666666666664,0.1851934181085094,ssp126
-67.25,-9.416666666666664,0.2004948504390017,ssp126
-67.08333333333333,-9.416666666666664,0.17404050697045861,ssp126
-66.91666666666667,-9.416666666666664,0.16687586843930394,ssp126
-66.75,-9.416666666666664,0.1448849283682183,ssp126
-66.58333333333333,-9.416666666666664,0.1655763849154985,ssp126
-66.41666666666667,-9.416666666666664,0.1648061345911199,ssp126
-66.25,-9.416666666666664,0.14477036950577837,ssp126
-66.08333333333333,-9.416666666666664,0.1352487676531259,ssp126
-65.91666666666667,-9.416666666666664,0.11132145308206867,ssp126
-65.75,-9.416666666666664,0.11149572693350825,ssp126
-65.58333333333333,-9.416666666666664,0.10539701961510685,ssp126
-65.41666666666667,-9.416666666666664,0.11845165973805433,ssp126
-65.25,-9.416666666666664,0.120155697462161,ssp126
-65.08333333333333,-9.416666666666664,0.1063826419847189,ssp126
-64.91666666666667,-9.416666666666664,0.11894050870963312,ssp126
-64.75,-9.416666666666664,0.14139070448405544,ssp126
-64.58333333333333,-9.416666666666664,0.15413271486892746,ssp126
-64.41666666666667,-9.416666666666664,0.1635101187380485,ssp126
-64.25,-9.416666666666664,0.16512781099291363,ssp126
-64.08333333333333,-9.416666666666664,0.16005531796539268,ssp126
-63.91666666666667,-9.416666666666664,0.1469521127816733,ssp126
-63.75,-9.416666666666664,0.16460077005516957,ssp126
-63.583333333333336,-9.416666666666664,0.18052382825524768,ssp126
-63.41666666666667,-9.416666666666664,0.17255388841944136,ssp126
-63.25,-9.416666666666664,0.15324387379524418,ssp126
-63.083333333333336,-9.416666666666664,0.1769804689782207,ssp126
-62.91666666666667,-9.416666666666664,0.18093868665635665,ssp126
-62.75,-9.416666666666664,0.15456956305128802,ssp126
-62.583333333333336,-9.416666666666664,0.1292906608645969,ssp126
-62.41666666666667,-9.416666666666664,0.13621157906850345,ssp126
-62.25,-9.416666666666664,0.22509785895454848,ssp126
-62.083333333333336,-9.416666666666664,0.2165450100949732,ssp126
-61.91666666666667,-9.416666666666664,0.18824396333980362,ssp126
-61.75,-9.416666666666664,0.22251790341336503,ssp126
-61.583333333333336,-9.416666666666664,0.20691852742282524,ssp126
-61.41666666666667,-9.416666666666664,0.1812043370777086,ssp126
-61.25,-9.416666666666664,0.21519514038288642,ssp126
-61.083333333333336,-9.416666666666664,0.20605216176411537,ssp126
-60.91666666666667,-9.416666666666664,0.17948485167059258,ssp126
-60.75,-9.416666666666664,0.175542955175493,ssp126
-60.583333333333336,-9.416666666666664,0.1652667167945631,ssp126
-60.41666666666667,-9.416666666666664,0.15182162357839848,ssp126
-60.25,-9.416666666666664,0.18633247630315805,ssp126
-60.083333333333336,-9.416666666666664,0.1749961375340409,ssp126
-59.91666666666667,-9.416666666666664,0.1519767133090973,ssp126
-59.75,-9.416666666666664,0.11664787087126942,ssp126
-59.583333333333336,-9.416666666666664,0.11201776432261923,ssp126
-59.41666666666667,-9.416666666666664,0.10467307923275984,ssp126
-59.25,-9.416666666666664,0.13797035803284016,ssp126
-59.083333333333336,-9.416666666666664,0.13780277418811332,ssp126
-58.91666666666667,-9.416666666666664,0.08607761400695932,ssp126
-58.75,-9.416666666666664,0.052148716438543186,ssp126
-58.583333333333336,-9.416666666666664,0.05465148710051373,ssp126
-58.41666666666667,-9.416666666666664,0.05615902773689531,ssp126
-58.25,-9.416666666666664,0.02845116599077275,ssp126
-58.083333333333336,-9.416666666666664,0.030422736910408105,ssp126
-57.91666666666667,-9.416666666666664,0.03174401264855552,ssp126
-57.75,-9.416666666666664,0.028176325416951187,ssp126
-57.583333333333336,-9.416666666666664,0.02202477567899158,ssp126
-57.41666666666667,-9.416666666666664,0.029754035403017087,ssp126
-57.25,-9.416666666666664,0.04415197450134041,ssp126
-57.083333333333336,-9.416666666666664,0.04825023137023936,ssp126
-56.91666666666667,-9.416666666666664,0.04146206902618074,ssp126
-56.75,-9.416666666666664,0.09417198135474586,ssp126
-56.583333333333336,-9.416666666666664,0.14807345242411932,ssp126
-56.41666666666667,-9.416666666666664,0.18370235833173548,ssp126
-56.25,-9.416666666666664,0.09797924136235685,ssp126
-56.083333333333336,-9.416666666666664,0.13861043419313446,ssp126
-55.91666666666667,-9.416666666666664,0.23377777237481281,ssp126
-55.75,-9.416666666666664,0.11836747755936627,ssp126
-55.583333333333336,-9.416666666666664,0.040285340363411665,ssp126
-55.41666666666667,-9.416666666666664,0.04752734507270877,ssp126
-55.25,-9.416666666666664,0.046776202751307575,ssp126
-55.083333333333336,-9.416666666666664,0.06080114181874239,ssp126
-54.91666666666667,-9.416666666666664,0.06046697503998362,ssp126
-54.75,-9.416666666666664,0.050378168976225594,ssp126
-54.583333333333336,-9.416666666666664,0.054122745431795634,ssp126
-54.41666666666667,-9.416666666666664,0.02622811295568913,ssp126
-54.25,-9.416666666666664,0.022796635949025496,ssp126
-54.083333333333336,-9.416666666666664,0.019930387652008153,ssp126
-53.91666666666667,-9.416666666666664,0.019117601162089444,ssp126
-53.75,-9.416666666666664,0.03098765278019172,ssp126
-53.583333333333336,-9.416666666666664,0.01921041194311022,ssp126
-53.41666666666667,-9.416666666666664,0.025141686345655653,ssp126
-53.25,-9.416666666666664,0.01854630972003435,ssp126
-53.083333333333336,-9.416666666666664,0.022705098782576497,ssp126
-52.91666666666667,-9.416666666666664,0.012984316653649429,ssp126
-52.75,-9.416666666666664,0.030269297810725956,ssp126
-52.583333333333336,-9.416666666666664,0.034650747322897434,ssp126
-52.41666666666667,-9.416666666666664,0.02959185753878736,ssp126
-52.25,-9.416666666666664,0.03179282573634238,ssp126
-52.083333333333336,-9.416666666666664,0.038250930281445314,ssp126
-51.91666666666667,-9.416666666666664,0.03706092301632635,ssp126
-51.75,-9.416666666666664,0.034623798955943925,ssp126
-51.583333333333336,-9.416666666666664,0.018708163006215996,ssp126
-51.41666666666667,-9.416666666666664,0.01155238693825593,ssp126
-51.25,-9.416666666666664,0.01969021432517967,ssp126
-51.083333333333336,-9.416666666666664,0.03310270013069262,ssp126
-50.91666666666667,-9.416666666666664,0.057854535416498556,ssp126
-50.75,-9.416666666666664,0.06418909897292435,ssp126
-50.583333333333336,-9.416666666666664,0.06751657676987162,ssp126
-50.41666666666667,-9.416666666666664,0.06505095523330119,ssp126
-50.25,-9.416666666666664,0.07417724121532547,ssp126
-72.08333333333333,-9.58333333333333,0.042438248940363084,ssp126
-71.91666666666667,-9.58333333333333,0.022982500573965357,ssp126
-71.75,-9.58333333333333,0.02486816445446472,ssp126
-71.58333333333333,-9.58333333333333,0.03086062560705556,ssp126
-71.41666666666667,-9.58333333333333,0.036024805713929076,ssp126
-71.25,-9.58333333333333,0.037077216335460766,ssp126
-71.08333333333333,-9.58333333333333,0.05214500135890787,ssp126
-70.41666666666667,-9.58333333333333,0.043257386454435436,ssp126
-70.25,-9.58333333333333,0.046164674922509114,ssp126
-70.08333333333333,-9.58333333333333,0.04813016680828272,ssp126
-69.91666666666667,-9.58333333333333,0.04540596279317021,ssp126
-69.75,-9.58333333333333,0.0528895141398996,ssp126
-69.58333333333333,-9.58333333333333,0.02976495523969935,ssp126
-69.41666666666667,-9.58333333333333,0.05462485172158758,ssp126
-69.25,-9.58333333333333,0.055469016735805086,ssp126
-69.08333333333333,-9.58333333333333,0.07025843982299072,ssp126
-68.91666666666667,-9.58333333333333,0.07734825150263024,ssp126
-68.75,-9.58333333333333,0.11388881335723514,ssp126
-68.58333333333333,-9.58333333333333,0.10394411298225949,ssp126
-68.41666666666667,-9.58333333333333,0.10624307703265076,ssp126
-68.25,-9.58333333333333,0.10055669887481555,ssp126
-68.08333333333333,-9.58333333333333,0.09549952959392816,ssp126
-67.91666666666667,-9.58333333333333,0.09872503574962102,ssp126
-67.75,-9.58333333333333,0.1045112534359526,ssp126
-67.58333333333333,-9.58333333333333,0.17004332430769192,ssp126
-67.41666666666667,-9.58333333333333,0.18813015602237276,ssp126
-67.25,-9.58333333333333,0.15140085597451072,ssp126
-67.08333333333333,-9.58333333333333,0.16956006570988327,ssp126
-66.91666666666667,-9.58333333333333,0.13860204334514814,ssp126
-66.75,-9.58333333333333,0.15547975436048395,ssp126
-66.58333333333333,-9.58333333333333,0.15678745931772428,ssp126
-66.41666666666667,-9.58333333333333,0.12826121906648902,ssp126
-66.25,-9.58333333333333,0.1402434521690713,ssp126
-66.08333333333333,-9.58333333333333,0.13516051854671257,ssp126
-65.91666666666667,-9.58333333333333,0.14566062688425488,ssp126
-65.75,-9.58333333333333,0.11939033264662839,ssp126
-65.58333333333333,-9.58333333333333,0.10601805208657572,ssp126
-65.41666666666667,-9.58333333333333,0.11175393682641975,ssp126
-65.25,-9.58333333333333,0.11012570926726946,ssp126
-65.08333333333333,-9.58333333333333,0.10600273395530502,ssp126
-64.91666666666667,-9.58333333333333,0.09935428190392218,ssp126
-64.75,-9.58333333333333,0.12326272477439869,ssp126
-64.58333333333333,-9.58333333333333,0.12313580120558634,ssp126
-64.41666666666667,-9.58333333333333,0.1368310215330217,ssp126
-64.25,-9.58333333333333,0.15286727164720842,ssp126
-64.08333333333333,-9.58333333333333,0.15767895606102972,ssp126
-63.91666666666667,-9.58333333333333,0.11814677871676506,ssp126
-63.75,-9.58333333333333,0.14916077114953752,ssp126
-63.583333333333336,-9.58333333333333,0.13886101965882733,ssp126
-63.41666666666667,-9.58333333333333,0.16323293717097198,ssp126
-63.25,-9.58333333333333,0.13741428048507043,ssp126
-63.083333333333336,-9.58333333333333,0.1586341507438609,ssp126
-62.91666666666667,-9.58333333333333,0.1467997946471479,ssp126
-62.75,-9.58333333333333,0.13994409076770678,ssp126
-62.583333333333336,-9.58333333333333,0.28693422879100233,ssp126
-62.41666666666667,-9.58333333333333,0.22794901261877787,ssp126
-62.25,-9.58333333333333,0.23039542054877146,ssp126
-62.083333333333336,-9.58333333333333,0.18842030227283646,ssp126
-61.91666666666667,-9.58333333333333,0.18406022806423505,ssp126
-61.75,-9.58333333333333,0.23341725332339172,ssp126
-61.583333333333336,-9.58333333333333,0.22003623008956327,ssp126
-61.41666666666667,-9.58333333333333,0.1900271456031267,ssp126
-61.25,-9.58333333333333,0.22770621677014619,ssp126
-61.083333333333336,-9.58333333333333,0.22775190515874805,ssp126
-60.91666666666667,-9.58333333333333,0.19081627816165767,ssp126
-60.75,-9.58333333333333,0.18145438520992618,ssp126
-60.583333333333336,-9.58333333333333,0.20142125006987144,ssp126
-60.41666666666667,-9.58333333333333,0.19828679756858245,ssp126
-60.25,-9.58333333333333,0.18942887301787906,ssp126
-60.083333333333336,-9.58333333333333,0.1649213788970997,ssp126
-59.91666666666667,-9.58333333333333,0.13313358311449972,ssp126
-59.75,-9.58333333333333,0.12078453785148803,ssp126
-59.583333333333336,-9.58333333333333,0.1167064299526599,ssp126
-59.41666666666667,-9.58333333333333,0.12019399216771513,ssp126
-59.25,-9.58333333333333,0.12495457166330555,ssp126
-59.083333333333336,-9.58333333333333,0.0961966887352215,ssp126
-58.91666666666667,-9.58333333333333,0.07069927422651662,ssp126
-58.75,-9.58333333333333,0.048475727559249254,ssp126
-58.583333333333336,-9.58333333333333,0.0524464005413576,ssp126
-58.41666666666667,-9.58333333333333,0.049355607730273345,ssp126
-58.25,-9.58333333333333,0.06174191848652598,ssp126
-58.083333333333336,-9.58333333333333,0.04977527453702585,ssp126
-57.91666666666667,-9.58333333333333,0.02802093920160382,ssp126
-57.75,-9.58333333333333,0.030266304715832908,ssp126
-57.583333333333336,-9.58333333333333,0.02543719573541157,ssp126
-57.41666666666667,-9.58333333333333,0.0627146734007589,ssp126
-57.25,-9.58333333333333,0.08667604191287369,ssp126
-57.083333333333336,-9.58333333333333,0.06313562437450729,ssp126
-56.91666666666667,-9.58333333333333,0.056934400855373636,ssp126
-56.75,-9.58333333333333,0.04358312679381054,ssp126
-56.583333333333336,-9.58333333333333,0.16256691467778153,ssp126
-56.41666666666667,-9.58333333333333,0.28911532849099997,ssp126
-56.25,-9.58333333333333,0.2822123880097063,ssp126
-56.083333333333336,-9.58333333333333,0.22975743799961465,ssp126
-55.91666666666667,-9.58333333333333,0.19379031690348836,ssp126
-55.75,-9.58333333333333,0.09469016700150718,ssp126
-55.583333333333336,-9.58333333333333,0.10601082266326872,ssp126
-55.41666666666667,-9.58333333333333,0.07630752263085964,ssp126
-55.25,-9.58333333333333,0.08486949317062142,ssp126
-55.083333333333336,-9.58333333333333,0.08642764813507232,ssp126
-54.91666666666667,-9.58333333333333,0.09439648742569906,ssp126
-54.75,-9.58333333333333,0.06348445035298461,ssp126
-54.583333333333336,-9.58333333333333,0.042218198771999886,ssp126
-54.41666666666667,-9.58333333333333,0.08543210116339332,ssp126
-54.25,-9.58333333333333,0.022622786016083606,ssp126
-54.083333333333336,-9.58333333333333,0.019241623761509546,ssp126
-53.91666666666667,-9.58333333333333,0.019955774527301583,ssp126
-53.75,-9.58333333333333,0.018742290470422612,ssp126
-53.583333333333336,-9.58333333333333,0.02150342930713716,ssp126
-53.41666666666667,-9.58333333333333,0.019402710623942603,ssp126
-53.25,-9.58333333333333,0.017192939225384653,ssp126
-53.083333333333336,-9.58333333333333,0.028451548608337734,ssp126
-52.91666666666667,-9.58333333333333,0.030457263292941007,ssp126
-52.75,-9.58333333333333,0.03228915593239819,ssp126
-52.583333333333336,-9.58333333333333,0.03617939196530063,ssp126
-52.41666666666667,-9.58333333333333,0.03360563401717178,ssp126
-52.25,-9.58333333333333,0.040215651981320835,ssp126
-52.083333333333336,-9.58333333333333,0.037771521855342875,ssp126
-51.91666666666667,-9.58333333333333,0.027857524451696314,ssp126
-51.75,-9.58333333333333,0.033831063837376364,ssp126
-51.583333333333336,-9.58333333333333,0.03423524827745041,ssp126
-51.41666666666667,-9.58333333333333,0.014599465039762416,ssp126
-51.25,-9.58333333333333,0.023215371679825725,ssp126
-51.083333333333336,-9.58333333333333,0.06065917664202083,ssp126
-50.91666666666667,-9.58333333333333,0.05716282327960406,ssp126
-50.75,-9.58333333333333,0.06052685598428943,ssp126
-50.583333333333336,-9.58333333333333,0.04416165566714068,ssp126
-50.41666666666667,-9.58333333333333,0.04846894542366048,ssp126
-50.25,-9.58333333333333,0.062226097351776664,ssp126
-72.08333333333333,-9.749999999999996,0.02233646558458779,ssp126
-71.91666666666667,-9.749999999999996,0.02517312489009874,ssp126
-71.75,-9.749999999999996,0.029385995635520665,ssp126
-71.58333333333333,-9.749999999999996,0.029370334082671635,ssp126
-71.41666666666667,-9.749999999999996,0.03526355772406398,ssp126
-71.25,-9.749999999999996,0.03784535310535385,ssp126
-70.41666666666667,-9.749999999999996,0.03922957968052483,ssp126
-70.25,-9.749999999999996,0.0432376513883488,ssp126
-70.08333333333333,-9.749999999999996,0.047142348779576085,ssp126
-69.91666666666667,-9.749999999999996,0.06154568029374363,ssp126
-69.75,-9.749999999999996,0.04986015158315862,ssp126
-69.58333333333333,-9.749999999999996,0.04687358636397278,ssp126
-69.41666666666667,-9.749999999999996,0.05772370750380424,ssp126
-69.25,-9.749999999999996,0.06711934338890896,ssp126
-69.08333333333333,-9.749999999999996,0.07297823528038072,ssp126
-68.91666666666667,-9.749999999999996,0.09722119436692286,ssp126
-68.75,-9.749999999999996,0.1001263270825074,ssp126
-68.58333333333333,-9.749999999999996,0.07253722924937658,ssp126
-68.41666666666667,-9.749999999999996,0.09420231611281647,ssp126
-68.25,-9.749999999999996,0.0988104964935678,ssp126
-68.08333333333333,-9.749999999999996,0.10218654459223615,ssp126
-67.91666666666667,-9.749999999999996,0.09968871272090474,ssp126
-67.75,-9.749999999999996,0.09705846713781688,ssp126
-67.58333333333333,-9.749999999999996,0.11098140856935419,ssp126
-67.41666666666667,-9.749999999999996,0.14571483467394852,ssp126
-67.25,-9.749999999999996,0.1246020986960686,ssp126
-67.08333333333333,-9.749999999999996,0.13196410748910095,ssp126
-66.91666666666667,-9.749999999999996,0.11992291623304585,ssp126
-66.75,-9.749999999999996,0.13468581237427862,ssp126
-66.58333333333333,-9.749999999999996,0.12954862510702791,ssp126
-66.41666666666667,-9.749999999999996,0.11283506684810271,ssp126
-65.08333333333333,-9.749999999999996,0.1124815236927917,ssp126
-64.91666666666667,-9.749999999999996,0.11832446916077233,ssp126
-64.75,-9.749999999999996,0.12175664838181276,ssp126
-64.58333333333333,-9.749999999999996,0.10196813787917426,ssp126
-64.41666666666667,-9.749999999999996,0.1126729977684677,ssp126
-64.25,-9.749999999999996,0.1504699986847246,ssp126
-64.08333333333333,-9.749999999999996,0.14904025719502267,ssp126
-63.91666666666667,-9.749999999999996,0.16144099232430492,ssp126
-63.75,-9.749999999999996,0.12914687574760203,ssp126
-63.583333333333336,-9.749999999999996,0.1309217668314801,ssp126
-63.41666666666667,-9.749999999999996,0.12844776952213274,ssp126
-63.25,-9.749999999999996,0.1217036119852603,ssp126
-63.083333333333336,-9.749999999999996,0.14348444817664402,ssp126
-62.91666666666667,-9.749999999999996,0.1270490561390778,ssp126
-62.75,-9.749999999999996,0.2532159792144414,ssp126
-62.583333333333336,-9.749999999999996,0.2389034010035914,ssp126
-62.41666666666667,-9.749999999999996,0.22095767611046904,ssp126
-62.25,-9.749999999999996,0.18852269258805185,ssp126
-62.083333333333336,-9.749999999999996,0.20942106843777195,ssp126
-61.91666666666667,-9.749999999999996,0.19945826461751537,ssp126
-61.75,-9.749999999999996,0.23258878443628356,ssp126
-61.583333333333336,-9.749999999999996,0.23503374556421672,ssp126
-61.41666666666667,-9.749999999999996,0.2020296638845628,ssp126
-61.25,-9.749999999999996,0.23142905443133918,ssp126
-61.083333333333336,-9.749999999999996,0.22304500725325657,ssp126
-60.91666666666667,-9.749999999999996,0.21172207341573276,ssp126
-60.75,-9.749999999999996,0.19538917132337386,ssp126
-60.583333333333336,-9.749999999999996,0.20776254707276443,ssp126
-60.41666666666667,-9.749999999999996,0.20564977653176553,ssp126
-60.25,-9.749999999999996,0.15676122014286462,ssp126
-60.083333333333336,-9.749999999999996,0.1727285979727631,ssp126
-59.91666666666667,-9.749999999999996,0.14987780437651882,ssp126
-59.75,-9.749999999999996,0.12456897179737383,ssp126
-59.583333333333336,-9.749999999999996,0.12053417797328247,ssp126
-59.41666666666667,-9.749999999999996,0.13318489992902596,ssp126
-59.25,-9.749999999999996,0.12637472347317458,ssp126
-59.083333333333336,-9.749999999999996,0.13135786454136397,ssp126
-58.91666666666667,-9.749999999999996,0.10673210789276957,ssp126
-58.75,-9.749999999999996,0.07243793364723493,ssp126
-58.583333333333336,-9.749999999999996,0.06481361790668999,ssp126
-58.41666666666667,-9.749999999999996,0.05014187183158585,ssp126
-58.25,-9.749999999999996,0.051586904555269354,ssp126
-58.083333333333336,-9.749999999999996,0.049039762096112174,ssp126
-57.91666666666667,-9.749999999999996,0.05235890122413627,ssp126
-57.75,-9.749999999999996,0.031255253917589675,ssp126
-57.583333333333336,-9.749999999999996,0.026315171534413748,ssp126
-57.41666666666667,-9.749999999999996,0.034419469702946466,ssp126
-57.25,-9.749999999999996,0.050658315932322645,ssp126
-57.083333333333336,-9.749999999999996,0.08653335413392843,ssp126
-56.91666666666667,-9.749999999999996,0.05780040606417203,ssp126
-56.75,-9.749999999999996,0.08373690447622853,ssp126
-56.583333333333336,-9.749999999999996,0.17923011967415595,ssp126
-56.41666666666667,-9.749999999999996,0.258243646136348,ssp126
-56.25,-9.749999999999996,0.2989629078382655,ssp126
-56.083333333333336,-9.749999999999996,0.32535805528240347,ssp126
-55.91666666666667,-9.749999999999996,0.3111083620945121,ssp126
-55.75,-9.749999999999996,0.33098965099506655,ssp126
-55.583333333333336,-9.749999999999996,0.28367223594609947,ssp126
-55.41666666666667,-9.749999999999996,0.20631423896113665,ssp126
-55.25,-9.749999999999996,0.20059615047806448,ssp126
-55.083333333333336,-9.749999999999996,0.11526796555577401,ssp126
-54.91666666666667,-9.749999999999996,0.1968814328367905,ssp126
-54.75,-9.749999999999996,0.11603952618571446,ssp126
-54.583333333333336,-9.749999999999996,0.0626310509716029,ssp126
-54.41666666666667,-9.749999999999996,0.10930306211503053,ssp126
-54.25,-9.749999999999996,0.038836410837677374,ssp126
-54.083333333333336,-9.749999999999996,0.024861390364855077,ssp126
-53.91666666666667,-9.749999999999996,0.024695155965780397,ssp126
-53.75,-9.749999999999996,0.03929355955047857,ssp126
-53.583333333333336,-9.749999999999996,0.04139419436422185,ssp126
-53.41666666666667,-9.749999999999996,0.02357609475229405,ssp126
-53.25,-9.749999999999996,0.02613010476540586,ssp126
-53.083333333333336,-9.749999999999996,0.03098301411810725,ssp126
-52.91666666666667,-9.749999999999996,0.026295800043926093,ssp126
-52.75,-9.749999999999996,0.0309180136025519,ssp126
-52.583333333333336,-9.749999999999996,0.03323072427506766,ssp126
-52.41666666666667,-9.749999999999996,0.03940699837100971,ssp126
-52.25,-9.749999999999996,0.049807295338815706,ssp126
-52.083333333333336,-9.749999999999996,0.04215063342031082,ssp126
-51.91666666666667,-9.749999999999996,0.038759980378605854,ssp126
-51.75,-9.749999999999996,0.026523825593676015,ssp126
-51.583333333333336,-9.749999999999996,0.02518910979733263,ssp126
-51.41666666666667,-9.749999999999996,0.02171722502195548,ssp126
-51.25,-9.749999999999996,0.049067166067897655,ssp126
-51.083333333333336,-9.749999999999996,0.0419309807997071,ssp126
-50.91666666666667,-9.749999999999996,0.040125229809454474,ssp126
-50.75,-9.749999999999996,0.050123215812456955,ssp126
-50.583333333333336,-9.749999999999996,0.056472449500987065,ssp126
-70.41666666666667,-9.916666666666664,0.03909429758376771,ssp126
-70.25,-9.916666666666664,0.04101779971294261,ssp126
-70.08333333333333,-9.916666666666664,0.045841894903009286,ssp126
-69.91666666666667,-9.916666666666664,0.04466538628184027,ssp126
-69.75,-9.916666666666664,0.04512286939784204,ssp126
-69.58333333333333,-9.916666666666664,0.05615949771970993,ssp126
-69.41666666666667,-9.916666666666664,0.06223005959530259,ssp126
-69.25,-9.916666666666664,0.06397672885168161,ssp126
-69.08333333333333,-9.916666666666664,0.08392713906400892,ssp126
-68.91666666666667,-9.916666666666664,0.0944727098210777,ssp126
-68.75,-9.916666666666664,0.07062469299523498,ssp126
-68.58333333333333,-9.916666666666664,0.09414084586056284,ssp126
-68.41666666666667,-9.916666666666664,0.10096810695363312,ssp126
-68.25,-9.916666666666664,0.09916977600573919,ssp126
-68.08333333333333,-9.916666666666664,0.10293709862440976,ssp126
-67.91666666666667,-9.916666666666664,0.12339837857448725,ssp126
-67.75,-9.916666666666664,0.16067342521842756,ssp126
-67.58333333333333,-9.916666666666664,0.11257314957704352,ssp126
-67.41666666666667,-9.916666666666664,0.1415689104663384,ssp126
-67.25,-9.916666666666664,0.11634707983172612,ssp126
-67.08333333333333,-9.916666666666664,0.11875848468258972,ssp126
-66.91666666666667,-9.916666666666664,0.12204450062147827,ssp126
-65.08333333333333,-9.916666666666664,0.11056427439821365,ssp126
-64.91666666666667,-9.916666666666664,0.11985647948455197,ssp126
-64.75,-9.916666666666664,0.11395065988723328,ssp126
-64.58333333333333,-9.916666666666664,0.09240222220613688,ssp126
-64.41666666666667,-9.916666666666664,0.11722728025203005,ssp126
-64.25,-9.916666666666664,0.13510561980969077,ssp126
-64.08333333333333,-9.916666666666664,0.14644405626014573,ssp126
-63.91666666666667,-9.916666666666664,0.10530602914440515,ssp126
-63.75,-9.916666666666664,0.12283391465237918,ssp126
-63.583333333333336,-9.916666666666664,0.16529434868359744,ssp126
-63.41666666666667,-9.916666666666664,0.11939446722897858,ssp126
-63.25,-9.916666666666664,0.12584290186072225,ssp126
-63.083333333333336,-9.916666666666664,0.16740301099992774,ssp126
-62.91666666666667,-9.916666666666664,0.21956440253443552,ssp126
-62.75,-9.916666666666664,0.24408110799909918,ssp126
-62.583333333333336,-9.916666666666664,0.23883709330380085,ssp126
-62.41666666666667,-9.916666666666664,0.21128099627996966,ssp126
-62.25,-9.916666666666664,0.20541686790445038,ssp126
-62.083333333333336,-9.916666666666664,0.1994184939352368,ssp126
-61.91666666666667,-9.916666666666664,0.22026831031275054,ssp126
-61.75,-9.916666666666664,0.2582905182972969,ssp126
-61.583333333333336,-9.916666666666664,0.25062501296821993,ssp126
-61.41666666666667,-9.916666666666664,0.21532652613818606,ssp126
-61.25,-9.916666666666664,0.25117942439756263,ssp126
-61.083333333333336,-9.916666666666664,0.2030713036649685,ssp126
-60.91666666666667,-9.916666666666664,0.21044142785685577,ssp126
-60.75,-9.916666666666664,0.173440447051862,ssp126
-60.583333333333336,-9.916666666666664,0.19969211584374694,ssp126
-60.41666666666667,-9.916666666666664,0.2047000105180733,ssp126
-60.25,-9.916666666666664,0.15185477987044038,ssp126
-60.083333333333336,-9.916666666666664,0.18627398529329725,ssp126
-59.91666666666667,-9.916666666666664,0.14928530787819497,ssp126
-59.75,-9.916666666666664,0.12709227961988992,ssp126
-59.583333333333336,-9.916666666666664,0.1325923538808033,ssp126
-59.41666666666667,-9.916666666666664,0.115141800183198,ssp126
-59.25,-9.916666666666664,0.13597089952211408,ssp126
-59.083333333333336,-9.916666666666664,0.12165197298193857,ssp126
-58.91666666666667,-9.916666666666664,0.1238669417762736,ssp126
-58.75,-9.916666666666664,0.09965408368439803,ssp126
-58.583333333333336,-9.916666666666664,0.06708643932507655,ssp126
-58.41666666666667,-9.916666666666664,0.04974540828833531,ssp126
-58.25,-9.916666666666664,0.05585527712693187,ssp126
-58.083333333333336,-9.916666666666664,0.0671793815217875,ssp126
-57.91666666666667,-9.916666666666664,0.060767490708943855,ssp126
-57.75,-9.916666666666664,0.06358427264478592,ssp126
-57.583333333333336,-9.916666666666664,0.03359056761401673,ssp126
-57.41666666666667,-9.916666666666664,0.04082330438976429,ssp126
-57.25,-9.916666666666664,0.03323226862603796,ssp126
-57.083333333333336,-9.916666666666664,0.040647406490468295,ssp126
-56.91666666666667,-9.916666666666664,0.0888981408626416,ssp126
-56.75,-9.916666666666664,0.14249671005312853,ssp126
-56.583333333333336,-9.916666666666664,0.1801132598948678,ssp126
-56.41666666666667,-9.916666666666664,0.19043071440470943,ssp126
-56.25,-9.916666666666664,0.25247141482738883,ssp126
-56.083333333333336,-9.916666666666664,0.2888736243134553,ssp126
-55.91666666666667,-9.916666666666664,0.3152718163878271,ssp126
-55.75,-9.916666666666664,0.3112067773462462,ssp126
-55.583333333333336,-9.916666666666664,0.2547757650208336,ssp126
-55.41666666666667,-9.916666666666664,0.23587690497790645,ssp126
-55.25,-9.916666666666664,0.29645815552669447,ssp126
-55.083333333333336,-9.916666666666664,0.3302276425646621,ssp126
-54.91666666666667,-9.916666666666664,0.2625580544934282,ssp126
-54.75,-9.916666666666664,0.10623240181284287,ssp126
-54.583333333333336,-9.916666666666664,0.09193147552067195,ssp126
-54.41666666666667,-9.916666666666664,0.05927807611425656,ssp126
-54.25,-9.916666666666664,0.045385033553950085,ssp126
-54.083333333333336,-9.916666666666664,0.02636290437052925,ssp126
-53.91666666666667,-9.916666666666664,0.023108606341128615,ssp126
-53.75,-9.916666666666664,0.09037326064401188,ssp126
-53.583333333333336,-9.916666666666664,0.08596423994567372,ssp126
-53.41666666666667,-9.916666666666664,0.0696673781516675,ssp126
-53.25,-9.916666666666664,0.07242365290549853,ssp126
-53.083333333333336,-9.916666666666664,0.032696181578367726,ssp126
-52.91666666666667,-9.916666666666664,0.03646085893635726,ssp126
-52.75,-9.916666666666664,0.03834855810997697,ssp126
-52.583333333333336,-9.916666666666664,0.03456919936097002,ssp126
-52.41666666666667,-9.916666666666664,0.038887055422991125,ssp126
-52.25,-9.916666666666664,0.05107877552875631,ssp126
-52.083333333333336,-9.916666666666664,0.033033099090439604,ssp126
-51.91666666666667,-9.916666666666664,0.029473971385578362,ssp126
-51.75,-9.916666666666664,0.040953856632927624,ssp126
-51.583333333333336,-9.916666666666664,0.031542114306500495,ssp126
-51.41666666666667,-9.916666666666664,0.025705069367263588,ssp126
-51.25,-9.916666666666664,0.04666867939922337,ssp126
-51.083333333333336,-9.916666666666664,0.03940817494108651,ssp126
-50.91666666666667,-9.916666666666664,0.049475340057289666,ssp126
-50.75,-9.916666666666664,0.050433240049591856,ssp126
-50.583333333333336,-9.916666666666664,0.05516913748832732,ssp126
-70.41666666666667,-10.08333333333333,0.0396839589637754,ssp126
-70.25,-10.08333333333333,0.041686712855637194,ssp126
-70.08333333333333,-10.08333333333333,0.041931789895328815,ssp126
-69.91666666666667,-10.08333333333333,0.04110753323747532,ssp126
-69.75,-10.08333333333333,0.05080335592883171,ssp126
-69.58333333333333,-10.08333333333333,0.05420167489116949,ssp126
-69.41666666666667,-10.08333333333333,0.05493077302267048,ssp126
-69.25,-10.08333333333333,0.06320255756825706,ssp126
-69.08333333333333,-10.08333333333333,0.09199630363478527,ssp126
-68.91666666666667,-10.08333333333333,0.06745199877371796,ssp126
-68.75,-10.08333333333333,0.08297929074968537,ssp126
-68.58333333333333,-10.08333333333333,0.09584977130329968,ssp126
-68.41666666666667,-10.08333333333333,0.1027122902316673,ssp126
-68.25,-10.08333333333333,0.10398523919940734,ssp126
-68.08333333333333,-10.08333333333333,0.11060049705563939,ssp126
-67.91666666666667,-10.08333333333333,0.1301959234638624,ssp126
-67.75,-10.08333333333333,0.1331643105892868,ssp126
-67.58333333333333,-10.08333333333333,0.12775453650069957,ssp126
-67.41666666666667,-10.08333333333333,0.09945341268778872,ssp126
-67.25,-10.08333333333333,0.1133304135199863,ssp126
-67.08333333333333,-10.08333333333333,0.1160845836913662,ssp126
-65.08333333333333,-10.08333333333333,0.09880126347606925,ssp126
-64.91666666666667,-10.08333333333333,0.11333650698169956,ssp126
-64.75,-10.08333333333333,0.11108349875646138,ssp126
-64.58333333333333,-10.08333333333333,0.0911042744550781,ssp126
-64.41666666666667,-10.08333333333333,0.10515035053830088,ssp126
-64.25,-10.08333333333333,0.12233538393802885,ssp126
-64.08333333333333,-10.08333333333333,0.13454368879142026,ssp126
-63.91666666666667,-10.08333333333333,0.0998539518048539,ssp126
-63.75,-10.08333333333333,0.11703300548886804,ssp126
-63.583333333333336,-10.08333333333333,0.13871996402337478,ssp126
-63.41666666666667,-10.08333333333333,0.10098187848187057,ssp126
-63.25,-10.08333333333333,0.19425593050400647,ssp126
-63.083333333333336,-10.08333333333333,0.15726211761355555,ssp126
-62.91666666666667,-10.08333333333333,0.19114703295231678,ssp126
-62.75,-10.08333333333333,0.21066321431620771,ssp126
-62.583333333333336,-10.08333333333333,0.1890076776391476,ssp126
-62.41666666666667,-10.08333333333333,0.1826021233974918,ssp126
-62.25,-10.08333333333333,0.202206568605636,ssp126
-62.083333333333336,-10.08333333333333,0.17170033370181512,ssp126
-61.91666666666667,-10.08333333333333,0.25594749346719714,ssp126
-61.75,-10.08333333333333,0.2579670571927619,ssp126
-61.583333333333336,-10.08333333333333,0.22453507947776039,ssp126
-61.41666666666667,-10.08333333333333,0.21040848435487158,ssp126
-61.25,-10.08333333333333,0.2182188151058725,ssp126
-61.083333333333336,-10.08333333333333,0.1925280703334244,ssp126
-60.91666666666667,-10.08333333333333,0.20678625767183986,ssp126
-60.75,-10.08333333333333,0.19492580255741737,ssp126
-60.583333333333336,-10.08333333333333,0.1868795282228053,ssp126
-60.41666666666667,-10.08333333333333,0.21018597477178025,ssp126
-60.25,-10.08333333333333,0.18254530253187437,ssp126
-60.083333333333336,-10.08333333333333,0.1901843090046079,ssp126
-59.91666666666667,-10.08333333333333,0.14726507484141793,ssp126
-59.75,-10.08333333333333,0.13636428700543768,ssp126
-59.583333333333336,-10.08333333333333,0.1260917329133051,ssp126
-59.41666666666667,-10.08333333333333,0.14339606016694878,ssp126
-59.25,-10.08333333333333,0.11980043633509212,ssp126
-59.083333333333336,-10.08333333333333,0.11485563471912913,ssp126
-58.91666666666667,-10.08333333333333,0.14423051948450866,ssp126
-58.75,-10.08333333333333,0.10637153792123592,ssp126
-58.583333333333336,-10.08333333333333,0.08354309096748118,ssp126
-58.41666666666667,-10.08333333333333,0.06906597607141854,ssp126
-58.25,-10.08333333333333,0.07667593995386958,ssp126
-58.083333333333336,-10.08333333333333,0.07137444852941362,ssp126
-57.91666666666667,-10.08333333333333,0.06312848132530559,ssp126
-57.75,-10.08333333333333,0.05353390444972856,ssp126
-57.583333333333336,-10.08333333333333,0.09339479564084766,ssp126
-57.41666666666667,-10.08333333333333,0.04114972563373877,ssp126
-57.25,-10.08333333333333,0.03772716458472659,ssp126
-57.083333333333336,-10.08333333333333,0.04812182835958882,ssp126
-56.91666666666667,-10.08333333333333,0.04763879560717454,ssp126
-56.75,-10.08333333333333,0.07933378979429107,ssp126
-56.583333333333336,-10.08333333333333,0.07937653021344883,ssp126
-56.41666666666667,-10.08333333333333,0.08133348234483388,ssp126
-56.25,-10.08333333333333,0.18628674080598054,ssp126
-56.083333333333336,-10.08333333333333,0.17783732584870668,ssp126
-55.91666666666667,-10.08333333333333,0.20955626014547035,ssp126
-55.75,-10.08333333333333,0.16929443080116838,ssp126
-55.583333333333336,-10.08333333333333,0.15640912817534564,ssp126
-55.41666666666667,-10.08333333333333,0.15287440696662627,ssp126
-55.25,-10.08333333333333,0.19116365826364803,ssp126
-55.083333333333336,-10.08333333333333,0.2733585162207307,ssp126
-54.91666666666667,-10.08333333333333,0.27651106444118345,ssp126
-54.75,-10.08333333333333,0.16237976439245458,ssp126
-54.583333333333336,-10.08333333333333,0.0877431853661226,ssp126
-54.41666666666667,-10.08333333333333,0.0584481116396916,ssp126
-54.25,-10.08333333333333,0.11693853915411018,ssp126
-54.083333333333336,-10.08333333333333,0.08724697689771597,ssp126
-53.91666666666667,-10.08333333333333,0.08200026458792477,ssp126
-53.75,-10.08333333333333,0.06343968009911098,ssp126
-53.583333333333336,-10.08333333333333,0.08870094988482786,ssp126
-53.41666666666667,-10.08333333333333,0.03586432450517232,ssp126
-53.25,-10.08333333333333,0.03870393371068153,ssp126
-53.083333333333336,-10.08333333333333,0.04149474767159635,ssp126
-52.91666666666667,-10.08333333333333,0.046291209268691076,ssp126
-52.75,-10.08333333333333,0.04333558239410835,ssp126
-52.583333333333336,-10.08333333333333,0.034311802166695424,ssp126
-52.41666666666667,-10.08333333333333,0.036523345596930164,ssp126
-52.25,-10.08333333333333,0.04358465426227024,ssp126
-52.083333333333336,-10.08333333333333,0.0396208110863409,ssp126
-51.91666666666667,-10.08333333333333,0.03678245213685442,ssp126
-51.75,-10.08333333333333,0.03883919713930237,ssp126
-51.583333333333336,-10.08333333333333,0.03991794347970527,ssp126
-51.41666666666667,-10.08333333333333,0.0377710637248781,ssp126
-51.25,-10.08333333333333,0.03781159029364259,ssp126
-51.083333333333336,-10.08333333333333,0.04175460731657514,ssp126
-50.91666666666667,-10.08333333333333,0.041135352844326005,ssp126
-50.75,-10.08333333333333,0.046008834262435024,ssp126
-50.583333333333336,-10.08333333333333,0.05621328361796757,ssp126
-70.41666666666667,-10.249999999999996,0.041040352439044525,ssp126
-70.25,-10.249999999999996,0.04042279126641867,ssp126
-70.08333333333333,-10.249999999999996,0.038799462980281786,ssp126
-69.91666666666667,-10.249999999999996,0.043229423785049154,ssp126
-69.75,-10.249999999999996,0.04189523377468329,ssp126
-69.58333333333333,-10.249999999999996,0.04832751121828546,ssp126
-69.41666666666667,-10.249999999999996,0.07629303495938237,ssp126
-69.25,-10.249999999999996,0.0785678075504321,ssp126
-69.08333333333333,-10.249999999999996,0.08211163708364765,ssp126
-68.91666666666667,-10.249999999999996,0.06502749457823123,ssp126
-68.75,-10.249999999999996,0.08050796432470007,ssp126
-68.58333333333333,-10.249999999999996,0.08753601313121122,ssp126
-68.41666666666667,-10.249999999999996,0.09783259017903477,ssp126
-68.25,-10.249999999999996,0.09627440680810921,ssp126
-68.08333333333333,-10.249999999999996,0.09749362927806549,ssp126
-67.91666666666667,-10.249999999999996,0.12139484596685272,ssp126
-67.75,-10.249999999999996,0.12366704938675645,ssp126
-67.58333333333333,-10.249999999999996,0.11872135549951988,ssp126
-67.41666666666667,-10.249999999999996,0.10308372147927373,ssp126
-67.25,-10.249999999999996,0.09238472505711565,ssp126
-65.08333333333333,-10.249999999999996,0.11314276958843729,ssp126
-64.91666666666667,-10.249999999999996,0.1018679709634653,ssp126
-64.75,-10.249999999999996,0.09841712558335643,ssp126
-64.58333333333333,-10.249999999999996,0.09135727137487648,ssp126
-64.41666666666667,-10.249999999999996,0.10050861465829707,ssp126
-64.25,-10.249999999999996,0.13504980656573068,ssp126
-64.08333333333333,-10.249999999999996,0.12597860745500292,ssp126
-63.91666666666667,-10.249999999999996,0.09740186983466516,ssp126
-63.75,-10.249999999999996,0.14527851590746282,ssp126
-63.583333333333336,-10.249999999999996,0.14072287401190675,ssp126
-63.41666666666667,-10.249999999999996,0.08994391340622701,ssp126
-63.25,-10.249999999999996,0.18258735243170596,ssp126
-63.083333333333336,-10.249999999999996,0.2040832444139012,ssp126
-62.91666666666667,-10.249999999999996,0.2024184373790549,ssp126
-62.75,-10.249999999999996,0.18681391895620317,ssp126
-62.583333333333336,-10.249999999999996,0.1508700317167284,ssp126
-62.41666666666667,-10.249999999999996,0.18991211938615737,ssp126
-62.25,-10.249999999999996,0.1443231541642947,ssp126
-62.083333333333336,-10.249999999999996,0.21689595159673775,ssp126
-61.91666666666667,-10.249999999999996,0.23142091391836622,ssp126
-61.75,-10.249999999999996,0.2568686126003886,ssp126
-61.583333333333336,-10.249999999999996,0.18622162556376787,ssp126
-61.41666666666667,-10.249999999999996,0.17312688316601269,ssp126
-61.25,-10.249999999999996,0.18969112228915758,ssp126
-61.083333333333336,-10.249999999999996,0.23709402780000002,ssp126
-60.91666666666667,-10.249999999999996,0.20576736499162251,ssp126
-60.75,-10.249999999999996,0.20028529354855354,ssp126
-60.583333333333336,-10.249999999999996,0.193615750299702,ssp126
-60.41666666666667,-10.249999999999996,0.22191423276676198,ssp126
-60.25,-10.249999999999996,0.20756551546046753,ssp126
-60.083333333333336,-10.249999999999996,0.19007412108259286,ssp126
-59.91666666666667,-10.249999999999996,0.14535792553614477,ssp126
-59.75,-10.249999999999996,0.15795298757177287,ssp126
-59.583333333333336,-10.249999999999996,0.13106026613357644,ssp126
-59.41666666666667,-10.249999999999996,0.119940719319479,ssp126
-59.25,-10.249999999999996,0.09607075358793218,ssp126
-59.083333333333336,-10.249999999999996,0.11750513756657134,ssp126
-58.91666666666667,-10.249999999999996,0.11667083504061095,ssp126
-58.75,-10.249999999999996,0.1343424035577704,ssp126
-58.583333333333336,-10.249999999999996,0.08471389382394895,ssp126
-58.41666666666667,-10.249999999999996,0.07667670382538724,ssp126
-58.25,-10.249999999999996,0.08414492090482323,ssp126
-58.083333333333336,-10.249999999999996,0.10333875610129019,ssp126
-57.91666666666667,-10.249999999999996,0.0921952877939624,ssp126
-57.75,-10.249999999999996,0.07248697338575545,ssp126
-57.583333333333336,-10.249999999999996,0.09186668179170687,ssp126
-57.41666666666667,-10.249999999999996,0.055943967043190455,ssp126
-57.25,-10.249999999999996,0.02220381020159655,ssp126
-57.083333333333336,-10.249999999999996,0.038864978417946776,ssp126
-56.91666666666667,-10.249999999999996,0.038239828442081535,ssp126
-56.75,-10.249999999999996,0.045195682922479455,ssp126
-56.583333333333336,-10.249999999999996,0.039739039116131164,ssp126
-56.41666666666667,-10.249999999999996,0.0694459921584743,ssp126
-56.25,-10.249999999999996,0.08544802423098237,ssp126
-56.083333333333336,-10.249999999999996,0.08305162168407995,ssp126
-55.91666666666667,-10.249999999999996,0.12055501204643963,ssp126
-55.75,-10.249999999999996,0.10921724989620347,ssp126
-55.583333333333336,-10.249999999999996,0.11649602069476415,ssp126
-55.41666666666667,-10.249999999999996,0.22168685037503247,ssp126
-55.25,-10.249999999999996,0.20988120951575434,ssp126
-55.083333333333336,-10.249999999999996,0.24701618363494166,ssp126
-54.91666666666667,-10.249999999999996,0.22355322327673974,ssp126
-54.75,-10.249999999999996,0.09252822821785187,ssp126
-54.583333333333336,-10.249999999999996,0.0871237653528731,ssp126
-54.41666666666667,-10.249999999999996,0.088269693938342,ssp126
-54.25,-10.249999999999996,0.10552970451789792,ssp126
-54.083333333333336,-10.249999999999996,0.05000102438410456,ssp126
-53.91666666666667,-10.249999999999996,0.03484446089189979,ssp126
-53.75,-10.249999999999996,0.043277141306053306,ssp126
-53.583333333333336,-10.249999999999996,0.06663373658464503,ssp126
-53.41666666666667,-10.249999999999996,0.041020379331962356,ssp126
-53.25,-10.249999999999996,0.042400621466521085,ssp126
-53.083333333333336,-10.249999999999996,0.04908736141082476,ssp126
-52.91666666666667,-10.249999999999996,0.055953583144831995,ssp126
-52.75,-10.249999999999996,0.05262428138947497,ssp126
-52.583333333333336,-10.249999999999996,0.0891637307682107,ssp126
-52.41666666666667,-10.249999999999996,0.09534532692324439,ssp126
-52.25,-10.249999999999996,0.06120673115346633,ssp126
-52.083333333333336,-10.249999999999996,0.05464517958249977,ssp126
-51.91666666666667,-10.249999999999996,0.07444192000977358,ssp126
-51.75,-10.249999999999996,0.055148850385340155,ssp126
-51.583333333333336,-10.249999999999996,0.03824473137582855,ssp126
-51.41666666666667,-10.249999999999996,0.039133556464010046,ssp126
-51.25,-10.249999999999996,0.03660971262672073,ssp126
-51.083333333333336,-10.249999999999996,0.04285499245725987,ssp126
-50.91666666666667,-10.249999999999996,0.049724402678598775,ssp126
-50.75,-10.249999999999996,0.04887279591248741,ssp126
-70.41666666666667,-10.416666666666664,0.043567383593563776,ssp126
-70.25,-10.416666666666664,0.03298112630399651,ssp126
-70.08333333333333,-10.416666666666664,0.03688348375387852,ssp126
-69.91666666666667,-10.416666666666664,0.04120136129542449,ssp126
-69.75,-10.416666666666664,0.04479731979636573,ssp126
-69.58333333333333,-10.416666666666664,0.066237752581039,ssp126
-69.41666666666667,-10.416666666666664,0.06133807528119799,ssp126
-69.25,-10.416666666666664,0.044904630968313285,ssp126
-69.08333333333333,-10.416666666666664,0.05252431431194751,ssp126
-68.91666666666667,-10.416666666666664,0.06244542122689793,ssp126
-68.75,-10.416666666666664,0.06773359092961925,ssp126
-68.58333333333333,-10.416666666666664,0.07920929763145423,ssp126
-68.41666666666667,-10.416666666666664,0.08142311712488551,ssp126
-68.25,-10.416666666666664,0.09029137154405843,ssp126
-68.08333333333333,-10.416666666666664,0.09459750612536229,ssp126
-67.91666666666667,-10.416666666666664,0.11551950347077718,ssp126
-67.75,-10.416666666666664,0.09891396429560069,ssp126
-65.25,-10.416666666666664,0.07456612199223107,ssp126
-65.08333333333333,-10.416666666666664,0.10143446863090641,ssp126
-64.91666666666667,-10.416666666666664,0.10585869393307086,ssp126
-64.75,-10.416666666666664,0.10193486870643219,ssp126
-64.58333333333333,-10.416666666666664,0.1372931240080081,ssp126
-64.41666666666667,-10.416666666666664,0.1441054525655797,ssp126
-64.25,-10.416666666666664,0.1398118223564999,ssp126
-64.08333333333333,-10.416666666666664,0.14310563351644912,ssp126
-63.91666666666667,-10.416666666666664,0.10110415656940978,ssp126
-63.75,-10.416666666666664,0.16857776977444766,ssp126
-63.583333333333336,-10.416666666666664,0.13535090942519837,ssp126
-63.41666666666667,-10.416666666666664,0.134379659939586,ssp126
-63.25,-10.416666666666664,0.159086550313197,ssp126
-63.083333333333336,-10.416666666666664,0.17911800908233208,ssp126
-62.91666666666667,-10.416666666666664,0.1664545733249596,ssp126
-62.75,-10.416666666666664,0.12431089691943945,ssp126
-62.583333333333336,-10.416666666666664,0.14467056993947824,ssp126
-62.41666666666667,-10.416666666666664,0.16210789429776906,ssp126
-62.25,-10.416666666666664,0.16986266569770908,ssp126
-62.083333333333336,-10.416666666666664,0.19835151370695886,ssp126
-61.91666666666667,-10.416666666666664,0.192466868625436,ssp126
-61.75,-10.416666666666664,0.24213546458319082,ssp126
-61.583333333333336,-10.416666666666664,0.22125537628523698,ssp126
-61.41666666666667,-10.416666666666664,0.16010754167464236,ssp126
-61.25,-10.416666666666664,0.1739524342898671,ssp126
-61.083333333333336,-10.416666666666664,0.225803909795566,ssp126
-60.91666666666667,-10.416666666666664,0.220577739901967,ssp126
-60.75,-10.416666666666664,0.19557863625615193,ssp126
-60.583333333333336,-10.416666666666664,0.20612210356955224,ssp126
-60.41666666666667,-10.416666666666664,0.22328020168128843,ssp126
-60.25,-10.416666666666664,0.19817214401037012,ssp126
-60.083333333333336,-10.416666666666664,0.14561661585432628,ssp126
-59.91666666666667,-10.416666666666664,0.15769000983612164,ssp126
-59.75,-10.416666666666664,0.14461277900650563,ssp126
-59.583333333333336,-10.416666666666664,0.09901621411601425,ssp126
-59.41666666666667,-10.416666666666664,0.09084299005296131,ssp126
-59.25,-10.416666666666664,0.10380122552960458,ssp126
-59.083333333333336,-10.416666666666664,0.08631971671520088,ssp126
-58.91666666666667,-10.416666666666664,0.09036883043290093,ssp126
-58.75,-10.416666666666664,0.10971512071449945,ssp126
-58.583333333333336,-10.416666666666664,0.09061894034991103,ssp126
-58.41666666666667,-10.416666666666664,0.08096649441857583,ssp126
-58.25,-10.416666666666664,0.10922772566812777,ssp126
-58.083333333333336,-10.416666666666664,0.10851194178421904,ssp126
-57.91666666666667,-10.416666666666664,0.04570817377774572,ssp126
-57.75,-10.416666666666664,0.05540983555337001,ssp126
-57.583333333333336,-10.416666666666664,0.04723953125665853,ssp126
-57.41666666666667,-10.416666666666664,0.05301859434062671,ssp126
-57.25,-10.416666666666664,0.06457371036839131,ssp126
-57.083333333333336,-10.416666666666664,0.06163215958836172,ssp126
-56.91666666666667,-10.416666666666664,0.033045547446190156,ssp126
-56.75,-10.416666666666664,0.03497904459132509,ssp126
-56.583333333333336,-10.416666666666664,0.028518127168660767,ssp126
-56.41666666666667,-10.416666666666664,0.031618144554663795,ssp126
-56.25,-10.416666666666664,0.03313097941903144,ssp126
-56.083333333333336,-10.416666666666664,0.10156470837115147,ssp126
-55.91666666666667,-10.416666666666664,0.0821822367629477,ssp126
-55.75,-10.416666666666664,0.09891053324768097,ssp126
-55.583333333333336,-10.416666666666664,0.10744289637353475,ssp126
-55.41666666666667,-10.416666666666664,0.17188938437624893,ssp126
-55.25,-10.416666666666664,0.18848391175251886,ssp126
-55.083333333333336,-10.416666666666664,0.1541090574597235,ssp126
-54.91666666666667,-10.416666666666664,0.10924082042134889,ssp126
-54.75,-10.416666666666664,0.10605824986549224,ssp126
-54.583333333333336,-10.416666666666664,0.09726842478394289,ssp126
-54.41666666666667,-10.416666666666664,0.0888110618628521,ssp126
-54.25,-10.416666666666664,0.05458987953466137,ssp126
-54.083333333333336,-10.416666666666664,0.060396859419408,ssp126
-53.91666666666667,-10.416666666666664,0.04145822665053503,ssp126
-53.75,-10.416666666666664,0.03826101915291965,ssp126
-53.583333333333336,-10.416666666666664,0.047068506051082495,ssp126
-53.41666666666667,-10.416666666666664,0.0488083518391325,ssp126
-53.25,-10.416666666666664,0.04846921902943913,ssp126
-53.083333333333336,-10.416666666666664,0.04814768131875396,ssp126
-52.91666666666667,-10.416666666666664,0.07473376846734837,ssp126
-52.75,-10.416666666666664,0.1104988302353152,ssp126
-52.583333333333336,-10.416666666666664,0.12087330437389782,ssp126
-52.41666666666667,-10.416666666666664,0.09393578822908054,ssp126
-52.25,-10.416666666666664,0.054796509442857445,ssp126
-52.083333333333336,-10.416666666666664,0.043135394954328575,ssp126
-51.91666666666667,-10.416666666666664,0.03943715536106547,ssp126
-51.75,-10.416666666666664,0.07015885922030282,ssp126
-51.583333333333336,-10.416666666666664,0.03010784292650736,ssp126
-51.41666666666667,-10.416666666666664,0.030933101182250008,ssp126
-51.25,-10.416666666666664,0.03657599383935213,ssp126
-51.083333333333336,-10.416666666666664,0.04141871311580201,ssp126
-50.91666666666667,-10.416666666666664,0.05103858228199952,ssp126
-50.75,-10.416666666666664,0.048156002860781914,ssp126
-70.41666666666667,-10.58333333333333,0.03199147321593475,ssp126
-70.25,-10.58333333333333,0.03354201912705872,ssp126
-70.08333333333333,-10.58333333333333,0.041321979583960194,ssp126
-69.91666666666667,-10.58333333333333,0.044685526031975474,ssp126
-69.75,-10.58333333333333,0.058127137273298685,ssp126
-69.58333333333333,-10.58333333333333,0.052753859195875975,ssp126
-69.41666666666667,-10.58333333333333,0.03894211700948594,ssp126
-69.25,-10.58333333333333,0.05379744022268228,ssp126
-69.08333333333333,-10.58333333333333,0.06233267613426589,ssp126
-68.91666666666667,-10.58333333333333,0.0721911488151505,ssp126
-68.75,-10.58333333333333,0.08232221758556789,ssp126
-68.58333333333333,-10.58333333333333,0.08661536058134067,ssp126
-68.41666666666667,-10.58333333333333,0.09437018981917475,ssp126
-68.25,-10.58333333333333,0.09602563302528058,ssp126
-65.25,-10.58333333333333,0.09916337152266559,ssp126
-65.08333333333333,-10.58333333333333,0.1117734997930121,ssp126
-64.91666666666667,-10.58333333333333,0.1094530010552029,ssp126
-64.75,-10.58333333333333,0.08224284722950155,ssp126
-64.58333333333333,-10.58333333333333,0.08604701465838585,ssp126
-64.41666666666667,-10.58333333333333,0.06934823524137385,ssp126
-64.25,-10.58333333333333,0.10183289986003018,ssp126
-64.08333333333333,-10.58333333333333,0.09914324532037941,ssp126
-63.91666666666667,-10.58333333333333,0.10999966609830183,ssp126
-63.75,-10.58333333333333,0.1804070370209352,ssp126
-63.583333333333336,-10.58333333333333,0.1771778640482833,ssp126
-63.41666666666667,-10.58333333333333,0.11086015399476877,ssp126
-63.25,-10.58333333333333,0.10326893281270168,ssp126
-63.083333333333336,-10.58333333333333,0.15064229520697653,ssp126
-62.91666666666667,-10.58333333333333,0.09230755822453592,ssp126
-62.75,-10.58333333333333,0.12528299186339192,ssp126
-62.583333333333336,-10.58333333333333,0.1688247514659818,ssp126
-62.41666666666667,-10.58333333333333,0.15816982625114856,ssp126
-62.25,-10.58333333333333,0.14704571316507795,ssp126
-62.083333333333336,-10.58333333333333,0.17556211483888282,ssp126
-61.91666666666667,-10.58333333333333,0.18375181676406627,ssp126
-61.75,-10.58333333333333,0.2424504889842473,ssp126
-61.583333333333336,-10.58333333333333,0.2166878684906185,ssp126
-61.41666666666667,-10.58333333333333,0.14087289572518263,ssp126
-61.25,-10.58333333333333,0.19661643299689757,ssp126
-61.083333333333336,-10.58333333333333,0.20809676305487873,ssp126
-60.91666666666667,-10.58333333333333,0.23288139772351082,ssp126
-60.75,-10.58333333333333,0.18734066608018995,ssp126
-60.583333333333336,-10.58333333333333,0.20603814969532921,ssp126
-60.41666666666667,-10.58333333333333,0.19573446509372697,ssp126
-60.25,-10.58333333333333,0.17028937810957684,ssp126
-60.083333333333336,-10.58333333333333,0.12853344688278087,ssp126
-59.91666666666667,-10.58333333333333,0.15416529371471227,ssp126
-59.75,-10.58333333333333,0.10126534929023817,ssp126
-59.583333333333336,-10.58333333333333,0.07863585746919198,ssp126
-59.41666666666667,-10.58333333333333,0.072275011681796425,ssp126
-59.25,-10.58333333333333,0.09451493292701953,ssp126
-59.083333333333336,-10.58333333333333,0.0688260466476174,ssp126
-58.91666666666667,-10.58333333333333,0.040105908482572374,ssp126
-58.75,-10.58333333333333,0.06975276904334693,ssp126
-58.583333333333336,-10.58333333333333,0.10169925526756873,ssp126
-58.41666666666667,-10.58333333333333,0.07700999735840652,ssp126
-58.25,-10.58333333333333,0.10064957167466643,ssp126
-58.083333333333336,-10.58333333333333,0.11189291194828371,ssp126
-57.91666666666667,-10.58333333333333,0.06651705717461404,ssp126
-57.75,-10.58333333333333,0.030186087021051626,ssp126
-57.583333333333336,-10.58333333333333,0.04352574157351835,ssp126
-57.41666666666667,-10.58333333333333,0.060218522655079286,ssp126
-57.25,-10.58333333333333,0.05687238740503898,ssp126
-57.083333333333336,-10.58333333333333,0.06146952977508416,ssp126
-56.91666666666667,-10.58333333333333,0.06100889500886028,ssp126
-56.75,-10.58333333333333,0.06412334875356196,ssp126
-56.583333333333336,-10.58333333333333,0.028535144454580896,ssp126
-56.41666666666667,-10.58333333333333,0.0289788050986334,ssp126
-56.25,-10.58333333333333,0.02604574790204268,ssp126
-56.083333333333336,-10.58333333333333,0.07914293343000883,ssp126
-55.91666666666667,-10.58333333333333,0.0890619524131575,ssp126
-55.75,-10.58333333333333,0.07530206203943254,ssp126
-55.583333333333336,-10.58333333333333,0.08843279384918497,ssp126
-55.41666666666667,-10.58333333333333,0.09444483932673921,ssp126
-55.25,-10.58333333333333,0.10497242296545099,ssp126
-55.083333333333336,-10.58333333333333,0.08063685986862387,ssp126
-54.91666666666667,-10.58333333333333,0.10346699236787124,ssp126
-54.75,-10.58333333333333,0.08162092584556604,ssp126
-54.583333333333336,-10.58333333333333,0.09888767545213153,ssp126
-54.41666666666667,-10.58333333333333,0.03887323153833815,ssp126
-54.25,-10.58333333333333,0.03291326677536042,ssp126
-54.083333333333336,-10.58333333333333,0.03292840890287258,ssp126
-53.91666666666667,-10.58333333333333,0.05620334710687058,ssp126
-53.75,-10.58333333333333,0.05301617048852772,ssp126
-53.583333333333336,-10.58333333333333,0.07508124102050309,ssp126
-53.41666666666667,-10.58333333333333,0.06742987099560048,ssp126
-53.25,-10.58333333333333,0.052720290299887444,ssp126
-53.083333333333336,-10.58333333333333,0.06328464734649183,ssp126
-52.91666666666667,-10.58333333333333,0.07512990354217707,ssp126
-52.75,-10.58333333333333,0.11379012445220352,ssp126
-52.583333333333336,-10.58333333333333,0.12481077714409926,ssp126
-52.41666666666667,-10.58333333333333,0.08052497816388357,ssp126
-52.25,-10.58333333333333,0.08080302687205633,ssp126
-52.083333333333336,-10.58333333333333,0.0313587801833056,ssp126
-51.91666666666667,-10.58333333333333,0.06609851842373497,ssp126
-51.75,-10.58333333333333,0.06804298883926477,ssp126
-51.583333333333336,-10.58333333333333,0.039110234130191115,ssp126
-51.41666666666667,-10.58333333333333,0.04675965996486611,ssp126
-51.25,-10.58333333333333,0.03231868633144547,ssp126
-51.083333333333336,-10.58333333333333,0.056114652601510814,ssp126
-50.91666666666667,-10.58333333333333,0.056248020640416355,ssp126
-70.41666666666667,-10.749999999999996,0.036475507179774026,ssp126
-70.25,-10.749999999999996,0.04007463608959152,ssp126
-70.08333333333333,-10.749999999999996,0.036630659972926374,ssp126
-69.91666666666667,-10.749999999999996,0.04071502682258903,ssp126
-69.75,-10.749999999999996,0.040989676697019056,ssp126
-69.58333333333333,-10.749999999999996,0.03541172796965177,ssp126
-69.41666666666667,-10.749999999999996,0.04243169889491127,ssp126
-69.25,-10.749999999999996,0.045777510012146416,ssp126
-69.08333333333333,-10.749999999999996,0.05174743047243892,ssp126
-68.91666666666667,-10.749999999999996,0.06009777465293239,ssp126
-68.75,-10.749999999999996,0.06851800066886263,ssp126
-68.58333333333333,-10.749999999999996,0.07949142291438824,ssp126
-68.41666666666667,-10.749999999999996,0.0792805840659105,ssp126
-65.08333333333333,-10.749999999999996,0.09387108488314659,ssp126
-64.91666666666667,-10.749999999999996,0.10062694907231165,ssp126
-64.75,-10.749999999999996,0.10801881663432841,ssp126
-64.58333333333333,-10.749999999999996,0.12650543959749008,ssp126
-64.41666666666667,-10.749999999999996,0.11400485524295013,ssp126
-64.25,-10.749999999999996,0.06870687011192017,ssp126
-64.08333333333333,-10.749999999999996,0.045244950890067616,ssp126
-63.91666666666667,-10.749999999999996,0.07342947404104923,ssp126
-63.75,-10.749999999999996,0.09628732770328279,ssp126
-63.583333333333336,-10.749999999999996,0.04489216753776314,ssp126
-63.41666666666667,-10.749999999999996,0.10645926388390564,ssp126
-63.25,-10.749999999999996,0.13069017556604706,ssp126
-63.083333333333336,-10.749999999999996,0.11301233867219362,ssp126
-62.91666666666667,-10.749999999999996,0.09345485374849967,ssp126
-62.75,-10.749999999999996,0.11490180422833203,ssp126
-62.583333333333336,-10.749999999999996,0.1320870381386884,ssp126
-62.41666666666667,-10.749999999999996,0.11974462300804582,ssp126
-62.25,-10.749999999999996,0.13881018533523515,ssp126
-62.083333333333336,-10.749999999999996,0.21673880666330753,ssp126
-61.91666666666667,-10.749999999999996,0.17333095602951842,ssp126
-61.75,-10.749999999999996,0.2807324190143567,ssp126
-61.583333333333336,-10.749999999999996,0.20457910754977496,ssp126
-61.41666666666667,-10.749999999999996,0.1436952999847335,ssp126
-61.25,-10.749999999999996,0.21024931546956394,ssp126
-61.083333333333336,-10.749999999999996,0.21467554649702736,ssp126
-60.91666666666667,-10.749999999999996,0.1951995110555104,ssp126
-60.75,-10.749999999999996,0.19247430648308314,ssp126
-60.583333333333336,-10.749999999999996,0.16644383173352087,ssp126
-60.41666666666667,-10.749999999999996,0.2168234932853366,ssp126
-60.25,-10.749999999999996,0.20107118728234355,ssp126
-60.083333333333336,-10.749999999999996,0.12859892321097705,ssp126
-59.91666666666667,-10.749999999999996,0.11988387297106141,ssp126
-59.75,-10.749999999999996,0.10996410143695973,ssp126
-59.583333333333336,-10.749999999999996,0.07460322714371054,ssp126
-59.41666666666667,-10.749999999999996,0.0742217877086801,ssp126
-59.25,-10.749999999999996,0.06214548717702011,ssp126
-59.083333333333336,-10.749999999999996,0.050573575077340664,ssp126
-58.91666666666667,-10.749999999999996,0.06216995999777114,ssp126
-58.75,-10.749999999999996,0.057317706599768585,ssp126
-58.583333333333336,-10.749999999999996,0.09169461133743048,ssp126
-58.41666666666667,-10.749999999999996,0.05367438810581746,ssp126
-58.25,-10.749999999999996,0.07360140419074013,ssp126
-58.083333333333336,-10.749999999999996,0.07013912419797949,ssp126
-57.91666666666667,-10.749999999999996,0.06977151263399314,ssp126
-57.75,-10.749999999999996,0.06775239158377509,ssp126
-57.583333333333336,-10.749999999999996,0.0421023593348994,ssp126
-57.41666666666667,-10.749999999999996,0.03381217356815376,ssp126
-57.25,-10.749999999999996,0.04198520953256587,ssp126
-57.083333333333336,-10.749999999999996,0.052328673556578095,ssp126
-56.91666666666667,-10.749999999999996,0.06055122697405433,ssp126
-56.75,-10.749999999999996,0.0814063611043926,ssp126
-56.583333333333336,-10.749999999999996,0.07457287936002739,ssp126
-56.41666666666667,-10.749999999999996,0.05552425671810175,ssp126
-56.25,-10.749999999999996,0.05433625844126651,ssp126
-56.083333333333336,-10.749999999999996,0.04832015229557108,ssp126
-55.91666666666667,-10.749999999999996,0.03163542768774731,ssp126
-55.75,-10.749999999999996,0.03673623709138166,ssp126
-55.583333333333336,-10.749999999999996,0.09321583161810919,ssp126
-55.41666666666667,-10.749999999999996,0.08113419728769389,ssp126
-55.25,-10.749999999999996,0.08482037980648884,ssp126
-55.083333333333336,-10.749999999999996,0.08491378741042037,ssp126
-54.91666666666667,-10.749999999999996,0.08098501450508525,ssp126
-54.75,-10.749999999999996,0.09404825940859948,ssp126
-54.583333333333336,-10.749999999999996,0.04309632392371771,ssp126
-54.41666666666667,-10.749999999999996,0.04087256577676518,ssp126
-54.25,-10.749999999999996,0.044334428504246,ssp126
-54.083333333333336,-10.749999999999996,0.046150701940886205,ssp126
-53.91666666666667,-10.749999999999996,0.042070009571098806,ssp126
-53.75,-10.749999999999996,0.06811996527821808,ssp126
-53.583333333333336,-10.749999999999996,0.07125407108771474,ssp126
-53.41666666666667,-10.749999999999996,0.06822917631005111,ssp126
-53.25,-10.749999999999996,0.05318123938554819,ssp126
-53.083333333333336,-10.749999999999996,0.06843971010365736,ssp126
-52.91666666666667,-10.749999999999996,0.06754903560633643,ssp126
-52.75,-10.749999999999996,0.11641078260221635,ssp126
-52.583333333333336,-10.749999999999996,0.11694408534606536,ssp126
-52.41666666666667,-10.749999999999996,0.07648682799890791,ssp126
-52.25,-10.749999999999996,0.06707514502857814,ssp126
-52.083333333333336,-10.749999999999996,0.07907487826387441,ssp126
-51.41666666666667,-10.749999999999996,0.06253824632871344,ssp126
-51.25,-10.749999999999996,0.061965322241534414,ssp126
-70.25,-10.916666666666664,0.030167081491957026,ssp126
-68.91666666666667,-10.916666666666664,0.061435248399355075,ssp126
-68.75,-10.916666666666664,0.06626950976456894,ssp126
-68.58333333333333,-10.916666666666664,0.0730496492443685,ssp126
-68.41666666666667,-10.916666666666664,0.0677635084954977,ssp126
-65.08333333333333,-10.916666666666664,0.11348970886854617,ssp126
-64.91666666666667,-10.916666666666664,0.09824026368379864,ssp126
-64.75,-10.916666666666664,0.07212900539101025,ssp126
-64.58333333333333,-10.916666666666664,0.10245736354709939,ssp126
-64.41666666666667,-10.916666666666664,0.11023335236514907,ssp126
-64.25,-10.916666666666664,0.10384049470513024,ssp126
-64.08333333333333,-10.916666666666664,0.0847157152242419,ssp126
-63.91666666666667,-10.916666666666664,0.055519666932823016,ssp126
-63.75,-10.916666666666664,0.01499505166873744,ssp126
-63.583333333333336,-10.916666666666664,0.006324360277184779,ssp126
-63.41666666666667,-10.916666666666664,0.11002575439710323,ssp126
-63.25,-10.916666666666664,0.0992199977155216,ssp126
-63.083333333333336,-10.916666666666664,0.0950435197507639,ssp126
-62.91666666666667,-10.916666666666664,0.08497265447483486,ssp126
-62.75,-10.916666666666664,0.06637467541422093,ssp126
-62.583333333333336,-10.916666666666664,0.09240386986611229,ssp126
-62.41666666666667,-10.916666666666664,0.07120345889213617,ssp126
-62.25,-10.916666666666664,0.16065294132040345,ssp126
-62.083333333333336,-10.916666666666664,0.20134127877790128,ssp126
-61.91666666666667,-10.916666666666664,0.22266968230606,ssp126
-61.75,-10.916666666666664,0.2745842493411313,ssp126
-61.583333333333336,-10.916666666666664,0.13692599386172546,ssp126
-61.41666666666667,-10.916666666666664,0.15205438792797954,ssp126
-61.25,-10.916666666666664,0.19973440897632366,ssp126
-61.083333333333336,-10.916666666666664,0.21246157728325094,ssp126
-60.91666666666667,-10.916666666666664,0.17541505360857532,ssp126
-60.75,-10.916666666666664,0.17874982284773727,ssp126
-60.583333333333336,-10.916666666666664,0.174023678960273,ssp126
-60.41666666666667,-10.916666666666664,0.2047928627600432,ssp126
-60.25,-10.916666666666664,0.18324554110562702,ssp126
-60.083333333333336,-10.916666666666664,0.10778415035126812,ssp126
-59.91666666666667,-10.916666666666664,0.10431869839270308,ssp126
-59.75,-10.916666666666664,0.06756997248182015,ssp126
-59.583333333333336,-10.916666666666664,0.0519108590488153,ssp126
-59.41666666666667,-10.916666666666664,0.050878992231504654,ssp126
-59.25,-10.916666666666664,0.0653322925035486,ssp126
-59.083333333333336,-10.916666666666664,0.048354163258810895,ssp126
-58.91666666666667,-10.916666666666664,0.03585054629603075,ssp126
-58.75,-10.916666666666664,0.041684318569242935,ssp126
-58.583333333333336,-10.916666666666664,0.05354960654442319,ssp126
-58.41666666666667,-10.916666666666664,0.05148733641605592,ssp126
-58.25,-10.916666666666664,0.08065400520740208,ssp126
-58.083333333333336,-10.916666666666664,0.06480662913942471,ssp126
-57.91666666666667,-10.916666666666664,0.05303637454074564,ssp126
-57.75,-10.916666666666664,0.07487299282487879,ssp126
-57.583333333333336,-10.916666666666664,0.08205164364962277,ssp126
-57.41666666666667,-10.916666666666664,0.05885655021266165,ssp126
-57.25,-10.916666666666664,0.04429962339123326,ssp126
-57.083333333333336,-10.916666666666664,0.033725060438950724,ssp126
-56.91666666666667,-10.916666666666664,0.03233408069219713,ssp126
-56.75,-10.916666666666664,0.039203098911372525,ssp126
-56.583333333333336,-10.916666666666664,0.05912666158874002,ssp126
-56.41666666666667,-10.916666666666664,0.04841051768611757,ssp126
-56.25,-10.916666666666664,0.06584086293434145,ssp126
-56.083333333333336,-10.916666666666664,0.05896169260012946,ssp126
-55.91666666666667,-10.916666666666664,0.0673977208488968,ssp126
-55.75,-10.916666666666664,0.049118042769843474,ssp126
-55.583333333333336,-10.916666666666664,0.05422035660854289,ssp126
-55.41666666666667,-10.916666666666664,0.03611122448875577,ssp126
-55.25,-10.916666666666664,0.03435605231925434,ssp126
-55.083333333333336,-10.916666666666664,0.054286516688438716,ssp126
-54.91666666666667,-10.916666666666664,0.04036148145098642,ssp126
-54.75,-10.916666666666664,0.0513621660087403,ssp126
-54.583333333333336,-10.916666666666664,0.09567056639678057,ssp126
-54.41666666666667,-10.916666666666664,0.047901446848062273,ssp126
-54.25,-10.916666666666664,0.050662287233003145,ssp126
-54.083333333333336,-10.916666666666664,0.0476602005612242,ssp126
-53.91666666666667,-10.916666666666664,0.06692160609571488,ssp126
-53.75,-10.916666666666664,0.06491710281935911,ssp126
-53.583333333333336,-10.916666666666664,0.07167411935720248,ssp126
-53.41666666666667,-10.916666666666664,0.056583200049461393,ssp126
-53.25,-10.916666666666664,0.05622204194965336,ssp126
-53.083333333333336,-10.916666666666664,0.0743705410588729,ssp126
-52.91666666666667,-10.916666666666664,0.08142791607313364,ssp126
-52.75,-10.916666666666664,0.09735284359126463,ssp126
-52.583333333333336,-10.916666666666664,0.09936045859577151,ssp126
-52.41666666666667,-10.916666666666664,0.034611178362967225,ssp126
-52.25,-10.916666666666664,0.028201371258447797,ssp126
-52.083333333333336,-10.916666666666664,0.07459129364275312,ssp126
-65.08333333333333,-11.083333333333329,0.10593742532958181,ssp126
-64.91666666666667,-11.083333333333329,0.11321750953611774,ssp126
-64.75,-11.083333333333329,0.11356326752998203,ssp126
-64.58333333333333,-11.083333333333329,0.09815407449484045,ssp126
-64.41666666666667,-11.083333333333329,0.09721946699511655,ssp126
-64.25,-11.083333333333329,0.09774374495632397,ssp126
-64.08333333333333,-11.083333333333329,0.11073917664007868,ssp126
-63.91666666666667,-11.083333333333329,0.14579462967112455,ssp126
-63.75,-11.083333333333329,0.09520614659218012,ssp126
-63.583333333333336,-11.083333333333329,0.08033263527378327,ssp126
-63.41666666666667,-11.083333333333329,0.07487514730627516,ssp126
-63.25,-11.083333333333329,0.06154565898454605,ssp126
-63.083333333333336,-11.083333333333329,0.05351592176185467,ssp126
-62.91666666666667,-11.083333333333329,0.067035672735131,ssp126
-62.75,-11.083333333333329,0.06661942072142153,ssp126
-62.583333333333336,-11.083333333333329,0.07757898984972877,ssp126
-62.41666666666667,-11.083333333333329,0.1184862499237704,ssp126
-62.25,-11.083333333333329,0.14633212590311193,ssp126
-62.083333333333336,-11.083333333333329,0.1504579299220054,ssp126
-61.91666666666667,-11.083333333333329,0.22025901739410547,ssp126
-61.75,-11.083333333333329,0.19027974857185204,ssp126
-61.583333333333336,-11.083333333333329,0.08534543879519503,ssp126
-61.41666666666667,-11.083333333333329,0.1567134875881733,ssp126
-61.25,-11.083333333333329,0.16144855138526762,ssp126
-61.083333333333336,-11.083333333333329,0.19531703565096223,ssp126
-60.91666666666667,-11.083333333333329,0.20049778608512664,ssp126
-60.75,-11.083333333333329,0.15274774475515124,ssp126
-60.583333333333336,-11.083333333333329,0.17350286728524272,ssp126
-60.41666666666667,-11.083333333333329,0.21371619510195922,ssp126
-60.25,-11.083333333333329,0.18905916332554662,ssp126
-60.083333333333336,-11.083333333333329,0.12122576320012851,ssp126
-59.91666666666667,-11.083333333333329,0.09499242782688203,ssp126
-59.75,-11.083333333333329,0.05337883547339164,ssp126
-59.583333333333336,-11.083333333333329,0.056862036589385344,ssp126
-59.41666666666667,-11.083333333333329,0.04478495402209135,ssp126
-59.25,-11.083333333333329,0.05804856581975669,ssp126
-59.083333333333336,-11.083333333333329,0.03795577064788702,ssp126
-58.91666666666667,-11.083333333333329,0.03548110699265257,ssp126
-58.75,-11.083333333333329,0.04136782624842449,ssp126
-58.583333333333336,-11.083333333333329,0.04172120784885081,ssp126
-58.41666666666667,-11.083333333333329,0.05713119689457905,ssp126
-58.25,-11.083333333333329,0.07888968945926211,ssp126
-58.083333333333336,-11.083333333333329,0.06051384834352569,ssp126
-57.91666666666667,-11.083333333333329,0.052755354783182,ssp126
-57.75,-11.083333333333329,0.044815222892899666,ssp126
-57.583333333333336,-11.083333333333329,0.050841304707493123,ssp126
-57.41666666666667,-11.083333333333329,0.04836620216074122,ssp126
-57.25,-11.083333333333329,0.05729348756085378,ssp126
-57.083333333333336,-11.083333333333329,0.041225211412832315,ssp126
-56.91666666666667,-11.083333333333329,0.03468443903841755,ssp126
-56.75,-11.083333333333329,0.04218094636228779,ssp126
-56.583333333333336,-11.083333333333329,0.029229524646405203,ssp126
-56.41666666666667,-11.083333333333329,0.027150856128556593,ssp126
-56.25,-11.083333333333329,0.027591177165259335,ssp126
-56.083333333333336,-11.083333333333329,0.028100691040497162,ssp126
-55.91666666666667,-11.083333333333329,0.039816755995960774,ssp126
-55.75,-11.083333333333329,0.04649907731615563,ssp126
-55.583333333333336,-11.083333333333329,0.04512113659996888,ssp126
-55.41666666666667,-11.083333333333329,0.03767465577641084,ssp126
-55.25,-11.083333333333329,0.049723475128363455,ssp126
-55.083333333333336,-11.083333333333329,0.04163681516644182,ssp126
-54.91666666666667,-11.083333333333329,0.042816286795243574,ssp126
-54.75,-11.083333333333329,0.04334376688854326,ssp126
-54.583333333333336,-11.083333333333329,0.07579540364699557,ssp126
-54.41666666666667,-11.083333333333329,0.08557081271665389,ssp126
-54.25,-11.083333333333329,0.07808647731936524,ssp126
-54.083333333333336,-11.083333333333329,0.08070998389825511,ssp126
-53.91666666666667,-11.083333333333329,0.06254210949647772,ssp126
-53.75,-11.083333333333329,0.0504861403780425,ssp126
-53.583333333333336,-11.083333333333329,0.06846786787498696,ssp126
-53.41666666666667,-11.083333333333329,0.04936849210653451,ssp126
-53.25,-11.083333333333329,0.05740133120313773,ssp126
-53.083333333333336,-11.083333333333329,0.05425795042325285,ssp126
-52.91666666666667,-11.083333333333329,0.058909996082178596,ssp126
-52.75,-11.083333333333329,0.08217533095239872,ssp126
-52.583333333333336,-11.083333333333329,0.08536921349673221,ssp126
-52.41666666666667,-11.083333333333329,0.031268149636748746,ssp126
-52.25,-11.083333333333329,0.02587513985794893,ssp126
-52.083333333333336,-11.083333333333329,0.027358285179225117,ssp126
-65.25,-11.249999999999996,0.0964545938887579,ssp126
-65.08333333333333,-11.249999999999996,0.10593460223431657,ssp126
-64.91666666666667,-11.249999999999996,0.10356550785306089,ssp126
-64.75,-11.249999999999996,0.10018469156987285,ssp126
-64.58333333333333,-11.249999999999996,0.10340343086441438,ssp126
-64.41666666666667,-11.249999999999996,0.09367059962362198,ssp126
-64.25,-11.249999999999996,0.0901802981795621,ssp126
-64.08333333333333,-11.249999999999996,0.08822883425829084,ssp126
-63.91666666666667,-11.249999999999996,0.0930287548479784,ssp126
-63.75,-11.249999999999996,0.06762248377524722,ssp126
-63.583333333333336,-11.249999999999996,0.0771967496399591,ssp126
-63.41666666666667,-11.249999999999996,0.06702054978109656,ssp126
-63.25,-11.249999999999996,0.06328367620962659,ssp126
-63.083333333333336,-11.249999999999996,0.07530156347134484,ssp126
-62.91666666666667,-11.249999999999996,0.07551064984761602,ssp126
-62.75,-11.249999999999996,0.06010590258738449,ssp126
-62.583333333333336,-11.249999999999996,0.07941754628285123,ssp126
-62.41666666666667,-11.249999999999996,0.0975064001103792,ssp126
-62.25,-11.249999999999996,0.11693666763221759,ssp126
-62.083333333333336,-11.249999999999996,0.1148286070993838,ssp126
-61.91666666666667,-11.249999999999996,0.17497555957957678,ssp126
-61.75,-11.249999999999996,0.16134534546184576,ssp126
-61.583333333333336,-11.249999999999996,0.1174189258539183,ssp126
-61.41666666666667,-11.249999999999996,0.12403973448316746,ssp126
-61.25,-11.249999999999996,0.1503865109102002,ssp126
-61.083333333333336,-11.249999999999996,0.14685135907996966,ssp126
-60.91666666666667,-11.249999999999996,0.12808424920339362,ssp126
-60.75,-11.249999999999996,0.08094475785887743,ssp126
-60.583333333333336,-11.249999999999996,0.14750835421981828,ssp126
-60.41666666666667,-11.249999999999996,0.16005572160060066,ssp126
-60.25,-11.249999999999996,0.09814730114362002,ssp126
-60.083333333333336,-11.249999999999996,0.05847440727268677,ssp126
-59.91666666666667,-11.249999999999996,0.05791861519849815,ssp126
-59.75,-11.249999999999996,0.0365262075559793,ssp126
-59.583333333333336,-11.249999999999996,0.051752471769807795,ssp126
-59.41666666666667,-11.249999999999996,0.05635404465878944,ssp126
-59.25,-11.249999999999996,0.06349740532219181,ssp126
-59.083333333333336,-11.249999999999996,0.03689153360540128,ssp126
-58.91666666666667,-11.249999999999996,0.03281684055398142,ssp126
-58.75,-11.249999999999996,0.0258950272182683,ssp126
-58.583333333333336,-11.249999999999996,0.032211715914138864,ssp126
-58.41666666666667,-11.249999999999996,0.054348035153935034,ssp126
-58.25,-11.249999999999996,0.08117437768830699,ssp126
-58.083333333333336,-11.249999999999996,0.07172854846694737,ssp126
-57.91666666666667,-11.249999999999996,0.04482110120866433,ssp126
-57.75,-11.249999999999996,0.056819600421391385,ssp126
-57.583333333333336,-11.249999999999996,0.04955246385884821,ssp126
-57.41666666666667,-11.249999999999996,0.04169197365188484,ssp126
-57.25,-11.249999999999996,0.05332274471319437,ssp126
-57.083333333333336,-11.249999999999996,0.04852355801197232,ssp126
-56.91666666666667,-11.249999999999996,0.05151824220369685,ssp126
-56.75,-11.249999999999996,0.045011309859497806,ssp126
-56.583333333333336,-11.249999999999996,0.048768497882781106,ssp126
-56.41666666666667,-11.249999999999996,0.027584900949519743,ssp126
-56.25,-11.249999999999996,0.021528056639904373,ssp126
-56.083333333333336,-11.249999999999996,0.021074925458843884,ssp126
-55.91666666666667,-11.249999999999996,0.01802459287981953,ssp126
-55.75,-11.249999999999996,0.030762421564884672,ssp126
-55.583333333333336,-11.249999999999996,0.03153415332372367,ssp126
-55.41666666666667,-11.249999999999996,0.04115192641259328,ssp126
-55.25,-11.249999999999996,0.033751559493524444,ssp126
-55.083333333333336,-11.249999999999996,0.04031125297733933,ssp126
-54.91666666666667,-11.249999999999996,0.035927378139457185,ssp126
-54.75,-11.249999999999996,0.045682065679347336,ssp126
-54.583333333333336,-11.249999999999996,0.06913210775027319,ssp126
-54.41666666666667,-11.249999999999996,0.05654113957761905,ssp126
-54.25,-11.249999999999996,0.07457791730374246,ssp126
-54.083333333333336,-11.249999999999996,0.07912611348904292,ssp126
-53.91666666666667,-11.249999999999996,0.04798416283134431,ssp126
-53.75,-11.249999999999996,0.07559052841602501,ssp126
-53.583333333333336,-11.249999999999996,0.05890589385268673,ssp126
-53.41666666666667,-11.249999999999996,0.03526832057775953,ssp126
-53.25,-11.249999999999996,0.04722438790924137,ssp126
-53.083333333333336,-11.249999999999996,0.03833488698557072,ssp126
-52.91666666666667,-11.249999999999996,0.03459284241119652,ssp126
-52.75,-11.249999999999996,0.04168822649089875,ssp126
-52.583333333333336,-11.249999999999996,0.04306217896132962,ssp126
-52.41666666666667,-11.249999999999996,0.07206712584088922,ssp126
-52.25,-11.249999999999996,0.03859602945459552,ssp126
-52.083333333333336,-11.249999999999996,0.03464331023445795,ssp126
-51.91666666666667,-11.249999999999996,0.08588838122540658,ssp126
-65.08333333333333,-11.416666666666664,0.10329842274942044,ssp126
-64.91666666666667,-11.416666666666664,0.11108108238640302,ssp126
-64.75,-11.416666666666664,0.10842854469824251,ssp126
-64.58333333333333,-11.416666666666664,0.1084043360509948,ssp126
-64.41666666666667,-11.416666666666664,0.10049717260157923,ssp126
-64.25,-11.416666666666664,0.09580283506211267,ssp126
-64.08333333333333,-11.416666666666664,0.08358929218045585,ssp126
-63.91666666666667,-11.416666666666664,0.07713035790264001,ssp126
-63.75,-11.416666666666664,0.05914430447624543,ssp126
-63.583333333333336,-11.416666666666664,0.05719293194856537,ssp126
-63.41666666666667,-11.416666666666664,0.06568391337279414,ssp126
-63.25,-11.416666666666664,0.04595354519782447,ssp126
-63.083333333333336,-11.416666666666664,0.07199242431497996,ssp126
-62.91666666666667,-11.416666666666664,0.09470624735281218,ssp126
-62.75,-11.416666666666664,0.07928707397085968,ssp126
-62.583333333333336,-11.416666666666664,0.07016860803230195,ssp126
-62.41666666666667,-11.416666666666664,0.08317969026283971,ssp126
-62.25,-11.416666666666664,0.11019182736190429,ssp126
-62.083333333333336,-11.416666666666664,0.11597847846476092,ssp126
-61.91666666666667,-11.416666666666664,0.14147429339432732,ssp126
-61.75,-11.416666666666664,0.16163314169602044,ssp126
-61.583333333333336,-11.416666666666664,0.15676734611842655,ssp126
-61.41666666666667,-11.416666666666664,0.13634018998821892,ssp126
-61.25,-11.416666666666664,0.13768797423093812,ssp126
-61.083333333333336,-11.416666666666664,0.12745746244519857,ssp126
-60.91666666666667,-11.416666666666664,0.13627072542275012,ssp126
-60.75,-11.416666666666664,0.05703689373724011,ssp126
-60.583333333333336,-11.416666666666664,0.09393250574750554,ssp126
-60.41666666666667,-11.416666666666664,0.1289790263910659,ssp126
-60.25,-11.416666666666664,0.05469797158525278,ssp126
-60.083333333333336,-11.416666666666664,0.0434171504131863,ssp126
-59.91666666666667,-11.416666666666664,0.06348863310595859,ssp126
-59.75,-11.416666666666664,0.04412922919939292,ssp126
-59.583333333333336,-11.416666666666664,0.03883359959014216,ssp126
-59.41666666666667,-11.416666666666664,0.05303777762078078,ssp126
-59.25,-11.416666666666664,0.05658487257995037,ssp126
-59.083333333333336,-11.416666666666664,0.04227651374230129,ssp126
-58.91666666666667,-11.416666666666664,0.027366541641018535,ssp126
-58.75,-11.416666666666664,0.040533684308952905,ssp126
-58.583333333333336,-11.416666666666664,0.0610626643556608,ssp126
-58.41666666666667,-11.416666666666664,0.07126507222398307,ssp126
-58.25,-11.416666666666664,0.06336367722721094,ssp126
-58.083333333333336,-11.416666666666664,0.0704858130650728,ssp126
-57.91666666666667,-11.416666666666664,0.06720424299346689,ssp126
-57.75,-11.416666666666664,0.047961278605760216,ssp126
-57.583333333333336,-11.416666666666664,0.05554273476375244,ssp126
-57.41666666666667,-11.416666666666664,0.07016251705857625,ssp126
-57.25,-11.416666666666664,0.07366239329033612,ssp126
-57.083333333333336,-11.416666666666664,0.058252898051653984,ssp126
-56.91666666666667,-11.416666666666664,0.04135497049598066,ssp126
-56.75,-11.416666666666664,0.04745958787468268,ssp126
-56.583333333333336,-11.416666666666664,0.04613362676796652,ssp126
-56.41666666666667,-11.416666666666664,0.04263592225948792,ssp126
-56.25,-11.416666666666664,0.037531019155592774,ssp126
-56.083333333333336,-11.416666666666664,0.03202426333980921,ssp126
-55.91666666666667,-11.416666666666664,0.023026451189999308,ssp126
-55.75,-11.416666666666664,0.023160289366388295,ssp126
-55.583333333333336,-11.416666666666664,0.03074154516468435,ssp126
-55.41666666666667,-11.416666666666664,0.0333571518291274,ssp126
-55.25,-11.416666666666664,0.035704048695649665,ssp126
-55.083333333333336,-11.416666666666664,0.053242546450612376,ssp126
-54.91666666666667,-11.416666666666664,0.05162271697475016,ssp126
-54.75,-11.416666666666664,0.04246718608514675,ssp126
-54.583333333333336,-11.416666666666664,0.05189287216245283,ssp126
-54.41666666666667,-11.416666666666664,0.05323157504184268,ssp126
-54.25,-11.416666666666664,0.04962244890796412,ssp126
-54.083333333333336,-11.416666666666664,0.06832021239750492,ssp126
-53.91666666666667,-11.416666666666664,0.07007346495142282,ssp126
-53.75,-11.416666666666664,0.05310145143938057,ssp126
-53.583333333333336,-11.416666666666664,0.03511564747864237,ssp126
-53.41666666666667,-11.416666666666664,0.04199843530701997,ssp126
-53.25,-11.416666666666664,0.052342801022123804,ssp126
-53.083333333333336,-11.416666666666664,0.03793602087214671,ssp126
-52.91666666666667,-11.416666666666664,0.03478313791711429,ssp126
-52.75,-11.416666666666664,0.03944194946603397,ssp126
-52.583333333333336,-11.416666666666664,0.03336663522037977,ssp126
-52.41666666666667,-11.416666666666664,0.027345763381075913,ssp126
-52.25,-11.416666666666664,0.032846405486371966,ssp126
-52.083333333333336,-11.416666666666664,0.02286025525523432,ssp126
-51.91666666666667,-11.416666666666664,0.041031447893486374,ssp126
-51.75,-11.416666666666664,0.04085180810098491,ssp126
-65.08333333333333,-11.583333333333329,0.08949856390895976,ssp126
-64.91666666666667,-11.583333333333329,0.09748349617639832,ssp126
-64.75,-11.583333333333329,0.09769362551037458,ssp126
-64.58333333333333,-11.583333333333329,0.10264369819520285,ssp126
-64.41666666666667,-11.583333333333329,0.10149583427099027,ssp126
-64.25,-11.583333333333329,0.09191276598605788,ssp126
-64.08333333333333,-11.583333333333329,0.07448758754023345,ssp126
-63.91666666666667,-11.583333333333329,0.08144228060996907,ssp126
-63.75,-11.583333333333329,0.05513951469826129,ssp126
-63.583333333333336,-11.583333333333329,0.05179593815423346,ssp126
-63.41666666666667,-11.583333333333329,0.04775814739989004,ssp126
-63.25,-11.583333333333329,0.06467514893703788,ssp126
-63.083333333333336,-11.583333333333329,0.0657275713866199,ssp126
-62.91666666666667,-11.583333333333329,0.10822462185006411,ssp126
-62.75,-11.583333333333329,0.1198304746815162,ssp126
-62.583333333333336,-11.583333333333329,0.10815435750224663,ssp126
-62.41666666666667,-11.583333333333329,0.07818645613773197,ssp126
-62.25,-11.583333333333329,0.090942449770077,ssp126
-62.083333333333336,-11.583333333333329,0.10910807393256772,ssp126
-61.91666666666667,-11.583333333333329,0.09664953712456463,ssp126
-61.75,-11.583333333333329,0.10466710482719171,ssp126
-61.583333333333336,-11.583333333333329,0.13204714959458258,ssp126
-61.41666666666667,-11.583333333333329,0.11296993188075762,ssp126
-61.25,-11.583333333333329,0.14282571662411198,ssp126
-61.083333333333336,-11.583333333333329,0.15327516808975294,ssp126
-60.91666666666667,-11.583333333333329,0.1391586152731854,ssp126
-60.75,-11.583333333333329,0.10188307532283054,ssp126
-60.583333333333336,-11.583333333333329,0.05172164768501598,ssp126
-60.41666666666667,-11.583333333333329,0.052942563133019496,ssp126
-60.25,-11.583333333333329,0.038898075980070446,ssp126
-60.083333333333336,-11.583333333333329,0.058187224581122896,ssp126
-59.91666666666667,-11.583333333333329,0.05616158786390101,ssp126
-59.75,-11.583333333333329,0.05347981821786925,ssp126
-59.583333333333336,-11.583333333333329,0.03832645026391434,ssp126
-59.41666666666667,-11.583333333333329,0.041777171963806835,ssp126
-59.25,-11.583333333333329,0.058310738833021986,ssp126
-59.083333333333336,-11.583333333333329,0.045506511853220175,ssp126
-58.91666666666667,-11.583333333333329,0.05141519716407359,ssp126
-58.75,-11.583333333333329,0.06282205638198102,ssp126
-58.583333333333336,-11.583333333333329,0.06592558204031926,ssp126
-58.41666666666667,-11.583333333333329,0.06648625785550168,ssp126
-58.25,-11.583333333333329,0.05786243380731524,ssp126
-58.083333333333336,-11.583333333333329,0.07338777826236377,ssp126
-57.91666666666667,-11.583333333333329,0.08136458139260752,ssp126
-57.75,-11.583333333333329,0.06807205252488321,ssp126
-57.583333333333336,-11.583333333333329,0.06595621588815581,ssp126
-57.41666666666667,-11.583333333333329,0.08195594168198408,ssp126
-57.25,-11.583333333333329,0.09027761427206532,ssp126
-57.083333333333336,-11.583333333333329,0.08074061279475084,ssp126
-56.91666666666667,-11.583333333333329,0.08594909209410338,ssp126
-56.75,-11.583333333333329,0.07131433933691608,ssp126
-56.583333333333336,-11.583333333333329,0.048499421014318,ssp126
-56.41666666666667,-11.583333333333329,0.03857812845848637,ssp126
-56.25,-11.583333333333329,0.04784209985297368,ssp126
-56.083333333333336,-11.583333333333329,0.0338876133332638,ssp126
-55.91666666666667,-11.583333333333329,0.025375736869609505,ssp126
-55.75,-11.583333333333329,0.025591944117441714,ssp126
-55.583333333333336,-11.583333333333329,0.04243757230931974,ssp126
-55.41666666666667,-11.583333333333329,0.04097639880379978,ssp126
-55.25,-11.583333333333329,0.0390557361492961,ssp126
-55.083333333333336,-11.583333333333329,0.050536363581775656,ssp126
-54.91666666666667,-11.583333333333329,0.05224597461174496,ssp126
-54.75,-11.583333333333329,0.0375057971460969,ssp126
-54.583333333333336,-11.583333333333329,0.049893231847252556,ssp126
-54.41666666666667,-11.583333333333329,0.050492441286772924,ssp126
-54.25,-11.583333333333329,0.03643683081045433,ssp126
-54.083333333333336,-11.583333333333329,0.04187593889066626,ssp126
-53.91666666666667,-11.583333333333329,0.05109332146798541,ssp126
-53.75,-11.583333333333329,0.03934379615742026,ssp126
-53.583333333333336,-11.583333333333329,0.0326340939199739,ssp126
-53.41666666666667,-11.583333333333329,0.049316142686606196,ssp126
-53.25,-11.583333333333329,0.04812868958113609,ssp126
-53.083333333333336,-11.583333333333329,0.03697237727193372,ssp126
-52.91666666666667,-11.583333333333329,0.03679290976581333,ssp126
-52.75,-11.583333333333329,0.048408376821949005,ssp126
-52.583333333333336,-11.583333333333329,0.02787713280028338,ssp126
-52.41666666666667,-11.583333333333329,0.025294603724454807,ssp126
-52.25,-11.583333333333329,0.026619188409581926,ssp126
-52.083333333333336,-11.583333333333329,0.03195754386022754,ssp126
-51.91666666666667,-11.583333333333329,0.02776018096445252,ssp126
-51.75,-11.583333333333329,0.030147755661229667,ssp126
-51.583333333333336,-11.583333333333329,0.03440411022849474,ssp126
-64.91666666666667,-11.749999999999996,0.0910524146792799,ssp126
-64.75,-11.749999999999996,0.09685499845824,ssp126
-64.58333333333333,-11.749999999999996,0.09818197867623758,ssp126
-64.41666666666667,-11.749999999999996,0.08904537159518332,ssp126
-64.25,-11.749999999999996,0.06473948677017091,ssp126
-64.08333333333333,-11.749999999999996,0.07728230257595206,ssp126
-63.91666666666667,-11.749999999999996,0.08799239699723575,ssp126
-63.75,-11.749999999999996,0.059336835502852465,ssp126
-63.583333333333336,-11.749999999999996,0.04153991324710041,ssp126
-63.41666666666667,-11.749999999999996,0.07569169622632319,ssp126
-63.25,-11.749999999999996,0.08168094957265694,ssp126
-63.083333333333336,-11.749999999999996,0.07324278822081606,ssp126
-62.91666666666667,-11.749999999999996,0.1022810967857303,ssp126
-62.75,-11.749999999999996,0.11433244274173832,ssp126
-62.583333333333336,-11.749999999999996,0.11031340844267223,ssp126
-62.41666666666667,-11.749999999999996,0.07498846818482949,ssp126
-62.25,-11.749999999999996,0.07198905979911659,ssp126
-62.083333333333336,-11.749999999999996,0.08259823813203027,ssp126
-61.91666666666667,-11.749999999999996,0.08805418933475004,ssp126
-61.75,-11.749999999999996,0.09294107354422793,ssp126
-61.583333333333336,-11.749999999999996,0.08841673747016418,ssp126
-61.41666666666667,-11.749999999999996,0.09771155518112597,ssp126
-61.25,-11.749999999999996,0.09911951920764667,ssp126
-61.083333333333336,-11.749999999999996,0.15376519214153755,ssp126
-60.91666666666667,-11.749999999999996,0.17425171629829433,ssp126
-60.75,-11.749999999999996,0.19055313635552867,ssp126
-60.583333333333336,-11.749999999999996,0.11049369005339867,ssp126
-60.41666666666667,-11.749999999999996,0.06007121715983496,ssp126
-60.25,-11.749999999999996,0.04011536939218222,ssp126
-60.083333333333336,-11.749999999999996,0.03930075393889878,ssp126
-59.91666666666667,-11.749999999999996,0.037173744993959444,ssp126
-59.75,-11.749999999999996,0.051098129567399904,ssp126
-59.583333333333336,-11.749999999999996,0.05846434269271657,ssp126
-59.41666666666667,-11.749999999999996,0.05678909105117217,ssp126
-59.25,-11.749999999999996,0.041225136209299594,ssp126
-59.083333333333336,-11.749999999999996,0.04174212657226654,ssp126
-58.91666666666667,-11.749999999999996,0.040614538614091034,ssp126
-58.75,-11.749999999999996,0.061521246665562794,ssp126
-58.583333333333336,-11.749999999999996,0.07828987050421404,ssp126
-58.41666666666667,-11.749999999999996,0.07079614367540031,ssp126
-58.25,-11.749999999999996,0.0559292259772744,ssp126
-58.083333333333336,-11.749999999999996,0.07199669656472626,ssp126
-57.91666666666667,-11.749999999999996,0.10274152305303724,ssp126
-57.75,-11.749999999999996,0.10078324668051965,ssp126
-57.583333333333336,-11.749999999999996,0.08428082646990233,ssp126
-57.41666666666667,-11.749999999999996,0.10902388776528872,ssp126
-57.25,-11.749999999999996,0.11105326211407247,ssp126
-57.083333333333336,-11.749999999999996,0.02601811465391044,ssp126
-56.91666666666667,-11.749999999999996,0.0201747498529449,ssp126
-56.75,-11.749999999999996,0.02048460252248924,ssp126
-56.583333333333336,-11.749999999999996,0.014202948806722484,ssp126
-56.41666666666667,-11.749999999999996,0.021582255364914663,ssp126
-56.25,-11.749999999999996,0.01990546921132193,ssp126
-56.083333333333336,-11.749999999999996,0.03583194594728645,ssp126
-55.91666666666667,-11.749999999999996,0.03527153698623213,ssp126
-55.75,-11.749999999999996,0.034504175481029666,ssp126
-55.583333333333336,-11.749999999999996,0.02979769147629373,ssp126
-55.41666666666667,-11.749999999999996,0.05073969269615698,ssp126
-55.25,-11.749999999999996,0.034348844771765606,ssp126
-55.083333333333336,-11.749999999999996,0.03305565515972058,ssp126
-54.91666666666667,-11.749999999999996,0.043328618524854944,ssp126
-54.75,-11.749999999999996,0.03843882385499236,ssp126
-54.583333333333336,-11.749999999999996,0.0554431980323357,ssp126
-54.41666666666667,-11.749999999999996,0.02858927133620135,ssp126
-54.25,-11.749999999999996,0.033439362429018585,ssp126
-54.083333333333336,-11.749999999999996,0.04682965315855703,ssp126
-53.91666666666667,-11.749999999999996,0.03799835742539501,ssp126
-53.75,-11.749999999999996,0.028088698549252947,ssp126
-53.583333333333336,-11.749999999999996,0.05101788763299603,ssp126
-53.41666666666667,-11.749999999999996,0.042306741310069354,ssp126
-53.25,-11.749999999999996,0.055134854774630065,ssp126
-53.083333333333336,-11.749999999999996,0.045126137864571904,ssp126
-52.91666666666667,-11.749999999999996,0.04380547304878301,ssp126
-52.75,-11.749999999999996,0.055748716129541825,ssp126
-52.583333333333336,-11.749999999999996,0.048070715266886214,ssp126
-52.41666666666667,-11.749999999999996,0.03824243782128754,ssp126
-52.25,-11.749999999999996,0.03619915310626815,ssp126
-52.083333333333336,-11.749999999999996,0.029837955405753992,ssp126
-51.91666666666667,-11.749999999999996,0.0407021587494976,ssp126
-51.75,-11.749999999999996,0.028361756384807528,ssp126
-51.583333333333336,-11.749999999999996,0.03401553191831384,ssp126
-64.75,-11.916666666666664,0.09901324875235655,ssp126
-64.58333333333333,-11.916666666666664,0.09854016320211947,ssp126
-64.41666666666667,-11.916666666666664,0.09628015356015611,ssp126
-64.25,-11.916666666666664,0.09519516567982422,ssp126
-64.08333333333333,-11.916666666666664,0.08254468573181802,ssp126
-63.91666666666667,-11.916666666666664,0.08107873052346894,ssp126
-63.75,-11.916666666666664,0.08091999102188369,ssp126
-63.583333333333336,-11.916666666666664,0.08153567690740492,ssp126
-63.41666666666667,-11.916666666666664,0.08158361374403435,ssp126
-63.25,-11.916666666666664,0.07940027251130262,ssp126
-63.083333333333336,-11.916666666666664,0.07333883455584139,ssp126
-62.91666666666667,-11.916666666666664,0.07183768320463602,ssp126
-62.75,-11.916666666666664,0.11982808968433963,ssp126
-62.583333333333336,-11.916666666666664,0.08433567185855127,ssp126
-62.41666666666667,-11.916666666666664,0.12175073499917748,ssp126
-62.25,-11.916666666666664,0.06982976066997845,ssp126
-62.083333333333336,-11.916666666666664,0.04184405209616103,ssp126
-61.91666666666667,-11.916666666666664,0.05790782065799828,ssp126
-61.75,-11.916666666666664,0.08166617303107901,ssp126
-61.583333333333336,-11.916666666666664,0.0771836209063984,ssp126
-61.41666666666667,-11.916666666666664,0.08735694258319972,ssp126
-61.25,-11.916666666666664,0.08667065014565108,ssp126
-61.083333333333336,-11.916666666666664,0.1186407360274617,ssp126
-60.91666666666667,-11.916666666666664,0.13615649041396444,ssp126
-60.75,-11.916666666666664,0.08770488235891945,ssp126
-60.583333333333336,-11.916666666666664,0.07817452112337274,ssp126
-60.41666666666667,-11.916666666666664,0.06274817796480615,ssp126
-60.25,-11.916666666666664,0.048148958981905764,ssp126
-60.083333333333336,-11.916666666666664,0.04760695444650204,ssp126
-59.91666666666667,-11.916666666666664,0.03547274127830802,ssp126
-59.75,-11.916666666666664,0.04145579636702129,ssp126
-59.583333333333336,-11.916666666666664,0.0458198439792028,ssp126
-58.91666666666667,-11.916666666666664,0.06455537886982707,ssp126
-58.75,-11.916666666666664,0.08002828883435367,ssp126
-58.583333333333336,-11.916666666666664,0.07706169944518688,ssp126
-58.41666666666667,-11.916666666666664,0.09364954780466146,ssp126
-58.25,-11.916666666666664,0.06871866497197046,ssp126
-58.083333333333336,-11.916666666666664,0.08729981251822971,ssp126
-57.91666666666667,-11.916666666666664,0.12459845016327255,ssp126
-57.75,-11.916666666666664,0.12340902219082005,ssp126
-57.583333333333336,-11.916666666666664,0.109115547237469,ssp126
-57.41666666666667,-11.916666666666664,0.02065596906071623,ssp126
-57.25,-11.916666666666664,0.022436397942408853,ssp126
-57.083333333333336,-11.916666666666664,0.03476663515015901,ssp126
-56.91666666666667,-11.916666666666664,0.02408829143841977,ssp126
-56.75,-11.916666666666664,0.02608151975832109,ssp126
-56.583333333333336,-11.916666666666664,0.031110478963067338,ssp126
-56.41666666666667,-11.916666666666664,0.024732633160874703,ssp126
-56.25,-11.916666666666664,0.03226418610851895,ssp126
-56.083333333333336,-11.916666666666664,0.04417455818058943,ssp126
-55.91666666666667,-11.916666666666664,0.04391673487027139,ssp126
-55.75,-11.916666666666664,0.04245728347081992,ssp126
-55.583333333333336,-11.916666666666664,0.03714568089721456,ssp126
-55.41666666666667,-11.916666666666664,0.04321628664106636,ssp126
-55.25,-11.916666666666664,0.03363849638335949,ssp126
-55.083333333333336,-11.916666666666664,0.03621760591120199,ssp126
-54.91666666666667,-11.916666666666664,0.03543368731143128,ssp126
-54.75,-11.916666666666664,0.033123727908681344,ssp126
-54.583333333333336,-11.916666666666664,0.03030765458291231,ssp126
-54.41666666666667,-11.916666666666664,0.033987349303275065,ssp126
-54.25,-11.916666666666664,0.044145299722313534,ssp126
-54.083333333333336,-11.916666666666664,0.040632200311031874,ssp126
-53.91666666666667,-11.916666666666664,0.03536736950217977,ssp126
-53.75,-11.916666666666664,0.032978324319475776,ssp126
-53.583333333333336,-11.916666666666664,0.08964386876549321,ssp126
-53.41666666666667,-11.916666666666664,0.04945906500786372,ssp126
-53.25,-11.916666666666664,0.04978931050470493,ssp126
-53.083333333333336,-11.916666666666664,0.04820915217336153,ssp126
-52.91666666666667,-11.916666666666664,0.10211441023271764,ssp126
-52.75,-11.916666666666664,0.04802505450424887,ssp126
-52.583333333333336,-11.916666666666664,0.04771275118168263,ssp126
-52.41666666666667,-11.916666666666664,0.06049119424753457,ssp126
-52.25,-11.916666666666664,0.03972803280565308,ssp126
-52.083333333333336,-11.916666666666664,0.02914645135706381,ssp126
-51.91666666666667,-11.916666666666664,0.031103440321678274,ssp126
-51.75,-11.916666666666664,0.02675099978561165,ssp126
-51.583333333333336,-11.916666666666664,0.030812011073684642,ssp126
-64.58333333333333,-12.083333333333329,0.09137220764507997,ssp126
-64.41666666666667,-12.083333333333329,0.09315364603421464,ssp126
-64.25,-12.083333333333329,0.08887853886386375,ssp126
-64.08333333333333,-12.083333333333329,0.08218478970734218,ssp126
-63.91666666666667,-12.083333333333329,0.07906095753163793,ssp126
-63.75,-12.083333333333329,0.06287265969717086,ssp126
-63.583333333333336,-12.083333333333329,0.0716130852504881,ssp126
-63.41666666666667,-12.083333333333329,0.07347976132086272,ssp126
-63.25,-12.083333333333329,0.08114781680813689,ssp126
-63.083333333333336,-12.083333333333329,0.08335562038144237,ssp126
-62.91666666666667,-12.083333333333329,0.08523686266782987,ssp126
-62.75,-12.083333333333329,0.0842964184097843,ssp126
-62.583333333333336,-12.083333333333329,0.09525127275370224,ssp126
-62.41666666666667,-12.083333333333329,0.08955866405282946,ssp126
-62.25,-12.083333333333329,0.02750261288916475,ssp126
-62.083333333333336,-12.083333333333329,0.02250693031866818,ssp126
-61.91666666666667,-12.083333333333329,0.02430345361511519,ssp126
-61.75,-12.083333333333329,0.029976555654135286,ssp126
-61.583333333333336,-12.083333333333329,0.05734469456270694,ssp126
-61.41666666666667,-12.083333333333329,0.07621595073862804,ssp126
-61.25,-12.083333333333329,0.07662655122902197,ssp126
-61.083333333333336,-12.083333333333329,0.07659805139187024,ssp126
-60.91666666666667,-12.083333333333329,0.06269377104731419,ssp126
-60.75,-12.083333333333329,0.05612607929854044,ssp126
-60.583333333333336,-12.083333333333329,0.0745802047901699,ssp126
-60.41666666666667,-12.083333333333329,0.05965227805105461,ssp126
-60.25,-12.083333333333329,0.05642333383017009,ssp126
-60.083333333333336,-12.083333333333329,0.03496688129128539,ssp126
-58.25,-12.083333333333329,0.08274404186210638,ssp126
-58.083333333333336,-12.083333333333329,0.09773820919543881,ssp126
-57.91666666666667,-12.083333333333329,0.11204275078436558,ssp126
-57.75,-12.083333333333329,0.13306456379347464,ssp126
-57.583333333333336,-12.083333333333329,0.025008655874766094,ssp126
-57.41666666666667,-12.083333333333329,0.03205636348435787,ssp126
-57.25,-12.083333333333329,0.020088429735933687,ssp126
-57.083333333333336,-12.083333333333329,0.028007762933758014,ssp126
-56.91666666666667,-12.083333333333329,0.03078563385922495,ssp126
-56.75,-12.083333333333329,0.047689330440034726,ssp126
-56.583333333333336,-12.083333333333329,0.06326249351308261,ssp126
-56.41666666666667,-12.083333333333329,0.059086803874649145,ssp126
-56.25,-12.083333333333329,0.03767904615931751,ssp126
-56.083333333333336,-12.083333333333329,0.04863189214139645,ssp126
-55.91666666666667,-12.083333333333329,0.04390847406101305,ssp126
-55.75,-12.083333333333329,0.0374421192926637,ssp126
-55.583333333333336,-12.083333333333329,0.04552592651700895,ssp126
-55.41666666666667,-12.083333333333329,0.03579842754877311,ssp126
-55.25,-12.083333333333329,0.031094715368767473,ssp126
-55.083333333333336,-12.083333333333329,0.03138189641370465,ssp126
-54.91666666666667,-12.083333333333329,0.03889671122430069,ssp126
-54.75,-12.083333333333329,0.02556025119044624,ssp126
-54.583333333333336,-12.083333333333329,0.024778645510434554,ssp126
-54.41666666666667,-12.083333333333329,0.03499527887680906,ssp126
-54.25,-12.083333333333329,0.03618363672357449,ssp126
-54.083333333333336,-12.083333333333329,0.0350000482180184,ssp126
-53.91666666666667,-12.083333333333329,0.03793397822855679,ssp126
-53.75,-12.083333333333329,0.04542518441376131,ssp126
-53.583333333333336,-12.083333333333329,0.07802612876806907,ssp126
-53.41666666666667,-12.083333333333329,0.10217255492095915,ssp126
-53.25,-12.083333333333329,0.053797890071725175,ssp126
-53.083333333333336,-12.083333333333329,0.052715739195091885,ssp126
-52.91666666666667,-12.083333333333329,0.12089917630816349,ssp126
-52.75,-12.083333333333329,0.04640798601432513,ssp126
-52.583333333333336,-12.083333333333329,0.04435420222299558,ssp126
-52.41666666666667,-12.083333333333329,0.10482639543043783,ssp126
-52.25,-12.083333333333329,0.1103201537230265,ssp126
-52.083333333333336,-12.083333333333329,0.042356445324645935,ssp126
-51.91666666666667,-12.083333333333329,0.034620847736737265,ssp126
-51.75,-12.083333333333329,0.02868434396068934,ssp126
-51.583333333333336,-12.083333333333329,0.040215565034643026,ssp126
-64.41666666666667,-12.249999999999996,0.10227081178194763,ssp126
-64.25,-12.249999999999996,0.08932177140370832,ssp126
-64.08333333333333,-12.249999999999996,0.07321998002145778,ssp126
-63.91666666666667,-12.249999999999996,0.07815768096560037,ssp126
-63.75,-12.249999999999996,0.07152786142895928,ssp126
-63.583333333333336,-12.249999999999996,0.07800279052241064,ssp126
-63.41666666666667,-12.249999999999996,0.07688264595231531,ssp126
-63.25,-12.249999999999996,0.0755986033025178,ssp126
-63.083333333333336,-12.249999999999996,0.08833454943533028,ssp126
-62.91666666666667,-12.249999999999996,0.09563202805227525,ssp126
-62.75,-12.249999999999996,0.09302254823334496,ssp126
-62.583333333333336,-12.249999999999996,0.09923394524742299,ssp126
-62.41666666666667,-12.249999999999996,0.11347686976543654,ssp126
-62.25,-12.249999999999996,0.06836488546586217,ssp126
-62.083333333333336,-12.249999999999996,0.06880544020321919,ssp126
-61.91666666666667,-12.249999999999996,0.08136098236053302,ssp126
-61.75,-12.249999999999996,0.034297155566660575,ssp126
-61.583333333333336,-12.249999999999996,0.04442880768782001,ssp126
-61.41666666666667,-12.249999999999996,0.04971572390923959,ssp126
-61.25,-12.249999999999996,0.05455585684879398,ssp126
-61.083333333333336,-12.249999999999996,0.04511036945542432,ssp126
-60.91666666666667,-12.249999999999996,0.06675881655948614,ssp126
-60.75,-12.249999999999996,0.059091254441652176,ssp126
-60.583333333333336,-12.249999999999996,0.06832479891577033,ssp126
-60.41666666666667,-12.249999999999996,0.07296453698447747,ssp126
-60.25,-12.249999999999996,0.05684760452322635,ssp126
-60.083333333333336,-12.249999999999996,0.03458981604152479,ssp126
-58.25,-12.249999999999996,0.0830753024762391,ssp126
-58.083333333333336,-12.249999999999996,0.11508375693513326,ssp126
-57.91666666666667,-12.249999999999996,0.1466678559851431,ssp126
-57.75,-12.249999999999996,0.13633459504224046,ssp126
-57.583333333333336,-12.249999999999996,0.026211238576175806,ssp126
-57.41666666666667,-12.249999999999996,0.021844638759691386,ssp126
-57.25,-12.249999999999996,0.017164915798169714,ssp126
-57.083333333333336,-12.249999999999996,0.027547694285503868,ssp126
-56.91666666666667,-12.249999999999996,0.04946987431867525,ssp126
-56.75,-12.249999999999996,0.06020109487695903,ssp126
-56.583333333333336,-12.249999999999996,0.06314275460601775,ssp126
-56.41666666666667,-12.249999999999996,0.06335542798552939,ssp126
-56.25,-12.249999999999996,0.05272173547817609,ssp126
-56.083333333333336,-12.249999999999996,0.025204118570889784,ssp126
-55.91666666666667,-12.249999999999996,0.03517452851425857,ssp126
-55.75,-12.249999999999996,0.03620608758057884,ssp126
-55.583333333333336,-12.249999999999996,0.05090422557647007,ssp126
-55.41666666666667,-12.249999999999996,0.03948145945665869,ssp126
-55.25,-12.249999999999996,0.030829719497424617,ssp126
-55.083333333333336,-12.249999999999996,0.02193418235898674,ssp126
-54.91666666666667,-12.249999999999996,0.02266218410045486,ssp126
-54.75,-12.249999999999996,0.018583364408951954,ssp126
-54.583333333333336,-12.249999999999996,0.03590585530796981,ssp126
-54.41666666666667,-12.249999999999996,0.03214820481922957,ssp126
-54.25,-12.249999999999996,0.0387899226671136,ssp126
-54.083333333333336,-12.249999999999996,0.03786829207095833,ssp126
-53.91666666666667,-12.249999999999996,0.04322393861913161,ssp126
-53.75,-12.249999999999996,0.037987495917130354,ssp126
-53.583333333333336,-12.249999999999996,0.04444574190666642,ssp126
-53.41666666666667,-12.249999999999996,0.05725330458777388,ssp126
-53.25,-12.249999999999996,0.06580465721999494,ssp126
-53.083333333333336,-12.249999999999996,0.046997639353022876,ssp126
-52.91666666666667,-12.249999999999996,0.05229868558554044,ssp126
-52.75,-12.249999999999996,0.04362800713482962,ssp126
-52.583333333333336,-12.249999999999996,0.04387365246291472,ssp126
-52.41666666666667,-12.249999999999996,0.04346845649177142,ssp126
-52.25,-12.249999999999996,0.049495997851926724,ssp126
-52.083333333333336,-12.249999999999996,0.04676030573694911,ssp126
-51.91666666666667,-12.249999999999996,0.04494978909480692,ssp126
-51.75,-12.249999999999996,0.05115962848092202,ssp126
-51.583333333333336,-12.249999999999996,0.03615157258271035,ssp126
-64.08333333333333,-12.416666666666664,0.09522018194978325,ssp126
-63.41666666666667,-12.416666666666664,0.07355112382365306,ssp126
-63.25,-12.416666666666664,0.07652513712423181,ssp126
-63.083333333333336,-12.416666666666664,0.07983146711614005,ssp126
-62.91666666666667,-12.416666666666664,0.10117624185672561,ssp126
-62.75,-12.416666666666664,0.09335022345502515,ssp126
-62.583333333333336,-12.416666666666664,0.08911306067499274,ssp126
-62.41666666666667,-12.416666666666664,0.07877987314635346,ssp126
-62.25,-12.416666666666664,0.07860621550159703,ssp126
-62.083333333333336,-12.416666666666664,0.09000691117320288,ssp126
-61.91666666666667,-12.416666666666664,0.1055943493137694,ssp126
-61.75,-12.416666666666664,0.038679171486742145,ssp126
-61.583333333333336,-12.416666666666664,0.018466102570938683,ssp126
-61.41666666666667,-12.416666666666664,0.02909930922045714,ssp126
-61.25,-12.416666666666664,0.02764167578908297,ssp126
-61.083333333333336,-12.416666666666664,0.04761902042328991,ssp126
-60.91666666666667,-12.416666666666664,0.06099872445105248,ssp126
-60.75,-12.416666666666664,0.07602828241093613,ssp126
-60.583333333333336,-12.416666666666664,0.06767841941665292,ssp126
-60.41666666666667,-12.416666666666664,0.07005939141611589,ssp126
-60.25,-12.416666666666664,0.0479138185442013,ssp126
-60.083333333333336,-12.416666666666664,0.027776372324674215,ssp126
-57.75,-12.416666666666664,0.10659976491274516,ssp126
-57.583333333333336,-12.416666666666664,0.038948020051508325,ssp126
-57.41666666666667,-12.416666666666664,0.029908120914524293,ssp126
-57.25,-12.416666666666664,0.03503466062085738,ssp126
-57.083333333333336,-12.416666666666664,0.025740553917314567,ssp126
-56.91666666666667,-12.416666666666664,0.053679903911237184,ssp126
-56.75,-12.416666666666664,0.05675209032400245,ssp126
-56.583333333333336,-12.416666666666664,0.06462645481985929,ssp126
-56.41666666666667,-12.416666666666664,0.05623888487040141,ssp126
-56.25,-12.416666666666664,0.03803738625514742,ssp126
-56.083333333333336,-12.416666666666664,0.0415810234935648,ssp126
-55.41666666666667,-12.416666666666664,0.04059943918949649,ssp126
-55.25,-12.416666666666664,0.030125341899325274,ssp126
-55.083333333333336,-12.416666666666664,0.015023274331314016,ssp126
-54.91666666666667,-12.416666666666664,0.019627253142634058,ssp126
-54.75,-12.416666666666664,0.01385383145670213,ssp126
-54.583333333333336,-12.416666666666664,0.02442995687798469,ssp126
-54.41666666666667,-12.416666666666664,0.03413421246616409,ssp126
-54.25,-12.416666666666664,0.026735344035989494,ssp126
-54.083333333333336,-12.416666666666664,0.0344892901103018,ssp126
-53.91666666666667,-12.416666666666664,0.02745544836250891,ssp126
-53.75,-12.416666666666664,0.037795346581428815,ssp126
-53.583333333333336,-12.416666666666664,0.0393832759130934,ssp126
-53.41666666666667,-12.416666666666664,0.04361370361665903,ssp126
-53.25,-12.416666666666664,0.06090750193669757,ssp126
-53.083333333333336,-12.416666666666664,0.05439206243848499,ssp126
-52.91666666666667,-12.416666666666664,0.05109071671025852,ssp126
-52.75,-12.416666666666664,0.049344404225979584,ssp126
-52.583333333333336,-12.416666666666664,0.050065495597903076,ssp126
-52.41666666666667,-12.416666666666664,0.05521578615361398,ssp126
-52.25,-12.416666666666664,0.05012553450394081,ssp126
-52.083333333333336,-12.416666666666664,0.04491860219500679,ssp126
-51.91666666666667,-12.416666666666664,0.04242597747595709,ssp126
-51.75,-12.416666666666664,0.05132936090657706,ssp126
-51.583333333333336,-12.416666666666664,0.03524673821531264,ssp126
-63.25,-12.583333333333329,0.07472936745574547,ssp126
-63.083333333333336,-12.583333333333329,0.08489519500049182,ssp126
-62.91666666666667,-12.583333333333329,0.09165059753456817,ssp126
-62.75,-12.583333333333329,0.09556471064182118,ssp126
-62.583333333333336,-12.583333333333329,0.09363440750903622,ssp126
-62.41666666666667,-12.583333333333329,0.0824003806598039,ssp126
-62.25,-12.583333333333329,0.08719137605773059,ssp126
-62.083333333333336,-12.583333333333329,0.08373898879552591,ssp126
-61.91666666666667,-12.583333333333329,0.10345324948230598,ssp126
-61.75,-12.583333333333329,0.1051219276453926,ssp126
-61.583333333333336,-12.583333333333329,0.07572812606254811,ssp126
-61.41666666666667,-12.583333333333329,0.04750265811929127,ssp126
-61.25,-12.583333333333329,0.03500334171685108,ssp126
-61.083333333333336,-12.583333333333329,0.038608907299477496,ssp126
-60.91666666666667,-12.583333333333329,0.05428515711386181,ssp126
-60.75,-12.583333333333329,0.05496316199799507,ssp126
-60.583333333333336,-12.583333333333329,0.037738872948500486,ssp126
-60.41666666666667,-12.583333333333329,0.027390851294768224,ssp126
-60.25,-12.583333333333329,0.02456647705263852,ssp126
-60.083333333333336,-12.583333333333329,0.011510841522464252,ssp126
-57.75,-12.583333333333329,0.12493374911869926,ssp126
-57.583333333333336,-12.583333333333329,0.023344071952169445,ssp126
-57.41666666666667,-12.583333333333329,0.031504768859005085,ssp126
-57.25,-12.583333333333329,0.02512274345556931,ssp126
-57.083333333333336,-12.583333333333329,0.022924706917075106,ssp126
-56.91666666666667,-12.583333333333329,0.029605156037569923,ssp126
-56.75,-12.583333333333329,0.05082488972381073,ssp126
-56.583333333333336,-12.583333333333329,0.054774278450349545,ssp126
-55.41666666666667,-12.583333333333329,0.012413705885739043,ssp126
-55.25,-12.583333333333329,0.010583261548239494,ssp126
-55.083333333333336,-12.583333333333329,0.00929166519397933,ssp126
-54.91666666666667,-12.583333333333329,0.014471007457528778,ssp126
-54.75,-12.583333333333329,0.013783607793095561,ssp126
-54.583333333333336,-12.583333333333329,0.0299924549075113,ssp126
-54.41666666666667,-12.583333333333329,0.04785980900863952,ssp126
-54.25,-12.583333333333329,0.020522491518766738,ssp126
-54.083333333333336,-12.583333333333329,0.05066333802550017,ssp126
-53.91666666666667,-12.583333333333329,0.019162504562985457,ssp126
-53.75,-12.583333333333329,0.028068733576237154,ssp126
-53.583333333333336,-12.583333333333329,0.027244556778064827,ssp126
-53.41666666666667,-12.583333333333329,0.03927844831345635,ssp126
-53.25,-12.583333333333329,0.04862281287970187,ssp126
-53.083333333333336,-12.583333333333329,0.061549818860384166,ssp126
-52.91666666666667,-12.583333333333329,0.056749124549223845,ssp126
-52.75,-12.583333333333329,0.052679668376828,ssp126
-52.583333333333336,-12.583333333333329,0.04690837583598494,ssp126
-52.41666666666667,-12.583333333333329,0.043166488937582674,ssp126
-52.25,-12.583333333333329,0.05997596595459571,ssp126
-52.083333333333336,-12.583333333333329,0.04907581475618336,ssp126
-51.91666666666667,-12.583333333333329,0.04692009172402058,ssp126
-51.75,-12.583333333333329,0.03542859214863518,ssp126
-62.91666666666667,-12.749999999999996,0.08906810861653562,ssp126
-62.75,-12.749999999999996,0.09345910414047581,ssp126
-62.583333333333336,-12.749999999999996,0.10778246514014767,ssp126
-62.41666666666667,-12.749999999999996,0.09003883150635471,ssp126
-62.25,-12.749999999999996,0.09379639048253546,ssp126
-62.083333333333336,-12.749999999999996,0.09737655077500341,ssp126
-61.91666666666667,-12.749999999999996,0.10601400998304061,ssp126
-61.75,-12.749999999999996,0.11626612965273841,ssp126
-61.583333333333336,-12.749999999999996,0.11393200433313025,ssp126
-61.41666666666667,-12.749999999999996,0.09949790645759855,ssp126
-61.25,-12.749999999999996,0.059469117643524534,ssp126
-61.083333333333336,-12.749999999999996,0.05077724143391432,ssp126
-60.91666666666667,-12.749999999999996,0.057611452756405036,ssp126
-60.75,-12.749999999999996,0.08151328065164937,ssp126
-60.583333333333336,-12.749999999999996,0.08114257269122668,ssp126
-60.41666666666667,-12.749999999999996,0.02532899425916946,ssp126
-60.25,-12.749999999999996,0.01668745669416375,ssp126
-60.083333333333336,-12.749999999999996,0.011669397744230663,ssp126
-57.75,-12.749999999999996,0.01921538589542281,ssp126
-57.583333333333336,-12.749999999999996,0.025915150470723607,ssp126
-57.41666666666667,-12.749999999999996,0.030129677404033772,ssp126
-57.25,-12.749999999999996,0.028852136375138903,ssp126
-57.083333333333336,-12.749999999999996,0.01627025513609706,ssp126
-56.91666666666667,-12.749999999999996,0.024869363766141288,ssp126
-56.75,-12.749999999999996,0.031195786091458087,ssp126
-56.583333333333336,-12.749999999999996,0.029256247938404797,ssp126
-55.41666666666667,-12.749999999999996,0.014089093397072422,ssp126
-55.25,-12.749999999999996,0.012347427931792736,ssp126
-55.083333333333336,-12.749999999999996,0.008765397099877188,ssp126
-54.91666666666667,-12.749999999999996,0.015240504696991843,ssp126
-54.75,-12.749999999999996,0.015490894036303278,ssp126
-54.583333333333336,-12.749999999999996,0.019834061305061983,ssp126
-54.41666666666667,-12.749999999999996,0.01919847872613537,ssp126
-54.25,-12.749999999999996,0.031920997905538866,ssp126
-54.083333333333336,-12.749999999999996,0.02479104070423251,ssp126
-53.91666666666667,-12.749999999999996,0.02136195801000848,ssp126
-53.75,-12.749999999999996,0.02318425947514603,ssp126
-53.583333333333336,-12.749999999999996,0.01638117191263958,ssp126
-53.41666666666667,-12.749999999999996,0.03334969151770008,ssp126
-53.25,-12.749999999999996,0.03196973439203862,ssp126
-53.083333333333336,-12.749999999999996,0.03795960788620275,ssp126
-52.91666666666667,-12.749999999999996,0.06392918155625653,ssp126
-52.75,-12.749999999999996,0.05450772841491155,ssp126
-52.583333333333336,-12.749999999999996,0.04653405484393917,ssp126
-52.41666666666667,-12.749999999999996,0.03873836988521305,ssp126
-52.25,-12.749999999999996,0.047325516371588126,ssp126
-52.083333333333336,-12.749999999999996,0.052037359094892995,ssp126
-51.91666666666667,-12.749999999999996,0.03873524954142588,ssp126
-62.583333333333336,-12.916666666666664,0.05787433432434912,ssp126
-62.41666666666667,-12.916666666666664,0.059761645644029096,ssp126
-62.25,-12.916666666666664,0.05706874402546376,ssp126
-62.083333333333336,-12.916666666666664,0.06385307628033603,ssp126
-61.91666666666667,-12.916666666666664,0.06879742207321288,ssp126
-61.75,-12.916666666666664,0.11126182694436575,ssp126
-61.583333333333336,-12.916666666666664,0.10886307611714473,ssp126
-61.41666666666667,-12.916666666666664,0.11443773855599257,ssp126
-61.25,-12.916666666666664,0.10134521816392833,ssp126
-61.083333333333336,-12.916666666666664,0.09343618283050878,ssp126
-60.91666666666667,-12.916666666666664,0.07315763728962393,ssp126
-60.75,-12.916666666666664,0.07978527564592425,ssp126
-60.583333333333336,-12.916666666666664,0.02142011617526207,ssp126
-60.41666666666667,-12.916666666666664,0.0802547785569928,ssp126
-60.25,-12.916666666666664,0.0865495663463276,ssp126
-60.083333333333336,-12.916666666666664,0.017805607168489015,ssp126
-57.91666666666667,-12.916666666666664,0.07234879661209644,ssp126
-57.75,-12.916666666666664,0.015996004403239734,ssp126
-57.583333333333336,-12.916666666666664,0.022202429287161523,ssp126
-57.41666666666667,-12.916666666666664,0.022849869815371782,ssp126
-57.25,-12.916666666666664,0.02591743328686548,ssp126
-57.083333333333336,-12.916666666666664,0.0350930873400587,ssp126
-56.91666666666667,-12.916666666666664,0.016010808700834996,ssp126
-56.75,-12.916666666666664,0.036997980029900505,ssp126
-56.583333333333336,-12.916666666666664,0.019578032644541225,ssp126
-55.25,-12.916666666666664,0.009628476009830432,ssp126
-55.083333333333336,-12.916666666666664,0.00919312418066123,ssp126
-54.91666666666667,-12.916666666666664,0.01047755048027047,ssp126
-54.75,-12.916666666666664,0.01839118913063913,ssp126
-54.583333333333336,-12.916666666666664,0.019545683241576996,ssp126
-54.41666666666667,-12.916666666666664,0.020773703296945386,ssp126
-54.25,-12.916666666666664,0.022115860743014,ssp126
-54.083333333333336,-12.916666666666664,0.02492486142083046,ssp126
-53.91666666666667,-12.916666666666664,0.03909054114173293,ssp126
-53.75,-12.916666666666664,0.02960541800438576,ssp126
-53.583333333333336,-12.916666666666664,0.015892252825633824,ssp126
-53.41666666666667,-12.916666666666664,0.02477658300613282,ssp126
-53.25,-12.916666666666664,0.024785778008571294,ssp126
-53.083333333333336,-12.916666666666664,0.02834941453032116,ssp126
-52.91666666666667,-12.916666666666664,0.05439222409148934,ssp126
-52.75,-12.916666666666664,0.05287266859150995,ssp126
-52.583333333333336,-12.916666666666664,0.04832808368497486,ssp126
-52.41666666666667,-12.916666666666664,0.04256999667237086,ssp126
-52.25,-12.916666666666664,0.04832103912785506,ssp126
-52.083333333333336,-12.916666666666664,0.048283408136160305,ssp126
-61.91666666666667,-13.083333333333329,0.07205276816690179,ssp126
-61.75,-13.083333333333329,0.07300427808347378,ssp126
-61.583333333333336,-13.083333333333329,0.0676885413754897,ssp126
-61.41666666666667,-13.083333333333329,0.12733009817062949,ssp126
-61.25,-13.083333333333329,0.12630474646192785,ssp126
-61.083333333333336,-13.083333333333329,0.13153766260730743,ssp126
-60.91666666666667,-13.083333333333329,0.12483254897275281,ssp126
-60.75,-13.083333333333329,0.08236408427771516,ssp126
-60.583333333333336,-13.083333333333329,0.046965764454215395,ssp126
-60.41666666666667,-13.083333333333329,0.11747530547608713,ssp126
-60.25,-13.083333333333329,0.1994477267606269,ssp126
-60.083333333333336,-13.083333333333329,0.049198649729360604,ssp126
-59.91666666666667,-13.083333333333329,0.018973967750789814,ssp126
-57.583333333333336,-13.083333333333329,0.018319128282412868,ssp126
-57.41666666666667,-13.083333333333329,0.021343392342404736,ssp126
-57.25,-13.083333333333329,0.014929152612098736,ssp126
-57.083333333333336,-13.083333333333329,0.03272266138165444,ssp126
-56.91666666666667,-13.083333333333329,0.01189122137906545,ssp126
-56.75,-13.083333333333329,0.017009189853038897,ssp126
-56.583333333333336,-13.083333333333329,0.01448039611736019,ssp126
-56.41666666666667,-13.083333333333329,0.013802685057807578,ssp126
-55.083333333333336,-13.083333333333329,0.008728224117579644,ssp126
-54.91666666666667,-13.083333333333329,0.010306077185465964,ssp126
-54.75,-13.083333333333329,0.024117836847440947,ssp126
-54.583333333333336,-13.083333333333329,0.01971803806100557,ssp126
-54.41666666666667,-13.083333333333329,0.014083631523694528,ssp126
-54.25,-13.083333333333329,0.04003805548659556,ssp126
-54.083333333333336,-13.083333333333329,0.02310606091579542,ssp126
-53.91666666666667,-13.083333333333329,0.019204530296631696,ssp126
-53.75,-13.083333333333329,0.019966694099857456,ssp126
-53.583333333333336,-13.083333333333329,0.02559854284722985,ssp126
-53.41666666666667,-13.083333333333329,0.02878258482817185,ssp126
-53.25,-13.083333333333329,0.05188753452429514,ssp126
-53.083333333333336,-13.083333333333329,0.04579666427450835,ssp126
-52.91666666666667,-13.083333333333329,0.049280119704279264,ssp126
-52.75,-13.083333333333329,0.05554108770811232,ssp126
-52.583333333333336,-13.083333333333329,0.046437326112668265,ssp126
-52.41666666666667,-13.083333333333329,0.04182703073784501,ssp126
-61.91666666666667,-13.249999999999996,0.0733578686067262,ssp126
-61.75,-13.249999999999996,0.07352555562957028,ssp126
-61.583333333333336,-13.249999999999996,0.06988445454933875,ssp126
-61.41666666666667,-13.249999999999996,0.07435817043970369,ssp126
-61.25,-13.249999999999996,0.14213607541190826,ssp126
-61.083333333333336,-13.249999999999996,0.14724221316000408,ssp126
-60.91666666666667,-13.249999999999996,0.15797558453453228,ssp126
-60.75,-13.249999999999996,0.192262805003078,ssp126
-60.583333333333336,-13.249999999999996,0.09837973049648713,ssp126
-60.41666666666667,-13.249999999999996,0.1327066364696727,ssp126
-60.25,-13.249999999999996,0.19225447566270026,ssp126
-60.083333333333336,-13.249999999999996,0.14619012348888732,ssp126
-59.91666666666667,-13.249999999999996,0.03322557301283981,ssp126
-57.41666666666667,-13.249999999999996,0.0156058061174313,ssp126
-57.25,-13.249999999999996,0.014039406797596188,ssp126
-57.083333333333336,-13.249999999999996,0.01835002148386807,ssp126
-56.91666666666667,-13.249999999999996,0.010492919362461672,ssp126
-56.75,-13.249999999999996,0.010656983135251088,ssp126
-56.583333333333336,-13.249999999999996,0.012802393188013341,ssp126
-56.41666666666667,-13.249999999999996,0.01669413788970074,ssp126
-55.083333333333336,-13.249999999999996,0.008736117941078184,ssp126
-54.91666666666667,-13.249999999999996,0.009301445268072186,ssp126
-54.75,-13.249999999999996,0.01822924748112755,ssp126
-54.583333333333336,-13.249999999999996,0.012224368556841416,ssp126
-54.41666666666667,-13.249999999999996,0.013537694510504485,ssp126
-54.25,-13.249999999999996,0.015458688633358121,ssp126
-54.083333333333336,-13.249999999999996,0.023248602599589427,ssp126
-53.91666666666667,-13.249999999999996,0.016453898849298723,ssp126
-53.75,-13.249999999999996,0.010754122360260179,ssp126
-53.583333333333336,-13.249999999999996,0.015924008943928463,ssp126
-53.41666666666667,-13.249999999999996,0.0224565725902985,ssp126
-53.25,-13.249999999999996,0.04255625743077261,ssp126
-53.083333333333336,-13.249999999999996,0.04258913772974434,ssp126
-52.91666666666667,-13.249999999999996,0.06600472706222255,ssp126
-52.75,-13.249999999999996,0.0442412950669356,ssp126
-52.583333333333336,-13.249999999999996,0.049051344094949316,ssp126
-52.41666666666667,-13.249999999999996,0.04309330067275513,ssp126
-61.75,-13.416666666666664,0.07437381197011807,ssp126
-61.583333333333336,-13.416666666666664,0.07796261371757425,ssp126
-61.41666666666667,-13.416666666666664,0.07524367448814895,ssp126
-61.25,-13.416666666666664,0.07536703083590421,ssp126
-61.083333333333336,-13.416666666666664,0.16467851316028373,ssp126
-60.91666666666667,-13.416666666666664,0.17331683229888845,ssp126
-60.75,-13.416666666666664,0.1992778379979127,ssp126
-60.583333333333336,-13.416666666666664,0.15329712133538378,ssp126
-60.41666666666667,-13.416666666666664,0.1788477356968042,ssp126
-60.25,-13.416666666666664,0.18499488164152603,ssp126
-60.083333333333336,-13.416666666666664,0.1254514747801983,ssp126
-59.91666666666667,-13.416666666666664,0.026802372355388925,ssp126
-57.25,-13.416666666666664,0.01402427511414592,ssp126
-57.083333333333336,-13.416666666666664,0.013336620732544824,ssp126
-56.91666666666667,-13.416666666666664,0.010696664751291711,ssp126
-56.75,-13.416666666666664,0.01084700488519607,ssp126
-56.583333333333336,-13.416666666666664,0.01308237424054714,ssp126
-56.41666666666667,-13.416666666666664,0.010994854239900528,ssp126
-54.41666666666667,-13.416666666666664,0.011559986958090511,ssp126
-54.25,-13.416666666666664,0.015948111871657625,ssp126
-54.083333333333336,-13.416666666666664,0.018088539076133756,ssp126
-53.91666666666667,-13.416666666666664,0.008670128697594107,ssp126
-53.75,-13.416666666666664,0.010986710467781742,ssp126
-53.583333333333336,-13.416666666666664,0.012989835514970864,ssp126
-53.41666666666667,-13.416666666666664,0.02257118402743363,ssp126
-53.25,-13.416666666666664,0.03148722701219279,ssp126
-60.583333333333336,-13.583333333333329,0.05784308209677818,ssp126
-60.41666666666667,-13.583333333333329,0.0675171736875248,ssp126
-60.25,-13.583333333333329,0.0826494677034742,ssp126
-60.083333333333336,-13.583333333333329,0.03221215345394475,ssp126
-59.91666666666667,-13.583333333333329,0.0481264621888953,ssp126
-57.083333333333336,-13.583333333333329,0.01753815087002889,ssp126
-56.91666666666667,-13.583333333333329,0.008928028156823867,ssp126
-56.75,-13.583333333333329,0.0116758051702936,ssp126
-56.583333333333336,-13.583333333333329,0.015902051925958772,ssp126
-56.41666666666667,-13.583333333333329,0.010293449479119693,ssp126
-56.25,-13.583333333333329,0.010240074274321822,ssp126
-54.25,-13.583333333333329,0.009909682601099477,ssp126
-54.083333333333336,-13.583333333333329,0.007563460213338804,ssp126
-60.25,-13.749999999999996,0.09391904721152113,ssp126
-60.083333333333336,-13.749999999999996,0.07533053433393332,ssp126
-59.91666666666667,-13.749999999999996,0.021826597518236564,ssp126
-56.91666666666667,-13.749999999999996,0.009297334649839551,ssp126
-56.75,-13.749999999999996,0.01200165202974433,ssp126
-56.583333333333336,-13.749999999999996,0.008933512405320133,ssp126
-56.41666666666667,-13.749999999999996,0.014304042422356762,ssp126
-60.25,-13.916666666666664,0.0901087115532264,ssp126
-60.083333333333336,-13.916666666666664,0.0939451167606776,ssp126
-59.91666666666667,-13.916666666666664,0.08933038517175013,ssp126
-59.75,-13.916666666666664,0.022813613642609133,ssp126
-56.75,-13.916666666666664,0.006840446423000657,ssp126
-60.25,-14.083333333333329,0.09317697308706073,ssp126
-60.083333333333336,-14.083333333333329,0.10016116886097544,ssp126
-59.91666666666667,-14.083333333333329,0.10112525085314816,ssp126
-59.75,-14.083333333333329,0.1323914406584095,ssp126
-56.75,-14.083333333333329,0.007817368611600569,ssp126
-60.25,-14.249999999999996,0.13382750516694172,ssp126
-60.083333333333336,-14.249999999999996,0.10146403890045819,ssp126
-59.91666666666667,-14.249999999999996,0.09418705464833718,ssp126
-59.75,-14.249999999999996,0.15250962396932116,ssp126
-56.75,-14.249999999999996,0.015100640423717126,ssp126
-60.25,-14.416666666666664,0.08342421721124847,ssp126
-60.083333333333336,-14.416666666666664,0.1229498227992482,ssp126
-59.91666666666667,-14.416666666666664,0.14015152311325346,ssp126
-59.75,-14.416666666666664,0.12913987862938195,ssp126
-57.41666666666667,-14.416666666666664,0.04319696049961416,ssp126
-57.25,-14.416666666666664,0.025684719696990033,ssp126
-57.083333333333336,-14.416666666666664,0.019171495261066852,ssp126
-56.91666666666667,-14.416666666666664,0.028036406170451025,ssp126
-60.083333333333336,-14.583333333333329,0.1472008413538817,ssp126
-59.91666666666667,-14.583333333333329,0.12125439493435607,ssp126
-59.75,-14.583333333333329,0.04553297164671732,ssp126
-59.583333333333336,-14.583333333333329,0.12277512402754824,ssp126
-57.75,-14.583333333333329,0.020187769580296427,ssp126
-57.583333333333336,-14.583333333333329,0.00927212322242104,ssp126
-57.41666666666667,-14.583333333333329,0.02419111187884703,ssp126
-57.25,-14.583333333333329,0.017771385794186214,ssp126
-57.083333333333336,-14.583333333333329,0.03432830343909344,ssp126
-56.91666666666667,-14.583333333333329,0.08011523690405992,ssp126
-60.083333333333336,-14.749999999999996,0.21247655859874517,ssp126
-59.91666666666667,-14.749999999999996,0.1645003237008145,ssp126
-59.75,-14.749999999999996,0.024475175948964905,ssp126
-59.583333333333336,-14.749999999999996,0.03857242499414575,ssp126
-59.41666666666667,-14.749999999999996,0.16424973540760415,ssp126
-57.91666666666667,-14.749999999999996,0.025459091967055994,ssp126
-57.75,-14.749999999999996,0.027119540692436342,ssp126
-57.583333333333336,-14.749999999999996,0.015340160927346937,ssp126
-57.41666666666667,-14.749999999999996,0.023765536672934514,ssp126
-57.25,-14.749999999999996,0.1364414103122586,ssp126
-57.083333333333336,-14.749999999999996,0.14179822564836683,ssp126
-56.91666666666667,-14.749999999999996,0.11115082767950459,ssp126
-60.083333333333336,-14.916666666666664,0.021077192150858255,ssp126
-59.91666666666667,-14.916666666666664,0.1661269229300698,ssp126
-59.75,-14.916666666666664,0.19712154220780562,ssp126
-59.583333333333336,-14.916666666666664,0.0674720545476952,ssp126
-59.41666666666667,-14.916666666666664,0.13986182112209988,ssp126
-57.91666666666667,-14.916666666666664,0.04134331781516825,ssp126
-57.75,-14.916666666666664,0.03298789938273732,ssp126
-57.583333333333336,-14.916666666666664,0.034944049983649715,ssp126
-57.41666666666667,-14.916666666666664,0.046097177584496975,ssp126
-57.25,-14.916666666666664,0.05458370362006291,ssp126
-57.083333333333336,-14.916666666666664,0.06220350108028002,ssp126
-60.083333333333336,-15.083333333333329,0.11445129535467778,ssp126
-59.91666666666667,-15.083333333333329,0.19563754323151833,ssp126
-59.75,-15.083333333333329,0.16991723348882268,ssp126
-59.583333333333336,-15.083333333333329,0.127834256686049,ssp126
-59.41666666666667,-15.083333333333329,0.10196168520220947,ssp126
-59.25,-15.083333333333329,0.1412133458103707,ssp126
-59.083333333333336,-15.083333333333329,0.09507928740146182,ssp126
-58.083333333333336,-15.083333333333329,0.07450031728625287,ssp126
-57.91666666666667,-15.083333333333329,0.22488438501642288,ssp126
-57.75,-15.083333333333329,0.03840674615733375,ssp126
-57.583333333333336,-15.083333333333329,0.038897137435032536,ssp126
-57.41666666666667,-15.083333333333329,0.051326634617483914,ssp126
-57.25,-15.083333333333329,0.06775341481938396,ssp126
-60.25,-15.249999999999996,0.126075377941954,ssp126
-60.083333333333336,-15.249999999999996,0.14663934626410538,ssp126
-59.91666666666667,-15.249999999999996,0.14977641227882102,ssp126
-59.75,-15.249999999999996,0.14575012934715148,ssp126
-59.583333333333336,-15.249999999999996,0.15013503386029334,ssp126
-59.41666666666667,-15.249999999999996,0.12094242869937298,ssp126
-59.25,-15.249999999999996,0.11573941786775027,ssp126
-59.083333333333336,-15.249999999999996,0.11376229059773926,ssp126
-58.91666666666667,-15.249999999999996,0.03654303417087191,ssp126
-58.75,-15.249999999999996,0.07675874871156138,ssp126
-58.583333333333336,-15.249999999999996,0.07263924793410485,ssp126
-58.41666666666667,-15.249999999999996,0.10379694273099672,ssp126
-58.25,-15.249999999999996,0.10339712480804024,ssp126
-58.083333333333336,-15.249999999999996,0.20146308451494077,ssp126
-57.91666666666667,-15.249999999999996,0.21115732082577013,ssp126
-57.75,-15.249999999999996,0.05032576588134012,ssp126
-57.583333333333336,-15.249999999999996,0.05373523440948821,ssp126
-57.41666666666667,-15.249999999999996,0.068258150036306,ssp126
-60.083333333333336,-15.416666666666664,0.12970499516277442,ssp126
-59.91666666666667,-15.416666666666664,0.13394823864088254,ssp126
-59.75,-15.416666666666664,0.1698583843488548,ssp126
-59.583333333333336,-15.416666666666664,0.19102451403222992,ssp126
-59.41666666666667,-15.416666666666664,0.16585796550566442,ssp126
-59.25,-15.416666666666664,0.09274338752159109,ssp126
-59.083333333333336,-15.416666666666664,0.04876429732774438,ssp126
-58.91666666666667,-15.416666666666664,0.07095889745129104,ssp126
-58.75,-15.416666666666664,0.13956847002981612,ssp126
-58.583333333333336,-15.416666666666664,0.1800986285183684,ssp126
-58.41666666666667,-15.416666666666664,0.1643809696624945,ssp126
-58.25,-15.416666666666664,0.16866987186180904,ssp126
-58.083333333333336,-15.416666666666664,0.16788219469851925,ssp126
-57.91666666666667,-15.416666666666664,0.21935847719931292,ssp126
-57.75,-15.416666666666664,0.21412395890448574,ssp126
-57.583333333333336,-15.416666666666664,0.06998222668193287,ssp126
-60.083333333333336,-15.583333333333329,0.13012670867979853,ssp126
-59.91666666666667,-15.583333333333329,0.15585006395211504,ssp126
-59.75,-15.583333333333329,0.18086586982556074,ssp126
-59.583333333333336,-15.583333333333329,0.1571717428935002,ssp126
-59.41666666666667,-15.583333333333329,0.07809841455019458,ssp126
-59.25,-15.583333333333329,0.09712457257738817,ssp126
-59.083333333333336,-15.583333333333329,0.04899758716218097,ssp126
-58.91666666666667,-15.583333333333329,0.13258863418328515,ssp126
-58.75,-15.583333333333329,0.15380611239916936,ssp126
-58.583333333333336,-15.583333333333329,0.1724526477754729,ssp126
-58.41666666666667,-15.583333333333329,0.18482303134758085,ssp126
-58.25,-15.583333333333329,0.16068515776981562,ssp126
-58.083333333333336,-15.583333333333329,0.1453732239686833,ssp126
-57.91666666666667,-15.583333333333329,0.21055199781408376,ssp126
-57.75,-15.583333333333329,0.22499134412500038,ssp126
-57.583333333333336,-15.583333333333329,0.12002903833163778,ssp126
-60.083333333333336,-15.749999999999996,0.1256221015291587,ssp126
-59.91666666666667,-15.749999999999996,0.15797065976138158,ssp126
-59.75,-15.749999999999996,0.18407623054444366,ssp126
-59.583333333333336,-15.749999999999996,0.2913664923811524,ssp126
-59.41666666666667,-15.749999999999996,0.023465419702079843,ssp126
-59.25,-15.749999999999996,0.1220853164215781,ssp126
-59.083333333333336,-15.749999999999996,0.10110568056697937,ssp126
-58.91666666666667,-15.749999999999996,0.13303551700032093,ssp126
-58.75,-15.749999999999996,0.13952813828506122,ssp126
-58.583333333333336,-15.749999999999996,0.17382669281324575,ssp126
-58.41666666666667,-15.749999999999996,0.18524727406830205,ssp126
-58.25,-15.749999999999996,0.19707479945078746,ssp126
-60.083333333333336,-15.916666666666664,0.13442740698189912,ssp126
-59.91666666666667,-15.916666666666664,0.16649318028811733,ssp126
-59.75,-15.916666666666664,0.19613122106754777,ssp126
-59.583333333333336,-15.916666666666664,0.3352467906207938,ssp126
-59.41666666666667,-15.916666666666664,0.024408612219074033,ssp126
-59.25,-15.916666666666664,0.042862121354047045,ssp126
-59.083333333333336,-15.916666666666664,0.158835699623146,ssp126
-58.91666666666667,-15.916666666666664,0.1294867445785376,ssp126
-58.75,-15.916666666666664,0.15521203819212503,ssp126
-58.583333333333336,-15.916666666666664,0.16775780564304119,ssp126
-58.41666666666667,-15.916666666666664,0.18591629893648406,ssp126
-58.25,-15.916666666666664,0.19517037731982512,ssp126
-60.083333333333336,-16.08333333333333,0.1371129488499229,ssp126
-59.91666666666667,-16.08333333333333,0.13765483824830327,ssp126
-59.75,-16.08333333333333,0.19050085599410874,ssp126
-59.583333333333336,-16.08333333333333,0.15540380562952447,ssp126
-59.41666666666667,-16.08333333333333,0.030112721435537858,ssp126
-59.25,-16.08333333333333,0.20327543720979777,ssp126
-59.083333333333336,-16.08333333333333,0.30315327352695337,ssp126
-58.91666666666667,-16.08333333333333,0.21998533662610373,ssp126
-58.75,-16.08333333333333,0.21165598722262596,ssp126
-58.583333333333336,-16.08333333333333,0.16471825077164817,ssp126
-58.41666666666667,-16.08333333333333,0.18943021676520622,ssp126
-58.25,-16.08333333333333,0.18714433330901958,ssp126
