pa,lon,lat,temperatura,precipitacao,elevacao
1,-50.5,-6.199999999999999,23.873346056578793,1603.4324313984189,392.9613105634211
1,-44.5,-19.400000000000002,22.894803233299278,1682.2273344110151,100.33216906604945
1,-64.83333333333333,-0.20000000000000107,23.897649403902722,1796.354129712421,934.1716887750663
1,-48.16666666666667,-5,24.301989509439434,1884.0886341842297,358.13884361808545
1,-64.16666666666667,-19.8,24.456421871154586,1605.1578216552211,672.8230401875293
1,-46.5,-8.2,22.48815405145447,1597.0535087440333,230.01385847236614
1,-51.833333333333336,-20.6,22.091088867419156,1610.645735901564,305.18375724027356
1,-42.5,-14.200000000000003,25.571386677181373,1440.8397323446918,56.86322194818902
1,-52.833333333333336,-11,25.29686914984336,1578.4437210926214,336.2716615182227
1,-71.5,-12.200000000000003,21.89457724368023,1549.350298206019,647.5002002384551
1,-58.16666666666667,0.5999999999999996,29.92235668529316,1740.49219384961,769.1712181587229
1,-50.833333333333336,-29.800000000000004,20.275867300407356,1713.5574018557813,497.2914630025939
1,-63.16666666666667,-28.6,20.404124043901415,1864.737155155801,885.1633299219986
1,-72.16666666666667,6.6,26.4128608253844,1896.9547743644584,786.2361867647353
1,-46.833333333333336,-10.200000000000003,25.428370293916245,1694.9641486972127,179.04717745208325
1,-47.833333333333336,-21,23.918001095682943,2173.2358745741562,195.38442030373852
1,-73.5,-8.2,23.515577100552736,1817.9071734631918,707.4303292801045
1,-67.5,-21.400000000000002,22.305946046664502,1789.19964039317,737.1335088851213
1,-58.5,-28.6,21.14407163775094,1746.3742698307576,758.4279533995075
1,-77.16666666666667,1,26.26391663877971,1601.2732797450437,751.05264844452
1,-54.16666666666667,-27,22.053002002550983,1943.2490540098493,568.9652957586991
1,-49.833333333333336,-2.200000000000001,25.47516267298677,1712.1584097154005,459.15343853131117
1,-67.83333333333333,-5.800000000000001,25.692719306184273,1716.1208393991562,859.5265621910795
1,-65.83333333333333,8.6,26.595877602636634,1732.7431984607135,771.7201624910728
1,-57.833333333333336,-0.6000000000000014,23.761867932739207,1961.7315987749157,757.6182741845703
1,-67.83333333333333,4.6,26.335240141147874,1753.3607452442325,890.4986562766579
1,-65.5,-0.6000000000000014,24.532431507073344,1466.774672619389,940.2007747173152
1,-76.5,-27.800000000000004,21.7121127243637,1593.2564352440045,739.5581135592776
1,-43.833333333333336,-24.6,20.980757296865143,1620.0082111475524,236.4056468173162
1,-76.16666666666667,-28.6,20.8939493325067,1688.1762412551157,765.1457795253382
1,-63.16666666666667,3,28.11431106949655,1781.2675200587812,882.1298484885328
1,-44.16666666666667,-2.6000000000000014,26.457489064935203,1618.5439887136833,338.29485907915694
1,-57.16666666666667,5,28.43671229448984,1886.8083295989968,666.0907703606849
1,-76.5,-27.4,21.704478103824776,1676.557724976975,731.2656040488337
1,-44.5,-27,20.415805969467094,1749.4679757132892,306.46732977133337
1,-47.16666666666667,-19.8,22.111502806928588,1638.2237129347375,151.2927492159816
1,-73.5,-0.6000000000000014,25.511849154826063,1863.932141293024,866.7238919562938
1,-42.5,-6.199999999999999,26.754485612112553,1570.4392389114207,248.81235707094947
1,-50.5,3,26.93182700073761,1672.9490795884813,468.04221013405635
1,-63.16666666666667,-23.800000000000004,21.44153393633821,1700.1400484783858,765.4684613727494
1,-52.16666666666667,8.6,27.248165257847848,1701.6920064111018,378.34269419733187
1,-47.5,9.8,30.062915939277783,1606.2640787559762,204.23694092031704
1,-77.83333333333333,4.199999999999999,25.530237551647833,1546.665567803474,680.3797697945273
1,-48.833333333333336,9.8,26.822140885940943,1695.477052624002,237.66159133632894
1,-57.833333333333336,-19,22.96745378594394,1894.8319935852137,490.05182201932774
1,-64.16666666666667,1.4000000000000004,27.92484297453952,1779.2962096526267,919.4890764716454
1,-70.16666666666667,6.6,29.670763723613014,1812.179139051643,819.8893007293441
1,-42.5,-27,20.94741321052929,1761.6430807818365,295.2968457965282
1,-62.16666666666667,7.4,24.905339351928163,2012.9100847257664,750.8978499042552
1,-75.5,-24.6,21.447211356179007,1765.5357040212518,690.9092236408998
1,-74.83333333333333,-27.800000000000004,20.039579115816128,1445.3379839555473,793.0144802460885
1,-77.16666666666667,-25.4,22.587628738553487,1765.9542832998977,657.9507253332222
1,-75.83333333333333,-29.400000000000006,20.899340462460714,1411.9587646794348,787.2533303300813
1,-64.5,-29.800000000000004,19.354289100066826,1678.9696867087705,922.2885762236148
1,-50.833333333333336,-6.600000000000001,25.11742949282995,1867.9553198084027,392.2834887855479
1,-65.5,-3,22.782757665167175,1803.020873185395,915.079821575687
1,-58.5,-16.200000000000003,22.187380881968345,1677.9017867362077,482.3198442310154
1,-42.5,6.6,25.649686627254326,1831.9492247808685,237.31923215298897
1,-40.833333333333336,-18.200000000000003,20.4943907362152,1672.590034589722,73.2818837883305
1,-46.16666666666667,-4.200000000000001,26.613117323990902,1672.4268731422476,334.4687269712282
1,-75.5,-3.4000000000000004,24.92723020287152,1541.6145285068662,776.6267098734452
1,-65.16666666666667,-28.200000000000003,19.454675074515787,1553.078866411442,908.063986924542
1,-67.5,-10.200000000000003,23.197370571164203,1742.9853769315453,732.1632513823378
1,-60.5,-27,21.32653223419415,1654.5601211036567,789.4066866015385
1,-62.833333333333336,-26.6,23.527513667298468,1804.3493998656338,837.3878085485512
1,-57.5,-27.4,23.446680098074403,1859.344129425339,701.1180789875584
1,-45.16666666666667,-2.6000000000000014,24.73533278110301,1711.8929131229406,349.21640366425584
1,-77.5,-16.200000000000003,23.516717153008873,1606.0930148149494,442.95726887553974
1,-43.16666666666667,-5.4,23.288502844470283,1689.1781335220846,272.4543510162416
1,-58.833333333333336,-13,22.570271889750884,1829.7009690959796,514.1765946934574
1,-50.16666666666667,-25,21.83591038168584,1839.9184205426313,376.2462668807418
1,-74.16666666666667,-7.400000000000002,25.422174287229936,1794.7977911402086,713.4752711261482
1,-78.16666666666667,-4.600000000000001,25.51571809891062,1391.7664069400616,659.0228402388403
1,-62.5,-19,24.000675717434845,1819.4226127133024,626.0916371903267
1,-55.833333333333336,-1.4000000000000004,21.75849593039616,1847.7380596415073,680.2981254706365
1,-55.16666666666667,-20.200000000000003,22.20317028759563,1753.8027510047082,417.7966629550382
1,-45.833333333333336,-29.800000000000004,19.771368825265426,1728.467120799985,371.00790479051204
1,-63.833333333333336,-17.8,21.727668038158622,1717.6360825229717,633.0687210789733
1,-58.5,-17,20.457774910680893,1909.0402050351834,486.57440084267074
1,-56.833333333333336,-0.6000000000000014,25.029506386234427,1885.4798979197656,721.9091652926313
1,-63.833333333333336,1.4000000000000004,25.72372870263331,1702.3101788611602,914.2876172968206
1,-46.833333333333336,-27.800000000000004,21.528098469742204,1539.0962586946512,359.32883817131625
1,-42.833333333333336,-16.200000000000003,25.818787265280495,1449.663824139703,51.389917387853046
1,-52.16666666666667,-1.4000000000000004,26.64060360696671,1722.3685205425043,544.798614984652
1,-62.16666666666667,-18.6,22.6996459088861,1884.2063984353053,611.6969460885267
1,-78.83333333333333,-23.4,23.629614247810853,1702.4721336194948,538.7375926457421
1,-44.5,-3.8000000000000007,24.79076883062413,1877.9456876495756,319.98879999107396
1,-42.5,-13.8,25.233729530372173,1605.8383554785833,60.8820078737331
1,-65.5,-5.4,26.90323258337683,1580.8364932906022,861.9787339652962
1,-77.83333333333333,-13.8,21.397910948218446,1952.9567864833873,441.0494393869311
1,-45.833333333333336,-23.800000000000004,22.593601397008054,1690.8850859452025,235.91256794627844
1,-54.833333333333336,-17,21.27458354496185,1515.7833918234548,353.7080710031
1,-42.833333333333336,1.799999999999999,27.245721875064962,1761.4946061418857,341.0487264381178
1,-53.833333333333336,-28.200000000000003,23.23066211930025,1724.3009138786974,581.3640584741563
1,-52.833333333333336,-3.4000000000000004,25.30857467328122,1799.1030846418307,541.1827369191637
1,-50.5,-29.400000000000006,21.747219846535426,1560.5570708010146,482.21425386310057
1,-70.5,-19,23.07721784201263,1617.1415253184255,659.5859184282979
1,-79.5,0.1999999999999993,25.691256852013936,1578.0290968422612,668.6178113518608
1,-45.833333333333336,-18.6,23.147383908484798,1631.5829285764733,103.17345267952814
1,-47.833333333333336,7.8,27.16036708628087,1895.0798679442855,270.54296106358356
1,-65.83333333333333,-2.200000000000001,23.24679112170501,1876.61615338584,929.7305170147717
1,-40.16666666666667,-1.4000000000000004,28.66292734515971,1643.9773509481615,354.7707006407027
1,-71.5,-3.4000000000000004,25.493822812688837,1834.2767069485726,878.7083883627605
1,-49.5,-19.400000000000002,22.28111332420179,1796.1841427148593,202.55969195854937
1,-48.5,-20.6,22.649618086716917,1497.6085127453505,201.8987062858725
1,-60.5,9.8,27.94978136576692,1799.8224618018346,637.2849904919201
1,-79.5,-25.4,21.888646017899724,1675.1855106013734,572.6458589176026
1,-60.16666666666667,-11.400000000000002,26.580794384991993,2001.7577094966045,586.825017929244
1,-42.5,-28.6,21.08036188290056,1770.8880808964739,326.9267380750506
1,-58.5,-11.8,23.516855090884096,1843.516201201564,525.1252462752718
1,-65.83333333333333,-29,19.8098553548053,1800.9832924985217,926.8456950729751
1,-53.833333333333336,8.6,24.21051845526888,1762.9182895537476,439.0380372725309
1,-65.16666666666667,-29.800000000000004,19.91116935143573,1861.0837090275102,930.2698627285229
1,-59.16666666666667,9.4,27.167524418069668,1820.2093240474571,607.932935595483
1,-61.833333333333336,-4.600000000000001,25.20116372520215,1853.1510393700064,820.3185274447704
1,-65.83333333333333,9.8,25.865905472647604,1815.2060624091202,737.100002813554
1,-64.83333333333333,1.4000000000000004,27.55474587861487,1618.3711303952318,928.44998852253525
1,-72.5,-1,26.21601715157076,1693.879000031897,888.8343191543942
1,-78.5,-25.800000000000004,21.461388291308626,1706.9488580570244,620.842960699099
1,-48.5,-12.200000000000003,25.14491676004172,1498.7843679461882,171.07810612957286
1,-40.5,-6.199999999999999,23.108837020637285,1542.8937201579083,256.28864310206984
1,-64.83333333333333,-11,21.96723804565459,1689.8475078918661,696.0165051876177
1,-67.83333333333333,-1,27.521030814680653,1783.5832365084855,946.6356194563248
1,-54.5,-26.6,19.75728970523613,1854.0170777237604,571.8687886458341
1,-51.5,-27.800000000000004,21.93375264529092,1540.7142086959352,489.87860447766934
1,-73.16666666666667,-3.8000000000000007,26.913927327829768,1591.4415362152238,834.9325432419321
1,-54.833333333333336,5.3999999999999995,25.138394926134517,1753.0150144489949,569.4270545160801
1,-65.16666666666667,-13.8,25.341451173346016,1746.3559931085524,648.824664232221
1,-40.833333333333336,-11.400000000000002,24.955338916272844,1603.5363492345764,107.34918581302966
1,-63.833333333333336,-7.400000000000002,23.41515406343362,1627.1991506313645,783.7300452198514
1,-72.16666666666667,-1.8000000000000007,25.25995065858908,1679.5791336075201,889.3943925685695
1,-66.83333333333333,-29.400000000000006,22.141587230099365,1843.5688289319353,937.1281993275857
1,-64.83333333333333,2.5999999999999996,25.479977215092536,1822.7397236229563,914.464549727567
1,-54.833333333333336,-6.600000000000001,23.536372936613606,1664.9025960608249,535.954117637875
1,-60.833333333333336,-10.600000000000001,20.54399927743007,1829.8037465004531,625.2577083533356
1,-56.5,-5,25.76635397606035,1634.3137148094293,641.848964508481
1,-52.5,-3.4000000000000004,25.888004301169975,1455.4882256363126,529.1535434184833
1,-51.5,-9.400000000000002,21.99251194540118,1717.378165473362,331.7783424205981
1,-53.16666666666667,-14.200000000000003,25.863266952841826,1703.3079301929922,293.4773062878787
1,-68.83333333333333,-7.400000000000002,26.0209335315575,1685.610541551072,809.0206380806867
1,-41.5,2.5999999999999996,25.848212757180605,1645.1067123555874,331.67495424805327
1,-79.16666666666667,-1,26.142798508416394,1744.5442628339092,678.2035032955267
1,-72.5,5.3999999999999995,26.09891012312695,1599.8329417185314,812.5235871042689
1,-47.833333333333336,5.3999999999999995,27.73472718740757,1419.5864429375285,339.62279813090447
1,-64.83333333333333,3,23.058854336627217,1695.8651567155362,908.0920150123713
1,-77.83333333333333,-16.200000000000003,21.80847823342377,1508.6858691112052,430.98606041975654
1,-55.833333333333336,-20.6,23.909772128629754,1771.0212432296614,452.3881295686543
1,-63.16666666666667,9.8,28.14397777099213,1676.9308965974915,701.4117415338578
1,-45.5,-28.200000000000003,21.16855522315826,1766.0076930279272,343.69714974057524
1,-74.5,-15.400000000000002,21.215573908320415,1669.2771229648447,540.6665581903089
1,-63.833333333333336,-3,25.52376996395878,2004.6175442792091,893.9296437866568
1,-40.16666666666667,-18.6,20.600041078209756,1394.4050242627927,85.01222474800508
1,-76.5,0.1999999999999993,25.72885592067147,1620.099898694387,776.9828931603281
1,-52.5,-19.8,24.9657280739564,1606.5850952422786,310.00991506834373
1,-43.833333333333336,-17,20.719048522217882,1771.7952744007446,60.46749635030329
1,-70.83333333333333,8.6,25.844617294438486,1624.3660657138419,751.0185922278141
1,-67.5,-16.200000000000003,24.165813812722334,1750.4485979595397,650.7153902049001
1,-50.833333333333336,-23.4,23.025897071207837,1650.2983805764386,350.1996733737333
1,-56.833333333333336,-19.400000000000002,23.11877158830996,1608.0022930208338,462.0566406006626
1,-66.83333333333333,-5.4,25.751142307534508,2019.754144196767,869.8550679881507
1,-77.83333333333333,-24.200000000000003,22.004272707979645,1539.9174180616724,599.3500888732896
1,-74.83333333333333,-3.4000000000000004,29.73028158620701,1501.063927064986,797.1951516606315
1,-44.5,-2.200000000000001,25.813206698946278,1706.6297824180263,346.97614786293263
1,-50.833333333333336,-5.4,25.086566962045204,1669.5312218058068,425.756425663753
1,-41.833333333333336,-10.200000000000003,22.22261241093853,1610.6913005312115,132.6857912130041
1,-50.5,0.1999999999999993,25.6675370969992,1797.5333275785981,494.1218838967513
1,-72.83333333333333,-12.200000000000003,23.557389492742885,1676.6413229176994,619.6467424536627
1,-58.16666666666667,9.4,27.396236158477173,1728.8181151216343,574.604897121668
1,-78.16666666666667,0.1999999999999993,25.80867119838142,1575.401765437093,718.0298327414675
1,-46.833333333333336,-23.800000000000004,21.54531125297136,1877.654742266008,254.0125568938884
1,-67.5,-21.8,23.013448094398427,1723.857645038444,748.2185302322262
1,-76.5,4.6,28.81686251389887,1810.2039263085367,717.9759006577008
1,-67.16666666666667,-21.400000000000002,24.52323415778318,1492.4260561088645,736.9768117443413
1,-62.16666666666667,9,26.753797998410665,1804.8252690978886,703.2167920306456
1,-68.16666666666667,9.4,27.27140699724463,1723.1844991171413,753.0964560612425
1,-57.16666666666667,-26.6,21.254171746693977,2006.197543406361,670.681580108132
1,-42.5,-9.8,24.587359897264037,1584.3700384956776,143.1751496869098
1,-61.833333333333336,2.1999999999999993,25.55822871471296,1649.889834883204,865.1582534312456
1,-73.83333333333333,-13,24.85356648690194,1524.5933119369172,580.4866637154119
1,-48.5,-9.400000000000002,22.408610552068943,1562.3482930539974,240.00536078226395
1,-70.83333333333333,-25.800000000000004,19.929128051463064,1806.136647413357,838.2381689389366
1,-56.833333333333336,-1.8000000000000007,22.821384534343306,1842.3729685502585,713.3723934662415
1,-65.83333333333333,-29.400000000000006,23.003312100579276,1688.204520692431,931.9901534972732
1,-79.16666666666667,-22.200000000000003,19.803262747221584,1829.4675459004022,490.8385511517306
1,-51.16666666666667,-14.200000000000003,22.81080247011361,1509.968113336707,222.89438217298434
1,-66.16666666666667,0.5999999999999996,24.455396881097002,1578.335501108371,945.1669774345164
1,-65.5,-9.400000000000002,25.23872602144823,1620.158514893526,745.6344536802602
1,-66.5,-21.400000000000002,22.451498325670023,1832.7042140976905,735.1031887472591
1,-40.16666666666667,1,22.6861198057137,1705.9986735672255,357.62237157027334
1,-46.16666666666667,9,29.05850806668174,1626.6589568677086,200.26898889106891
1,-64.5,-20.200000000000003,20.937778080269055,1817.7971011392465,686.6257720906567
1,-64.5,-21,23.7124637737419,1589.300482190506,706.515161057608
1,-41.5,5.8,27.702082625879925,1528.2704614834095,261.4030067073467
1,-78.83333333333333,-8.600000000000001,24.22154463996704,1530.158300526488,521.2974852689963
1,-72.16666666666667,-25.800000000000004,21.819908310174284,1441.4541023486713,813.9318406872973
1,-41.833333333333336,-13.400000000000002,23.87382368260497,1705.195575526986,66.21056965821714
1,-49.16666666666667,-29,20.145808424606482,1755.3377139042339,436.6928346782357
1,-74.16666666666667,-13,24.18968564727997,1625.9016285473976,571.3412144511597
1,-45.16666666666667,9,27.542027140728653,1534.1469044997941,184.96321250864528
1,-48.16666666666667,-6.600000000000001,25.29178300783753,1748.1687371606217,314.31981548572037
1,-41.16666666666667,1.799999999999999,26.756254727377424,1663.6492246571954,343.394613200186
1,-66.5,-17.400000000000002,22.125152563945566,1730.3313931603127,656.4666657083411
1,-54.833333333333336,-5.4,24.970169365819363,1616.6364470403519,569.4270545160801
1,-46.5,-9.8,25.313265725619342,1856.5637975693764,183.46836105225222
1,-43.833333333333336,6.199999999999999,29.275641887554613,1593.9790720770357,254.20666790303892
1,-48.833333333333336,-24.6,21.7699802312641,1742.460270590859,325.4977776346459
1,-70.16666666666667,0.1999999999999993,23.949474525775663,1861.2681949707169,932.5429989806348
1,-63.5,-23,19.642060037051984,1732.2175213153484,747.6360566986551
1,-73.5,4.199999999999999,26.77244276419851,1640.1559416054051,817.92202045441
1,-44.833333333333336,-19.8,19.81138221517014,1671.266993282599,112.39830039834263
1,-49.5,-7,22.41353367128075,1855.7049710665888,338.9859927074742
1,-64.83333333333333,4.6,26.51382735759089,1895.4089175775996,875.164696272439
1,-66.83333333333333,9,27.65701247423921,1648.8183262715827,765.0754991581266
1,-48.833333333333336,-22.6,22.56585690700395,1730.5653964938567,265.898704654007
1,-52.5,-7,24.55871054407281,1797.5065975737884,438.0127070408803
1,-68.83333333333333,-15.400000000000002,20.359075030442167,1818.0585056696843,645.7043285967685
1,-52.5,1,24.392436672148953,1696.6387674752175,559.5276222820304
1,-68.83333333333333,-7,25.638988001173843,1978.5698750739612,820.9149658460765
1,-79.16666666666667,-9.8,24.372560809480827,1733.359137912053,474.27575190111725
1,-53.5,1,25.20811105291954,1606.7333104460854,595.987022845438
1,-43.5,-11.400000000000002,24.402045562426274,1662.7384774908846,105.67925219891484
1,-64.83333333333333,-18.6,24.739323298063873,1742.5747222378245,658.6915126298376
1,-55.833333333333336,-10.200000000000003,24.623303192183926,1724.3687329592829,468.3133854028839
1,-41.5,-27.4,20.447398534169054,1559.0667494148297,305.6648041840581
1,-46.16666666666667,-25.4,22.226886163974868,1673.4651794259184,288.2573666599204
1,-54.5,3,25.96280199155421,1629.9355238224607,610.0329752546179
1,-59.833333333333336,-0.20000000000000107,25.755855589486394,1689.5028694445627,824.3759122111801
1,-40.5,1,27.263985389518954,1701.5187164983504,354.5791871124396
1,-62.5,0.5999999999999996,27.011284720280383,1871.8448830266998,893.658089355569
1,-73.83333333333333,-28.6,21.941035626383897,1610.6041570386753,835.8538003906715
1,-75.5,6.6,25.535774841591884,1530.3235763369833,697.217119808662
1,-73.83333333333333,-1.4000000000000004,26.95828877271847,1686.1097564260206,853.1782924673696
1,-53.5,-19.8,20.762880127892544,1713.362629293156,346.46931563175133
1,-50.16666666666667,-8.600000000000001,26.20767807974965,1486.9578675588812,311.3993340205533
1,-50.16666666666667,-15,24.474481608227837,1701.5222669911795,185.19806457119105
1,-77.5,7.8,25.285961311012535,1594.2094258319053,593.8509719328543
1,-61.833333333333336,3.3999999999999995,24.92097913872276,1654.3907856252413,846.0814117608902
1,-55.16666666666667,-22.6,20.782316189909693,1852.4855253869416,482.5445237225492
1,-47.833333333333336,-5,26.077743439644674,1741.768350790483,349.9688893850644
1,-77.83333333333333,8.2,28.84815990628345,1617.5106651357826,569.8880786202218
1,-70.16666666666667,2.5999999999999996,26.968166199165683,1575.9153195452302,912.8358599331356
1,-76.83333333333333,1,26.91851982972573,1763.3503998111164,762.6831523488596
1,-68.83333333333333,-24.6,23.362202060481426,1952.1940402726675,826.3383159911341
1,-75.5,-4.600000000000001,25.633654909422535,1685.3304233314163,750.8638255573254
1,-69.83333333333333,-26.6,21.67556738929568,1692.6677265383753,872.2403830230675
1,-63.833333333333336,-29.400000000000006,19.554009865718935,1834.0974466853497,908.101687515701
1,-52.5,4.6,29.252866455720426,1818.0281847342185,503.39065910236354
1,-67.83333333333333,-26.6,19.974188007502935,1928.298725059799,885.2617884078065
1,-66.16666666666667,-25.4,21.05966573392559,1555.082330137358,850.153745621325
1,-52.833333333333336,-29.800000000000004,22.05266258494061,1406.2217771927149,566.7811210714265
1,-53.16666666666667,-18.200000000000003,22.754700843692294,1873.0774411969433,304.9552476409917
1,-44.833333333333336,9,24.9901439612866,1747.4865842754166,180.82570673188
1,-75.83333333333333,-8.600000000000001,24.529983588083685,1845.1863713625648,626.9833393238807
1,-70.16666666666667,-29.800000000000004,21.812335600778578,1633.664714699684,924.89727494639
1,-46.833333333333336,-15.8,21.631565046002144,1818.3913394097965,96.89901333583035
1,-40.833333333333336,-20.200000000000003,20.325175800043972,1595.1416019858866,111.60512272410544
1,-65.83333333333333,-12.200000000000003,25.08318430885219,1860.7329298482202,679.4454872201111
1,-55.833333333333336,3.8,26.990046469744847,1781.4353336482168,644.8652113351566
1,-73.5,-0.20000000000000107,25.44046178051034,1722.739350226296,867.6826125773605
1,-43.833333333333336,-25,24.170508666808793,1431.217859497305,248.0365530567064
1,-61.833333333333336,-0.20000000000000107,26.287889309344305,1709.602990761443,879.3255199473977
1,-51.5,3.3999999999999995,25.68909752585528,1792.047181175165,494.0592758922123
1,-77.5,-15.400000000000002,22.337868124513122,1841.357852862164,442.5159885598424
1,-49.833333333333336,-5,24.862492503580867,1541.8341830140657,404.48603492853766
1,-45.5,-17,23.893858485604685,1702.4170600179684,78.64900469273516
1,-71.83333333333333,-7.800000000000001,23.73497257485566,1504.5964171028986,757.3825768549711
1,-79.5,1.799999999999999,25.526979620764173,1538.0096201759713,659.1223189044043
1,-49.5,-2.200000000000001,25.293276867065323,1747.6491890471898,449.20367075543254
1,-56.16666666666667,-6.199999999999999,23.550073402893275,1910.3064438969377,597.2332634412624
1,-70.5,-13.400000000000002,24.856420369215684,1803.2075695785686,643.9294293395365
1,-48.5,-15.400000000000002,23.329602882493162,1828.7319555716194,135.93482062696714
1,-78.83333333333333,-22.200000000000003,21.560988923714522,1667.1076335649143,503.24012484209095
1,-52.833333333333336,-21.8,21.60060631873787,1725.2236443839317,372.7756836352761
1,-51.833333333333336,1.799999999999999,25.232370011046882,1572.726509054056,529.3199609473303
1,-56.5,-25.4,20.65986058497705,2021.2400392948853,614.7116821931486
1,-47.5,-11.400000000000002,25.061300150969046,1660.2126268757372,163.47025655940834
1,-62.833333333333336,1,28.63196053219973,1762.8462313579862,898.7616395970695
1,-51.5,-5,29.587287990996998,1624.2425974534738,458.4687139597941
1,-77.83333333333333,-26.200000000000003,24.58533223863455,1459.0947959692596,655.7809466286482
1,-44.5,6.6,25.554282213673225,1643.7744498666586,248.48971612779414
1,-58.16666666666667,2.1999999999999993,26.27056364985898,1791.2489751906064,755.9626722636376
1,-53.833333333333336,-18.6,22.607769375863988,1665.8933956157996,335.73548216715346
1,-56.833333333333336,9.4,26.94306197424161,1824.6313182392182,527.3428442555763
1,-58.16666666666667,-6.199999999999999,24.884905039085538,1924.2964078304058,668.9693654464595
1,-66.5,-2.6000000000000014,22.410253821096642,1759.1245134471963,928.1322325172599
1,-52.5,-19.400000000000002,25.225838661308654,1632.0668887515596,301.5864062919554
1,-48.833333333333336,-12.600000000000001,22.8634765911047,1807.0443909779417,172.6365504895686
1,-68.5,-23,22.255943784145654,2052.5771322929145,780.5158782458702
1,-48.5,-19.8,21.35782298160597,1662.0571340893296,183.14266590373856
1,-43.16666666666667,1.799999999999999,29.386933189989502,1899.0064082858714,342.1396199418708
1,-64.83333333333333,-9.8,22.801119766188073,1728.6483303170014,727.3739080576963
1,-74.83333333333333,-5.800000000000001,22.495849992875286,1944.680829740235,740.4601732589333
1,-71.83333333333333,-3,27.37768252474843,1550.1787675960431,879.5635015326828
1,-64.16666666666667,-1.8000000000000007,23.23016580103122,1637.896783316041,915.7152842767199
1,-58.833333333333336,-22.200000000000003,22.2906968778716,1747.378286804907,602.3549422311897
1,-66.16666666666667,-3.8000000000000007,25.36915184838767,1868.1286789618564,904.9710836675723
1,-70.16666666666667,-25.4,22.45098188769195,1926.3148292253695,836.5710465463766
1,-65.83333333333333,0.1999999999999993,25.757800056315475,1566.146274468492,943.897783530924
1,-54.5,-23.800000000000004,20.541819552953932,1782.489554995156,493.3715881388344
1,-54.16666666666667,9,25.732027057909743,1887.8524287468895,439.6810501633408
0,-55.5,-27.800000000000004,22.983320096664148,1942.263672178526,636.1583014223131
0,-64.83333333333333,2.1999999999999993,24.807313330983032,1632.6615337820795,920.004422258914
0,-54.833333333333336,-12.200000000000003,25.445849383608316,1684.0237326572385,384.155519578353
0,-50.16666666666667,-7.800000000000001,22.48490889650714,1475.3392441533888,335.316356619998
0,-53.16666666666667,0.1999999999999993,26.863566256190122,1680.5797846512005,586.5870147439693
0,-62.16666666666667,-9.400000000000002,26.008535442560294,1766.021837548627,691.6520805756337
0,-76.16666666666667,-16.200000000000003,22.56311425671913,1748.3705937510097,489.0376703568461
0,-40.5,-11.8,20.524512502719375,1693.0683958970162,101.10031698193525
0,-75.83333333333333,-4.600000000000001,22.61271875068628,1616.0318967742303,740.1539678611048
0,-66.5,-2.6000000000000014,22.410253821096642,1759.1245134471963,928.1322325172599
0,-51.5,-5.4,24.730894925461744,1938.6440686810092,448.12262270563417
0,-67.83333333333333,0.5999999999999996,25.124955154590292,1750.1373954127523,948.5469281582184
0,-69.83333333333333,-12.600000000000001,24.498740858651377,1735.6518053843345,664.6614218304159
0,-70.16666666666667,-16.200000000000003,23.067656705442236,1643.962519613571,633.3886974829136
0,-53.833333333333336,-12.600000000000001,21.8397183000777,1757.7350285376594,339.3928367482519
0,-73.5,7.8,29.723913731336143,1753.5732671754881,719.4220141369539
0,-77.16666666666667,-22.6,21.784017295689445,1654.7361992306662,575.3620103677886
0,-50.5,-24.6,22.657998266044785,1852.3433169025668,375.16028947769837
0,-66.5,-21.400000000000002,22.451498325670023,1832.7042140976905,735.1031887472591
0,-50.16666666666667,-22.6,21.755289271663294,1628.2900152952366,305.01628766071275
0,-44.16666666666667,1,24.2551123943702,1458.4632532919247,355.1319688036957
0,-60.5,-10.600000000000001,24.141836061768608,1734.5667855283448,615.9015289369372
0,-73.5,0.5999999999999996,25.280749050209323,1629.4605484350204,866.7238919562938
0,-65.16666666666667,-20.200000000000003,23.52231902518342,1817.84258009598,694.6070585955648
0,-77.5,-4.200000000000001,27.264417756986838,1549.2056363284562,692.3509782503104
0,-61.5,4.199999999999999,26.67680089771628,1929.2434585217532,821.315040276582
0,-47.833333333333336,-5.800000000000001,23.21257289138067,1807.5258405849231,328.8244729157844
0,-55.5,-11,22.889983192694935,1781.3868887199028,435.42789743591504
0,-48.833333333333336,-21.400000000000002,22.33682480161163,1657.1654201145489,231.7231892361988
0,-78.5,-27,19.119850828047063,2053.887115355995,651.1249204200763
0,-61.5,-24.200000000000003,20.978620117924535,1585.8454966040208,740.2853593553442
0,-50.16666666666667,-11,23.891023698629024,1763.2502843856105,245.42177147295598
0,-42.833333333333336,-21.8,19.195985278452447,1578.3274279863772,148.8930574151791
0,-56.16666666666667,-12.600000000000001,23.79037999425387,1514.988558247647,426.57101521046235
0,-77.83333333333333,7.8,26.418885611958387,1492.5728398471729,581.8797634770712
0,-63.5,-15.400000000000002,23.7240309279008,1640.1030369263954,614.7433699246416
0,-46.16666666666667,-17.8,21.12140236421586,1571.0593161109582,97.28872262380028
0,-67.16666666666667,8.6,25.656975681771836,1857.995641018036,777.5353735219901
0,-63.833333333333336,-13.400000000000002,24.34609950509356,1912.7181087050694,635.8276556742812
0,-45.16666666666667,-27.800000000000004,20.00422306048395,1620.885306046318,331.49876311070454
0,-48.833333333333336,7,26.92801077024968,1747.757506517348,320.0744274895883
0,-79.16666666666667,-15.400000000000002,23.29530089823041,1532.5806637929243,381.47795080506864
0,-70.83333333333333,-3,24.90450343140537,1597.0961364176662,897.1165395049704
0,-71.5,-12.600000000000001,25.807486401590193,1716.4941856031512,640.1296749851377
0,-47.5,8.6,26.82051860515651,1802.8072482329324,238.85710059783568
0,-65.5,-14.600000000000001,22.277214077313268,1710.9917331556574,644.9471822020728
0,-62.16666666666667,-0.20000000000000107,23.75515934357792,2017.979558558965,887.1771222337554
0,-45.16666666666667,-9.8,24.750404298305675,1740.0377576263143,162.12576199438516
0,-60.833333333333336,5,28.428136958513385,1742.5630237417631,784.6042805067627
0,-56.833333333333336,-29,19.181135187767058,1838.6000305935054,705.8157974557491
0,-67.83333333333333,-25.800000000000004,20.622074409906556,1726.9491489989746,864.5476044505565
0,-57.833333333333336,-25.4,23.84980589209728,1718.2190038125864,662.6050423713788
0,-79.16666666666667,-21,22.41569893492337,1741.4113060236866,457.65439341823554
0,-59.5,-11.8,22.14720587145973,1954.7366967205744,557.7105415233215
0,-76.83333333333333,5,26.84788690770305,1559.473611117333,696.7185115528944
0,-45.833333333333336,-12.600000000000001,21.8003514113161,1783.6788743472787,106.8308072606266
0,-54.16666666666667,-9,26.165567577466945,1784.0927816495916,439.6810501633408
0,-58.16666666666667,-13,23.581008453168337,1840.6833095376164,491.7166097753009
0,-59.5,-18.200000000000003,21.83631260494022,1715.4320735724218,532.4276738738085
0,-69.16666666666667,7.8,28.203889044130477,1858.823859596041,794.6076415309118
0,-51.833333333333336,-6.600000000000001,26.186286818687602,1896.8060161384751,426.16175514349595
0,-62.833333333333336,-12.200000000000003,23.420323187717585,1688.2116933858044,637.179372609217
0,-62.5,1,25.33583568747085,1801.0464364403015,891.7467806536754
0,-63.833333333333336,4.6,29.34135823374024,1672.7196000423987,861.0023250467244
0,-63.833333333333336,-5.800000000000001,25.6559994309344,1638.1486128491215,830.030230961146
0,-70.16666666666667,-24.6,20.09266394685661,1840.198494066972,813.5814045615818
0,-78.16666666666667,-14.200000000000003,23.028893261240864,1548.6144161494753,424.9201242853769
0,-62.16666666666667,7,30.002795687203047,1763.284488249608,762.7921776696448
0,-66.83333333333333,5.3999999999999995,27.584732757260223,1881.8858360045067,869.8550679881507
0,-70.83333333333333,-17.8,23.72989268887843,1759.8091170480193,636.255616797287
0,-46.16666666666667,3,24.044959122694106,1585.3057545076774,358.1496453314837
0,-50.833333333333336,5.8,25.242696007688846,1535.8798256338198,414.958100448633
0,-65.16666666666667,-16.6,24.721699806646274,1854.0911860902334,640.4164342168438
0,-72.5,-25,21.56383672215436,1689.965469916797,784.3736602976918
0,-59.833333333333336,-5.4,25.953220827349853,1767.535269374995,745.1951508380945
0,-63.833333333333336,-27.4,21.2063134764431,1672.8234259601875,874.2920284378573
0,-49.833333333333336,-19,22.527330111586725,1809.9761433595554,204.79553226115416
0,-78.83333333333333,-27.800000000000004,21.33345232924279,1830.1980577939703,656.050326707797
0,-72.16666666666667,5.3999999999999995,25.797353606432157,1619.2912196013049,819.7091236429403
0,-67.5,-24.200000000000003,21.917743996236663,1572.5104185270811,819.0794186584332
0,-73.16666666666667,6.6,30.64559297306854,1602.2058977789625,763.4334593786523
0,-41.833333333333336,-4.200000000000001,24.883824688574528,1588.668266423685,300.6316394103372
0,-64.16666666666667,-24.6,22.569954560309778,1564.5720398866251,806.2491823051234
0,-60.5,9,27.65147537953136,1713.6458810171882,660.1224410061802
0,-74.83333333333333,-21,24.873183841931688,1607.5159926034582,607.0201206468874
0,-44.5,-5,23.325335322388565,1753.3074376539603,292.30874426015913
0,-76.5,7.8,26.808454219508246,1841.0737473618328,628.7222947199215
0,-75.5,5,28.901575378002427,1674.1259937972802,741.0361479410269
0,-50.16666666666667,8.6,25.093431097911463,1606.053488698602,311.39933402055334
0,-44.833333333333336,-25.4,19.97235783742516,1328.9140206240909,268.8140845007315
0,-65.83333333333333,5.8,29.180484664503147,1734.127987294342,853.9186969427183
0,-69.83333333333333,-8.2,27.89151531896446,1705.3829579857131,776.2319600972902
0,-45.16666666666667,-24.200000000000003,19.673466871979773,1745.9434577624215,238.1332696675669
0,-74.83333333333333,-25.800000000000004,21.00957886592537,1602.4336901639676,745.4812155184103
0,-42.16666666666667,9.4,26.584208442890642,1602.4714158434883,154.39719696411763
0,-59.16666666666667,-1.8000000000000007,24.826113359154437,1770.6217627289068,793.9624848061482
0,-57.5,-3.4000000000000004,23.28820902785012,1664.6089427022696,713.5912599125453
0,-56.833333333333336,-24.200000000000003,21.287312688970285,1750.740729476825,592.0776128695098
0,-70.83333333333333,6.199999999999999,27.24189601927255,1860.7308629067554,822.0356399343351
0,-63.833333333333336,-11.8,21.97243075858593,1896.9644599407811,663.6604180958869
0,-55.16666666666667,1.4000000000000004,29.171927150398446,1753.024367381235,655.3834908697099
0,-41.5,-5.4,24.865594419951865,1620.9302031740533,272.2013319224667
0,-53.5,-26.200000000000003,21.89531912343014,1706.352395549304,524.4976368795689
0,-45.833333333333336,8.6,28.32575564883237,1771.9366010090225,206.4760077849056
0,-51.5,-23.4,22.115450935329743,1856.4534798274015,372.5658704156144
0,-73.5,2.1999999999999993,26.50394126654847,1757.4403829053465,853.5153460612082
0,-41.833333333333336,8.6,27.22693814002192,1602.3193017793851,178.21461049343642
0,-65.5,-19.400000000000002,21.89447931884698,1761.8160084834417,680.3482500253465
0,-68.16666666666667,-15.400000000000002,24.33611111090058,1733.4153561276134,649.0259159059457
0,-45.16666666666667,0.5999999999999996,25.981730050284696,1748.612773733744,367.9648220906883
0,-65.5,-19.8,22.45362382302487,1828.5434745204684,688.7717588017348
0,-79.83333333333333,-11,26.77491671635911,1672.5640931699397,417.97438030924116
0,-54.16666666666667,1.4000000000000004,25.63411819512982,1630.7283822227012,617.9196801139194
0,-64.83333333333333,-9.400000000000002,25.56866805404218,1760.4769919846042,738.6466471169446
0,-45.16666666666667,4.6,25.828018429816726,1707.1816681074176,309.91655020912776
0,-62.5,-21.400000000000002,20.556911778031147,1706.4393321609703,681.8806271591358
0,-44.5,-28.6,24.56249772328764,1687.0497869664216,338.09722204985576
0,-71.5,-23.4,23.773790497550515,1504.5136060837642,757.2149828861626
0,-42.5,9.4,28.013808239943824,1585.0443792880126,154.447888746158
0,-76.83333333333333,-15.8,21.95347110545966,1696.6602437993129,465.6985772352836
0,-73.83333333333333,-3.8000000000000007,24.530970315034107,1607.9091872126282,817.7453783318897
0,-49.833333333333336,-1.4000000000000004,27.310389173720967,1668.028777455698,467.59900479493234
0,-53.5,3.8,27.66619187430447,1925.2614783983693,557.7024377803875
0,-40.16666666666667,-25.800000000000004,20.130925934492446,1510.2428898282417,275.534356564505
0,-62.16666666666667,-27.4,21.804770002852408,1843.8975637855783,841.459833122261
0,-59.5,3,27.121730367153233,1816.8079963943696,787.9797672140913
0,-42.833333333333336,-23.4,23.03808556086808,1767.6656055368844,195.80670522246888
0,-59.833333333333336,-7.400000000000002,25.28650503137694,1880.4307825232354,688.0966398816798
0,-42.833333333333336,1.799999999999999,27.245721875064962,1761.4946061418857,341.0487264381178
0,-77.83333333333333,-27.4,20.291323327131895,1564.4211092285211,684.4230728059833
0,-78.5,-19.400000000000002,21.68957395216576,1765.588878626651,444.9897597147923
0,-57.5,-28.6,21.588605467716636,1762.3396873439879,723.7891757698237
0,-76.16666666666667,-6.600000000000001,24.666119752379107,1406.789664620423,675.5382736032765
0,-70.5,-21.400000000000002,23.77399999791037,1864.4668110695543,715.374908397107
0,-70.83333333333333,-13.400000000000002,25.55492241139394,1863.3128952932468,639.0145513925947
0,-72.5,-25.800000000000004,19.455848179356153,1746.428886980427,806.7463041486259
0,-56.833333333333336,-23.800000000000004,21.329830729245568,1646.395945599477,580.1268250352197
0,-68.5,-3.8000000000000007,26.196133944186354,1836.0679198391388,906.0641588972643
0,-43.16666666666667,-5.800000000000001,25.408592169081217,1435.4738758798283,261.65602580112153
0,-61.16666666666667,-19.8,23.378725264484665,1904.2648594281259,610.0540437029165
0,-51.833333333333336,-29.400000000000006,21.585510528011216,1772.8919561704886,526.907823361136
0,-42.16666666666667,-20.200000000000003,22.372713124934105,1496.0773304660231,106.61371045503653
0,-48.16666666666667,-9.8,26.24365928378876,1758.2214224904153,220.17573301964129
0,-75.5,8.2,25.841012191383143,1660.5647852770446,649.6185347626968
0,-40.16666666666667,-20.6,21.69667593760514,1786.5937318302592,126.86070473872059
0,-78.5,-23,25.545351608124278,1513.1833198040904,539.0981099884227
0,-56.16666666666667,5.8,27.962125191350108,1892.0572687701194,608.4147501863869
0,-48.833333333333336,4.6,27.7932029607793,1817.903736574477,385.45237955107154
0,-65.83333333333333,-17,23.58509953166726,1933.947859636859,648.9980386448581
0,-54.5,-29,18.807624792483782,1670.4509861686424,619.0605605593639
0,-52.5,-19.8,24.9657280739564,1606.5850952422786,310.00991506834373
0,-51.833333333333336,-13.8,25.157306743419092,1804.7480439773017,249.72453086424017
0,-45.16666666666667,-7,26.217755861732957,1663.8885022282748,244.5385981476445
0,-46.5,-26.6,22.70366455914653,1852.8088925950065,326.02228139814343
0,-73.5,-18.200000000000003,20.94312556067849,1886.6016200050303,586.0508454743826
0,-71.16666666666667,-17.8,25.575447347236086,1754.3641155966245,630.8663002092288
0,-50.5,-22.6,19.839391976296564,1908.283092083768,315.5612164970595
0,-63.833333333333336,-24.6,22.352802051235,1658.3232113720262,801.0477231302988
0,-75.16666666666667,6.199999999999999,26.1695482000092,1487.406457884304,719.1423807968313
0,-41.5,-15.8,23.844758299955945,1639.8767339319181,51.52748885901599
0,-63.833333333333336,-7,22.35978648981363,1737.9822240422857,795.6243729852412
0,-43.16666666666667,7,27.04810736407623,1691.780246761604,227.25016782521675
0,-47.16666666666667,-3.4000000000000004,25.607032555761503,1720.2137210018088,370.4363775661212
0,-78.16666666666667,-22.200000000000003,22.233890043667706,1635.0844349977979,527.794851274711
0,-68.16666666666667,9.4,27.27140699724463,1723.1844991171413,753.0964560612425
0,-51.833333333333336,-19,22.425857300135448,1628.6421470474222,270.29028060847753
0,-44.5,-16.6,23.233917279379106,1550.7119960887803,63.64426183316098
0,-69.5,6.6,25.576690085704467,1766.7269543599502,827.2742847567101
0,-66.5,-13.8,24.18785908678171,1712.3602046817405,658.7484490342125
0,-72.5,-15.400000000000002,21.398119089689327,1696.140596644891,592.1087666639361
0,-57.833333333333336,-17.8,23.53485844813316,1855.0916122650958,471.6363983352586
0,-45.16666666666667,-18.6,22.035361197079823,1527.62343227548,93.44336656652635
0,-66.5,-22.6,21.90073239328032,1833.2868056752682,769.2787041650673
0,-69.5,-9,24.098644613999465,2046.1993475178551,755.967652804891
0,-40.5,-19.400000000000002,25.16170712356632,1496.734929252361,96.63797112236465
0,-63.16666666666667,-22.200000000000003,18.882803059840064,1733.3828584436285,717.9745407844712
0,-61.16666666666667,-0.6000000000000014,25.562207812239365,1899.1105858844555,861.4830596184968
0,-67.16666666666667,-20.200000000000003,21.3396740527485,1589.5506631427475,706.4044663946385
0,-57.5,-4.200000000000001,25.582613104704937,1770.2580645052112,697.0747759761023
0,-47.833333333333336,0.1999999999999993,25.453099220012565,1945.494069445086,418.80355950399013
0,-49.833333333333336,-22.200000000000003,21.548085718625295,1618.7369521968983,283.0857235807068
0,-77.83333333333333,-16.200000000000003,21.80847823342377,1508.6858691112052,430.98606041975654
0,-59.16666666666667,-15,22.52500080976369,1992.6355510664134,505.07908676439115
0,-64.16666666666667,4.199999999999999,25.141404957592428,1720.7243737096414,875.4501846012259
0,-76.83333333333333,-14.200000000000003,22.93921799365862,1802.6940317934714,472.44347321572934
0,-52.5,-12.600000000000001,23.76398630541334,1678.4757962875565,290.5748300408606
0,-74.5,-19,21.93608765369484,1632.3461980186144,571.7369672174183
0,-78.16666666666667,-3,25.300403608694545,1450.1244360930627,691.9501589787727
0,-73.83333333333333,4.6,26.762978968478468,1660.410622045648,799.8930002172733
0,-54.5,5,26.48616428787423,1734.0831455031675,567.2779788983871
0,-56.5,-20.200000000000003,23.394671576255423,1894.561369731954,467.375106460204
0,-58.833333333333336,-3.8000000000000007,25.752443114055335,1747.1119589871835,751.4353093099354
0,-44.5,-9.8,25.582976374658827,1877.362436145445,154.34563366171497
0,-67.83333333333333,6.199999999999999,27.010708663541962,1658.5601546543037,848.345075445955
0,-58.833333333333336,-6.199999999999999,25.62636592738765,1753.2732323221644,691.4293503646161
0,-69.83333333333333,-7,25.171853044968667,1709.656681111431,812.0992988304356
0,-48.16666666666667,-16.200000000000003,20.314988629718442,1700.2664153602113,127.81921223928995
0,-61.833333333333336,-12.200000000000003,22.32778388743299,1753.1022290220922,614.8732236365848
0,-78.16666666666667,9.8,30.336597480324922,1770.0217481287602,511.2320520240977
0,-51.833333333333336,-19.8,25.47684614026461,1768.9673716070513,286.42771685813966
0,-43.16666666666667,-27.4,21.193996764288556,1666.3397945133008,305.91782327783295
0,-48.833333333333336,7.8,26.220555172833155,1737.58234087029,296.19877361329225
0,-77.83333333333333,-12.600000000000001,21.19999398452485,1673.2606548550255,458.3175403533475
0,-71.16666666666667,2.5999999999999996,25.19816672136181,1759.9467760797006,898.099757632108
0,-75.83333333333333,-4.200000000000001,26.685515056453664,1565.842487702454,749.4003682407815
0,-57.16666666666667,1,24.646402315675996,1741.9820438385152,732.0554111566503
0,-72.83333333333333,-11.8,23.579708263911854,1693.1745113137597,627.7501393110108
0,-67.83333333333333,-27.4,22.517153611437163,1593.7676951863364,903.7883596677908
0,-72.5,-1,26.21601715157076,1693.879000031897,888.8343191543942
0,-52.16666666666667,-19.8,22.652106678417738,1843.9988837487615,298.132578700536
0,-49.5,4.6,26.557718768425307,1956.128405591645,404.3639447689575
0,-77.16666666666667,-5,24.061210968019513,1728.6978921383609,685.0880076485546
0,-45.16666666666667,-10.600000000000001,23.554543970701065,1731.370634909273,140.74230043940224
0,-52.16666666666667,6.199999999999999,26.943167435867075,1718.6512977040188,449.35974190385286
0,-67.5,-16.6,23.6300928868963,1741.3845854264785,652.3705391566974
0,-58.16666666666667,-11.400000000000002,25.768361618980077,1811.0221987581485,522.5654737015111
0,-60.16666666666667,-2.6000000000000014,26.5907061404507,1870.5982360304577,814.6823439600234
0,-53.5,8.2,26.53163188597099,2071.0929228733603,438.6047688711424
0,-74.5,8.6,26.052828886688715,1634.9328796115626,668.0845189638762
0,-76.5,-9.8,22.15333709073688,1901.21566251571,570.1851124429581
0,-58.16666666666667,-12.600000000000001,25.428038375080586,1673.9783914685884,498.3071172156595
0,-64.5,1.4000000000000004,26.284520781347116,1706.3134775287076,924.2126000053286
0,-43.5,-25.800000000000004,20.59895298989011,1792.6306102045664,268.28567294846465
0,-40.833333333333336,-5.4,23.37302337986371,1845.9112226975442,275.7328895182226
0,-76.83333333333333,-0.6000000000000014,25.451919885820082,1729.259441586821,764.5944610507534
0,-71.16666666666667,-27.800000000000004,21.11175356873553,1675.257278694989,880.3821170785567
0,-75.16666666666667,-20.6,22.101808036948093,1850.176151103517,586.6712579756484
0,-66.16666666666667,-27.800000000000004,20.013691833381742,1612.0200818210737,908.7009184545327
0,-45.5,-5.800000000000001,27.183088998505887,1648.6209700158806,283.56966299059525
0,-43.833333333333336,8.6,27.645730898868955,1554.9265040178254,183.1896201965179
0,-66.5,-23.4,25.34408783071399,1354.402008539203,793.1018579016537
0,-43.16666666666667,-8.600000000000001,22.87119188760536,1822.6660114762162,179.45749134947602
0,-62.5,-13.8,22.907816458087822,1750.5111412518086,605.5258874460892
0,-75.83333333333333,-23.800000000000004,21.286389551777983,1646.4806131033513,656.4198994852537
0,-78.83333333333333,-19,23.804403642347985,1720.8305760424907,424.9499335225383
0,-79.83333333333333,-17,24.616762844496233,1558.7910584036981,361.2298190106239
0,-63.5,-21,20.082335350688012,1728.8050922567722,690.9198125378085
0,-64.16666666666667,-0.6000000000000014,25.394902024727465,1892.9134924784535,924.2520561031097
0,-64.83333333333333,-5,24.186742227655216,1956.2499211869015,865.3370186561406
0,-77.16666666666667,3,25.45452017852553,1748.6713267644038,727.8430040047855
0,-42.16666666666667,-6.600000000000001,24.838394943768844,1740.6872072520268,237.26854037094853
0,-79.83333333333333,-26.200000000000003,20.33103530389032,1453.7407623782906,581.7701486078602
0,-65.16666666666667,-4.200000000000001,25.319098034491383,1675.9982772061837,888.1549946398171
0,-66.83333333333333,-7,25.804084738273733,1712.7658276711368,824.6508847971259
0,-63.16666666666667,-23.4,21.374563874911516,1761.8608060291679,753.4720085881223
0,-65.5,-16.200000000000003,23.542042035347652,1897.7214881630837,642.0051938406607
0,-60.5,-18.6,26.455020613960098,1828.1810876678717,568.6025950640613
0,-61.16666666666667,-3,25.89285546090332,1952.0877868171915,836.3621064768687
0,-74.83333333333333,-18.200000000000003,22.474874411355465,1736.4351063876022,548.8074927441612
0,-43.833333333333336,0.1999999999999993,26.191044222395846,1513.998564230562,355.3672412363691
0,-56.16666666666667,-0.20000000000000107,27.622447101172426,2005.4741830044331,698.3938367745925
0,-70.83333333333333,2.1999999999999993,28.61180799310226,1749.659583469228,909.0289467515131
0,-71.16666666666667,-1.4000000000000004,26.16223316580401,1744.5792147433474,912.0851964270762
0,-50.5,-29,22.05542277594587,1776.8542052326927,477.06979543880243
0,-69.5,2.5999999999999996,25.723463588975505,1830.564537162678,920.2208439605016
0,-77.83333333333333,-7,24.989699297031642,1502.3002099082767,605.7554173533672
0,-47.16666666666667,-8.2,22.912875249711345,1762.63344382707,243.42820245537274
0,-69.83333333333333,-6.199999999999999,26.272909987433216,1591.0055465184812,835.3236700612159
0,-49.5,-0.6000000000000014,26.263508614005165,1752.9137023630353,462.412216650518
0,-45.5,6.6,28.742822014911827,1606.5627233243474,260.89505132751026
0,-63.833333333333336,8.2,28.091412644735637,1782.0333440327809,759.7570342520958
0,-69.16666666666667,-20.200000000000003,21.979226721919467,1809.2771069080945,699.5597118041155
0,-65.5,4.6,25.93720315633235,1975.824215665634,882.1525028357546
0,-56.5,-26.200000000000003,20.391242994791938,1747.7206104122024,636.3242193385772
0,-41.5,-19.400000000000002,21.596692429932794,1504.2142113835164,90.57084798251701
0,-72.83333333333333,5,27.99434054143654,1583.7711382632667,815.2643686455499
0,-46.833333333333336,4.6,23.918089767814614,1679.7478914217722,337.7466252697395
0,-66.83333333333333,-19,25.05813722823814,1640.7981592074825,680.5106565749272
0,-48.16666666666667,-1.8000000000000007,28.255239389074926,1790.082570971248,417.4780212895547
0,-43.5,-8.600000000000001,24.067093621067073,1579.3220788720118,181.06609623734215
0,-75.5,-27,23.01941797652965,1772.2426741050094,755.1947334522013
0,-76.5,-1.8000000000000007,22.76494181905047,1718.4503849428193,767.4874007128716
0,-65.5,-28.200000000000003,19.72966720556577,1596.9203011025156,911.3078955001561
0,-74.16666666666667,-29,22.183467800288472,1684.6962742339297,832.7024549976996
0,-41.16666666666667,-6.199999999999999,27.302121796047683,1610.4759485733994,251.72953231431217
0,-60.833333333333336,-17.8,20.54088782614137,1765.6852143166445,566.49835415531
0,-50.16666666666667,5.8,26.51244617012986,1589.8616141328662,393.59786847219885
0,-65.5,-21.8,21.829297675541717,1712.1444155587683,739.5083338679867
0,-62.5,-16.200000000000003,25.208493371685034,1677.306615497278,595.4625084789146
0,-49.5,-15,23.21635760485669,1476.3795419688975,164.99204678237126
0,-69.83333333333333,9,28.887519506101157,1606.6549823467146,752.5239131914363
0,-52.16666666666667,-2.200000000000001,24.129579502959732,1674.9994348026241,536.3530487210309
0,-59.16666666666667,-4.200000000000001,24.34949291161267,1929.8007896591994,753.6973851306541
0,-55.16666666666667,-0.6000000000000014,25.549083143189886,1820.4219386206642,660.1464705011742
0,-48.5,-3,23.553428175348273,1697.3662174940905,409.45072867769073
0,-70.5,-21,20.955414303090063,1602.6541236892228,704.6919520143555
0,-49.833333333333336,9.4,27.870867854641375,1363.8061469817114,277.7956633893417
0,-42.833333333333336,9,24.630877266967126,1638.8020331401453,166.5838886824645
0,-73.83333333333333,0.5999999999999996,26.212662136661915,1788.4783190289465,857.9412720988339
0,-70.83333333333333,-14.200000000000003,25.975899503070668,1717.9070939697456,630.0865048115746
0,-52.833333333333336,-28.200000000000003,22.698697742743562,1716.8790749578227,544.5752452674456
0,-52.16666666666667,-3.4000000000000004,27.35164652305461,1753.3734208080448,517.2762070506756
0,-77.16666666666667,-13.8,22.71070364295934,1650.7860007899815,464.83175523693376
0,-40.833333333333336,0.5999999999999996,26.723858332628822,1740.5009356068592,353.9549302702415
0,-59.16666666666667,-29.800000000000004,19.127120812620447,1895.085915865692,795.8122532193598
0,-70.5,-24.6,19.820756962228444,1747.9707949016945,809.1494967955541
0,-70.5,-26.6,20.11130725128962,1495.7227280058644,863.8672308431284
0,-53.5,-29,21.749894320675047,1848.2893874159215,581.8049637104496
0,-60.5,8.6,28.351098261302223,1842.7112178613922,671.9051501694388
0,-62.16666666666667,3.8,26.00144968964176,1809.6141774932726,846.0225078457445
0,-56.16666666666667,-19,25.647941485091344,1796.673324501847,429.86866398828334
0,-57.833333333333336,-2.6000000000000014,25.804184581468483,1786.2323330322292,738.8698557581378
0,-65.5,-1.8000000000000007,27.65133938728793,1759.6251406176616,931.6640028909254
0,-74.83333333333333,-9,22.859778224451308,1696.3015707719258,646.4789296440292
0,-64.5,-9.400000000000002,24.104432653968665,1619.2645188251063,734.4092585997379
0,-57.5,-0.20000000000000107,27.476037001536685,1630.7392475964375,746.8353680990529
0,-70.5,-10.600000000000001,23.346930536542857,1683.2976349422554,699.9298489422542
0,-67.83333333333333,-21.400000000000002,22.712223770830985,1662.9368891147553,736.7694659617852
0,-78.5,2.5999999999999996,26.793509048715727,1481.4367977772383,686.0938659803285
0,-64.16666666666667,-25.4,20.859731753036773,1928.9136470683131,829.2388242899182
0,-42.5,-10.200000000000003,24.796533168678476,1741.0376494577533,132.26649008399613
0,-58.5,-4.200000000000001,27.302127951307106,1601.7549030454359,731.713553605786
0,-54.16666666666667,-0.6000000000000014,25.87584788447931,1719.8394364984815,622.6826597453837
0,-45.5,2.5999999999999996,24.874878209857705,1699.8106532584184,353.84161053130185
0,-68.83333333333333,-28.200000000000003,20.74857400840308,1807.449585876242,915.4483105719612
0,-76.5,0.1999999999999993,25.72885592067147,1620.099898694387,776.9828931603281
0,-60.16666666666667,7.4,26.91339174381904,1771.323005952783,698.1102106780224
0,-74.16666666666667,-20.200000000000003,20.894918141725945,1687.0351453172768,606.4460152884457
0,-73.83333333333333,-29.400000000000006,19.3197091995787,1512.1139789410959,846.9923626862499
0,-48.5,-9,22.35483015963138,1662.7438291980593,251.57007223727592
0,-77.16666666666667,-27.800000000000004,20.761056518876252,1763.6442721839248,716.4978981664299
0,-71.5,-2.200000000000001,24.919133469471866,1959.5498709875508,897.7852300331158
0,-55.833333333333336,-19,23.927922665771,1971.2474776657884,417.49465293685824
0,-62.5,-28.6,22.720933716508192,1854.6574946206415,871.5706176474067
0,-77.16666666666667,1.799999999999999,26.28974885939847,1808.959836961367,744.4271853200239
0,-70.16666666666667,-12.200000000000003,23.74729680740826,1772.3932029013206,668.0907026698219
0,-75.83333333333333,-13,21.807236763439395,1598.095896628623,520.7476313592433
0,-58.5,-19,24.637527778838834,1766.496734197248,512.9489729424274
0,-52.833333333333336,-16.200000000000003,24.03203127107843,1906.5877728441924,275.27254360795007
0,-57.833333333333336,-27.4,20.55748931792499,1929.8526575149147,712.8597056941426
0,-62.833333333333336,-9.400000000000002,24.345255773520297,1938.9540186617473,706.1066272619082
0,-44.833333333333336,-21,21.388447649602348,1621.7818759109687,141.36689773473813
0,-47.5,-16.6,24.98002321218636,1715.932842708856,113.53556909176305
0,-78.83333333333333,-24.6,21.530929955534084,1619.9538568887356,574.5135118897946
0,-48.16666666666667,-12.600000000000001,25.409437392667275,1797.5565355064543,155.15069217288095
0,-72.16666666666667,-25,21.335248364150612,1681.5499100831269,791.5591968363632
0,-52.16666666666667,-1.8000000000000007,25.037133198074972,1705.2968059419848,541.0248227897266
0,-54.16666666666667,-3.8000000000000007,25.64437284286333,1576.6837776378043,582.4867659784396
0,-48.833333333333336,-4.600000000000001,27.479545382023982,1576.926763714093,385.45237955107154
0,-54.833333333333336,-0.6000000000000014,25.914057040321058,1755.4529675406177,647.649095268099
0,-73.83333333333333,-20.200000000000003,20.702261937878824,1785.8817342358996,615.5914645526977
0,-63.833333333333336,8.6,26.73978626003361,1749.9586501618046,747.8316965095005
0,-50.5,-5.4,24.842405765549728,1716.3598452955935,414.9411225236656
0,-68.83333333333333,-9,25.809272710252042,1748.648149396854,761.3395802070772
0,-68.16666666666667,-3.8000000000000007,23.57024064369264,1866.4992283354711,907.4668833313533
0,-58.5,-25.4,21.603338645660582,1815.668412890856,685.5021932944784
0,-78.16666666666667,1,25.11810216934049,1421.7443353473427,715.1598034185072
0,-47.5,-26.6,22.309149530514635,1810.4829676928168,346.79086126620825
0,-46.5,2.5999999999999996,26.423482548497013,1667.919187261567,370.55900272212295
0,-73.5,-27.4,21.988056037859636,1670.5180320221123,821.965323465866
0,-57.16666666666667,-26.200000000000003,21.049006023352806,1563.0735172892205,660.5660251907811
0,-51.833333333333336,-25.800000000000004,23.156441681973995,1765.1666215237221,453.857409066058
0,-53.16666666666667,-17.8,20.543360199552783,1872.1717770659109,299.64641827359105
0,-55.833333333333336,-17.8,22.714012746670686,1785.5338509661976,399.0792292527891
0,-67.16666666666667,3.3999999999999995,25.964414382443184,1712.5263003212694,916.4688863753338
0,-52.16666666666667,-24.200000000000003,25.784714026866617,1859.4975100663603,419.7300421929949
0,-53.16666666666667,-23,24.479111439400125,1848.0753714609684,419.8841197045645
0,-48.16666666666667,-25,22.77958068144433,1894.8269425933556,319.64282555734843
0,-72.83333333333333,-2.200000000000001,24.751890391689,1663.8311567829433,869.9317722483233
0,-66.5,-7.800000000000001,23.56936653589552,1670.1584102484624,799.5787731243526
0,-69.83333333333333,-24.6,21.49749461626051,1748.5181770647303,817.5226489754932
0,-64.16666666666667,-29,19.71271627705854,1654.407251565523,908.1586882662275
0,-43.5,-21.400000000000002,22.604847545945212,1609.0572706548012,140.5075344596934
0,-76.16666666666667,-9,26.023471320057805,1784.7264646299593,604.2316416514575
0,-54.5,-7,26.762922949974605,1510.8803060497012,511.72770445320225
0,-60.833333333333336,-14.200000000000003,22.91716575074579,1736.0779255473606,560.3292421695977
0,-48.16666666666667,-5.4,23.89011129161801,1643.400764027769,347.7927523639255
0,-52.16666666666667,-7,25.308201237990115,1627.8112638353361,426.13537067307254
0,-74.83333333333333,-3,25.701229039173437,1692.6740461834365,804.3595860844441
0,-46.16666666666667,-6.600000000000001,23.94079080514966,1565.619866489508,271.5756208428879
0,-45.16666666666667,1.4000000000000004,26.99394694644326,1646.091584331471,363.201842459224
0,-72.5,-21.400000000000002,22.582500188036484,1665.8657302278946,678.9681656598545
0,-68.5,-8.2,25.169266587406828,1628.326091230177,786.9664899880192
0,-60.5,1.4000000000000004,27.437557403058673,1581.8554187404172,838.361070956759
0,-66.16666666666667,0.1999999999999993,24.6259402423145,1667.3664164191034,946.1256980555831
0,-46.833333333333336,-19.400000000000002,21.457369005268337,1784.4678166906872,135.94237245933135
0,-49.5,-23.800000000000004,19.989327757183148,1704.6457214879426,320.6298763931064
0,-79.16666666666667,2.1999999999999993,22.58310334829303,1748.8699066363188,666.9062661023349
0,-77.16666666666667,-13,21.410194911652496,1407.8536672261114,475.5093487629916
0,-48.5,-13.8,24.77385261690402,1736.273263700687,146.4394799098391
0,-68.5,2.1999999999999993,24.726277233884883,1764.0330274067155,933.0515067691231
0,-60.5,2.5999999999999996,26.26137480957616,1789.2735825210275,824.3756321617908
0,-66.16666666666667,-27,20.015800863755985,1798.79234921105,891.4496134478318
0,-61.833333333333336,8.6,26.92748522961182,1682.7596251932978,707.1478989075465
0,-49.5,3.8,28.655480998879153,1777.7437782285149,422.21632288357387
0,-70.5,7.4,30.894102072643093,1360.1137692220916,791.8318188851068
0,-59.833333333333336,-6.199999999999999,27.231106189097222,1745.731914389027,723.21533887785
0,-42.5,-20.6,23.384048532318918,1546.4763749085366,116.3412342497665
0,-47.833333333333336,-23.800000000000004,20.739662983098157,1838.0769001983035,276.06249862551175
0,-72.83333333333333,-23,19.436583786887525,1594.106109513962,717.3961437250706
0,-56.833333333333336,9.8,30.839127028440714,1745.8143616515165,516.0701051963281
0,-45.833333333333336,-7,26.133998269495216,1808.1569199549783,254.2686842606463
0,-45.5,-15,21.34395121976418,1891.9114738156686,75.1698590895875
0,-40.5,-13.8,22.610794257740952,1867.0817071696329,68.35829390485347
0,-50.16666666666667,-0.20000000000000107,26.333673887310006,1766.7802243551796,483.57695506040454
0,-62.5,-19.8,20.75972149714891,1765.0380768629861,642.2290734399887
0,-56.833333333333336,7.4,26.351330262859847,1953.1640038006235,586.5886135841978
0,-61.833333333333336,-11,22.059318992488812,1672.8648874686178,641.1703363599491
0,-40.16666666666667,-13.8,23.821270532553115,1698.5239631671047,71.40147836268719
0,-49.16666666666667,8.6,28.200933423361523,1714.3813318769994,281.5673020963334
0,-76.16666666666667,5.8,26.403205420492696,1633.0617553855298,698.2128852663616
0,-55.16666666666667,-5.800000000000001,25.077465624560947,1697.2475556120635,571.1261045340352
0,-63.5,-23.800000000000004,20.633314410321983,1743.410809650206,771.5978908595818
0,-52.16666666666667,7.8,25.908741526432994,1649.7667555597088,402.2597167967765
0,-41.5,-7,24.016149703046995,1432.541979863173,226.99714873144188
0,-72.5,-27.800000000000004,22.215859737735933,1554.0374429555086,854.2795688763041
0,-59.833333333333336,1.799999999999999,26.344855487455085,1869.0415652708916,814.8804197637237
0,-49.16666666666667,-2.6000000000000014,25.792998996608716,1839.208268782822,434.0377840886854
0,-64.5,-4.200000000000001,24.11538421070762,1834.85026945874,880.173708134909
0,-49.16666666666667,5.3999999999999995,25.218190067706544,1620.310783636441,374.5641617630989
0,-58.5,1,24.83764748372987,1755.9746465765547,778.6041164057762
0,-55.833333333333336,5.3999999999999995,28.55786031906452,1948.5007240738705,606.8390643500818
0,-40.833333333333336,-13.8,24.924149324544384,1807.8987419565738,65.82272836076166
0,-69.83333333333333,5,26.464761320291498,1936.7641166698438,867.6495732756205
0,-61.16666666666667,-27,23.390275010918906,1626.7607297885863,807.7656956318122
0,-70.16666666666667,5.3999999999999995,27.428063052542207,1794.4055009024894,853.3622376075491
0,-54.5,-7.800000000000001,25.548996987857468,1655.2889254217466,487.8520505769062
0,-75.16666666666667,-17.400000000000002,21.66025480381217,1564.2405368877535,528.9302482737435
0,-76.16666666666667,-2.200000000000001,28.03194610969246,1627.265756337021,774.0247053384151
0,-47.16666666666667,-12.600000000000001,25.571270685814337,1797.9949151446665,131.85766418849846
0,-48.5,3.3999999999999995,26.19503737226699,1554.3235447628879,402.28629425387817
0,-52.833333333333336,9.4,29.660619464650267,2084.20575949684,378.9018034475496
0,-60.833333333333336,3,26.462293876999407,1929.4186337645563,827.3592768629935
0,-55.5,-17.8,21.72665368703988,1852.3834845314782,386.64248455298525
0,-48.833333333333336,4.199999999999999,27.48010851226375,1751.4523819486442,394.6987799307484
0,-70.5,-8.600000000000001,24.376660099139954,1611.96445807151,755.9334701747557
0,-64.16666666666667,-8.2,23.136109295943395,1733.7788183611867,764.9584934269204
0,-73.5,-7,25.19881135443917,1468.3950347188568,743.2976680132499
0,-46.5,-7.400000000000002,24.85459790875378,1655.3641627703662,253.9868694401218
0,-69.5,-23.800000000000004,23.256751573580342,1434.9425184186541,797.1869221295225
0,-76.5,-9.400000000000002,25.424748181375367,1621.846834742476,581.4578515022064
0,-77.16666666666667,-11,25.17307337292616,1680.1850298482645,515.7674941800318
0,-47.5,-10.200000000000003,24.788411284283644,1806.0229574213467,193.32828131740337
0,-65.16666666666667,3.3999999999999995,23.613233883488792,1844.3856294369793,904.6714785762601
0,-53.833333333333336,3.8,27.093853554600226,1685.9506309494675,570.0610439243712
0,-73.5,6.6,27.407625768001942,1714.9595927086689,755.0289143260698
0,-46.833333333333336,-16.200000000000003,20.477015347828264,1842.508532473109,97.59931627464556
0,-68.16666666666667,8.2,26.373801122118078,1654.6533099346398,788.3692144221083
0,-56.5,-15.8,24.268505767551208,1795.9545303514178,410.82903019087036
0,-76.5,9.4,29.858826287635022,1696.215240250875,581.4578515022064
0,-79.83333333333333,8.2,27.506676062787548,1401.8419955778402,495.87728059943373
0,-73.16666666666667,-17.8,22.63211028105703,1647.2462835412068,589.1465611595646
0,-72.16666666666667,-7.800000000000001,24.42441783947946,1890.8623362711676,750.6292865756194
0,-78.83333333333333,-19.400000000000002,21.63796221150334,1653.950380944134,432.6638609958121
0,-68.83333333333333,-24.200000000000003,21.53005938272471,1789.5882335760998,814.5096373659989
0,-63.833333333333336,2.5999999999999996,25.024732594636642,2035.3285089271844,900.3021785018525
0,-51.833333333333336,-3.4000000000000004,25.126306632730028,1644.0634982544946,505.57134520827924
0,-45.16666666666667,-19.8,22.508830177750312,1602.1196860495897,116.53580617510792
0,-69.83333333333333,-14.200000000000003,24.49571017931539,1702.441623677471,643.3745349384554
0,-68.16666666666667,-14.200000000000003,24.24497875357494,1672.908692190509,655.5117892632735
0,-72.83333333333333,4.199999999999999,26.05130527228439,1818.5705509430825,834.3384466415251
0,-72.83333333333333,-0.6000000000000014,26.058557551281986,1689.9653581621196,883.1403181434089
0,-51.5,-29.800000000000004,24.25745856238829,1692.2745369270058,519.657660044475
0,-62.16666666666667,-27.800000000000004,19.59803761701785,1686.3149983920212,849.7523426327049
0,-70.5,-10.200000000000003,24.725473732797976,1685.164108167187,710.4046508943235
0,-76.5,-1.4000000000000004,26.32937737706127,1582.6966073330868,771.2611929077971
0,-43.5,6.199999999999999,23.81761511872444,1278.658436267531,252.0831439438632
0,-75.5,6.6,25.535774841591884,1530.3235763369833,697.217119808662
0,-42.5,-12.200000000000003,22.320880385178576,1546.1963272132407,85.52063409346685
0,-63.16666666666667,-21.8,20.999126651778933,1731.8537150778043,706.5583607808326
0,-74.83333333333333,-2.6000000000000014,27.591674579088473,1678.666157944255,810.7321207996398
0,-71.5,-3,23.06733375618793,1798.837744181599,885.8728227865731
0,-69.16666666666667,-23.800000000000004,21.882292268314483,1692.1384652467877,800.12717909284
0,-55.5,5,28.59371659346244,1507.4688474751154,604.7484109044378
0,-79.5,7.8,27.362979550379386,1596.2396414396192,520.3572129114542
0,-65.16666666666667,-6.199999999999999,25.038535432746677,1616.67002979524,836.7550134294374
0,-40.16666666666667,-25,23.389025856620563,1724.5387542848064,253.16171271357103
0,-60.5,-12.200000000000003,25.2448983794043,1899.8005421075065,579.6304748984771
0,-71.83333333333333,-14.600000000000001,23.490249095188968,1564.8438908562123,609.4308621590686
0,-60.16666666666667,-19.8,21.90653225363378,1795.627072773086,582.0017464708756
0,-78.16666666666667,-21,21.850540679394438,1720.5712545639312,494.610693541216
0,-77.83333333333333,5,24.288466973999043,1436.857404050223,661.3056917985521
0,-66.83333333333333,-4.600000000000001,23.720670881745463,1717.4573329918094,890.0288368586091
0,-42.16666666666667,-18.200000000000003,21.157768877220292,1572.8091934568988,68.29047151926159
0,-76.5,-27.800000000000004,21.7121127243637,1593.2564352440045,739.5581135592776
0,-59.5,5,26.43911415051704,1779.530813486099,745.2247708578604
0,-68.5,-19,21.285894739514262,1803.568997281555,678.693600498966
0,-49.833333333333336,0.1999999999999993,28.710960227508703,1905.3667190241415,473.3207050474634
0,-73.5,8.6,24.862578144103907,1750.8619985118128,695.5049915375092
0,-58.16666666666667,-23.800000000000004,21.141406301816318,1687.504710967238,627.3888779013114
0,-60.833333333333336,-10.600000000000001,20.54399927743007,1829.8037465004531,625.2577083533356
0,-73.5,5.3999999999999995,26.314154806911755,1557.5670685617388,788.5018512042748
0,-74.83333333333333,-5.4,23.259182101848975,1619.9165376103992,751.2584984740533
0,-78.5,-9.400000000000002,24.342191634717782,1823.708822882916,510.27596336970595
0,-59.833333333333336,-15.400000000000002,24.425332638644107,1665.6775696715877,524.7803303977616
0,-53.16666666666667,-14.600000000000001,24.188977748855557,1638.0749660591084,290.3747016076603
0,-42.16666666666667,-23.4,21.07271159133334,1647.3775206655537,195.18472495913394
0,-53.5,-17.400000000000002,21.68159466619327,1785.349461327539,307.4843463119804
0,-79.83333333333333,-18.6,25.876174997712738,1463.0348143671238,380.64938775146106
0,-69.83333333333333,-16.200000000000003,21.354420449518575,1853.3900335131011,637.329941896825
0,-55.16666666666667,1,25.8487500353009,1729.7760038809158,658.2351617992805
0,-77.5,-0.6000000000000014,25.852256357050454,1378.5143525646452,741.1528497521942
0,-62.833333333333336,-18.200000000000003,22.165181260668906,1716.9723838081252,619.9999018170522
0,-68.83333333333333,-8.600000000000001,25.582719331447162,1927.2110189315574,773.1222893703357
0,-71.83333333333333,-29.800000000000004,21.5366404969855,1552.158745216847,897.9974512611329
0,-75.16666666666667,-23,21.358354570919005,1820.0500072381515,653.6000590907565
0,-58.833333333333336,-23.800000000000004,22.564043071865477,1791.4501629543477,649.848862819468
0,-58.833333333333336,-5.800000000000001,24.526656245632875,1817.5899570579097,702.6108371097406
0,-49.16666666666667,-0.20000000000000107,23.32781682490031,1931.744332620093,453.7449231361846
0,-50.5,-29.400000000000006,21.747219846535426,1560.5570708010146,482.21425386310057
0,-76.16666666666667,-9.400000000000002,25.682229258549075,1807.491115739289,592.6669301964456
0,-57.833333333333336,9.8,28.43631466794414,1785.0615225481063,551.779214088267
0,-75.5,-7,24.727991853154517,1649.3966127339932,685.4858734958422
0,-73.16666666666667,-13.400000000000002,24.5564611493765,1669.4059602673685,591.9054957548724
0,-51.5,0.5999999999999996,27.20685896293733,1972.6532265175751,526.344663457653
0,-77.5,5,23.911121343141282,1563.0817432692666,673.2769002543353
0,-44.5,1.4000000000000004,27.823793368879137,1649.8283880555161,355.4217141265538
0,-77.83333333333333,-21.400000000000002,22.5779242473639,1634.0284577167495,517.4041790999777
0,-76.5,0.5999999999999996,25.528793184067847,1425.3526809644454,776.0241725392614
0,-53.16666666666667,-12.600000000000001,24.01692582826281,1920.855593289525,314.7641931798392
0,-75.83333333333333,7.4,24.41652364801404,1696.9681930140657,662.8816880342318
0,-60.833333333333336,6.6,25.29514930569642,1856.278033398281,740.7852523743977
0,-46.833333333333336,7,29.312198972042943,1898.3324144478677,272.36867320825627
0,-77.83333333333333,-23.800000000000004,18.65489984607003,1775.0292714356037,587.3993010389994
0,-49.16666666666667,7,27.26428407143334,1866.8901280884902,329.35997857207406
0,-61.5,3,25.519557228147345,1939.216443261671,844.9959586368375
0,-40.16666666666667,-17,22.364003800115327,1563.816046868953,65.59265600716793
0,-76.83333333333333,-28.6,19.915975025461343,1656.648438023872,742.5069893425909
0,-49.5,-16.200000000000003,21.954882412208747,1637.4455366235125,164.21663577386354
0,-78.16666666666667,-20.6,21.568295249407175,1662.3279244251403,484.3981365869544
0,-78.16666666666667,-17.8,24.206647188564798,1533.1267742473206,431.08923627108925
0,-51.833333333333336,4.199999999999999,30.303583298004217,1620.0654733800668,489.05486127183633
0,-73.5,-23.4,21.94289925476597,1703.7354913664217,712.945098914255
0,-47.5,9.4,26.60740104509019,1654.520690915148,215.50967997956522
0,-65.5,2.5999999999999996,27.791739815596923,1782.9489432546038,921.4523562908827
0,-72.5,-21.8,21.065546849412385,1568.6307110152675,690.0531870069594
0,-78.5,-24.6,18.835004066513903,1702.5481010610597,586.8394106087748
0,-67.5,0.1999999999999993,25.92663254146406,1872.9994062643311,949.8696917026214
0,-67.83333333333333,-16.200000000000003,22.064124425454764,1753.8739968004127,650.351347281564
0,-46.833333333333336,-28.200000000000003,22.35751415184516,1632.9330251745594,366.902017934141
0,-68.16666666666667,-7.800000000000001,25.55203579832626,1693.99645717839,800.3608992789576
0,-48.833333333333336,5.3999999999999995,28.181277283170935,1578.0639461422115,365.27861068061316
0,-51.16666666666667,-6.199999999999999,26.345502051049035,1912.430137964795,414.8435172957448
0,-72.5,-5.4,21.716259412415297,1766.4333008158458,812.5235871042689
0,-73.5,-25.4,21.224303271248502,1853.4852559747947,771.7106601431022
0,-47.16666666666667,-26.200000000000003,22.67020981212854,1649.5721299548836,329.3210704637992
0,-76.16666666666667,-21.400000000000002,21.039254863421693,1653.9685655830579,575.4557890370672
0,-50.16666666666667,-25,21.83591038168584,1839.9184205426313,376.2462668807418
0,-55.16666666666667,4.6,26.581320367579615,1745.5858525912336,602.0981986196138
0,-56.16666666666667,-8.2,28.12224984942518,2075.2129123147633,538.1415534773366
0,-79.16666666666667,8.6,27.958649736554822,1711.8332612493489,508.89591157863595
0,-70.16666666666667,-29.800000000000004,21.812335600778578,1633.664714699684,924.89727494639
0,-56.16666666666667,-18.200000000000003,21.487621085124292,1911.8113160720093,416.7620696716148
0,-77.16666666666667,5,27.726911317201832,1835.2880074865486,685.0880076485546
0,-42.5,-5,24.805015120781228,1667.3571590716322,281.13826028535397
0,-79.16666666666667,5,25.94701538417316,1527.5726005567547,612.2388624995615
0,-40.16666666666667,-28.6,20.655978171710345,1503.1701430863798,337.4462085640047
0,-45.16666666666667,7.8,25.356935813019632,1780.637490768892,220.66294427134847
0,-53.16666666666667,-12.200000000000003,23.926491007916876,1741.838920528381,322.1347184331566
0,-73.83333333333333,-23.4,18.624669309340817,1730.400124969067,704.1624790567952
0,-79.16666666666667,-13.8,20.451945372677766,1456.4432872854672,391.98261008794054
0,-58.833333333333336,9.8,26.236136925339366,1701.9601313023302,585.7921429805764
0,-47.5,-3,24.54243056022805,1623.9854138457154,384.955047874992
0,-45.16666666666667,6.6,26.944275302145716,1736.538334227899,256.2698444604643
0,-61.5,1,27.245165347675776,1584.698027814135,868.205603076572
0,-41.833333333333336,-11,24.189866215928,1847.7778757398394,112.23704794583911
0,-79.16666666666667,-26.6,20.143011951078275,1482.0222187726881,616.8296722470085
0,-40.5,-11.400000000000002,26.202830245886943,1596.6468004705848,109.88475135712147
0,-65.5,-7,24.49348412254311,1937.705824813841,816.7745507742713
0,-55.5,-11.8,23.677512795497705,1815.9617634420997,417.2341815698988
0,-75.5,-5,24.23171877513453,1675.5665037619876,741.0361479410269
0,-71.83333333333333,-8.600000000000001,25.5053750364139,1841.7298886432006,733.4655542555265
0,-79.5,-8.2,25.894123941149257,1734.0324578495463,508.3655280546048
0,-41.16666666666667,-24.6,19.500062844124017,1645.524543593242,233.92851122858946
0,-56.5,-22.200000000000003,20.333107152718757,1673.888474159625,520.4486531606502
0,-73.16666666666667,-13.8,24.02730793408201,1738.5122940146775,586.9962350993964
0,-50.5,-23,21.340087376905068,1952.9512589705555,327.4189888573464
0,-78.83333333333333,-25,22.255554961665005,1726.3410927286548,586.1444181291847
0,-43.833333333333336,9,26.158985625793864,1555.1353279849534,171.40691103325938
0,-75.5,5.8,25.198353611864245,1702.7758495136975,719.891731471747
0,-65.5,3,26.36033895317618,1680.9596811468423,915.079821575687
0,-72.83333333333333,8.2,25.985452113351926,1884.7899077787256,723.8467554672196
0,-71.16666666666667,-12.200000000000003,22.540473128818867,1903.6763787176556,653.3546003687943
0,-76.16666666666667,-29.400000000000006,18.602257575578868,1662.0605335553737,776.2843418209166
0,-78.5,-7.800000000000001,24.431349833715426,1720.5933589572253,557.5404065874211
0,-49.833333333333336,7,27.54312966399475,1681.4660694641238,348.93576048335285
0,-74.83333333333333,1,26.41621932182652,1672.82267021086,827.5692305241786
0,-74.16666666666667,5.8,24.812110718962618,1795.204785910457,759.7754568674428
0,-48.16666666666667,-25.4,20.515077928979363,1840.5329506215853,331.0015613027529
0,-71.83333333333333,7,27.015072601656062,1827.5452077028435,781.2582307312672
0,-66.83333333333333,4.199999999999999,26.890269841644127,1552.0017966496073,899.275237238286
0,-72.83333333333333,3,25.058868275906818,1635.082955557061,858.0193650017807
0,-60.16666666666667,-14.600000000000001,26.17160611490136,1653.5895096023821,538.1771698712136
0,-77.5,-19.8,21.922168512444365,1694.3997157453487,489.72383383661384
0,-56.833333333333336,6.199999999999999,27.570568542838174,1804.3392990447421,621.7073125803678
0,-67.16666666666667,-13.8,23.831709996806595,1613.1470672204591,660.6220720312947
0,-63.5,-13,22.519674286072807,1731.3085553015046,635.9256227335713
0,-65.83333333333333,-23,22.932080578591574,1602.0360139953825,777.194888491519
0,-74.83333333333333,-18.6,20.48124208189627,1834.6131210875635,554.9590837019103
0,-43.5,8.2,25.50123439752246,1671.1155662418685,192.99143397993745
0,-70.5,-16.6,22.795034630129926,1613.4195471377984,630.6119386686831
0,-77.16666666666667,-12.200000000000003,23.580035905376693,1862.9968143697367,489.47038145666755
0,-60.5,-19,20.880746175412263,1704.555263091733,575.5575984229808
0,-62.16666666666667,-26.6,20.223890905922573,1779.1001861000257,822.9332618622767
0,-72.83333333333333,-21,22.21662043008725,1697.850252384257,660.679899564224
0,-77.83333333333333,-8.2,24.343034623097225,1247.1642282448245,569.8880786202218
0,-56.833333333333336,-28.200000000000003,19.884679110105402,1738.4472855688155,693.0162860754722
0,-68.5,6.199999999999999,28.702496256414463,1580.248958309303,846.058199951945
0,-63.5,7,27.85294380502025,1740.383203243926,789.9540071739495
0,-74.5,-2.200000000000001,27.258932485947124,1754.1472723146908,826.0948734875752
0,-62.833333333333336,-29.400000000000006,17.4783810278026,1818.1035941993362,889.7240388863792
0,-41.16666666666667,-23.800000000000004,22.606799285930006,1527.7837056550538,210.149044769164
0,-55.16666666666667,-15,20.981407385885007,1655.2814428118702,362.72630063302745
0,-61.833333333333336,-18.200000000000003,19.655499533371817,1709.4833922026146,597.69375284442
0,-57.833333333333336,5.3999999999999995,26.7487754579602,1668.7612077221536,679.3962334325513
0,-53.5,-21,22.100472511747462,2000.2858715965667,375.4379129681468
0,-57.5,-11.8,22.248722666519964,1723.7239559159984,490.486468645588
0,-64.83333333333333,-24.200000000000003,21.916200090918796,1651.9270968681647,803.3814157308781
0,-67.83333333333333,-23.800000000000004,21.013556130588857,1736.368597486753,806.7645879008069
0,-51.5,3,28.44199487927356,1838.338680120839,501.2237103160249
0,-43.833333333333336,-4.600000000000001,26.08113517596245,1551.8944065333037,296.36024873374186
0,-41.16666666666667,9,28.237144880923598,1595.9021681762183,168.92977544453262
0,-52.833333333333336,-3.8000000000000007,24.056524949346397,1814.9582603091046,533.2722307176604
0,-55.16666666666667,-20.6,21.899033947383995,1934.5295408117604,427.4734949677278
0,-43.5,1,25.829077548482214,1788.891710848048,350.373687954233
0,-79.5,-3,23.557340151801874,1619.0402318527338,642.5381375891659
0,-71.16666666666667,-15,23.336631648731966,1479.6981071823086,619.4280061903937
0,-52.833333333333336,-13.8,21.68436556557349,1600.0142804337152,285.33592257512464
0,-59.16666666666667,-13.8,22.95597818906663,1788.7392912839389,514.367054723058
0,-52.16666666666667,-20.6,25.73845021764239,1669.6606049151535,316.8886190826699
0,-62.833333333333336,-19,22.012058004071672,1781.5428483494181,633.1064961337207
0,-56.16666666666667,2.5999999999999996,25.302025034874767,1999.300674742428,678.6866977270934
0,-48.5,-19,21.40925021991657,1846.9503605772898,167.00522965407646
0,-77.83333333333333,2.1999999999999993,27.42849158339184,1506.3950350182674,715.9730954013255
0,-79.16666666666667,-21.8,21.422418174702454,1709.722959498776,479.422371148092
0,-64.5,-1.8000000000000007,25.934988775944454,1595.7817857259995,920.4388078104031
0,-60.16666666666667,-24.6,21.29353945689757,2046.9757790239503,715.4278885884697
0,-60.5,1,25.571689428488668,1930.214867062824,841.2127418863296
0,-40.16666666666667,5.8,27.58453585681977,1689.3922666500919,270.5133143050281
0,-53.5,-23.4,22.48462773005738,1713.8666531804674,444.119538505293
0,-42.5,-0.20000000000000107,25.700527648910157,1746.5407917050059,349.9729304042797
0,-61.833333333333336,-0.20000000000000107,26.287889309344305,1709.602990761443,879.3255199473977
0,-76.16666666666667,-29,20.097914856327378,1768.908226510462,771.1398833966184
0,-42.5,-28.200000000000003,20.739352025147546,1723.2465516029672,320.1213305660539
0,-52.5,-7,24.55871054407281,1797.5065975737884,438.0127070408803
0,-70.16666666666667,-15,23.85682062167251,1905.1907266681228,634.1641084914213
0,-44.5,7.4,26.779471137310242,1626.2756452928768,224.86414204958461
0,-68.83333333333333,-15.8,21.962152956646182,1834.1413422665473,645.4453059736506
0,-51.5,-9.400000000000002,21.99251194540118,1717.378165473362,331.7783424205981
0,-79.83333333333333,-7.400000000000002,26.71737470448229,1592.9602873339447,519.8502915671894
0,-63.16666666666667,-21,23.141846916244262,1735.679329317063,684.7903830509762
0,-59.833333333333336,5,25.668519954320004,1660.6459391710537,755.5412420922544
0,-55.833333333333336,-6.199999999999999,25.182020310571396,1545.7492557165247,584.8592523898373
0,-72.83333333333333,-21.8,21.85530177617239,1906.474357205869,682.4478772940804
0,-61.833333333333336,-27,20.45791785751849,1558.483361492508,824.6494353396463
0,-52.833333333333336,-21,21.90644861993672,1647.3159655423863,351.00770590541964
0,-44.5,-11.8,25.37661568596288,1797.2318952291396,104.79451492562005
0,-60.16666666666667,-13,21.592526992797904,1921.4216153254033,555.9761540030338
0,-59.5,-17.8,24.67126608882706,1871.0769766980968,527.1188445064079
0,-64.5,3.8,26.10404531828665,1720.1880252517178,888.7796858698487
0,-52.833333333333336,-21.400000000000002,21.5709743142739,1838.397704121914,361.6906622881712
0,-47.16666666666667,-7.800000000000001,22.592964950316716,1578.1207186369375,255.41988731222213
0,-75.16666666666667,-8.600000000000001,25.854313588499437,1842.0333822871671,648.1253330903103
0,-65.83333333333333,-11.8,24.721380617462586,1755.8119493394718,687.5488840774592
0,-55.5,-13.8,20.592485453316797,1774.5462920559828,384.492158492817
0,-63.16666666666667,-24.200000000000003,20.650083697187526,1624.2889130204755,777.4192492070396
0,-49.833333333333336,-22.6,22.983988000199137,1611.8870019284252,294.7600376477716
0,-59.16666666666667,-11,22.80590383132706,1721.1948672282151,565.302793666156
0,-72.83333333333333,-26.6,18.41692899291743,1463.7934764637641,819.8551783929969
0,-70.83333333333333,3.8,29.219160455045845,1691.6484805595253,882.0415988796544
0,-64.83333333333333,-2.6000000000000014,22.840123535978467,1681.1079273881287,914.464549727567
0,-40.833333333333336,-5,24.864889758598675,1722.8885317180495,286.0789807723825
0,-54.16666666666667,-1,23.913402467926968,1748.1822827709316,620.7713510434901
0,-73.16666666666667,-29,19.35316242752984,1593.167843267649,859.0350691719941
0,-61.5,9.8,30.03870590664431,1800.2300496191347,664.2778516821625
0,-62.833333333333336,7,28.10306208514858,1442.8778823435346,777.2467243559194
0,-75.16666666666667,1.799999999999999,23.304696907516572,1811.6139248320567,810.807461682705
0,-74.83333333333333,-14.200000000000003,23.293995759336813,1810.4839570199374,537.3295513910483
0,-51.16666666666667,-19.400000000000002,20.78038928795279,1880.8694410572107,255.1928453160396
0,-67.83333333333333,1.4000000000000004,28.860114528314497,1698.4246284470473,943.7839485267541
0,-52.833333333333336,-15.400000000000002,23.080729815336877,1561.4863514555182,274.83126329225274
0,-60.16666666666667,-17,24.103272363766603,1646.322875170868,539.4897381214569
0,-64.83333333333333,-15,25.579456735558352,1732.252507041516,635.7927982858528
0,-77.83333333333333,-19.8,24.79240601004266,1498.1076933207178,477.75262538083064
0,-43.833333333333336,-11.400000000000002,22.072865292633683,1598.019836707167,107.80277615809055
0,-40.833333333333336,-9.400000000000002,23.01426623033843,1673.5952825071308,159.38860923318651
0,-75.83333333333333,-19.400000000000002,25.2813408663375,1608.7807717992168,538.3497150506967
0,-57.833333333333336,-25.800000000000004,22.864644229997943,1930.0161725760606,673.6189504769083
0,-64.83333333333333,-4.200000000000001,25.477985902850055,1732.1215322690261,884.4110966521157
0,-79.83333333333333,-8.2,23.617695558734454,1708.4425857930828,495.87728059943373
0,-68.16666666666667,-24.6,22.62664922504626,1708.180846854044,829.6599033003113
0,-42.5,-2.200000000000001,24.97515158098942,1634.50530735468,335.80566388812747
0,-77.83333333333333,-3.4000000000000004,23.89164379187714,1811.7040314304381,696.8962537309702
0,-78.16666666666667,-5.800000000000001,26.41768530771002,1621.1349166795455,628.0507461532619
0,-54.833333333333336,-25,19.723437693840307,1638.3759691400212,541.277127709503
0,-67.83333333333333,-16.6,21.375213862886643,1758.3409700297088,652.0064962333613
0,-46.16666666666667,3.8,26.000343405831646,1748.1507011521196,343.0747047061678
0,-42.16666666666667,-4.200000000000001,25.044688423357538,1821.6941726912382,300.16164649928885
0,-61.833333333333336,-5,24.75855312421293,1787.5480182297035,810.4908498284719
0,-41.833333333333336,1,25.993597244281638,1612.357587811729,347.52220221032724
0,-76.83333333333333,-6.600000000000001,23.67247569311464,1561.0578326175068,652.8994834205292
0,-70.5,3.3999999999999995,25.989354245531544,1563.5479798980339,894.8669830280995
0,-46.16666666666667,-29.800000000000004,21.594963626646223,1712.4353862763705,376.5835950599339
0,-59.833333333333336,8.2,27.066127839782112,1977.5211117753233,664.1236289139242
0,-50.5,-1,26.86508807233082,1819.838214700411,491.25185457379087
0,-76.83333333333333,3,25.048280245732414,1627.7131832499142,739.4735079091251
0,-66.5,7,27.97555585742705,1718.3496955119035,823.4544270006486
0,-73.16666666666667,9.8,26.162264441019733,1470.7498753490613,669.2893769125731
0,-62.16666666666667,-5.800000000000001,23.527481301075504,1792.929696600806,797.1980356455497
0,-73.16666666666667,-24.6,20.763489574771796,1903.275889962001,757.12556321089
0,-73.16666666666667,-15.400000000000002,23.306001852341247,1566.3319222392,576.4915758165245
0,-74.5,-18.6,22.09813289571347,1909.2040063862582,564.7819638584988
0,-73.83333333333333,1.799999999999999,26.82025883212138,1662.299909947889,849.4045002724441
0,-49.16666666666667,3.3999999999999995,27.2739396872644,1674.220478732326,420.5008149496771
0,-77.16666666666667,-21.400000000000002,21.533431841945966,1587.790331594475,541.1864949499803
0,-72.16666666666667,-1.8000000000000007,25.25995065858908,1679.5791336075201,889.3943925685695
0,-65.5,-9.8,26.112425050845633,1665.8502284232447,734.361714621012
0,-74.83333333333333,-21.400000000000002,20.42145994494617,1938.2939170088662,617.703077029639
0,-45.833333333333336,-13.400000000000002,23.676616994048704,1528.0590172291083,94.4719669496863
0,-49.5,-23,21.578629548417474,1429.8499769053592,296.66804223217986
0,-58.833333333333336,-10.200000000000003,26.337232191180675,1785.257047655403,574.8834833776627
0,-46.833333333333336,-2.6000000000000014,24.289321026675893,1676.5762819397455,377.04647872486754
0,-64.5,2.1999999999999993,28.74757512492402,1932.4072259649588,915.7670337417073
0,-43.833333333333336,-6.199999999999999,23.828322400193855,1453.4038398361752,254.20666790303892
0,-55.833333333333336,-10.200000000000003,24.623303192183926,1724.3687329592829,468.3133854028839
0,-53.833333333333336,7.4,27.678672401627242,1783.2395986958345,474.9363859828819
0,-47.5,8.2,27.584250128622134,1704.1380571438322,250.78243834043096
0,-42.5,-3,26.20673922858116,1734.7309094801167,323.89325664158474
0,-51.16666666666667,-15.8,22.549576308238986,1589.2575856473677,216.14948619253857
0,-68.83333333333333,4.6,25.123060718333495,1670.2135401912303,886.2929179075597
0,-45.5,-0.20000000000000107,24.121193643890443,1637.4164090380525,373.548749578801
0,-50.5,-18.6,24.02643050308191,1591.1909012595975,218.6417077515226
0,-55.833333333333336,9,25.029904401328505,1669.977590765504,502.05949552005774
0,-49.5,-19.400000000000002,22.28111332420179,1796.1841427148593,202.55969195854937
0,-76.83333333333333,-3.4000000000000004,23.817049575483633,1754.3622289022246,732.3090734853125
0,-75.83333333333333,-15.8,24.480181380314,1668.627467564575,499.3063559271956
0,-49.5,-8.2,23.781693321456736,1581.6807577277216,303.11865397432877
0,-66.16666666666667,-21.400000000000002,20.234215863966245,1845.326480839116,733.3895152380832
0,-49.833333333333336,-15.8,25.831257053081874,1774.1552704222636,173.46610061092696
0,-46.5,6.6,29.41090102381532,1558.5906938987507,277.61244351833136
0,-61.833333333333336,-8.2,23.759645772177596,1789.2394238222653,719.0732366501418
0,-59.16666666666667,-21.8,20.480589231056552,1823.3489814380766,601.8068157832095
0,-41.833333333333336,-6.600000000000001,23.260579819895366,1812.7414193955608,237.73853328199687
0,-73.83333333333333,-1.8000000000000007,23.602050765416354,1686.8686331937838,849.4045002724441
0,-55.833333333333336,-2.6000000000000014,28.175393665975744,1746.1479124911805,666.3126866756683
0,-46.16666666666667,-7.400000000000002,25.211975136383344,1665.0677141373046,247.95004676467838
0,-41.833333333333336,-23.4,21.076667247991807,1526.8877497971964,195.65471787018228
0,-74.5,-1.8000000000000007,25.553615180217673,1774.1025437971944,830.766647556271
0,-46.833333333333336,-4.600000000000001,23.95790510398301,1659.4946729006122,337.74662526973947
0,-71.16666666666667,-17,24.606420409018696,1710.2619956026938,622.9071517935413
0,-40.833333333333336,-22.6,20.07901533943603,1662.9691990594806,176.35298349161644
0,-77.83333333333333,6.6,24.4152908369935,1663.9247388963988,617.486663666187
0,-61.833333333333336,-9,25.03433570256532,1549.0099671138937,695.3651897442879
0,-75.83333333333333,6.199999999999999,27.975217294789378,1870.004238035207,698.0003870304018
0,-48.5,-8.2,25.47615400231256,1601.282109661669,275.2781191431297
0,-73.83333333333333,-18.200000000000003,24.18803157719576,1847.2318959516804,577.2682256169228
0,-74.83333333333333,4.6,28.05744220625561,1527.093105360395,771.4322673445117
0,-68.16666666666667,-29.800000000000004,20.853788506910796,1647.6160143068366,940.9757736851194
0,-70.16666666666667,8.2,27.357182436112115,1633.6935993533557,772.2907156833788
0,-76.83333333333333,9.4,27.585037870814602,1555.7698805871505,570.0281400136984
0,-60.5,-17,22.323023292460377,2013.1228796289708,549.1830263232241
0,-68.83333333333333,-18.200000000000003,22.9964990336273,1532.0031034568783,663.6681433072092
0,-45.833333333333336,-6.600000000000001,23.918366469852295,1421.814581846213,265.99993057346603
0,-46.833333333333336,-12.600000000000001,23.913400618307804,1540.9962731753283,124.93079620823654
0,-74.83333333333333,-19.8,24.471277536175425,1735.4571239320405,578.0515233104919
0,-66.83333333333333,-7.800000000000001,23.59767362152159,1751.9764795326435,800.7752309208298
0,-46.5,0.1999999999999993,23.51829826842299,1783.4516511396446,390.2661417696221
0,-50.5,-14.600000000000001,27.394662274816262,1570.3562555070143,197.9095707604422
0,-48.833333333333336,-27.4,22.6028768522386,1801.7459925502988,398.7420829422045
0,-78.5,-8.2,24.027062821723874,1511.4992621840076,545.5487217305717
0,-52.833333333333336,-13.400000000000002,24.626988671834255,1655.8263719580855,290.24518323060073
0,-51.5,-0.20000000000000107,27.603457844418642,1665.895745625306,527.3033840787198
0,-48.833333333333336,-6.600000000000001,24.6488993636056,1634.9169422404811,331.805673802408
0,-41.16666666666667,-14.200000000000003,22.16016269668077,1591.8162809534267,59.780397191551714
0,-40.16666666666667,-3,27.61061380327409,1649.0783191031214,334.4127271305388
0,-63.16666666666667,-26.200000000000003,22.262564604516648,1767.6063217352284,833.8501069623982
0,-68.16666666666667,7,30.186081509601728,1709.604747193065,824.2365531552537
0,-75.16666666666667,-4.200000000000001,26.291320706283983,1674.7326793366983,770.542362007211
0,-53.5,-28.6,20.15441922135302,1770.2125481779765,575.8108598391693
0,-78.83333333333333,5.3999999999999995,32.05755623190731,1578.318927310134,614.2943449357618
0,-64.16666666666667,9.4,26.966329061436884,1609.8751222196377,729.6857350660547
0,-69.5,-27.4,20.06479274029376,1916.7481849205526,894.2106938965064
0,-74.83333333333333,-0.6000000000000014,24.585623428464995,1835.1762392356322,829.4805392260723
0,-78.83333333333333,-8.600000000000001,24.22154463996704,1530.158300526488,521.2974852689963
0,-79.5,-7,25.374260343160014,1468.0402399366826,544.2328667877503
0,-66.5,-3.4000000000000004,25.68282466484003,1616.9389958039267,914.5952633782516
0,-60.5,-8.2,24.691308445219416,1734.3357045877597,683.8304879120341
0,-49.5,7.8,29.184780215977334,1598.3490870468343,315.1103388311782
0,-66.16666666666667,9.4,26.1182344900009,1876.643420880068,750.6006563974615
0,-64.83333333333333,9,27.821057968052695,1709.9146613640148,750.2113585719565
0,-66.83333333333333,-18.6,23.629689417515763,1763.3065814726842,673.5556532160077
0,-54.16666666666667,-17,23.307802723271276,1609.2856361758297,328.7416354803847
0,-68.83333333333333,-20.6,25.065323429167176,1487.6386337283948,711.6682142556738
0,-41.16666666666667,-22.6,21.866680157598747,1592.0124938361887,174.32943824795058
0,-46.16666666666667,-29,18.229523906162598,1634.317269653248,367.17723063622987
0,-44.833333333333336,-9.8,24.75133147332308,1927.700317607051,157.98825621761986
0,-45.16666666666667,3,26.78312059086848,1708.6739123923064,342.8438689490601
0,-50.16666666666667,-24.6,21.907189478798262,1582.9451266707395,364.61536064135163
0,-48.5,9.8,29.80497867279501,1714.3409149901202,228.7326217230158
0,-70.83333333333333,-25,20.725526494158743,1796.8205862349218,815.8655250880025
0,-54.833333333333336,9.4,30.68782007712195,1556.098482560855,453.08277423104414
0,-65.83333333333333,-7,24.404423498783586,1830.4953416937376,819.5128389668134
0,-77.16666666666667,-7,27.584955529410266,1803.7191248130157,629.5377332033698
0,-50.5,-22.200000000000003,22.194805406748888,1522.3984548906433,303.88690242999473
0,-60.16666666666667,-9.8,26.725899174223848,1607.0372744527444,627.5917022901527
0,-48.833333333333336,-6.199999999999999,25.20938718406952,1612.0414110924517,343.2987987203686
0,-50.16666666666667,-7,25.357197362772613,1620.175952633898,359.192010496294
0,-51.5,-4.200000000000001,27.547576819736502,1685.9715872144463,477.54279195576936
0,-42.833333333333336,-12.200000000000003,26.27722904122914,1755.0903049951694,86.09192257476143
0,-40.5,-24.6,23.157918754616418,1644.0484760027646,238.48762201634713
0,-65.83333333333333,-22.6,24.082327351375753,1696.263910154707,765.3371161312322
0,-61.16666666666667,-19,21.632462531725853,1687.130276153621,593.9166074532544
0,-55.833333333333336,-28.6,17.939455242517198,1833.8139103466235,662.9736333939384
0,-62.833333333333336,-5.800000000000001,24.372252523872362,1723.130926910628,811.6525823318242
0,-43.16666666666667,1.4000000000000004,25.60814389416033,1609.9830066565546,345.91341213679624
0,-76.5,-0.6000000000000014,24.38143981194903,1964.630367369754,776.0241725392614
0,-73.83333333333333,-25.4,22.814915969952427,1684.8595432339619,762.9280402856424
0,-59.5,5.3999999999999995,27.604827039910532,1917.3401736438589,734.8786796037006
0,-64.5,-15.400000000000002,21.754130047290932,1743.5082144592268,630.338718444441
0,-45.16666666666667,-13.400000000000002,24.305540157299326,1475.4688115504289,84.74188083668452
0,-69.83333333333333,4.199999999999999,25.148379622760306,1796.1720438274801,886.7236512715957
0,-79.83333333333333,8.6,27.240051113797698,1605.82473046556,483.9519428568385
0,-46.833333333333336,-9,25.526766971930915,1602.8225498265247,212.79328756925702
0,-67.5,-11.8,24.030712726526026,1652.8763278474994,693.5207922491566
0,-52.833333333333336,1.4000000000000004,24.871272682891103,1677.1969106621968,568.7051448531402
0,-51.16666666666667,0.5999999999999996,26.739683414976607,1616.4302937543032,515.0453700080083
0,-46.5,3.8,28.98999130324392,1793.5835016443848,349.1115273816112
0,-44.833333333333336,-7.400000000000002,26.120753523684442,1660.1394515441825,228.50676460548945
0,-47.16666666666667,8.2,25.21436402369498,1812.4293870048675,243.42820245537274
0,-40.833333333333336,4.199999999999999,26.440363124534798,1570.026219225497,305.1530587683578
0,-72.5,-1.8000000000000007,22.850041801808217,1755.2113590964875,882.2088560298981
0,-58.833333333333336,-17,23.55446544835825,1712.4168075390676,497.69017881188046
0,-79.83333333333333,-0.6000000000000014,24.939190926690213,1503.958030532219,655.1708432756229
0,-66.83333333333333,-7.400000000000002,24.593317939781446,1748.0929090163215,812.7565570317361
0,-40.16666666666667,0.1999999999999993,27.287441109592258,1452.2214453066656,360.49240089323376
0,-45.833333333333336,-4.600000000000001,27.066142441952614,1620.1972572151185,319.64663632212955
0,-54.16666666666667,-25.800000000000004,21.629687063798666,1934.6128571053239,538.6833360377218
0,-55.16666666666667,-26.200000000000003,19.579192869533927,1848.6701677371673,586.7457758334115
0,-60.5,-11,27.61280198787982,2018.5624315556101,605.9275876218414
0,-52.5,-8.2,26.642983837477566,1639.762744528121,402.1453683077348
0,-73.5,-13.8,22.750406543574137,1867.702386335322,578.5916900468138
0,-59.16666666666667,1.4000000000000004,27.09689342245405,1810.98509094725,797.7362770010736
0,-77.83333333333333,-5,27.355130573200633,1855.607202710083,661.3056917985521
0,-70.5,-29.800000000000004,19.440934864588556,1587.010300544135,920.4653671803623
0,-40.5,-20.200000000000003,20.616114778868354,1722.215246540061,114.14068826819725
0,-74.5,9.8,28.510775717343858,1611.4979553212258,633.4643592863575
0,-56.5,-19.400000000000002,23.363879813476974,1753.7234636860487,449.8723893143714
0,-49.5,-4.600000000000001,26.087305786728574,1700.5302415520407,404.3639447689575
0,-74.5,-21.8,23.01390545976962,1629.4361627977364,638.6109785333323
0,-68.5,4.199999999999999,26.967913970668533,1635.5622626979562,897.4581811623248
0,-66.5,-14.200000000000003,26.09911709857745,1823.9291190125764,654.7296631086684
0,-79.83333333333333,-22.6,22.97002637689094,1499.1631504769878,477.5688964969979
0,-79.16666666666667,-25,21.211033496568366,1521.810867752377,573.7428444388244
0,-57.5,0.1999999999999993,26.893451939967864,2053.7351598398095,746.8353680990529
0,-72.83333333333333,0.5999999999999996,26.81176677150489,1887.717941057796,883.1403181434089
0,-52.16666666666667,-23.4,23.38609587183302,1776.2503413018865,395.78280157407767
0,-79.16666666666667,7.4,28.294745041477427,1929.8506143502173,544.794260288987
0,-54.833333333333336,-19,20.84281989165103,1770.3010239837688,380.0826431028566
0,-60.5,-25.800000000000004,22.09230965658082,1984.4557732922074,759.1247268805613
0,-40.16666666666667,-3.8000000000000007,23.829556222292027,1721.1894901669402,319.3377865052229
0,-79.5,-22.6,20.238138642821472,1605.8556921692264,490.057143952169
0,-75.83333333333333,4.6,25.70388733330523,1504.7618485469168,740.1539678611048
0,-41.5,-15,21.21894198071393,1681.7800156002468,53.00320280633892
0,-55.16666666666667,-13,21.100205566873523,1709.1171551760765,382.6918621177522
0,-67.83333333333333,-11.400000000000002,23.881391640065807,1743.230309020146,701.9411837010066
0,-70.83333333333333,-23.800000000000004,21.830395415065478,1914.0621303907408,780.455152389187
0,-74.5,-2.6000000000000014,26.70513080051888,1655.0852325339542,820.5550009562282
0,-42.5,-13.400000000000002,23.355797103838327,1498.7115020284732,65.79126852920916
0,-61.5,-10.600000000000001,24.949583060884407,1784.8427799075673,642.8943901271796
0,-43.16666666666667,2.5999999999999996,26.20241157890852,1345.4348371281171,331.9279733418281
0,-53.5,1.799999999999999,28.378081504317997,1820.9525524182543,589.361559720942
0,-52.16666666666667,-19.400000000000002,22.79018053945035,1787.5100304295636,289.7090699241477
0,-70.83333333333333,-23,19.278774773283253,1777.210248443967,756.4933182282604
0,-64.83333333333333,9.4,28.139341387311074,1768.2193997975514,738.6466471169446
0,-44.5,-27.800000000000004,19.989751247105204,1726.444914988391,323.71863477803436
0,-72.5,3.3999999999999995,28.477560527868366,1631.750215698324,858.4602402908471
0,-56.5,-18.200000000000003,20.692086627961277,1697.8208710067343,429.05186752442904
0,-79.16666666666667,-20.6,22.433921432285334,1822.060719239953,447.44183646397397
0,-71.5,-14.200000000000003,24.470070825895597,1606.1437924643712,618.8427880931773
0,-44.16666666666667,-20.200000000000003,21.850844261114123,1634.0418426476338,114.69346995945334
0,-40.5,5,25.323390160727662,1840.3990746734758,288.61454631647433
0,-50.833333333333336,-3.4000000000000004,23.101048190555254,1763.4093156011027,471.6930788503312
0,-69.16666666666667,-15.8,24.24579863902702,1759.5957599186484,643.013635534782
0,-41.5,-7.800000000000001,24.113908114241237,1467.0524955855678,203.12149485514584
0,-70.83333333333333,-13.8,22.37260776818877,1806.6315960973648,634.1052907371187
0,-66.83333333333333,-25,20.898765555853192,1742.2137866906191,841.7051411815736
0,-48.833333333333336,3,28.763302836090112,1953.3770405384391,418.3796982910039
0,-45.16666666666667,8.2,25.91756533953945,1838.7339168003812,208.67125941449908
0,-66.5,-25.4,21.50709746434196,1867.3872521534818,851.8674191305009
0,-74.16666666666667,-12.200000000000003,24.34449811551582,1802.57462265558,585.3022471448356
0,-60.833333333333336,3.3999999999999995,24.95327820716551,1615.6197158747627,820.1948424391809
0,-57.833333333333336,-29.400000000000006,20.007214211237784,2037.9387683684922,746.6693647719862
0,-42.16666666666667,-17,21.551770440091918,1621.3101917226688,55.02249373617349
0,-67.83333333333333,-3.4000000000000004,27.28924622604936,1709.0307447257169,916.2615405927777
0,-61.5,-22.200000000000003,21.804547547614277,1838.4148825451828,680.8406509327758
0,-43.833333333333336,-23.4,23.265945457396334,1764.6004495747486,200.62972757326375
0,-40.16666666666667,-29.400000000000006,19.95717200985927,1824.6923526688424,348.58477085958305
0,-58.833333333333336,-17.8,21.193854664770043,1892.006085277285,505.64932722756794
0,-71.16666666666667,-10.600000000000001,27.44924484025791,1677.0840471899892,689.6256544072544
0,-50.16666666666667,-27.800000000000004,21.949936520001543,1723.399576004097,446.15217545935405
0,-75.16666666666667,-17.8,21.05856424016838,1851.3092773519438,533.3623576597831
0,-56.16666666666667,-1.8000000000000007,26.806130558259515,1774.2420956194687,688.8983443271361
0,-67.16666666666667,-28.6,21.232669182285004,1785.7662492080933,926.6668022326122
0,-54.5,-6.199999999999999,26.998701348271247,1791.4682543006227,534.9520756839826
0,-43.16666666666667,-24.6,23.280297381603845,1743.0560684481754,232.67351797027436
0,-48.833333333333336,-28.200000000000003,23.08926836381614,1672.3849319869742,414.60777221547306
0,-64.16666666666667,-17.8,24.068841029298213,1785.2494606639398,638.270180253798
0,-44.5,-4.600000000000001,26.519569633463973,1553.1872687226814,302.1364218764576
0,-77.5,-0.20000000000000107,25.687210252602906,1736.7031211306614,742.111570373261
0,-51.833333333333336,-3,26.310378581502523,1935.5800508209759,512.7357796320919
0,-45.5,-27,22.540257898919123,1625.4818133021786,318.8726649710495
0,-63.16666666666667,-19.400000000000002,24.35251971637292,1925.9584841626418,647.3982769381923
0,-63.5,-5.800000000000001,27.32895117060304,1880.55045955297,824.3598651498544
0,-72.83333333333333,9.8,27.437037628012558,1662.3963076360294,677.3012580471056
0,-65.83333333333333,3,26.915116030408402,1676.2440562424633,917.8181097682291
0,-64.83333333333333,-28.200000000000003,21.4051643049763,1767.3656651162858,904.3200889368404
0,-52.5,8.2,25.84462892888461,1627.4888088271466,402.1453683077348
0,-79.83333333333333,-3,26.3455267275289,1676.332830312025,630.0498901339948
0,-56.16666666666667,-15.400000000000002,21.20120000673716,1844.2911801883004,398.79825496117405
0,-50.16666666666667,-2.200000000000001,24.858049917229348,1566.6820978877697,469.4096885442524
0,-57.5,-7,24.81951882839333,1753.7849790409298,622.4504235349423
0,-46.16666666666667,8.2,27.3224802297191,1591.2336736296566,223.9770357969227
0,-79.5,9,26.86670192248571,1807.3779331099583,484.65748114875106
0,-40.5,-17,22.368379855753137,1591.280841382873,62.549471549334214
0,-47.833333333333336,-23.4,21.33450593455262,1480.1958810614954,264.0660458408847
0,-75.5,-11.400000000000002,22.471519207828855,1516.417978521442,562.3063529816741
0,-55.16666666666667,4.199999999999999,27.447788681317682,1667.5218507097159,611.3445989992905
0,-77.5,-16.200000000000003,23.516717153008873,1606.0930148149494,442.95726887553974
0,-56.16666666666667,-13,26.92081755044382,1778.9129526116826,419.98050777010377
0,-65.5,-12.600000000000001,24.197887232384804,1799.3330743460767,669.3366737742516
0,-71.16666666666667,-14.600000000000001,25.771881494493684,1912.062983644047,621.5945835432981
0,-48.16666666666667,-9,25.30023686373521,1642.4792933209685,243.0131835339014
0,-73.16666666666667,-17.400000000000002,23.187156463083713,1758.1105378623174,584.714451773525
0,-57.833333333333336,-3,24.86455501139953,1763.349009612063,732.4973210429421
0,-50.16666666666667,-13,22.76318821488106,1610.6354426520707,205.16362605591576
0,-52.5,4.6,29.252866455720426,1818.0281847342185,503.39065910236354
0,-64.83333333333333,-27,21.601299745493066,1669.7571098396656,879.4956041673147
0,-66.83333333333333,-25.800000000000004,19.825419906419675,1607.5181847512658,864.0777850325077
0,-70.83333333333333,-29.800000000000004,19.939369240213225,1871.832982925759,915.5504892334205
0,-68.83333333333333,-18.6,24.93352506745171,1864.44851514957,669.8197342649584
0,-75.16666666666667,3,26.522116430950028,1766.593163404465,794.2232803674666
0,-51.833333333333336,-13.400000000000002,22.093097614783584,1825.2972481867564,254.63379151971623
0,-44.16666666666667,-2.200000000000001,25.230121081986713,1647.8277077998023,343.8347316105039
0,-71.5,-2.6000000000000014,23.966054824437684,1669.6880392710825,892.2453575017688
0,-69.16666666666667,-4.200000000000001,26.431120235160158,1506.4805298633778,893.1076478483678
0,-60.833333333333336,-14.600000000000001,21.60624462469969,1785.8471459829636,557.2266374893793
0,-74.5,-23.4,21.803281940549915,1666.1130584878563,685.524626340622
0,-77.5,-11.8,23.855059491158777,1720.9998639325538,485.7626709197961
0,-57.833333333333336,-18.6,26.58071280314287,1701.7383984939593,483.0968186604083
0,-73.5,1.799999999999999,25.84296615304941,1560.067896713961,858.187120129904
0,-56.833333333333336,-28.6,21.212308941500517,1725.3669550890975,699.8216935844689
0,-70.5,5,27.15744726038681,1729.0518037465179,859.2764210956814
0,-71.16666666666667,7.8,27.659882122761257,1665.868999473343,769.5462982392006
0,-57.16666666666667,2.1999999999999993,24.765825716448056,2090.901476557487,720.7581739634586
0,-76.83333333333333,-23.4,23.64608492204187,1761.254622230571,610.8156680087146
0,-44.5,8.6,28.65935001691141,1737.1024878682783,188.9657933392336
0,-43.5,-27.800000000000004,20.432643241376663,1562.8431400411466,315.8189376761429
0,-42.5,-10.600000000000001,24.455630311876156,1549.2855816551207,121.7916881319269
0,-58.833333333333336,-8.2,26.222590180179115,1936.876605428172,632.3376404006904
0,-60.16666666666667,-15,21.426139234830195,1735.2481165150198,536.0105925183092
0,-63.833333333333336,9,27.291424431599786,1762.8563231834494,736.0489873462419
0,-71.5,-19,22.05662527274558,1588.8758639999824,643.4273237629588
0,-75.5,7.8,27.379996209188047,1475.6634209205693,661.6102196195461
0,-79.16666666666667,-6.600000000000001,25.168310179393494,1603.0343206983998,568.4198343671964
0,-51.5,5.3999999999999995,28.914418693505457,1808.211279579723,448.12262270563417
0,-78.83333333333333,9.4,27.30786171170263,1766.8532329767877,497.95006465072584
0,-49.5,-8.600000000000001,24.159941207005854,1742.440106654469,291.1933162317335
0,-77.83333333333333,-12.200000000000003,21.030556438855257,1479.1083391304494,465.6880656066649
0,-60.833333333333336,8.2,28.014283584639728,1950.757554537802,693.1866673284325
0,-62.833333333333336,4.6,28.18231462174866,1859.371328985726,842.6246764174026
0,-57.5,-26.200000000000003,20.331832184794308,1724.233985958835,672.4759528102232
0,-40.833333333333336,-6.600000000000001,23.608443175610304,1498.1477956901804,242.25995264001745
0,-43.16666666666667,-7.400000000000002,23.69509910147127,1524.8044537357061,215.355840059827
0,-42.16666666666667,3.3999999999999995,27.84366778960611,1807.8219879597527,316.6781304357318
0,-53.5,-9.8,22.829564016320056,1663.1396334384985,392.0592714510285
0,-44.5,-21.8,20.56534823272795,1789.9110074393157,159.4922529086897
0,-57.16666666666667,-18.200000000000003,22.87438191333497,1768.1656514049748,453.29367337663297
0,-40.16666666666667,-27.800000000000004,20.514185302166485,1721.8732374825483,323.0676212921833
0,-57.833333333333336,-7.400000000000002,22.334822182463512,1762.020287081165,622.2977224761366
0,-47.16666666666667,-14.600000000000001,21.89036443900857,1708.6763158119315,107.4681726163196
0,-60.16666666666667,-5.800000000000001,28.210288688619652,1857.1793177252298,744.410396419317
0,-53.833333333333336,-29.400000000000006,22.30980522001087,1433.62188497071,599.3080282787314
0,-77.16666666666667,8.6,28.833384516348975,1637.9039274677407,581.7450567276292
0,-45.16666666666667,2.5999999999999996,27.122561393288816,1683.096829943522,349.21640366425584
0,-72.83333333333333,-9,23.906449918744315,1580.3755120484363,700.1387085613658
0,-69.83333333333333,-0.6000000000000014,25.947861591639846,1629.0343421175276,935.5255227734795
0,-76.83333333333333,-4.600000000000001,25.241629821350827,1887.1107640038736,706.5461891691928
0,-66.83333333333333,-6.600000000000001,27.00552926179163,1931.092877903471,836.3821311099456
0,-45.5,-19.400000000000002,22.31287112473821,1561.0069205608465,112.7375042657656
0,-49.833333333333336,-15,25.270327794069907,1587.1988437926082,174.9418145582499
0,-45.5,-20.200000000000003,22.89887294817556,1658.5169994716396,130.2402214115982
0,-57.5,4.199999999999999,26.21602663897609,1862.533301315803,697.0747759761024
0,-60.16666666666667,-1,25.498082041903256,1891.099705592625,831.5194536845622
0,-40.16666666666667,-6.199999999999999,27.03362003586405,1565.1100830489975,259.33182755990356
0,-49.5,-12.600000000000001,25.374813412661744,1815.9311630373932,191.54811570745454
0,-75.16666666666667,-27.800000000000004,22.505606206436795,1681.846532670819,782.878174529111
0,-55.5,1.4000000000000004,27.305014134572914,1652.8265462454685,667.8613807708325
0,-65.83333333333333,-9.8,24.891820478641645,1897.8715407696243,737.100002813554
0,-49.833333333333336,-19.8,21.857330806761503,1718.7578042653506,220.93296851081627
0,-61.16666666666667,-6.199999999999999,23.615730841228803,1543.4152432208566,761.2812069062334
0,-64.83333333333333,-14.200000000000003,23.501488549832562,1759.1795079202473,641.0619803189755
0,-50.833333333333336,-22.200000000000003,22.066280349678532,1651.6196181085397,314.70220557008213
0,-66.16666666666667,-17.400000000000002,21.32018696206213,1613.3884604988903,654.7529921991652
0,-53.16666666666667,-17,21.70907238415978,1584.7782942734925,291.6872698579036
0,-51.833333333333336,3.3999999999999995,26.873203812659224,1799.2024446241899,505.57134520827924
0,-62.16666666666667,7.8,25.227763529764054,1796.588959126631,738.9165237933488
0,-49.833333333333336,1.4000000000000004,22.54937970022299,1778.8350985004015,467.59900479493234
0,-56.5,3.8,28.428821815853546,1702.2845544507095,669.5290202393959
0,-62.16666666666667,-16.6,23.827000727332706,1821.0341351001955,589.6779696878315
0,-42.16666666666667,-3.4000000000000004,27.04958434655239,1618.5380858263554,316.6781304357318
0,-57.5,-19.8,24.61013478518148,1853.3758333873884,494.4476315624057
0,-48.5,-17.400000000000002,23.398765516328965,1648.3516483991011,144.15769658396766
0,-61.16666666666667,-8.2,25.743796576709187,1894.244011378638,702.1894969423076
0,-54.16666666666667,-6.199999999999999,23.827106304446183,1508.1113727677453,522.4808070331203
0,-54.833333333333336,-13.8,23.782911020291156,1732.0282955483349,359.5168933586192
0,-56.833333333333336,-9.400000000000002,23.975113095901413,1730.6347031925825,527.3428442555763
0,-75.83333333333333,-19.8,23.79762799120567,1621.2154929647522,546.773223827085
0,-58.833333333333336,0.1999999999999993,28.518111266003327,1635.4977701225878,792.5899236979462
0,-66.5,-18.6,20.49988368002702,1638.1525288364505,672.3591954195305
0,-63.5,3,25.344846604533487,1872.3796667825518,888.2592779753652
0,-63.5,-26.200000000000003,21.915807956745013,1922.681909933599,839.9795364492305
0,-55.5,2.1999999999999993,24.720835436668356,1755.8913850408574,659.4158145072115
0,-44.5,-2.6000000000000014,27.791936060779726,1855.2001376807373,341.43627533158565
0,-46.5,9.4,26.83103978105302,1925.663044045234,194.7411001115004
0,-40.833333333333336,9,27.570445761086013,1531.2161090712925,170.9533206881985
0,-70.5,5.3999999999999995,25.677493630988188,1722.9516557011834,848.9303298415214
0,-53.833333333333336,-7,22.41664532824533,1777.1586957223844,486.8307137482716
0,-41.833333333333336,-20.200000000000003,22.34677400428857,1770.682517755401,107.08370336608486
0,-64.83333333333333,4.6,26.51382735759089,1895.4089175775996,875.164696272439
0,-74.5,-3.4000000000000004,23.289979282310497,1994.6530608193489,807.0180318172199
0,-51.5,5,27.21124271107771,1844.4249042935248,458.4687139597941
0,-63.833333333333336,-25.800000000000004,17.550423218826918,1844.3860367825314,835.051273220623
0,-75.16666666666667,4.6,24.4505130976852,1983.8252277269858,761.2959616275342
0,-61.16666666666667,-2.200000000000001,25.263063273032294,1734.4950774850313,848.2745137234114
0,-70.5,6.6,25.6001141960774,1821.662321671835,815.4573929633164
0,-45.5,3.8,29.139136023748247,1701.3383579723263,332.3941351907901
0,-50.833333333333336,-3,26.34678597720893,1623.5251746140646,478.85751327414374
0,-55.5,-29,23.01659971573177,1665.1604721891038,656.5309925654147
0,-58.833333333333336,-6.600000000000001,27.876849818788838,1787.9699850504862,679.9362254466555
0,-52.833333333333336,5,26.474892027526554,1573.7749474747889,505.59217498674553
0,-62.5,-1,25.07468907879383,1771.9447672290705,891.7467806536754
0,-42.5,-29.800000000000004,21.37116006858383,1715.7993166711524,342.3272063700349
0,-60.16666666666667,-11.8,24.6832579611733,1773.0525491901979,578.0405835540579
0,-48.5,-7.800000000000001,24.879492827147452,1444.0393692779967,287.2698039999791
0,-78.16666666666667,-6.199999999999999,24.465611627762136,1684.3088036617858,616.8692594081374
0,-41.833333333333336,-25.800000000000004,19.181658436807258,1574.6462641543965,265.4341872045589
0,-53.16666666666667,-8.600000000000001,22.109466421745807,1790.1304664412914,414.40939370411814
0,-46.5,-19,22.679000876864286,1779.9045934725013,121.7409689833129
0,-78.5,-5,24.977382609248107,1701.5560825104942,636.9663349089019
0,-42.833333333333336,-17.8,24.0656781759435,1552.3911650603663,63.60362241519587
0,-57.5,-27.4,23.446680098074403,1859.344129425339,701.1180789875584
0,-68.16666666666667,-5.4,23.049582828270534,1891.3236486152455,869.4407363462785
0,-58.5,6.6,24.71525777242807,1636.9856806918933,668.8204474774459
0,-52.5,-21,21.077034650191017,1889.6355750120242,338.9785124047392
0,-69.83333333333333,-3,26.876337934065138,1718.7455056100655,910.4045696318512
0,-63.16666666666667,-15.8,21.350221237466044,1772.354331210186,608.3549178146914
0,-64.83333333333333,-3,24.505589759707085,1747.4756012692837,908.0920150123713
0,-41.16666666666667,-11,24.107685448126816,1614.154796559872,114.73492206019382
0,-55.16666666666667,2.1999999999999993,28.141679905618854,1713.7796285483653,646.9379246060888
0,-62.5,-26.200000000000003,20.07942875131434,1766.921477205902,820.2573946878063
0,-48.16666666666667,-26.200000000000003,23.05809803667018,1621.7643050789,352.6140984481816
0,-51.833333333333336,-1,24.46571753188578,1644.7789802862558,535.9454240718263
0,-57.5,-17.400000000000002,22.56138273551987,1724.8215518331422,455.4626622426348
0,-40.5,-28.6,18.51671672071368,1617.7580661281536,334.40302410617096
0,-46.5,8.6,28.855947431118114,1653.231962455608,218.08852072977086
0,-75.5,-15.400000000000002,23.208935196710833,1587.893393924913,510.2752362465342
0,-44.833333333333336,-7.800000000000001,22.1695205015357,1609.86805740619,216.52543849458317
0,-72.16666666666667,-19.400000000000002,23.11763161578613,1776.0088480038612,638.0786397029906
0,-59.5,-4.200000000000001,28.75029323402402,1730.926303754893,764.2988488538357
0,-42.16666666666667,-9.8,25.23538101658677,1664.2055299131184,143.12445790486944
0,-69.83333333333333,-3.8000000000000007,24.84835019496977,1943.6585179834753,895.3296290065352
0,-43.5,1.4000000000000004,25.584558686786178,1389.4419724587888,347.5220170246624
0,-49.833333333333336,-11.8,22.286294040125473,1712.194486364483,216.97180559399857
0,-76.5,-19.400000000000002,19.110721068001222,1654.2056794484313,516.1716478472927
0,-52.833333333333336,-13,20.81585532385192,1537.1934274650127,296.01351610118246
0,-44.833333333333336,-5.4,24.225733504395485,1552.3559071397754,285.605275561904
0,-55.5,-9.400000000000002,23.763673065625436,1714.8825169556676,478.0580393652419
0,-58.833333333333336,-26.200000000000003,23.646482942307312,1781.96995041113,718.2305084091167
0,-44.5,-3,28.05838696872755,1850.2680779473571,335.0637406163899
0,-40.5,-11,24.174070483046584,1722.8651212232928,119.2940328479515
0,-67.5,1.799999999999999,25.947514034378045,1837.9709533283922,940.3741992551649
0,-76.16666666666667,-25,18.612716809680645,1741.9605648281793,680.8612836749045
0,-71.5,-20.200000000000003,21.760461101063377,1857.0709339690825,668.6439683820652
0,-69.83333333333333,-23.800000000000004,20.706239806369048,1595.1499636493331,793.7431825160678
0,-51.833333333333336,-8.2,24.920760582096765,1773.0304077481742,378.56317009753076
0,-51.833333333333336,-21.400000000000002,23.367762932443288,1820.5827549109454,326.0792705772867
0,-43.16666666666667,1,24.50462280317961,1559.276626044185,348.76508306636686
0,-68.16666666666667,9,26.950164175359166,1776.48846156665,764.6611675162544
0,-61.833333333333336,-5.4,24.333868585398545,1800.9425862321514,800.144758574312
0,-75.83333333333333,-8.2,25.424479469617978,1577.0782943846232,638.9086770664761
0,-53.5,9,28.987086937693945,1592.9981892501903,414.8967219652887
0,-68.5,-23.800000000000004,20.7532259454938,1908.4143692198927,804.4777124067969
0,-76.16666666666667,-13.400000000000002,22.89988479858991,1777.2819152860307,504.01030997949675
0,-52.833333333333336,-7,24.975321718624606,1806.5175435072047,450.0419005415607
0,-56.833333333333336,-29.400000000000006,22.817851175343215,1712.8862975057307,710.9602558800473
0,-58.16666666666667,-24.6,21.347643147678813,1888.176644881122,651.1683443607368
0,-63.5,-23.4,21.340446234401096,1724.9232388482515,759.6014380749547
0,-69.16666666666667,-26.200000000000003,19.1565122100582,1821.1979315577935,868.5088246824888
0,-50.833333333333336,-27.4,20.326141279411612,1919.1983637177727,459.21989792534436
0,-65.83333333333333,-22.200000000000003,22.95975469822322,1758.8395273887336,753.6628020641674
0,-44.16666666666667,-8.600000000000001,25.085912676448938,1517.6357319362326,185.82437708680487
0,-64.83333333333333,-15.8,21.348614390214085,1759.6278480548265,634.3170843385299
0,-74.5,-20.6,20.360859140978114,1737.1953870230097,606.6304438492143
0,-76.16666666666667,-11,23.607284823542884,1778.4549331351154,550.0367882671187
0,-53.16666666666667,-16.6,23.778500592946067,1644.9777244897782,289.0878621980455
0,-53.833333333333336,-16.6,23.738550639693962,1976.354825391164,313.7165057664582
0,-57.833333333333336,-22.200000000000003,21.623473815841532,1837.2989130193275,568.3420133388804
0,-77.83333333333333,-15.8,24.68499179253017,1567.2826394364104,430.2857574809413
0,-67.16666666666667,1,26.45626019210038,1793.1381232351857,946.8429652388809
0,-55.16666666666667,-24.200000000000003,21.03174979889733,1748.698964976741,530.3149180780529
0,-44.833333333333336,9.8,27.69645841278662,1640.5617278349146,157.98825621761986
0,-79.5,1.4000000000000004,29.22531456864375,1598.607671087042,662.8961110993298
0,-52.833333333333336,-12.600000000000001,22.298845974749188,1684.631910195826,302.60402354154104
0,-75.5,-25,19.598681788775103,1680.6597476346253,702.5401298802899
0,-64.16666666666667,-23.4,21.438794878661763,1783.4419004984686,770.473263061071
0,-67.5,-20.200000000000003,23.64180106779992,1671.702873635399,706.5611635354185
0,-66.16666666666667,-19.8,21.412135474267036,1673.096561985438,693.7379615189361
0,-68.83333333333333,-10.600000000000001,24.151568074588734,1821.3071787397898,717.1186681378342
0,-60.833333333333336,-25.4,20.926273056220516,1658.246576564987,757.4669981914302
0,-62.5,-8.2,24.025711862159113,1607.4445159512602,734.3645266793799
0,-58.16666666666667,-6.600000000000001,20.105923208006935,2135.426113683883,657.4762405284989
0,-68.16666666666667,-4.200000000000001,22.998900787887866,1538.4452868376964,898.8609055964137
0,-73.83333333333333,-5.4,26.08962818212601,1699.6189792867158,779.7192313468149
0,-47.16666666666667,-29,19.046356582087938,1541.9531809184773,386.62839729467987
0,-65.16666666666667,-25.800000000000004,21.069037159645898,1705.9952296438591,852.9575424340389
0,-69.5,-20.200000000000003,21.455421189514507,1741.039560954715,696.619454840798
0,-60.5,-3.8000000000000007,25.400819009955892,1896.493261787647,802.9281568212791
0,-71.83333333333333,-10.600000000000001,25.182694862278733,1775.105833432654,677.4619330230249
0,-57.16666666666667,3.8,28.91617989257474,1821.1225173396303,693.7708260915998
0,-58.833333333333336,-9.8,25.46564573202771,1677.0446391361234,585.7921429805764
0,-60.5,4.6,28.37588383478911,1772.9916224909232,785.0757787066627
0,-56.833333333333336,-13.8,21.948049589714632,1778.2003212146897,433.7769633831514
0,-53.16666666666667,-11,22.964265683554256,1694.508852383509,348.43183115652084
0,-66.83333333333333,-9.400000000000002,25.298140188977936,1892.5741093549516,753.5107877031147
0,-59.5,-9.400000000000002,24.48983317878385,1783.2824483144504,618.5343993186646
0,-75.83333333333333,-12.600000000000001,23.720863128976905,1621.2148466469755,527.3381387996018
0,-79.83333333333333,-10.600000000000001,20.654858745855854,1678.627058285351,427.9483216243369
0,-65.16666666666667,-0.20000000000000107,27.122848052920435,1812.306727449272,937.9155867627676
0,-56.16666666666667,-19.400000000000002,20.629682420017875,1912.1280942298483,437.5825914615572
0,-65.83333333333333,6.6,27.161029639135005,1833.1867233444668,831.2440852796333
0,-52.833333333333336,8.2,28.344083561924673,1589.7626414626532,414.17456180841526
0,-45.16666666666667,-15.400000000000002,22.603171156503937,1544.6906976950527,69.3279608983365
0,-59.16666666666667,-0.20000000000000107,25.91717000605976,1778.0474234850626,803.4579772536047
0,-52.833333333333336,-5.4,25.23986260825588,1609.7975127475827,495.2460837325856
0,-44.16666666666667,-11,22.77642306304073,1579.8341346543496,119.84681453920759
0,-71.83333333333333,-2.200000000000001,26.967895048089133,1805.0102117113324,891.4759087792255
0,-50.5,-25.800000000000004,20.653817446581744,1652.8973899673424,409.1638395680225
0,-74.83333333333333,-11.400000000000002,22.09203521461747,1569.9590304827043,582.8747947688604
0,-79.16666666666667,2.5999999999999996,24.87228297224189,1451.352190636885,661.366393570988
0,-61.833333333333336,-29.800000000000004,21.71477206140904,1721.8745334626656,871.6797959131529
0,-43.5,-25,21.068586562804484,1628.0309490761126,245.91302909753068
0,-45.5,3.3999999999999995,26.822983297587474,1736.5752652614028,340.3046413922935
0,-74.83333333333333,2.5999999999999996,25.727175348732146,1715.9766164451669,810.7321207996398
0,-58.833333333333336,-7,25.899099470352667,1939.8426842066974,668.2049791338358
0,-70.16666666666667,-2.6000000000000014,27.173257251574533,1628.5902531681606,912.8358599331356
0,-47.16666666666667,-22.200000000000003,21.87444081223097,1709.4283862143616,213.44550428587218
0,-72.16666666666667,2.1999999999999993,27.013027900536166,1592.572879293596,884.7226184998738
0,-49.5,-22.6,20.25074772039315,1690.1933158045874,284.81026987189296
0,-66.5,-13,22.940038527766802,1900.6080618416197,669.4260425602704
0,-64.16666666666667,-6.600000000000001,25.950912553983805,1742.465365922143,812.5570784728856
0,-61.5,-21,19.98557337935076,1647.7936369801378,647.6564931992808
0,-75.16666666666667,8.6,28.313198820317993,1609.5163478203526,648.1253330903103
0,-42.5,-17.400000000000002,22.771173367981792,1779.8487872609803,58.60022454786167
0,-69.5,-21,23.360451552316857,1661.4147490759958,716.5088438077493
0,-42.16666666666667,4.199999999999999,25.20378798352211,1676.2078837934305,300.16164649928885
0,-49.5,-25.800000000000004,23.375750568063342,1750.2608689966369,378.412892942856
0,-44.833333333333336,-12.600000000000001,20.548831849314872,1599.078684694818,92.96321537085952
0,-71.83333333333333,4.199999999999999,29.441636312364558,1763.9875138824616,855.8825831724273
0,-54.833333333333336,-28.200000000000003,19.379991912035067,1534.9663921697897,618.7562160509401
0,-60.16666666666667,-11.400000000000002,26.580794384991993,2001.7577094966045,586.825017929244
0,-52.16666666666667,9.8,28.73056482277825,1642.8386011699642,343.72253451981317
0,-54.5,9.4,28.593063235508627,1884.4851654931317,440.5876073591911
0,-59.833333333333336,-13.8,20.48624992064652,1898.4888519621106,535.2849896806335
0,-73.5,-20.200000000000003,23.2803657479613,1795.2321254347164,624.3740844101576
0,-52.16666666666667,4.199999999999999,26.704109741301444,1921.5722231865714,500.75972311423266
0,-54.5,5.8,27.11733333601893,1802.8483880135057,546.1335624291071
0,-75.16666666666667,-5.800000000000001,27.52440176699171,1674.1292275419771,730.3238675419558
0,-64.5,-3.4000000000000004,25.735084894866752,1728.4684887422652,896.690192071352
0,-77.5,1.799999999999999,23.533118555278318,1606.980077570123,732.6160779258045
0,-75.16666666666667,2.5999999999999996,24.059422913569545,1621.4715956926184,800.5958150826623
0,-50.16666666666667,-4.200000000000001,28.72868896019804,1577.394847480447,433.8163629374541
0,-49.5,-17,21.960189594841786,1661.6545981117895,168.47119238551892
0,-76.16666666666667,-14.200000000000003,25.625933800086536,1675.4201754202966,495.0822633984766
0,-79.5,-11,24.717110644921835,1600.6065801296709,430.4626277644122
0,-45.833333333333336,-25.4,19.817665386692255,1697.8709344588258,282.6816763904986
0,-67.5,-10.600000000000001,24.22062983743265,1921.148777299606,721.6884494302685
0,-43.833333333333336,2.1999999999999993,26.19354852700667,1667.640932859305,341.19997472021697
0,-73.5,-10.200000000000003,23.920076029586557,1569.4474899325974,649.9761722570769
0,-62.833333333333336,-10.600000000000001,23.114126169020608,1884.310670955048,673.4504266476771
0,-56.5,-9.8,25.962206959079083,1915.1221400133932,503.8858539100369
0,-44.5,-9.400000000000002,24.851655922309007,1774.3262181496698,165.61837272096312
0,-58.5,0.5999999999999996,27.666632768921627,1900.4309518019907,780.5154251076699
0,-40.833333333333336,-3,26.736290935447162,1593.3026922880424,328.8339771286133
0,-45.5,-15.400000000000002,25.535916979376925,1622.0529589534115,73.95316776538246
0,-75.83333333333333,-9.400000000000002,22.307445479063166,1864.298253104731,603.6359187056104
0,-50.5,-9,25.643945995800387,2015.242484858518,310.16155369364157
0,-55.16666666666667,9.8,26.731987075298964,1616.405745913425,454.30741040487106
0,-52.833333333333336,-8.600000000000001,22.737460458418905,1857.198138578173,402.24922406582
0,-74.16666666666667,7,26.733623259210397,1705.8421065584698,725.369598891538
0,-53.833333333333336,-17.400000000000002,21.869795569859896,1738.3409638400242,319.8429524559641
0,-55.833333333333336,-5,25.999736983673664,1742.931880270132,617.1851556042418
0,-56.833333333333336,-23,20.460330500476704,1817.6953355622436,556.164990874293
0,-66.16666666666667,-26.6,19.879534377496075,1763.0941723646336,881.8818376841045
0,-61.5,-0.6000000000000014,24.102601969929957,1765.6905351118378,870.1169117784657
0,-60.16666666666667,-3,25.783664095175126,1901.1385221627477,808.3098092448278
0,-53.5,-20.200000000000003,22.140179080168448,1834.4976387547706,355.54852400119563
0,-55.5,-7.400000000000002,23.058650082551274,1835.5009535205622,537.3038086938633
0,-55.5,-23.4,26.34077701374305,1659.6487751493216,518.8455673602582
0,-53.833333333333336,-21.8,22.260314138275326,1973.7171617558242,409.56449684198697
0,-51.5,-17.400000000000002,24.329918630104007,1850.627772862368,235.93067822230182
0,-69.5,-27,22.909379244549214,1630.901649625491,885.2518984002493
0,-49.833333333333336,-7.800000000000001,22.946822443748765,1762.1641565336088,325.0601066070568
0,-61.833333333333336,-11.8,26.33257220318772,1808.0012514823784,622.976620493933
0,-74.16666666666667,2.1999999999999993,25.98795482424423,1582.2956437164705,835.5872769394964
0,-44.5,-18.6,24.242684784703297,1598.4326206181258,85.66323823385616
0,-41.16666666666667,-8.600000000000001,26.643376507424037,1736.221141882826,180.7124846077911
0,-64.16666666666667,-18.200000000000003,22.296486556553162,1864.6028337378787,643.5790096211986
0,-56.5,-4.600000000000001,24.36211632522751,1775.89418302192,651.6766421247795
0,-43.5,-23.4,21.70580250100551,1653.5610703379562,198.50620361408804
0,-78.5,-21,19.528701999407506,1691.9806124172426,482.38186582757606
0,-62.5,8.2,25.345151742956382,1787.257095572626,734.3645266793799
0,-73.83333333333333,-29,19.975861263870854,1688.7113242657742,841.8479042619517
0,-40.5,-21.400000000000002,22.49344759207,1649.861696618504,144.71303361790004
0,-42.16666666666667,-19.400000000000002,22.034955659510025,1594.1415664094704,89.11099330920392
0,-48.5,-9.400000000000002,22.408610552068943,1562.3482930539974,240.00536078226395
0,-60.5,-4.200000000000001,23.34013243683315,1815.619121861061,794.3221790863395
0,-63.5,-22.6,20.151200350562,1599.3641361161453,735.7782843383683
0,-66.16666666666667,-19,22.52119589048993,1763.0498431839728,677.600525269274
0,-78.5,1.799999999999999,27.387778431880076,1676.832461444507,696.3055125803712
0,-47.833333333333336,-26.200000000000003,21.251794161721463,1696.3918473542806,344.4441442151606
0,-54.833333333333336,4.6,26.242438876989887,1684.010754846214,589.6008233865385
0,-50.833333333333336,-17.8,22.036208983849498,1751.844702965293,217.9965905664603
0,-72.83333333333333,-17.400000000000002,24.10639214695713,1702.8918024457514,592.7263329080575
0,-53.833333333333336,-11.400000000000002,23.061496273346258,1736.763589647877,363.6511932341035
0,-63.833333333333336,2.1999999999999993,29.06455754224354,1960.711955131463,905.8420510331996
0,-67.16666666666667,-4.600000000000001,22.29067242507354,1788.658166400253,890.706002059214
0,-67.5,-17.8,23.611542065371577,1739.7509393564496,662.929095232243
0,-45.16666666666667,-23.800000000000004,21.499534955185094,1768.0023966106453,226.18248183327665
0,-78.83333333333333,-3.8000000000000007,26.952402692042906,1733.816312374563,652.3204919208366
0,-67.83333333333333,-14.600000000000001,23.580899070792235,1823.5579794530436,653.2933356429761
0,-47.5,-7.800000000000001,23.92454819172473,1838.9906667144917,262.77412319728035
0,-75.83333333333333,-11.8,21.86223397870007,1637.8165141096529,542.8120609102673
0,-48.833333333333336,-10.200000000000003,24.52285789073714,1629.8200482304194,226.75293173341527
0,-44.833333333333336,-3.4000000000000004,23.84042409736057,1660.0724353793353,331.54192874848223
0,-63.16666666666667,-10.600000000000001,23.204204170100525,1661.5457997289163,680.0282799788749
0,-54.833333333333336,-9.400000000000002,25.079497473995875,1694.8198096867598,453.0827742310441
0,-63.833333333333336,-24.200000000000003,23.032681965305546,1860.309983899378,789.2190445051635
0,-50.833333333333336,-13,22.020793333910067,1720.9350949038856,226.5238580323499
0,-61.16666666666667,-1.4000000000000004,23.602039062351185,1980.4890899288043,856.7200799870325
0,-78.16666666666667,-1,28.640159514898752,1595.6157490512091,715.1598034185072
0,-52.833333333333336,2.5999999999999996,26.543079397878717,1702.7223169697982,554.719706058172
0,-72.5,-19.8,20.776186032240176,1734.0928484678536,639.3166119407075
0,-60.5,-15.8,23.015130357588873,1857.6640805658485,544.2281667727536
0,-60.16666666666667,-26.200000000000003,19.505554889796418,2052.839974332483,760.0300677186931
0,-65.5,-25.800000000000004,21.657847509226656,1813.2355645968405,856.2014510096532
0,-46.16666666666667,-15.8,23.877959810301483,1664.2531440009072,84.37471465764224
0,-60.5,-29.400000000000006,20.32064079529368,1575.6712872894366,832.1751411756393
0,-64.5,-8.2,27.986951954344438,1709.8442970077247,769.6820169606036
0,-69.83333333333333,7.8,26.386245281872345,1738.160536723623,788.2236449541396
0,-41.16666666666667,-17,21.440451927523757,1585.0093201347304,57.99036076157654
0,-44.16666666666667,9.8,25.262087095117796,1713.3157171621942,151.20421740928626
0,-64.16666666666667,0.5999999999999996,27.28567779656534,1810.028354409927,924.2520561031097
0,-76.5,9,27.056595692495343,1622.729824463139,593.0225629572183
0,-51.16666666666667,5.3999999999999995,27.839502410704185,1762.0951946475516,436.82332925598934
0,-42.16666666666667,-16.200000000000003,22.8810710112532,1550.4103225844758,50.76793712451811
0,-48.5,-10.200000000000003,26.13500984236528,1713.6759186602583,217.82396212010212
0,-61.16666666666667,-26.6,17.265815366936227,1793.6851229643844,798.1979198680849
0,-47.5,-26.200000000000003,20.37093598381386,1631.979126135037,336.67530634885736
0,-53.5,-17,24.99926587582212,1789.3245066343568,303.9573072823326
0,-71.16666666666667,-18.6,21.836958071398456,1864.5467777818897,642.3267205343785
0,-64.16666666666667,-8.600000000000001,24.8436975719021,1811.817157525353,753.033155684325
0,-40.5,-15.8,21.369421449454016,1514.4691906100957,57.59461199886363
0,-59.5,-19.8,22.46289781035442,1790.2997839831369,561.6717044401391
0,-53.16666666666667,-25,19.160582370176773,1540.1598938573177,479.2563265643067
0,-63.833333333333336,-29,23.236495747050018,1782.103439772334,902.9572290914028
0,-61.16666666666667,-10.600000000000001,25.87576902159561,1986.8207527979841,634.2605379672108
0,-70.5,7,26.46914861414912,1809.3082453177142,803.7261466504965
0,-60.16666666666667,-5.4,24.060661226107623,1571.1938929502,755.208721634437
0,-46.16666666666667,-17.400000000000002,22.047937305154466,1577.652346480606,92.856613237760655
0,-70.83333333333333,7.8,25.808753140426933,1816.1658615655201,774.9356148272587
0,-54.16666666666667,-2.6000000000000014,25.810879829379747,1724.515902325313,603.9342413189513
0,-42.833333333333336,6.199999999999999,30.21305642621501,1885.2580956432257,249.38364555224405
0,-56.16666666666667,-5.4,23.35745340982091,1882.3171562423247,619.2130754015069
0,-59.833333333333336,-26.6,22.480901747628472,1657.173143534386,760.1320518397015
0,-43.16666666666667,-5,25.150673149149913,1434.0581238374937,282.80044227040156
0,-71.83333333333333,-1,24.79896885670137,1516.9859232671643,902.7731459724173
0,-77.5,-23,20.457446756440586,1623.9795811044141,575.408675333856
0,-50.5,0.1999999999999993,25.6675370969992,1797.5333275785981,494.1218838967513
0,-66.83333333333333,-28.200000000000003,23.25317217899343,1654.9655324282176,919.1842295230106
0,-65.5,-22.6,21.843121790975136,1702.3438298844148,762.5988279386901
0,-69.16666666666667,-28.6,19.145824933656886,1767.268938305914,919.8220476420893
0,-63.16666666666667,-14.200000000000003,25.04315402656496,1811.8773854160593,615.099813795137
0,-72.5,-4.600000000000001,23.82219393940307,1698.3676028113396,832.6973559747273
0,-70.16666666666667,-27,18.88708888408916,1888.5391442200805,877.8669143728832
0,-45.16666666666667,-24.6,19.216461719748366,1456.5421789553309,249.96194829270212
0,-49.16666666666667,-13.400000000000002,22.753202688182213,1747.8413305270926,169.56326126111406
0,-46.833333333333336,-1.8000000000000007,28.665863738815087,1465.7883050937846,387.25812532491034
0,-73.83333333333333,-11,25.25356812600171,1691.1088825594838,620.744809132452
0,-76.16666666666667,-10.200000000000003,22.987189008225073,1795.4627436240387,570.4855315342837
0,-67.5,-7.400000000000002,26.325631337068103,1673.7993694292823,813.590419373121
0,-58.5,-16.200000000000003,22.187380881968345,1677.9017867362077,482.3198442310154
0,-42.833333333333336,-2.6000000000000014,25.972019655072998,1581.4464596000787,330.83707983807506
0,-55.833333333333336,-0.20000000000000107,24.635379402446606,1629.3938159364482,686.0198257231675
0,-46.16666666666667,-15.400000000000002,24.233429364765005,1908.398269427169,84.63373728076013
0,-46.5,-17.8,22.95858808845373,1645.687891267857,103.32554529924371
0,-51.833333333333336,-23,21.150090901779823,1670.0192103739976,372.11255835538185
0,-61.5,6.199999999999999,26.075878005085723,1800.6694440882236,769.9150590662022
0,-73.16666666666667,-1.8000000000000007,27.893501689125827,1632.565171274608,866.5916651824865
0,-66.5,0.1999999999999993,27.780589008803027,1856.0878850716222,947.8393715647592
0,-69.16666666666667,-9.8,24.27470481175618,1660.408171765601,736.0704592539485
0,-77.16666666666667,-8.2,24.90232022667029,1597.132203589558,593.6703944702244
0,-54.16666666666667,-24.200000000000003,23.010689658643717,1758.6616733190942,492.85110732226235
0,-61.5,3.8,26.67274582443542,1718.9794821235625,829.9210180115215
0,-44.5,-12.600000000000001,23.456607441424005,1821.9614145595142,89.32059281495462
0,-64.83333333333333,-16.6,24.28129095774976,1626.2672034105049,636.6725362291423
0,-77.16666666666667,-2.6000000000000014,25.133499462291436,1666.5343627735294,734.2155387199812
0,-58.833333333333336,-17.400000000000002,21.562397678825327,1826.7469026469184,501.2172178415283
0,-54.16666666666667,-28.200000000000003,22.712853872373223,1671.132959342435,593.7897805282248
0,-69.16666666666667,-10.600000000000001,21.515690112647103,1651.4139881754172,714.6869976989656
0,-76.5,-23,23.459971276040324,1690.2122299144917,610.2799981209231
0,-78.16666666666667,-10.600000000000001,24.675635798445516,1714.6471166474957,489.8485904691148
0,-52.16666666666667,2.1999999999999993,25.632394393794094,1727.254183878594,536.353048721031
0,-59.5,-1.8000000000000007,27.429685319094848,1815.1861366513454,804.5639485293298
0,-51.833333333333336,-5,25.91246136818876,1799.0583101583318,469.98078327586103
0,-66.83333333333333,-10.600000000000001,25.614031892198167,1800.6551788494544,720.8545870888836
0,-55.16666666666667,3.3999999999999995,24.691986591665515,1636.1906476040324,627.8610829357335
0,-79.83333333333333,7.8,29.015018390422984,1576.8260502915207,507.86896545628315
0,-79.5,-15.8,24.57596997403235,1707.3701718709547,368.76320691532436
0,-69.83333333333333,1.799999999999999,24.74805698052088,1853.843075805356,926.9887509470897
0,-76.83333333333333,-2.200000000000001,24.478054177045426,1543.9937487995323,751.3859151556678
0,-62.16666666666667,-17,22.580243334698242,1876.6434110513444,592.2773773476895
0,-76.5,-29.800000000000004,21.667871191314465,1621.7672147050264,769.3371691260833
0,-57.833333333333336,5,27.449171574397578,1732.2007392003109,689.7423246867113
0,-57.16666666666667,-17.8,20.220653043352378,1783.191181550031,447.98484400923235
0,-44.5,-21.400000000000002,24.270756779473082,1775.264305025281,148.40723156158484
0,-42.5,-27.800000000000004,23.028758089711886,1709.3275336250813,312.5481508032292
0,-58.833333333333336,-1.8000000000000007,25.112989567514656,1904.089934751788,783.0944312504898
0,-78.16666666666667,7.8,27.087898728962337,1743.01413204959,569.769234301061
0,-61.5,5.3999999999999995,27.915447488779762,1682.5109602894272,791.8948710264467
0,-55.16666666666667,-27.4,20.890650960584686,1804.8290830809435,615.3879020107466
0,-44.16666666666667,8.2,26.30072631648043,1620.5638671429624,197.74971482940018
0,-58.16666666666667,-16.6,23.051881792699167,1716.1690671427687,472.6307862338658
0,-50.16666666666667,-1,25.59118134005355,1812.5541450333951,480.70692573744407
0,-51.16666666666667,-20.200000000000003,23.210844013028993,1801.659994831081,272.6955624618722
0,-47.833333333333336,-1.4000000000000004,27.45465498941226,1988.2420665357915,413.0818592514591
0,-57.16666666666667,-13,25.351002515139196,1743.937486009785,456.5121114751219
0,-61.5,-17.8,22.799418146976915,1896.175893324973,584.135035929154
0,-55.16666666666667,-12.600000000000001,24.053975317264893,1795.332737409209,389.28236955811076
0,-46.16666666666667,-9.400000000000002,25.714247257748443,1618.3548896820362,188.70427743605694
0,-62.833333333333336,-20.200000000000003,21.332305484792894,1790.5257015258019,658.323140752827
0,-60.833333333333336,-9.8,24.428003756073924,1853.4519264367934,646.6411699083185
0,-64.5,-27.4,19.51022157418103,1646.7323523086716,884.2170111463652
0,-74.5,-5.4,26.778220061835007,1862.3504155089129,761.0813786306418
0,-46.16666666666667,-20.6,22.276087638641357,1664.3248515178252,150.59762293966548
0,-75.83333333333333,-3,26.113393166385254,1655.3907596377987,773.0812866010372
0,-72.83333333333333,4.6,28.105784604939007,1698.2956899078533,825.0920462618483
0,-48.16666666666667,9.4,30.205545398604784,1504.0449666547916,231.44847207888947
0,-59.16666666666667,-9.400000000000002,27.10060451764157,1621.9565091787504,607.932935595483
0,-52.833333333333336,-20.200000000000003,20.468004279368234,1697.0038233881553,331.11831693846847
0,-44.16666666666667,6.6,27.874680436917455,1739.8628637186305,245.34829987536543
0,-65.5,-1.4000000000000004,25.660386080232254,1605.5544138715259,935.4377950858509
0,-40.833333333333336,-0.20000000000000107,23.912618297606027,1955.4606584436744,354.91365089130824
0,-54.5,-27.800000000000004,19.07839084119956,1829.6142213949179,598.6878694162623
0,-49.16666666666667,-23.4,22.90600391555709,1537.5563685581528,299.0074094730792
0,-51.833333333333336,-18.200000000000003,24.378174269324898,1706.659998256835,257.183686291809
0,-74.5,-5,23.8163606268695,1733.235271103991,771.4274698848017
0,-53.833333333333336,-28.200000000000003,23.23066211930025,1724.3009138786974,581.3640584741563
0,-45.5,-6.600000000000001,23.12371192701074,1498.2910699925278,260.8950513275102
0,-71.16666666666667,-28.6,18.097719907641743,1687.732361712621,894.7607043503781
0,-42.16666666666667,7.8,27.273928797527113,1581.114680261085,201.66164018183275
0,-61.833333333333336,-25,21.813538477558808,1697.458035937014,771.9948317677349
0,-56.5,-19.8,23.344806343595486,1721.83621731098,458.2958980907597
0,-64.83333333333333,-7.800000000000001,22.984010268516027,1778.6134204210439,785.9110903346597
0,-43.5,-17.400000000000002,20.826166425208918,1658.634616389502,61.8710114207754
0,-49.16666666666667,-6.600000000000001,25.71123807995948,1540.1445078143727,341.0912248848938
0,-65.16666666666667,-19.400000000000002,21.67630354420993,1796.156993784002,677.1043414497323
0,-76.16666666666667,-26.6,22.536979125409,1577.2510894390682,723.9481114830886
0,-46.5,-15.400000000000002,23.147134327744663,1898.0744736851273,90.67055995620356
0,-47.833333333333336,-29.800000000000004,22.435033444922865,1894.0564001630573,411.15783546974535
0,-75.16666666666667,-1.4000000000000004,24.376978277909654,1565.4708421017117,814.5812538776304
0,-42.5,-19.400000000000002,24.185334429771366,1572.91740926939,89.16168509124428
0,-42.833333333333336,-25.800000000000004,20.98105705145593,1750.62290448175,265.5861745568455
0,-69.16666666666667,-29,23.19427560569575,1855.3317799472843,925.8161515133695
0,-72.5,-19.400000000000002,21.03393630964326,1475.7176599723116,630.8931031643192
0,-77.5,-3,28.514444829742235,1816.0173855919759,716.031896610566
0,-62.16666666666667,-15.8,21.491198237670748,1602.045601561073,587.322517797219
0,-62.16666666666667,-21.8,21.362916714594814,1744.5944770043156,685.5259607633602
0,-47.5,0.1999999999999993,25.77674464491939,1711.4813888287897,411.0347216376869
0,-56.833333333333336,-15.400000000000002,23.382018589117685,1791.9785246587435,423.2723041002795
0,-78.16666666666667,-12.200000000000003,24.7060622076543,1812.4430797217256,453.5775364306548
0,-79.83333333333333,-29.800000000000004,19.604257036558128,1568.9194806361818,648.4838398624449
0,-52.16666666666667,-10.200000000000003,26.97785460171234,1851.7484338816857,332.8138749168995
0,-63.5,-28.6,20.726210049158677,1766.970916275205,891.292759408831
0,-69.5,-5,23.356152102167805,1908.1969727737644,871.0933128890752
0,-74.16666666666667,6.6,27.307810728011077,1438.8835702534473,737.1008452043578
0,-73.83333333333333,-9,26.205921099404783,1838.2768111049338,674.9396625167908
0,-67.5,-25,23.391151876677235,1712.1242406452789,842.5390035229585
0,-51.833333333333336,-15,24.813574261129133,1977.4814086429692,240.43656290557325
0,-56.833333333333336,-16.6,23.41220881067243,1608.0951205910524,425.3687333677741
0,-76.83333333333333,-8.600000000000001,24.595523882761842,1682.75857453062,593.3755606319687
0,-50.16666666666667,-18.6,21.80306862872396,1556.3841370110927,208.09677891517586
0,-48.16666666666667,3.3999999999999995,28.295981324389505,1603.3868202962926,393.72940555050366
0,-76.83333333333333,-29.800000000000004,22.06430189364143,1729.7086945691467,757.9074576375752
0,-77.83333333333333,1,25.96392687423558,1774.146210885184,727.2703325945173
0,-72.16666666666667,-26.6,20.62687228391234,1559.2988876427726,834.6460246445473
0,-51.5,-21,22.168668140647185,1518.3607006005418,303.8842448784682
0,-48.5,-17.8,22.964048049018377,1696.6336919687606,148.5898059700073
0,-71.83333333333333,-19,22.30083209606876,1689.6469364661552,637.1180025090686
0,-51.833333333333336,-29,20.869334039647573,1742.501781172759,521.7633649368379
0,-41.5,-19,25.776708172320966,1784.5304073057805,82.85692050924321
0,-76.5,-10.200000000000003,25.249528461466895,1543.4650445527786,559.2764528400445
0,-77.5,-21.400000000000002,23.130435984552523,1674.8965001389226,529.3753875557609
0,-60.16666666666667,-7.400000000000002,24.860527947272704,1871.6915772044345,698.1102106780223
0,-74.5,-19.400000000000002,22.302371170593865,1674.7708765542213,579.450894690692
0,-54.5,-3.8000000000000007,26.20855800669049,1931.068301829624,594.9580346293019
0,-79.83333333333333,-20.6,21.044504362875152,1683.0546422192604,422.49786774217654
0,-60.16666666666667,5,26.655306515172178,1806.2122756769804,765.5548128885969
0,-71.83333333333333,7.4,27.64307173607796,1618.887350659135,769.3639029658775
0,-63.5,-20.6,22.566514520002553,1928.7813340054436,680.7072555835468
0,-63.16666666666667,-8.600000000000001,22.817811795872167,1852.0274469833635,736.0319012113764
0,-51.833333333333336,-16.6,22.608328767487247,1602.9111237099053,241.31630084886288
0,-48.833333333333336,0.1999999999999993,23.92183877953455,1561.7126911787152,444.4593720536988
0,-63.833333333333336,-7.400000000000002,23.41515406343362,1627.1991506313645,783.7300452198514
0,-61.833333333333336,-17.400000000000002,22.913079777584308,1668.364246143641,587.9528140909797
0,-69.5,-11.8,25.214186543415874,2033.9796691008235,683.579083554536
0,-71.83333333333333,-5,23.786699148969248,1666.1052860037137,836.808505176452
0,-48.16666666666667,-1,24.038929017714374,1829.9215567601711,424.10348441405074
0,-77.16666666666667,-17.8,24.52178772274433,1719.2863654309342,466.982081297102
0,-67.5,-7.800000000000001,25.70520998114406,1910.6403805746486,801.6090932622147
0,-74.16666666666667,-27,20.753456596151477,1773.2694223622434,795.0784588478971
0,-79.5,-8.600000000000001,25.67587805147854,1565.4247695816036,496.4401903120095
0,-49.5,5.8,29.703857947891347,1785.4121606241654,373.39185068337906
0,-48.833333333333336,-29.800000000000004,22.724844281131396,1540.6315422664945,436.81364801945404
0,-49.5,8.6,29.11794327066732,1669.4765915733412,291.19331623173355
0,-56.16666666666667,-28.200000000000003,20.50987481234308,1779.502480665979,668.5422369363669
0,-75.5,0.5999999999999996,27.082773267538247,1664.1188709542184,808.9120974388859
0,-45.16666666666667,-19.400000000000002,18.851733983548723,1562.8355740093941,108.11229739871963
0,-46.16666666666667,9.4,28.61897872574979,1614.6988809353477,188.70427743605697
0,-69.83333333333333,-21.400000000000002,22.905436076554906,2006.5067555423323,723.7480605770461
0,-42.833333333333336,-29,23.003440519223975,1754.4417764269028,333.4921304276254
0,-52.5,-5.800000000000001,25.274002810291464,1724.5408395923075,472.41856501678507
0,-55.16666666666667,-5.4,24.245851705516742,1744.2151963807758,581.9244297491553
0,-53.833333333333336,6.199999999999999,25.33761252644699,1816.4723170241616,510.0550849790519
0,-52.5,-15.400000000000002,22.69825811880089,1804.6072903549423,262.8020697915723
0,-71.16666666666667,-4.200000000000001,24.288848059093134,1591.9534569425168,868.0463045566567
0,-70.16666666666667,-27.800000000000004,22.442528763206692,1664.7254518716104,895.1182193795843
0,-52.16666666666667,-11,25.182342192399318,1852.523214187316,312.3651316497345
0,-73.83333333333333,2.1999999999999993,25.423551055225996,1645.2153367920569,844.7327262037484
0,-48.833333333333336,-23.800000000000004,21.166363672208067,1840.5107617836575,301.71831117522044
0,-69.5,-8.600000000000001,24.89883686651835,1926.9609104108122,767.7503619681495
0,-73.16666666666667,2.5999999999999996,27.986105511137712,1849.6838222622985,856.3800185824438
0,-47.833333333333336,-19.400000000000002,24.49151775019868,1799.919184412096,157.99231419095474
0,-46.833333333333336,-19.8,21.066984044450095,1675.5833273166825,144.36588123571966
0,-77.16666666666667,-3.8000000000000007,24.574498202980543,1615.0433508886808,712.7680633794695
0,-41.5,5.8,27.702082625879925,1528.2704614834095,261.4030067073467
0,-43.833333333333336,-26.200000000000003,21.95628743822785,1481.2616954570562,281.0078259475396
0,-56.833333333333336,-21,20.790061671800952,1665.0285080520316,499.4487467134464
0,-79.16666666666667,-7,24.562538464617727,1766.98446817388,556.6885880543766
0,-68.16666666666667,-1.8000000000000007,26.700945698026665,1825.8631804287045,939.1260052719077
0,-43.833333333333336,-25.800000000000004,21.90887524261589,1753.6642018055418,270.40919690764036
0,-49.16666666666667,-19,19.22601010335785,1801.3363967787568,185.21975034987537
0,-57.5,3.3999999999999995,29.1905627207777,1712.7168276085026,713.5912599125453
0,-78.16666666666667,-11.8,25.446597402337524,1495.9032329382271,461.6809332880028
0,-67.16666666666667,-11,22.560650280482836,1692.055633871051,711.5578109743927
0,-75.83333333333333,-13.8,24.982687124692713,1617.191214236582,510.07003783318544
0,-64.16666666666667,-15.8,23.915226901517705,1956.4185511151643,625.35617228764
0,-76.83333333333333,-7,22.74265784774204,1640.5294803197462,641.1682371077095
0,-54.833333333333336,-27,21.623578197792334,1608.1454550788626,593.9317312814144
0,-40.16666666666667,6.199999999999999,27.675367392813122,1753.7660983324452,259.33182755990356
0,-76.16666666666667,-25.4,23.410568456850946,1499.0433872292967,692.2200194203091
0,-45.5,-25.800000000000004,21.992156692547077,1607.837881707368,288.59070525007223
0,-46.5,-21.400000000000002,22.196963450378167,1736.7097679022374,177.5299589521221
0,-46.833333333333336,-15,22.117380003073638,1654.7538142044884,98.37472728315328
0,-53.5,-18.200000000000003,24.084826972124983,1680.487230730717,317.2252850654207
0,-55.16666666666667,-1.8000000000000007,23.622274482587027,1877.4770265395414,651.6096986747846
0,-60.16666666666667,-12.200000000000003,23.734382591234183,1853.7074820394646,569.9371866967098
0,-75.16666666666667,-9,23.799591807392925,1700.8024451350673,636.3426239270517
0,-49.16666666666667,-4.600000000000001,23.762330337296127,1522.0025886420776,394.7379306335573
0,-54.5,0.5999999999999996,28.85923357628532,1528.3336884911664,635.1539283962461
0,-77.83333333333333,9.4,28.045079858427286,1642.8603857276685,534.615320259356
0,-58.833333333333336,1.4000000000000004,27.04429160002265,1815.0445139178648,786.8682234454152
0,-48.833333333333336,9,29.898826567082267,1656.7631316743048,260.4990418505891
0,-57.16666666666667,-5.4,23.900205814091144,1810.8227223322328,655.744679106525
0,-56.16666666666667,-22.200000000000003,23.368324838237346,1765.5259752982274,508.158855307836
0,-42.833333333333336,-16.6,22.799050813282154,1825.3871128235373,53.04506633965039
0,-73.83333333333333,-0.6000000000000014,24.84205718122695,1618.867730884496,857.9412720988339
0,-75.83333333333333,-7,24.901118442031454,1627.6733141780196,674.7760157996215
0,-60.16666666666667,-1.8000000000000007,25.751484545372964,1602.955265339102,824.8939905600662
0,-49.833333333333336,3.8,24.75047078922656,1730.478553654413,432.1660906594525
0,-63.16666666666667,-1,24.255108958324072,1658.7711571761504,905.3394929282673
0,-74.5,-11,21.700178756693433,1622.0223419469835,602.1069564162789
0,-71.16666666666667,-23,21.650104773388765,1904.5075891614558,751.1040016402022
0,-50.16666666666667,-3,23.722375094545107,1724.4177705364307,457.4972812977096
0,-47.5,-24.200000000000003,22.438723544160208,1631.329665903565,280.24444859349876
0,-70.5,3.8,26.446953942232458,1435.50174697547,886.9564768265961
0,-66.16666666666667,-0.6000000000000014,25.68563062822564,1899.6400457106506,945.1669774345164
0,-54.5,-18.200000000000003,23.53700573875095,1773.7683726815696,354.48088191433504
0,-53.5,0.1999999999999993,27.483397298919368,1622.8293757085708,598.8570521683985
0,-67.5,8.2,27.941025479868426,1676.145314569211,789.6174084053654
0,-72.5,8.6,27.81008959547276,1788.9157616981788,719.5267274375034
0,-49.16666666666667,-19.8,19.544188523859063,1738.3704004689887,201.35718659953747
0,-78.16666666666667,5.8,28.68899244965533,1710.9043022534547,628.0507461532619
0,-43.16666666666667,-12.600000000000001,23.27910234805788,1644.097835568286,79.81229082519705
0,-74.83333333333333,-3.8000000000000007,26.15573566022567,1612.7947496272302,789.2846454591281
0,-48.16666666666667,1.799999999999999,27.413846296409677,1433.5508891992781,417.4780212895547
0,-77.83333333333333,-24.6,21.49362760703397,1689.6116674758082,611.1787674984248
0,-40.5,-23.4,20.49359740528445,1561.6907916615196,202.71170277229467
0,-49.16666666666667,-27,20.6187577105632,1637.438619859295,399.0688385284331
0,-59.5,0.1999999999999993,25.937027810429587,1858.5537941579264,814.0594409767862
0,-63.833333333333336,-15.8,24.096453532864352,1678.2901236884547,620.1547131128152
0,-49.16666666666667,-29.800000000000004,19.48329448236415,1565.2378930967297,446.0991991019398
0,-57.16666666666667,-29,20.01006189526472,1668.2750089679923,717.8733520216618
0,-52.5,-28.200000000000003,20.500912246661134,1849.1709275826795,532.546051766765
0,-75.16666666666667,-13.400000000000002,22.959638262349838,1669.19953573432,536.121292255091
0,-50.833333333333336,-9.400000000000002,23.830810893304744,1843.7775106573017,309.41214537871696
0,-63.5,-11,24.38189716460941,1828.3347658263876,676.1837681506115
0,-49.16666666666667,-4.200000000000001,24.151156065196737,1473.3097847427746,403.9843310132341
0,-71.5,-15.8,20.825196086657215,1647.3104583642503,612.0978921127316
0,-57.5,-18.6,19.49938389212991,1621.2131929232714,471.35519195382415
0,-74.83333333333333,-0.20000000000000107,28.159111370795376,1636.198420894625,830.439259847139
0,-67.16666666666667,-9.8,25.5103264237017,1789.277334868131,742.9152138444714
0,-47.5,7.4,29.153883191723843,1616.6395553033963,274.7554493081867
0,-73.16666666666667,-23.4,19.087778331620893,1644.0156502889222,721.3496439668376
0,-42.5,9.8,25.337175937566254,1511.37821735766,143.1751496869098
0,-45.5,-9.400000000000002,23.117862749719965,1589.3158467464614,178.02370792067927
0,-48.833333333333336,-8.600000000000001,23.15477765439386,1584.3144523808448,272.28175101384755
0,-47.16666666666667,-23.800000000000004,24.070039668569144,1553.833529638244,260.93942487415035
0,-57.833333333333336,2.5999999999999996,28.63782906640101,1763.780750304978,738.8698557581378
0,-49.5,4.199999999999999,26.65732392219502,1657.328410449593,413.61034514863434
0,-43.5,-5.4,25.497752788342265,1620.2403862483661,274.06295590410775
0,-69.83333333333333,1.4000000000000004,26.546488014112345,1903.29677199471,930.7625431420151
0,-70.16666666666667,6.199999999999999,27.3578395269893,1600.5083557622054,831.3824256473046
0,-78.5,-1,21.39519232357516,1801.331981576725,702.9309757048673
0,-59.16666666666667,7,27.709390527109345,1725.4250172223556,679.0730326894941
0,-70.5,9,27.036830203892386,1621.6382014890528,744.1507610114973
0,-44.5,-17.400000000000002,22.927972803159914,1751.2001656892785,69.77070852266684
0,-72.5,-20.200000000000003,23.51930736374565,1589.7516373595056,648.3958203101517
0,-53.5,-15,19.422656728345213,1804.2989029733872,300.47816167918495
0,-52.5,-4.200000000000001,26.169443067966366,1737.7832872006259,512.6370594820403
0,-72.5,-10.200000000000003,24.12228502412261,1700.5415134765494,673.997908157071
0,-63.16666666666667,3.8,22.74001183767296,1726.8544002711733,867.0549078632168
0,-68.5,0.1999999999999993,23.00115334413296,1728.2374066588736,947.2187732852751
0,-71.83333333333333,-15.8,24.844879358404043,1561.9830884455316,605.7885708588412
0,-55.5,-25,22.153213598420546,1651.706405564028,566.2523928437008
0,-77.83333333333333,-29.800000000000004,21.160568092711127,1607.2323440523376,722.4946378832329
0,-61.16666666666667,2.5999999999999996,27.52212339651569,1839.7224023297763,842.7346411920644
0,-42.833333333333336,-10.200000000000003,24.61582858502556,1600.7171373555561,132.8377785652907
0,-75.5,-22.6,21.656145127628935,1814.9190712365926,631.3101506602609
0,-59.16666666666667,-3.8000000000000007,24.425015029878416,1623.6122030008314,762.3033628655937
0,-55.5,3.3999999999999995,25.506842690972825,1610.9064320365005,640.3389728368561
0,-61.16666666666667,0.1999999999999993,26.80006826283638,1938.052992550833,862.4417802395635
0,-68.5,-12.200000000000003,23.36012024483725,1743.1783342853882,682.7664769744623
0,-59.5,8.2,26.772950330326868,1823.307352019565,653.8071576795303
0,-43.5,-9,24.141293090371242,1688.7360849610461,169.28338707408366
0,-55.833333333333336,5.8,27.666051060167696,1613.5439324568165,596.0407391349618
0,-72.16666666666667,-12.200000000000003,23.28027959129277,1760.4719896300167,634.4375887052131
0,-53.833333333333336,-15.400000000000002,21.491991338628633,1791.6424886348436,311.6200764989636
0,-70.16666666666667,1.4000000000000004,23.13501135298278,1624.2805680398603,926.8212987281038
0,-72.5,-23,22.791709317462363,1840.5273613119543,725.0014534379496
0,-47.16666666666667,3,27.118138842230955,1846.6407883624522,377.6008119899338
0,-74.16666666666667,-3.4000000000000004,26.03617010255968,1702.0744482647801,816.510435269141
0,-57.16666666666667,-23.800000000000004,20.317982186695133,1797.5443879918205,592.1843796011324
0,-76.5,8.2,27.31732374852537,1526.8592918865218,616.7306098630721
0,-70.83333333333333,-1.8000000000000007,25.30620726048328,1802.6533173281039,913.7007208202089
0,-67.16666666666667,-21.400000000000002,24.52323415778318,1492.4260561088645,736.9768117443413
0,-61.5,-23,21.14344878330624,1782.5860006364069,704.3727373601274
0,-44.16666666666667,-21,24.09083119276029,1875.4169996799583,134.58285892640453
0,-57.833333333333336,-21,22.72245828132624,1647.4370051011106,535.1578556053854
0,-68.5,-27,18.193512803055288,1587.98975828239,892.5426886775238
0,-71.16666666666667,-1.8000000000000007,27.369896893120703,1842.6107679033425,908.3114042321507
0,-68.5,-0.20000000000000107,27.018502692725104,1731.6389224989377,947.2187732852751
0,-55.5,-18.6,21.548751743113286,1833.419341426413,398.10290487813495
0,-46.16666666666667,-16.6,25.297561836467906,1510.6918249283858,86.7301665482548
0,-77.16666666666667,-15.400000000000002,22.813273085165594,1408.1518998336214,454.32709595406186
0,-40.16666666666667,4.199999999999999,25.209253262153805,1528.1566187460335,310.73180877028335
0,-40.16666666666667,3.3999999999999995,26.14357895834822,1661.2938953260195,327.24829270672626
0,-59.16666666666667,-13,23.35208294684268,2036.0789383769388,525.0446482491159
0,-58.5,-13.400000000000002,24.812661668902372,1693.1021146054647,497.29248385366606
0,-65.5,-8.600000000000001,21.860038617490257,1539.342591471932,768.9818742985306
0,-46.5,4.199999999999999,27.140839221432874,1853.8612707240145,340.5055496466716
0,-56.5,-14.600000000000001,22.16957199049314,1876.9599199080958,414.4713214910977
0,-54.833333333333336,0.5999999999999996,25.013286790962606,1814.8724072946984,647.649095268099
0,-75.5,-14.200000000000003,24.25554524671557,1658.251953572235,516.761109603862
0,-42.16666666666667,1,28.98351401075613,1866.3263878044247,347.05220929927884
0,-53.833333333333336,-5.4,25.75297195277311,1726.0691483066817,532.0348969392965
0,-56.833333333333336,2.1999999999999993,24.82205397147088,1622.8631358307275,708.7006193975458
0,-41.833333333333336,-14.600000000000001,25.664838022053136,1490.948671270151,54.179918396978564
0,-79.16666666666667,-4.600000000000001,27.392356909270017,1632.6134588736372,622.0665401158599
0,-47.16666666666667,-5.4,23.108873493938436,1752.615852575898,324.499724379543
0,-55.5,-17.400000000000002,25.169270713969887,1653.7012682679954,382.2103751669456
0,-61.16666666666667,-23.4,21.745687515890765,1584.7876206463313,707.7042665764582
0,-62.5,-22.6,19.555143484629657,1744.0940284189173,716.056142576944
0,-40.833333333333336,-21.8,21.000588520909893,1571.5663476919965,153.26248942091308
0,-57.5,-27.800000000000004,19.752370644810505,1785.2517409479722,709.4105884980023
0,-53.833333333333336,-17,21.861614057156213,1645.6069016955519,316.3159134263163
0,-69.5,-6.600000000000001,21.134763485533966,1778.537660139117,827.27428475671
0,-54.5,3.3999999999999995,26.99474714368112,1873.9887766556114,602.8685408308053
0,-61.16666666666667,-21.8,21.0527008144191,1739.3616337250048,660.7906187691684
0,-74.16666666666667,4.6,27.138757961326892,1465.5464711543943,790.7475509530212
0,-68.5,-23,22.255943784145654,2052.5771322929145,780.5158782458702
0,-72.16666666666667,-27,20.332678530778228,1528.5894367481678,844.2138004082744
0,-75.83333333333333,-19,26.268446929231846,1546.8245159492824,530.6357875774229
0,-68.5,-13.400000000000002,23.286187780380647,1942.2486025523726,663.0371114102047
0,-63.5,7.8,28.88895741294067,1824.4007411763928,766.0783532976535
0,-64.83333333333333,-0.6000000000000014,24.393267943509162,1631.7267480335745,933.2129681539996
0,-49.833333333333336,-8.600000000000001,24.03794734758418,1957.0487804400818,301.1430840076121
0,-46.16666666666667,-18.6,23.200217072010304,1891.1614235676147,108.74914294894998
0,-75.16666666666667,-3.8000000000000007,26.565405494089333,1563.0914115161495,779.1483397421506
0,-49.5,3.3999999999999995,27.591421254166768,1720.643674862547,430.12682908507725
0,-79.83333333333333,-12.600000000000001,23.37254875530396,1715.577630046103,384.3067423325595
0,-71.83333333333333,-3.8000000000000007,23.56134811095525,1793.571384395712,864.4885609073668
0,-42.16666666666667,8.2,27.04723186461292,1448.3740653558716,189.66995532498336
0,-72.16666666666667,6.6,26.4128608253844,1896.9547743644584,786.2361867647353
0,-68.5,-22.6,20.803305193828397,1790.4423925315025,768.6581058855834
0,-68.83333333333333,-9.400000000000002,23.404469818734718,1730.8028969498364,749.7748687520653
0,-40.833333333333336,-13.400000000000002,21.127405134668656,1615.561310387518,70.73198901623772
0,-58.16666666666667,-21,20.86566431074447,1579.928257673312,546.7107995795382
0,-63.16666666666667,-3.4000000000000004,28.147215192427474,1972.4843310417805,874.9654140647202
0,-78.83333333333333,-25.4,25.107253672286404,1811.3250913317822,597.5031538745893
0,-62.16666666666667,1.799999999999999,25.902946598698634,1975.7520268840879,877.6816297862989
0,-69.83333333333333,-15,22.362584901438087,1581.1123498361137,638.1053529053327
0,-79.5,2.5999999999999996,27.283472931882255,1585.1734419574325,648.9106723043616
0,-77.16666666666667,-0.20000000000000107,26.87873644424217,1707.6348513920873,753.9226777674803
0,-44.16666666666667,2.5999999999999996,25.203665453876035,1751.2089469848781,338.29485907915694
0,-53.5,-19,25.195226875116806,1581.6812600468909,330.3318793820892
0,-51.5,7.8,26.78211691045449,1672.312792996483,379.04278563831326
0,-40.833333333333336,-23.4,19.767384683233903,1549.4373732113888,200.17613722820286
0,-79.5,-17.8,24.391910093360636,1609.5770502302644,381.6772148814824
0,-41.833333333333336,-10.200000000000003,22.22261241093853,1610.6913005312115,132.6857912130041
0,-49.5,-20.6,21.609333376063695,1691.5061675455004,229.73924111707157
0,-67.16666666666667,-19.8,20.90873751680881,1982.8135697375494,697.3252580251942
0,-57.5,6.199999999999999,28.911616495619125,1974.8364075385782,645.6747947657226
0,-57.16666666666667,-27,22.11836358088384,1750.2503880223883,680.2493558718593
0,-68.5,-27.4,22.266725112649326,1606.2939996910338,901.5014841737808
0,-59.833333333333336,-28.200000000000003,20.31454378715828,1692.0623976328618,794.5243123729545
0,-50.5,1.4000000000000004,26.784378343598632,1680.5041649190023,488.40018364422025
0,-56.16666666666667,-11,24.011033986889807,1730.893124883355,460.238653187144
0,-75.5,-9,26.152221214285554,1518.8641010827282,625.9104878568429
0,-41.16666666666667,0.1999999999999993,25.36774153681696,1772.1455220366877,352.8901056476424
0,-72.5,-18.6,22.29665411172335,1634.1688562095708,616.2241723321259
0,-57.5,-2.200000000000001,26.6413994176941,1706.0805533144917,732.6681015829006
0,-62.16666666666667,-23.800000000000004,21.179806925177356,1632.2040300942526,744.436061355277
0,-73.83333333333333,-24.6,23.943423067202556,1814.5134250435979,739.9383983008477
0,-57.5,-27,22.217839425651082,1853.6852001192653,692.1592834913013
0,-45.16666666666667,-3,25.39686412317904,1639.9085291909996,342.8438689490601
0,-58.16666666666667,-28.200000000000003,18.690317976189665,1820.868743717993,740.278338941564
0,-55.16666666666667,-17.8,21.834135868630366,1708.1069360335564,374.16459465186256
0,-45.5,-20.6,23.621460279840726,1423.6521761154322,139.91705342428781
0,-41.16666666666667,-3,24.315569884736956,1540.1916198805495,326.81043188494743
0,-49.833333333333336,-24.6,23.522736698196535,1612.1163967815207,354.35911062841046
0,-67.83333333333333,-9.400000000000002,23.86119609310096,1642.9202150927908,753.9806071211635
0,-72.16666666666667,-13.400000000000002,21.08903317772866,1649.5771675140631,614.7082231409554
0,-65.83333333333333,-16.6,22.339032725412288,1490.4904395002136,646.3986309850001
0,-61.5,-21.8,24.00808499400764,1811.5509683448058,669.4244709291372
0,-42.833333333333336,-12.600000000000001,22.871802044406152,1585.891655668329,78.72139732144403
0,-74.5,-23.800000000000004,19.888685128383166,1664.0386567255641,697.5210791252491
0,-56.833333333333336,-5.800000000000001,27.377716203263766,2102.578824016711,632.8887993254923
0,-52.833333333333336,-9.8,23.413959932565536,1762.891439771415,367.62906438830134
0,-49.16666666666667,7.8,29.191401902765488,1541.0039236187506,305.484324695778
0,-47.5,-6.600000000000001,23.534581935755035,1711.402387057511,298.3810233863961
0,-72.5,-13,21.40886481800172,1652.1801247843773,613.2910194728659
0,-69.5,-3,25.018652225761148,1777.1944183621235,913.8483092453059
0,-55.16666666666667,-1,25.415977803553517,1821.4841468577185,658.2351617992805
0,-40.833333333333336,-24.200000000000003,18.520575823026636,1773.1025164016605,224.1233778471201
0,-42.16666666666667,-15.8,25.38789015339191,1704.0943008865675,50.0676341857029
0,-78.83333333333333,-24.200000000000003,21.80034974956492,1866.1565827766744,562.6848332646593
0,-70.5,-6.600000000000001,25.201017338604597,1857.4201141534527,815.4573929633162
0,-61.16666666666667,7,27.621568898751836,1910.666193644212,738.056835675453
0,-50.5,8.6,24.46949452414707,1775.4651551095203,321.9442628569001
0,-62.833333333333336,-1.4000000000000004,26.114393953803646,1729.9542158009074,895.9099686674988
0,-52.5,-13.400000000000002,23.692915789803635,1679.7573515435943,278.2159897299203
0,-67.83333333333333,1.799999999999999,27.319890665605406,1717.8308173367213,940.0101563318287
0,-43.5,-26.6,19.968533395271315,1438.2982547005283,288.99985690571475
0,-62.16666666666667,0.1999999999999993,25.67482240457845,1874.8546643876637,887.1771222337554
0,-79.5,-1.4000000000000004,24.814546825139068,1978.315322698038,662.8961110993298
0,-49.833333333333336,-5.800000000000001,24.863004191756918,2017.161671240552,383.34161845925763
0,-51.5,-24.6,24.309453614518823,1491.298503848422,408.3417896596669
0,-79.16666666666667,-20.200000000000003,21.52014878135021,1797.6329933657876,437.76500445128437
0,-79.5,-4.200000000000001,23.90124801783497,1622.8951487219545,618.8572192289103
0,-73.16666666666667,-28.200000000000003,23.540947958780794,1670.6029513640146,846.2355577917172
0,-73.83333333333333,-28.200000000000003,20.566858966298682,1809.380365020301,829.0483928816748
0,-64.5,3,24.55351893275632,1990.6889045409248,903.8546264951647
0,-40.16666666666667,-27.4,23.19023634365254,1719.466093903708,314.77511178173944
0,-70.5,-1,25.210864651060707,1808.870944386478,925.2410618916466
0,-48.5,-11.400000000000002,22.72759945847782,1832.371243118226,187.9659373621071
0,-45.16666666666667,-21.400000000000002,21.31549046647611,1767.06233527486,156.18735989425502
0,-58.833333333333336,7,29.718577863127344,1889.2745175646244,668.2049791338358
0,-65.83333333333333,-1.4000000000000004,25.287389585050974,1722.0278162695522,938.176083278393
0,-67.83333333333333,-27,20.69586776529872,1664.9809561609584,894.8295641715338
0,-51.5,-22.6,22.465764430355538,1794.3356620202896,348.74271667902804
0,-51.833333333333336,-9.400000000000002,22.193583611776656,1831.2873060807913,343.290411736665
0,-77.83333333333333,-13,23.549277849511384,1732.2441318176725,451.72703291298893
0,-52.5,0.1999999999999993,26.398789705012852,1746.0217258231894,562.3976516049909
0,-65.83333333333333,-21.8,22.59595976424796,1543.8404375330947,742.2466220605288
0,-74.5,-28.6,21.807437155362265,1766.983929504884,817.2159476744984
0,-75.83333333333333,-1,27.05755814398062,1643.0848953420825,796.2909310407716
0,-75.5,-27.4,23.205137640971227,1769.7736830895421,764.1535289484583
0,-46.833333333333336,-1.4000000000000004,26.626583005918103,1789.692056486407,391.0319175198357
0,-71.16666666666667,9.4,25.49936662250615,1682.2264473741384,722.2818550214855
0,-42.16666666666667,-20.6,22.10619427861903,1672.794139119409,116.29054246772614
0,-62.833333333333336,-21,23.379160782603723,1821.2363405194033,678.2125297197783
0,-70.5,-2.6000000000000014,26.614656522414684,1646.5820082983485,908.4039521671078
0,-64.83333333333333,-13,25.128407952875502,1603.4518971862358,655.7583597705775
0,-73.16666666666667,-21.400000000000002,23.484309304920682,1505.0814796748434,663.3509748124429
0,-44.833333333333336,-12.200000000000003,23.562877102012322,1578.4641885669196,100.33374062417691
0,-49.16666666666667,4.6,28.943358831686865,1754.7908578328406,394.7379306335573
0,-66.83333333333333,-29.400000000000006,22.141587230099365,1843.5688289319353,937.1281993275857
0,-41.5,3,26.535138309761958,1718.418085478725,325.30241953285747
0,-77.16666666666667,9.8,26.73372072215971,1701.998925355971,547.1248970501105
0,-56.5,-8.2,26.327452515275603,1611.9833244770498,550.4313513301508
0,-42.5,-11.400000000000002,23.923519196346142,1717.4312664694946,102.4084653260011
0,-57.16666666666667,-1.4000000000000004,21.05436771291243,1825.511433729821,729.2037402270796
0,-42.833333333333336,-26.6,20.808150868007,1766.2983386848869,286.3003585140956
0,-50.5,-5.800000000000001,26.592164982548937,1751.2770620386502,404.14279730854554
0,-68.83333333333333,-5,24.175844803149623,1659.8976038958149,876.4652402912614
0,-41.5,-27.800000000000004,21.923369702980583,1818.548356253798,313.9573136945019
0,-44.16666666666667,2.1999999999999993,25.628250958129296,1764.1055083525878,343.834731610504
0,-73.5,-4.600000000000001,27.196614111718706,1726.2847329223016,808.6756200747332
0,-53.833333333333336,-6.600000000000001,26.72540304121707,1649.7398477973218,498.5619600610913
0,-64.83333333333333,-26.200000000000003,23.228707967256867,1739.5104896685696,859.8122734862367
0,-68.5,5.3999999999999995,28.32661412893185,1697.7847966099055,868.0380119121895
0,-79.5,-9.400000000000002,25.446902961949835,1810.0347991105111,473.09276969373906
0,-45.16666666666667,-25.4,22.68566551871139,1554.1103905245875,272.9515902774968
0,-69.16666666666667,-22.6,21.105661624665778,2001.7296140147957,764.3075725716266
0,-41.5,2.5999999999999996,25.848212757180605,1645.1067123555874,331.67495424805327
0,-79.83333333333333,-17.8,25.933002249913635,1403.280402449254,369.18896742631136
0,-41.833333333333336,-19.400000000000002,20.50523573373414,1563.2559971038395,89.58098622025226
0,-54.833333333333336,-2.200000000000001,26.097800881362257,1825.087090131402,634.4405493730136
0,-48.5,1.799999999999999,24.674621250711628,1686.2217718475224,426.0349099929292
0,-41.5,-12.200000000000003,22.08295291605626,1527.491294546889,86.92979698473958
0,-55.5,8.6,26.039545610733743,1900.8958560497001,501.4054599835124
0,-40.16666666666667,-12.200000000000003,22.664999047086738,1513.268505399254,96.04010458242094
0,-77.5,6.199999999999999,28.493511756532474,1701.9018190910901,640.9509970399307
0,-67.5,-29,21.253164635797148,1647.301223982227,932.8176032446725
0,-70.16666666666667,6.6,29.670763723613014,1812.179139051643,819.8893007293441
0,-50.833333333333336,-2.6000000000000014,25.85104255076208,1592.9265778849485,485.2300479893395
0,-78.5,-9,20.858926266843152,1806.2385987036262,521.8406748247179
0,-41.16666666666667,-28.200000000000003,21.863591962987993,1653.0554076845897,323.0385058094166
0,-71.5,-19.8,19.821767496866986,1592.0061095189676,659.5647600126209
0,-56.16666666666667,-1.4000000000000004,28.060980541562355,1565.9405760479315,692.6721365220615
0,-74.5,-1.4000000000000004,26.546335021077272,1737.2924774412284,834.5404397511963
0,-55.16666666666667,-20.200000000000003,22.20317028759563,1753.8027510047082,417.7966629550382
0,-43.16666666666667,-3.8000000000000007,26.50335904244504,1504.0772784602461,310.4804980013164
0,-76.5,-14.600000000000001,20.93270858809071,1672.0466728534848,480.77058002401895
0,-77.5,-20.6,21.70928210148181,1486.0546334727374,508.47987421874774
0,-45.16666666666667,9.8,26.336572149102476,1905.5147874076893,162.12576199438516
0,-58.16666666666667,-3.8000000000000007,24.758392584209883,1734.7998803666887,728.9753243917788
0,-52.833333333333336,-24.200000000000003,21.840021521974506,1558.5194127295517,443.6365720614831
0,-71.5,-3.4000000000000004,25.493822812688837,1834.2767069485726,878.7083883627605
0,-44.833333333333336,-3.8000000000000007,24.371544959311784,1773.950497784718,323.6314225469788
0,-70.83333333333333,-12.200000000000003,21.56417354312527,1592.0233382979586,658.7439169568524
0,-51.16666666666667,-25.4,20.726785540460003,1673.4493666743008,420.03213819481675
0,-53.833333333333336,-10.200000000000003,25.911253868570295,1563.2928662350087,393.50921799209857
0,-79.5,-5.800000000000001,24.33546789424215,1674.8523046244986,578.6387247636551
0,-66.16666666666667,4.6,27.812770115869075,1833.865603944135,887.1187055529559
0,-50.833333333333336,-18.6,23.35681425313624,1601.954725729023,229.45701089161
0,-46.5,4.6,28.362802632911183,1639.6893173551794,331.2591492669949
0,-58.16666666666667,-9.8,25.95168662734699,1819.5063537933117,563.3321580624198
0,-40.5,-23.800000000000004,23.867010538454423,1442.6347333590293,214.70815555692167
0,-77.5,9.8,25.866408148090198,1725.3812711752967,535.313789655891
0,-58.5,-9.400000000000002,25.86380111800937,1676.626786618502,585.9491040706149
0,-60.5,-0.20000000000000107,23.690149803405713,1740.245506533412,844.0827712092901
0,-69.5,-10.200000000000003,23.99168804192502,1659.7650110369082,722.2215426877173
0,-56.833333333333336,-1.4000000000000004,26.216087454718206,1971.2252079542416,717.146185661167
0,-65.83333333333333,-10.600000000000001,19.157936227163646,1641.7992704140433,715.7165412585712
0,-45.5,-19,22.420498028456997,1609.086326406821,105.0235767924918
0,-68.16666666666667,-27.800000000000004,21.925157244269048,1856.2770188294141,911.1967181183137
0,-55.16666666666667,-22.6,20.782316189909693,1852.4855253869416,482.5445237225492
0,-54.5,-28.200000000000003,18.38223984842577,1683.3002187832988,606.261049179087
0,-65.16666666666667,-23.4,22.12563512088755,1750.5074681703625,783.1780730996622
0,-70.83333333333333,-28.6,21.674918899040538,1742.41225317593,900.1500209384362
0,-76.83333333333333,-29.400000000000006,20.14870116167562,1857.322955190382,753.6455516381693
0,-56.5,-13,24.124276117996764,1690.7524310703536,432.270305622918
0,-56.16666666666667,-25.4,20.712310134672876,1819.4100150571176,602.4218843403344
0,-62.16666666666667,-13,23.474954421386958,1893.1967815479538,608.7637932292666
0,-41.5,-13,23.673542100032645,1565.0345347364844,72.96876429106362
0,-58.5,0.1999999999999993,26.593842323030472,1851.7583603660491,781.4741457287366
0,-69.5,6.199999999999999,28.551746411288722,1728.407926420523,838.7674096746706
0,-77.16666666666667,-25.800000000000004,22.760231388865037,1591.9584444851466,668.9646334387517
0,-78.83333333333333,-20.200000000000003,20.87905531252584,1529.1855256289568,450.1665781416447
0,-54.16666666666667,-18.6,22.818210734560488,1531.9162681328555,348.16120422122185
0,-78.16666666666667,-27.4,23.347160490319048,1750.9769122843772,672.3125436299732
0,-48.833333333333336,-0.20000000000000107,25.004570255151876,1788.0703143181324,444.4593720536988
0,-63.5,-26.6,21.157020105739704,1865.0566963319918,850.0950913665814
0,-61.833333333333336,-14.200000000000003,22.683297654739185,1719.1564287882343,586.215811491307
0,-72.83333333333333,-13,23.105347871194027,1852.0551522884932,605.6857097599868
0,-70.83333333333333,-29,19.032043042660675,1780.4262283457647,906.1441248097165
0,-52.16666666666667,-17.8,25.878927671152613,1778.0425629341207,263.5797187668047
0,-53.16666666666667,-9.8,24.623181227946738,1763.316140215479,379.7892340265995
0,-57.16666666666667,4.6,26.36078818181581,1751.620723071786,675.9184479769834
0,-69.5,-23,24.292570840013074,1644.8796770994736,773.2250879685959
0,-64.83333333333333,-22.200000000000003,23.12399968562003,1809.1039514215558,743.9367073083097
0,-56.16666666666667,-6.199999999999999,23.550073402893275,1910.3064438969377,597.2332634412624
0,-62.16666666666667,-28.200000000000003,19.466438759627874,1949.4720061742614,857.3255223955296
0,-51.16666666666667,-18.200000000000003,24.094690931404973,1541.7265421123693,234.37232352609726
0,-78.16666666666667,8.2,28.6442900446753,1639.194575078065,557.7775494442117
0,-52.833333333333336,-9.400000000000002,25.07339772317273,1660.741902307607,378.9018034475495
0,-60.16666666666667,-21.8,20.67613810598027,1870.0920735787695,632.7383215371275
0,-71.16666666666667,-19.8,21.105206560924692,1611.9993043190186,665.4191601429601
0,-45.833333333333336,4.6,27.68266845440874,1761.472272825659,319.64663632212955
0,-72.16666666666667,9.4,25.419998519327372,1579.8850367038533,703.3648433579043
0,-67.5,7.8,29.113094437564133,1573.1826781752159,801.6090932622147
0,-59.833333333333336,-16.200000000000003,22.94801804161354,1808.5952204981688,525.221610713459
0,-58.5,1.4000000000000004,26.886557648615486,1642.9374002193786,775.7524454762056
0,-46.5,-12.600000000000001,20.764603506117226,1798.114478788445,118.44332020549187
0,-71.83333333333333,3.8,27.147569968170234,1606.1249446926188,864.4885609073668
0,-76.5,-13.400000000000002,23.079590396808907,1799.617885658338,492.80123128525753
0,-58.833333333333336,-5.4,26.449775557595203,1636.5282559997995,713.4091623248606
0,-41.5,-6.600000000000001,23.86892430555575,1650.5178819642708,238.72839504426162
0,-40.5,7,25.12833732874327,1814.3713162473089,233.06427187128952
0,-66.16666666666667,3.8,25.133541179968685,1645.9398132446863,904.9710836675723
0,-46.833333333333336,1.4000000000000004,24.82347333299706,1597.1793508305805,391.0319175198357
0,-47.833333333333336,-27,20.741369885745023,1704.5065964218993,364.12747489623865
0,-51.16666666666667,-29.400000000000006,21.655147773036465,1607.0932304274422,504.0964605954242
0,-58.5,-9.8,25.591765508623,1863.9000401009366,574.6763650113667
0,-72.83333333333333,3.3999999999999995,25.389810823921017,1846.4091317502182,850.854930577968
0,-49.833333333333336,3,26.030560765662642,1753.2718616881587,447.24103128476844
0,-49.833333333333336,-17.400000000000002,23.015407896399115,1791.7461865746836,181.94799919104537
0,-73.16666666666667,-7,24.333649523529225,1809.0510889102527,751.7022130658324
0,-64.83333333333333,-10.200000000000003,23.10213570419161,1748.507720573977,716.4652484547827
0,-43.833333333333336,-20.200000000000003,21.341828946103586,1741.7156148408874,112.05871306916633
0,-76.83333333333333,-19.8,21.410885914999596,1593.5184147348416,513.165445135173
0,-44.16666666666667,-7,25.25866209638331,1443.207043797833,233.6170535625456
0,-78.16666666666667,-14.600000000000001,21.438510970610494,1609.993630045542,421.8175196051585
0,-52.16666666666667,-12.200000000000003,22.428608531277117,1673.8225969524492,286.06801892637026
0,-53.833333333333336,-16.200000000000003,22.431780934940853,1601.9686674439893,312.06135681466094
0,-53.5,-27.4,22.53455001455346,1674.4234211055702,553.139763056904
0,-77.16666666666667,-2.200000000000001,28.058246579880976,1642.417578433415,739.7554112513282
0,-66.16666666666667,-13,25.560932807885077,1797.060909749703,667.7123690510944
0,-57.833333333333336,-1.8000000000000007,28.51939548976012,1911.0562799767467,749.0815023581805
0,-56.16666666666667,5,24.56321764419153,1789.9668706343107,629.5591666556668
0,-71.5,-13.8,23.87624136695793,1852.2116283213966,622.8615740187214
0,-79.5,-4.600000000000001,24.83288414157855,1446.7063234019765,609.6108188492335
0,-51.16666666666667,-0.6000000000000014,25.159959165558636,1858.2899649188607,515.0453700080083
0,-74.16666666666667,1.4000000000000004,25.518878411467533,1654.6056940703058,844.0328432031174
0,-69.16666666666667,-21.8,22.141893685752734,1555.2088650742173,741.2170785009232
0,-54.5,-24.200000000000003,20.98470730398282,1575.0942475965394,505.3223759731246
0,-58.16666666666667,-17.400000000000002,20.981232640315575,1717.330213208029,478.7572329233717
0,-52.5,-16.200000000000003,25.951482692861482,1793.059024157808,263.24335010726963
0,-56.833333333333336,-4.200000000000001,23.88910096411501,1758.721086400184,673.1072937907475
0,-51.5,-21.8,19.906678488838676,1699.4751903049632,325.6522226083247
0,-52.833333333333336,-2.200000000000001,24.588465402076157,1618.8285184009653,560.259578589519
0,-61.833333333333336,-6.600000000000001,22.262101676429857,1724.6447245116751,766.6718216961069
0,-77.16666666666667,2.5999999999999996,27.029517834889255,1620.2050151789085,734.2155387199812
0,-57.16666666666667,0.5999999999999996,26.527602551435987,1740.708726657215,733.9667198585439
0,-70.5,-19.400000000000002,23.449644078853815,1652.9470328502491,667.2998459015716
0,-46.833333333333336,-17.400000000000002,24.389935885502883,1588.8712100898388,105.38091191594876
0,-71.5,-16.200000000000003,23.32613788730114,1720.5654950838207,612.7981950515468
0,-69.83333333333333,0.5999999999999996,27.34818387278245,1851.8970264411203,935.5255227734795
0,-43.16666666666667,-19.400000000000002,24.538590143968392,1699.4593665932073,90.82386707629188
0,-68.83333333333333,-23.800000000000004,22.729262226618108,1675.3344981845967,802.5588495317087
0,-69.16666666666667,-23,22.835465401694847,1649.2548667823987,776.1653449319134
0,-47.5,-2.6000000000000014,22.57210801385573,1645.5749158882488,391.3275825901877
0,-66.83333333333333,1.4000000000000004,26.728867017703152,1788.3329059958774,943.3141291087054
0,-79.16666666666667,-6.199999999999999,22.54016512379586,1654.893246315116,579.912959285157
0,-51.833333333333336,0.5999999999999996,26.639434533616416,1785.4686861659713,537.8567327737201
0,-71.83333333333333,-11.8,22.74910630221297,1620.763751984899,649.294275841913
0,-58.833333333333336,-13.400000000000002,23.725208624376197,1802.996568145237,508.4082618228758
0,-56.16666666666667,-16.200000000000003,24.014613467348795,1818.4264261637745,399.2395352768714
0,-57.5,-22.6,24.65618393626103,1783.9390234270193,568.274700699361
0,-58.833333333333336,-19.400000000000002,22.82616582965949,1716.8239856973419,531.7786783849109
0,-57.5,-17,23.750998181921382,1661.6902004008248,451.93562321298697
0,-44.5,-18.200000000000003,22.780624901618413,1587.3388969286907,79.51164727610711
0,-75.83333333333333,-9.8,26.20205220186323,1654.790387108593,592.3631796463621
0,-62.833333333333336,-25.800000000000004,21.11941883053735,1648.2112923087027,816.6736245913012
0,-69.16666666666667,2.5999999999999996,25.941820411390427,1874.8687987612357,923.1611009238192
0,-41.833333333333336,-3.4000000000000004,26.537244315162344,1673.4778030316222,317.14812334678015
0,-58.833333333333336,-11.400000000000002,24.49267086499923,1976.1555883885114,545.0254586196677
0,-40.16666666666667,3,27.608405683780674,1545.8191931723093,334.4127271305388
0,-43.5,2.5999999999999996,27.26431349473171,1640.1149995875708,333.5365782296942
0,-47.16666666666667,-1.4000000000000004,25.8299143612051,1652.9857022409471,397.95878550009763
0,-40.5,-6.600000000000001,25.957710734234237,1552.1461218440088,244.79551818410926
0,-68.83333333333333,9,25.5270884753008,1760.262185094023,761.3395802070772
0,-46.16666666666667,-25,23.210017498853848,1786.6735940572037,276.89863091451593
0,-41.16666666666667,-2.200000000000001,23.574647225744812,1617.043096224654,338.7228391314902
0,-49.833333333333336,4.6,23.58408778164803,1732.7402883040988,414.3137125448361
0,-70.5,-29.400000000000006,22.157070836533418,1707.6207656786887,916.2034611809563
0,-48.833333333333336,-14.200000000000003,22.050939750999003,1697.7205358918504,151.34966359760816
0,-62.833333333333336,-7.400000000000002,24.918407061740105,1749.6819993752026,765.3523965905296
0,-58.16666666666667,-18.200000000000003,22.131066066415983,1562.9482954164066,488.498171676812
0,-50.833333333333336,7,27.554417068208704,1979.3635415926944,380.55224247272815
0,-59.16666666666667,7.8,30.35337202318345,1707.0258956026037,655.197378813198
0,-49.5,-11,24.4055055196332,1752.9680725236385,225.2157536841362
0,-68.16666666666667,-18.200000000000003,21.86249085191782,1847.2149800222744,666.9897306163864
0,-69.16666666666667,-25.4,22.26658326708155,1502.1396667268682,846.8962875370602
0,-62.833333333333336,-4.200000000000001,25.709840470756546,1661.5196495619875,851.8710767970794
0,-76.83333333333333,7.4,28.811548789843194,1669.98855615832,629.2739093423198
0,-58.5,-9,26.454667940087443,1795.2192763005914,597.5138155256268
0,-51.16666666666667,0.1999999999999993,24.117289815640863,1511.489744312695,516.004090629075
0,-72.83333333333333,-15,24.664371986333265,1648.2903895347042,585.7201482752621
0,-75.16666666666667,-5.4,26.4975234573932,1672.844318087206,741.1221927570758
0,-74.83333333333333,-10.200000000000003,25.933174378346067,1638.7121036817157,612.7328195268555
0,-57.833333333333336,8.2,25.678066461396877,1590.274642261961,598.324711508381
0,-47.833333333333336,-6.600000000000001,23.302177798956205,1844.3453108504882,306.14986125269934
0,-55.16666666666667,5.3999999999999995,28.15351508803885,1745.0004059957917,581.9244297491553
0,-45.5,-8.2,25.8127640461157,1816.3369450636565,213.29646628154504
0,-68.83333333333333,-4.600000000000001,28.794584589587874,1746.3524708905786,886.2929179075597
0,-75.16666666666667,8.2,26.166393499373804,1668.6338760271767,660.0506708329056
0,-60.833333333333336,2.1999999999999993,26.346171181503355,1924.0205177429123,839.2716841095362
0,-75.5,-1,27.500853546059297,1701.4004895777975,807.0007887369923
0,-77.16666666666667,-11.8,25.05740906549118,1735.9114624888962,497.57377831401556
0,-57.833333333333336,-23.4,21.221838122597298,1911.4085444548741,603.8394811425316
0,-72.83333333333333,-19,20.968692106787877,1641.0135539563864,615.5738659781664
0,-72.83333333333333,-23.4,22.498253216774447,1619.0361647609816,729.3615251013701
0,-48.833333333333336,-9.400000000000002,26.160628246432623,1831.635708443771,248.9343303955771
0,-64.16666666666667,-6.199999999999999,24.820328264240803,1658.751657776573,824.0502033908461
0,-76.5,3.8,27.118900593343646,1582.4065176383306,735.8282787723172
0,-72.5,1,27.87401739275326,1593.9859149900778,888.8343191543942
0,-64.83333333333333,-10.600000000000001,21.514566854013804,1698.2053594702234,705.9904465027134
0,-48.5,-18.200000000000003,25.253606262846464,1880.7536485239477,153.89863533740794
0,-55.833333333333336,-15.8,26.027209908988336,1952.1214099462275,386.16522128663104
0,-42.833333333333336,-15,22.366764606398192,1778.285723882026,52.16532839636076
0,-47.16666666666667,9.8,27.410449461349284,1784.8539184912795,196.88270503525882
0,-54.16666666666667,-7.800000000000001,25.665756063942705,1800.0635976809344,475.38078192604394
0,-59.16666666666667,8.6,27.737473787688327,1846.5065687346887,631.2803562137534
0,-63.5,-1,25.578127182741106,2010.9538602247599,911.4689224150997
0,-54.833333333333336,-2.6000000000000014,24.24542215737472,1632.9384842192226,628.9006768416666
0,-71.16666666666667,-17.400000000000002,22.582173023167684,1806.3273127823948,626.4341908231892
0,-50.16666666666667,4.199999999999999,26.739913273011016,1726.7239901542646,433.8163629374541
0,-51.5,-20.200000000000003,20.643224491520353,1747.7778139471573,283.99485591151705
0,-64.5,-21.400000000000002,21.644204325357283,1812.7517449407544,717.1981174403595
0,-66.83333333333333,-19.400000000000002,24.666715143001365,1923.9270506747068,688.224584048201
0,-78.83333333333333,-29,21.31992512902884,1514.4422148159388,676.4230178508986
0,-73.16666666666667,-22.200000000000003,19.69765450408389,1675.30997563089,685.8521761631864
0,-75.16666666666667,-12.200000000000003,24.732358961250988,1777.6231443548922,555.8506578193486
0,-59.16666666666667,-20.6,22.592459294990682,1840.7043246184298,569.8262810990914
0,-61.16666666666667,-14.200000000000003,19.653619622344365,1746.475437728865,569.3320717834729
0,-44.16666666666667,-24.200000000000003,22.570214682500005,1696.7264055446526,227.211725082468
0,-42.833333333333336,-25.4,20.734945077564465,1768.7827162595286,254.57226645131604
0,-51.16666666666667,-12.200000000000003,21.711302975409552,1712.5156242511641,251.55179431826218
0,-78.16666666666667,-25.4,18.589178817084598,1623.564860142382,622.0578803072094
0,-68.5,-24.200000000000003,21.66441767774561,1684.7154587477164,816.428500241087
0,-74.83333333333333,7,26.354703128317496,1505.1182091808091,706.0543152830285
0,-42.16666666666667,-0.6000000000000014,25.87273751104184,1452.5726441649658,348.9635180011726
0,-64.83333333333333,-6.199999999999999,24.59980094838138,1934.5368666554632,833.011115441736
0,-52.5,5,26.01347425331857,1787.8551585677885,493.5629814860651
0,-68.5,9,28.894464568450033,1635.9005402834514,763.2584430821654
0,-49.833333333333336,-6.600000000000001,23.906246305293788,1527.1284285726492,360.6670067961726
0,-51.16666666666667,-21,22.088170004353355,1782.9808030087886,292.5849514288234
0,-68.83333333333333,-10.200000000000003,23.334635202602367,1862.9186182785738,727.5934700899035
0,-78.5,-11.8,24.971102937073702,1808.9038920553498,449.45210557436286
0,-55.16666666666667,-18.200000000000003,21.287799164254224,1778.915069508284,379.47342401926323
0,-42.833333333333336,-3.4000000000000004,22.197150984606264,1710.3327328515556,317.30011069906675
0,-78.16666666666667,3,25.755151768429823,1725.885451662635,691.9501589787727
0,-45.16666666666667,-17,23.468845356273242,1815.1448171420802,74.0237978256892
0,-64.16666666666667,-7,24.602289487693668,1887.3593115133863,800.8258321600658
0,-57.833333333333336,3.8,24.932905951604006,1666.0161682357354,717.4223804176261
0,-55.5,-4.200000000000001,22.943458823190284,1885.6297579422212,623.8224889004131
0,-61.5,-19.400000000000002,20.961295931985255,1837.6053405200007,610.264387086497
0,-68.16666666666667,6.199999999999999,28.353724591652423,1931.181784325861,847.460924386034
0,-43.833333333333336,-15,18.712815880424852,1734.2691562331283,56.988350747155636
0,-52.833333333333336,-20.6,19.334786377527955,1592.5297563465117,340.79514895115807
0,-68.5,-25,20.838870639099856,1710.0912254440962,839.8880851056124
0,-76.5,-12.600000000000001,22.239554205070686,1559.4661916938055,505.16007159619784
0,-52.833333333333336,7.8,28.87716950378396,1991.0894905577215,426.1662466652647
0,-49.833333333333336,-28.200000000000003,18.28278142186231,1691.2150103041997,443.4691052092376
0,-78.83333333333333,-14.200000000000003,22.814231840382753,1658.6832358780302,400.3653978527568
0,-75.5,-15,24.038517522386513,1521.2354281585315,511.4919275707392
0,-67.5,9.8,27.67113243413492,1677.4780995133522,743.0719109852514
0,-40.5,-3,26.213268589529143,1496.7567492793107,331.3695426727051
0,-68.83333333333333,-19,23.240309881618316,1790.2875876374083,676.7747376238779
0,-54.5,3,25.96280199155421,1629.9355238224607,610.0329752546179
0,-49.833333333333336,-4.600000000000001,24.591661875602988,1830.1097772175758,414.3137125448361
0,-69.16666666666667,-21,20.298850185544982,1772.0287384472592,719.4491007710668
0,-40.16666666666667,-1.8000000000000007,26.368349140716276,1760.4205179545897,350.9969084457773
0,-57.16666666666667,5.8,27.032544694370042,1625.839943434868,644.946353891405
0,-79.83333333333333,-1.4000000000000004,24.212150122588632,1756.509808198709,650.4078636441586
0,-62.833333333333336,-21.8,20.704271109534805,1702.9186457463918,699.9805074496347
0,-68.83333333333333,-23,21.951453381005148,1614.9074306647378,778.5970153707821
0,-51.833333333333336,-18.6,21.0624419874741,1737.3475440053626,263.3352772495581
0,-59.5,-29,19.623430146879947,1418.9793963972668,797.0073525188374
0,-68.5,-17,24.91762256696244,1934.332555788069,652.3190283992094
0,-56.833333333333336,-19.8,22.399533073113318,1636.508773786063,470.4801493770509
0,-61.16666666666667,7.8,28.934379518246644,1736.0956163072842,714.181181799157
0,-77.5,-21,20.234085623072435,1675.8632279380731,518.6924311730094
0,-42.833333333333336,-20.200000000000003,23.870436172441085,1554.2901965605251,107.23569071837146
0,-72.16666666666667,-1.4000000000000004,25.149368869626556,1597.9493451565972,893.168184763495
0,-64.5,-12.600000000000001,21.856676858596742,1679.3556462378879,658.1114786937293
0,-53.833333333333336,-18.6,22.607769375863988,1665.8933956157996,335.73548216715346
0,-54.5,9.8,27.336840489423487,1819.9918417451854,429.3148682999429
0,-78.16666666666667,6.6,27.29264934635045,1550.1793787771594,605.3761344901769
0,-66.83333333333333,-21.8,23.980831415874064,1663.1425649258447,747.3846678908412
0,-46.5,-13.400000000000002,22.878371523185862,1861.6319943798349,106.08447989455158
0,-77.16666666666667,-9.400000000000002,25.069951536749173,1726.8704119380368,558.3976361093587
0,-79.83333333333333,5,26.889730545241,1654.5451549005518,587.294893777764
0,-66.5,-14.600000000000001,20.99503867417842,1765.9244377329544,651.62705842845
0,-63.833333333333336,-0.20000000000000107,25.8003801858228,1873.8637460079638,920.0093175493516
0,-72.5,-24.6,22.273220146304617,1858.76459040384,772.7427540583017
0,-77.5,-1,26.772092951090666,1733.7630169425163,739.2415410503005
0,-41.833333333333336,-15.400000000000002,23.36628898851033,1750.4151764481308,50.79664971986912
0,-54.833333333333336,-13.400000000000002,24.447429580239223,1722.8002439871739,364.4261540140953
0,-57.833333333333336,-12.600000000000001,24.84100544925277,1527.0676810040293,486.75417324150675
0,-74.16666666666667,-3,25.70298615496245,1688.687078794772,823.6748696929536
0,-54.833333333333336,-11.8,25.857462498282132,1788.4443704599867,392.258916435701
0,-62.833333333333336,6.199999999999999,26.97175519838005,1790.9152044611446,800.4710955866997
0,-74.16666666666667,-9.400000000000002,24.51232176933768,1580.2358352857018,654.2295017975268
0,-66.83333333333333,-3,24.30990612749483,1741.50421185714,922.9561555985415
0,-79.16666666666667,-1.8000000000000007,23.878387156132916,1533.5691469994179,671.5780401710307
0,-55.833333333333336,-11.8,22.94733832643878,1531.9431415517554,429.67092626970265
0,-64.83333333333333,-8.600000000000001,25.54072314692344,1780.192520980613,761.9940677352149
0,-70.16666666666667,-23,20.992712488962166,1731.9554588930491,765.8401039412298
0,-43.16666666666667,-2.6000000000000014,25.80057130891521,1691.4432107725338,331.9279733418281
0,-77.83333333333333,5.3999999999999995,28.808840468111242,1768.4748882101853,650.9596005443921
0,-44.16666666666667,-16.6,21.74828862050076,1689.9089993932366,60.50284558073227
0,-60.5,-18.200000000000003,20.470904640805657,1846.2426581335212,562.4510041063122
0,-74.16666666666667,-25,20.902188864298868,1664.1255097142302,742.4238552759857
0,-75.5,9,27.755744970708832,1594.2682180486122,625.9104878568429
0,-74.5,-14.200000000000003,23.490459548677663,1715.7482466545039,547.1524315476368
0,-61.5,-20.6,20.9751370382013,1751.1925260283442,637.4439362450191
0,-71.83333333333333,-5.800000000000001,22.804949943991065,1784.017557316974,815.664088707172
0,-59.16666666666667,6.6,29.2858580095062,1723.568048129368,690.8042790023139
0,-51.5,-11,21.893064438764736,1652.798090585294,289.14820049127127
0,-40.833333333333336,-3.8000000000000007,24.336772366930933,1724.0435365383182,313.75903650329735
0,-67.5,-18.200000000000003,21.265392482035516,1879.0490059780136,668.2379245996435
0,-63.833333333333336,-29.400000000000006,19.554009865718935,1834.0974466853497,908.101687515701
0,-51.16666666666667,8.6,28.20622805107168,1819.8447247227998,343.8264695892238
0,-69.16666666666667,-6.600000000000001,24.615494271162596,2004.4210414997833,830.2145417200276
0,-42.16666666666667,-19,24.70156984191302,1793.0655457079229,81.39706583593012
0,-62.5,-1.8000000000000007,27.133476946520865,1831.3364706159743,885.1213175291794
0,-79.83333333333333,-15,23.971749631733957,1566.4254050212958,357.75067340747626
0,-67.5,-17,24.89623285276029,1783.5991536563552,654.9699468165554
0,-79.83333333333333,-23.800000000000004,19.79870664542008,1536.4414099299981,513.3885030182114
0,-71.83333333333333,2.5999999999999996,26.469810775907156,1677.920833969187,885.9360362478785
0,-68.16666666666667,-17,23.708034062541426,1843.2267174185424,653.7217528332983
0,-46.833333333333336,-27,21.11380075748918,1703.8186787421832,342.07753316461526
0,-48.833333333333336,-1.8000000000000007,26.603798377676373,1728.6067876150632,434.96387960624236
0,-40.833333333333336,-29.800000000000004,19.651687498198285,1574.9858366056794,347.26792685706346
0,-76.83333333333333,-18.6,24.470421520012756,1862.429330508832,490.0730055265914
0,-62.5,2.1999999999999993,26.299021657850183,1527.2898259113533,880.4495434604837
0,-49.16666666666667,-29.400000000000006,20.268923108358628,1709.4717810317343,441.83729310253386
0,-61.16666666666667,-11.8,25.22296371578908,1689.4578458789713,606.0928807860988
0,-51.16666666666667,-9.400000000000002,25.355930337787058,1619.9189479853108,320.4790489709533
0,-47.833333333333336,6.199999999999999,26.25221064813096,1671.1718501078778,317.6429861706599
0,-44.16666666666667,-3.4000000000000004,23.657579319293404,1576.7087872090992,324.75788994014863
0,-41.16666666666667,-13.8,22.644859044748376,1607.0855060244817,63.799183117095794
0,-42.5,2.5999999999999996,28.01619197731008,1761.8327204345014,330.2657913567805
0,-58.16666666666667,3,24.821640639371054,1914.618152707813,744.0502650170948
0,-46.5,-18.200000000000003,23.132970608370897,1919.1005372720297,108.63437466664436
0,-50.16666666666667,-20.6,22.172387735491494,1499.9981966631212,249.94525890589136
0,-52.5,2.5999999999999996,26.776445092244817,1743.3577090326755,542.6905125574916
0,-63.833333333333336,-13,26.557157941219398,1972.885191097953,641.5959885448628
0,-53.5,7.8,26.364043208104,1670.1394986545877,450.59645372799184
0,-45.833333333333336,0.5999999999999996,24.819478078386197,1821.0338670910587,377.6949082036901
0,-63.5,9,27.872098075826987,1753.3766118068554,730.3786215349503
0,-71.16666666666667,-13.400000000000002,22.809825243552716,1866.332728921507,633.6252348045366
0,-74.5,4.6,27.11655447011637,1719.0644391943422,781.2551475011002
0,-63.5,-11.8,24.421839813691868,1799.7196060091098,657.9900522845953
0,-51.16666666666667,-25,22.827984204321314,1743.7974602154159,408.67340244941227
0,-65.83333333333333,-18.200000000000003,22.04461204272025,1880.9882329046134,662.2660164279462
0,-63.5,-17.8,22.65876751337516,1797.4873390607593,627.3983552676817
0,-57.833333333333336,-21.8,21.57547433459848,1799.048178225943,556.9258333352418
0,-46.833333333333336,5,27.993916451314483,1673.9404077915458,327.918947653441
0,-42.833333333333336,-14.600000000000001,21.835863240453286,1830.2734708860871,54.33190574926516
0,-57.5,1.4000000000000004,23.729598935339254,1893.1114716974457,741.1136678465218
0,-56.833333333333336,9,30.676361027360652,1823.901970498231,538.9075557105882
0,-40.5,-26.200000000000003,21.13890220021191,1688.528698953746,283.0898011465705
0,-48.16666666666667,-11.8,25.6099725121215,1675.9755128354773,170.62461428354635
0,-65.83333333333333,-25.4,21.480211869958865,1605.7209161200458,847.9258310966658
0,-54.16666666666667,5.3999999999999995,28.697673779571375,1837.4342844657008,544.4606189933648
0,-68.5,-8.600000000000001,24.67684002965403,1541.2107008036573,775.041152245424
0,-77.5,-12.600000000000001,25.06928087176871,1423.5986931791442,470.2887488091307
0,-59.16666666666667,-6.199999999999999,22.56266416893162,1658.697799196564,702.2974039202744
0,-59.833333333333336,0.1999999999999993,27.080943111246782,1779.9382532019433,824.3759122111801
0,-52.16666666666667,-28.6,19.450041445283066,1551.1175819843038,527.474122907954
0,-78.83333333333333,-4.200000000000001,22.132690121455706,1762.5354390183882,643.714514185897
0,-54.16666666666667,-0.20000000000000107,25.09251855803446,1862.1159024238639,623.6413803664504
0,-53.16666666666667,-10.200000000000003,24.355741892959966,1765.3357676516873,368.88057442368586
0,-51.16666666666667,-9,25.59312956564888,1730.0005626676236,332.0437604259653
0,-74.83333333333333,-19.400000000000002,24.379544635459563,1705.6748580539213,569.6280145341036
0,-49.16666666666667,-27.4,21.148139154104495,1624.0324381897592,408.02763402469026
0,-49.833333333333336,-7,23.436317652433623,1766.9851312749054,348.93576048335285
0,-79.5,-1,24.578232960792796,1766.0856613138048,665.7477820289004
0,-76.16666666666667,-3,26.436731513626253,1695.3684545572173,762.1122980918724
0,-54.833333333333336,1,26.674312609830938,1622.2896682040812,645.7377865662054
0,-76.5,5.8,27.346756208433156,1463.0995200116497,687.0038065721224
0,-55.16666666666667,-13.400000000000002,23.37091197632551,1690.4823260426783,376.92352924717045
0,-58.5,-23,21.422963977012554,1732.9261000963356,614.7712506893316
0,-60.833333333333336,-23.4,22.322391634688437,2053.719901565156,698.701436962583
0,-75.83333333333333,-11,21.554342739395924,1835.305848347558,561.0057767762835
0,-79.16666666666667,-29.400000000000006,19.694610720538265,1539.2319068593483,669.1659025848364
0,-61.5,-16.6,23.14440313349595,1805.8805067463338,573.5764798536085
0,-70.16666666666667,-11,19.690776312522715,1774.7216810042426,694.3878153931862
0,-68.83333333333333,7.8,27.869345384091343,1729.988656343605,797.0393119697804
0,-52.833333333333336,-23.800000000000004,21.361654239001176,1917.238026731663,431.68578422719287
0,-48.16666666666667,-19.8,23.090467500957523,1563.272299134143,174.58577720036405
0,-64.16666666666667,-12.200000000000003,22.236282091365663,1699.6891632196507,660.7584804133635
0,-62.5,-20.6,21.635134444586278,1767.7523825717776,660.9851138221227
0,-64.83333333333333,-17.400000000000002,23.439304985762387,1667.9123899191065,642.7989829186482
0,-58.833333333333336,-24.6,22.190123665009203,1637.395452638432,673.6283292788934
0,-67.83333333333333,-7.800000000000001,24.89217427319988,1627.5461714258904,801.2450503388786
0,-41.833333333333336,-13.8,23.213481761339025,1461.4185934909804,61.30130900274108
0,-58.16666666666667,-14.200000000000003,22.075198228324833,1734.3987014825925,477.020230323699
0,-44.5,-5.800000000000001,23.749955015945805,1725.4667418902384,271.1643277908791
0,-73.5,-13.400000000000002,24.902355652469424,1635.9581690295147,583.5009507022899
0,-49.5,5,27.53902154392324,1789.2455329252527,394.53626715265904
0,-71.16666666666667,-16.200000000000003,25.317148862485553,1743.230439073918,618.652595181886
0,-75.16666666666667,-16.200000000000003,27.028267689742446,1566.7487578396208,521.1486526324403
0,-43.16666666666667,0.1999999999999993,28.25421140404459,1751.3746710361831,351.6351123893273
0,-74.5,-19.8,21.169303415978266,1794.7230368601672,587.8744034670804
0,-66.5,-4.200000000000001,24.69599504760305,1639.3528497595516,898.0787794418086
0,-64.5,-22.6,20.677663287090702,1606.1304082834781,751.3736328581678
0,-70.83333333333333,-18.6,20.664211136858007,1693.4982211210618,647.7160371224367
0,-48.16666666666667,-12.200000000000003,21.786133149845543,1729.529304561266,162.52121742619835
0,-58.5,-22.200000000000003,22.722700431722156,1780.872251620869,591.23916426198
0,-43.5,2.1999999999999993,26.921384269286683,1562.681224103519,339.07645076104126
0,-44.16666666666667,-19.8,22.388854590472796,1480.807513388688,105.61426159000902
0,-47.16666666666667,-3.8000000000000007,26.980069996454635,1735.8917497703699,362.5258713646178
0,-58.5,-24.200000000000003,21.62597583541695,1894.5804685002715,650.6838726845484
0,-58.16666666666667,4.6,26.771063559418106,1731.0574169154543,711.1229462771624
0,-79.83333333333333,-13.8,23.117996364558866,1753.8939807871818,367.0386413661431
0,-57.16666666666667,-2.200000000000001,24.1332533969433,1807.1977085609178,720.7581739634585
0,-71.83333333333333,-9.400000000000002,24.267324797414933,1933.7578426571226,710.118133637256
0,-44.5,-24.6,21.255799662260348,1642.418048025241,242.18181996003193
0,-40.16666666666667,3.8,27.71320288294831,1551.7460547128458,319.3377865052229
0,-73.5,-12.200000000000003,24.276086585257026,1592.0399927628675,603.2303162665476
0,-54.5,-22.6,24.753040556693986,1731.104776863787,457.551981617621
0,-47.16666666666667,-6.199999999999999,24.63245707707049,1575.2368966111435,302.51991241929846
0,-47.833333333333336,-15.8,21.701941961936576,1619.004454675451,118.94895506745371
0,-53.5,-13.400000000000002,23.418892355241383,1756.1690256211284,314.6753902933279
0,-71.16666666666667,-21.400000000000002,21.255479737154253,1452.0202076070054,705.0707138621071
0,-51.833333333333336,6.6,27.88413685077857,1747.199167371796,426.161755143496
0,-56.5,7.4,27.92359227197088,1809.16363708818,574.4043622979066
0,-66.5,-8.2,27.947954009402352,1809.6059756087823,787.5870882675032
0,-55.16666666666667,-17,23.633869528732983,1516.9368364561403,366.20544623617513
0,-66.16666666666667,-11.400000000000002,23.857931059993142,1712.1137773131607,698.5612329773046
0,-72.16666666666667,-25.4,22.2221907089369,1573.4809108773632,802.9179325817678
0,-56.5,-6.199999999999999,27.1487822869652,1745.3760882228848,609.5230612940766
0,-56.5,-16.6,23.027626424556594,1625.4200451684821,413.1844820814829
0,-76.5,-15.8,22.27523289564452,1663.8541410671935,477.1282887237916
0,-58.5,-14.600000000000001,22.917601065541895,1826.3784368357626,485.2618325924275
0,-78.16666666666667,1.4000000000000004,25.565774362027962,1542.5899997353088,712.3081324889365
0,-75.5,9.8,27.93002407391768,1712.5301901362682,603.0730373425828
0,-58.833333333333336,-9,23.32356916228073,1853.3144161374516,608.6295934948365
0,-47.833333333333336,-22.6,21.495847885965876,1921.6049546436816,240.24289210429833
0,-75.5,-4.200000000000001,25.903574340308197,1775.4220940070493,760.1102259370022
0,-50.833333333333336,-29,18.658050218928157,1578.6183160206417,487.8850985788898
0,-51.833333333333336,8.6,26.58032906471031,1539.171438966735,366.63783235493554
0,-65.83333333333333,-29.800000000000004,19.927036095713245,1991.1837146709902,936.2520594966792
0,-76.16666666666667,-21.8,20.41444136569463,1614.7391310905982,586.5408103841721
0,-75.83333333333333,-2.200000000000001,22.756940167246764,1482.6344954363135,784.9936938475798
0,-51.5,6.199999999999999,24.087967011376374,1933.2418910705514,426.1428107453896
0,-57.5,9,27.93797065005844,1675.4216940118674,562.875037895943
0,-61.5,9.4,26.048005599388006,1829.988711242682,675.5505907414107
0,-40.16666666666667,-1.4000000000000004,28.66292734515971,1643.9773509481615,354.7707006407027
0,-53.5,-9.400000000000002,25.140313004140115,1679.3165789980235,403.3320105102767
0,-52.16666666666667,5.3999999999999995,26.32450834942711,1954.7514012685504,471.3395538640974
0,-48.833333333333336,-20.6,23.110822810698178,1719.9165029156875,210.82767589918564
0,-77.16666666666667,-26.6,20.611777126231,1621.3894326356365,689.6788173960017
0,-69.16666666666667,6.199999999999999,30.752733711742298,1785.8527051818132,841.7076666379882
0,-55.833333333333336,-12.200000000000003,23.385987745070818,1907.9441677887453,421.56752941235465
0,-66.5,-16.200000000000003,23.74728638908601,1754.3782342823347,648.6850700670379
0,-67.83333333333333,-29.800000000000004,21.291870869591616,1793.4393215663292,941.8599247450404
0,-54.5,-27.4,19.411295576141654,1800.578526746446,590.3953599058184
0,-67.5,-11,26.176602726458132,1679.8971562160775,711.7145081151727
0,-71.5,-9,23.619633915977868,1643.2272120818802,727.9921663461582
0,-50.833333333333336,-28.200000000000003,19.16224018211269,1712.138442606883,475.0855871986129
0,-43.5,3.8,28.81522522037728,1660.9804801856624,312.0891028891825
0,-46.16666666666667,-11,24.300592695153846,1929.1008133860066,146.0741355067301
0,-65.5,6.6,26.989737300714896,1704.3031938702354,828.5057970870912
0,-50.833333333333336,-19.400000000000002,22.81599724397064,1631.5510946492357,244.1259417238033
0,-64.5,-23,21.33303500028911,1901.251151528264,763.2314052184546
0,-67.5,-23,22.173750203797553,1724.9617163451771,783.1667966632164
0,-77.5,-15,22.229380165446237,1777.9721497466196,443.73267988404746
0,-65.5,-6.600000000000001,26.738901982650273,1635.0903035350314,828.5057970870911
0,-71.5,-1.4000000000000004,27.124043533083714,1670.491361096913,906.230796296737
0,-57.16666666666667,-9,25.455965618513897,1822.9233855530135,550.9651102765009
0,-65.5,-17,21.761768482868273,1758.550024985834,646.259750452316
0,-56.16666666666667,-19.8,20.78841993117174,1813.1095662577686,446.0061002379455
0,-54.5,-21.8,24.602889485232765,1655.9118430464848,434.4614875469176
0,-46.833333333333336,-2.200000000000001,27.372694525329614,1751.2024748140818,382.5863512562146
0,-54.16666666666667,2.5999999999999996,27.60736540533968,1663.5941382109995,603.9342413189513
0,-79.83333333333333,4.199999999999999,27.285239609626622,1736.5959748410405,606.3689717737393
0,-66.83333333333333,-17.400000000000002,23.60530570575106,1855.0896988880213,657.6631235048184
0,-61.16666666666667,-5.4,26.802472416112284,1691.5041070434793,783.2610188664779
0,-76.83333333333333,-1,26.835693675540785,1666.4949690907554,762.6831523488596
0,-64.16666666666667,-11.400000000000002,24.26511669877233,1604.9709627252582,677.6463116458978
0,-75.83333333333333,-17.8,22.849172552332828,1621.350995760273,512.2203638933537
0,-46.5,2.1999999999999993,24.845732996800784,1698.04990314557,376.09887525346994
0,-64.5,-17.8,23.422156485392268,1766.341726272652,642.9937037874812
0,-75.16666666666667,-8.2,26.467164730524495,1811.1843234775363,660.0506708329056
0,-66.16666666666667,-25.4,21.05966573392559,1555.082330137358,850.153745621325
0,-72.5,9,27.690731649142293,1583.0565066990443,707.7440182742448
0,-49.16666666666667,-24.200000000000003,20.72089976722747,1619.649240221586,322.9546500919964
0,-73.16666666666667,0.5999999999999996,25.842584948327087,1615.3510755061243,875.1284370088763
0,-44.16666666666667,-1.4000000000000004,25.273713551769944,1854.3663743837214,352.2802978741251
0,-67.5,-3.4000000000000004,27.20975868491797,1749.6756884829097,916.6255835161138
0,-69.5,1,24.381182117048787,1918.247674018161,937.0579536850404
0,-49.16666666666667,-25,20.145729082132853,1640.2325171837385,346.41423495652185
0,-49.16666666666667,-8.2,24.519135602200993,1790.0163867517952,293.4926398389286
0,-52.5,-23,21.16478114052087,1703.557838743391,395.6947565655859
0,-54.5,-3,24.182012167806942,1892.5912600134652,610.0329752546179
0,-74.16666666666667,-6.600000000000001,26.13266103478439,1678.456708563557,737.1008452043577
0,-49.16666666666667,0.1999999999999993,29.070191901864927,1717.3489157870556,453.7449231361846
0,-60.5,-15.400000000000002,21.548325629679965,1718.7486343292057,544.4871893958715
0,-56.833333333333336,-26.6,21.430454396921167,1796.3879291570584,658.6240255422193
0,-76.83333333333333,-22.6,22.447456257701326,1564.387874467364,586.9925142721282
0,-56.833333333333336,3.3999999999999995,28.936332991095465,1700.6285517799038,689.6237777271905
0,-76.16666666666667,3,26.01945826578937,1714.4072757974811,762.1122980918724
0,-53.833333333333336,-11,24.322996857640238,1866.0507959626138,373.06047472493356
0,-46.833333333333336,-8.600000000000001,22.33521031220397,1721.2213835884809,224.5759967325155
0,-50.833333333333336,-13.8,23.317086827708067,1788.064328693319,215.8462645062921
0,-64.83333333333333,-13.8,24.37089981028199,1687.1599360791665,645.0807662445196
0,-70.5,-4.600000000000001,25.417447618965713,1618.6050635645263,869.1040987119798
0,-72.16666666666667,-18.6,24.17133947945409,1559.249243165158,623.4097088707973
0,-42.833333333333336,-14.200000000000003,24.695719774563408,1716.4952134461066,57.434510429483595
0,-41.5,-22.200000000000003,22.494610804524,1620.2856128773817,161.1471118287959
0,-49.16666666666667,-24.6,21.327585763426224,1757.7391095606035,334.78332871713167
0,-77.83333333333333,-26.200000000000003,24.58533223863455,1459.0947959692596,655.7809466286482
0,-47.5,-8.600000000000001,24.97753492161288,1628.6671415011167,238.85710059783565
0,-46.833333333333336,-14.200000000000003,23.345157782083625,1826.4499636270998,103.64390931627611
0,-75.83333333333333,1,28.067063375039865,1647.646275094938,796.2909310407716
0,-79.83333333333333,6.199999999999999,29.973565377363055,1552.5035707736774,554.9689905633595
0,-69.16666666666667,-18.200000000000003,25.232307653376342,1725.654936582022,661.2364728683406
0,-64.16666666666667,-15,22.779629959317866,1766.8835750545227,626.8318862349629
0,-54.5,-8.600000000000001,25.39882543496082,1638.042040744192,463.9350279774615
0,-58.833333333333336,-1.4000000000000004,26.8236111092489,1727.3299914122454,786.8682234454152
0,-43.833333333333336,-26.6,22.107227879120387,1668.6580805398073,291.12338086489046
0,-44.833333333333336,-8.2,25.45258307099563,1668.1612942842223,204.53375363773378
0,-69.16666666666667,-0.20000000000000107,25.06095387915745,1771.1149970324095,942.8682399713184
0,-62.16666666666667,5.3999999999999995,24.841670762499607,1815.2335665474327,807.9963608606697
0,-59.5,-15.400000000000002,23.503821181494846,2036.9673998994053,514.4638591633677
0,-71.5,-11.400000000000002,24.002705913599836,1750.801769822721,664.3880314709894
0,-43.16666666666667,9.4,30.624940948238695,1871.9058022151712,156.11007073120558
0,-77.16666666666667,-4.600000000000001,22.718549897475956,1566.0391603112173,694.9156852648531
0,-64.5,-7.400000000000002,23.90201049540766,1648.3753409652086,793.6550279283592
0,-77.5,6.6,24.681309412036633,1550.2598756318273,629.4578721219702
0,-74.5,-24.6,20.226759943071414,1463.6551614131895,721.3005455846745
0,-51.833333333333336,-17.8,20.81976239108882,1710.6007432174135,251.87485692440836
0,-72.5,3,28.71179601968824,1581.495528500759,865.6246747146597
0,-63.833333333333336,-11.400000000000002,22.79112410286032,2009.476798580418,672.4448524710731
0,-41.833333333333336,-6.199999999999999,25.29624872046206,1887.272279235679,249.23165819995745
0,-68.16666666666667,3.8,27.925778817675713,1525.1793872923452,907.4668833313533
0,-52.16666666666667,8.2,29.702046397334424,1766.9008459674558,390.2680319399271
0,-46.5,-22.6,21.748083952424174,1623.4092015046554,211.7054743699303
0,-77.16666666666667,-19.8,24.76113469599871,1657.8254086255301,501.5349412308333
0,-72.5,-3.4000000000000004,27.338827054934647,1589.990694875546,858.4602402908471
0,-70.16666666666667,3,25.63771707674286,1728.3044820500866,906.4633252179399
0,-51.16666666666667,-13.8,25.634170929985363,1772.1284385795163,226.91316809852842
0,-68.83333333333333,3,25.586458203297514,1565.1085378276994,919.2202366474921
0,-43.833333333333336,-3,25.93777832052688,1564.9088974257302,329.2875674736742
0,-74.83333333333333,-14.600000000000001,22.112299614010652,1760.2572638120205,534.2269467108299
0,-49.5,-13.8,22.378480254289606,1497.1376292847442,174.28001474103817
0,-67.16666666666667,-1.8000000000000007,25.059311569735186,1761.8297600311926,940.2175021143848
0,-79.16666666666667,-27.4,21.38763841924806,1672.4186449769315,635.3562435069928
0,-62.5,-4.600000000000001,26.509847999776746,1800.5310089592078,835.6098174740085
0,-68.16666666666667,-21.8,24.64053507251282,1874.2233330988192,746.970336248969
0,-52.5,6.199999999999999,27.017058580471303,1799.7326118147225,461.2370782716606
0,-59.5,-28.200000000000003,22.241754890911725,1702.3762094365188,784.2078411385605
0,-57.833333333333336,-17,19.879799543532386,1925.2906497311915,463.6772499195711
0,-41.16666666666667,5.3999999999999995,23.719373378979494,1563.6072435048955,273.7093442745567
0,-78.83333333333333,-13.400000000000002,18.467317991901695,1707.9867820052102,409.293444433777
0,-68.83333333333333,9.8,29.08120023129956,1866.3829495798927,738.5021296928171
0,-52.5,5.8,26.940851536544233,1870.1222882889444,472.4185650167851
0,-58.16666666666667,-22.6,20.693848429456708,1760.1564125477719,591.5692713800979
0,-75.16666666666667,-7.400000000000002,23.694864608667352,1513.0425546735798,684.0236818006612
0,-43.833333333333336,1.4000000000000004,27.968025268893108,1662.166087147051,349.6455409838381
0,-47.833333333333336,3.3999999999999995,24.853086709702986,1577.019159415461,385.5594513174826
0,-60.5,-23.4,19.79751032490794,1645.8592422148295,689.3452575461846
0,-49.833333333333336,-11,24.39638286573351,1915.930495165072,235.16552146001482
0,-69.83333333333333,-26.200000000000003,20.634727296380696,1883.2197286197973,862.1248281057166
0,-63.833333333333336,-25.4,22.345827403105165,1785.8148460811624,824.0373651150935
0,-72.5,6.199999999999999,25.71114644879631,1727.3363099847604,790.5437751440244
0,-73.5,-6.199999999999999,23.716915798883555,1922.0396230777767,766.5220392440302
0,-64.5,-14.600000000000001,22.013312611875666,1838.7043439423423,633.7219871215505
0,-77.83333333333333,-3,27.566285467684637,1689.9155626530105,704.0606881547828
0,-56.16666666666667,4.199999999999999,28.07935185172703,1912.9175334352144,648.6332446516421
0,-45.5,-10.600000000000001,24.180463212372786,1653.2623170798227,145.3675073064482
0,-55.5,-0.6000000000000014,26.778710783653533,1715.1818649906686,672.6243604022968
0,-65.16666666666667,-18.200000000000003,21.618095882325548,1768.9428750643804,656.28381965979
0,-41.5,1.4000000000000004,28.72974305645859,1628.2506492383322,345.6603930430214
0,-61.5,-13.8,22.482932210092983,1823.795923912854,581.9847098689858
0,-71.16666666666667,-4.600000000000001,23.716262191941187,1625.9566472273937,858.7999041769799
0,-77.5,-9.400000000000002,24.215803317431316,1702.203893458729,546.5865287151393
0,-51.5,-15.8,26.227383270182777,1747.0355707864223,227.4487796421834
0,-43.833333333333336,-10.600000000000001,23.399295446912692,1632.7714306750718,127.18599896401635
0,-56.5,-15.400000000000002,24.859970112750077,1749.965319742634,411.08805281398827
0,-42.16666666666667,-25,21.963627417421016,1589.7021302108453,242.5915504425766
0,-48.833333333333336,-15.400000000000002,22.81012531769356,1750.925703555422,144.86379024028028
0,-52.833333333333336,-24.6,20.57442346596706,1682.2684177814147,455.46525068661833
0,-50.16666666666667,-11.8,26.19815922282372,1735.3633710359993,227.22805560693973
0,-70.5,4.199999999999999,28.253435034578303,1458.334735544478,878.3504990916566
0,-69.16666666666667,5.3999999999999995,25.786088321415953,1770.3002804306825,863.6874785982327
0,-77.83333333333333,8.6,28.115251658312758,1610.072305659383,557.9627408776265
0,-73.83333333333333,-20.6,21.435641636065434,1789.9890121079525,625.2682965653873
0,-66.5,-11.400000000000002,21.914571402973657,1848.4722075677741,700.2749064864805
0,-59.16666666666667,-28.6,17.90439522672692,1771.4342902453798,780.4117849243755
0,-74.16666666666667,-15.8,25.146784470945164,1609.993297257515,549.899939019112
0,-54.833333333333336,5,27.704364227537038,1764.5831659872138,579.77314577024
0,-61.16666666666667,5.8,25.38622590626376,1882.5121483491998,772.4626936513579
0,-67.83333333333333,5,28.553847799154124,1723.540733756133,880.6709786603594
0,-40.16666666666667,8.6,27.2064739026567,1826.5173334961935,188.31477985338253
0,-42.833333333333336,8.2,28.173451986178776,1819.1057997879366,190.2919355883183
0,-79.16666666666667,-3.4000000000000004,25.973958248905063,1672.8272222587052,647.8294244319796
0,-58.5,1.799999999999999,26.88199241813436,1989.2446219418166,771.9786532812801
0,-44.833333333333336,4.6,26.155648716101712,1900.942673192634,305.7790444323625
0,-56.16666666666667,-9,26.165186424432033,1622.0283627200934,514.4335065714828
0,-58.833333333333336,-16.200000000000003,22.599629552589544,1802.478838810972,493.4356222002251
0,-61.833333333333336,4.6,26.028597894014787,1672.1654901182872,820.3185274447704
0,-75.5,-2.6000000000000014,23.307121689076794,1711.805093359641,790.1636790124535
0,-63.5,3.8,24.345387253349344,1733.458411321227,873.1843373500492
0,-52.16666666666667,-15.8,26.130687563458423,1570.3111699039216,250.66571080064665
0,-72.16666666666667,7.4,28.32862379554113,1733.0604663637323,762.6106126865258
0,-76.5,-2.6000000000000014,23.285976362651127,1864.9364129075707,757.2757541128288
0,-45.16666666666667,-8.2,22.702073699335294,1605.2066374019605,208.67125941449908
0,-57.833333333333336,-10.600000000000001,21.504618128417196,1799.9847163436045,530.3957525332842
0,-60.5,-17.8,21.419064388497823,1646.021502902852,557.1421747389116
0,-63.5,-16.200000000000003,25.492121438376884,1715.741471427345,615.1846502403389
0,-77.16666666666667,-28.6,20.340022604232363,1497.689093302399,730.8764854382513
0,-58.5,-29.400000000000006,22.79342239958122,1849.6552660183459,769.5665156950859
0,-44.16666666666667,-20.6,22.528492821220144,1645.019929437485,124.37030197214295
0,-49.5,-29,21.566995470600055,1789.8338708944166,446.3188488136359
0,-70.5,-1.8000000000000007,23.92767827631401,1704.1253221212648,918.6155987671506
0,-46.16666666666667,-15,23.64322028872856,1876.158342643143,85.85042860496517
0,-53.5,-0.20000000000000107,26.422527733271505,1767.1465362061513,598.8570521683985
0,-41.16666666666667,-27,20.22054262464292,1739.6335498734381,298.2140210398909
0,-72.83333333333333,-3.4000000000000004,25.460464190668716,1464.10291233904,850.854930577968
0,-53.833333333333336,-24.200000000000003,21.591423223605062,1593.657545386948,480.42538526819396
0,-74.16666666666667,-23.800000000000004,22.334340662804568,1763.2032325649707,707.0134825771702
0,-55.16666666666667,-6.600000000000001,22.670542739874424,1804.8505728244184,548.4514928709502
0,-76.16666666666667,1.4000000000000004,26.190804610324907,1800.963958447282,782.4702716020363
0,-42.16666666666667,-13,26.384546387279485,1715.9435477547993,71.50890961775053
0,-42.833333333333336,3,28.99098448506291,1487.5603179945747,324.4645451228793
0,-59.16666666666667,-10.200000000000003,26.56982574617189,1973.9771559844485,585.7515369333211
0,-75.16666666666667,-26.6,19.34851571878336,1579.1210311023083,756.0590937586828
0,-55.833333333333336,-11.400000000000002,23.36442110519916,1762.0618618583776,438.45536064488886
0,-63.16666666666667,-16.6,21.944051673491266,1459.7343999585512,610.7103697053038
0,-71.5,0.1999999999999993,25.59557991948216,1875.966212235514,911.9524965492681
0,-62.5,-12.600000000000001,24.2652909014718,1858.0636593413824,622.7939884125055
0,-50.833333333333336,-17,24.50334125484647,1823.9324883943202,210.03744215077285
0,-59.16666666666667,-26.200000000000003,21.3604726033883,1643.478703789592,729.0985619647751
0,-44.833333333333336,3,25.562649252853753,1535.505182510786,338.7063631722948
0,-64.5,-7,24.54202436415854,1629.4218041282195,805.549355693749
0,-54.16666666666667,8.2,26.685612235811604,1831.4733346830276,463.3890970691945
0,-50.833333333333336,1,25.825834719445073,1656.9092279584822,502.06715771387826
0,-77.16666666666667,-25.4,22.587628738553487,1765.9542832998977,657.9507253332222
0,-53.5,-11.400000000000002,25.336959036045098,1567.9780817817064,351.2925870901198
0,-44.5,-25,22.360620059647726,1732.778114448088,253.81272619942212
0,-64.5,8.6,27.023368641183097,1721.2378103998835,757.7566792180083
0,-66.83333333333333,3,25.35922628153977,1738.6771301881236,922.9561555985415
0,-50.833333333333336,-16.200000000000003,25.20960516073272,1527.719974700366,205.78288553911747
0,-50.5,4.199999999999999,28.331889266173828,1695.3378763946037,444.3612917738009
0,-52.5,-17,24.34447603479047,1838.3247271014018,267.497906718925
0,-48.16666666666667,-8.2,25.5521670029112,1811.7707235786963,266.7212304397552
0,-58.5,9.4,27.337580646588357,1823.482122250645,585.9491040706149
0,-44.16666666666667,5.8,27.204852552132145,1479.3316620342796,268.02291153845044
0,-72.16666666666667,9.8,26.670663156063288,1653.6648093786428,692.0921042986561
0,-55.5,-1,26.921769391191056,1979.5598851166162,670.7130517004032
0,-43.16666666666667,-1,27.010899257858036,1648.8568847215095,348.76508306636686
0,-72.5,-11,23.696862713317135,1724.2639331134728,653.549164889906
0,-40.5,-6.199999999999999,23.108837020637285,1542.8937201579083,256.28864310206984
0,-66.83333333333333,-4.200000000000001,21.74846204551735,1799.0562748680466,899.2752372382859
0,-45.833333333333336,-17.8,23.205829768109542,1819.355501724449,91.71303235437844
0,-45.833333333333336,1,25.824974090756708,1726.6828001727397,375.7835995017964
0,-44.833333333333336,2.5999999999999996,27.324513271721152,1721.0120963915465,345.0788978874906
0,-63.16666666666667,-1.4000000000000004,27.746060183776308,1637.8300492859817,902.4878219986967
0,-64.83333333333333,-1,28.803865480711128,1507.599460095002,931.3016594521058
0,-53.16666666666667,-1.8000000000000007,24.13567409244841,1774.901795485539,577.091522296513
0,-75.16666666666667,-15.400000000000002,23.607701782725034,1535.4678727410073,520.707372316743
0,-59.16666666666667,-16.6,21.632076996923452,1716.1963060822154,505.9588247076807
0,-41.5,9,28.120854413748837,1566.7153536144438,167.42176309244266
0,-72.83333333333333,-5.800000000000001,27.469084349665067,1624.0976171349519,794.1199521762699
0,-47.833333333333336,-3,27.342434142826473,1516.9874013775175,392.7238857412952
0,-56.5,-23,21.722485356094555,1693.232077565808,543.9807395880018
0,-64.16666666666667,-1,29.666613950919434,1746.6841116248543,922.3407474012159
0,-45.5,-11.8,24.969432193132423,1472.0949560712243,117.1998501253362
0,-58.16666666666667,4.199999999999999,25.384104390758566,1637.767509307445,720.3693466568393
0,-52.5,-4.600000000000001,25.705639142371894,1976.7313187634936,503.39065910236354
0,-55.16666666666667,-10.600000000000001,24.473510637767205,1668.697990717184,432.9239488498882
0,-45.16666666666667,-26.200000000000003,19.055550348084683,1658.1516994232163,294.5641274229255
0,-52.5,-19.400000000000002,25.225838661308654,1632.0668887515596,301.5864062919554
0,-60.5,-12.600000000000001,22.219245865297808,1768.7194375762758,572.2599496451597
0,-73.5,-16.200000000000003,26.18426701967081,1664.6808221494214,568.5283110796393
0,-72.5,2.1999999999999993,26.44316099753967,1707.229176164068,877.5370819612024
0,-57.5,-17.8,22.679505424045097,1973.7222378315823,459.89477162867445
0,-70.16666666666667,-19.8,23.721436832109394,1813.6462480733603,680.1552624439877
0,-49.833333333333336,-5,24.862492503580867,1541.8341830140657,404.48603492853766
0,-45.833333333333336,3,23.23589767985446,1570.5535367536263,352.5739550620619
0,-50.16666666666667,-17.400000000000002,22.150724665606155,1685.3608881164428,192.20424920398654
0,-54.833333333333336,7.4,28.56024220479767,1764.6246358629173,512.3285435596656
0,-65.5,-19,22.08057746025037,1946.8247668917397,672.6343225520727
0,-50.16666666666667,-8.2,21.518263472848354,1834.0594010420612,323.32467176314856
0,-48.833333333333336,-17.400000000000002,18.9660970607077,1868.6432801332633,153.0866661972808
0,-64.5,-7.800000000000001,24.573831409565848,1825.2114800030658,781.673701817453
0,-79.5,7.4,24.739543227018885,1627.900338099185,532.3385390223606
0,-57.833333333333336,-4.600000000000001,24.366567061042936,2002.5763187625264,699.5700023030097
0,-51.5,-19,21.57318202965114,1663.1613702407133,258.7782112924106
0,-59.16666666666667,-23,20.453662998762557,1984.9540392354493,636.7550822141997
0,-59.833333333333336,-8.2,23.800114980917034,1968.5982189600418,664.1236289139242
0,-41.833333333333336,7,27.79338141744258,1786.0718113951284,226.00728696917713
0,-77.5,1,24.71942663467785,1467.3442279147607,739.2415410503005
0,-66.16666666666667,5,27.89338144540196,1971.556778557528,877.2910279366574
0,-74.5,-16.200000000000003,23.015114333716184,1831.1059984564247,541.1078385060063
0,-45.833333333333336,-27.800000000000004,18.523069943803655,1549.827473363394,341.22884922370633
0,-41.16666666666667,-9.8,20.680120048518884,1763.461827950207,146.0923249302725
0,-53.833333333333336,5.8,26.880024315220354,1845.7439387359102,521.2365717241764
0,-65.83333333333333,-6.600000000000001,26.291237552370937,1567.5896888711293,831.2440852796332
0,-45.16666666666667,-5,24.212079714353493,1773.5629986903862,300.0888725928293
0,-76.5,5,29.67585755541593,1840.9151060193567,708.1482230414024
0,-68.5,5,24.20280116543761,1841.139675886415,878.3841031663494
0,-49.16666666666667,-17.400000000000002,23.357582129726403,1780.8269927243418,162.37221727976657
0,-69.83333333333333,-25,18.995004385842897,1708.510719436123,829.1535552148833
0,-47.833333333333336,-0.6000000000000014,28.577399328481157,1823.3200262061955,417.8448388829234
0,-43.16666666666667,-28.200000000000003,23.04850891031355,1480.798208533957,321.7835125511015
0,-43.833333333333336,2.5999999999999996,23.78874555764709,1748.4713569552825,335.6601021888699
0,-66.83333333333333,-1,24.21642229324897,1868.4761235220165,946.165800038276
0,-70.16666666666667,-11.8,26.374636855293275,1825.2130414220464,676.19409952717
0,-56.5,-17.400000000000002,21.648872359494522,1907.8527571609907,419.31092877098877
0,-43.5,-9.8,24.948311943340084,1854.952173351753,146.44593655982354
0,-44.5,-13,23.59076864928136,1870.118533730986,82.73008537459606
0,-60.16666666666667,-8.2,23.27881004155467,1693.7040961703717,674.1371997102667
0,-71.83333333333333,3.3999999999999995,27.253663517544382,1776.8652230025768,872.3990671088702
0,-79.16666666666667,-19,24.81530868721389,1790.5284552476658,412.54835983217794
0,-67.5,-21.400000000000002,22.305946046664502,1789.19964039317,737.1335088851213
0,-79.16666666666667,-14.600000000000001,23.460024958162336,1454.1167430876221,384.86121948217806
0,-43.833333333333336,-15.400000000000002,23.26942885228654,1656.187105712639,55.77165942295059
0,-52.16666666666667,-18.6,22.620892361157342,1574.6843797153388,275.0401390919544
0,-41.833333333333336,4.199999999999999,27.00277806275876,1596.9009369298,300.63163941033724
0,-48.833333333333336,-13,24.22218777339771,1842.8779114397341,166.04604304921003
0,-47.5,-29.800000000000004,18.163363088626756,1724.162842973069,403.38899760344214
0,-46.16666666666667,3.3999999999999995,28.276562122655204,1656.8766107061704,350.98521090767116
0,-42.5,-26.6,20.118455803947093,1704.2038361985794,285.729070032801
0,-79.16666666666667,8.2,29.46832204405548,1723.7847433625243,520.8212493212312
0,-65.5,-18.200000000000003,21.156450114727086,1815.8173062707165,659.5277282354041
0,-57.833333333333336,0.5999999999999996,25.097426271295383,1549.5223708626193,757.6182741845703
0,-62.833333333333336,-0.6000000000000014,23.146330818670645,1690.9537268026131,900.6729482989631
0,-46.16666666666667,0.1999999999999993,31.16764191253558,1788.1518276718007,384.22931909417866
0,-63.833333333333336,1.799999999999999,26.841926280085676,1854.4794394638627,910.5138251018952
0,-72.83333333333333,-6.199999999999999,25.504307994811423,1556.2268576636877,782.9384654311453
0,-77.16666666666667,-27.4,21.433163060619506,1648.888331217708,708.205388655986
0,-56.5,-29.800000000000004,19.13542106343644,1700.1285494249216,703.037910593162
0,-57.833333333333336,-11.8,23.61490843505673,1869.5880008549764,502.22809535217215
0,-55.16666666666667,6.199999999999999,29.21567503431876,1984.5156670686715,559.9446177889107
0,-69.16666666666667,-5.4,22.20713905245744,1728.429397511543,863.6874785982327
0,-43.5,-5,25.155408902752686,1447.0073805721183,284.4090471582677
0,-50.833333333333336,-21.400000000000002,21.948674967094167,1773.7004916207195,292.20100421933864
0,-49.5,-29.400000000000006,21.823610860957093,1800.8467947238823,451.46330723793403
0,-70.5,9.8,26.056794594482078,1809.594604228636,721.3133104972371
0,-77.83333333333333,-3.8000000000000007,23.827762718903248,1944.2974826411935,688.9857475294668
0,-71.83333333333333,6.6,29.45659314024868,1682.9635796097248,792.989477044087
0,-51.833333333333336,-7,23.587421534084438,1769.574000835171,414.4305088306762
0,-64.5,-18.6,23.88058795160309,1954.9049776474506,654.4541241126309
0,-76.5,-16.6,23.745820551229002,1847.790057268977,479.48374061440416
0,-54.16666666666667,-9.400000000000002,26.156631466533238,1869.1873855054835,428.1163387083288
0,-50.833333333333336,-17.400000000000002,23.16229727330536,1820.5735666836995,213.56448118042067
0,-47.16666666666667,-10.200000000000003,23.679904095848254,1779.6591832213192,185.97404543234518
0,-63.5,-29.800000000000004,22.35558352290421,1693.4345435627097,906.6932277038153
0,-73.5,-6.600000000000001,23.8522477544468,1494.5129482682917,755.0289143260696
0,-44.16666666666667,9.4,26.616172757638985,1577.023521979654,162.47695646853444
0,-66.16666666666667,-0.20000000000000107,26.589860335967003,1683.557822456496,946.1256980555831
0,-65.5,0.5999999999999996,28.946015948762124,1513.831842280623,940.2007747173152
0,-45.16666666666667,-4.200000000000001,25.461239977757177,1776.9738539129046,319.16295058880456
0,-48.5,1.4000000000000004,26.61007522962602,1602.7733309818368,429.80870218785464
0,-55.833333333333336,-15.400000000000002,22.544328449584903,1916.4297196570265,386.42424390974895
0,-60.5,-21.8,22.54932707583295,1860.2642632993159,642.4316097388948
0,-79.5,-10.600000000000001,21.613445334786377,1568.7829655722562,440.436569079508
0,-49.833333333333336,-27.4,21.358771948560108,1938.9252801999396,427.60341593596905
0,-65.16666666666667,-11,24.30241792856645,1793.20551527588,699.7604031753191
0,-44.833333333333336,-17,24.133504326859196,1581.7432190239476,69.8862920489239
0,-59.833333333333336,2.1999999999999993,25.609441936103728,1819.158546238969,810.208645695028
0,-77.16666666666667,-29.800000000000004,16.437952745416496,1557.1240870959637,746.2769537332356
0,-75.16666666666667,7,30.741290335991714,1676.6834682659799,695.918009566051
0,-53.5,-15.8,23.761912453850552,1886.9263915814765,299.002447731862
0,-74.5,-6.600000000000001,26.163872381721177,1799.7822161695099,727.6084417524366
0,-62.16666666666667,3.3999999999999995,28.969020402466,1972.758129200115,853.9330140472479
0,-41.5,-27.4,20.447398534169054,1559.0667494148297,305.6648041840581
0,-69.83333333333333,-27.800000000000004,20.334696772795784,1758.8625852185137,899.0594637934956
0,-52.5,-29,21.315961118880598,1649.1565678109425,545.345563147042
0,-75.5,-26.200000000000003,19.57030607097247,1796.2929648486204,735.5114027711231
0,-55.5,-26.200000000000003,20.23576887930872,1806.6852530209767,599.223665734534
0,-50.16666666666667,3.8,25.548527964580973,1759.7010172071778,442.42234067239366
0,-64.5,-9.8,24.346879750724746,1804.0298892100677,723.1365195404896
0,-77.16666666666667,-19.400000000000002,19.76979472917575,1749.051222453549,493.111432454445
0,-70.83333333333333,-10.200000000000003,23.10658074188232,1517.6165092677993,705.4897729473818
0,-52.16666666666667,-14.600000000000001,23.482622037289175,1779.0738352079748,254.30800210087398
0,-75.5,-29.800000000000004,21.97061330802909,1582.7519179860215,802.2250940257079
0,-66.83333333333333,-13,24.686017702294905,1627.6325356412851,670.6225003567477
0,-41.5,-9.8,26.620801757113153,1589.80230191615,144.58431257818253
0,-49.16666666666667,-1.4000000000000004,26.76898345565162,1638.8755793539838,448.02322288365355
0,-61.16666666666667,1.4000000000000004,25.296970430787376,1839.0896842857812,856.7200799870325
0,-77.16666666666667,4.6,26.46939836081794,1575.0289189956527,694.9156852648531
0,-71.16666666666667,-11,22.352982764469633,1315.083774527702,679.6517130921586
0,-62.833333333333336,-14.200000000000003,23.770890364868464,1677.6805335274364,608.5219604639392
0,-54.833333333333336,1.4000000000000004,28.07155453058193,1677.3411852666948,642.8861156366347
0,-65.83333333333333,-9,24.908947925360053,1762.5524599148398,759.9374533278142
0,-51.16666666666667,-28.6,22.320630378232885,1617.216910097464,492.9578982998459
0,-61.5,-2.200000000000001,25.393529371971784,1781.7316784348325,856.9083658833802
0,-63.16666666666667,0.5999999999999996,25.710911560852324,1627.6258810891768,907.250801630161
0,-73.16666666666667,1.799999999999999,23.90550696807502,1599.4590048163122,866.5916651824865
0,-59.16666666666667,-12.200000000000003,22.289077989981664,1786.1784468474984,539.0056809427917
0,-68.16666666666667,-21,22.565784919593977,1691.5932945604116,725.2023585191126
0,-63.5,2.5999999999999996,27.403041352850387,1737.3721276161948,894.6318126905609
0,-70.83333333333333,-21.8,21.18365777049419,1529.2515684513796,721.5450517972702
0,-57.16666666666667,-25.4,23.274123166051883,1690.1966856074089,638.9534880453525
0,-59.5,-29.800000000000004,18.446082788939233,1580.9022896735428,806.4137169425414
0,-42.5,4.6,26.774089955313922,1519.9223582181176,290.9659379016524
0,-69.5,1.4000000000000004,27.195204730810847,1770.1972065717625,934.2062827554698
0,-54.16666666666667,-28.6,18.56600439915956,1793.5121757885152,600.5951880372214
0,-73.5,-11.8,23.905813675849746,1616.4878148337093,611.3337131238957
0,-55.833333333333336,1.4000000000000004,29.486716402925122,1782.294759798591,680.2981254706365
0,-44.16666666666667,-19,22.386874448416833,1704.3979387544784,89.47682534034693
0,-74.83333333333333,-9.400000000000002,21.057512289422608,1675.8447200575233,634.9142181890173
0,-49.833333333333336,-28.6,21.48300654002008,1935.5435927732676,450.2745127182343
0,-61.833333333333336,-21,21.66679732126196,1853.2302309924391,655.9063807471462
0,-50.16666666666667,-15.8,24.23792567207628,1877.1518817515287,183.72235062386812
0,-45.5,1.799999999999999,25.523023914155093,1739.2939587213664,364.0532571313446
0,-72.16666666666667,-8.2,24.108334568151253,1573.1234891781548,738.63760171877
0,-72.83333333333333,-7.400000000000002,26.10146360390284,1661.7689652544595,747.8197664349752
0,-76.83333333333333,3.3999999999999995,25.37147816571435,1713.4677959546466,732.3090734853125
0,-42.16666666666667,-15,22.575949733648734,1475.015334826752,51.54334813302583
0,-60.833333333333336,5.3999999999999995,26.144194380090813,1659.70851710489,774.2581892526027
0,-53.833333333333336,-0.20000000000000107,26.417114845718316,1902.0301823418479,611.2156583123822
0,-54.833333333333336,3.3999999999999995,26.72696549539176,1856.4158620469452,615.3637077026583
0,-62.5,-19.400000000000002,22.968161352181497,1636.293044371164,633.8055646636004
0,-46.16666666666667,-25.4,22.226886163974868,1673.4651794259184,288.2573666599204
0,-70.16666666666667,-13.8,23.377876141057904,1887.6086606831395,643.4520764500882
0,-58.16666666666667,-7.400000000000002,24.8173620213885,1632.1867350426312,633.8506664502894
0,-62.5,-21,23.48036458253308,1722.9740863249426,671.1976707763843
0,-64.16666666666667,7.8,26.908182949820056,1815.7604287108543,776.9501782837698
0,-43.5,6.6,29.856654000277175,1812.197055041492,240.5900190259027
0,-53.5,-16.200000000000003,26.737118655144215,1853.4946824765789,299.70275067067723
0,-78.83333333333333,-2.200000000000001,24.84973782207389,1519.6458463431718,679.3078397926953
0,-65.83333333333333,-29,19.8098553548053,1800.9832924985217,926.8456950729751
0,-54.833333333333336,-21.400000000000002,18.30367457831757,1650.98886874666,435.87163307166577
0,-68.83333333333333,-27.4,21.91899117939911,1830.1989896430694,899.5826212986926
0,-60.833333333333336,-29.800000000000004,19.85510888476394,1745.3812710669547,845.7932265914436
0,-67.5,-4.600000000000001,25.057931032439537,1740.340026906006,890.862699199994
0,-71.5,-12.200000000000003,21.89457724368023,1549.350298206019,647.5002002384551
0,-49.833333333333336,-10.200000000000003,23.66749910888473,1788.2425544962418,255.61426472717983
0,-61.833333333333336,-25.800000000000004,20.64801078814896,1756.8913116448084,794.367475618669
0,-77.83333333333333,-10.200000000000003,24.291299180779987,1603.2480780856058,512.4339215971942
0,-77.83333333333333,-21.8,20.251725011931978,1616.3670597377404,528.4892004470826
0,-56.5,9,29.57176398830088,1649.470673908148,526.723304424297
0,-72.83333333333333,-18.200000000000003,20.220441677946482,1773.3574382539975,602.4672716614978
0,-64.16666666666667,-7.400000000000002,20.666062645111715,1596.0487128623195,788.931504394676
0,-52.5,-12.200000000000003,25.39369022109538,1897.0540743208628,297.945355294178
0,-63.833333333333336,-11,24.49235485761682,1774.0686972563858,681.8541339619031
0,-67.83333333333333,-24.6,21.114817880261477,1864.824178320057,830.5440543602323
0,-42.833333333333336,-19.400000000000002,23.693107953540867,1518.996463462786,89.73297357253885
0,-76.5,-7,20.801183540661544,1658.1735234802443,652.5979485962175
0,-52.16666666666667,-26.200000000000003,23.992856628003917,1843.1933891700662,476.1608999483535
0,-76.83333333333333,-24.6,21.45565219856996,1614.2762649282463,646.5915872527671
0,-45.5,-13.400000000000002,23.00472521179582,1898.6834734907598,89.36708770373048
0,-61.16666666666667,-12.600000000000001,23.616817324943938,1842.629509442176,590.6189586754333
0,-60.833333333333336,-18.6,25.225950689280147,1763.648974917605,577.9587744804597
0,-52.5,-0.6000000000000014,24.545111323777476,1654.7463069854427,561.4389309839241
0,-49.16666666666667,-5.800000000000001,27.164699260628915,1727.0875494178667,363.76583654797884
0,-51.16666666666667,8.2,28.27548393023972,1758.1792523628376,355.751807331819
0,-65.16666666666667,-7,25.672990748579306,1821.7043112254569,813.5306421986571
0,-64.83333333333333,0.1999999999999993,25.242878578047705,1893.0611090316527,934.1716887750663
0,-74.83333333333333,-29.800000000000004,18.254852418887058,1534.9192182717538,822.7935358128942
0,-51.5,-27.4,20.092531142593504,1610.5585919143643,481.5860949672255
0,-72.83333333333333,-12.600000000000001,22.424371877777563,1584.570729495557,612.2762172003453
0,-47.5,-22.200000000000003,20.039154667027574,1812.4265573952953,220.7997401709304
0,-63.5,-7.800000000000001,25.402367926654463,1757.0388114793666,766.0783532976535
0,-51.16666666666667,-23,21.359981861379552,1715.0432327224726,349.3011955896701
0,-40.833333333333336,9.4,28.320473607386695,1553.0223502284052,159.38860923318654
0,-50.833333333333336,9,28.569441069547178,1770.3640889390567,320.97685683372896
0,-43.5,-28.6,19.390593793894084,1749.8428817975414,330.1975249479643
0,-71.16666666666667,-25.800000000000004,25.183958047492027,1692.1546781591949,832.8488523508785
0,-71.83333333333333,-22.200000000000003,23.02601789472366,1576.0071091439652,715.4081938286212
0,-44.5,-15.400000000000002,23.43947545978403,1704.2600074492566,61.54783256566631
0,-55.833333333333336,3.8,26.990046469744847,1781.4353336482168,644.8652113351566
0,-71.16666666666667,-20.6,20.359788408334364,1530.9302741175916,684.1752005250939
0,-78.5,-1.8000000000000007,24.376807215559122,1746.0950076426248,696.3055125803712
0,-57.833333333333336,-1,27.305583380150278,1816.4354813123007,755.7069654826765
0,-42.16666666666667,-11.8,23.128952271331922,1626.9323016824083,93.57333916877452
0,-49.5,-5,22.12230665778964,1666.975978075728,394.53626715265904
0,-43.5,-16.200000000000003,20.850603070665752,1871.3118964762234,54.089415779472205
0,-42.16666666666667,9,27.79495592537406,1834.6042351597218,165.96190841912957
0,-63.833333333333336,-23.4,19.387035009117305,1734.53966814305,765.2718038862463
0,-72.83333333333333,-7,24.648821143173684,1830.6200303556159,759.714094200365
0,-68.83333333333333,-22.6,23.371761355375863,1584.679152691768,766.7392430104952
0,-72.83333333333333,7.4,28.817393369066348,1664.0539129669564,747.8197664349753
0,-71.5,1.4000000000000004,25.30684132561536,1577.4120445153821,906.230796296737
0,-41.5,6.6,26.511598029415023,1679.5913990125678,238.7283950442617
0,-52.5,-26.6,21.627325737048395,1668.7669085247994,498.15379123351215
0,-45.5,0.5999999999999996,27.916066873748964,2026.81501985097,372.59002895773426
0,-50.5,-10.600000000000001,22.78779424369755,1610.3066188944013,265.9406416243985
0,-65.5,-20.6,23.63008771709657,1967.8537646522038,707.5277991838686
0,-74.5,-15.400000000000002,21.215573908320415,1669.2771229648447,540.6665581903089
0,-44.5,-22.6,21.84162570926016,1703.7532360906387,182.58274697939305
0,-75.5,-18.200000000000003,20.770574530365817,1719.6989283627465,528.239050956975
0,-72.16666666666667,-2.200000000000001,26.328238390804962,1668.0564410894758,884.7226184998738
0,-72.5,-16.200000000000003,22.42441800347959,1750.6407874082051,592.5500469796334
0,-77.83333333333333,-9.400000000000002,26.136576691027138,1555.821142696736,534.615320259356
0,-73.83333333333333,-25.800000000000004,18.869373848427486,1525.738240744754,773.9419483911719
0,-58.16666666666667,-13.400000000000002,24.402714773501884,2012.204821104428,485.9482769047192
0,-71.16666666666667,-6.199999999999999,24.3717853209973,1895.0569013370157,816.646323346277
0,-71.16666666666667,-15.8,23.81630184878382,1661.339603276895,617.9522922430708
0,-66.5,-19.400000000000002,22.17902150943559,1634.079471546007,687.0281262517237
0,-69.5,-0.20000000000000107,23.97073651081409,1613.0505631020114,939.9279830080009
0,-52.5,-19,24.844558601624197,1876.5197160223215,293.8724788186816
0,-62.833333333333336,-23.4,21.74251164024308,1703.2930367684794,746.8941552569245
0,-66.16666666666667,-3.8000000000000007,25.36915184838767,1868.1286789618564,904.9710836675723
0,-62.5,-0.20000000000000107,26.201070743097777,1603.7006598719722,894.61680997663575
0,-69.83333333333333,9.8,28.40369633221522,1610.9770635462128,729.6864626771762
0,-43.5,0.5999999999999996,24.441914017499375,1632.351676435111,352.2849966561267
0,-51.5,3.8,28.045327559026777,1742.9376562395726,486.14876969070895
0,-70.83333333333333,-9.8,22.287505361901836,1577.4866147005373,716.3984325502954
0,-57.833333333333336,9,24.598684253118922,1700.7714584121873,574.6166646025272
0,-53.5,-0.6000000000000014,25.801084877830235,1801.3041371714685,597.8983315473317
0,-53.833333333333336,-19,23.30343287874722,1975.6072426494754,342.6904855260729
0,-73.83333333333333,7.4,27.21910520352691,1450.1902339795479,722.6207203904004
0,-60.5,-14.200000000000003,24.713503213566874,1917.9937078203227,550.9730627531993
0,-57.5,-23,22.161769338738644,1793.0812623347913,580.1324730596479
0,-69.5,-18.6,23.541109045240233,1561.417730933746,664.4478068627722
0,-72.16666666666667,2.5999999999999996,28.09575332663938,1729.2435841287233,879.1827459685268
0,-49.16666666666667,5.8,26.986314809435992,1891.9901571562461,363.7658365479789
0,-78.83333333333333,-11.8,24.37276750881731,1773.85246485387,437.1262068553827
0,-65.5,-21.400000000000002,20.494371088993645,1847.7891293558398,728.4233125208818
0,-40.16666666666667,-2.6000000000000014,23.969262836388562,1490.418904984331,340.78526184573457
0,-41.16666666666667,-17.8,23.86636555219646,1531.7073709597576,65.94950917726399
0,-40.833333333333336,-2.200000000000001,26.068162342615533,1817.4790780659812,340.746384375156
0,-63.5,-16.6,23.671952785746022,1717.4568979005685,616.8397991921362
0,-49.5,-6.199999999999999,27.060553473136576,1864.5271176246306,362.21036393825455
0,-62.16666666666667,-8.2,25.66457698859699,1690.6757583113,726.9248389364994
0,-63.833333333333336,-17.400000000000002,24.157530109376765,1770.4392155368546,628.6366116929337
0,-75.83333333333333,2.5999999999999996,25.45749712808189,1603.1478786884284,779.4538213162328
0,-51.5,-3,27.89597024007353,1826.6301530827127,501.2237103160249
0,-50.5,6.199999999999999,25.182925646974812,1793.3790149880351,392.9613105634211
0,-69.5,5.3999999999999995,24.821656730133796,1759.5697675022957,860.7472216349151
0,-62.16666666666667,-11.8,22.310025852297183,1777.9444971867315,630.8282227802906
0,-45.833333333333336,-18.200000000000003,22.716677221389997,1650.362708106161,97.02186172177909
0,-50.833333333333336,5.3999999999999995,29.01900917221031,1645.8839708212436,425.756425663753
0,-59.5,-7.800000000000001,23.711463946274613,1790.0500944767123,665.7988425363797
0,-71.83333333333333,-9.8,24.904690374673088,1539.4455991190514,698.8453945780078
0,-41.5,-17.8,23.420576827491196,1882.683959419321,64.44149682517403
0,-50.5,4.6,28.25683478694128,1710.6115478327504,435.114891394124
0,-78.83333333333333,3.8,28.56912173053557,1875.1554922470634,652.3204919208366
0,-62.5,-25,21.56609543161672,1753.748166378258,787.286121796973
0,-59.5,-13.400000000000002,22.622447114539614,1607.8858427804369,529.8777791017158
0,-59.16666666666667,-3,26.890651641907997,1817.5922958558192,777.3783034909097
0,-75.83333333333333,8.6,26.852019135550975,1543.6733342735731,626.9833393238808
0,-66.16666666666667,-13.8,23.429983658915106,1802.0450556131448,657.0347755250366
0,-66.16666666666667,-7.800000000000001,25.817443420369457,1672.138448108511,797.8650996151766
0,-69.5,-18.200000000000003,22.045382379025924,1629.93892845334,658.296215905023
0,-47.16666666666667,-7.400000000000002,23.764645566853122,1659.7820855289754,267.4012134231284
0,-44.5,-7.800000000000001,24.23609302502661,1751.9039880401813,212.88281593867828
0,-73.83333333333333,-21.8,23.108798908198096,1876.743357017572,657.2488312495054
0,-48.16666666666667,-19.400000000000002,22.448960502819862,1724.4833250640918,166.16226842397577
0,-52.5,-27,22.42995855040306,1793.5174764932658,507.72156699723934
0,-62.833333333333336,-27.800000000000004,22.95900325993612,1810.1060641059423,864.2068893189794
0,-48.16666666666667,1,27.172569165373925,1549.6260596521513,424.10348441405074
0,-64.83333333333333,-18.200000000000003,23.195318191829386,1691.210213008509,652.5399216720884
0,-69.5,-19,21.83951998534716,1763.966289002858,671.4028102216917
0,-53.16666666666667,3,26.46860582453246,1797.793746829479,560.5073409812745
0,-78.5,3,27.40230932600372,1726.1807252888473,679.7213312651328
0,-59.16666666666667,-8.2,22.44293597788726,1702.892473608882,643.2056939563487
0,-74.83333333333333,-29,22.758752493184332,1585.1613653325696,813.3871713891901
0,-48.5,-15.400000000000002,23.329602882493162,1828.7319555716194,135.93482062696714
0,-70.5,-12.200000000000003,23.40361563780538,1728.6340856443665,663.6587949037942
0,-71.83333333333333,1.4000000000000004,24.588240329361085,1606.2701273697949,899.9214750428466
0,-70.16666666666667,0.1999999999999993,23.949474525775663,1861.2681949707169,932.5429989806348
0,-43.833333333333336,1.799999999999999,24.515629406602162,1701.5568390518333,345.87174878891267
0,-69.83333333333333,-19,22.239792701764987,1840.125767334043,667.959070608237
0,-58.5,-0.20000000000000107,29.317404152869457,1696.2941369478556,781.4741457287366
0,-68.83333333333333,1.799999999999999,26.414380364118013,1584.3380601884242,935.8044179627306
0,-43.16666666666667,4.6,26.05488320038195,1686.172329705002,292.6281198867
0,-72.5,-5.800000000000001,22.767043457897145,1830.1910396153794,801.7252618891489
0,-48.16666666666667,-0.6000000000000014,26.18663622331637,1638.0930292750536,426.01479311594443
0,-46.16666666666667,-27.4,20.958595707748678,2030.0340058965442,338.51202998268434
0,-42.833333333333336,-8.2,23.378250152591967,1794.5531877833355,190.2919355883183
0,-70.5,9.4,30.84216341078851,1724.6054598753972,732.5860495564854
0,-48.5,-29,19.50713472224715,1566.4077711870066,418.4783139824368
0,-45.16666666666667,-0.6000000000000014,25.95146394099119,1617.745966590399,367.9648220906883
0,-72.16666666666667,-16.200000000000003,22.74496028919058,1845.4194837062014,599.7355835183048
0,-61.16666666666667,3.3999999999999995,27.285152283852344,1593.4190604386827,829.1976720530561
0,-75.16666666666667,-6.199999999999999,24.560016947169057,1828.7175380199615,719.1423807968313
0,-68.16666666666667,-22.6,21.830456772697048,1723.662496642045,770.0608303196724
0,-55.833333333333336,-9,24.050726618130494,1788.4636567941222,502.05949552005774
0,-58.833333333333336,-21.400000000000002,20.45639036409274,1753.9045705100225,579.8537408804463
0,-57.5,-16.6,23.723170287357895,1940.6706318468518,449.3362155531289
0,-49.16666666666667,-22.6,21.203909127259948,1881.720399369208,275.1842557364928
0,-62.16666666666667,-1,27.740781389894682,2071.148739298306,884.307092910795
0,-42.5,-7,26.63344753889252,1773.3309240680767,225.58798584016915
0,-60.833333333333336,0.5999999999999996,25.79451657677032,1740.8050161888077,852.4802300046217
0,-48.5,-26.200000000000003,19.292330407185425,1674.1765229730859,361.1709871515561
0,-40.5,-23,18.956058597892433,1528.949890100215,190.74632139599515
0,-55.16666666666667,-23,20.76148943344626,1720.7848269459196,494.4022960828361
0,-71.83333333333333,-22.6,20.216003030581334,1807.2505497877505,727.0825078956859
0,-76.16666666666667,-13,24.076041914995862,1630.8768649578824,509.7786428500785
0,-74.5,6.199999999999999,27.774695582582833,1678.7170949699039,739.1015666703972
0,-56.5,-11.400000000000002,25.573169394433673,1818.7185173438615,463.1191695491282
0,-40.833333333333336,-25.800000000000004,21.19522923481552,1633.2531155077208,269.9556065625795
0,-75.5,7.4,29.431364278104418,1588.556022310611,673.5915457304525
0,-41.5,-18.200000000000003,23.85003995523169,1729.236778647139,69.75032619257468
0,-46.16666666666667,-12.200000000000003,21.496136492563423,1582.3775463529853,119.77702278336584
0,-44.833333333333336,-25,21.335018178798567,1662.362619870396,257.455348755327
0,-72.83333333333333,-20.6,20.92325130752599,1776.7306361545538,650.4673426099623
0,-70.5,-9,22.209880912817678,1813.414366365525,744.1507610114973
0,-41.833333333333336,9,26.280188644917573,1433.031235199995,166.4319013301779
0,-59.16666666666667,-5,27.063860723283074,1694.21582525797,734.623307134679
0,-42.833333333333336,-29.400000000000006,21.796008657016166,1832.9382475589705,338.63658885192353
0,-56.5,0.1999999999999993,26.40026591963365,1719.0273942037948,710.6836346274067
0,-61.833333333333336,-24.6,21.620413696532353,2017.8017177062363,760.3639255283448
0,-53.833333333333336,-0.6000000000000014,25.04998479173449,2075.3252079892945,610.2569376913154
0,-68.5,-10.600000000000001,25.77433470405936,1795.0900038399727,719.0375310129224
0,-55.16666666666667,-5,27.042195347925166,1577.298159912642,592.2705210033153
0,-46.16666666666667,-5.4,24.11577720315488,1584.6535271330195,305.04855772109295
0,-64.83333333333333,-5.800000000000001,26.07974713586068,1772.683113741736,844.1926021868605
0,-48.5,6.199999999999999,26.96597906159179,1913.969466410309,334.36982910705547
0,-60.5,-26.200000000000003,22.519710287488156,1900.907865140593,769.7233559204604
0,-67.5,-23.4,20.651790644087217,1586.718166999114,795.1321780395159
0,-72.16666666666667,-13.8,22.09144982914119,1643.2405329070407,609.7989624854794
0,-65.83333333333333,-0.20000000000000107,26.90425129502115,1620.9290325958339,943.897783530924
0,-74.83333333333333,8.2,25.438881410944077,1575.6884606809017,670.1869765498831
0,-68.16666666666667,-13.8,26.20880481629945,1776.2469788356489,659.5305751888176
0,-55.833333333333336,-16.200000000000003,24.535794933424775,1722.3783008009318,386.8655242254463
0,-41.16666666666667,-25.4,21.030768507245405,1456.2751048879222,256.91815321338413
0,-79.83333333333333,1.4000000000000004,28.11649851207699,1715.6131961574097,650.4078636441586
0,-77.83333333333333,8.2,28.84815990628345,1617.5106651357826,569.8880786202218
0,-71.5,-18.6,23.96463029099657,1791.398145762417,636.4723204040394
0,-55.16666666666667,-2.6000000000000014,24.082858310106772,1792.0860171968118,641.3980520747417
0,-56.833333333333336,-3,26.045864133152254,1702.4041908428896,696.7882121510031
0,-42.5,1.4000000000000004,24.648121741426557,1714.5739271208377,344.25123015174864
0,-64.16666666666667,-20.200000000000003,22.760193352996517,1994.2173467576836,681.9022485569735
0,-72.83333333333333,-25.800000000000004,18.99425432907715,1490.8981289312037,799.1409944357468
0,-57.833333333333336,-16.6,20.47454841817109,1706.6988386961987,461.07784225971307
0,-75.16666666666667,7.4,27.2479160807206,1514.110368696862,684.0236818006613
0,-43.5,-27.4,21.03658633460794,1604.9122257158892,307.5264281656991
0,-57.833333333333336,-14.200000000000003,23.97183914810236,1937.0071985548934,465.46728634954627
0,-53.833333333333336,-12.200000000000003,23.792407001767188,1916.2545494678332,346.7633620015693
0,-73.16666666666667,-1.4000000000000004,26.902779112672274,1670.448365371579,870.365457377412
0,-67.16666666666667,-18.6,22.089321531924387,1788.4666748109205,674.2328184166126
0,-48.5,-23.4,22.193282727999563,1752.7402882013498,280.79288877728027
0,-74.5,7.4,28.26504985380659,1645.840521067337,703.9828676742272
0,-53.16666666666667,4.6,24.985333147231625,1974.8170675645729,527.5800222413421
0,-44.833333333333336,-26.6,21.916940596545768,1545.0103590261792,300.5421765635111
0,-41.5,-9.400000000000002,24.151707877083815,1698.5025891817024,155.8570516374307
0,-68.5,-18.200000000000003,24.34745104217239,1420.6264883753506,665.5870061822975
0,-79.16666666666667,-21.400000000000002,20.816739806044698,1715.9854381840025,468.3373498009871
0,-76.16666666666667,-1.4000000000000004,24.910567995013583,1635.2325340825603,782.4702716020363
0,-78.83333333333333,-10.200000000000003,24.008775429741952,1502.1996354691878,475.76866598856395
0,-44.833333333333336,3.3999999999999995,25.37672491022194,1378.2783108557333,331.54192874848223
0,-55.5,-25.800000000000004,21.38815505757222,1697.6722590592187,588.6250366946349
0,-69.83333333333333,-27,20.42294134315526,1589.8212851393127,881.8081587867946
0,-62.833333333333336,-15.400000000000002,23.703412760269043,1726.9760727352118,602.0360871066114
0,-60.16666666666667,0.1999999999999993,25.74114168949857,1679.2720490206377,834.3894830075226
0,-41.833333333333336,6.6,27.702332589345996,1769.6178119919746,237.73853328199695
0,-58.16666666666667,-24.200000000000003,22.14811243234742,1763.8709249730448,639.3396657356016
0,-42.5,-17.8,22.76711754199191,1793.3779655704052,63.0323339339013
0,-60.5,-24.6,22.842004452772326,1765.0198924179927,725.1211767902371
0,-59.16666666666667,-16.200000000000003,25.69129681768432,1848.4759078926747,504.30367575588343
0,-75.83333333333333,0.1999999999999993,24.028601160222415,1610.139825830362,799.1609603637321
0,-61.833333333333336,-15.8,22.668737513000487,1854.357844069866,579.4709155108612
0,-69.83333333333333,-22.200000000000003,20.11599329334191,1498.8500695512546,746.2492619277896
0,-66.5,-15,25.020097904416,1777.337297455059,649.4604810755457
0,-79.5,4.199999999999999,28.00036096898168,1810.1052341227764,618.8572192289104
0,-44.5,-23,20.42317087047087,1743.8874133230029,194.44051933967995
0,-57.16666666666667,0.1999999999999993,28.039604700556993,1770.4137111512769,734.9254404796106
0,-62.16666666666667,-28.6,19.62001825055318,1646.34000223348,864.1309299045263
0,-68.83333333333333,-14.600000000000001,22.50166440008192,1563.5199153984083,649.0875972738779
0,-75.83333333333333,-16.200000000000003,25.012576987268172,1903.740954200128,500.00665886601087
0,-63.833333333333336,3.3999999999999995,25.459514182265554,1648.9302708462676,886.7652093628442
0,-48.833333333333336,-28.6,22.19795906270533,1830.14038590215,421.4131797244697
0,-57.5,-14.200000000000003,23.538170906706267,1889.2014264702245,453.7256596429621
0,-45.833333333333336,-1.8000000000000007,28.297542481853633,1584.1101541827518,369.15813637730037
0,-45.5,-10.200000000000003,21.93869928167398,1622.1890281867127,155.84230925851745
0,-47.833333333333336,-29,21.686821216252305,1930.7604552567825,401.7514710460413
0,-49.16666666666667,-13,24.481337016345392,1883.6324983992129,175.3315941316958
0,-60.833333333333336,4.199999999999999,26.372736346178918,1694.5958499702751,803.678358502738
0,-69.16666666666667,-14.200000000000003,25.347545556729976,1709.312885905088,649.7585315152277
0,-51.16666666666667,1.4000000000000004,27.11020366670937,1783.5006580582717,510.28239037654396
0,-47.5,-14.200000000000003,22.61571604972802,1806.0671255911927,117.92501318159626
0,-74.5,3.3999999999999995,25.714533794420493,1743.3681354155278,807.0180318172199
0,-62.5,-5,25.837059392712046,1809.1315293798557,825.78213985771
0,-42.5,-12.600000000000001,24.19831043288517,1532.5799798068908,78.15010884014946
0,-55.833333333333336,-24.6,21.193909024320774,1831.0449737254942,567.0582313041145
0,-64.5,-5,23.03253804489881,1868.722155140284,861.0996301389339
0,-68.5,2.5999999999999996,26.782368243338368,1455.3075627274482,927.511634237776
0,-73.5,-5.800000000000001,25.44649507857386,1691.13910170163,777.7035259891547
0,-53.5,-1,26.96057473698204,1801.695748004319,595.987022845438
0,-57.16666666666667,6.6,27.817927405721342,1433.346237360144,622.27174222832
0,-79.16666666666667,-8.600000000000001,24.08102782337345,1681.2447658028025,508.8959115786359
0,-53.833333333333336,-6.199999999999999,25.073963799902565,1576.34073966128,510.0550849790519
0,-41.16666666666667,-29.400000000000006,21.84951657640637,1728.2978796471684,340.9824756139916
0,-67.16666666666667,5.3999999999999995,25.819374459477263,1667.2545435353277,870.5322331887556
0,-63.5,-21.8,21.180202332546898,1819.0261807024056,712.6877902676649
0,-45.833333333333336,-27,19.56975088265238,1786.807732068303,323.97754421700535
0,-53.16666666666667,-27.800000000000004,22.20352773418976,1713.719067330263,549.1622351429189
0,-62.16666666666667,-9.8,25.488808019455437,1795.7227050803097,680.3793415163855
0,-52.5,-22.6,20.751202554859052,1815.2540241333909,383.836984205299
0,-56.16666666666667,-3.4000000000000004,25.996655172242985,1748.990561555803,665.149728588085
0,-72.83333333333333,-17,21.773110215154908,1642.7579269444986,589.1992938784097
0,-67.16666666666667,9,28.26225014745576,1583.4400524160887,765.7526643587315
0,-74.83333333333333,-27.800000000000004,20.039579115816128,1445.3379839555473,793.0144802460885
0,-53.833333333333336,-10.600000000000001,24.438398007094957,1793.8256761741088,383.0344160400293
0,-77.83333333333333,-27,21.056128146764646,1699.9504778054709,675.4642773097262
0,-72.5,-14.600000000000001,21.845631972614648,1562.9456559081789,595.4920353410455
0,-59.5,-0.6000000000000014,26.899180289830493,1769.3868491265262,813.1007203557194
0,-64.16666666666667,2.5999999999999996,25.620263728936493,1878.8886146317195,905.5036376766772
0,-67.5,9.4,27.133341865844258,1638.7890738201925,754.3446500444996
0,-53.16666666666667,-9.400000000000002,25.68300023308217,1781.6774350293178,391.0619730858477
0,-77.16666666666667,-20.200000000000003,24.4666644438103,1625.5952806501714,510.6141496002776
0,-74.83333333333333,-13.400000000000002,23.39804167887273,1565.5130599888942,546.2575979720684
0,-66.16666666666667,-21.8,25.25617198406379,1644.4578175104755,744.474536585188
0,-69.16666666666667,-18.6,22.587583031655566,1579.6021519163364,667.3880638260897
0,-44.16666666666667,7.4,24.553074763637408,1817.4768145465632,221.7227257971559
0,-77.16666666666667,-24.6,20.00007363297278,1708.1393920374078,634.9610833484275
0,-58.833333333333336,-2.6000000000000014,26.53554911504703,1792.7048048970223,772.8827846504471
0,-76.16666666666667,-29.800000000000004,21.461380001502196,1763.3740119809079,780.5462478203225
0,-67.83333333333333,-5.800000000000001,25.692719306184273,1716.1208393991562,859.5265621910795
0,-51.16666666666667,-15,24.411575023820113,1582.8483803136623,217.6252001398615
0,-43.5,-14.200000000000003,22.606657739993977,1877.8466837716862,60.13400882110275
0,-58.16666666666667,-1.8000000000000007,27.022061716599985,1661.8852853741864,760.6344463323333
0,-75.5,-22.200000000000003,24.399313516293322,1591.8397664318072,619.6358365931961
0,-41.5,-8.600000000000001,22.880088645559784,1369.375966313159,179.20447225570115
0,-67.16666666666667,2.1999999999999993,27.620587968408437,1650.2372417341085,935.5457280456892
0,-73.16666666666667,-3.8000000000000007,26.913927327829768,1591.4415362152238,834.9325432419321
0,-76.16666666666667,-8.600000000000001,23.1283308111538,1658.6571449364444,616.014350814716
0,-73.5,9,25.320646995664102,1642.6224058476032,683.7222823742507
0,-47.833333333333336,-4.600000000000001,25.517658417293024,1667.5234077726268,359.79656700136286
0,-47.5,-16.200000000000003,22.733663978379482,1602.5992687168734,111.88042013996571
0,-71.5,-3.8000000000000007,24.48037943496857,1732.3808088079402,870.7978821612571
0,-53.16666666666667,-18.6,22.031272811821093,1538.101065250138,311.10683859874075
0,-61.5,6.6,27.468576719831017,1941.963389011716,758.4219341482417
0,-55.5,-21.8,21.144507934308958,1866.9609712020538,471.93191955296845
0,-45.5,-21.400000000000002,25.84547177696422,1815.0331208575958,160.81256676130099
0,-62.833333333333336,-26.200000000000003,24.525843231245798,1746.090770671661,827.2722536312003
0,-47.833333333333336,-10.200000000000003,21.06761694345394,1703.9555045419472,201.09711918370658
0,-75.83333333333333,3,27.79114259849218,1483.7220578357033,773.0812866010372
0,-60.833333333333336,2.5999999999999996,24.64622842415948,1804.4393734092073,833.7318115781892
0,-64.16666666666667,6.6,30.812311059722493,1653.570304507323,812.5570784728857
0,-78.16666666666667,-5.4,24.948173473913734,1438.5524273057333,638.8490713683819
0,-64.5,-23.4,23.85872230305955,1860.374617063503,775.1967865947541
0,-41.16666666666667,-3.8000000000000007,25.356386457991853,1696.954694203925,311.73549125963143
0,-73.5,-17.400000000000002,22.50558424616108,1722.2057390498228,576.3099067209424
0,-78.16666666666667,5.3999999999999995,28.246709971266785,1586.872507315512,638.8490713683819
0,-58.5,2.5999999999999996,25.147681181650857,1709.5683721720793,761.7670066812374
0,-58.833333333333336,7.8,27.361407417876404,1715.7666915105328,644.3293252575397
0,-77.5,-11.400000000000002,23.05813533037005,1727.4047377377933,494.5471052949823
0,-42.5,-16.6,21.68124066243227,1758.7620537002285,52.47377785835582
0,-54.833333333333336,-13,22.890367711546965,1680.1022391659046,370.194486884677
0,-53.5,-25,22.633725884620773,1689.2614725552812,491.5263639887357
0,-58.833333333333336,-10.600000000000001,23.525669503707203,1840.5806421555972,564.4086814255935
0,-57.16666666666667,-2.6000000000000014,25.5424444380856,1910.364554356534,715.2183014321115
0,-52.5,-11.400000000000002,22.773583523806792,1992.4328159438041,314.8331865267122
0,-45.16666666666667,-19,23.555843054220805,1715.9181081428533,100.39836992544583
0,-58.5,-15.400000000000002,25.60246931356192,1753.1355149651372,481.87856391531807
0,-76.5,-27.4,21.704478103824776,1676.557724976975,731.2656040488337
0,-67.83333333333333,-3.8000000000000007,24.49683196688018,1561.2070184290817,908.3510343912743
0,-59.5,-19,22.803080306358584,1651.7425999735526,545.5342681904771
0,-43.16666666666667,-27.800000000000004,20.54994149316004,1688.2831274784592,314.2103327882768
0,-52.16666666666667,2.5999999999999996,25.985962372008533,1708.0843521893132,530.8131761896839
0,-73.5,-0.6000000000000014,25.511849154826063,1863.932141293024,866.7238919562938
0,-76.16666666666667,3.3999999999999995,28.37837662071165,1763.6533505522277,754.9478636680598
0,-56.5,-3,24.480946176879257,1925.5651868074692,684.6039608647119
0,-45.833333333333336,-20.200000000000003,23.296786161123805,1573.574649251975,135.34510065755404
0,-55.833333333333336,-16.6,26.570097065822235,1833.3909607568503,388.52067317724357
0,-73.16666666666667,-27,20.761730281779588,1680.5730427087722,821.4110730221914
0,-79.83333333333333,-4.600000000000001,26.805007427375973,1635.7349000064437,597.1225713940624
0,-70.5,-6.199999999999999,22.059868247221207,1647.9065720719123,826.9505178812768
0,-64.83333333333333,-29.800000000000004,20.934123481053422,1660.7781681209315,926.5259647408215
0,-45.833333333333336,-27.4,22.28304115411263,1569.6490528618922,332.9363397132625
0,-40.5,-12.600000000000001,25.33008799236864,1630.5044594939222,85.62639487126982
0,-50.16666666666667,3,27.485121464827436,1663.0679289884358,457.4972812977096
0,-40.16666666666667,-15.400000000000002,19.958673847130832,1648.6220192800079,60.89681907981523
0,-45.833333333333336,-25.800000000000004,19.655686669597767,1765.4126898052664,293.69558449602806
0,-43.16666666666667,-18.6,20.477787489402004,1774.2853893269707,76.1549362440986
0,-75.16666666666667,-27.4,23.381594199410753,1792.2630914299334,774.5856650186671
0,-52.5,-25.800000000000004,20.803453223535527,1674.027938515308,477.43960727626205
0,-66.83333333333333,9.8,27.193293498481424,1678.6846319314204,742.2380486438665
0,-53.16666666666667,1.799999999999999,28.272794140635256,1623.9389221492243,577.091522296513
0,-50.5,-16.6,24.41734098772234,1675.44512719462,196.62273135082742
0,-41.16666666666667,1.799999999999999,26.756254727377424,1663.6492246571954,343.394613200186
0,-57.5,-13,23.133489395239987,1910.7528209144866,468.422039094564
0,-67.16666666666667,-11.8,26.400626122551543,1592.6593079534855,693.3640951083765
0,-62.5,-26.6,22.31895682684001,1718.3225273751361,830.3729496051571
0,-63.833333333333336,7.8,28.515221785588857,1804.8945378924234,771.7487191089451
0,-49.833333333333336,-8.2,22.756288344420597,1815.3007263019501,313.0684217502074
0,-72.5,-8.600000000000001,25.246923971006066,1888.9524780863662,719.5267274375033
0,-79.16666666666667,-26.200000000000003,22.699868771911913,1647.07136418789,606.7141173296576
0,-76.16666666666667,-22.6,22.015935170715327,1813.6557994379054,609.6313044548755
0,-70.5,-19.8,22.506683034535584,1692.2807720106102,675.72335467796
0,-58.5,-23.4,23.385394882876373,1633.8754423325813,626.7366320656312
0,-50.833333333333336,-24.200000000000003,21.60916824366587,1678.277875714704,374.1469139926505
0,-42.16666666666667,-10.600000000000001,22.14945094850493,1618.7214840314664,121.74099634988654
0,-68.5,-17.400000000000002,20.53670243201488,1899.7697183183723,655.8460674288572
0,-41.833333333333336,9.4,26.830416965355095,1878.3949414650533,154.86718987516596
0,-68.5,-1,24.65923353570068,1543.4913802317394,944.3487439623148
0,-50.833333333333336,-10.600000000000001,22.52130824784339,1865.9025193830566,276.7559447644859
0,-68.83333333333333,-21.400000000000002,21.673326461675632,2039.0778099727786,732.563727592687
0,-53.833333333333336,-22.6,20.16956197736073,1986.8612362487897,432.6549909126903
0,-74.16666666666667,-13,24.18968564727997,1625.9016285473976,571.3412144511597
0,-54.833333333333336,-17.400000000000002,23.971651334471066,1744.6599892570616,357.2351100327478
0,-47.833333333333336,-9.8,24.106293091833457,1621.668479743061,212.00577878662025
0,-48.5,-26.6,21.950694151017515,1787.554972596238,371.286542068907
0,-57.16666666666667,-11,23.534282416832998,1736.8386352109214,496.77025689216214
0,-73.5,-14.200000000000003,23.70492888546853,1854.6622945636352,574.5729041212697
0,-48.833333333333336,-20.200000000000003,22.814994022343996,1781.8720686916515,201.15084388649603
0,-58.833333333333336,-20.200000000000003,22.879035243257576,1961.9562649702975,549.2813955307435
0,-62.5,-18.6,19.650918586798944,2056.802273641531,619.1366338314072
0,-71.5,-13.400000000000002,23.805327891594665,1478.7023154172155,627.7708346741974
0,-56.5,-7.400000000000002,25.330003697644937,1561.7944281604216,574.4043622979065
0,-49.16666666666667,-25.800000000000004,20.753156588012214,1794.408188568189,368.7868788074558
0,-71.16666666666667,-19,23.1001135736189,1831.4874269813029,649.281723893298
0,-65.16666666666667,-21,25.72802120495621,1957.6642000230136,714.4964475625161
0,-48.833333333333336,-15.8,23.618378950077794,1896.8404226245605,144.6047676171624
0,-61.833333333333336,-23.800000000000004,18.6070889156294,1832.0732946311455,736.5844590689194
0,-70.16666666666667,7,29.75898634998113,1742.9437488426295,808.1580544165242
0,-65.16666666666667,-27.800000000000004,21.876271918645397,1772.9600998042292,900.4908071617172
0,-72.5,-26.6,22.48091704992124,1644.726837240419,827.4604881058759
0,-67.16666666666667,-15.8,23.04237800604722,1734.9362989118058,649.8583901253048
0,-57.16666666666667,-6.600000000000001,26.046142142239916,1718.353373594115,622.2717422283199
0,-63.16666666666667,-7.800000000000001,24.3695993560105,1939.5962143743586,759.9489238108212
0,-53.16666666666667,3.8,26.602102016959428,1637.1673098643043,545.4324003559585
0,-70.83333333333333,7,28.956581977769034,1706.6970056234154,798.8112687035548
0,-57.5,3,25.909552586758938,1915.9240002265392,720.7556943363579
0,-65.83333333333333,-28.200000000000003,22.12177356659295,1613.4135519793733,914.0461836926982
0,-62.16666666666667,5,30.3261747203924,1737.5470259135045,818.3424521148297
0,-41.5,-24.200000000000003,23.846531173941482,1824.5509234817257,220.59182025136428
0,-48.16666666666667,8.6,23.556615802301476,1747.3754731503,254.79589269715993
0,-47.833333333333336,-13.8,22.335637177094497,1728.2097156159614,129.71263697344355
0,-47.833333333333336,-11,22.053030703914956,1909.0724398750735,180.64837591654157
0,-66.83333333333333,1.799999999999999,24.76590835892383,1914.99805751735,939.5403369137799
0,-47.5,-19.8,18.797898727571344,1669.7645353040782,158.6469851010398
0,-51.5,9,28.64561828277607,1897.2413083268914,343.3430538756101
0,-47.16666666666667,-11,22.131977232178365,1744.5959962037186,165.52530216518016
0,-42.833333333333336,-20.6,24.289699067807643,1727.5726993146177,116.91252273106107
0,-77.83333333333333,-20.200000000000003,24.36425738120581,1624.3987391810742,486.83183375027494
0,-47.5,-18.200000000000003,22.294999581851165,1474.080636395975,129.40295453470918
0,-66.5,-10.600000000000001,26.857863994140377,1771.7423211193386,719.6581292924063
0,-66.16666666666667,4.199999999999999,27.07044924959155,1750.047471654776,896.3651059326328
0,-52.5,3.3999999999999995,25.799616242567453,1615.7195524104384,529.1535434184833
0,-63.16666666666667,9,29.37257580960364,1778.7838566321168,724.249192048118
0,-61.5,4.6,24.42674000543707,1724.4791404394305,812.0686398969051
0,-70.16666666666667,8.6,28.06715542933041,1700.7292893833553,760.3653779407836
0,-55.833333333333336,7.4,28.66212355564409,1727.5300977056472,549.7405533936673
0,-70.16666666666667,-21.8,23.1502565311162,1703.4918767739077,730.8918375102396
0,-62.833333333333336,-8.600000000000001,23.08487106748784,1724.1938245870915,729.4540478801787
0,-42.833333333333336,-27.4,19.96936094228521,1747.6461630304868,304.82692977407993
0,-75.16666666666667,5.3999999999999995,26.803160672746227,1856.0796686033898,741.1221927570758
0,-62.833333333333336,-27.4,21.171515666586316,1736.7271457474835,855.9143798085355
0,-40.5,-27.800000000000004,18.179192937515356,1648.6690259462955,320.02443683434956
0,-72.83333333333333,6.199999999999999,28.31693353476465,1696.40320771204,782.9384654311453
0,-44.5,-28.200000000000003,19.709430520249366,1745.7811148037977,331.2918145408591
0,-78.5,-19,23.097598533819244,1643.409640876736,437.27583224151846
0,-72.83333333333333,-4.600000000000001,25.21080965312766,1670.8526594850136,825.0920462618483
0,-79.16666666666667,3.8,26.59801384422833,1706.4055336505019,639.9189182304763
0,-75.83333333333333,-7.400000000000002,26.663526555102028,1818.5599502091488,662.8816880342317
0,-64.5,-19.400000000000002,22.300951325357524,1804.8162927378175,669.1230549448242
0,-73.16666666666667,7,28.62681451515698,1806.4038246922069,751.7022130658324
0,-77.16666666666667,9,26.622845847088907,1632.5589401653067,569.9623475643706
0,-54.5,-9.400000000000002,24.193624623807988,1781.0537731468744,440.58760735919105
0,-43.5,-19.400000000000002,21.424224785867057,1622.342643412044,92.43247196415801
0,-62.5,0.1999999999999993,24.23483430982604,1722.8484496858268,894.61680997663575
0,-55.833333333333336,-4.600000000000001,25.964806174343856,1814.2859639351523,627.0128332205402
0,-71.83333333333333,-20.200000000000003,25.120552269469886,1743.5138128780802,662.3346471281749
0,-62.16666666666667,-1.4000000000000004,24.771297462598508,1880.6998198034871,881.4554219812244
0,-51.5,9.4,26.977629658076633,1863.5284765504389,331.77834242059816
0,-64.16666666666667,-4.200000000000001,25.325832618397055,1803.9159606346304,875.4501846012258
0,-55.5,-27.4,22.74125500680073,1864.5604076199295,627.8657919118692
0,-59.5,-6.600000000000001,25.32055710583071,1737.8044938555784,701.4057427254954
0,-64.16666666666667,-29.800000000000004,21.065548172541707,1897.40152132484,917.5650526899316
0,-71.5,-5,26.282585684512373,1498.8328969761624,843.1178264303423
0,-46.833333333333336,3.8,27.785148104745865,1891.568216335879,355.59900338435585
0,-71.16666666666667,-9,25.855251184589452,1532.671878193401,733.8465664764974
0,-74.5,-4.600000000000001,26.97263355587927,1580.1429512748894,781.2551475011002
0,-64.5,-4.600000000000001,25.34926267694147,1720.8444793701888,870.9273077552323
0,-73.16666666666667,-18.200000000000003,24.41107962145536,1759.1771503434363,594.4553905269652
0,-64.5,-21.8,22.683534116912615,1774.5075387187646,728.2831387874644
0,-63.5,-18.200000000000003,19.616460652922637,2080.7035878151983,632.7071846350823
0,-61.833333333333336,-25.4,20.088721229232643,2002.3582787138523,783.3535675131395
0,-53.16666666666667,7.8,27.977457713819554,1754.8053436229961,438.32641630356284
0,-65.16666666666667,7.4,27.88511308701679,1586.2223115179336,801.6363144332674
0,-41.5,-25.4,22.22343910738314,1607.5215314499742,255.4101408612942
0,-67.5,3.8,28.747161668486367,1611.44786568445,908.7150773146104
0,-43.5,-17,23.032369239612898,1686.310863478431,58.34397239112758
0,-71.16666666666667,-7.400000000000002,26.342655107964163,1654.546313144652,781.5276243501069
0,-42.16666666666667,-26.200000000000003,19.691848345185328,1647.1604014226768,275.56282333340977
0,-43.833333333333336,-15.8,21.793287950114646,1746.674936649002,55.512636799832705
0,-79.5,-29.800000000000004,20.434041555738187,1947.1646292610494,660.972087317616
0,-46.5,-16.6,21.512749918962466,1786.2301863636533,92.76698922369823
0,-70.16666666666667,-10.200000000000003,23.889249024262757,1772.4022784740048,714.8365586603512
0,-66.5,3,24.66709968567737,1825.275596945676,921.7596978020642
0,-50.833333333333336,-27,18.28539923855625,1762.787592283594,450.2611024290872
0,-73.16666666666667,7.8,25.281077120345763,1815.6705794986633,727.8265591895364
0,-68.83333333333333,3.8,25.033741672119213,1536.0160768054143,904.1452960221761
0,-44.16666666666667,-15,25.398897160134634,1731.9160722693043,59.623107637442644
0,-45.833333333333336,-10.200000000000003,21.85717441737927,1792.815158987778,160.94718850447327
0,-60.5,-1.4000000000000004,26.46685588845352,1778.1142206816382,838.361070956759
0,-58.16666666666667,-10.600000000000001,23.27983708038058,1757.2117335536873,541.9486965074369
0,-74.5,-29.800000000000004,20.41236401534863,1780.8463482873806,832.6164159694827
0,-73.16666666666667,1.4000000000000004,22.69149371592512,1654.3488902923884,870.365457377412
0,-41.16666666666667,-19.400000000000002,25.003313985422146,1706.4401306744762,92.07886033460697
0,-73.16666666666667,3.8,24.822719621298837,1612.9453487572864,834.9325432419321
0,-69.5,-14.600000000000001,25.045644974196914,1533.2942436373182,643.7156698716917
0,-43.5,-12.200000000000003,24.897573951579016,1639.1088814529114,88.79142096638058
0,-62.5,3,24.974233067541842,1923.276174664743,868.5371362139409
0,-62.16666666666667,9.4,30.884677848524273,1688.3906805665417,691.6520805756337
0,-65.16666666666667,-13,22.31724950624613,1833.6988085736994,659.5022577582788
0,-68.16666666666667,-16.200000000000003,22.98006349812745,1898.6992372885688,649.467196221643
0,-45.16666666666667,-11.400000000000002,25.09530244933376,1536.9007610428705,121.35907763347646
0,-61.16666666666667,-25.4,22.078358267176743,2023.2890202349786,766.4698278053054
0,-78.5,7,28.234687800730278,1607.0750212585413,581.4160604637171
0,-59.5,-26.200000000000003,20.8880465878564,1863.572201124382,739.7000256879567
0,-57.16666666666667,-16.6,20.373251560015,1741.4914091312264,437.4262879336868
0,-78.5,-15.400000000000002,25.673845543295016,1518.8253333319349,406.20542321440917
0,-53.833333333333336,-27,20.3244485787407,1856.5627363563747,556.5395737046306
0,-51.833333333333336,-13,22.914851469181798,1837.6912724094009,260.40212439029796
0,-64.83333333333333,2.5999999999999996,25.479977215092536,1822.7397236229563,914.464549727567
0,-57.16666666666667,3.3999999999999995,26.236378921533205,1706.807999859875,701.6813322931032
0,-52.833333333333336,-11.400000000000002,26.285806105760663,1540.196571335393,326.86238002739265
0,-50.16666666666667,-11.400000000000002,23.889442092005616,1791.813811764424,236.01248998212597
0,-53.16666666666667,2.1999999999999993,27.003035984356373,1805.9490454914096,572.4197482278173
0,-48.833333333333336,-0.6000000000000014,28.888120600826134,1824.9942131812452,443.5006514326321
0,-57.16666666666667,-15,24.791632958069613,1695.2133459852125,436.54654999039724
0,-53.833333333333336,-4.200000000000001,24.714360889458053,1750.3512079386908,561.4550661894316
0,-49.16666666666667,-27.800000000000004,19.592722857442194,1846.0473595430694,416.3201435351341
0,-71.16666666666667,7.4,31.369571004869172,1715.53957368465,781.527624350107
