lon,lat,bio3_isotermalidade,bio4_sazonalidade_temperatura,bio5_temp_max_mes_quente,bio8_temp_media_trimestre_umido,bio12_precipitacao_anual,bio13_precipitacao_mes_umido,bio14_precipitacao_mes_seco,bio18_precipitacao_trimestre_quente,bio19_precipitacao_trimestre_frio,elevacao,declividade,orientacao,pa,tipo,pa_factor
-59.162667,-8.999722,68.85316467285156,36.823421478271484,33.88275146484375,25.518625259399414,1992,314,8,264,118,183,0.1103033795952797,227.15773010253906,1,presenca,presenca
-59.968854,-2.933488,80.94942474365234,49.023834228515625,31.92599868774414,26.09166717529297,2319,304,71,391,857,78,0.08839131891727448,191.3485565185547,1,presenca,presenca
-51.910556,1.106389,78.3746566772461,69.02900695800781,32.0212516784668,25.386375427246094,2392,336,59,197,864,175,0.026064278557896614,349.7608947753906,1,presenca,presenca
-46.799722,-3.6225,82.82655334472656,42.42207336425781,31.697999954223633,25.421916961669922,1722,349,33,257,855,148,0.12278024852275848,334.4329528808594,1,presenca,presenca
-63.021667,-9.216389,71.39488220214844,48.35960006713867,32.83625030517578,25.430208206176758,2328,383,10,513,168,116,0.03334523364901543,322.42071533203125,1,presenca,presenca
-51.834167,-1.799167,83.217926025390625,51.51371765136719,32.249000549316406,25.851499557495117,2287,350,50,191,834,40,0.04690376669168472,325.9507141113281,1,presenca,presenca
-52.514444,-0.295278,81.15682220458984,61.0997200012207,32.04975128173828,25.595333099365234,2360,325,50,191,835,127,0.12047282606363297,325.6706848144531,1,presenca,presenca
-52.531389,-0.159444,80.857635498046875,61.97165298461914,32.02349853515625,25.51995849609375,2380,327,51,195,843,146,0.07775884866714478,207.17572021484375,1,presenca,presenca
-52.37,1.191389,79.50750732421875,65.26290130615234,32.16725158691406,25.487415313720703,2393,321,63,208,827,156,0.023932766169309616,124.63424682617188,1,presenca,presenca
-52.833056,-0.456389,81.09661102294922,60.82156753540039,31.657249450683594,25.262083053588867,2337,332,50,185,816,189,0.22680871188640594,41.069637298583984,1,presenca,presenca
-62.916111,-9.262778,71.54638671875,47.678924560546875,32.56224822998047,25.317459106445313,2391,385,12,533,168,121,0.03662677854299545,321.7362365722656,1,presenca,presenca
-62,-9.116111,70.60895538330078,42.366600036621094,33.24174880981445,25.28183364868164,2281,339,19,349,171,123,0.04159930720925331,358.3846435546875,1,presenca,presenca
-63.94,-8.854167,72.32283020019531,47.810035705566406,33.25600051879883,25.843542098999023,2185,337,25,500,177,99,0.02921220473945141,3.8345181941986084,1,presenca,presenca
-52.380833,-1.599167,82.98522186279297,56.00164794921875,32.52799987792969,26.17366600036621,2032,320,42,158,711,4,0.027253320440649986,153.94345092773438,1,presenca,presenca
-52.946266,1.963061,80.69622039794922,59.14328384399414,31.990249633789063,25.200624465942383,2360,343,58,209,767,217,0.18706610798835754,68.29743957519531,1,presenca,presenca
-61.649722,-9.591111,70.72169494628906,43.337486267089844,32.95075225830078,25.034332275390625,2157,338,17,260,129,152,0.01710447110235691,316.6404724121094,1,presenca,presenca
-61.646944,-9.359167,70.78880310058594,42.09244918823242,32.93300247192383,25.037416458129883,2187,334,16,277,135,158,0.017673861235380173,318.38409423828125,1,presenca,presenca
-64.348888,-9.244167,73.4112548828125,50.661773681640625,33.3385009765625,26.11858367919922,1996,293,25,472,173,95,0.03638410195708275,335.2164611816406,1,presenca,presenca
-60.09,-2.3828,81.82691955566406,45.445594787597656,31.765499114990234,26.09608268737793,2404,319,98,427,790,99,0.053637146949768066,248.31417846679688,1,presenca,presenca
-56.464167,-4.672222,77.35296630859375,54.63097381591797,32.77975082397461,26.207624435424805,2134,309,65,388,839,73,0.020310867577791214,316.64251708984375,1,presenca,presenca
-51.972222,0.973889,78.49195861816406,68.9582290649414,32.010250091552734,25.351333618164063,2379,336,59,194,865,184,0.04986373707652092,198.04122924804688,1,presenca,presenca
-64.048056,-9.081667,72.86280059814453,48.65624237060547,33.17274856567383,25.8439998626709,2112,322,24,488,175,112,0.043589036911726,356.9156494140625,1,presenca,presenca
-64.736111,-9.444722,74.23649597167969,52.480735778808594,33.2234992980957,26.16904067993164,1857,263,24,446,171,113,0.021705150604248047,59.911869049072266,1,presenca,presenca
-64.617222,-9.263055,73.86454010009766,50.56161117553711,33.247501373291016,26.131290435791016,1948,281,25,465,172,102,0.03808905929327011,64.62584686279297,1,presenca,presenca
-48.798889,-2.180556,86.45116424560547,39.39651870727539,31.7237491607666,25.92275047302246,2437,423,64,216,1156,29,0.027675768360495567,296.7016906738281,1,presenca,presenca
-56.893889,-2.158056,77.27635955810547,66.43138122558594,32.89125061035156,26.25149917602539,2417,399,50,254,1012,69,0.04539602994918823,84.59654998779297,1,presenca,presenca
-60.658681,-3.154839,83.69599914550781,41.37446975708008,31.86349868774414,26.349416732788086,2236,304,51,363,876,42,0.03204062953591347,98.36908721923828,1,presenca,presenca
-62.05,-1.01,87.56275177001953,31.432470321655273,31.506250381469727,26.12787437438965,2594,341,150,474,832,32,0.037884801626205444,195.36521911621094,1,presenca,presenca
-48.330556,-3.34,86.885955810546875,40.19551467895508,31.6877498626709,25.675582885742188,2045,386,42,205,1016,112,0.10940095037221909,356.55499267578125,1,presenca,presenca
-48.483611,-3.285833,87.18194580078125,40.714012145996094,31.860750198364258,25.855499267578125,2125,397,46,209,1051,74,0.046505045145750046,350.428466796875,1,presenca,presenca
-59.407778,-10.223611,68.28376770019531,49.40061950683594,33.872249603271484,24.959625244140625,1949,332,8,230,91,272,0.19311568140983582,356.5066223144531,1,presenca,presenca
-59.860682,-2.442484,81.28404235839844,47.412681579589844,31.71125030517578,26.01241683959961,2393,319,98,421,792,117,0.006954549811780453,90,1,presenca,presenca
-59.685556,-2.315278,81.02991485595703,48.05419158935547,31.919750213623047,26.181625366210938,2398,324,106,410,789,90,0.04828838258981705,176.33045959472656,1,presenca,presenca
-60.063819,-3.553975,81.84859466552734,45.436492919921875,32.118499755859375,26.447250366210938,2184,285,60,369,834,28,0.02365141734480858,345.8006591796875,1,presenca,presenca
-59.74583,-2.41625,80.78584289550781,48.940696716308594,31.828248977661133,26.087833404541016,2376,315,98,408,802,105,0.032258376479148865,96.22453308105469,1,presenca,presenca
-63.216667,-9.1,71.271820068359375,48.023101806640625,33.02425003051758,25.540708541870117,2297,370,13,504,176,101,0.020734239369630814,325.5577697753906,1,presenca,presenca
-51.616667,0.166667,78.87757873535156,68.5295181274414,32.748748779296875,25.798166275024414,2338,345,37,150,901,44,0.0906987264752388,129.99468994140625,1,presenca,presenca
-51.62,-0.17,80.06658935546875,64.2341537475586,32.951751708984375,25.953582763671875,2383,329,46,194,900,12,0.04056879132986069,125.08304595947266,1,presenca,presenca
-58.966667,-4.116667,79.57337951660156,50.833099365234375,32.54999923706055,26.591251373291016,2234,292,85,362,837,34,0.02000410668551922,352.2170104980469,1,presenca,presenca
-63.11666,-9.16666,71.58234405517578,48.476871490478516,32.586997985839844,25.401500701904297,2351,380,13,510,177,113,0.024424979463219643,308.3545837402344,1,presenca,presenca
-54.355206,-11.524631,68.98633575439453,64.53893280029297,34.56850051879883,25.13774871826172,1890,331,1,481,47,352,0.037831470370292664,88.8227767944336,1,presenca,presenca
-65.18,-4.88,83.782257080078125,28.218034744262695,32.050750732421875,26.379249572753906,2442,316,89,500,408,90,0.009883420541882515,64.37184143066406,1,presenca,presenca
-60.535278,-3.603056,83.71955108642578,39.335968017578125,32.06449890136719,26.451915740966797,2246,298,57,377,866,28,0.014995304867625237,343.5174865722656,1,presenca,presenca
-56.126789,-9.839442,66.76979064941406,66.635986328125,36.36125183105469,25.923166275024414,2235,339,8,339,991,288,0.04045749828219414,8.353368759155273,1,presenca,presenca
-53.837778,-3.389167,79.39440155029297,52.688655853271484,31.072500228881836,24.802583694458008,1674,299,39,172,751,197,0.09057829529047012,337.93255615234375,1,presenca,presenca
-62.944722,-9.116111,71.64078521728516,47.546852111816406,32.5099983215332,25.34633445739746,2410,390,14,533,176,113,0.02670031599700451,329.17620849609375,1,presenca,presenca
-57.846944,-9.122222,67.594818115234375,38.75631332397461,34.22875213623047,25.40945816040039,1959,316,7,271,888,247,0.1342708021402359,300.8168640136719,1,presenca,presenca
-52.380833,-1.3825,82.68817901611328,56.890464782714844,32.548500061035156,26.10562515258789,2087,320,44,168,707,18,0.10370834916830063,141.55270385742188,1,presenca,presenca
-53.244722,-0.764722,80.872100830078125,62.30110549926758,30.87299919128418,24.51704216003418,2163,319,53,169,770,346,0.10309194773435593,218.7097625732422,1,presenca,presenca
-51.658889,0.9675,77.76630401611328,70.84114837646484,32.27674865722656,25.65216636657715,2319,337,42,151,882,119,0.07452215254306793,108.54851531982422,1,presenca,presenca
-48.583333,-3.794722,85.63500213623047,42.444908142089844,32.05699920654297,25.776582717895508,2044,383,36,211,1021,113,0.028883837163448334,288.026611328125,1,presenca,presenca
-63.251111,-8.915278,72.39253234863281,45.38854217529297,32.66225051879883,25.48370933532715,2287,363,15,500,178,95,0.021994037553668022,297.348876953125,1,presenca,presenca
-56.306111,-1.655278,79.0546646118164,64.2703628540039,32.88574981689453,26.35212516784668,2413,395,72,293,950,66,0.05622844770550728,77.222320556640625,1,presenca,presenca
-61.595136,-7.948514,72.08264923095703,37.34532165527344,33.41350173950195,25.65858268737793,2446,370,22,364,215,112,0.0393097959458828,303.6161804199219,1,presenca,presenca
-51.954722,-3.227222,79.98931121826172,56.432159423828125,32.276248931884766,25.126249313354492,2133,371,36,154,972,147,0.09099938720464706,45.19853973388672,1,presenca,presenca
-64.205556,-9.143889,73.23704528808594,48.799835205078125,33.14925003051758,25.975582122802734,2064,311,24,481,172,94,0.03157304599881172,320.8458557128906,1,presenca,presenca
-63.591667,-8.581667,72.02839660644531,44.630950927734375,32.94049835205078,25.742584228515625,2232,345,18,493,175,71,0.022274553775787354,335.1272277832031,1,presenca,presenca
-64.591356,-9.411556,73.602935791015625,52.54551696777344,33.40925216674805,26.13545799255371,1920,275,25,461,175,121,0.04312306270003319,21.838863372802734,1,presenca,presenca
-64.654939,-9.620525,73.82600402832031,53.68148422241211,33.265499114990234,26.085248947143555,1884,273,24,449,171,135,0.05064395070075989,12.953125953674316,1,presenca,presenca
-60.285058,-2.439172,82.43030548095703,43.416080474853516,31.79800033569336,26.19270896911621,2389,319,93,424,795,77,0.052116233855485916,227.8465576171875,1,presenca,presenca
-56,-4,77.2273941040039,61.41438293457031,33.09175109863281,26.128082275390625,2019,306,66,305,829,63,0.16581879556179047,168.42141723632813,1,presenca,presenca
-51.972222,-0.973889,82.09739685058594,56.55431365966797,32.614749908447266,26.063791275024414,2500,361,52,227,846,18,0.05189947038888931,104.74944305419922,1,presenca,presenca
-64.736111,-9.744722,74.5223388671875,55.49674987792969,33.11600112915039,26.146041870117188,1807,270,23,428,165,147,0.054620351642370224,315.35711669921875,1,presenca,presenca
-65.355556000000007,-4.898333,83.62947845458984,28.80950355529785,32.035247802734375,26.37583351135254,2461,319,87,502,408,88,0.008399343118071556,33.60932540893555,1,presenca,presenca
-64.95,-9.646944,74.60795593261719,54.94429016113281,33.16025161743164,26.267749786376953,1779,262,22,426,163,123,0.003710945602506399,71.689208984375,1,presenca,presenca
-48.798889,-2.797222,87.70086669921875,40.61542892456055,31.789499282836914,25.851417541503906,2312,417,52,211,1124,54,0.03660561144351959,328.137939453125,1,presenca,presenca
-56.893889,-2.891389,76.26275634765625,67.24627685546875,33.07324981689453,26.430707931518555,2474,341,75,289,941,39,0.05117570608854294,344.6717834472656,1,presenca,presenca
-59,-1,79.74312591552734,51.84115982055664,32.23225021362305,26.27833366394043,2273,339,101,313,646,122,0.06241832301020622,149.9319305419922,1,presenca,presenca
-56.457222,-1.815556,78.56199645996094,65.53587341308594,32.84225082397461,26.23200035095215,2431,399,61,274,983,98,0.129510760307312,131.54098510742188,1,presenca,presenca
-51.986389,-2.301667,83.08879852294922,51.74192810058594,32.23149871826172,25.84145736694336,2174,342,47,163,878,51,0.03977831080555916,262.1386413574219,1,presenca,presenca
-48.473333,-2.102778,86.66753387451172,37.963687896728516,31.253250122070313,25.771333694458008,2390,419,72,334,1133,36,0.012650096789002419,10.556940078735352,1,presenca,presenca
-48.288222,-3.725667,85.0475082397461,41.24590301513672,31.98175048828125,25.653541564941406,1964,374,36,207,983,130,0.016671687364578247,207.6503448486328,1,presenca,presenca
-49.16,-3.035278,87.34009552001953,43.505584716796875,32.1515007019043,25.97366714477539,2350,423,46,213,1142,55,0.02957688830792904,9.782803535461426,1,presenca,presenca
-59.116667,-0.583333,80.0585708618164,51.33632278442383,32.129249572753906,26.200166702270508,2221,333,103,322,714,156,0.1461978554725647,233.6455535888672,1,presenca,presenca
-59.116667,0.583333,79.5179443359375,53.92979049682617,32.474998474121094,26.253623962402344,1925,334,79,261,817,160,0.077598676085472107,264.25146484375,1,presenca,presenca
-63,-5,83.37376403808594,26.73757553100586,32.41475296020508,26.704124450683594,2406,307,80,665,389,37,0.0038792849518358707,53.05300521850586,1,presenca,presenca
-52.916667,-1.116667,81.69377136230469,61.066070556640625,32.26824951171875,25.820249557495117,1903,286,41,142,653,80,0.10061599314212799,212.23414611816406,1,presenca,presenca
-52.583333,-0.666667,81.31414031982422,62.38731002807617,32.42974853515625,25.808334350585938,2254,321,50,182,769,77,0.1400032639503479,147.8463592529297,1,presenca,presenca
-52.7,-0.783333,81.25950622558594,61.535404205322266,31.978500366210938,25.465499877929688,2171,310,49,171,750,147,0.3317132890224457,142.59042358398438,1,presenca,presenca
-54.718333,-2.436111,77.29105377197266,63.638057708740234,31.684249877929688,25.825416564941406,1989,361,29,140,976,24,0.15474794805049896,6.019239902496338,1,presenca,presenca
-58.966667,-0.116667,79.57200622558594,52.8272590637207,31.878999710083008,25.74795913696289,2155,341,97,307,774,245,0.18239045143127441,253.9191436767578,1,presenca,presenca
-63,-11,71.32849884033203,56.46332931518555,32.916500091552734,24.739999771118164,1729,284,10,257,117,283,0.06509267538785934,80.02960968017578,1,presenca,presenca
-60.05,-3.166667,81.79431915283203,49.14425277709961,32.04050064086914,26.337749481201172,2198,298,54,368,863,27,0.022752391174435616,154.85980224609375,1,presenca,presenca
-59.800556,-2.991389,80.688385009765625,49.45139694213867,31.88774871826172,26.183834075927734,2345,304,79,397,852,81,0.09139823168516159,165.8016357421875,1,presenca,presenca
-53,-4,79.53461456298828,46.73554992675781,31.556499481201172,24.70716667175293,1722,309,36,183,811,179,0.03967161476612091,14.115424156188965,1,presenca,presenca
-52.8731,-10.8339,69.62115478515625,56.69300079345703,34.96424865722656,25.757583618164063,2063,347,3,539,57,308,0.0211253073066473,260.4699401855469,1,presenca,presenca
-51.855556,1.515833,77.81646728515625,68.22516632080078,32.217498779296875,25.478166580200195,2446,335,54,193,872,155,0.03864770755171776,202.31491088867188,1,presenca,presenca
-67.81,-9.9747,70.40094757080078,85.01011657714844,32.122249603271484,25.757333755493164,1668,206,61,485,227,156,0.010193810798227787,122.25779724121094,1,presenca,presenca
-48.81,-3.483056,87.7900161743164,41.86274337768555,31.859498977661133,25.86170768737793,2168,401,42,209,1076,85,0.05944322794675827,324.1623229980469,1,presenca,presenca
-52.63,0.57,80.29267120361328,64.842437744140625,30.774999618530273,24.183582305908203,2413,321,60,209,844,411,0.20217916369438171,95.84715270996094,1,presenca,presenca
-52.08,0.39,79.930755615234375,65.759979248046875,31.98324966430664,25.418874740600586,2380,328,52,188,865,162,0.09188885241746902,89.030670166015625,1,presenca,presenca
-51.61687,-0.012935833,79.63191986083984,65.7543716430664,32.82099914550781,25.856250762939453,2372,337,42,176,905,25,0.06260613352060318,121.01200866699219,1,presenca,presenca
-51.18,2.75,75.32393646240234,66.43402099609375,32.5994987487793,25.80179214477539,2807,413,51,196,987,59,0.0840103030204773,66.26832580566406,1,presenca,presenca
-51.36,1.35,76.36022186279297,72.65238189697266,32.20750045776367,25.54341697692871,2421,344,42,153,923,142,0.03502379730343819,112.16431427001953,1,presenca,presenca
-51.71,2.48,76.53456115722656,65.8624496459961,32.22249984741211,25.34612464904785,2635,381,55,201,910,162,0.14087876677513123,43.71847915649414,1,presenca,presenca
-51.04,2.21,73.94593811035156,73.14632415771484,32.58124923706055,25.90541648864746,2656,383,42,161,958,58,0.09607819467782974,71.6090087890625,1,presenca,presenca
-52.45,0.9,79.90779113769531,65.03289794921875,32.054500579833984,25.42104148864746,2393,320,63,210,829,167,0.11728865653276443,35.403236389160156,1,presenca,presenca
-51.18,3.24,74.10740661621094,62.537696838378906,32.94974899291992,25.947250366210938,2955,437,52,208,1040,19,0.07012670487165451,52.03840637207031,1,presenca,presenca
-51.31,2.93,75.12821197509766,64.55435943603516,32.60350036621094,25.786209106445313,2844,423,51,188,1008,54,0.06918376684188843,67.19527435302734,1,presenca,presenca
-51.899289,0.129209,80.16618347167969,64.46949768066406,32.22650146484375,25.686708450317383,2389,330,47,183,882,104,0.11639837920665741,112.78620147705078,1,presenca,presenca
-51.18,1.76,75.20294189453125,73.1820297241211,32.3432502746582,25.714458465576172,2505,358,40,154,943,106,0.12287301570177078,74.78077697753906,1,presenca,presenca
-51.4,2.39,75.67882537841797,68.14057159423828,32.47774887084961,25.687957763671875,2691,388,51,193,938,97,0.11272205412387848,72.3386001586914,1,presenca,presenca
-51.8,3.43,75.0655517578125,56.937232971191406,32.486000061035156,25.46404266357422,3153,500,78,280,1038,96,0.08882825821638107,51.59250259399414,1,presenca,presenca
-51.18,3.43,72.20857238769531,62.414608001708984,33.23524856567383,26.0488338470459,2964,419,53,213,1065,7,0.03918694704771042,60.27358627319336,1,presenca,presenca
-51.04,2.48,74.0407943725586,72.23548126220703,32.7130012512207,25.944292068481445,2665,388,43,162,957,45,0.0871279165148735,74.21172332763672,1,presenca,presenca
-51.31,2.16,74.86346435546875,72.06009674072266,32.4057502746582,25.753000259399414,2595,371,45,168,948,92,0.09356937557458878,63.614688873291016,1,presenca,presenca
-51.53,2.03,76.58323669433594,69.57140350341797,32.013248443603516,25.262248992919922,2574,362,52,192,921,189,0.10740996152162552,88.7560806274414,1,presenca,presenca
-52.18,1.22,79.15091705322266,66.46350860595703,32.052249908447266,25.377500534057617,2406,325,63,207,844,176,0.018457919359207153,157.88079833984375,1,presenca,presenca
-52.22,0.81,79.82855987548828,65.7359619140625,31.930500030517578,25.334583282470703,2395,324,61,207,844,181,0.09753039479255676,67.26246643066406,1,presenca,presenca
-51.93,2.93,75.55289459228516,59.46723556518555,32.35200119018555,25.339750289916992,2775,414,59,253,934,148,0.0854775458574295,68.67115783691406,1,presenca,presenca
-51.75,3.24,75.0606918334961,57.92072296142578,32.44050216674805,25.414125442504883,3002,463,72,257,1003,113,0.08326685428619385,59.731117248535156,1,presenca,presenca
-52.35,0.16,80.518951416015625,63.537132263183594,31.69824981689453,25.171916961669922,2397,318,52,195,857,217,0.10982601344585419,214.4642333984375,1,presenca,presenca
-52.95556944,1.018297222,80.78667449951172,63.070194244384766,31.513750076293945,24.8439998626709,2367,326,61,212,794,289,0.08493702858686447,43.704017639160156,1,presenca,presenca
-52.08,0.9,78.99652862548828,67.31892395019531,32.19874954223633,25.532291412353516,2404,331,65,210,851,147,0.013106250204145908,168.10028076171875,1,presenca,presenca
-52.08,1.26,78.92192840576172,67.700164794921875,32.138999938964844,25.45862579345703,2411,328,62,203,857,159,0.022688813507556915,60.2164421081543,1,presenca,presenca
-53.225626,0.77088,81.27461242675781,60.67563247680664,31.760250091552734,25.143333435058594,2324,329,60,212,785,242,0.15044109523296356,95.33599853515625,1,presenca,presenca
-52.384179,0.730238,80.150299072265625,65.02742004394531,31.780000686645508,25.176708221435547,2406,320,61,211,835,213,0.2383039891719818,50.74717712402344,1,presenca,presenca
-60.17,-2.63,82.4005355834961,43.955692291259766,31.808250427246094,26.222749710083008,2355,313,82,409,821,69,0.04382116720080376,240.80638122558594,1,presenca,presenca
-51.51,-1.73,83.68457794189453,48.858375549316406,32.18299865722656,25.774999618530273,2231,329,48,190,831,45,0.028323648497462273,84.48847961425781,1,presenca,presenca
-67.41666666666667,-2.5833333333333304,85.86112976074219,33.49116516113281,31.430500030517578,26.156665802001953,3037,319,176,639,779,58,0.06195008009672165,117.6594467163086,0,background,background
-66.08333333333333,-9.08333333333333,75.6731185913086,57.40327072143555,32.47325134277344,25.999332427978516,1890,262,20,477,142,161,0.06939119100570679,4.523289203643799,0,background,background
-52.25,-3.9166666666666643,79.81321716308594,46.328285217285156,31.22049903869629,24.534542083740234,2155,362,36,170,955,190,0.07599012553691864,15.959186553955078,0,background,background
-58.583333333333336,-10.749999999999996,68.23628997802734,55.169429779052734,33.87324905395508,25.06712532043457,1959,339,4,240,64,281,0.11402823776006699,92.34391784667969,0,background,background
-51.91666666666667,-12.249999999999996,72.39082336425781,90.10664367675781,33.9322509765625,26.0867919921875,1662,307,2,415,50,324,0.041104938834905624,267.8326721191406,0,background,background
-63.75,0.4166666666666696,89.34226989746094,39.52768325805664,32.32550048828125,26.207332611083984,2571,369,125,471,859,52,0.021526914089918137,154.5082244873047,0,background,background
-56.41666666666667,-5.416666666666664,75.05656433105469,46.463111877441406,32.817501068115234,25.873416900634766,2380,351,48,455,971,160,0.09341095387935638,32.37577438354492,0,background,background
-64.08333333333333,-10.916666666666664,74.05870819091797,58.46934127807617,32.51274871826172,25.352209091186523,1744,273,16,413,137,301,0.279166042804718,211.11538696289063,0,background,background
-56.25,-5.7499999999999964,73.713470458984375,43.647308349609375,33.037498474121094,25.841291427612305,2507,382,42,501,1046,163,0.023322589695453644,349.45660400390625,0,background,background
-67.08333333333333,-4.416666666666664,82.33708953857422,33.808387756347656,31.80175018310547,26.253042221069336,2639,324,110,570,392,91,0.01281587965786457,346.014404296875,0,background,background
-52.583333333333336,-12.749999999999996,70.01180267333984,99.61958312988281,34.471248626708984,25.57666778564453,1627,291,2,392,42,331,0.037844616919755936,320.36920166015625,0,background,background
-65.75,-4.416666666666664,83.769866943359375,28.91927146911621,32.00825119018555,26.393583297729492,2490,323,97,508,444,87,0.018415559083223343,112.32467651367188,0,background,background
-72.91666666666667,-7.416666666666664,78.97645568847656,52.99996566772461,31.10300064086914,25.455833435058594,2248,290,66,671,231,205,0.023694470524787903,75.75775909423828,0,background,background
-50.41666666666667,-6.08333333333333,76.85125732421875,41.9447135925293,31.3489990234375,23.11858367919922,1903,303,20,274,840,551,0.2877177894115448,344.6660461425781,0,background,background
-62.25,-0.9166666666666643,87.50218963623047,32.19338607788086,31.5310001373291,26.11483383178711,2642,358,145,476,872,37,0.03318721801042557,217.22332763671875,0,background,background
-63.75,-11.083333333333329,73.3973388671875,57.89848709106445,32.23524856567383,24.92829132080078,1742,276,15,411,131,353,0.48081886768341064,209.39248657226563,0,background,background
-53.25,2.0833333333333357,80.95686340332031,57.49457550048828,31.616750717163086,24.80324935913086,2342,346,55,208,749,308,0.06326447427272797,54.29793930053711,0,background,background
-65.08333333333333,0.4166666666666696,90.33860778808594,35.13673400878906,32.29724884033203,26.136709213256836,2484,324,143,484,745,98,0.33764126896858215,105.21395874023438,0,background,background
-63.41666666666667,-2.9166666666666643,89.07537841796875,26.22742462158203,31.506999969482422,26.32079315185547,2564,298,123,597,624,59,0.005183476954698563,167.07337951660156,0,background,background
-60.583333333333336,-12.583333333333329,69.316192626953125,80.61151885986328,32.385501861572266,24.255958557128906,1803,301,9,427,87,447,0.21464551985263824,283.3999938964844,0,background,background
-57.91666666666667,-10.916666666666664,69.0828857421875,55.87539291381836,33.861751556396484,25.330041885375977,1986,334,2,458,64,259,0.0325346440076828,70.46041107177734,0,background,background
-55.75,-7.7499999999999964,67.24951934814453,49.078433990478516,34.33625030517578,25.40391731262207,2116,339,12,293,933,289,0.05960926413536072,71.36993408203125,0,background,background
-67.91666666666667,-6.916666666666664,80.31697082519531,47.91096878051758,31.742250442504883,25.71037483215332,2352,331,50,520,182,140,0.019437910988926888,53.144920349121094,0,background,background
-59.25,-15.583333333333329,68.09712219238281,158.0812530517578,33.537750244140625,26.56391716003418,1533,270,19,511,109,308,0.17833682894706726,31.56486701965332,0,background,background
-51.083333333333336,-7.2499999999999964,74.29325103759766,31.073673248291016,33.39274978637695,24.610166549682617,1952,288,13,341,775,289,0.12551620602607727,218.99993896484375,0,background,background
-59.41666666666667,-7.916666666666664,70.085540771484375,34.0952262878418,33.48699951171875,25.534208297729492,2025,307,13,295,879,200,0.08914182335138321,209.31716918945313,0,background,background
-64.91666666666667,-5.58333333333333,81.5342788696289,29.19474220275879,32.32624816894531,26.34925079345703,2660,343,81,573,406,80,0.009050928056240082,121.01416015625,0,background,background
-71.08333333333333,-6.2499999999999964,81.54595184326172,44.01832580566406,31.07775115966797,25.60279083251953,2540,295,88,753,314,180,0.013572324998676777,336.3873596191406,0,background,background
-55.25,-2.5833333333333304,77.29167175292969,63.33254623413086,32.036251068115234,25.844499588012695,1875,312,32,168,867,44,0.10276519507169724,63.49750900268555,0,background,background
-67.41666666666667,-1.2499999999999973,86.48872375488281,40.427581787109375,31.32874870300293,25.688417434692383,3022,328,196,675,757,86,0.004264994524419308,84.77198791503906,0,background,background
-56.91666666666667,-12.916666666666664,74.67610931396484,88.1392593383789,31.928998947143555,24.782791137695313,2094,354,3,850,37,343,0.09370896220207214,81.413818359375,0,background,background
-52.91666666666667,-11.249999999999996,69.72623443603516,66.02891540527344,34.81650161743164,25.703250885009766,1942,332,2,500,51,306,0.013934744521975517,248.7427978515625,0,background,background
-49.75,-7.7499999999999964,71.21269989013672,48.30644989013672,35.17150115966797,25.538249969482422,1901,278,13,297,809,181,0.020572038367390633,119.41706085205078,0,background,background
-57.583333333333336,-9.249999999999996,67.378082275390625,42.18022155761719,34.120750427246094,25.06879234313965,1973,319,7,282,885,332,0.10083792358636856,50.5131721496582,0,background,background
-50.583333333333336,0.25000000000000266,77.74241638183594,74.20813751220703,32.83675003051758,26.309417724609375,2179,365,22,91,901,3,0.0034573832526803017,296.7190856933594,0,background,background
-57.25,-4.7499999999999964,77.19884490966797,51.50705337524414,32.41175079345703,26.08304214477539,2329,326,70,393,921,153,0.12016500532627106,314.5712585449219,0,background,background
-51.25,-8.58333333333333,72.144775390625,36.19257354736328,33.693748474121094,24.664125442504883,1968,295,9,331,853,387,0.1791309416294098,296.4070739746094,0,background,background
-50.91666666666667,-1.7499999999999973,84.014434814453125,43.48779296875,32.302249908447266,25.802791595458984,2376,347,63,225,933,25,0.015963289886713028,129.26931762695313,0,background,background
-55.583333333333336,-2.9166666666666643,77.5718994140625,60.69269561767578,32.14324951171875,25.811708450317383,1957,312,37,196,818,85,0.1171099841594696,301.62213134765625,0,background,background
-55.75,1.9166666666666692,79.64422607421875,61.334320068359375,33.02399826049805,25.70170783996582,1843,357,43,160,474,344,0.18487919867038727,222.2756805419922,0,background,background
-48.41666666666667,-1.2499999999999973,82.01123046875,44.5046501159668,31.077499389648438,26.011333465576172,2698,464,63,303,1303,12,0.030306411907076836,289.47540283203125,0,background,background
-66.75,-3.9166666666666643,84.19124603271484,31.087665557861328,31.703500747680664,26.250083923339844,2786,340,130,599,570,96,0.014886715449392796,80.9885025024414,0,background,background
-65.41666666666667,-3.9166666666666643,85.24498748779297,27.6153507232666,32.00699996948242,26.452375411987305,2532,319,118,522,493,83,0.008837804198265076,52.0029411315918,0,background,background
-55.41666666666667,-3.4166666666666643,77.636932373046875,59.88654708862305,32.1879997253418,25.7552490234375,1882,303,41,210,787,82,0.13859455287456512,97.89727783203125,0,background,background
-59.91666666666667,1.2500000000000027,79.74809265136719,56.028018951416016,32.56449890136719,26.113250732421875,1843,346,57,257,943,150,0.11344911903142929,193.38136291503906,0,background,background
-64.41666666666667,1.2500000000000027,90.4421157836914,38.57364273071289,32.46574783325195,26.059459686279297,2435,341,123,430,775,146,0.7065110802650452,156.79562377929688,0,background,background
-60.583333333333336,1.9166666666666692,80.596405029296875,62.25672149658203,32.88850021362305,26.328125,1814,363,47,243,882,121,0.10815070569515228,207.43199157714844,0,background,background
-61.583333333333336,-4.58333333333333,84.950225830078125,29.87679100036621,32.281497955322266,26.673416137695313,2506,310,90,496,872,49,0.010870896279811859,85.89996337890625,0,background,background
-67.58333333333333,-2.2499999999999973,86.6216812133789,36.05522155761719,31.232999801635742,25.97104263305664,3127,331,193,647,837,94,0.012895741499960423,98.666290283203125,0,background,background
-62.25,-10.249999999999996,69.4651107788086,50.687171936035156,33.859249114990234,25.041166305541992,2069,321,13,264,130,156,0.012275168672204018,53.02058410644531,0,background,background
-58.91666666666667,-0.4166666666666643,79.96216583251953,52.03169250488281,31.653499603271484,25.64550018310547,2214,339,102,317,737,274,0.14233911037445068,241.81398010253906,0,background,background
-68.58333333333333,-4.2499999999999964,83.06584930419922,37.42330551147461,31.315750122070313,26.009124755859375,2601,301,121,577,512,130,0.029785413295030594,80.9921646118164,0,background,background
-65.58333333333333,-9.249999999999996,75.5248031616211,55.0538330078125,32.697750091552734,26.11220932006836,1836,275,17,449,141,152,0.0413224957883358,347.9826965332031,0,background,background
-61.583333333333336,1.0833333333333357,85.88774871826172,51.42179870605469,32.864749908447266,26.489665985107422,1946,327,69,268,906,46,0.0035188624169677496,173.7008056640625,0,background,background
-50.75,-5.916666666666664,77.21300506591797,37.93119430541992,32.11825180053711,24.068374633789063,1860,305,18,249,848,352,0.09360965341329575,305.2442626953125,0,background,background
-61.75,-1.7499999999999973,87.63399505615234,30.771915435791016,31.556499481201172,26.277250289916992,2510,316,134,482,702,47,0.01199592649936676,74.97914123535156,0,background,background
-63.583333333333336,-1.0833333333333304,88.2770767211914,31.339099884033203,31.428749084472656,26.01883316040039,2520,318,142,493,657,51,0.0094672329723835,34.81619644165039,0,background,background
-62.75,-8.58333333333333,71.51457977294922,44.22679138183594,32.65824890136719,25.412416458129883,2301,359,17,516,189,96,0.022319478914141655,352.9676513671875,0,background,background
-52.75,-11.083333333333329,69.40299224853516,60.55342102050781,35.35350036621094,25.83966636657715,1990,333,3,519,58,319,0.03562263399362564,280.6880187988281,0,background,background
-60.583333333333336,3.5833333333333357,83.3723373413086,73.39689636230469,33.41350173950195,26.4737491607666,1714,329,38,278,821,92,0.016486359760165215,171.90809631347656,0,background,background
-71.75,-7.2499999999999964,79.8653564453125,51.532867431640625,30.816499710083008,25.312376022338867,2340,281,75,731,263,188,0.04818938300013542,3.816665747010707e-14,0,background,background
-67.08333333333333,-0.7499999999999973,87.1904067993164,43.06197738647461,31.53874969482422,25.8226261138916,2803,312,175,616,703,65,0.002443258184939623,288.54925537109375,0,background,background
-58.41666666666667,-3.5833333333333304,78.56657409667969,55.94375991821289,32.70750045776367,26.508541107177734,2212,308,80,318,879,38,0.0248719435185194,1.2722218874358041e-14,0,background,background
-67.41666666666667,-2.4166666666666643,86.44294738769531,34.35549545288086,31.34950065612793,26.074583053588867,3097,329,184,731,702,81,0.06850016117095947,124.56444549560547,0,background,background
-52.083333333333336,-9.58333333333333,71.64508056640625,37.51856231689453,34.44599914550781,25.66729164123535,1988,317,6,322,63,298,0.09656499326229095,263.2977294921875,0,background,background
-54.75,-4.416666666666664,77.75642395019531,49.81413269042969,31.291749954223633,24.49774932861328,1881,315,43,273,815,318,0.0937066525220871,90.95052337646484,0,background,background
-66.58333333333333,-9.416666666666664,74.33763885498047,65.13176727294922,32.512001037597656,26.082416534423828,1906,282,15,478,150,149,0.037320517003536224,323.30352783203125,0,background,background
-53.083333333333336,-9.416666666666664,69.9904556274414,36.160438537597656,34.395751953125,25.35995864868164,2090,340,7,363,953,332,0.017304491251707077,298.1393737792969,0,background,background
-54.583333333333336,-9.249999999999996,65.57903289794922,62.65822982788086,34.56050109863281,24.774791717529297,2182,331,9,154,952,499,0.29659706354141235,110.79845428466797,0,background,background
-63.583333333333336,-4.2499999999999964,86.20588684082031,27.529314041137695,31.945249557495117,26.538249969482422,2195,261,84,570,435,53,0.028413312509655952,64.043975830078125,0,background,background
-64.75,-8.58333333333333,75.2662124633789,45.50616455078125,32.87575149536133,26.009790420532227,2122,304,24,505,177,109,0.011343707330524921,31.076915740966797,0,background,background
-70.91666666666667,-6.7499999999999964,81.674346923828125,45.708168029785156,31.022249221801758,25.510082244873047,2459,291,71,752,277,174,0.052139706909656525,169.69320678710938,0,background,background
-67.75,-7.916666666666664,78.89610290527344,59.93741226196289,31.709501266479492,25.51129150390625,2110,301,37,476,132,161,0.025638166815042496,73.26158905029297,0,background,background
-61.41666666666667,-0.08333333333333037,86.12378692626953,41.82843017578125,32.36149978637695,26.56974983215332,2267,340,104,373,865,39,0.010221527889370918,351.3114929199219,0,background,background
-53.75,-4.7499999999999964,77.9242935180664,43.853424072265625,31.94325065612793,24.870832443237305,1712,296,26,248,818,189,0.03317892178893089,67.26134490966797,0,background,background
-54.75,-1.9166666666666643,78.38079833984375,66.06459045410156,32.540748596191406,26.064916610717773,1640,295,27,154,791,13,0.06563529372215271,212.77780151367188,0,background,background
-47.41666666666667,-3.5833333333333304,83.159271240234375,45.84126281738281,31.968250274658203,25.364707946777344,1827,358,36,184,906,161,0.07384941726922989,98.1684799194336,0,background,background
-62.91666666666667,-6.58333333333333,76.889404296875,34.669193267822266,32.989749908447266,26.05329132080078,2181,306,39,338,266,70,0.028533615171909332,119.3613052368164,0,background,background
-56.75,-3.2499999999999964,76.646881103515625,64.27537536621094,32.87174987792969,26.300500869750977,2222,325,56,274,886,54,0.011522368527948856,312.419677734375,0,background,background
-58.083333333333336,0.9166666666666696,78.95861053466797,54.785499572753906,31.277250289916992,24.984708786010742,1946,337,68,229,819,432,0.35262757539749146,232.84791564941406,0,background,background
-53.083333333333336,-2.0833333333333304,82.52385711669922,56.92380142211914,31.967750549316406,25.86887550354004,1812,295,30,113,663,51,0.14112921059131622,343.9521179199219,0,background,background
-52.91666666666667,-7.416666666666664,72.44480895996094,31.89910125732422,33.4787483215332,24.68516731262207,2025,302,15,333,896,316,0.06121344119310379,93.27555084228516,0,background,background
-51.41666666666667,4.083333333333336,74.30992889404297,52.955421447753906,32.79600143432617,26.009374618530273,3258,500,67,278,1065,5,0.006410784088075161,64.89093780517578,0,background,background
-65.58333333333333,-9.08333333333333,75.7081298828125,53.49128723144531,32.654998779296875,26.082332611083984,1875,272,19,462,141,144,0.04899158701300621,1.82890784740448,0,background,background
-59.41666666666667,-0.9166666666666643,80.36267852783203,49.24568557739258,32.12324905395508,26.2432918548584,2250,319,109,341,670,129,0.07016081362962723,175.5817108154297,0,background,background
-50.91666666666667,-4.2499999999999964,80.703338623046875,44.15254211425781,31.60849952697754,24.8105411529541,1901,356,30,186,952,186,0.07730495184659958,82.48960876464844,0,background,background
-57.583333333333336,-14.583333333333329,74.8887710571289,116.3356704711914,31.977998733520508,25.632457733154297,1697,294,10,799,64,310,0.09908310323953629,224.12994384765625,0,background,background
-69.75,-10.749999999999996,72.82194519042969,83.921630859375,31.355998992919922,25.038541793823242,1666,229,21,579,78,311,0.028055576607584953,342.898193359375,0,background,background
-45.41666666666667,-1.4166666666666643,83.69780731201172,37.12318801879883,31.308298110961914,26.260650634765625,2243,447,9,81,1168,8,0.024999160319566727,25.62575340270996,0,background,background
-54.91666666666667,1.0833333333333357,81.43701171875,55.43341064453125,31.420000076293945,24.844165802001953,2125,352,59,202,641,376,0.05457412078976631,29.684467315673828,0,background,background
-51.083333333333336,-7.08333333333333,74.597198486328125,31.91489028930664,32.879249572753906,24.158082962036133,1973,294,13,343,770,366,0.18517035245895386,246.6304473876953,0,background,background
-50.25,-3.0833333333333304,85.0110092163086,44.378883361816406,32.03200149536133,25.712291717529297,2407,443,39,197,1176,64,0.031764473766088486,7.693377494812012,0,background,background
-54.41666666666667,-7.2499999999999964,70.67644500732422,41.01142501831055,33.74300003051758,25.14408302307129,2196,341,13,310,1011,286,0.03698410838842392,271.80645751953125,0,background,background
-68.25,-2.9166666666666643,85.53485870361328,36.758968353271484,31.201250076293945,25.877792358398438,3105,309,184,767,768,95,0.06045633926987648,200.19656372070313,0,background,background
-52.91666666666667,-1.5833333333333304,81.67082214355469,61.74102020263672,32.40650177001953,26.071125030517578,1789,290,31,121,640,36,0.10900713503360748,153.03457641601563,0,background,background
-51.583333333333336,-9.08333333333333,71.93596649169922,37.450286865234375,33.54199981689453,24.697500228881836,1967,305,8,324,72,430,0.03280367702245712,122.216064453125,0,background,background
-55.75,-0.7499999999999973,80.05892181396484,61.632999420166016,31.65825080871582,25.102582931518555,2469,372,110,348,822,311,0.11102721840143204,247.1370391845703,0,background,background
-64.91666666666667,-4.58333333333333,84.536529541015625,27.00992202758789,32.03300094604492,26.430376052856445,2308,297,90,473,402,86,0.013341055251657963,125.63353729248047,0,background,background
-60.75,-6.416666666666664,77.31877136230469,33.549564361572266,33.31975173950195,26.498790740966797,2507,339,46,554,1004,67,0.021546583622694016,7.249791145324707,0,background,background
-47.583333333333336,-3.0833333333333304,84.397613525390625,43.40176773071289,31.774499893188477,25.524749755859375,1966,383,44,184,972,115,0.08839374035596848,311.5959167480469,0,background,background
-54.41666666666667,-4.916666666666664,76.74385833740234,46.360347747802734,31.88224983215332,24.709999084472656,1827,312,29,287,849,261,0.022112900391221046,307.9598388671875,0,background,background
-55.41666666666667,-12.583333333333329,72.72753143310547,78.67095947265625,32.8802490234375,24.646291732788086,1904,332,1,761,23,399,0.04631638899445534,322.0660400390625,0,background,background
-69.08333333333333,-4.7499999999999964,81.93342590332031,38.861053466796875,31.273000717163086,26.019332885742188,2644,307,109,605,479,151,0.023709235712885857,0.9360978603363037,0,background,background
-60.41666666666667,-10.916666666666664,69.96630859375,56.096744537353516,33.08399963378906,24.892667770385742,1978,343,7,238,90,207,0.08512017130851746,315.41680908203125,0,background,background
-52.91666666666667,-6.58333333333333,73.77947235107422,31.478572845458984,33.41350173950195,24.83129119873047,1996,308,23,301,892,224,0.050457991659641266,12.000603675842285,0,background,background
-56.25,-3.9166666666666643,77.3270492553711,59.11042404174805,32.51100158691406,25.91812515258789,2071,309,63,293,844,111,0.029502330347895622,324.75628662109375,0,background,background
-45.91666666666667,-1.2499999999999973,81.68463134765625,41.46002197265625,31.5930233001709,26.099708557128906,2183,459,5,64,1169,13,0.031194910407066345,18.772663116455078,0,background,background
-55.25,-12.083333333333329,70.8752670288086,70.67808532714844,33.79375076293945,24.963167190551758,1853,318,1,466,45,364,0.037060875445604324,54.03990173339844,0,background,background
-61.25,2.7500000000000027,83.35302734375,66.1550064086914,33.13850021362305,26.45720863342285,1855,352,49,293,876,93,0.06058787554502487,32.83210754394531,0,background,background
-62.41666666666667,0.5833333333333357,87.99011993408203,44.90270233154297,32.37200164794922,26.238290786743164,1972,310,90,310,710,52,0.02575356513261795,185.1601104736328,0,background,background
-56.083333333333336,-12.416666666666664,73.43163299560547,80.88626861572266,32.756248474121094,24.793750762939453,2102,359,2,755,33,355,0.0050283875316381454,51.80875778198242,0,background,background
-66.08333333333333,-8.08333333333333,77.5426254272461,48.57728958129883,32.368751525878906,26.014667510986328,2214,315,27,524,187,116,0.015576891601085663,53.21812438964844,0,background,background
-50.41666666666667,-5.7499999999999964,77.52372741699219,41.329689025878906,32.558250427246094,24.628917694091797,1849,309,20,230,855,259,0.23599839210510254,38.53853225708008,0,background,background
-53.25,-6.2499999999999964,73.966644287109375,34.718013763427734,32.9375,24.499290466308594,1972,315,24,279,900,295,0.004395033232867718,315.02276611328125,0,background,background
-61.75,-7.08333333333333,75.08538818359375,34.56058120727539,33.262001037597656,26.0778751373291,2412,346,35,532,278,73,0.016639329493045807,322.5699462890625,0,background,background
-47.25,-2.9166666666666643,83.94615936279297,43.42808532714844,31.628250122070313,25.443208694458008,1947,384,46,254,950,122,0.03928243741393089,327.2364807128906,0,background,background
-52.25,-2.7499999999999964,82.1227035522461,56.18217086791992,32.280250549316406,25.436458587646484,1984,349,37,144,876,113,0.10222376883029938,77.2616958618164,0,background,background
-47.75,-1.9166666666666643,85.370361328125,42.9491081237793,31.5570011138916,25.78354263305664,2247,431,57,233,1115,33,0.009381674230098724,335.6887512207031,0,background,background
-53.91666666666667,-3.4166666666666643,79.39440155029297,52.688655853271484,31.072500228881836,24.802583694458008,1674,299,39,172,751,197,0.09057829529047012,337.93255615234375,0,background,background
-59.75,-14.416666666666664,69.66454315185547,129.40185546875,33.1150016784668,26.208791732788086,1672,295,11,572,91,240,0.20624449849128723,286.9815368652344,0,background,background
-56.083333333333336,1.2500000000000027,79.27461242675781,55.62102508544922,32.141998291015625,25.47516632080078,1991,365,53,187,543,334,0.0017357405740767717,333.58319091796875,0,background,background
-61.75,0.7500000000000027,86.0831069946289,47.17642593383789,32.5260009765625,26.35033416748047,1989,317,77,288,780,47,0.004886516369879246,71.45075988769531,0,background,background
-48.91666666666667,-7.7499999999999964,69.99549102783203,53.78687286376953,35.05125045776367,25.324291229248047,1838,289,11,276,826,196,0.06664115935564041,239.89959716796875,0,background,background
-49.75,-6.7499999999999964,71.626922607421875,50.59905242919922,34.44525146484375,24.882707595825195,1857,282,19,298,733,260,0.09945707023143768,117.9625473022461,0,background,background
-61.91666666666667,-10.916666666666664,69.42344665527344,57.052947998046875,33.96799850463867,24.853500366210938,2111,382,13,313,116,165,0.04828448221087456,339.0097351074219,0,background,background
-65.08333333333333,-7.416666666666664,77.30987548828125,36.76115036010742,32.80924987792969,26.209083557128906,2587,340,40,607,304,79,0.025345223024487495,79.3972396850586,0,background,background
-67.91666666666667,-5.2499999999999964,81.69038391113281,38.4572868347168,31.616750717163086,25.957042694091797,2651,331,87,599,324,126,0.019769437611103058,43.336185455322266,0,background,background
-62.583333333333336,-7.2499999999999964,74.40872955322266,38.93219757080078,33.13249969482422,25.80154037475586,2190,326,29,317,246,74,0.025671660900115967,324.8319091796875,0,background,background
-54.91666666666667,-9.58333333333333,65.4479751586914,64.363250732421875,35.274749755859375,25.34754180908203,2275,355,8,145,1006,414,0.1990031749010086,211.41726684570313,0,background,background
-61.75,-9.08333333333333,70.72955322265625,41.407501220703125,33.20124816894531,25.265249252319336,2267,336,18,333,165,127,0.034527525305747986,337.3612365722656,0,background,background
-56.91666666666667,-13.749999999999996,76.762664794921875,78.79331970214844,31.764999389648438,24.62966537475586,1935,323,4,752,42,429,0.17547465860843658,51.99826431274414,0,background,background
-46.75,-4.2499999999999964,80.62259674072266,48.187652587890625,32.026248931884766,25.154541015625,1494,304,16,161,761,214,0.11397667974233627,129.86785888671875,0,background,background
-64.91666666666667,-2.7499999999999964,89.11206817626953,23.682235717773438,31.873249053955078,26.590208053588867,3353,371,191,721,806,43,0.011590234935283661,193.49778747558594,0,background,background
-52.91666666666667,-3.9166666666666643,79.79064178466797,48.748199462890625,31.635000228881836,24.888208389282227,1723,319,34,173,815,159,0.02057552896440029,169.16107177734375,0,background,background
-55.75,-0.08333333333333037,80.2150650024414,58.95477294921875,31.796499252319336,25.178958892822266,2409,359,95,312,752,315,0.07109005749225616,256.4045104980469,0,background,background
-69.41666666666667,-9.916666666666664,75.04753875732422,82.53958892822266,31.402999877929688,25.219667434692383,1858,267,27,631,109,218,0.028255170211195946,93.15380096435547,0,background,background
-54.75,1.9166666666666692,82.446746826171875,53.89855194091797,31.552249908447266,24.947834014892578,2096,357,49,185,606,355,0.07775808125734329,128.2967529296875,0,background,background
-67.91666666666667,-2.0833333333333304,86.469207763671875,36.90214538574219,31.121000289916992,25.857999801635742,3210,331,208,755,860,105,0.025707019492983818,28.73995590209961,0,background,background
-64.08333333333333,0.5833333333333357,89.6465072631836,38.22135925292969,32.36800003051758,26.21933364868164,2572,367,127,471,852,66,0.02334909327328205,144.6427459716797,0,background,background
-54.583333333333336,2.0833333333333357,82.26519775390625,54.128971099853516,31.644250869750977,24.985416412353516,2132,359,49,187,615,337,0.1167798563838005,121.05186462402344,0,background,background
-65.75,-8.249999999999996,76.74781036376953,48.081817626953125,32.527748107910156,26.063167572021484,2168,312,22,529,155,116,0.020675361156463623,88.9229736328125,0,background,background
-59.083333333333336,-10.08333333333333,68.77659606933594,46.43265151977539,34.026248931884766,25.49625015258789,1936,324,6,226,87,173,0.11039949208498001,6.934629917144775,0,background,background
-66.75,-3.5833333333333304,84.52595520019531,31.123205184936523,31.696250915527344,26.26074981689453,2871,339,143,623,613,93,0.005914981942623854,23.09973907470703,0,background,background
-55.91666666666667,2.0833333333333357,80.04698944091797,59.134666442871094,32.991249084472656,25.79570770263672,1788,352,42,154,438,340,0.1929836869239807,220.4298095703125,0,background,background
-56.91666666666667,0.9166666666666696,78.92749786376953,54.856807708740234,32.327999114990234,25.922250747680664,2036,360,65,216,536,231,0.01328696496784687,164.8404541015625,0,background,background
-49.583333333333336,-3.7499999999999964,86.05305480957031,53.56178283691406,32.84975051879883,26.15862464904785,2353,420,33,144,1156,67,0.05675038695335388,54.88439178466797,0,background,background
-48.91666666666667,-6.08333333333333,72.11451721191406,53.131744384765625,34.65475082397461,25.564416885375977,1655,290,23,208,772,148,0.04889823496341705,313.7443542480469,0,background,background
-61.41666666666667,-1.9166666666666643,86.38655090332031,32.51744079589844,31.5887508392334,26.369125366210938,2551,335,126,502,654,31,0.031857773661613464,12.604996681213379,0,background,background
-52.083333333333336,-4.2499999999999964,79.64623260498047,43.37333297729492,31.090749740600586,24.285207748413086,2088,339,38,185,937,211,0.046835627406835556,325.23162841796875,0,background,background
-57.25,-1.9166666666666643,77.680419921875,63.16831588745117,32.76599884033203,26.236000061035156,2397,376,61,272,964,83,0.05080883949995041,81.20063018798828,0,background,background
-56.91666666666667,-5.08333333333333,76.1622314453125,49.769264221191406,32.735748291015625,26.080249786376953,2266,309,58,401,889,127,0.07332828640937805,103.48497772216797,0,background,background
-63.083333333333336,-3.2499999999999964,88.59590148925781,26.359527587890625,31.5572509765625,26.354999542236328,2490,297,109,589,584,48,0.013754290528595448,139.71861267089844,0,background,background
-65.91666666666667,-7.08333333333333,79.2574691772461,39.01773452758789,32.329498291015625,26.048084259033203,2624,352,45,585,311,106,0.009911949746310711,41.84561538696289,0,background,background
-61.583333333333336,3.5833333333333357,85.56847381591797,62.914676666259766,32.8754997253418,26.034584045410156,1965,350,59,281,902,120,0.19994764029979706,131.36331176757813,0,background,background
-67.41666666666667,-3.2499999999999964,85.32810974121094,33.329368591308594,31.52174949645996,26.221750259399414,2855,303,157,611,671,63,0.011730121448636055,34.0794792175293,0,background,background
-68.58333333333333,-5.416666666666664,82.07611083984375,39.35306167602539,31.517250061035156,25.92595672607422,2756,338,93,638,324,136,0.03024391271173954,90,0,background,background
-59.583333333333336,-8.416666666666664,69.8731689453125,35.17534637451172,33.8025016784668,25.759292602539063,2056,318,11,288,136,129,0.048776209354400635,269.5434875488281,0,background,background
-52.91666666666667,-1.9166666666666643,82.75019073486328,56.407081604003906,32.4422492980957,26.165624618530273,1831,295,32,121,662,18,0.08936762809753418,350.79833984375,0,background,background
-64.25,-3.9166666666666643,87.02156066894531,26.655685424804688,31.925498962402344,26.52716636657715,2235,262,90,460,448,71,0.02504567615687847,54.962337493896484,0,background,background
-63.91666666666667,-2.2499999999999973,89.67520904541016,24.560976028442383,31.502750396728516,26.304290771484375,2845,322,159,635,760,66,0.004182193428277969,158.31590270996094,0,background,background
-73.08333333333333,-6.7499999999999964,80.35144805908203,47.73506164550781,31.217750549316406,25.607166290283203,2440,290,91,710,303,221,0.045407649129629135,353.1169738769531,0,background,background
-57.583333333333336,1.5833333333333357,78.74073028564453,54.97317886352539,32.11000061035156,25.766624450683594,1863,342,54,189,390,263,0.0074741896241903305,171.08314514160156,0,background,background
-55.75,-10.416666666666664,67.558837890625,51.220985412597656,35.91175079345703,25.862709045410156,2072,339,7,309,956,280,0.022321268916130066,352.9305419921875,0,background,background
-51.25,-8.416666666666664,72.33602142333984,35.06967544555664,34.08224868774414,24.933292388916016,1963,291,10,335,844,323,0.13440021872520447,313.94512939453125,0,background,background
-54.75,-7.416666666666664,69.656005859375,43.19477462768555,34.115501403808594,25.448625564575195,2245,353,10,307,1036,249,0.011605010367929935,50.48615264892578,0,background,background
-72.41666666666667,-6.58333333333333,80.32438659667969,47.676353454589844,30.98150062561035,25.477209091186523,2522,284,91,746,313,203,0.06223069876432419,353.1866149902344,0,background,background
-66.91666666666667,-3.4166666666666643,85.04247283935547,31.29958152770996,31.61225128173828,26.237998962402344,2884,326,151,627,643,90,0.012609574943780899,315.14178466796875,0,background,background
-61.41666666666667,-5.416666666666664,82.88117218017578,31.49457359313965,32.80175018310547,26.680625915527344,2426,311,72,484,911,58,0.016893398016691208,80.73323059082031,0,background,background
-61.75,-10.58333333333333,70.64165496826172,52.06685256958008,32.97875213623047,24.706790924072266,2079,359,13,265,114,181,0.07959534227848053,259.0228576660156,0,background,background
-70.58333333333333,-6.08333333333333,82.00603485107422,42.66801452636719,31.334749221801758,25.811582565307617,2516,308,82,629,295,146,0.0342683345079422,308.5893249511719,0,background,background
-63.91666666666667,-9.916666666666664,72.36480712890625,52.420047760009766,33.34825134277344,25.698583602905273,2033,321,17,480,153,173,0.0214066281914711,3.1479029655456543,0,background,background
-65.75,-2.7499999999999964,87.63826751708984,27.129222869873047,31.88399887084961,26.551000595092773,3023,341,172,641,734,57,0.03572390228509903,325.768310546875,0,background,background
-65.08333333333333,-7.916666666666664,76.41349792480469,41.12720489501953,32.81924819946289,26.099750518798828,2380,317,30,571,236,96,0.025760069489479065,331.0456237792969,0,background,background
-68.58333333333333,-2.2499999999999973,85.73673248291016,38.17255401611328,31.044750213623047,26.05933380126953,3404,345,227,835,852,114,0.018402384594082832,27.506071090698242,0,background,background
-72.08333333333333,-6.2499999999999964,81.2918930053711,46.15066909790039,31.10525131225586,25.704750061035156,2579,291,97,757,335,160,0.043206632137298584,322.3277893066406,0,background,background
-55.583333333333336,-4.7499999999999964,77.42168426513672,50.898414611816406,31.71000099182129,24.896541595458984,2272,355,56,400,948,301,0.1352771818637848,272.1402893066406,0,background,background
-60.75,-5.916666666666664,79.7068862915039,34.30967712402344,33.1822509765625,26.685041427612305,2527,339,58,530,994,56,0.009013857692480087,7.421046257019043,0,background,background
-63.583333333333336,-11.416666666666664,73.02928924560547,60.559410095214844,32.747501373291016,25.405792236328125,1648,265,12,389,117,237,0.023493831977248192,98.5616683959961,0,background,background
-53.083333333333336,-11.249999999999996,69.4866714477539,65.7115249633789,34.75175094604492,25.5714168548584,1969,339,2,505,50,315,0.014444069936871529,247.87205505371094,0,background,background
-65.08333333333333,-2.4166666666666643,88.8919448852539,25.0108642578125,31.81624984741211,26.528457641601563,3788,409,227,825,954,50,0.022853542119264603,245.91323852539063,0,background,background
-48.41666666666667,-2.9166666666666643,87.713897705078125,39.47904968261719,31.68174934387207,25.810333251953125,2193,407,50,209,1077,63,0.035392291843891144,351.205322265625,0,background,background
-51.91666666666667,-6.7499999999999964,72.8221664428711,29.5793399810791,34.03350067138672,24.658416748046875,2011,316,18,325,881,233,0.08820077031850815,55.05453109741211,0,background,background
-60.083333333333336,-12.083333333333329,69.1875228881836,74.85612487792969,32.330501556396484,24.071666717529297,1923,324,6,432,89,445,0.0716109573841095,337.30462646484375,0,background,background
-64.25,-4.58333333333333,84.49652862548828,26.988372802734375,32.11249923706055,26.49737548828125,2341,295,85,501,411,69,0.011056539602577686,18.374267578125,0,background,background
-44.91666666666667,-3.9166666666666643,78.1146011352539,72.3656234741211,34.333499908447266,26.70512580871582,1703,358,21,114,949,14,0.021574363112449646,37.57249450683594,0,background,background
-61.75,-7.2499999999999964,74.54051208496094,34.79008483886719,33.257999420166016,25.985332489013672,2397,352,31,532,262,76,0.02922244369983673,326.9112548828125,0,background,background
-51.41666666666667,1.2500000000000027,76.68876647949219,72.38558197021484,32.19824981689453,25.562334060668945,2381,342,40,147,916,140,0.05155635625123978,137.62158203125,0,background,background
-51.583333333333336,-6.08333333333333,74.557891845703125,33.808631896972656,33.063751220703125,24.307458877563477,1916,307,21,376,866,281,0.10761626809835434,239.150146484375,0,background,background
-58.083333333333336,-2.0833333333333304,77.92293548583984,60.08116149902344,32.69725036621094,26.349292755126953,2178,315,62,254,856,64,0.07661370187997818,231.39710998535156,0,background,background
-55.25,-12.916666666666664,73.1343002319336,84.16578674316406,32.57624816894531,24.480375289916992,1866,328,2,743,25,428,0.03521585837006569,37.38676071166992,0,background,background
-59.083333333333336,-6.416666666666664,73.16405487060547,36.90414047241211,33.42000198364258,26.393333435058594,2151,305,32,464,889,95,0.034298110753297806,283.097900390625,0,background,background
-55.41666666666667,-5.2499999999999964,75.71458435058594,46.37303161621094,32.33000183105469,25.156084060668945,2423,387,41,457,1038,241,0.07104462385177612,16.8089656829834,0,background,background
-54.083333333333336,-10.749999999999996,68.18205261230469,46.75341033935547,34.86750030517578,25.332666397094727,2170,383,3,324,57,353,0.10851863771677017,160.98422241210938,0,background,background
-66.25,-2.5833333333333304,86.65906524658203,29.212207794189453,31.776750564575195,26.438125610351563,2744,305,160,573,577,61,0.037339191883802414,348.0549011230469,0,background,background
-54.083333333333336,-1.4166666666666643,79.4078140258789,71.03398132324219,32.18925094604492,25.33658218383789,1910,331,41,148,890,201,0.44146785140037537,152.21266174316406,0,background,background
-51.91666666666667,1.4166666666666692,78.224578857421875,68.56648254394531,32.257999420166016,25.53783416748047,2427,333,56,191,870,142,0.002730773063376546,261.81829833984375,0,background,background
-69.41666666666667,-4.7499999999999964,81.53985595703125,40.1159782409668,31.243499755859375,26.110708236694336,2593,302,106,600,467,147,0.041155122220516205,324.3006591796875,0,background,background
-45.75,-2.2499999999999973,82.07157897949219,46.178009033203125,32.01449966430664,25.997791290283203,2450,428,24,140,1151,50,0.040059398859739304,148.6169891357422,0,background,background
-55.25,1.7500000000000027,82.1491928100586,52.82799530029297,31.593250274658203,25.179166793823242,1984,356,47,174,556,369,0.06188901513814926,156.46092224121094,0,background,background
-68.58333333333333,-7.416666666666664,80.44500732421875,54.947208404541016,31.548500061035156,25.475208282470703,2278,327,46,521,172,161,0.020189406350255013,62.48544692993164,0,background,background
-69.91666666666667,0.4166666666666696,86.48835754394531,50.749324798583984,30.776748657226563,25.328874588012695,3254,359,220,710,915,176,0.054965339601039886,130.0459442138672,0,background,background
-73.41666666666667,-7.7499999999999964,79.82247161865234,52.02957534790039,31.36924934387207,25.55637550354004,2203,296,59,669,227,249,0.06532425433397293,73.7630615234375,0,background,background
-57.083333333333336,-3.2499999999999964,76.65513610839844,63.84067153930664,32.93400192260742,26.42508316040039,2322,327,70,287,900,40,0.023091306909918785,319.2306823730469,0,background,background
-52.083333333333336,-3.9166666666666643,79.74995422363281,46.22850036621094,31.10824966430664,24.49712562561035,2316,369,38,170,995,180,0.09116780757904053,17.2824764251709,0,background,background
-67.08333333333333,-9.58333333333333,73.0840072631836,72.15453338623047,32.30575180053711,25.905292510986328,1895,293,19,451,165,163,0.025785893201828003,124.9390869140625,0,background,background
-61.583333333333336,-11.583333333333329,69.01310729980469,64.07646179199219,33.89875030517578,24.87208366394043,1876,340,9,260,85,209,0.04113566875457764,332.6296081542969,0,background,background
-48.583333333333336,-2.4166666666666643,87.23589324951172,38.67405319213867,31.51824951171875,25.810832977294922,2340,417,61,216,1126,45,0.02268839254975319,306.8345642089844,0,background,background
-58.583333333333336,-8.249999999999996,68.27315521240234,34.367523193359375,34.15800094604492,25.815332412719727,2045,315,9,287,913,147,0.04747752845287323,75.78489685058594,0,background,background
-68.25,-7.58333333333333,80.05290985107422,56.95158386230469,31.522249221801758,25.42074966430664,2218,322,43,497,159,175,0.06180225685238838,1.0830978155136108,0,background,background
-68.08333333333333,-0.4166666666666643,87.09668731689453,44.938194274902344,30.985750198364258,25.355125427246094,3301,343,222,735,809,102,0.01320401020348072,69.3176040649414,0,background,background
-64.91666666666667,-3.7499999999999964,86.18096923828125,26.642391204833984,32.08049774169922,26.58037567138672,2498,298,115,516,510,70,0.02476261556148529,310.0498046875,0,background,background
-65.91666666666667,-4.7499999999999964,82.94820404052734,30.17462921142578,32.00600051879883,26.331666946411133,2527,327,88,513,429,92,0.02392919547855854,114.97705078125,0,background,background
-48.91666666666667,-5.916666666666664,72.64825439453125,54.366729736328125,34.56475067138672,25.626998901367188,1664,294,24,198,785,141,0.061279524117708206,284.31964111328125,0,background,background
-54.75,-7.7499999999999964,68.843597412109375,46.57288360595703,34.287750244140625,25.45516586303711,2180,339,10,310,988,269,0.017298396676778793,277.7467956542969,0,background,background
-54.583333333333336,-11.583333333333329,69.59404754638672,62.192264556884766,34.188751220703125,25.055625915527344,1866,326,0,474,45,361,0.034739043563604355,301.7212219238281,0,background,background
-67.25,-4.08333333333333,83.2007064819336,33.48283386230469,31.67875099182129,26.231082916259766,2695,326,121,587,545,90,0.012301512993872166,282.77606201171875,0,background,background
-62.25,-5.58333333333333,81.810302734375,29.32463836669922,32.732749938964844,26.450790405273438,2209,289,60,452,823,67,0.0033386654686182737,54.408294677734375,0,background,background
-64.91666666666667,-0.4166666666666643,89.46717071533203,33.1635627746582,31.916000366210938,26.284250259399414,2468,316,152,484,703,56,0.029626112431287766,175.5159912109375,0,background,background
-68.41666666666667,-2.2499999999999973,86.04048919677734,37.78914260864258,31.065750122070313,26.06212615966797,3355,335,221,816,851,108,0.007393957581371069,357.00506591796875,0,background,background
-59.91666666666667,-3.7499999999999964,81.27082824707031,46.25038528442383,32.18199920654297,26.374916076660156,2178,273,69,372,809,38,0.00822511687874794,44.868568420410156,0,background,background
-52.75,1.5833333333333357,80.203643798828125,62.062870025634766,31.905750274658203,25.161209106445313,2384,330,60,210,789,222,0.19161565601825714,70.94170379638672,0,background,background
-67.91666666666667,-9.749999999999996,71.69468688964844,85.21524810791016,31.80699920654297,25.475666046142578,1722,223,51,516,210,183,0.025257188826799393,82.92933654785156,0,background,background
-51.583333333333336,1.2500000000000027,77.33026123046875,70.81487274169922,32.216251373291016,25.55929183959961,2385,338,46,163,897,139,0.03905545175075531,140.01333618164063,0,background,background
-51.583333333333336,-9.416666666666664,71.77741241455078,38.64312744140625,33.77524948120117,24.9581241607666,1957,309,7,312,66,421,0.15816240012645721,268.0286560058594,0,background,background
-70.75,-5.58333333333333,81.664154052734375,42.2667121887207,31.282249450683594,25.932458877563477,2550,296,101,711,348,150,0.005411520600318909,339.000732421875,0,background,background
-67.75,-7.2499999999999964,79.8072280883789,51.025672912597656,31.73525047302246,25.621458053588867,2223,327,46,477,162,154,0.011055098846554756,129.25411987304688,0,background,background
-66.08333333333333,-1.4166666666666643,88.0352783203125,33.285667419433594,31.753250122070313,26.127582550048828,2646,315,162,555,667,73,0.013414802961051464,170.05471801757813,0,background,background
-52.91666666666667,-6.916666666666664,73.25019073486328,30.514442443847656,33.30175018310547,24.637792587280273,2023,303,20,314,900,282,0.0680275484919548,257.7972717285156,0,background,background
-65.58333333333333,-2.7499999999999964,87.9059066772461,26.74762725830078,31.842748641967773,26.476125717163086,3160,353,180,673,769,69,0.0404169037938118,1.2722218874358041e-14,0,background,background
-67.58333333333333,-3.7499999999999964,84.1561050415039,33.9661979675293,31.562999725341797,26.23812484741211,2727,315,138,588,586,74,0.029654307290911674,123.39557647705078,0,background,background
-54.41666666666667,-8.249999999999996,68.562469482421875,48.49653625488281,34.30424880981445,25.309707641601563,2066,328,11,342,883,323,0.050124138593673706,300.2623291015625,0,background,background
-47.41666666666667,-2.2499999999999973,83.56243896484375,46.012107849121094,31.863500595092773,25.653207778930664,2113,413,54,225,1064,74,0.053157810121774673,313.9891662597656,0,background,background
-53.25,-1.9166666666666643,82.19775390625,57.50376510620117,32.294498443603516,26.24620819091797,1731,288,25,99,618,5,0.0340142659842968,346.2044372558594,0,background,background
-69.75,-6.2499999999999964,82.6368179321289,41.85612869262695,31.520999908447266,25.721750259399414,2521,329,70,606,264,155,0.03362669050693512,40.2916259765625,0,background,background
-57.91666666666667,-2.2499999999999973,77.7372055053711,60.959747314453125,32.67074966430664,26.270584106445313,2134,315,54,242,869,78,0.09544654190540314,222.52635192871094,0,background,background
-58.25,-5.416666666666664,75.56095123291016,44.062904357910156,32.74924850463867,26.24683380126953,2286,315,47,427,920,140,0.07216588407754898,326.0281982421875,0,background,background
-60.25,-9.08333333333333,69.98054504394531,39.245662689208984,33.55299758911133,25.496292114257813,2132,334,9,273,124,130,0.040042292326688766,253.07257080078125,0,background,background
-64.25,-1.4166666666666643,89.16839599609375,28.031978607177734,31.604249954223633,26.133541107177734,2745,330,164,570,833,65,0.004420341458171606,37.697052001953125,0,background,background
-67.25,-4.58333333333333,82.01044464111328,35.113033294677734,31.730249404907227,26.180707931518555,2620,322,105,572,380,105,0.029782863333821297,15.073066711425781,0,background,background
-65.25,-10.416666666666664,74.77326202392578,64.05641174316406,33.969749450683594,26.745834350585938,1772,285,23,415,155,151,0.030964162200689316,261.3377685546875,0,background,background
-62.083333333333336,-11.749999999999996,69.47474670410156,63.154537200927734,33.5364990234375,24.749874114990234,1733,286,7,264,89,264,0.2367769479751587,13.67572021484375,0,background,background
-58.91666666666667,-10.749999999999996,68.6119384765625,54.7503662109375,33.23524856567383,24.59524917602539,1950,338,5,223,68,360,0.09265146404504776,150.25653076171875,0,background,background
-67.58333333333333,-7.416666666666664,79.33463287353516,52.4869384765625,31.789749145507813,25.672332763671875,2153,324,43,455,150,152,0.01571943797171116,171.45553588867188,0,background,background
-62.083333333333336,-12.416666666666664,69.64017486572266,74.41075897216797,33.387001037597656,25.32550048828125,1602,267,8,396,89,208,0.1892794817686081,179.1625518798828,0,background,background
-59.083333333333336,-5.2499999999999964,77.56938934326172,42.77971267700195,32.85150146484375,26.497833251953125,2230,292,58,426,857,74,0.036855652928352356,300.4067687988281,0,background,background
-61.083333333333336,-6.08333333333333,79.86534118652344,33.51241683959961,33.194000244140625,26.641374588012695,2524,335,58,531,995,62,0.009484072215855122,34.96221923828125,0,background,background
-55.25,-3.0833333333333304,77.81431579589844,61.1358757019043,32.04199981689453,25.836166381835938,1821,302,35,183,833,46,0.10634299367666245,99.89007568359375,0,background,background
-50.25,-3.2499999999999964,84.6208267211914,45.047550201416016,32.02949905395508,25.700374603271484,2334,430,35,191,1146,72,0.03268473222851753,20.06293487548828,0,background,background
-63.583333333333336,0.25000000000000266,89.1276626586914,39.88405990600586,32.20800018310547,26.161624908447266,2523,360,125,460,834,51,0.008887103758752346,87.49371337890625,0,background,background
-57.75,-5.08333333333333,76.41820526123047,47.71146011352539,32.524749755859375,26.079999923706055,2339,323,53,410,930,157,0.044662248343229294,349.5010070800781,0,background,background
-52.083333333333336,-10.58333333333333,71.19170379638672,53.672367095947266,35.09375,26.27225112915039,1926,321,4,505,54,275,0.0922156497836113,144.01242065429688,0,background,background
-55.083333333333336,-0.08333333333333037,80.97930908203125,59.395790100097656,30.92675018310547,24.353626251220703,2373,347,80,283,765,449,0.05952875688672066,267.0062561035156,0,background,background
-58.25,-0.5833333333333304,79.28751373291016,54.99831771850586,32.116249084472656,25.97224998474121,2289,342,101,310,682,201,0.0668337345123291,154.32843017578125,0,background,background
-55.91666666666667,-1.4166666666666643,79.44237518310547,63.87405776977539,33.16450119018555,26.5292911529541,2380,385,86,314,902,27,0.028102988377213478,288.54547119140625,0,background,background
-72.08333333333333,-8.249999999999996,78.670654296875,57.2841682434082,30.8752498626709,25.233999252319336,2003,274,41,634,167,235,0.049054715782403946,334.57354736328125,0,background,background
-60.41666666666667,-13.249999999999996,68.62979888916016,98.59840393066406,33.354251861572266,25.37645721435547,1866,327,12,425,99,288,0.15791188180446625,144.54736328125,0,background,background
-60.75,-4.58333333333333,83.61830139160156,36.30695343017578,32.43424987792969,26.616500854492188,2385,304,82,449,869,36,0.0024570089299231768,18.374267578125,0,background,background
-59.75,-0.5833333333333304,81.45215606689453,46.627464294433594,31.970748901367188,26.175458908081055,2190,318,110,352,716,152,0.045922763645648956,122.79287719726563,0,background,background
-64.08333333333333,-7.08333333333333,76.40296936035156,34.67764663696289,32.885250091552734,25.984209060668945,2364,357,35,526,242,85,0.017550429329276085,282.793212890625,0,background,background
-68.25,1.0833333333333357,89.273162841796875,47.470584869384766,31.781749725341797,25.68516731262207,3602,415,244,770,1030,113,0.020535407587885857,106.49124145507813,0,background,background
-61.91666666666667,-3.7499999999999964,87.29197692871094,27.8896541595459,31.769500732421875,26.548749923706055,2743,343,102,667,561,42,0.029503051191568375,159.26629638671875,0,background,background
-66.91666666666667,-1.9166666666666643,86.71611022949219,33.94472885131836,31.478500366210938,26.003124237060547,3034,343,189,679,728,67,0.011632335372269154,25.572242736816406,0,background,background
-66.91666666666667,-0.4166666666666643,87.81476593017578,44.025306701660156,31.409000396728516,25.63974952697754,2715,304,164,589,697,113,0.025388959795236588,232.24598693847656,0,background,background
-60.083333333333336,-3.7499999999999964,81.62443542480469,45.05622482299805,32.12649917602539,26.339250564575195,2190,278,65,373,819,41,0.016613014042377472,349.263916015625,0,background,background
-54.583333333333336,-0.5833333333333304,80.89302825927734,61.13666534423828,31.020750045776367,24.58270835876465,2342,346,71,262,792,368,0.07917602360248566,116.21570587158203,0,background,background
-64.25,-1.9166666666666643,89.2415542602539,25.765037536621094,31.607250213623047,26.338916778564453,2933,335,175,640,822,65,0.007465307600796223,27.751554489135742,0,background,background
-60.583333333333336,-7.416666666666664,73.29449462890625,33.57583236694336,33.47724914550781,26.089332580566406,2489,366,27,580,1052,83,0.0697149932384491,286.18402099609375,0,background,background
-63.41666666666667,-2.5833333333333304,89.32600402832031,25.144311904907227,31.434499740600586,26.280458450317383,2655,308,135,601,676,60,0.0029570660553872585,156.91957092285156,0,background,background
-66.75,0.9166666666666696,90.10128021240234,33.445045471191406,32.762001037597656,26.43691635131836,3019,367,197,654,894,105,0.02445949986577034,285.67047119140625,0,background,background
-50.083333333333336,-0.5833333333333304,80.42596435546875,61.6433219909668,32.324501037597656,25.90016746520996,2572,409,40,150,1088,19,0.006117122247815132,304.87408447265625,0,background,background
-54.91666666666667,-10.749999999999996,67.75431823730469,45.79924011230469,35.267250061035156,25.445709228515625,2047,331,2,288,66,341,0.0710626170039177,26.24962615966797,0,background,background
-65.75,-8.58333333333333,76.2943115234375,50.504173278808594,32.61124801635742,26.12908363342285,2024,288,21,505,141,113,0.016661386936903,37.5290641784668,0,background,background
-58.41666666666667,-9.58333333333333,68.17858123779297,39.83340835571289,34.010250091552734,25.34554100036621,1891,309,4,243,88,237,0.04774777963757515,33.881900787353516,0,background,background
-64.58333333333333,-0.9166666666666643,89.469482421875,31.316741943359375,31.772998809814453,26.194374084472656,2608,328,161,522,706,63,0.0046976059675216675,80.47625732421875,0,background,background
-54.25,-0.7499999999999973,80.62628173828125,61.620697021484375,31.042749404907227,24.68804168701172,2229,348,63,223,797,333,0.15341274440288544,226.44686889648438,0,background,background
-66.08333333333333,-9.249999999999996,75.44896697998047,58.83528518676758,32.429752349853516,25.936790466308594,1891,269,18,473,144,189,0.038641758263111115,332.25457763671875,0,background,background
-58.25,-9.08333333333333,67.80635833740234,38.245243072509766,34.134498596191406,25.392000198364258,1948,313,6,264,892,239,0.018708057701587677,20.805917739868164,0,background,background
-68.08333333333333,0.0833333333333357,87.3300552368164,46.5802116394043,31.030000686645508,25.38420867919922,3426,356,230,870,870,91,0.01767936535179615,322.31134033203125,0,background,background
-54.083333333333336,-8.916666666666664,68.19147491455078,46.816917419433594,34.53350067138672,25.420541763305664,2008,323,10,371,869,332,0.047818392515182495,56.451568603515625,0,background,background
-60.91666666666667,-8.249999999999996,71.66905212402344,35.70195388793945,33.308250427246094,25.61887550354004,2423,370,17,362,178,119,0.029122844338417053,277.6686096191406,0,background,background
-48.75,-6.7499999999999964,71.6936264038086,48.96206283569336,34.381752014160156,25.434959411621094,1652,272,20,229,690,155,0.019816167652606964,348.6879577636719,0,background,background
-63.91666666666667,-4.7499999999999964,83.70157623291016,26.894804000854492,32.20050048828125,26.470251083374023,2430,310,81,652,418,72,0.02748941257596016,138.52745056152344,0,background,background
-52.583333333333336,1.2500000000000027,79.74492645263672,64.37437438964844,32.05149841308594,25.37295913696289,2384,317,61,207,815,180,0.0702311098575592,98.27191162109375,0,background,background
-53.25,-0.08333333333333037,80.729461669921875,61.52827072143555,31.90974998474121,25.41754150390625,2332,340,57,207,796,176,0.0451681949198246,124.00433349609375,0,background,background
-60.75,-4.416666666666664,84.01640319824219,36.61572265625,32.281497955322266,26.53908348083496,2373,300,85,443,858,43,0.008841271512210369,127.97950744628906,0,background,background
-63.41666666666667,-4.916666666666664,83.53499603271484,28.119001388549805,32.24300003051758,26.47974967956543,2430,308,80,659,412,63,0.004390079528093338,44.912479400634766,0,background,background
-53.583333333333336,-3.7499999999999964,79.7010498046875,51.471275329589844,31.777250289916992,25.170333862304688,1626,289,41,185,752,130,0.05882100760936737,88.48563385009766,0,background,background
-60.91666666666667,-4.58333333333333,83.9828109741211,34.63040542602539,32.441749572753906,26.75208282470703,2410,305,83,459,870,35,0.007013747934252024,83.63753509521484,0,background,background
-68.08333333333333,0.4166666666666696,88.55827331542969,45.981285095214844,31.238500595092773,25.47075080871582,3445,374,232,832,912,108,0.007163633592426777,167.5521240234375,0,background,background
-66.75,-3.2499999999999964,85.48564147949219,30.872705459594727,31.648250579833984,26.260250091552734,2916,327,157,633,547,86,0.012539830058813095,16.110858917236328,0,background,background
-50.583333333333336,-9.416666666666664,71.55770111083984,43.8183479309082,34.39725112915039,25.851959228515625,1854,297,7,273,63,206,0.06805106997489929,98.538848876953125,0,background,background
-54.583333333333336,-9.916666666666664,65.75525665283203,53.87200927734375,35.61399841308594,25.514583587646484,2272,359,6,360,1033,360,0.1269441843032837,207.78085327148438,0,background,background
-48.583333333333336,-2.0833333333333304,86.15008544921875,38.218284606933594,31.31049919128418,25.783084869384766,2441,421,72,226,1151,39,0.021537719294428825,291.15411376953125,0,background,background
-61.91666666666667,-3.2499999999999964,87.87621307373047,28.764976501464844,31.56475067138672,26.441957473754883,2698,333,101,615,577,53,0.0071310196071863174,77.40895080566406,0,background,background
-60.91666666666667,-10.249999999999996,70.040130615234375,48.842529296875,33.1557502746582,24.997417449951172,2079,342,8,237,102,163,0.020984280854463577,43.757686614990234,0,background,background
-52.91666666666667,-10.249999999999996,70.12998962402344,42.890769958496094,34.7234992980957,25.799291610717773,2135,356,4,347,58,291,0.01325187273323536,225.2654266357422,0,background,background
-50.583333333333336,-2.5833333333333304,84.37761688232422,43.06752395629883,32.069000244140625,25.63574981689453,2573,453,58,188,1178,42,0.021866464987397194,19.618637084960938,0,background,background
-60.75,-1.2499999999999973,83.9870376586914,38.617061614990234,31.778499603271484,26.265832901000977,2383,311,133,430,672,85,0.05066491290926933,111.60359191894531,0,background,background
-55.083333333333336,-7.916666666666664,67.279693603515625,53.12179946899414,34.72074890136719,25.451457977294922,2186,343,10,302,977,293,0.018478279933333397,345.3399658203125,0,background,background
-66.91666666666667,0.9166666666666696,90.08955383300781,33.63496398925781,32.72624969482422,26.436124801635742,3064,370,200,673,894,96,0.009287009947001934,252.96702575683594,0,background,background
-65.75,0.25000000000000266,90.105377197265625,34.638648986816406,32.18199920654297,26.03354263305664,2420,304,149,471,693,115,0.6185439825057983,199.5420379638672,0,background,background
-63.25,-0.24999999999999734,88.40055084228516,36.6525764465332,31.71875,26.138208389282227,2450,345,134,445,749,51,0.01596553809940815,198.31996154785156,0,background,background
-49.91666666666667,-3.0833333333333304,86.70701599121094,43.65169143676758,32.080501556396484,25.865583419799805,2435,442,40,151,1184,52,0.08621105551719666,64.92938232421875,0,background,background
-53.083333333333336,-11.583333333333329,69.104461669921875,76.69982147216797,34.813499450683594,25.552417755126953,1858,322,2,469,48,307,0.016561349853873253,58.91922378540039,0,background,background
-71.08333333333333,-6.58333333333333,81.43729400634766,45.29097366333008,30.96324920654297,25.432458877563477,2500,288,80,756,297,195,0.02114788442850113,69.564453125,0,background,background
-60.75,2.5833333333333357,80.86670684814453,70.02947235107422,33.403499603271484,26.582374572753906,1749,346,38,249,864,111,0.041354380548000336,297.4176330566406,0,background,background
-53.41666666666667,-8.416666666666664,70.32376861572266,37.89311599731445,34.32474899291992,25.30904197692871,2015,320,11,360,871,295,0.03382895886898041,295.88336181640625,0,background,background
-71.91666666666667,-9.749999999999996,78.74687194824219,63.8332405090332,31.237749099731445,25.457332611083984,1740,235,27,593,122,349,0.10147742182016373,108.30238342285156,0,background,background
-67.75,-2.7499999999999964,85.829803466796875,34.92833709716797,31.202251434326172,25.901290893554688,3012,313,171,625,773,101,0.06189979612827301,147.9480438232422,0,background,background
-63.25,-4.916666666666664,83.55778503417969,28.320505142211914,32.24024963378906,26.46641731262207,2429,305,84,657,417,67,0.015993960201740265,129.17955017089844,0,background,background
-66.75,-7.7499999999999964,78.2763442993164,50.429935455322266,32.173248291015625,25.96904182434082,2282,316,42,562,228,106,0.018146324902772903,9.889030456542969,0,background,background
-70.08333333333333,-6.916666666666664,82.21800994873047,45.16732406616211,31.445749282836914,25.564708709716797,2416,310,60,587,226,159,0.0680466964840889,8.875261306762695,0,background,background
-51.91666666666667,-7.08333333333333,73.23533630371094,28.912668228149414,33.63774871826172,24.668249130249023,1984,309,15,328,797,246,0.02749815210700035,46.17134475708008,0,background,background
-59.91666666666667,-13.583333333333329,69.08928680419922,105.7361068725586,32.19049835205078,24.429000854492188,1890,321,11,426,99,520,0.36138078570365906,253.5712432861328,0,background,background
-68.08333333333333,-3.9166666666666643,84.18721008300781,35.528743743896484,31.39875030517578,26.067333221435547,2672,310,134,583,556,97,0.013054945506155491,77.97265625,0,background,background
-54.41666666666667,-1.0833333333333304,80.71697998046875,62.326438903808594,31.300498962402344,24.975082397460938,2124,348,65,214,779,270,0.05464673042297363,325.5826110839844,0,background,background
-51.91666666666667,-5.416666666666664,77.017852783203125,34.66606903076172,32.216251373291016,24.444000244140625,1814,298,23,280,869,223,0.05144120007753372,56.009910583496094,0,background,background
-63.75,-1.9166666666666643,89.082763671875,26.113630294799805,31.445999145507813,26.254207611083984,2758,319,162,590,779,63,0.011886811815202236,11.242240905761719,0,background,background
-49.083333333333336,-4.916666666666664,77.2869873046875,56.91474914550781,33.95524978637695,25.797584533691406,1830,339,26,157,908,122,0.0838165357708931,273.1895446777344,0,background,background
-62.75,-3.4166666666666643,88.199737548828125,26.452665328979492,31.555749893188477,26.44354248046875,2539,309,104,606,570,34,0.022235799580812454,184.9884796142578,0,background,background
-63.75,-3.7499999999999964,87.86114501953125,25.239099502563477,31.839750289916992,26.592416763305664,2072,252,81,528,428,35,0.023521924391388893,7.560283660888672,0,background,background
-51.75,1.9166666666666692,77.04927825927734,69.0072021484375,32.11050033569336,25.31825065612793,2539,357,53,191,910,182,0.013766158372163773,196.2942352294922,0,background,background
-61.083333333333336,-6.7499999999999964,76.34725189208984,32.9077262878418,33.37675094604492,26.357166290283203,2560,355,42,569,1040,71,0.01847548969089985,337.7471008300781,0,background,background
-60.083333333333336,1.0833333333333357,80.88568878173828,55.48982238769531,32.78274917602539,26.283416748046875,1920,358,60,280,971,113,0.03300359845161438,263.91656494140625,0,background,background
-57.41666666666667,-13.083333333333329,73.37987518310547,91.77507781982422,32.24250030517578,24.938291549682617,2052,341,4,719,41,334,0.06724497675895691,41.296932220458984,0,background,background
-56.583333333333336,-5.2499999999999964,75.60882568359375,47.72904586791992,32.71725082397461,25.909332275390625,2305,328,55,428,920,155,0.07081039994955063,353.3986511230469,0,background,background
-59.25,-1.4166666666666643,80.21920013427734,50.28063201904297,31.951250076293945,26.0692081451416,2313,339,101,333,610,148,0.06813964992761612,123.58850860595703,0,background,background
-57.25,-6.7499999999999964,68.64250946044922,36.21430206298828,33.7547492980957,25.954376220703125,2249,338,25,310,972,174,0.1847233921289444,268.1916198730469,0,background,background
-57.41666666666667,-14.749999999999996,74.51592254638672,119.87091064453125,31.68174934387207,25.655750274658203,1596,271,12,741,67,287,0.2565281391143799,169.96548461914063,0,background,background
-56.25,-7.416666666666664,67.55455017089844,42.148155212402344,34.12575149536133,25.5223331451416,2087,331,16,288,912,250,0.021115267649292946,353.6495666503906,0,background,background
-47.083333333333336,-4.08333333333333,81.29298400878906,45.72061538696289,32.05474853515625,25.24020767211914,1599,322,20,171,812,197,0.1663414090871811,321.9369201660156,0,background,background
-55.41666666666667,-2.9166666666666643,77.45049285888672,60.29607009887695,31.697999954223633,25.443416595458984,1930,312,37,190,810,138,0.05483930930495262,30.96540641784668,0,background,background
-52.91666666666667,-9.916666666666664,70.1864242553711,39.41167068481445,34.599998474121094,25.589916229248047,2121,351,5,353,60,316,0.07617547363042831,142.25682067871094,0,background,background
-67.58333333333333,1.5833333333333357,90.07682800292969,45.53117752075195,32.75749969482422,25.596750259399414,3572,421,203,702,1096,128,0.014876946806907654,61.952308654785156,0,background,background
-58.083333333333336,-11.083333333333329,69.58647918701172,58.90462875366211,33.26475143432617,25.01479148864746,1957,332,2,441,64,308,0.034391485154628754,280.4163818359375,0,background,background
-53.91666666666667,-2.7499999999999964,79.69115447998047,56.04791259765625,31.2549991607666,25.20029067993164,1713,300,32,133,817,109,0.05535498261451721,314.59234619140625,0,background,background
-49.91666666666667,-3.4166666666666643,85.74413299560547,47.63744354248047,32.277748107910156,25.815624237060547,2371,431,35,203,1164,89,0.05316499248147011,33.559303283691406,0,background,background
-56.583333333333336,-9.08333333333333,67.14244842529297,51.9541130065918,35.252498626708984,25.92104148864746,2116,336,8,306,939,218,0.06998446583747864,325.2698669433594,0,background,background
-63.25,-1.5833333333333304,88.55292510986328,28.42923355102539,31.28999900817871,26.19854164123535,2584,311,148,522,766,49,0.006054815370589495,39.62709426879883,0,background,background
-64.41666666666667,0.0833333333333357,89.58311462402344,35.904029846191406,32.14524841308594,26.129375457763672,2637,355,142,506,827,66,0.03542456403374672,108.55069732666016,0,background,background
-46.25,-3.9166666666666643,80.24729919433594,51.42848587036133,32.47249984741211,25.7396240234375,1568,326,21,247,788,100,0.10991465300321579,54.06098556518555,0,background,background
-50.41666666666667,-4.7499999999999964,79.36103057861328,46.703338623046875,32.53900146484375,24.974292755126953,1874,345,28,231,934,190,0.0491323247551918,8.6147613525390625,0,background,background
-55.91666666666667,-4.08333333333333,77.2273941040039,61.41438293457031,33.09175109863281,26.128082275390625,2019,306,66,305,829,63,0.16581879556179047,168.42141723632813,0,background,background
-59.41666666666667,-3.0833333333333304,79.90494537353516,52.54385757446289,32.29225158691406,26.38775062561035,2318,306,85,394,854,35,0.0840708389878273,183.1631317138672,0,background,background
-58.583333333333336,-10.416666666666664,68.425445556640625,49.698726654052734,34.022499084472656,25.253000259399414,2001,339,5,246,72,250,0.08802482485771179,34.7971305847168,0,background,background
-56.583333333333336,-4.416666666666664,77.5219955444336,56.098731994628906,32.574501037597656,26.045541763305664,2168,315,69,361,860,114,0.04819028452038765,81.1862564086914,0,background,background
-69.58333333333333,-5.416666666666664,81.931640625,40.89765167236328,31.370498657226563,25.977624893188477,2650,321,94,627,324,143,0.040035538375377655,98.93486785888672,0,background,background
-60.083333333333336,-12.916666666666664,68.87323760986328,90.204803466796875,32.04650115966797,23.863250732421875,1984,315,11,460,97,562,0.17105761170387268,234.1160125732422,0,background,background
-61.083333333333336,-8.916666666666664,70.83268737792969,38.38621520996094,33.26274871826172,25.36454200744629,2270,346,14,310,150,129,0.03642153739929199,343.8044738769531,0,background,background
-51.083333333333336,1.7500000000000027,74.54280853271484,74.9032211303711,32.556251525878906,25.938125610351563,2503,362,35,138,961,63,0.1306602507829666,81.96417236328125,0,background,background
-55.083333333333336,-2.7499999999999964,78.29662322998047,63.010440826416016,31.887248992919922,25.9620418548584,1829,308,33,129,849,9,0.1249452754855156,299.6398010253906,0,background,background
-57.25,-13.249999999999996,74.599609375,89.557464599609375,31.853500366210938,24.807958602905273,2019,337,4,801,41,350,0.057640232145786285,19.28057098388672,0,background,background
-52.75,-6.2499999999999964,74.281097412109375,32.83305740356445,33.02724838256836,24.49341583251953,1970,309,28,404,875,266,0.06861258298158646,117.30884552001953,0,background,background
-54.25,-8.749999999999996,67.91051483154297,49.1903190612793,34.412750244140625,25.29400062561035,1974,318,11,368,841,355,0.05743322893977165,78.28778076171875,0,background,background
-65.41666666666667,-3.4166666666666643,86.27960968017578,27.310272216796875,31.986000061035156,26.510292053222656,2851,334,148,604,611,80,0.009410211816430092,80.49158477783203,0,background,background
-71.25,-8.749999999999996,78.74335479736328,62.90031051635742,30.789749145507813,25.062292098999023,1994,267,45,647,167,264,0.05252871289849281,117.78104400634766,0,background,background
-52.083333333333336,-5.58333333333333,76.51524353027344,34.349212646484375,32.18450164794922,24.276582717895508,1849,299,24,308,871,261,0.12465191632509232,356.0749206542969,0,background,background
-64.58333333333333,-11.416666666666664,74.5325927734375,66.37559509277344,33.16524887084961,26.423707962036133,1648,259,9,383,133,165,0.027285810559988022,308.8055725097656,0,background,background
-59.91666666666667,-1.5833333333333304,82.33271026611328,47.75458908081055,32.02925109863281,26.472000122070313,2374,327,122,405,612,52,0.04675031453371048,40.11313247680664,0,background,background
-46.083333333333336,-2.4166666666666643,82.59190368652344,43.99020767211914,31.934499740600586,25.898834228515625,2318,408,33,168,1070,58,0.0683077871799469,39.30854797363281,0,background,background
-56.75,-0.7499999999999973,79.39527130126953,59.99539566040039,32.61050033569336,26.17479133605957,2597,395,109,381,856,131,0.0655602440237999,320.9443054199219,0,background,background
-52.91666666666667,1.7500000000000027,80.72737884521484,60.496620178222656,31.909500122070313,25.124332427978516,2366,336,59,211,771,230,0.20882992446422577,67.34278869628906,0,background,background
-60.25,-2.5833333333333304,82.4005355834961,43.955692291259766,31.808250427246094,26.222749710083008,2355,313,82,409,821,69,0.04382116720080376,240.80638122558594,0,background,background
-51.91666666666667,-8.249999999999996,72.42733001708984,34.56153106689453,32.95899963378906,23.703166961669922,2037,294,11,361,861,562,0.03474688529968262,214.1421356201172,0,background,background
-61.583333333333336,-9.08333333333333,70.55034637451172,41.12625503540039,33.27524948120117,25.28754234313965,2259,337,17,322,156,128,0.034277889877557755,333.59320068359375,0,background,background
-51.41666666666667,0.9166666666666696,77.08056640625,72.93113708496094,32.29724884033203,25.62445831298828,2289,339,35,133,894,125,0.08556906133890152,119.97224426269531,0,background,background
-62.25,-2.0833333333333304,88.02813720703125,27.684871673583984,31.396249771118164,26.24266815185547,2639,317,143,549,706,47,0.0062378570437431335,60.10531997680664,0,background,background
-54.91666666666667,-2.4166666666666643,77.96765899658203,63.84956741333008,31.760250091552734,25.88433265686035,1870,333,28,145,906,17,0.1192079409956932,335.8970947265625,0,background,background
-69.08333333333333,-0.9166666666666643,86.275909423828125,43.42229461669922,30.730751037597656,25.63779067993164,3284,332,213,761,720,143,0.021753309294581413,109.84252166748047,0,background,background
-49.083333333333336,-0.9166666666666643,77.18360900878906,67.77699279785156,32.75975036621094,26.147750854492188,2784,487,32,122,1378,6,0.003869924694299698,52.948707580566406,0,background,background
-59.41666666666667,-15.249999999999996,68.5407943725586,150.9243927001953,33.54050064086914,26.619667053222656,1558,274,15,522,98,268,0.10911792516708374,261.8097839355469,0,background,background
-57.583333333333336,-14.749999999999996,74.58159637451172,120.24967193603516,31.636999130249023,25.573749542236328,1627,279,12,760,67,319,0.18799534440040588,212.05389404296875,0,background,background
-62.25,-1.0833333333333304,88.0816650390625,31.53050994873047,31.4114990234375,26.09754180908203,2563,337,150,469,822,31,0.025915944948792458,192.9127655029297,0,background,background
-60.583333333333336,-11.249999999999996,69.644287109375,60.497859954833984,32.76874923706055,24.529916763305664,1959,339,7,248,89,277,0.19776561856269836,25.582353591918945,0,background,background
-61.41666666666667,-6.08333333333333,80.34490966796875,32.39717483520508,33.117000579833984,26.603500366210938,2409,318,57,505,942,67,0.032012585550546646,349.5198669433594,0,background,background
-63.25,-3.7499999999999964,87.619476318359375,28.275115966796875,31.730751037597656,26.3834171295166,2304,275,93,565,527,44,0.01043038908392191,47.88205337524414,0,background,background
-59.75,-4.416666666666664,81.376312255859375,44.21588134765625,32.39550018310547,26.54254150390625,2071,248,82,383,714,33,0.0071402317844331264,282.57452392578125,0,background,background
-61.583333333333336,-7.916666666666664,72.08264923095703,37.34532165527344,33.41350173950195,25.65858268737793,2446,370,22,364,215,112,0.0393097959458828,303.6161804199219,0,background,background
-51.41666666666667,-0.7499999999999973,81.98039245605469,55.36613845825195,32.489749908447266,26.03700065612793,2438,338,50,241,889,16,5.477842059917748e-4,315.1899719238281,0,background,background
-64.41666666666667,-3.0833333333333304,89.34497833251953,23.337697982788086,31.95775032043457,26.606874465942383,2789,314,141,580,649,42,0.022188572213053703,216.32479858398438,0,background,background
-56.91666666666667,-7.58333333333333,66.39115142822266,37.95272445678711,33.97700119018555,25.213708877563477,2190,343,16,311,946,300,0.0944749116897583,358.3466491699219,0,background,background
-62.583333333333336,2.916666666666669,87.52445220947266,50.776451110839844,31.50575065612793,25.050540924072266,2329,348,86,383,939,334,0.10048312693834305,170.47927856445313,0,background,background
-67.08333333333333,-9.749999999999996,72.36547088623047,73.5902099609375,32.52975082397461,26.006250381469727,1850,278,22,453,166,161,0.016072984784841537,39.31096649169922,0,background,background
-46.583333333333336,-5.08333333333333,76.334991455078125,46.51682662963867,32.051998138427734,24.63629150390625,1234,244,8,166,631,303,0.10786299407482147,296.0757141113281,0,background,background
-58.91666666666667,-2.4166666666666643,79.27655029296875,54.93709945678711,32.234249114990234,26.15737533569336,2205,312,77,313,836,93,0.11303362250328064,6.476646423339844,0,background,background
-68.58333333333333,-1.5833333333333304,85.72026062011719,40.96281051635742,31.0049991607666,25.79199981689453,3325,336,229,787,856,109,0.04397713765501976,162.62896728515625,0,background,background
-62.25,-12.416666666666664,70.22028350830078,72.632659912109375,32.894500732421875,25.161083221435547,1580,263,7,388,88,233,0.14627528190612793,191.37509155273438,0,background,background
-50.41666666666667,-2.9166666666666643,84.32704162597656,44.10161590576172,32.003997802734375,25.63337516784668,2470,454,42,155,1196,63,0.043525323271751404,31.001462936401367,0,background,background
-63.583333333333336,-4.7499999999999964,83.960662841796875,28.016586303710938,32.201499938964844,26.504125595092773,2400,301,83,643,422,63,0.018755711615085602,346.86932373046875,0,background,background
-56.91666666666667,-0.24999999999999734,78.97394561767578,57.79001998901367,32.558250427246094,26.161293029785156,2434,366,110,341,749,144,0.08521448820829391,177.14373779296875,0,background,background
-53.75,-7.08333333333333,72.14738464355469,35.96800994873047,33.640499114990234,25.070249557495117,2071,316,15,310,942,255,0.031521424651145935,285.73779296875,0,background,background
-52.41666666666667,-6.416666666666664,73.90327453613281,30.317523956298828,33.42300033569336,24.711833953857422,1978,305,25,414,878,209,0.054607633501291275,16.106172561645508,0,background,background
-56.583333333333336,-2.9166666666666643,76.33625030517578,67.078857421875,33.006752014160156,26.307458877563477,2263,335,55,257,900,50,0.07344285398721695,270.60638427734375,0,background,background
-61.583333333333336,-10.916666666666664,69.24757385253906,56.47382736206055,33.338748931884766,24.271957397460938,2080,375,12,280,107,302,0.13641110062599182,310.722900390625,0,background,background
-66.91666666666667,-6.7499999999999964,79.97663116455078,42.38534927368164,32.000999450683594,25.929582595825195,2483,335,55,554,305,115,0.014636884443461895,79.28889465332031,0,background,background
-59.083333333333336,-2.7499999999999964,79.51470947265625,53.63634490966797,32.229000091552734,26.19304084777832,2272,315,85,364,848,80,0.09016217291355133,204.5680389404297,0,background,background
-64.41666666666667,-3.7499999999999964,86.9572982788086,26.31426429748535,31.938749313354492,26.51158332824707,2352,275,101,485,487,77,0.03457989543676376,24.451257705688477,0,background,background
-53.41666666666667,1.4166666666666692,81.290679931640625,59.17737579345703,31.76824951171875,25.016708374023438,2288,334,57,204,750,277,0.03563934192061424,245.5206298828125,0,background,background
-52.583333333333336,-10.416666666666664,69.848541259765625,47.1438102722168,35.34524917602539,25.8817081451416,2082,342,4,554,60,320,0.0015544965863227844,180,0,background,background
-54.25,-12.583333333333329,70.9706039428711,94.370086669921875,33.460750579833984,24.977291107177734,1738,301,1,680,16,334,0.022917211055755615,37.15412139892578,0,background,background
-59.25,-5.916666666666664,75.57221984863281,39.00017166137695,33.144248962402344,26.45545768737793,2222,302,43,463,890,88,0.03302266076207161,311.2259826660156,0,background,background
-51.583333333333336,3.0833333333333357,75.2039794921875,60.731956481933594,32.596248626708984,25.62904167175293,2947,447,66,235,1002,80,0.08932068943977356,91.24653625488281,0,background,background
-58.583333333333336,-15.916666666666664,68.35665130615234,167.44207763671875,34.18075180053711,27.25754165649414,1493,263,22,502,114,198,0.08757197856903076,110.79473876953125,0,background,background
-45.41666666666667,-2.0833333333333304,83.25090026855469,41.01383590698242,31.78849983215332,26.101959228515625,2347,425,17,107,502,27,0.057475876063108444,113.93443298339844,0,background,background
-63.41666666666667,-6.58333333333333,77.22913360595703,34.20138168334961,32.83974838256836,26.017457962036133,2242,311,39,348,263,79,0.014330868609249592,40.59718322753906,0,background,background
-52.083333333333336,-4.916666666666664,78.17200469970703,39.007606506347656,31.56075096130371,24.183666229248047,1803,301,30,228,870,255,0.03983379155397415,209.73870849609375,0,background,background
-48.75,-0.9166666666666643,76.67388153076172,66.023162841796875,32.452999114990234,26.247623443603516,2800,510,32,122,1441,5,0.0038345693610608578,315.18878173828125,0,background,background
-53.25,-2.4166666666666643,82.23285675048828,56.140567779541016,31.557498931884766,25.529417037963867,1755,292,30,116,690,106,0.0802513062953949,6.912911415100098,0,background,background
-50.91666666666667,-6.2499999999999964,75.66368865966797,35.28555679321289,32.951751708984375,24.50920867919922,1882,298,17,282,829,262,0.11941944062709808,101.83062744140625,0,background,background
-57.75,-8.249999999999996,66.963958740234375,35.57183837890625,34.5620002746582,25.85591697692871,2113,328,10,303,934,156,0.0320364311337471,29.142662048339844,0,background,background
-69.58333333333333,1.4166666666666692,85.3382568359375,55.370819091796875,31.24250030517578,24.864166259765625,3327,388,154,566,1051,204,0.07381712645292282,128.7921905517578,0,background,background
-62.083333333333336,-10.416666666666664,69.48846435546875,52.31873321533203,33.806251525878906,24.87150001525879,2074,336,13,271,122,181,0.04586435481905937,359.0194396972656,0,background,background
-66.25,-7.916666666666664,78.05506896972656,48.18620681762695,32.256248474121094,25.954124450683594,2276,321,31,531,214,126,0.029737142845988274,42.95878982543945,0,background,background
-53.41666666666667,-8.749999999999996,69.70091247558594,38.42570495605469,34.50849914550781,25.42675018310547,2025,326,10,367,888,299,0.017076481133699417,191.8780517578125,0,background,background
-60.41666666666667,-1.2499999999999973,83.06108856201172,42.59634780883789,32.007999420166016,26.44099998474121,2348,308,126,415,639,66,0.018792420625686646,279.522705078125,0,background,background
-60.91666666666667,3.2500000000000027,82.87944030761719,73.96073913574219,33.44424819946289,26.47516632080078,1752,348,41,268,881,111,0.034534409642219543,74.33110046386719,0,background,background
-66.75,-7.416666666666664,79.0782470703125,47.143341064453125,32.03974914550781,25.889083862304688,2385,325,48,566,259,124,0.030274296179413795,132.8708953857422,0,background,background
-51.083333333333336,-3.2499999999999964,79.50908660888672,52.813079833984375,32.083248138427734,25.430957794189453,2213,351,30,168,989,73,0.014808650128543377,46.974849700927734,0,background,background
-64.08333333333333,-2.0833333333333304,89.52149200439453,25.104827880859375,31.568500518798828,26.31108283996582,2908,329,170,640,797,66,0.005058234091848135,32.314125061035156,0,background,background
-64.58333333333333,-0.4166666666666643,89.5877685546875,33.8831672668457,31.865999221801758,26.109708786010742,2516,325,154,496,727,45,0.020289689302444458,132.0965576171875,0,background,background
-50.91666666666667,-2.0833333333333304,84.26734161376953,43.591712951660156,32.306251525878906,25.670207977294922,2493,393,65,214,1033,23,0.0220472551882267,25.976938247680664,0,background,background
-59.583333333333336,-10.916666666666664,69.56297302246094,56.63964080810547,32.74625015258789,24.573165893554688,1925,333,6,418,78,329,0.05981166288256645,41.087608337402344,0,background,background
-70.25,-9.416666666666664,77.06477355957031,73.99937438964844,31.06800079345703,25.24908447265625,1998,276,33,679,132,264,0.02543242648243904,48.92334747314453,0,background,background
-48.75,-8.58333333333333,69.996124267578125,52.71282958984375,34.09349822998047,24.78700065612793,1805,281,7,253,807,295,0.21407322585582733,282.6890563964844,0,background,background
-55.25,1.2500000000000027,81.39642333984375,53.95450210571289,31.578750610351563,24.953041076660156,2044,355,55,190,599,374,0.03317934647202492,282.1710510253906,0,background,background
-54.583333333333336,-1.0833333333333304,80.8514175415039,62.054237365722656,31.215499877929688,24.859416961669922,2164,351,71,239,786,296,0.14853538572788239,97.97074890136719,0,background,background
-56.75,-13.416666666666664,76.93123626708984,83.183502197265625,31.93375015258789,25.003583908081055,1986,327,3,788,37,353,0.09053133428096771,55.48400115966797,0,background,background
-56.25,-4.2499999999999964,77.52085876464844,58.758453369140625,32.85599899291992,26.13016700744629,2068,304,68,333,835,77,0.10724989324808121,150.8411102294922,0,background,background
-60.41666666666667,-4.58333333333333,82.63533020019531,38.792625427246094,32.421749114990234,26.59025001525879,2314,294,80,425,852,39,0.010086685419082642,344.4102783203125,0,background,background
-69.75,1.4166666666666692,85.06404876708984,56.181190490722656,31.210750579833984,24.83387565612793,3342,404,150,555,1076,216,0.0391567125916481,146.47930908203125,0,background,background
-53.91666666666667,-6.2499999999999964,73.83009338378906,36.49166488647461,33.006248474121094,24.883291244506836,2017,321,21,270,930,255,0.10222581773996353,290.2396545410156,0,background,background
-50.583333333333336,-2.4166666666666643,84.67071533203125,42.12649917602539,32.082000732421875,25.60700035095215,2613,443,65,209,1153,42,0.021030981093645096,11.658790588378906,0,background,background
-51.91666666666667,1.9166666666666692,77.56202697753906,67.250579833984375,32.184749603271484,25.3697509765625,2529,360,54,198,892,173,0.024700677022337914,228.63906860351563,0,background,background
-53.75,-7.7499999999999964,70.89815521240234,38.84322738647461,33.83700180053711,25.002540588378906,2060,321,13,338,919,316,0.08545403927564621,41.37676239013672,0,background,background
-56.25,-2.4166666666666643,77.057891845703125,67.30280303955078,33.08475112915039,26.370040893554688,2183,348,39,214,916,38,0.13159587979316711,320.4234619140625,0,background,background
-56.41666666666667,-9.416666666666664,66.62639617919922,59.80915832519531,35.528751373291016,25.758750915527344,2186,340,7,319,969,277,0.05680244043469429,295.5326843261719,0,background,background
-64.91666666666667,-0.7499999999999973,89.2064437866211,32.333953857421875,31.921998977661133,26.257041931152344,2516,318,153,499,697,59,0.021369842812418938,18.976343154907227,0,background,background
-69.41666666666667,-9.58333333333333,76.3236083984375,81.91001892089844,31.26474952697754,25.17708396911621,1980,288,30,671,124,226,0.0368993766605854,11.628361701965332,0,background,background
-61.583333333333336,-4.08333333333333,86.89656829833984,29.47382926940918,31.952499389648438,26.6825008392334,2565,309,97,515,857,29,0.030823877081274986,310.0160827636719,0,background,background
-68.58333333333333,-8.58333333333333,78.8246841430664,76.48055267333984,31.38224983215332,25.145292282104492,2175,308,40,708,153,187,0.02441900037229061,116.46269989013672,0,background,background
-68.08333333333333,-7.2499999999999964,79.983978271484375,52.004547119140625,31.665000915527344,25.559541702270508,2262,328,46,498,167,161,0.02386930212378502,149.64498901367188,0,background,background
-45.083333333333336,-4.416666666666664,75.49395751953125,83.92012023925781,34.66524887084961,26.428207397460938,1600,362,11,105,933,54,0.08010604977607727,28.58628273010254,0,background,background
-54.083333333333336,-6.7499999999999964,72.31360626220703,37.31852722167969,33.46175003051758,25.077791213989258,2109,326,17,294,968,250,0.02530759572982788,42.51594543457031,0,background,background
-65.58333333333333,-0.08333333333333037,90.0675048828125,35.73027420043945,32.1567497253418,26.323457717895508,2294,289,136,441,651,75,0.03159431740641594,175.09368896484375,0,background,background
-60.25,-1.9166666666666643,82.49132537841797,42.95099639892578,31.67675018310547,26.030376434326172,2501,332,127,454,664,123,0.06741419434547424,277.61920166015625,0,background,background
-58.25,-7.916666666666664,67.359954833984375,33.881046295166016,34.25149917602539,25.832542419433594,2144,326,12,308,948,151,0.02082211710512638,327.1274719238281,0,background,background
-68.08333333333333,1.7500000000000027,88.734344482421875,50.297367095947266,32.40824890136719,25.380582809448242,3621,431,191,672,1145,143,0.08797179907560349,173.6990203857422,0,background,background
-51.41666666666667,-9.58333333333333,72.18633270263672,40.133506774902344,33.47325134277344,24.90941619873047,1929,309,7,298,62,435,0.06866173446178436,203.52061462402344,0,background,background
-54.25,-2.7499999999999964,78.22298431396484,57.648643493652344,31.276750564575195,25.270668029785156,1768,309,32,143,427,95,0.08386833220720291,315.9084777832031,0,background,background
-71.08333333333333,-7.58333333333333,80.37317657470703,52.57045364379883,30.628250122070313,25.131916046142578,2156,292,60,645,228,221,0.051356133073568344,324.8116149902344,0,background,background
-54.25,-11.916666666666664,69.54222106933594,76.4771499633789,34.171749114990234,25.08620834350586,1819,321,1,452,41,335,0.013843641616404057,45.427616119384766,0,background,background
-60.75,0.9166666666666696,82.52127838134766,52.99529266357422,32.74024963378906,26.364166259765625,1994,355,64,310,971,73,0.044073883444070816,273.0326843261719,0,background,background
-62.91666666666667,-1.0833333333333304,87.80486297607422,31.91904067993164,31.196001052856445,26.075124740600586,2420,310,132,442,618,50,0.0284016951918602,34.81619644165039,0,background,background
-50.583333333333336,-7.58333333333333,71.6795425415039,39.85408401489258,33.667999267578125,24.130125045776367,1985,282,14,350,795,412,0.08152396976947784,217.69093322753906,0,background,background
-61.41666666666667,4.083333333333336,86.294525146484375,59.14368438720703,32.071998596191406,25.382041931152344,2003,342,58,314,856,199,0.5495122671127319,160.02838134765625,0,background,background
-51.41666666666667,-9.916666666666664,72.067413330078125,45.14948654174805,33.886749267578125,25.31049919128418,1912,313,6,502,56,406,0.165754497051239,140.6880645751953,0,background,background
-56.91666666666667,-13.249999999999996,75.90445709228516,86.16458892822266,31.857749938964844,24.82895851135254,2021,331,3,807,38,343,0.06875089555978775,37.68632888793945,0,background,background
-65.41666666666667,0.5833333333333357,91.11497497558594,26.05963897705078,28.695249557495117,22.58037567138672,2739,341,171,535,841,903,0.5799750685691833,63.88200378417969,0,background,background
-48.91666666666667,-4.58333333333333,78.97704315185547,54.646907806396484,33.436500549316406,25.70716667175293,1888,354,27,148,946,173,0.13258686661720276,293.4924011230469,0,background,background
-51.25,-0.7499999999999973,81.92353057861328,55.49164962768555,32.46049880981445,25.852874755859375,2365,331,48,221,901,14,7.721108268015087e-4,90,0,background,background
-59.41666666666667,-15.416666666666664,68.05572509765625,155.38848876953125,33.754249572753906,26.77720832824707,1544,272,17,515,104,253,0.19109907746315002,326.2789306640625,0,background,background
-56.25,-2.2499999999999973,78.04728698730469,67.0298843383789,33.07099914550781,26.499208450317383,2153,353,36,206,921,21,0.09096778184175491,315.5155944824219,0,background,background
-58.583333333333336,-0.4166666666666643,79.5699234008789,53.687992095947266,32.302001953125,26.210458755493164,2226,341,101,308,724,161,0.15926876664161682,169.52635192871094,0,background,background
-68.41666666666667,-7.58333333333333,80.16126251220703,57.40582275390625,31.535499572753906,25.445791244506836,2240,323,43,509,163,166,0.059491343796253204,1.875507116317749,0,background,background
-59.75,-9.08333333333333,69.52134704589844,38.33055877685547,33.66899871826172,25.490083694458008,2052,324,9,263,118,153,0.057107169181108475,73.392303466796875,0,background,background
-64.41666666666667,-3.2499999999999964,89.00798797607422,24.432065963745117,32.020999908447266,26.62350082397461,2661,302,129,551,603,40,0.002946913940832019,113.30494689941406,0,background,background
-53.75,-3.4166666666666643,79.8310317993164,52.26018524169922,31.129249572753906,24.81599998474121,1660,298,40,169,748,196,0.1109725832939148,48.82416534423828,0,background,background
-60.75,-2.5833333333333304,84.53612518310547,39.030479431152344,31.74074935913086,26.3975830078125,2344,304,78,397,855,27,0.03564544394612312,223.074462890625,0,background,background
-53.75,0.7500000000000027,81.18536376953125,59.924232482910156,31.354249954223633,24.73466682434082,2277,334,62,212,754,342,0.10613907128572464,202.67784118652344,0,background,background
-51.083333333333336,-3.4166666666666643,79.17720794677734,53.55593490600586,32.156497955322266,25.34316635131836,2113,363,27,164,1003,85,0.053830504417419434,355.0546875,0,background,background
-60.91666666666667,1.4166666666666692,82.75297546386719,57.189247131347656,33.11399841308594,26.565000534057617,1922,358,57,289,970,62,0.044357266277074814,234.05543518066406,0,background,background
-48.91666666666667,-5.58333333333333,73.93582916259766,56.93354034423828,34.34225082397461,25.697792053222656,1694,307,23,179,819,130,0.06230219453573227,324.18438720703125,0,background,background
-62.91666666666667,-5.08333333333333,83.37376403808594,26.73757553100586,32.41475296020508,26.704124450683594,2406,307,80,665,389,37,0.0038792849518358707,53.05300521850586,0,background,background
-62.583333333333336,-12.249999999999996,71.49186706542969,68.56744384765625,32.762001037597656,25.393709182739258,1581,263,7,385,92,182,0.08001650124788284,237.04629516601563,0,background,background
-62.25,-3.0833333333333304,88.72603607177734,27.910490036010742,31.44499969482422,26.293832778930664,2673,330,108,608,601,54,0.008967416360974312,82.52970886230469,0,background,background
-62.91666666666667,-4.58333333333333,84.74766540527344,28.31614112854004,32.079498291015625,26.517375946044922,2439,297,93,641,469,63,0.012653131037950516,117.4326171875,0,background,background
-56.75,0.7500000000000027,79.03532409667969,54.81783676147461,32.32699966430664,25.85504150390625,2096,362,71,230,576,233,0.043269917368888855,234.28240966796875,0,background,background
-68.08333333333333,-10.249999999999996,70.65743255615234,87.40165710449219,31.664499282836914,25.593250274658203,1651,225,45,503,169,198,0.059653859585523605,46.32611083984375,0,background,background
-61.083333333333336,-3.7499999999999964,85.30516052246094,34.36852264404297,31.934749603271484,26.453458786010742,2444,307,87,445,884,36,0.03464158624410629,356.7991943359375,0,background,background
-48.75,-8.416666666666664,70.17243194580078,53.729427337646484,34.070499420166016,24.63045883178711,1828,288,7,261,811,329,0.2166205793619156,273.7030029296875,0,background,background
-64.75,-1.4166666666666643,89.68351745605469,28.692668914794922,31.709251403808594,26.19362449645996,2749,328,165,577,832,66,0.0027969086077064276,33.520687103271484,0,background,background
-55.91666666666667,-4.416666666666664,77.8826904296875,56.8823356628418,32.93025207519531,26.1180419921875,2096,314,64,352,858,72,0.15167230367660522,322.589111328125,0,background,background
-50.583333333333336,-8.916666666666664,71.15938568115234,42.540550231933594,34.47275161743164,25.335792541503906,1906,294,9,300,824,268,0.13815449178218842,83.052642822265625,0,background,background
-50.583333333333336,0.5833333333333357,76.52388000488281,78.0063247680664,33.020999908447266,26.0783748626709,2057,356,16,69,864,13,0.017125314101576805,118.46046447753906,0,background,background
-55.083333333333336,-9.58333333333333,65.5786361694336,64.9819564819336,35.21200180053711,25.406707763671875,2261,354,8,144,1004,394,0.16163447499275208,199.52452087402344,0,background,background
-61.583333333333336,2.7500000000000027,84.17169189453125,61.08283996582031,32.61600112915039,26.074874877929688,1999,348,66,332,871,136,0.09105909615755081,94.16062927246094,0,background,background
-46.25,-3.4166666666666643,80.694580078125,50.82384490966797,32.390499114990234,25.72970962524414,1799,364,35,234,871,95,0.06388499587774277,115.58856964111328,0,background,background
-65.41666666666667,-2.7499999999999964,87.9018325805664,26.443241119384766,31.86374855041504,26.50579071044922,3273,364,187,703,788,60,0.04383061081171036,36.2105598449707,0,background,background
-61.41666666666667,-0.24999999999999734,85.64490509033203,40.166141510009766,32.09124755859375,26.387666702270508,2335,346,111,392,863,49,0.010366291739046574,12.91066837310791,0,background,background
-54.91666666666667,-5.2499999999999964,75.62135314941406,45.16350555419922,32.31074905395508,25.001041412353516,2114,347,33,377,944,242,0.036297909915447235,34.47212600708008,0,background,background
-52.91666666666667,-7.58333333333333,72.1498031616211,31.826705932617188,33.72999954223633,24.895708084106445,2017,302,14,338,853,286,0.08532319217920303,88.17292022705078,0,background,background
-56.583333333333336,-11.249999999999996,71.9431381225586,58.298828125,32.899749755859375,25.046833038330078,1910,320,3,466,26,343,0.092754460871219635,234.97006225585938,0,background,background
-59.25,-0.24999999999999734,80.07194519042969,51.168087005615234,32.403499603271484,26.451915740966797,2131,332,100,318,747,116,0.039274971932172775,57.70167922973633,0,background,background
-49.41666666666667,-2.7499999999999964,87.05487823486328,42.44901657104492,32.188499450683594,25.977375030517578,2450,435,46,202,1169,31,0.040295932441949844,342.703857421875,0,background,background
-62.583333333333336,-12.083333333333329,71.33893585205078,66.29962158203125,32.71150207519531,25.213666915893555,1604,266,7,391,94,205,0.1313869208097458,222.0618896484375,0,background,background
-70.91666666666667,-7.58333333333333,80.57355499267578,52.48870086669922,30.56024932861328,25.00666618347168,2216,301,61,663,231,246,0.01843777298927307,341.5304870605469,0,background,background
-53.083333333333336,-4.416666666666664,79.05426025390625,44.484275817871094,31.526500701904297,24.56108283996582,1662,286,32,208,789,213,0.039887670427560806,337.7561950683594,0,background,background
-58.75,-9.58333333333333,68.559783935546875,40.08243179321289,33.6614990234375,25.107749938964844,1921,311,6,240,94,268,0.01540302112698555,66.19117736816406,0,background,background
-62.083333333333336,0.25000000000000266,87.608795166015625,42.76091003417969,32.31399917602539,26.230167388916016,2130,329,95,340,748,41,0.005206987727433443,153.58836364746094,0,background,background
-57.583333333333336,-8.416666666666664,66.89725494384766,37.113441467285156,34.77375030517578,25.92533302307129,2081,327,10,298,920,148,0.011899036355316639,121.5042724609375,0,background,background
-47.75,-3.2499999999999964,85.43205261230469,40.85004806518555,31.6614990234375,25.549625396728516,1964,379,42,191,973,117,0.09062985330820084,333.1143493652344,0,background,background
-63.583333333333336,-9.749999999999996,72.01884460449219,50.669822692871094,33.29375076293945,25.661375045776367,2104,338,12,495,149,133,0.06257817894220352,6.468216896057129,0,background,background
-63.083333333333336,-2.4166666666666643,88.65794372558594,25.59075927734375,31.35274887084961,26.215709686279297,2655,310,137,587,692,60,0.0051896944642066956,63.30103302001953,0,background,background
-70.08333333333333,-9.249999999999996,77.33534240722656,74.09623718261719,31.111000061035156,25.30758285522461,2056,288,34,697,137,233,0.04910688102245331,47.11021041870117,0,background,background
-51.41666666666667,0.7500000000000027,76.80889129638672,75.48029327392578,32.78974914550781,25.582666397094727,2263,340,33,127,887,89,0.09421772509813309,122.42644500732422,0,background,background
-68.91666666666667,-9.749999999999996,75.185028076171875,85.86647033691406,31.364999771118164,25.18891716003418,1879,271,31,619,128,213,0.032742008566856384,344.0312194824219,0,background,background
-52.41666666666667,2.416666666666669,77.6120834350586,59.21533203125,32.41625213623047,25.495040893554688,2511,368,55,248,831,144,0.04172220081090927,311.4017028808594,0,background,background
-63.41666666666667,-8.58333333333333,71.80144500732422,45.87839889526367,32.82149887084961,25.574417114257813,2260,347,18,495,183,93,0.04232614114880562,306.6416015625,0,background,background
-60.25,-12.916666666666664,69.13700103759766,90.66111755371094,32.42399978637695,24.464000701904297,1929,313,11,447,96,439,0.389492928981781,219.97943115234375,0,background,background
-53.91666666666667,0.7500000000000027,81.32386779785156,59.41106033325195,31.497249603271484,24.906917572021484,2253,337,62,214,739,309,0.10363664478063583,38.741939544677734,0,background,background
-54.91666666666667,-10.249999999999996,66.33152770996094,50.72503662109375,36.22949981689453,25.997291564941406,2213,360,6,337,1020,274,0.03810490295290947,316.3952331542969,0,background,background
-50.75,-9.249999999999996,71.79997253417969,42.84029769897461,34.11574935913086,25.399415969848633,1894,299,8,292,68,294,0.10053283721208572,128.20684814453125,0,background,background
-66.58333333333333,-3.5833333333333304,84.8260726928711,30.77098846435547,31.70975112915039,26.29216766357422,2883,347,137,627,607,92,0.025501146912574768,99.650299072265625,0,background,background
-62.91666666666667,-2.9166666666666643,89.18114471435547,25.851272583007813,31.399999618530273,26.2552490234375,2604,312,121,595,631,60,0.0032886697445064783,135.15553283691406,0,background,background
-63.91666666666667,-1.7499999999999973,88.804595947265625,26.619102478027344,31.508249282836914,26.307540893554688,2758,323,162,587,794,57,0.006256782915443182,29.590784072875977,0,background,background
-70.41666666666667,-5.916666666666664,81.96503448486328,42.17585372924805,31.342498779296875,25.788291931152344,2533,309,85,623,302,159,0.08007105439901352,305.9636535644531,0,background,background
-54.25,-10.916666666666664,67.95386505126953,49.53651428222656,35.080501556396484,25.394500732421875,2094,369,2,301,57,336,0.0836649090051651,162.2180938720703,0,background,background
-62.75,-5.416666666666664,81.86669921875,28.131269454956055,32.56224822998047,26.380916595458984,2315,300,66,467,348,63,0.016322214156389236,2.5444437748716082e-14,0,background,background
-59.25,-6.2499999999999964,74.15630340576172,37.19789505004883,33.30350112915039,26.37558364868164,2180,303,36,469,889,100,0.030537275597453117,36.702274322509766,0,background,background
-73.25,-7.2499999999999964,79.90653991699219,49.7389030456543,31.25749969482422,25.556625366210938,2363,300,75,702,266,227,0.02562025934457779,120.03736114501953,0,background,background
-58.91666666666667,-5.416666666666664,76.71730041503906,42.30654525756836,32.85725021362305,26.423667907714844,2238,298,52,432,877,96,0.02088720165193081,18.395944595336914,0,background,background
-70.75,-5.08333333333333,81.2951431274414,42.449100494384766,31.324249267578125,26.185375213623047,2542,283,118,665,394,127,0.016702059656381607,111.85682678222656,0,background,background
-56.91666666666667,0.0833333333333357,78.86656188964844,56.753536224365234,32.329750061035156,25.937000274658203,2327,367,101,308,687,202,0.06813865900039673,192.76454162597656,0,background,background
-51.91666666666667,0.4166666666666696,79.61039733886719,66.2671127319336,32.07699966430664,25.514333724975586,2362,334,48,177,875,143,0.08926604688167572,103.34052276611328,0,background,background
-55.75,-11.916666666666664,71.2127685546875,67.19331359863281,33.7504997253418,25.02316665649414,1926,316,2,492,25,350,0.013538779690861702,341.30694580078125,0,background,background
-71.75,-8.749999999999996,78.6628646850586,60.25966262817383,30.870750427246094,25.09979248046875,1896,260,37,617,150,279,0.04398814216256142,96.08576202392578,0,background,background
-51.41666666666667,-1.7499999999999973,84.33588409423828,47.94561767578125,32.245750427246094,25.908750534057617,2154,313,47,177,825,24,0.03986037150025368,106.42376708984375,0,background,background
-66.91666666666667,-7.08333333333333,79.67204284667969,44.681907653808594,31.943750381469727,25.838083267211914,2416,331,51,550,283,133,0.012096552178263664,45.02560043334961,0,background,background
-73.25,-7.08333333333333,80.11707305908203,48.69269561767578,31.234750747680664,25.578041076660156,2387,296,80,705,280,228,0.007697805762290955,45.02560043334961,0,background,background
-51.583333333333336,3.7500000000000027,73.83447265625,55.79188919067383,32.87950134277344,25.941165924072266,3238,493,69,265,1078,17,0.07620058208703995,51.89522171020508,0,background,background
-71.41666666666667,-9.416666666666664,78.068084716796875,65.39453887939453,31.107250213623047,25.428125381469727,1827,247,29,618,129,292,0.06183933466672897,107.17957305908203,0,background,background
-72.41666666666667,-5.58333333333333,81.591461181640625,44.4579963684082,31.3799991607666,25.965167999267578,2634,305,103,742,366,144,0.023115605115890503,130.9709014892578,0,background,background
-63.083333333333336,-5.7499999999999964,80.3014144897461,29.3111572265625,32.653499603271484,26.273666381835938,2289,306,57,363,323,68,0.035548534244298935,301.6511535644531,0,background,background
-54.75,-11.249999999999996,69.48309326171875,53.95155715942383,34.33774948120117,25.29075050354004,1906,320,0,494,53,328,0.03188806399703026,152.8306427001953,0,background,background
-60.25,-6.2499999999999964,76.4461669921875,35.10372543334961,33.29349899291992,26.517000198364258,2398,333,44,539,959,66,0.038721248507499695,349.6003723144531,0,background,background
-61.75,-4.08333333333333,87.53123474121094,27.456653594970703,31.976999282836914,26.723041534423828,2622,321,100,667,885,26,0.010234793648123741,299.5788879394531,0,background,background
-60.41666666666667,-12.416666666666664,68.88108825683594,79.363067626953125,32.846500396728516,24.51704216003418,1844,305,8,432,86,383,0.24581503868103027,326.75390625,0,background,background
-67.08333333333333,-7.916666666666664,78.09534454345703,54.775115966796875,32.0994987487793,25.892375946044922,2168,296,38,537,212,110,0.02118217572569847,54.04879379272461,0,background,background
-66.58333333333333,-3.9166666666666643,84.2747573852539,30.553409576416016,31.760499954223633,26.305208206176758,2796,348,127,601,561,89,0.0451243594288826,95.93196868896484,0,background,background
-53.083333333333336,0.0833333333333357,80.85033416748047,61.44466018676758,32.083248138427734,25.578083038330078,2348,339,54,203,810,146,0.049577318131923676,140.8990478515625,0,background,background
-57.25,-5.916666666666664,72.55977630615234,42.36005783081055,33.08700180053711,26.141582489013672,2268,327,37,447,958,162,0.08725304901599884,331.87109375,0,background,background
-60.083333333333336,-4.916666666666664,81.049713134765625,39.5088005065918,32.633750915527344,26.610584259033203,2298,297,76,425,861,38,0.01013389602303505,4.385340213775635,0,background,background
-70.41666666666667,-10.58333333333333,74.348480224609375,81.32280731201172,31.354000091552734,25.195125579833984,1851,250,30,633,114,320,0.017708664759993553,77.3230209350586,0,background,background
-72.25,-9.416666666666664,79.1552734375,59.83509826660156,31.229249954223633,25.483333587646484,1724,237,29,574,127,341,0.08768829703330994,314.4460144042969,0,background,background
-53.583333333333336,-10.249999999999996,67.9197006225586,43.15418243408203,35.44649887084961,25.57575035095215,2287,390,4,376,54,340,0.03106747195124626,140.85585021972656,0,background,background
-56.75,-3.4166666666666643,76.836395263671875,63.01958465576172,32.85599899291992,26.27916717529297,2206,322,57,280,886,58,0.04412492364645004,325.8827819824219,0,background,background
-60.083333333333336,-10.58333333333333,69.80799102783203,51.35300827026367,32.83074951171875,24.615333557128906,1975,336,7,229,90,288,0.05321197211742401,327.90679931640625,0,background,background
-46.91666666666667,-1.2499999999999973,79.97746276855469,47.83195495605469,32.23649978637695,25.711042404174805,2371,453,13,96,685,40,0.04470677673816681,1.4846853017807007,0,background,background
-66.75,-2.4166666666666643,86.63866424560547,30.7000789642334,31.69099998474121,26.398082733154297,3068,327,181,630,696,53,0.01261913776397705,137.65597534179688,0,background,background
-49.91666666666667,-7.416666666666664,72.12665557861328,47.24949645996094,34.19900131225586,24.87012481689453,1895,277,15,308,769,273,0.06473208963871002,101.42692565917969,0,background,background
-56.41666666666667,-13.583333333333329,76.85493469238281,81.21006774902344,32.0369987487793,24.949708938598633,1903,320,3,752,35,344,0.05376352742314339,284.6547546386719,0,background,background
-72.75,-6.08333333333333,81.37931823730469,45.344879150390625,31.303749084472656,25.807540893554688,2560,288,99,732,348,173,0.03512243181467056,54.874332427978516,0,background,background
-53.75,-5.416666666666664,76.16776275634766,39.328575134277344,32.39799880981445,24.84495735168457,1829,302,25,306,870,216,0.055023860186338425,349.0318298339844,0,background,background
-58.25,0.5833333333333357,78.7598648071289,55.15285110473633,32.386749267578125,26.086999893188477,1988,338,77,250,788,196,0.15433527529239655,193.5989227294922,0,background,background
-61.25,-13.083333333333329,68.57379913330078,92.11320495605469,33.66849899291992,25.738750457763672,1659,298,11,397,90,191,0.09600157290697098,224.8937225341797,0,background,background
-50.41666666666667,-1.0833333333333304,83.399688720703125,48.62461471557617,32.22275161743164,25.723249435424805,2426,363,53,219,986,20,0.0019691844936460257,281.3822021484375,0,background,background
-69.08333333333333,0.7500000000000027,88.03270721435547,50.107017517089844,31.016000747680664,25.386749267578125,3371,388,221,757,944,136,0.021617397665977478,162.32632446289063,0,background,background
-56.083333333333336,-10.749999999999996,69.50498962402344,46.41228485107422,34.66925048828125,25.60795783996582,1984,319,4,280,63,288,0.050136785954236984,71.46993255615234,0,background,background
-69.41666666666667,-5.08333333333333,81.6957778930664,40.56650161743164,31.267749786376953,25.982791900634766,2667,317,104,622,349,156,0.025526128709316254,126.42413330078125,0,background,background
-50.583333333333336,-3.0833333333333304,83.1635513305664,45.416778564453125,31.952749252319336,25.517375946044922,2362,425,35,193,1134,82,0.03076280653476715,29.346529006958008,0,background,background
-55.583333333333336,0.25000000000000266,80.518218994140625,57.70859909057617,31.496000289916992,24.93958282470703,2296,357,83,272,710,365,0.07434874027967453,303.28741455078125,0,background,background
-54.083333333333336,-2.0833333333333304,78.86871337890625,65.42980194091797,32.10974884033203,26.112417221069336,1600,284,23,96,778,11,0.06755242496728897,151.6661834716797,0,background,background
-55.083333333333336,-7.58333333333333,68.33702087402344,48.57929992675781,34.18524932861328,25.270084381103516,2159,346,11,302,970,307,0.06931871920824051,203.1558074951172,0,background,background
-56.75,-1.9166666666666643,77.80207824707031,66.00447082519531,33.064998626708984,26.34170913696289,2440,407,53,264,1014,53,0.10281995683908463,186.2540283203125,0,background,background
-57.583333333333336,-2.9166666666666643,77.73687744140625,62.6207389831543,33.07775115966797,26.59174919128418,2224,369,58,237,903,18,0.03343632444739342,314.2162780761719,0,background,background
-47.91666666666667,-1.4166666666666643,85.84587860107422,45.09440994262695,31.482999801635742,25.836708068847656,2441,462,48,205,1204,26,0.03228527680039406,207.03207397460938,0,background,background
-69.91666666666667,-9.249999999999996,77.37549591064453,75.38233947753906,31.19849967956543,25.354042053222656,2080,295,34,706,139,216,0.035081472247838974,9.625882148742676,0,background,background
-66.75,-1.2499999999999973,87.18408966064453,36.93515396118164,31.530750274658203,25.898208618164063,2750,320,175,597,689,83,0.006657575722783804,125.7134780883789,0,background,background
-52.25,-9.58333333333333,71.7890396118164,37.247802734375,34.30099868774414,25.703916549682617,1994,320,6,326,62,280,0.04194663092494011,153.98489379882813,0,background,background
-47.41666666666667,-3.0833333333333304,83.0452880859375,48.48075485229492,32.09175109863281,25.478750228881836,1953,381,46,180,957,125,0.07386747002601624,324.1163635253906,0,background,background
-62.083333333333336,3.5833333333333357,87.00931549072266,53.308624267578125,31.569499969482422,25.132583618164063,2316,352,82,400,950,293,0.13493356108665466,110.39517974853516,0,background,background
-72.75,-6.7499999999999964,80.07648468017578,48.64387512207031,31.13249969482422,25.64645767211914,2455,287,87,723,293,186,0.060332290828228,338.0577087402344,0,background,background
-56.41666666666667,0.7500000000000027,79.2886962890625,55.09628677368164,31.774250030517578,25.287582397460938,2120,363,70,228,600,343,0.14852410554885864,223.33067321777344,0,background,background
-52.41666666666667,0.25000000000000266,80.45850372314453,64.07182312011719,31.5939998626709,25.051708221435547,2387,318,54,197,856,238,0.09137127548456192,161.52684020996094,0,background,background
-59.75,-15.416666666666664,67.29454040527344,158.3861083984375,34.02199935913086,27.06162452697754,1512,265,16,502,101,213,0.08664539456367493,300.7514953613281,0,background,background
-50.75,-6.2499999999999964,75.909637451171875,36.176368713378906,33.048500061035156,24.648208618164063,1871,295,16,281,822,243,0.14428672194480896,239.75704956054688,0,background,background
-50.41666666666667,-9.08333333333333,71.53865051269531,40.772216796875,34.20399856567383,25.47112464904785,1871,294,8,281,72,243,0.07415169477462769,143.8138885498047,0,background,background
-63.41666666666667,-10.916666666666664,72.577392578125,55.6207275390625,32.40974807739258,24.843124389648438,1812,294,13,424,126,310,0.417855829000473,90.37300872802734,0,background,background
-66.08333333333333,-8.58333333333333,76.62964630126953,52.9996452331543,32.40700149536133,26.010000228881836,1992,272,23,498,148,133,0.019657082855701447,96.812530517578125,0,background,background
-68.25,0.4166666666666696,88.25289154052734,46.529685974121094,31.18375015258789,25.428625106811523,3484,380,236,844,922,105,0.019536176696419716,117.22772979736328,0,background,background
-56.91666666666667,-11.249999999999996,70.28231048583984,59.6881217956543,33.709999084472656,25.156875610351563,1985,333,3,477,60,336,0.0023317448794841766,6.106665195217131e-13,0,background,background
-59.75,-10.416666666666664,69.43943786621094,49.742210388183594,33.14775085449219,24.85304069519043,1942,329,6,223,87,260,0.12504754960536957,318.77166748046875,0,background,background
-62.083333333333336,-8.916666666666664,70.90581512451172,41.282840728759766,33.125999450683594,25.366125106811523,2306,345,19,561,187,107,0.045857638120651245,360,0,background,background
-56.25,-3.5833333333333304,77.02024841308594,61.08745574951172,32.58150100708008,26.00604248046875,2070,313,53,266,846,89,0.06920279562473297,311.5027160644531,0,background,background
-56.25,-0.4166666666666643,79.62080383300781,59.220664978027344,32.24924850463867,25.730998992919922,2491,373,114,355,790,216,0.12710250914096832,226.29000854492188,0,background,background
-47.583333333333336,-3.4166666666666643,84.53096771240234,41.95964431762695,31.568750381469727,25.323457717895508,1898,370,39,187,941,163,0.06527075916528702,337.3499755859375,0,background,background
-66.25,-2.4166666666666643,86.803009033203125,28.784595489501953,31.840499877929688,26.52570915222168,2839,314,169,581,625,52,0.014999717473983765,338.8621520996094,0,background,background
-64.58333333333333,-10.08333333333333,74.58232879638672,56.00305938720703,32.96649932861328,25.99216651916504,1827,284,21,427,156,186,0.01943795569241047,65.17462158203125,0,background,background
-57.91666666666667,-3.4166666666666643,78.03946685791016,58.5002326965332,33.009498596191406,26.604333877563477,2040,270,88,316,754,18,0.013273556716740131,20.462982177734375,0,background,background
-53.75,-2.7499999999999964,80.55818176269531,54.64622116088867,30.98200035095215,24.93524932861328,1698,299,31,128,712,167,0.04957003518939018,293.07867431640625,0,background,background
-52.083333333333336,-10.08333333333333,71.71039581298828,43.901119232177734,34.66849899291992,26.017457962036133,1967,321,5,517,56,275,0.03097243793308735,221.16256713867188,0,background,background
-49.91666666666667,-4.416666666666664,81.97761535644531,50.08287048339844,32.823001861572266,25.77020835876465,1994,370,28,141,997,114,0.06872975081205368,49.011478424072266,0,background,background
-60.583333333333336,-8.249999999999996,71.4351577758789,34.90154266357422,33.41450119018555,25.669750213623047,2336,357,16,344,167,119,0.03802989423274994,74.5919418334961,0,background,background
-69.25,-0.9166666666666643,86.1114273071289,43.52665328979492,30.74100112915039,25.65862464904785,3253,332,207,758,697,146,0.04327354207634926,216.07395935058594,0,background,background
-47.083333333333336,-1.9166666666666643,82.59989929199219,45.7993049621582,31.881000518798828,25.687541961669922,2169,420,37,159,1061,55,0.02498074248433113,291.92340087890625,0,background,background
-56.583333333333336,-12.583333333333329,73.82734680175781,86.9910659790039,32.42499923706055,24.80204200744629,2197,396,3,769,38,346,0.06376199424266815,314.50048828125,0,background,background
-58.91666666666667,-8.58333333333333,68.71247863769531,35.152992248535156,33.77275085449219,25.420166015625,2012,314,9,277,126,217,0.1509781777858734,111.43916320800781,0,background,background
-63.41666666666667,-9.58333333333333,71.51686096191406,50.03190612792969,33.24224853515625,25.52512550354004,2162,347,11,503,155,138,0.01717100292444229,354.76800537109375,0,background,background
-45.083333333333336,-4.08333333333333,77.18959045410156,77.19804382324219,34.520748138427734,26.57295799255371,1670,364,16,108,952,25,0.0352940671145916,51.124603271484375,0,background,background
-71.58333333333333,-6.2499999999999964,81.04905700683594,45.83597183227539,31.08074951171875,25.647417068481445,2568,287,95,761,327,164,0.0434856079518795,311.401123046875,0,background,background
-64.91666666666667,-9.249999999999996,75.1572265625,51.879695892333984,32.804500579833984,25.998748779296875,1866,269,23,449,165,148,0.04011306166648865,105.16394805908203,0,background,background
-55.083333333333336,-10.916666666666664,68.56783294677734,46.45473098754883,34.70275115966797,25.016000747680664,1988,320,1,270,61,414,0.02648957632482052,335.448974609375,0,background,background
-65.08333333333333,-3.5833333333333304,86.66619873046875,26.552724838256836,32.084999084472656,26.59458351135254,2643,312,129,554,549,69,0.03298811614513397,94.73027801513672,0,background,background
-61.91666666666667,0.7500000000000027,86.45598602294922,46.762630462646484,32.43925094604492,26.298749923706055,1966,314,78,291,758,54,0.016288673505187035,84.52368927001953,0,background,background
-65.08333333333333,-6.7499999999999964,78.97135925292969,32.742828369140625,32.65224838256836,26.21158218383789,2861,367,58,642,372,78,0.02319842204451561,81.3284683227539,0,background,background
-54.583333333333336,-8.416666666666664,67.79603576660156,51.57622146606445,34.618499755859375,25.566041946411133,2077,328,10,337,887,290,0.06520729511976242,282.73919677734375,0,background,background
-54.91666666666667,-0.7499999999999973,81.06239318847656,61.44664764404297,30.770999908447266,24.315916061401367,2313,357,81,281,801,434,0.18947044014930725,190.0919647216797,0,background,background
-51.25,2.7500000000000027,75.32393646240234,66.43402099609375,32.5994987487793,25.80179214477539,2807,413,51,196,987,59,0.0840103030204773,66.26832580566406,0,background,background
-65.91666666666667,-6.58333333333333,80.19207000732422,35.90766906738281,32.25550079345703,26.125791549682617,2745,357,58,602,357,97,0.02671058289706707,8.364688873291016,0,background,background
-61.25,-8.58333333333333,70.70085144042969,38.80736541748047,33.7192497253418,25.534250259399414,2381,360,18,356,175,125,0.006287559866905212,119.63463592529297,0,background,background
-58.25,-11.583333333333329,69.04949188232422,71.33992767333984,33.80099868774414,25.1768741607666,1983,330,4,451,70,286,0.016706764698028564,119.241455078125,0,background,background
-47.583333333333336,-4.7499999999999964,76.72474670410156,46.38692855834961,32.826499938964844,24.69766616821289,1559,306,15,210,794,308,0.1603708565235138,59.571346282958984,0,background,background
-65.41666666666667,-5.916666666666664,80.92688751220703,31.43644142150879,32.27750015258789,26.22916603088379,2845,369,78,608,416,86,0.01977996714413166,43.368499755859375,0,background,background
-73.08333333333333,-8.249999999999996,79.2567367553711,54.66672134399414,31.385499954223633,25.57029151916504,2059,287,43,640,183,228,0.033052776008844376,72.9058837890625,0,background,background
-61.75,-10.249999999999996,70.79088592529297,48.65693283081055,32.79050064086914,24.69216537475586,2086,335,13,248,119,193,0.10436218976974487,271.2802429199219,0,background,background
-55.083333333333336,-11.416666666666664,70.35579681396484,56.244354248046875,33.902748107910156,25.133874893188477,1851,316,0,477,47,348,0.044035591185092926,69.8680191040039,0,background,background
-57.41666666666667,-0.4166666666666643,78.93382263183594,57.22568130493164,32.3797492980957,26.0555419921875,2418,364,106,339,747,174,0.14683577418327332,153.45306396484375,0,background,background
-58.91666666666667,-5.08333333333333,77.68671417236328,43.954345703125,32.728248596191406,26.435375213623047,2239,291,60,415,854,87,0.022816980257630348,305.3869934082031,0,background,background
-53.083333333333336,-3.2499999999999964,81.44730377197266,52.022743225097656,31.58074951171875,25.095125198364258,1723,321,35,148,783,152,0.1235029324889183,84.58319854736328,0,background,background
-53.75,-10.08333333333333,67.64177703857422,42.59156036376953,35.58274841308594,25.60733413696289,2274,382,5,378,61,342,0.05021358281373978,16.323890686035156,0,background,background
-58.083333333333336,-9.416666666666664,67.74640655517578,40.01556396484375,34.25775146484375,25.412416458129883,1917,313,5,259,882,240,0.028312964364886284,297.8193054199219,0,background,background
-67.75,0.9166666666666696,90.0381088256836,42.99220657348633,32.03049850463867,25.943790435791016,3433,397,228,761,968,98,0.012067552655935287,137.79051208496094,0,background,background
-72.08333333333333,-7.916666666666664,78.6250228881836,55.72713088989258,30.780750274658203,25.24358367919922,2056,273,49,643,184,214,0.02843639999628067,3.929185152053833,0,background,background
-57.25,-2.0833333333333304,77.45777893066406,63.70232009887695,32.837249755859375,26.292041778564453,2372,371,57,260,965,71,0.03123513236641884,124.0478515625,0,background,background
-57.41666666666667,-0.5833333333333304,78.93341064453125,57.85405349731445,32.499000549316406,26.188751220703125,2466,373,103,348,780,145,0.1071893498301506,196.10003662109375,0,background,background
-55.41666666666667,-12.083333333333329,71.097320556640625,69.853179931640625,33.71125030517578,24.93400001525879,1885,317,1,478,47,371,0.02781136892735958,298.365966796875,0,background,background
-64.08333333333333,1.2500000000000027,89.9278564453125,38.67310333251953,31.36574935913086,25.101749420166016,2498,358,124,455,856,350,0.4465605318546295,199.07630920410156,0,background,background
-58.75,-7.08333333333333,70.38215637207031,33.96741485595703,33.78049850463867,26.172832489013672,2120,319,20,307,913,120,0.14927834272384644,254.6008758544922,0,background,background
-57.25,1.4166666666666692,78.7706298828125,54.77009963989258,32.221248626708984,25.821958541870117,1893,349,53,187,442,256,0.03959010913968086,195.84860229492188,0,background,background
-69.41666666666667,0.25000000000000266,87.445465087890625,48.94548797607422,30.854249954223633,25.438291549682617,3322,363,220,807,882,124,0.017008639872074127,131.49925231933594,0,background,background
-68.91666666666667,-5.2499999999999964,82.1275634765625,39.44042205810547,31.52574920654297,26.07754135131836,2801,336,103,652,346,118,0.02862158790230751,310.6732482910156,0,background,background
-69.41666666666667,-0.7499999999999973,86.11042785644531,44.7839241027832,30.68950080871582,25.626375198364258,3218,328,201,746,688,161,0.07049765437841415,215.86993408203125,0,background,background
-53.91666666666667,-2.4166666666666643,80.15961456298828,59.14799880981445,31.589750289916992,25.64637565612793,1745,297,30,118,818,63,0.213247612118721,325.8294677734375,0,background,background
-49.41666666666667,-4.08333333333333,83.8469467163086,53.09064865112305,32.95050048828125,25.957042694091797,2155,393,30,142,1071,107,0.019272977486252785,320.01739501953125,0,background,background
-58.75,-6.2499999999999964,72.96229553222656,38.143741607666016,33.20624923706055,26.21441650390625,2197,315,33,459,916,143,0.07104779034852982,295.602294921875,0,background,background
-59.41666666666667,-9.416666666666664,68.42630767822266,41.596988677978516,34.287498474121094,25.672374725341797,1985,320,8,250,103,132,0.024832960218191147,317.3518371582031,0,background,background
-54.25,-1.7499999999999973,78.09638977050781,73.20438385009766,32.53974914550781,25.803791046142578,1731,303,32,126,818,93,0.13935934007167816,222.1168212890625,0,background,background
-46.41666666666667,-4.58333333333333,78.57112121582031,53.57898712158203,32.426998138427734,25.159292221069336,1347,275,10,151,690,213,0.15229007601737976,311.17645263671875,0,background,background
-56.083333333333336,-4.416666666666664,77.67790985107422,57.71607971191406,32.92974853515625,26.163166046142578,2063,304,64,349,837,67,0.09461398422718048,356.4809265136719,0,background,background
-68.08333333333333,-8.249999999999996,78.88533020019531,67.45966339111328,31.528749465942383,25.339000701904297,2128,294,35,685,132,175,0.026145292446017265,63.51774978637695,0,background,background
-52.25,-8.08333333333333,73.029998779296875,30.794857025146484,33.55849838256836,24.730083465576172,1992,294,11,347,848,342,0.18614983558654785,292.8493957519531,0,background,background
-66.41666666666667,-9.749999999999996,73.59737396240234,65.5231704711914,33.07099914550781,26.28412437438965,1896,279,14,484,146,158,0.04525787755846977,153.25723266601563,0,background,background
-70.08333333333333,-10.749999999999996,73.14730072021484,85.019256591796875,31.421499252319336,25.099958419799805,1777,239,26,611,100,309,0.06531558930873871,26.04607582092285,0,background,background
-53.25,-12.583333333333329,69.63507843017578,102.43487548828125,34.09000015258789,25.26912498474121,1674,291,1,650,40,318,0.03434494137763977,5.285286903381348,0,background,background
-55.083333333333336,-5.7499999999999964,73.94029998779297,42.84736633300781,32.58924865722656,24.98033332824707,2315,371,31,293,1020,274,0.01794291101396084,248.39524841308594,0,background,background
-49.583333333333336,-5.2499999999999964,76.53287506103516,56.171974182128906,33.7452507019043,25.546083450317383,1828,328,25,180,886,146,0.04725325480103493,66.74864959716797,0,background,background
-61.91666666666667,-1.4166666666666643,88.0230484008789,31.842283248901367,31.407249450683594,26.1213321685791,2295,289,121,426,690,31,0.03112827241420746,357.1558532714844,0,background,background
-63.083333333333336,-4.7499999999999964,84.23029327392578,28.34322166442871,32.15700149536133,26.509124755859375,2419,299,91,647,438,65,0.019473690539598465,125.3615951538086,0,background,background
-48.41666666666667,-2.2499999999999973,87.15665435791016,37.58153533935547,31.30674934387207,25.75037384033203,2336,417,66,331,1120,46,0.011125611141324043,347.97491455078125,0,background,background
-56.083333333333336,-0.24999999999999734,79.75105285644531,59.10539627075195,32.091251373291016,25.579208374023438,2454,362,105,335,771,244,0.06880167126655579,243.8590850830078,0,background,background
-56.41666666666667,-6.916666666666664,68.4614028930664,40.468170166015625,33.662750244140625,25.36983299255371,2075,326,22,283,904,276,0.07388243824243546,90.60276794433594,0,background,background
-56.91666666666667,-5.58333333333333,74.2000961303711,45.10959243774414,32.83100128173828,25.976791381835938,2316,326,45,438,942,166,0.061549436300992966,312.500732421875,0,background,background
-53.583333333333336,-1.2499999999999973,80.2685317993164,65.27042388916016,31.69824981689453,25.194541931152344,2027,354,29,126,797,213,0.3535081148147583,158.26817321777344,0,background,background
-48.583333333333336,-6.08333333333333,72.165618896484375,50.58477020263672,34.00849914550781,25.07525062561035,1607,287,24,192,761,238,0.03462805598974228,350.9703674316406,0,background,background
-63.91666666666667,1.4166666666666692,90.53083801269531,38.766265869140625,32.10300064086914,25.85129165649414,2386,358,118,453,780,173,0.4626280963420868,34.929508209228516,0,background,background
-57.083333333333336,0.7500000000000027,79.13135528564453,55.065067291259766,32.201499938964844,25.800416946411133,2074,361,71,232,546,248,0.062714584171772,94.26448059082031,0,background,background
-65.41666666666667,-4.08333333333333,84.8837890625,27.712099075317383,32.02024841308594,26.455583572387695,2435,311,111,494,464,82,0.01154794730246067,76.37467956542969,0,background,background
-64.75,-3.2499999999999964,87.76531219482422,27.58949851989746,32.053749084472656,26.66550064086914,2782,319,141,590,607,40,0.03280072659254074,59.37177276611328,0,background,background
-52.583333333333336,-10.08333333333333,70.713897705078125,41.50462341308594,34.67399978637695,25.661998748779297,2071,339,5,334,60,327,0.02299734205007553,28.510459899902344,0,background,background
-64.08333333333333,-2.2499999999999973,89.70722198486328,24.470989227294922,31.578500747680664,26.340749740600586,2923,328,167,655,778,66,0.004965315107256174,141.5063934326172,0,background,background
-64.08333333333333,-0.24999999999999734,89.43547058105469,35.171119689941406,31.849750518798828,26.100875854492188,2600,347,148,502,793,41,0.019046494737267494,178.8386688232422,0,background,background
-52.41666666666667,-10.416666666666664,69.861907958984375,49.12336349487305,35.58000183105469,26.04483413696289,2044,334,4,543,59,301,0.05393592268228531,98.2854995727539,0,background,background
-58.75,-3.0833333333333304,78.92943572998047,56.127166748046875,32.55350112915039,26.322124481201172,2230,326,75,313,904,52,0.07621502131223679,169.7742462158203,0,background,background
-49.083333333333336,-6.916666666666664,71.83198547363281,49.401065826416016,34.46274948120117,25.36541748046875,1734,273,18,254,717,164,0.02721480093896389,1.6374586820602417,0,background,background
-50.41666666666667,-5.58333333333333,76.81827545166016,43.263214111328125,33.112998962402344,25.001667022705078,1848,314,22,217,866,189,0.1258680671453476,35.40153503417969,0,background,background
-60.25,-3.5833333333333304,82.16514587402344,44.12887954711914,32.160499572753906,26.452083587646484,2203,288,59,371,842,30,0.017893439158797264,357.52227783203125,0,background,background
-60.25,1.5833333333333357,80.06121826171875,58.847930908203125,32.63850021362305,26.165040969848633,1873,371,49,257,1002,145,0.1556277871131897,296.7105712890625,0,background,background
-61.25,4.083333333333336,85.68220520019531,63.941898345947266,32.784751892089844,25.69129180908203,1852,339,48,241,877,183,0.38735586404800415,163.1583251953125,0,background,background
-72.91666666666667,-6.916666666666664,79.79095458984375,49.36595916748047,31.12725067138672,25.564332962036133,2410,289,84,711,282,208,0.040229130536317825,66.66722106933594,0,background,background
-52.25,-5.2499999999999964,77.3597183227539,36.322513580322266,32.00299835205078,24.391332626342773,1800,293,25,264,864,230,0.032388657331466675,235.67112731933594,0,background,background
-62.25,-7.2499999999999964,74.16307067871094,36.913421630859375,33.263999938964844,25.915206909179688,2236,334,29,318,253,67,0.015161335468292236,1.4706474542617798,0,background,background
-59.75,-8.249999999999996,70.35277557373047,34.68574523925781,33.7755012512207,25.856916427612305,2079,319,12,297,144,111,0.058548785746097565,185.3513641357422,0,background,background
-50.91666666666667,-4.916666666666664,78.631103515625,41.25395584106445,32.13774871826172,24.626750946044922,1813,329,25,230,908,211,0.03515417128801346,312.40338134765625,0,background,background
-63.25,-3.5833333333333304,87.99822235107422,27.97457504272461,31.66175079345703,26.3822078704834,2315,275,96,568,521,36,0.01109625305980444,143.66139221191406,0,background,background
-60.41666666666667,0.0833333333333357,82.3987045288086,46.01264953613281,32.208499908447266,26.308332443237305,2109,326,95,359,848,112,0.06523901224136353,269.65869140625,0,background,background
-57.41666666666667,-0.08333333333333037,78.94351959228516,56.587440490722656,32.3962516784668,26.081083297729492,2341,367,105,318,685,177,0.1272355020046234,60.54416275024414,0,background,background
-62.91666666666667,-0.9166666666666643,87.632568359375,33.838470458984375,31.20275115966797,26.17645835876465,2366,311,130,428,607,31,0.025776904076337814,42.37530517578125,0,background,background
-53.583333333333336,-4.08333333333333,79.04620361328125,48.78594207763672,31.540000915527344,24.772916793823242,1658,295,36,204,778,198,0.049222253262996674,56.449588775634766,0,background,background
-61.083333333333336,-8.08333333333333,71.81837463378906,35.761959075927734,33.38225173950195,25.71062469482422,2505,382,19,384,189,104,0.01685180328786373,303.6054382324219,0,background,background
-64.41666666666667,-8.416666666666664,74.68824005126953,44.30713653564453,32.96699905395508,25.95924949645996,2207,327,24,515,186,97,0.008946867659687996,357.5003967285156,0,background,background
-55.25,-10.58333333333333,67.32489776611328,48.2648811340332,35.90399932861328,25.771373748779297,2072,339,5,300,961,297,0.10028254985809326,310.9138488769531,0,background,background
-50.91666666666667,-6.58333333333333,74.77779388427734,35.449310302734375,33.03324890136719,24.302249908447266,1935,294,15,320,818,314,0.07761259377002716,327.2685546875,0,background,background
-55.25,-8.58333333333333,66.24434661865234,59.60878372192383,35.01100158691406,25.64316749572754,2201,337,9,134,936,295,0.40541359782218933,14.497955322265625,0,background,background
-58.91666666666667,-10.08333333333333,68.87955474853516,45.75594711303711,34.018001556396484,25.541915893554688,1934,323,5,227,82,168,0.07273182272911072,309.08721923828125,0,background,background
-62.75,-6.58333333333333,76.97100067138672,34.64309310913086,33.04425048828125,26.110666275024414,2166,305,38,335,267,60,0.023991331458091736,114.90794372558594,0,background,background
-51.75,-9.249999999999996,70.962554931640625,39.29684066772461,34.65924835205078,25.433792114257813,1982,308,8,331,69,319,0.167158842086792,256.14520263671875,0,background,background
-66.25,0.25000000000000266,90.55023956298828,36.748741149902344,32.2087516784668,26.33858299255371,2555,309,156,622,716,85,0.1501568704843521,214.08604431152344,0,background,background
-47.25,-4.08333333333333,81.16639709472656,46.53787612915039,32.416500091552734,25.482208251953125,1636,326,22,180,828,156,0.09694003313779831,328.1995544433594,0,background,background
-58.083333333333336,-10.58333333333333,68.894195556640625,49.35915756225586,33.65449905395508,25.080833435058594,2009,333,3,271,66,304,0.18996256589889526,242.72537231445313,0,background,background
-60.25,-7.08333333333333,73.89616394042969,33.16987609863281,33.38050079345703,26.125707626342773,2276,323,28,535,934,106,0.0894639864563942,328.8428039550781,0,background,background
-60.083333333333336,-11.749999999999996,69.417327880859375,69.33747863769531,32.4114990234375,24.254375457763672,1914,328,5,426,87,387,0.05735822767019272,17.190160751342773,0,background,background
-69.08333333333333,-1.4166666666666643,85.8052978515625,41.79824447631836,30.91374969482422,25.76045799255371,3303,342,218,785,711,130,0.029302874580025673,194.49960327148438,0,background,background
-60.583333333333336,2.916666666666669,80.59746551513672,74.227874755859375,33.75975036621094,26.81133270263672,1683,337,40,252,823,77,0.015770290046930313,281.3699035644531,0,background,background
-52.91666666666667,-9.416666666666664,70.37266540527344,36.42555236816406,34.3177490234375,25.29399871826172,2081,337,7,359,949,344,0.05565853789448738,127.40601348876953,0,background,background
-58.083333333333336,-15.083333333333329,71.86555480957031,136.56036376953125,31.81450080871582,25.343042373657227,1601,281,15,549,70,429,0.508185625076294,122.10499572753906,0,background,background
-55.91666666666667,-2.9166666666666643,77.3974380493164,62.115020751953125,32.46200180053711,25.959209442138672,2021,319,39,210,844,85,0.02809290960431099,147.54843139648438,0,background,background
-67.41666666666667,0.0833333333333357,88.58789825439453,45.22866439819336,31.45924949645996,25.705917358398438,2936,334,182,728,756,90,0.011973020620644093,271.86004638671875,0,background,background
-57.583333333333336,-15.416666666666664,69.99259948730469,161.44021606445313,32.33300018310547,26.310874938964844,1421,241,17,661,69,182,0.04865876957774162,183.30160522460938,0,background,background
-56.75,-1.2499999999999973,78.89466857910156,62.31425857543945,33.11050033569336,26.62441635131836,2586,401,89,360,939,30,0.07312361896038055,173.63360595703125,0,background,background
-60.41666666666667,-0.4166666666666643,82.68418884277344,44.093021392822266,32.18000030517578,26.328208923339844,2157,309,116,380,746,85,0.0496317520737648,275.3915710449219,0,background,background
-54.583333333333336,-6.416666666666664,72.54386901855469,39.61094284057617,33.17074966430664,25.079124450683594,2164,342,20,288,988,260,0.03201325610280037,349.5133972167969,0,background,background
-59.25,-2.9166666666666643,79.58366394042969,53.07627487182617,32.26150131225586,26.340499877929688,2330,313,92,391,853,69,0.047237884253263474,154.818603515625,0,background,background
-57.083333333333336,-5.416666666666664,74.85107421875,47.595252990722656,32.98025131225586,26.254207611083984,2274,315,47,417,916,105,0.04734043404459953,108.1766128540039,0,background,background
-57.25,-9.249999999999996,67.16651153564453,45.6114501953125,34.56425094604492,25.3596248626709,1983,321,6,293,881,297,0.12459880858659744,44.92654800415039,0,background,background
-58.41666666666667,0.5833333333333357,79.023040771484375,54.655189514160156,32.27674865722656,26.030624389648438,1965,337,77,249,788,209,0.11445417255163193,167.9292449951172,0,background,background
-61.75,-7.7499999999999964,72.87052154541016,35.888160705566406,33.353248596191406,25.816165924072266,2371,361,24,336,226,82,0.03830902278423309,296.5101318359375,0,background,background
-56.91666666666667,-12.416666666666664,73.20369720458984,90.84767150878906,32.36774826049805,25.010583877563477,2160,385,3,749,35,297,0.014324878342449665,337.2790222167969,0,background,background
-51.25,1.4166666666666692,75.87542724609375,73.43031311035156,32.27400207519531,25.645708084106445,2418,348,37,134,938,120,0.1110602542757988,100.28006744384766,0,background,background
-50.75,-0.5833333333333304,81.33802032470703,58.8262825012207,32.488250732421875,25.976165771484375,2399,359,44,198,967,9,0.007037714123725891,6.298412322998047,0,background,background
-69.41666666666667,-5.7499999999999964,82.18510437011719,41.277164459228516,31.538249969482422,25.943416595458984,2654,336,85,630,298,129,0.014401847496628761,85.35665130615234,0,background,background
-58.91666666666667,-4.916666666666664,78.271209716796875,45.19072341918945,32.69974899291992,26.461708068847656,2238,287,65,406,842,75,0.044490184634923935,335.2913818359375,0,background,background
-67.75,-4.916666666666664,81.872528076171875,37.123287200927734,31.64550018310547,26.05033302307129,2631,327,95,590,355,111,0.01618400774896145,73.25251770019531,0,background,background
-55.583333333333336,-10.916666666666664,69.7160873413086,46.41630172729492,34.3380012512207,25.255624771118164,1940,317,3,265,60,357,0.029884925112128258,268.5096740722656,0,background,background
-54.41666666666667,-0.24999999999999734,80.837188720703125,60.707740783691406,30.904748916625977,24.49791717529297,2379,342,67,257,783,387,0.14868122339248657,91.6475830078125,0,background,background
-59.91666666666667,-1.7499999999999973,81.79741668701172,46.2796516418457,32.00299835205078,26.349708557128906,2436,336,122,420,631,75,0.16237635910511017,21.779447555541992,0,background,background
-53.083333333333336,-5.2499999999999964,77.44598388671875,38.201969146728516,32.21699905395508,24.7083740234375,1775,299,24,269,870,199,0.061734799295663834,59.342864990234375,0,background,background
-51.25,-2.0833333333333304,83.7216796875,45.96552658081055,32.24700164794922,25.811166763305664,2384,370,52,190,975,35,0.01601770520210266,346.04522705078125,0,background,background
-58.91666666666667,-6.08333333333333,74.1119384765625,38.62194061279297,33.109249114990234,26.26675033569336,2203,309,37,457,904,131,0.06708581745624542,286.1445007324219,0,background,background
-69.58333333333333,-4.7499999999999964,81.17456817626953,40.5412483215332,31.3439998626709,26.23783302307129,2571,300,107,596,466,127,0.03556031733751297,323.97064208984375,0,background,background
-69.75,-5.916666666666664,82.34502410888672,41.724365234375,31.4689998626709,25.85129165649414,2572,323,79,617,287,146,0.05639652907848358,128.32948303222656,0,background,background
-67.91666666666667,-1.2499999999999973,86.216644287109375,41.29359817504883,31.154001235961914,25.57962417602539,3174,330,214,724,774,91,0.0162025298923254,56.518741607666016,0,background,background
-64.08333333333333,-1.2499999999999973,89.227996826171875,29.145511627197266,31.538000106811523,26.08074951171875,2670,328,159,543,838,63,0.016489949077367783,14.925692558288574,0,background,background
-64.91666666666667,-3.9166666666666643,85.94837951660156,27.150712966918945,32.06399917602539,26.533832550048828,2402,292,106,491,476,75,0.026154840365052223,295.5246276855469,0,background,background
-61.91666666666667,-7.58333333333333,73.422576904296875,36.14210510253906,33.189998626708984,25.817041397094727,2297,352,24,318,231,81,0.012806151993572712,289.5003967285156,0,background,background
-49.75,-7.08333333333333,71.14262390136719,50.48963165283203,34.81325149536133,25.124208450317383,1875,278,17,306,749,224,0.1142621636390686,111.1323013305664,0,background,background
-56.083333333333336,-11.583333333333329,70.97600555419922,61.696346282958984,33.594749450683594,24.916500091552734,1904,306,3,487,51,367,0.04108824208378792,286.4840393066406,0,background,background
-51.083333333333336,-9.416666666666664,71.669281005859375,41.776947021484375,34.132999420166016,25.230375289916992,1923,305,8,300,66,364,0.22157996892929077,93.9221420288086,0,background,background
-70.41666666666667,-7.416666666666664,81.36808776855469,50.195838928222656,30.921249389648438,25.243125915527344,2321,303,61,711,223,198,0.06380437314510345,127.52349853515625,0,background,background
-61.583333333333336,-9.416666666666664,70.78880310058594,42.09244918823242,32.93300247192383,25.037416458129883,2187,334,16,277,135,158,0.017673861235380173,318.38409423828125,0,background,background
-67.58333333333333,-1.0833333333333304,86.3959732055664,41.5780029296875,31.232250213623047,25.607166290283203,3058,327,199,687,756,89,0.008584531024098396,5.160755157470703,0,background,background
-48.083333333333336,-2.0833333333333304,87.214996337890625,39.744991302490234,31.412500381469727,25.781417846679688,2281,422,68,299,1096,40,0.02041754312813282,294.7553405761719,0,background,background
-61.91666666666667,-3.0833333333333304,88.00224304199219,28.677675247192383,31.51824951171875,26.41979217529297,2683,332,102,601,585,52,0.013774110935628414,21.398509979248047,0,background,background
-48.41666666666667,-3.9166666666666643,84.25196838378906,43.09331512451172,32.25349807739258,25.739376068115234,1957,371,34,211,981,123,0.0620248019695282,338.0196228027344,0,background,background
-58.91666666666667,-6.916666666666664,71.249847412109375,34.61666488647461,33.69850158691406,26.278667449951172,2094,310,23,461,891,102,0.0746019035577774,244.38180541992188,0,background,background
-61.083333333333336,-9.416666666666664,70.313323974609375,41.755638122558594,33.2135009765625,25.12587547302246,2187,334,12,271,125,161,0.0196676105260849,332.7706298828125,0,background,background
-66.91666666666667,-2.2499999999999973,86.44403076171875,32.919681549072266,31.559249877929688,26.261083602905273,3102,338,186,707,723,66,0.02804933488368988,158.16925048828125,0,background,background
-64.75,-9.58333333333333,74.25922393798828,54.36872863769531,33.19474792480469,26.13483238220215,1827,262,24,437,171,137,0.04262012243270874,338.4455871582031,0,background,background
-57.583333333333336,0.0833333333333357,78.814666748046875,55.957908630371094,32.43375015258789,26.126874923706055,2262,362,99,299,633,176,0.03453138470649719,34.75886917114258,0,background,background
-48.41666666666667,-7.2499999999999964,69.715728759765625,57.342750549316406,34.230751037597656,24.65304183959961,1751,275,14,251,808,302,0.06325163692235947,44.039642333984375,0,background,background
-54.41666666666667,-9.416666666666664,66.6712417602539,53.29834747314453,34.757999420166016,25.351041793823242,2171,333,8,364,962,385,0.19529440999031067,93.87946319580078,0,background,background
-51.75,-4.58333333333333,79.458984375,41.1654167175293,31.469999313354492,24.447874069213867,1923,325,37,199,919,188,0.06921200454235077,111.75192260742188,0,background,background
-49.75,-1.7499999999999973,85.14832305908203,41.89554977416992,31.947250366210938,25.851707458496094,2508,413,49,195,1106,10,0.006574645638465881,135.1791534423828,0,background,background
-62.41666666666667,0.0833333333333357,88.19007110595703,40.8309440612793,32.20375061035156,26.46404266357422,2271,342,109,378,749,39,0.005913216155022383,336.9403991699219,0,background,background
-54.25,-11.583333333333329,68.83751678466797,66.03263854980469,34.609500885009766,25.15541648864746,1900,334,1,482,46,346,0.037091560661792755,107.05970001220703,0,background,background
-51.583333333333336,-11.916666666666664,73.3616943359375,82.50641632080078,34.16875076293945,26.426166534423828,1686,309,3,440,43,334,0.07422816753387451,77.91156005859375,0,background,background
-63.91666666666667,-5.58333333333333,81.11322784423828,27.776647567749023,32.51874923706055,26.542917251586914,2442,325,66,544,356,46,0.019417287781834602,143.1848907470703,0,background,background
-57.75,-4.916666666666664,77.040435791015625,48.73697280883789,32.581748962402344,26.3367919921875,2353,325,56,402,929,124,0.07925474643707275,348.72369384765625,0,background,background
-69.08333333333333,-9.249999999999996,77.381622314453125,84.32598876953125,31.32699966430664,25.166749954223633,2108,309,36,825,150,198,0.029222380369901657,44.099037170410156,0,background,background
-49.583333333333336,-3.9166666666666643,85.773773193359375,54.42936706542969,32.58824920654297,26.02204132080078,2220,405,28,134,1109,82,0.02582945115864277,66.031402587890625,0,background,background
-67.75,-0.9166666666666643,86.52500915527344,42.87678527832031,31.18375015258789,25.559833526611328,3118,329,205,703,764,87,0.020827047526836395,136.6959228515625,0,background,background
-46.41666666666667,-2.4166666666666643,83.49742126464844,40.64896774291992,31.54924964904785,25.707416534423828,2192,400,37,174,1026,62,0.03398857265710831,349.520751953125,0,background,background
-51.75,-3.4166666666666643,79.39625549316406,53.856388092041016,32.022499084472656,25.20604133605957,2198,370,36,157,988,93,0.045028600841760635,54.67240905761719,0,background,background
-64.41666666666667,-2.2499999999999973,90.19700622558594,24.820987701416016,31.63650131225586,26.38129234313965,3130,347,182,708,827,68,0.008242988027632236,188.08250427246094,0,background,background
-49.91666666666667,-4.58333333333333,81.75285339355469,47.72374725341797,32.51124954223633,25.586957931518555,1953,361,28,145,973,139,0.09614796936511993,34.045162200927734,0,background,background
-52.083333333333336,-3.4166666666666643,80.34532928466797,54.31923294067383,32.105499267578125,25.096874237060547,2141,377,35,151,976,144,0.014453650452196598,74.40260314941406,0,background,background
-57.75,1.0833333333333357,78.77777099609375,55.09980392456055,31.360000610351563,25.072250366210938,1965,346,65,220,429,407,0.2689781188964844,84.11216735839844,0,background,background
-69.25,0.4166666666666696,87.78307342529297,49.13351821899414,30.85675048828125,25.408166885375977,3359,374,223,805,908,126,0.02622593753039837,103.71502685546875,0,background,background
-60.583333333333336,-13.083333333333329,68.61434173583984,92.956756591796875,32.88325119018555,24.63974952697754,1864,322,13,431,98,431,0.18735189735889435,174.6604461669922,0,background,background
-56.41666666666667,-4.916666666666664,77.18409729003906,51.65784454345703,32.777000427246094,26.1947078704834,2201,319,65,405,869,90,0.06089948117733002,336.7689514160156,0,background,background
-64.25,-4.7499999999999964,83.77562713623047,27.455738067626953,32.16550064086914,26.463125228881836,2415,309,82,524,410,74,0.004278470762073994,95.21150207519531,0,background,background
-51.41666666666667,-8.58333333333333,71.91480255126953,35.248985290527344,34.24274826049805,25.0557918548584,1966,295,9,334,854,315,0.055651016533374786,316.5734558105469,0,background,background
-52.583333333333336,-7.416666666666664,72.84394836425781,29.903179168701172,33.613250732421875,24.852458953857422,2002,299,15,331,836,264,0.08465740829706192,299.1172180175781,0,background,background
-62.25,-0.4166666666666643,87.70262908935547,36.68630599975586,31.639751434326172,26.113582611083984,2537,371,126,440,758,51,0.003495961893349886,83.61759948730469,0,background,background
-63.083333333333336,-7.7499999999999964,72.1726303100586,43.05946731567383,33.5047492980957,25.768083572387695,2252,331,23,335,221,63,0.025790635496377945,61.171504974365234,0,background,background
-55.91666666666667,-10.749999999999996,69.24486541748047,45.56675720214844,34.76599884033203,25.660999298095703,1966,318,4,278,918,277,0.04531398043036461,314.68853759765625,0,background,background
-62.25,-8.916666666666664,71.10071563720703,41.961727142333984,32.8697509765625,25.311792373657227,2311,350,17,554,181,107,0.03720148280262947,10.897191047668457,0,background,background
-63.083333333333336,1.2500000000000027,89.20064544677734,44.707122802734375,32.3072509765625,26.095624923706055,2078,317,98,353,746,94,0.09062520414590836,49.32145309448242,0,background,background
-48.75,-2.5833333333333304,87.40111541748047,39.34486389160156,31.701000213623047,25.87783432006836,2340,418,55,210,1131,38,0.03203847259283066,322.0404052734375,0,background,background
-64.58333333333333,-1.0833333333333304,89.338226318359375,30.682313919067383,31.767000198364258,26.205625534057617,2647,327,162,537,699,59,0.006047183182090521,50.01005554199219,0,background,background
-65.08333333333333,-6.2499999999999964,80.05271911621094,31.536252975463867,32.444252014160156,26.19129180908203,3059,395,80,670,439,89,0.03421676531434059,116.29229736328125,0,background,background
-54.083333333333336,-5.916666666666664,74.550750732421875,37.99598693847656,32.731998443603516,24.910791397094727,1960,317,24,249,912,240,0.017919057980179787,265.0232849121094,0,background,background
-72.58333333333333,-7.58333333333333,77.85017395019531,55.49038314819336,31.02174949645996,25.417875289916992,2129,280,60,640,206,189,0.023369261994957924,100.540283203125,0,background,background
-68.41666666666667,-2.7499999999999964,85.74781799316406,37.273338317871094,31.110000610351563,26.057750701904297,3319,328,208,826,825,106,0.05531976744532585,175.99404907226563,0,background,background
-71.75,-6.416666666666664,81.13455963134766,46.91740417480469,31.023000717163086,25.618915557861328,2568,287,96,769,323,163,0.025636697188019753,14.0298490524292,0,background,background
-58.75,-15.249999999999996,70.08345031738281,146.9002227783203,32.78200149536133,25.903749465942383,1597,282,17,538,103,384,0.3243632912635803,165.20989990234375,0,background,background
-65.41666666666667,-8.416666666666664,76.1680908203125,47.06967544555664,32.715999603271484,26.08970832824707,2125,301,22,520,157,113,0.017979251220822334,21.65056800842285,0,background,background
-66.75,-0.5833333333333304,87.78916931152344,41.613346099853516,31.5885009765625,25.830123901367188,2586,295,155,549,662,88,0.014787886291742325,177.00718688964844,0,background,background
-64.08333333333333,-4.416666666666664,85.00053405761719,26.597171783447266,32.11650085449219,26.548084259033203,2266,279,85,478,416,60,0.006637742277234793,20.485267639160156,0,background,background
-57.91666666666667,0.4166666666666696,78.84603118896484,55.33686065673828,32.37125015258789,26.056583404541016,2087,348,83,264,774,201,0.1509263962507248,204.6398468017578,0,background,background
-67.08333333333333,-3.0833333333333304,85.39752197265625,32.044769287109375,31.625,26.30266761779785,2951,309,162,644,703,61,0.033987004309892654,314.2270812988281,0,background,background
-69.41666666666667,-8.249999999999996,79.8505859375,66.86063385009766,31.17074966430664,25.255083084106445,2289,326,46,747,173,186,0.025361686944961548,32.56512451171875,0,background,background
-58.75,-0.08333333333333037,79.33402252197266,53.230892181396484,31.6822509765625,25.52345848083496,2171,343,98,304,769,291,0.022006738930940628,88.98814392089844,0,background,background
-53.75,-8.916666666666664,68.94629669189453,41.929447174072266,34.51799774169922,25.4322509765625,2027,328,10,372,887,319,0.048672374337911606,95.49816131591797,0,background,background
-54.583333333333336,-4.58333333333333,77.41082763671875,48.09126663208008,31.85449981689453,24.97249984741211,1811,312,33,268,820,219,0.08657709509134293,122.2871322631836,0,background,background
-57.41666666666667,-8.08333333333333,66.69271087646484,35.762142181396484,34.64775085449219,25.849958419799805,2157,335,12,311,942,163,0.08960805088281631,298.49371337890625,0,background,background
-49.41666666666667,-7.416666666666664,71.0925064086914,52.39719009399414,34.82175064086914,25.276248931884766,1844,274,14,286,802,197,0.02442314848303795,59.3902473449707,0,background,background
-50.25,-6.08333333333333,76.44522857666016,44.24315643310547,31.46150016784668,23.166667938232422,1892,304,21,270,838,558,0.37552550435066223,30.56999397277832,0,background,background
-54.41666666666667,-7.916666666666664,69.27308654785156,45.75335693359375,34.19424819946289,25.335208892822266,2118,332,11,328,950,293,0.060480523854494095,304.43377685546875,0,background,background
-56.083333333333336,-7.2499999999999964,68.00005340576172,43.094669342041016,33.876251220703125,25.338790893554688,2102,335,17,288,919,283,0.036356136202812195,275.5206298828125,0,background,background
-51.25,-2.5833333333333304,82.51102447509766,47.91197967529297,32.12874984741211,25.552000045776367,2399,400,49,187,1046,55,0.0382641963660717,12.836397171020508,0,background,background
-68.75,-0.7499999999999973,86.271881103515625,44.29788589477539,30.811248779296875,25.649707794189453,3321,332,225,757,767,125,0.024546010419726372,77.19376373291016,0,background,background
-54.25,-12.916666666666664,71.53983306884766,99.741851806640625,33.18949890136719,24.888708114624023,1719,295,1,665,18,350,0.021462034434080124,332.5319519042969,0,background,background
-63.083333333333336,-6.58333333333333,76.98167419433594,34.39276885986328,32.91175079345703,26.003416061401367,2200,308,38,341,264,78,0.006217986345291138,180,0,background,background
-52.75,-1.0833333333333304,81.68037414550781,60.5550537109375,31.90625,25.530166625976563,2030,304,44,152,695,133,0.03617917001247406,316.92266845703125,0,background,background
-54.91666666666667,-5.7499999999999964,74.10652160644531,41.899131774902344,32.59600067138672,24.95975112915039,2212,354,29,279,987,271,0.05888186767697334,143.63031005859375,0,background,background
-54.91666666666667,2.2500000000000027,82.47984313964844,53.62619400024414,31.431249618530273,24.93891716003418,2075,359,49,180,593,396,0.14050939679145813,198.93106079101563,0,background,background
-56.91666666666667,-11.083333333333329,70.250274658203125,55.01423645019531,33.645999908447266,25.08391571044922,1995,332,3,482,61,353,0.03809328377246857,181.1832275390625,0,background,background
-60.75,-0.08333333333333037,83.7948989868164,44.52968978881836,32.48350143432617,26.565292358398438,2184,327,102,389,839,54,0.04030013084411621,294.4978942871094,0,background,background
-49.583333333333336,-2.0833333333333304,85.93517303466797,41.920440673828125,32.19099807739258,25.97779083251953,2527,427,50,190,1136,12,0.0073335422202944756,71.46063232421875,0,background,background
-56.41666666666667,1.0833333333333357,79.59906768798828,53.52208709716797,31.857250213623047,25.347375869750977,2026,363,58,199,553,334,0.031812265515327454,243.91001892089844,0,background,background
-66.58333333333333,-2.9166666666666643,86.09400177001953,30.325328826904297,31.67850112915039,26.304208755493164,2929,318,167,626,592,84,0.006133927032351494,325.4502868652344,0,background,background
-52.583333333333336,-8.249999999999996,72.39896392822266,32.74110412597656,33.793251037597656,24.980541229248047,2004,303,11,350,863,316,0.06469351798295975,264.1386413574219,0,background,background
-60.25,-15.249999999999996,67.11662292480469,152.85850524902344,33.741249084472656,26.734291076660156,1461,253,14,483,94,240,0.07910492271184921,217.7251434326172,0,background,background
-54.25,-8.08333333333333,69.170684814453125,45.04454040527344,34.253501892089844,25.309917449951172,2068,328,11,340,886,303,0.1125393956899643,276.1452941894531,0,background,background
-59.41666666666667,-5.08333333333333,79.00111389160156,43.26725387573242,32.791500091552734,26.56741714477539,2196,280,67,420,824,45,0.019785242155194283,311.89996337890625,0,background,background
-62.75,-4.2499999999999964,85.83998107910156,29.104360580444336,31.900999069213867,26.35445785522461,2496,308,97,631,527,60,0.007700835820287466,40.801509857177734,0,background,background
-57.583333333333336,-12.416666666666664,71.78905487060547,89.61495208740234,32.572750091552734,25.08275032043457,2072,345,4,717,37,297,0.0054407380521297455,1.0432219324507663e-12,0,background,background
-50.083333333333336,-1.0833333333333304,83.8291015625,49.09148025512695,32.10074996948242,25.755292892456055,2529,394,47,212,1064,21,0.004382474813610315,315.1873474121094,0,background,background
-65.91666666666667,-0.5833333333333304,89.28157806396484,35.37984848022461,31.927499771118164,26.200666427612305,2202,265,127,430,590,70,0.006140617188066244,18.3206844329834,0,background,background
-58.083333333333336,-10.916666666666664,69.41493225097656,55.57334899902344,33.38750076293945,25.055126190185547,1972,334,2,449,63,301,0.04575527459383011,353.5875549316406,0,background,background
-64.41666666666667,-4.08333333333333,86.07878875732422,27.194316864013672,31.98699951171875,26.502666473388672,2265,273,92,469,438,78,0.013554492965340614,121.06982421875,0,background,background
-66.75,-0.4166666666666643,88.07288360595703,42.42701721191406,31.56100082397461,25.766834259033203,2589,293,154,549,669,102,0.02740860916674137,111.63248443603516,0,background,background
-60.91666666666667,-7.08333333333333,74.897552490234375,33.104766845703125,33.388999938964844,26.17937469482422,2556,365,34,582,1065,83,0.010800329968333244,329.7212829589844,0,background,background
-68.08333333333333,-4.58333333333333,82.541595458984375,36.85895919799805,31.582500457763672,26.17995834350586,2633,324,104,594,481,93,0.014899193309247494,80.9961166381836,0,background,background
-72.25,-6.58333333333333,80.40711975097656,47.81195068359375,30.95549964904785,25.472124099731445,2539,285,92,756,316,197,0.050876230001449585,34.414485931396484,0,background,background
-55.25,-2.4166666666666643,77.68949127197266,64.66580963134766,32.27524948120117,25.97891616821289,1878,316,32,168,875,34,0.0638786107301712,57.21710968017578,0,background,background
-54.41666666666667,1.2500000000000027,81.96131134033203,56.18793869018555,31.584749221801758,24.962833404541016,2161,346,57,200,669,328,0.08433178812265396,128.47088623046875,0,background,background
-68.75,-5.08333333333333,82.281280517578125,38.99274826049805,31.4685001373291,26.024581909179688,2739,329,102,630,467,129,0.03025265783071518,330.870849609375,0,background,background
-49.583333333333336,-5.7499999999999964,75.06986236572266,53.362667083740234,33.69049835205078,25.201915740966797,1787,307,24,214,834,208,0.15839509665966034,12.447230339050293,0,background,background
-61.41666666666667,-1.2499999999999973,86.55064392089844,34.154022216796875,31.6560001373291,26.343124389648438,2498,331,141,462,757,50,0.017983198165893555,244.39222717285156,0,background,background
-62.25,-1.4166666666666643,88.13441467285156,30.356168746948242,31.32724952697754,25.99795913696289,2438,304,136,461,747,46,0.044463735073804855,17.6951904296875,0,background,background
-58.41666666666667,-8.749999999999996,67.59400177001953,36.24214172363281,34.10725021362305,25.469207763671875,1990,311,8,275,901,216,0.07036551088094711,272.5323486328125,0,background,background
-56.75,-5.416666666666664,74.755218505859375,46.29051208496094,32.813499450683594,25.980417251586914,2323,325,50,433,932,150,0.06679485738277435,295.8720397949219,0,background,background
-70.08333333333333,-10.249999999999996,74.73307037353516,79.33515930175781,31.353750228881836,25.223957061767578,1812,249,26,624,102,274,0.04411068186163902,32.24445343017578,0,background,background
-66.58333333333333,-7.416666666666664,79.06109619140625,45.96950149536133,32.08224868774414,25.919208526611328,2414,328,46,563,265,123,0.04278909042477608,155.26211547851563,0,background,background
-66.75,0.0833333333333357,89.5048828125,41.410621643066406,31.787750244140625,25.964584350585938,2767,324,166,708,739,101,0.015958867967128754,129.2823028564453,0,background,background
-58.75,-7.7499999999999964,68.87004852294922,33.7771110534668,33.98400115966797,25.87262535095215,2077,318,13,301,911,150,0.06579697877168655,39.30908203125,0,background,background
-64.25,-10.916666666666664,74.393310546875,59.91907501220703,32.814998626708984,25.778749465942383,1730,270,15,408,140,239,0.22655873000621796,216.76881408691406,0,background,background
-49.75,-6.916666666666664,71.1641845703125,50.00834655761719,34.74824905395508,25.07087516784668,1867,280,19,303,740,229,0.1175529807806015,107.70684814453125,0,background,background
-63.083333333333336,-0.9166666666666643,87.78864288330078,32.8441047668457,31.311750411987305,25.901248931884766,2407,314,131,440,637,48,0.02237406186759472,33.516029357910156,0,background,background
-52.41666666666667,-11.749999999999996,70.88384246826172,79.0627212524414,34.58824920654297,25.95050048828125,1703,296,3,431,49,311,0.02075953222811222,240.8743133544922,0,background,background
-69.75,-7.416666666666664,81.42908477783203,51.14158248901367,31.26799964904785,25.348249435424805,2334,313,53,723,201,177,0.030798649415373802,349.8082580566406,0,background,background
-51.25,-1.2499999999999973,83.178070068359375,49.27582550048828,32.31100082397461,25.92395782470703,2353,331,53,228,870,19,0.01530433725565672,329.69647216796875,0,background,background
-69.75,-8.416666666666664,79.46025848388672,66.60657501220703,31.008750915527344,25.15558433532715,2260,316,45,744,169,208,0.0245206318795681,323.92938232421875,0,background,background
-57.25,-12.249999999999996,72.649810791015625,84.65875244140625,32.221500396728516,24.725584030151367,2125,361,4,736,35,361,0.055798668414354324,86.40618133544922,0,background,background
-48.25,-4.08333333333333,82.742279052734375,43.47294235229492,32.214500427246094,25.460458755493164,1878,358,29,212,942,180,0.12850874662399292,332.75860595703125,0,background,background
-67.75,-2.5833333333333304,86.0220718383789,35.56787109375,31.204750061035156,25.89612579345703,3083,323,181,737,802,106,0.02588748000562191,129.08746337890625,0,background,background
-64.75,-2.2499999999999973,89.68888092041016,24.954172134399414,31.72450065612793,26.4459171295166,3395,372,203,777,883,63,0.02091968059539795,194.98312377929688,0,background,background
-46.41666666666667,-1.9166666666666643,82.92671203613281,40.29680252075195,31.642000198364258,25.83529281616211,2274,404,31,134,1011,48,0.06624232232570648,38.1739387512207,0,background,background
-63.41666666666667,-5.916666666666664,79.68839263916016,29.697595596313477,32.72975158691406,26.282833099365234,2312,313,56,371,315,60,0.019193023443222046,21.34320068359375,0,background,background
-70.25,-8.58333333333333,78.86991119384766,65.41587829589844,30.849748611450195,25.223459243774414,2185,293,48,721,164,235,0.021585281938314438,39.26948928833008,0,background,background
-58.083333333333336,-7.416666666666664,67.357391357421875,32.85837173461914,34.14925003051758,25.986083984375,2253,345,15,323,996,134,0.012435972690582275,360,0,background,background
-70.91666666666667,-5.58333333333333,81.63386535644531,42.427635192871094,31.308500289916992,25.975875854492188,2550,293,101,709,351,139,0.03112310916185379,335.7172546386719,0,background,background
-53.75,-9.416666666666664,68.591796875,40.469261169433594,34.59674835205078,25.433124542236328,2125,345,8,373,959,334,0.01830301061272621,356.32305908203125,0,background,background
-50.91666666666667,-8.749999999999996,71.64997100830078,39.09316635131836,34.079750061035156,25.00662612915039,1931,295,9,316,846,326,0.25083649158477783,70.919097900390625,0,background,background
-61.083333333333336,0.25000000000000266,84.28055572509766,45.62725067138672,32.52375030517578,26.351167678833008,2129,331,88,321,890,45,0.014288255013525486,268.4414367675781,0,background,background
-53.25,-3.5833333333333304,80.54460144042969,50.56257247924805,31.344999313354492,24.783166885375977,1666,308,39,166,774,205,0.13313522934913635,288.1999816894531,0,background,background
-55.41666666666667,-0.4166666666666643,80.25440979003906,61.7241096496582,31.49799919128418,24.860624313354492,2400,356,93,315,785,358,0.18855305016040802,246.81719970703125,0,background,background
-64.25,-9.249999999999996,73.4133529663086,49.8995475769043,33.094749450683594,25.898000717163086,2040,306,25,476,174,124,0.06505613029003143,315.30548095703125,0,background,background
-58.91666666666667,-11.749999999999996,69.194549560546875,73.069793701171875,32.69900131225586,24.52141571044922,1920,327,4,444,71,391,0.09089315682649612,55.93693161010742,0,background,background
-63.75,-5.58333333333333,81.08421325683594,27.591602325439453,32.52124786376953,26.52574920654297,2430,323,65,537,355,45,0.013283020816743374,142.1803436279297,0,background,background
-50.75,-10.08333333333333,72.57243347167969,52.5531005859375,34.30424880981445,26.24887466430664,1812,304,6,464,49,216,0.041329193860292435,122.41031646728516,0,background,background
-48.91666666666667,-6.2499999999999964,71.5608901977539,52.12617492675781,34.652000427246094,25.477874755859375,1648,285,23,217,761,160,0.04299774765968323,350.1197204589844,0,background,background
-54.083333333333336,-7.416666666666664,70.82646179199219,40.17300033569336,33.68925094604492,24.98991584777832,2123,330,13,320,965,309,0.07199108600616455,27.710481643676758,0,background,background
-60.41666666666667,-8.749999999999996,70.45506286621094,37.50514221191406,33.54100036621094,25.594083786010742,2205,342,11,301,139,118,0.0317608006298542,62.291927337646484,0,background,background
-58.25,-11.249999999999996,69.688140869140625,63.69794845581055,33.339500427246094,25.171083450317383,1947,328,3,438,64,274,0.029038971289992332,341.8385925292969,0,background,background
-67.41666666666667,-9.58333333333333,72.49287414550781,77.35711669921875,32.02524948120117,25.700666427612305,1855,281,28,435,182,173,0.026431486010551453,303.96710205078125,0,background,background
-59.083333333333336,0.5833333333333357,79.5179443359375,53.92979049682617,32.474998474121094,26.253623962402344,1925,334,79,261,817,160,0.077598676085472107,264.25146484375,0,background,background
-50.583333333333336,-0.08333333333333037,78.64647674560547,70.18585205078125,32.75449752807617,26.272459030151367,2305,369,32,125,966,4,0.004428950138390064,344.84228515625,0,background,background
-51.583333333333336,-0.4166666666666643,80.74198913574219,61.422115325927734,32.75025177001953,25.904499053955078,2377,323,49,207,889,14,0.016646239906549454,111.93391418457031,0,background,background
-63.41666666666667,-10.416666666666664,71.61885070800781,52.823246002197266,33.16725158691406,25.12991714477539,2028,344,13,304,134,242,0.11156077682971954,44.713226318359375,0,background,background
-60.75,-6.08333333333333,78.92501068115234,34.01054763793945,33.23474884033203,26.645000457763672,2521,339,54,539,999,57,0.009013903327286243,352.57672119140625,0,background,background
-61.41666666666667,-2.7499999999999964,86.60248565673828,31.274221420288086,31.587249755859375,26.323291778564453,2589,326,91,548,567,55,0.029436571523547173,234.48670959472656,0,background,background
-60.41666666666667,-12.749999999999996,68.90216827392578,85.0728759765625,32.15250015258789,24.016374588012695,1890,306,10,445,92,508,0.2005230337381363,237.00331115722656,0,background,background
-66.75,-6.2499999999999964,80.41963195800781,38.513553619384766,31.97800064086914,25.959041595458984,2597,339,62,566,346,118,0.01494806818664074,152.12156677246094,0,background,background
-64.41666666666667,-5.416666666666664,81.978759765625,28.23689079284668,32.37274932861328,26.420623779296875,2501,326,80,551,389,66,0.02033921703696251,131.97064208984375,0,background,background
-57.583333333333336,-3.5833333333333304,77.45197296142578,60.73786926269531,32.86899948120117,26.426708221435547,2145,279,91,333,792,36,0.02141665853559971,318.0716552734375,0,background,background
-57.75,-2.9166666666666643,78.20246887207031,60.49345016479492,33.20174789428711,26.627792358398438,2117,345,58,241,871,12,0.011054462753236294,341.6581726074219,0,background,background
-64.08333333333333,-9.416666666666664,73.51094055175781,50.08333206176758,32.73775100708008,25.697416305541992,2036,313,21,470,167,151,0.032945942133665085,306.14215087890625,0,background,background
-45.75,-3.4166666666666643,79.7674560546875,55.84720230102539,32.87425231933594,26.008832931518555,1834,386,29,215,975,42,0.041667308658361435,134.38790893554688,0,background,background
-60.75,-10.249999999999996,69.61467742919922,48.760562896728516,33.39175033569336,25.034584045410156,2077,342,8,238,100,169,0.04582759365439415,44.57509994506836,0,background,background
-67.75,-7.7499999999999964,79.16500091552734,57.50040817260742,31.738250732421875,25.564208984375,2112,310,40,461,138,155,0.031523197889328,64.43804931640625,0,background,background
-64.41666666666667,-7.58333333333333,75.9223861694336,37.13941192626953,32.920501708984375,26.03937530517578,2424,360,32,553,242,88,0.005746915936470032,61.747276306152344,0,background,background
-45.91666666666667,-3.2499999999999964,80.55589294433594,51.42964553833008,32.45600128173828,25.83037567138672,1887,380,35,215,977,67,0.04531862214207649,93.44139862060547,0,background,background
-64.58333333333333,-5.7499999999999964,80.639617919921875,28.8195858001709,32.454750061035156,26.287124633789063,2584,336,78,566,383,74,0.04296421259641647,139.44700622558594,0,background,background
-59.25,-9.08333333333333,69.10760498046875,37.56454849243164,33.96274948120117,25.679500579833984,1982,316,8,256,111,138,0.06325389444828033,289.00347900390625,0,background,background
-52.083333333333336,-10.916666666666664,70.8177490234375,61.10712814331055,35.361000061035156,26.457624435424805,1854,314,3,487,49,261,0.13120530545711517,64.00016784667969,0,background,background
-62.583333333333336,-1.7499999999999973,88.07170867919922,27.920194625854492,31.291500091552734,26.217416763305664,2613,311,156,535,752,42,0.0044206054881215096,142.29852294921875,0,background,background
-50.91666666666667,-8.916666666666664,71.544952392578125,40.728450775146484,34.02375030517578,25.003999710083008,1933,298,8,313,76,343,0.19024093449115753,125.17442321777344,0,background,background
-51.91666666666667,-6.416666666666664,73.82665252685547,31.61592674255371,33.04349899291992,23.969999313354492,2003,310,21,308,885,357,0.0979694053530693,237.62106323242188,0,background,background
-54.583333333333336,-12.749999999999996,72.65232849121094,93.62327575683594,32.72174835205078,24.82433319091797,1745,301,1,680,17,354,0.028331562876701355,343.77874755859375,0,background,background
-52.91666666666667,1.4166666666666692,80.68390655517578,62.3477668762207,31.316999435424805,24.604625701904297,2378,333,61,212,784,337,0.12529444694519043,105.28633117675781,0,background,background
-50.75,-5.416666666666664,76.73277282714844,41.70912170410156,32.84700012207031,24.722333908081055,1837,317,22,200,879,218,0.04086291790008545,94.9101791381836,0,background,background
-58.91666666666667,-10.58333333333333,68.578369140625,51.30949783325195,33.10824966430664,24.38141632080078,1990,333,5,221,74,406,0.0680282786488533,61.32339096069336,0,background,background
-70.08333333333333,-10.416666666666664,74.29962921142578,80.75325012207031,31.362998962402344,25.203332901000977,1789,245,26,617,100,290,0.0491340272128582,69.14978790283203,0,background,background
-54.41666666666667,0.25000000000000266,81.303497314453125,59.33378601074219,31.22974967956543,24.698375701904297,2316,346,66,241,747,362,0.1485430747270584,65.088775634765625,0,background,background
-60.91666666666667,-13.416666666666664,69.02996063232422,101.43865203857422,33.45024871826172,25.87274932861328,1765,323,14,403,96,196,0.05303832143545151,234.63021850585938,0,background,background
-58.75,-4.916666666666664,77.974822998046875,45.81438446044922,32.652748107910156,26.51270866394043,2270,298,64,406,861,87,0.0362919345498085,325.5416259765625,0,background,background
-52.583333333333336,-3.7499999999999964,79.23680114746094,52.23069763183594,31.95075035095215,24.978290557861328,1885,361,31,163,888,151,0.04617452248930931,103.6305160522461,0,background,background
-46.75,-4.08333333333333,81.64244079589844,45.662105560302734,31.684999465942383,25.0885009765625,1549,316,19,274,785,222,0.07404805719852448,119.21504211425781,0,background,background
-60.083333333333336,0.7500000000000027,81.03192138671875,52.600399017333984,32.545249938964844,26.171875,1986,345,70,299,950,118,0.03535984084010124,217.6909942626953,0,background,background
-62.91666666666667,1.4166666666666692,88.717254638671875,47.162506103515625,32.34600067138672,26.04974937438965,2073,317,92,343,774,111,0.12969401478767395,198.217041015625,0,background,background
-53.91666666666667,-3.9166666666666643,79.06714630126953,51.84119415283203,31.2189998626709,24.536666870117188,1709,306,39,211,790,261,0.17826060950756073,43.99277877807617,0,background,background
-64.91666666666667,-3.0833333333333304,87.88037109375,25.710311889648438,31.980499267578125,26.570709228515625,3013,340,161,642,685,50,0.050996050238609314,46.69670104980469,0,background,background
-60.41666666666667,-3.9166666666666643,82.680633544921875,41.518795013427734,32.19475173950195,26.42829132080078,2244,284,69,394,831,37,0.0159382876008749,1.3910573720932007,0,background,background
-54.083333333333336,-2.7499999999999964,79.016998291015625,56.13991928100586,30.962499618530273,25.001375198364258,1748,307,33,139,838,147,0.09113703668117523,341.1993713378906,0,background,background
-49.583333333333336,-5.916666666666664,74.35363006591797,53.98793411254883,33.6462516784668,24.87350082397461,1793,302,24,230,822,277,0.1247110515832901,65.318756103515625,0,background,background
-56.41666666666667,0.4166666666666696,79.46363830566406,56.05118942260742,32.2864990234375,25.781375885009766,2234,366,86,264,651,230,0.06645013391971588,216.75279235839844,0,background,background
-64.25,-3.4166666666666643,88.42236328125,23.94886589050293,32.031497955322266,26.658124923706055,2447,280,112,509,527,35,0.0035189299378544092,6.309140205383301,0,background,background
-54.91666666666667,-7.08333333333333,70.1996078491211,41.89409255981445,33.763999938964844,25.308124542236328,2242,356,13,300,1028,263,0.034936919808387756,339.1285095214844,0,background,background
-50.75,0.5833333333333357,75.83421325683594,81.70338439941406,33.44499969482422,26.10558319091797,2014,353,17,76,826,16,0.031235089525580406,133.18096923828125,0,background,background
-50.583333333333336,-3.9166666666666643,81.03675079345703,49.62139129638672,32.316749572753906,25.3975830078125,1938,374,25,173,978,117,0.05337341129779816,21.251670837402344,0,background,background
-59.25,-4.08333333333333,80.361419677734375,48.594661712646484,32.42675018310547,26.477333068847656,2170,274,89,365,787,36,0.012062793597579002,14.871726989746094,0,background,background
-68.58333333333333,-5.08333333333333,82.0451431274414,38.81631851196289,31.452999114990234,25.94070816040039,2728,331,100,624,466,142,0.039871249347925186,344.78558349609375,0,background,background
-53.41666666666667,-4.416666666666664,78.8066177368164,45.286075592041016,31.704500198364258,24.804332733154297,1663,290,31,215,791,176,0.03492461144924164,331.53082275390625,0,background,background
-60.583333333333336,-6.7499999999999964,75.72197723388672,33.547359466552734,33.38875198364258,26.356042861938477,2464,342,38,562,1002,74,0.02748812362551689,46.151275634765625,0,background,background
-66.08333333333333,-1.2499999999999973,87.98274230957031,34.222496032714844,31.777000427246094,26.14408302307129,2546,302,155,529,647,68,0.00699337525293231,83.618927001953125,0,background,background
-53.083333333333336,-11.416666666666664,69.19828033447266,71.79969024658203,34.9015007019043,25.664207458496094,1910,331,2,487,49,298,0.0019826162606477737,191.45556640625,0,background,background
-69.91666666666667,-5.916666666666664,82.30977630615234,41.84657287597656,31.351749420166016,25.749290466308594,2561,317,80,618,288,169,0.04793285205960274,111.3980712890625,0,background,background
-49.41666666666667,-5.7499999999999964,74.3990707397461,55.77992630004883,34.133750915527344,25.46666717529297,1762,306,24,210,827,169,0.1509777009487152,59.70099639892578,0,background,background
-62.75,0.9166666666666696,88.3980712890625,44.80779266357422,32.29800033569336,26.144582748413086,1873,294,86,293,688,71,0.03877071291208267,143.3111572265625,0,background,background
-57.91666666666667,-8.749999999999996,67.47265625,38.15218734741211,33.9995002746582,25.204042434692383,2014,319,8,284,903,287,0.06650397181510925,335.7280578613281,0,background,background
-64.41666666666667,-4.7499999999999964,84.1019515991211,26.892942428588867,32.13399887084961,26.445959091186523,2395,307,82,516,406,77,0.0077632758766412735,36.77920150756836,0,background,background
-51.41666666666667,-9.08333333333333,71.6206283569336,38.194190979003906,34.05324935913086,25.128915786743164,1941,302,8,316,72,344,0.12261541932821274,69.59587097167969,0,background,background
-68.91666666666667,-0.4166666666666643,86.107452392578125,45.72355270385742,30.82149887084961,25.601917266845703,3351,339,225,749,795,135,0.028869127854704857,63.62577438354492,0,background,background
-57.583333333333336,-9.58333333333333,67.208251953125,43.72318649291992,34.5890007019043,25.34087562561035,1988,317,6,280,890,285,0.059711240231990814,154.77835083007813,0,background,background
-51.41666666666667,-2.4166666666666643,82.850616455078125,48.60505676269531,32.1672477722168,25.57699966430664,2355,382,47,174,1000,48,0.043273452669382095,29.41050148010254,0,background,background
-51.083333333333336,-2.4166666666666643,83.49122619628906,45.46418762207031,32.1515007019043,25.592208862304688,2502,425,58,187,1093,43,0.02999943308532238,21.13785171508789,0,background,background
-49.583333333333336,-7.08333333333333,71.18745422363281,50.32202911376953,34.86899948120117,25.275959014892578,1841,276,17,292,743,190,0.04566825553774834,132.90443420410156,0,background,background
-66.25,-0.08333333333333037,89.80236053466797,38.33559799194336,32.00775146484375,26.170541763305664,2285,272,133,443,624,86,0.03350846841931343,111.07141876220703,0,background,background
-54.91666666666667,-3.2499999999999964,77.08375549316406,59.05951690673828,31.56399917602539,25.232707977294922,1835,306,37,187,834,144,0.057310786098241806,344.3443603515625,0,background,background
-48.91666666666667,-4.08333333333333,82.67102813720703,49.63740539550781,32.90549850463867,25.927583694458008,2034,379,31,144,1019,110,0.03706881031394005,296.1244201660156,0,background,background
-45.75,-4.416666666666664,77.88753509521484,64.162567138671875,32.80324935913086,25.493083953857422,1379,291,7,125,780,167,0.18227438628673553,0.608512282371521,0,background,background
-71.41666666666667,-7.916666666666664,79.45295715332031,55.87972640991211,30.607250213623047,25.099082946777344,1989,263,52,617,192,233,0.05968116223812103,331.5310363769531,0,background,background
-64.08333333333333,-11.583333333333329,73.44822692871094,65.56440734863281,33.15549850463867,25.977874755859375,1612,255,12,384,121,204,0.031140275299549103,254.06448364257813,0,background,background
-67.75,-6.7499999999999964,80.3282241821289,46.068092346191406,31.74799919128418,25.723834991455078,2401,331,51,534,191,143,0.014881010167300701,139.23094177246094,0,background,background
-54.583333333333336,-11.249999999999996,69.25990295410156,54.271602630615234,34.398250579833984,25.245750427246094,1932,330,0,498,52,339,0.034643471240997314,356.74395751953125,0,background,background
-52.583333333333336,-8.58333333333333,71.782623291015625,33.437782287597656,34.13475036621094,25.2584171295166,1998,309,9,349,878,283,0.014965363778173923,151.99664306640625,0,background,background
-67.25,1.0833333333333357,90.16998291015625,37.766456604003906,32.68450164794922,26.157583236694336,3264,390,213,697,951,100,0.01154613122344017,160.4645538330078,0,background,background
-57.25,1.2500000000000027,78.80623626708984,55.084190368652344,32.26375198364258,25.872665405273438,1931,352,56,196,457,242,0.04259122535586357,29.9078426361084,0,background,background
-68.08333333333333,-1.5833333333333304,86.0428695678711,39.289493560791016,31.094249725341797,25.882915496826172,3208,327,218,747,861,83,0.028551187366247177,165.10879516601563,0,background,background
-47.583333333333336,-4.2499999999999964,80.0511703491211,45.80638885498047,32.44350051879883,25.21641731262207,1674,329,22,197,847,214,0.11700760573148727,76.5560073852539,0,background,background
-66.08333333333333,-0.7499999999999973,88.67277526855469,35.94827651977539,31.832748413085938,26.11775016784668,2296,275,133,456,603,74,0.007692140061408281,40.726417541503906,0,background,background
-68.91666666666667,-1.9166666666666643,85.0611343383789,39.99440383911133,30.993499755859375,26.008041381835938,3362,345,225,746,828,112,0.039053868502378464,5.675748348236084,0,background,background
-50.91666666666667,-6.08333333333333,76.17729187011719,36.190460205078125,32.66524887084961,24.365375518798828,1863,300,17,264,837,286,0.13559991121292114,142.0118408203125,0,background,background
-60.75,3.7500000000000027,83.44510650634766,71.54393005371094,33.441749572753906,26.293750762939453,1769,321,42,273,805,97,0.025195738300681114,155.5092010498047,0,background,background
-63.083333333333336,-5.916666666666664,79.72515869140625,29.951658248901367,32.728248596191406,26.249082565307617,2260,305,55,359,309,69,0.019890157505869865,308.6992492675781,0,background,background
-64.75,-9.749999999999996,74.5223388671875,55.49674987792969,33.11600112915039,26.146041870117188,1807,270,23,428,165,147,0.054620351642370224,315.35711669921875,0,background,background
-48.583333333333336,-6.916666666666664,70.39624786376953,51.42466354370117,34.582000732421875,25.242958068847656,1684,273,18,234,711,183,0.10946620255708694,308.93072509765625,0,background,background
-50.91666666666667,-3.7499999999999964,80.31343078613281,49.2380485534668,31.871749877929688,25.10991668701172,1999,372,28,171,989,133,0.08520812541246414,31.47323226928711,0,background,background
-67.58333333333333,-7.916666666666664,78.59578704833984,59.01121139526367,31.796249389648438,25.588624954223633,2105,298,37,479,128,154,0.024153748527169228,79.80577087402344,0,background,background
-54.75,-0.9166666666666643,80.75865173339844,63.74580764770508,31.085750579833984,24.493125915527344,2253,356,78,265,799,388,0.12866276502609253,181.20355224609375,0,background,background
-64.08333333333333,-2.4166666666666643,89.59709930419922,24.48235511779785,31.592750549316406,26.353208541870117,2906,327,160,661,752,64,0.007772482931613922,180,0,background,background
-72.41666666666667,-6.2499999999999964,81.05339050292969,46.282772064208984,31.207000732421875,25.758249282836914,2567,291,98,748,336,161,0.027153141796588898,9.05080795288086,0,background,background
-52.41666666666667,-10.249999999999996,70.25157165527344,45.993282318115234,35.30849838256836,25.939708709716797,2053,335,4,547,58,312,0.05306509882211685,100.54969787597656,0,background,background
-60.75,-10.08333333333333,69.61474609375,47.32303237915039,33.42100143432617,25.06399917602539,2091,338,7,236,101,167,0.018729226663708687,64.16749572753906,0,background,background
-62.75,-4.7499999999999964,84.28336334228516,27.576616287231445,32.25550079345703,26.617416381835938,2452,302,91,655,443,48,0.038449499756097794,144.95472717285156,0,background,background
-59.083333333333336,-8.916666666666664,68.85316467285156,36.823421478271484,33.88275146484375,25.518625259399414,1992,314,8,264,118,183,0.1103033795952797,227.15773010253906,0,background,background
-58.41666666666667,-2.5833333333333304,78.2163314819336,58.544864654541016,32.46324920654297,26.161624908447266,2145,320,61,260,874,93,0.060252390801906586,52.67799377441406,0,background,background
-59.083333333333336,-0.5833333333333304,80.0585708618164,51.33632278442383,32.129249572753906,26.200166702270508,2221,333,103,322,714,156,0.1461978554725647,233.6455535888672,0,background,background
-58.083333333333336,-4.2499999999999964,78.04620361328125,52.87120056152344,32.73149871826172,26.545665740966797,2384,347,72,376,911,57,0.04289683699607849,310.71405029296875,0,background,background
-54.41666666666667,-4.58333333333333,77.52000427246094,47.97025680541992,31.934999465942383,25.069250106811523,1766,307,30,260,813,197,0.04834749177098274,131.84869384765625,0,background,background
-62.25,3.0833333333333357,86.93570709228516,52.482791900634766,31.511499404907227,25.09895896911621,2271,347,95,394,918,317,0.038509346544742584,67.450347900390625,0,background,background
-57.25,-1.5833333333333304,78.031402587890625,62.5101432800293,32.68724822998047,26.28441619873047,2481,381,71,309,946,103,0.08847309648990631,193.89036560058594,0,background,background
-66.91666666666667,-5.08333333333333,80.55754089355469,35.63758850097656,31.95425033569336,26.230209350585938,2554,315,81,557,298,83,0.03684160113334656,335.117431640625,0,background,background
-54.25,0.0833333333333357,81.08110046386719,60.06090545654297,31.419750213623047,24.918540954589844,2321,342,64,244,760,305,0.20207644999027252,107.22737884521484,0,background,background
-59.583333333333336,-8.916666666666664,69.4229965209961,37.10691833496094,33.78525161743164,25.60529136657715,2039,321,9,267,121,145,0.04376678913831711,91.01756286621094,0,background,background
-48.41666666666667,-5.916666666666664,72.59339141845703,48.351287841796875,34.082000732421875,25.3365421295166,1590,291,20,173,773,184,0.12695540487766266,78.88087463378906,0,background,background
-70.25,-6.916666666666664,82.24958038330078,45.325374603271484,31.35124969482422,25.56133270263672,2419,302,60,594,234,160,0.07672964036464691,13.480154991149902,0,background,background
-68.91666666666667,-4.58333333333333,82.18730926513672,38.31595230102539,31.30900001525879,26.033416748046875,2616,304,111,594,485,141,0.00906910840421915,69.951751708984375,0,background,background
-61.91666666666667,2.416666666666669,85.06916046142578,56.72624969482422,32.460750579833984,25.994874954223633,2046,336,76,380,848,144,0.045002736151218414,65.51171875,0,background,background
-46.583333333333336,-4.58333333333333,78.27032470703125,51.17643737792969,32.31449890136719,25.01966667175293,1365,278,11,155,699,237,0.12002310156822205,15.917370796203613,0,background,background
-51.91666666666667,-9.249999999999996,71.37025451660156,36.92873764038086,34.64875030517578,25.615707397460938,1981,308,7,329,69,285,0.06885788589715958,247.78158569335938,0,background,background
-55.75,-6.2499999999999964,71.2557601928711,42.64183044433594,33.43025207519531,25.497875213623047,2437,383,29,320,1050,225,0.08282434940338135,219.26707458496094,0,background,background
-57.41666666666667,-3.7499999999999964,77.53392791748047,59.93394470214844,32.79650115966797,26.37383270263672,2270,312,76,328,903,44,0.026801282539963722,325.7420654296875,0,background,background
-69.91666666666667,-9.416666666666664,77.00001525878906,76.54874420166016,31.213001251220703,25.353042602539063,2025,288,32,796,132,226,0.012655610218644142,10.690038681030273,0,background,background
-56.25,-2.9166666666666643,77.06055450439453,64.07281494140625,32.636497497558594,26.05062484741211,2116,327,43,229,871,84,0.01783071458339691,191.25025939941406,0,background,background
-70.91666666666667,-6.08333333333333,81.78777313232422,43.154212951660156,31.131000518798828,25.66283416748047,2541,300,89,745,314,180,0.02044568583369255,8.736632347106934,0,background,background
-47.41666666666667,-2.4166666666666643,83.9061279296875,44.576473236083984,31.700000762939453,25.571041107177734,2066,406,52,237,1049,90,0.07102689892053604,299.5007629394531,0,background,background
-56.583333333333336,-5.7499999999999964,73.69112396240234,43.656063079833984,33.11425018310547,26.025083541870117,2374,350,41,466,984,145,0.03610475733876228,278.6670837402344,0,background,background
-55.083333333333336,1.9166666666666692,82.35103607177734,52.711891174316406,31.613500595092773,25.189416885375977,2018,355,47,177,564,360,0.037569429725408554,122.54053497314453,0,background,background
-57.083333333333336,-5.58333333333333,73.86579132080078,45.85645294189453,33.068748474121094,26.25112533569336,2286,320,44,431,933,110,0.03682652860879898,317.6206359863281,0,background,background
-52.25,-4.416666666666664,79.5574951171875,42.818721771240234,31.290250778198242,24.35991668701172,1917,315,37,194,882,208,0.05944950133562088,295.14483642578125,0,background,background
-64.08333333333333,-1.0833333333333304,88.935699462890625,30.233346939086914,31.62700080871582,26.155000686645508,2626,328,158,528,690,51,0.007989989593625069,28.89581871032715,0,background,background
-57.75,-6.7499999999999964,68.977325439453125,36.20283889770508,33.748748779296875,25.969083786010742,2272,335,24,316,994,187,0.08455394953489304,18.771421432495117,0,background,background
-49.083333333333336,-5.7499999999999964,73.81634521484375,55.637855529785156,34.4327507019043,25.717750549316406,1704,302,24,193,809,128,0.03005368448793888,305.58392333984375,0,background,background
-58.583333333333336,-1.2499999999999973,79.09123992919922,54.5732421875,32.47650146484375,26.425582885742188,2281,351,91,291,750,86,0.06286867707967758,280.6871032714844,0,background,background
-48.75,-5.916666666666664,73.0562515258789,51.14561462402344,34.04574966430664,25.358583450317383,1625,292,23,185,775,183,0.10373669117689133,283.43060302734375,0,background,background
-69.58333333333333,-4.08333333333333,80.016815185546875,39.539527893066406,31.5310001373291,26.637958526611328,2584,289,126,596,514,84,0.04132835939526558,120.51604461669922,0,background,background
-52.91666666666667,-4.416666666666664,79.290252685546875,43.85268020629883,31.541250228881836,24.58537483215332,1673,285,33,204,790,200,0.06297574192285538,66.35205841064453,0,background,background
-65.41666666666667,-8.08333333333333,76.50872039794922,44.19240188598633,32.701499938964844,26.115707397460938,2270,312,25,545,194,98,0.020387742668390274,63.99700927734375,0,background,background
-60.083333333333336,4.416666666666669,83.974609375,52.141456604003906,30.73925018310547,24.049833297729492,1708,326,58,280,769,574,0.22553379833698273,181.967529296875,0,background,background
-69.08333333333333,-5.2499999999999964,82.1152114868164,39.566986083984375,31.430999755859375,26.01187515258789,2796,337,103,651,347,134,0.01790282316505909,72.307769775390625,0,background,background
-58.583333333333336,-2.0833333333333304,78.85163879394531,56.92512130737305,32.324249267578125,26.253541946411133,2204,319,73,276,830,102,0.09288203716278076,174.75048828125,0,background,background
-63.91666666666667,-0.5833333333333304,89.2527847290039,33.507102966308594,31.774749755859375,26.1927490234375,2570,337,159,497,745,50,0.012716403231024742,37.38418960571289,0,background,background
-47.91666666666667,-3.7499999999999964,83.74201202392578,43.40898132324219,32.190250396728516,25.601749420166016,1891,363,34,203,944,136,0.032110508531332016,270.6934509277344,0,background,background
-66.58333333333333,-0.08333333333333037,89.55437469482422,40.602317810058594,31.759000778198242,25.959083557128906,2561,297,152,520,685,101,0.01903970167040825,146.81015014648438,0,background,background
-58.91666666666667,-15.416666666666664,69.33917236328125,152.91342163085938,33.20399856567383,26.21324920654297,1575,278,18,527,107,360,0.1889728307723999,145.5537109375,0,background,background
-66.91666666666667,-7.916666666666664,78.2204818725586,53.399715423583984,32.10224914550781,25.882291793823242,2202,303,39,549,214,119,0.0421823114156723,326.96942138671875,0,background,background
-59.583333333333336,-9.749999999999996,69.38899230957031,43.12735366821289,33.72850036621094,25.444833755493164,1959,323,7,233,97,158,0.0650957003235817,71.91412353515625,0,background,background
-53.75,-10.916666666666664,68.64904022216797,52.42827606201172,34.79999923706055,25.375207901000977,2138,379,2,552,48,336,0.04453657940030098,167.7704315185547,0,background,background
-56.583333333333336,-5.58333333333333,74.27827453613281,44.833839416503906,32.89649963378906,25.91112518310547,2382,345,47,459,972,164,0.07775118201971054,257.8818359375,0,background,background
-55.91666666666667,-5.7499999999999964,73.79020690917969,43.84510803222656,32.75349807739258,25.430042266845703,2674,419,41,343,1124,231,0.062136683613061905,336.8367919921875,0,background,background
-59.083333333333336,-2.4166666666666643,79.64688873291016,53.518070220947266,32.105751037597656,26.10354232788086,2236,311,83,333,828,100,0.09749055653810501,8.661541938781738,0,background,background
-62.91666666666667,-7.2499999999999964,74.17534637451172,40.42908477783203,33.13425064086914,25.824541091918945,2189,320,28,330,238,53,0.008004635572433472,29.085189819335938,0,background,background
-58.91666666666667,-2.0833333333333304,79.52759552001953,54.33158493041992,32.26625061035156,26.31741714477539,2212,316,80,300,815,85,0.12289249151945114,177.83837890625,0,background,background
-64.25,-2.5833333333333304,89.91785430908203,24.20652198791504,31.69700050354004,26.420833587646484,2974,332,163,687,749,61,0.007632446475327015,194.6632843017578,0,background,background
-57.25,-8.08333333333333,66.35969543457031,37.93430709838867,34.66450119018555,25.700834274291992,2163,338,12,313,941,200,0.2950669229030609,287.9502868652344,0,background,background
-56.91666666666667,-8.249999999999996,66.05640411376953,44.393978118896484,34.11774826049805,24.821083068847656,2170,343,12,316,944,401,0.1530015617609024,261.52838134765625,0,background,background
-48.583333333333336,-1.4166666666666643,82.10919189453125,41.746734619140625,30.930500030517578,25.966541290283203,2652,435,74,350,1249,9,0.02475406788289547,327.9697265625,0,background,background
-45.91666666666667,-2.7499999999999964,82.51905822753906,44.50940704345703,31.885250091552734,25.762542724609375,2193,392,33,187,1044,70,0.08293679356575012,85.70035552978516,0,background,background
-62.583333333333336,-3.4166666666666643,88.16954040527344,27.10674476623535,31.513500213623047,26.36691665649414,2605,320,104,617,582,44,0.03740968555212021,210.4319610595703,0,background,background
-54.25,-0.5833333333333304,80.64720153808594,61.63873291015625,30.629499435424805,24.279125213623047,2345,348,65,238,808,417,0.061026010662317276,63.118927001953125,0,background,background
-50.41666666666667,-8.08333333333333,71.33378601074219,41.41667175292969,34.34550094604492,24.88825035095215,1932,279,11,319,812,301,0.16404187679290771,113.45321655273438,0,background,background
-57.75,-5.7499999999999964,73.86030578613281,43.5257682800293,32.813751220703125,26.115583419799805,2272,328,40,438,955,178,0.05063119903206825,125.68611907958984,0,background,background
-56.083333333333336,-5.916666666666664,73.13867950439453,42.81820297241211,32.92224884033203,25.542957305908203,2540,394,38,331,1073,222,0.131933331489563,328.03094482421875,0,background,background
-67.75,-9.08333333333333,75.41789245605469,76.1211166381836,31.703750610351563,25.475208282470703,1972,289,28,630,115,162,0.03626338019967079,22.833415985107422,0,background,background
-63.75,-10.08333333333333,71.88964080810547,52.998138427734375,33.55424880981445,25.714542388916016,2060,332,15,489,148,159,0.024208510294556618,326.591552734375,0,background,background
-54.083333333333336,-9.249999999999996,67.980621337890625,45.531246185302734,34.675498962402344,25.492708206176758,2096,334,8,371,928,327,0.03826135769486427,129.03091430664063,0,background,background
-68.25,-6.916666666666664,80.597808837890625,48.77873611450195,31.678001403808594,25.638124465942383,2377,331,52,538,188,152,0.02935614064335823,6.846426963806152,0,background,background
-71.75,-6.7499999999999964,80.51335144042969,48.220985412597656,30.778749465942383,25.291915893554688,2543,289,91,779,311,218,0.04405835643410683,311.4181823730469,0,background,background
-55.41666666666667,-2.4166666666666643,77.77070617675781,64.57978057861328,32.36125183105469,25.875083923339844,1945,318,34,179,887,66,0.06908257305622101,34.782562255859375,0,background,background
-68.58333333333333,0.25000000000000266,87.16532135009766,47.3237190246582,30.96725082397461,25.329166412353516,3463,378,235,862,895,112,0.02291746810078621,151.859375,0,background,background
-49.583333333333336,-4.08333333333333,85.26313781738281,54.09783935546875,32.59225082397461,26.020708084106445,2118,391,25,131,1067,82,0.01980014517903328,239.3154754638672,0,background,background
-68.91666666666667,-3.2499999999999964,84.58546447753906,38.10725784301758,31.344499588012695,26.281124114990234,2943,297,172,641,685,71,0.008932261727750301,145.75619506835938,0,background,background
-51.25,-3.7499999999999964,79.615142822265625,49.26462173461914,31.59174919128418,24.92133331298828,1985,367,31,169,971,133,0.052522312849760056,23.436275482177734,0,background,background
-65.25,-1.4166666666666643,89.174896240234375,29.958650588989258,31.812999725341797,26.243457794189453,2622,315,155,546,663,66,0.010306856594979763,103.07535552978516,0,background,background
-45.91666666666667,-2.9166666666666643,82.8572769165039,43.01870346069336,31.751750946044922,25.78583335876465,2056,382,34,197,927,64,0.0820688009262085,105.09639739990234,0,background,background
-66.25,-3.9166666666666643,84.53691864013672,28.831806182861328,31.85849952697754,26.412750244140625,2801,360,123,601,543,77,0.024314597249031067,300.7611999511719,0,background,background
-51.75,-8.749999999999996,72.3997573852539,34.802268981933594,33.60725021362305,24.6790828704834,1981,298,9,337,873,404,0.0071995072066783905,282.4693298339844,0,background,background
-56.75,-2.4166666666666643,77.16716766357422,68.17583465576172,33.29375076293945,26.658666610717773,2321,374,51,244,974,6,0.024115100502967834,133.86500549316406,0,background,background
-62.25,0.9166666666666696,87.4786605834961,47.45779800415039,32.43550109863281,26.23033332824707,1917,304,79,287,744,62,0.02817445807158947,127.36666870117188,0,background,background
-61.75,-0.24999999999999734,86.6412124633789,38.4881477355957,31.860248565673828,26.302833557128906,2393,358,113,405,893,44,0.005151989869773388,283.0790710449219,0,background,background
-62.083333333333336,-9.416666666666664,70.19222259521484,44.88279724121094,33.433998107910156,25.184999465942383,2275,340,19,311,149,139,0.027956930920481682,69.664276123046875,0,background,background
-67.08333333333333,-4.7499999999999964,81.45784759521484,35.248046875,31.807748794555664,26.235958099365234,2583,316,98,562,351,102,0.029792554676532745,102.81205749511719,0,background,background
-60.41666666666667,-9.416666666666664,69.84374237060547,41.166439056396484,33.48099899291992,25.32954216003418,2132,334,8,257,116,148,0.02850145846605301,5.514296054840088,0,background,background
-64.58333333333333,0.7500000000000027,90.43087005615234,36.77504348754883,32.44824981689453,26.202957153320313,2516,347,132,468,789,89,0.04311036318540573,127.15550231933594,0,background,background
-59.91666666666667,0.9166666666666696,80.64517974853516,54.131465911865234,32.70000076293945,26.17645835876465,1948,347,65,281,956,135,0.07235759496688843,249.89532470703125,0,background,background
-56.91666666666667,-8.416666666666664,66.41858673095703,44.879173278808594,34.07474899291992,24.902124404907227,2145,341,11,311,938,384,0.25772690773010254,214.27757263183594,0,background,background
-51.91666666666667,-8.58333333333333,72.90332794189453,32.58808898925781,33.539249420166016,24.76854133605957,1984,295,9,341,867,368,0.2245277315378189,197.50433349609375,0,background,background
-58.41666666666667,-15.416666666666664,69.6518325805664,153.2801971435547,33.20650100708008,26.4305419921875,1545,272,19,521,103,265,0.25881287455558777,176.89659118652344,0,background,background
-64.08333333333333,-6.7499999999999964,77.48174285888672,32.93720626831055,32.812747955322266,26.04312515258789,2331,328,35,359,254,84,0.008317510597407818,322.5893249511719,0,background,background
-49.25,-2.5833333333333304,86.91412353515625,40.81329345703125,31.934499740600586,25.922208786010742,2433,430,49,200,1161,30,0.029369015246629715,335.9288024902344,0,background,background
-48.91666666666667,-1.7499999999999973,84.14360046386719,39.804344177246094,31.36199951171875,25.95941734313965,2613,434,57,194,1211,11,0.022556379437446594,309.6036682128906,0,background,background
-70.75,-9.249999999999996,77.74101257324219,68.29933166503906,31.050251007080078,25.35387420654297,1980,265,37,665,142,255,0.04277725890278816,357.9043273925781,0,background,background
-57.25,-8.249999999999996,66.46700286865234,39.39010238647461,34.34000015258789,25.361833572387695,2141,337,11,309,935,273,0.30550843477249146,286.2512512207031,0,background,background
-52.91666666666667,-1.7499999999999973,82.20940399169922,57.792213439941406,32.50600051879883,26.240999221801758,1796,290,30,118,641,3,0.031224556267261505,158.9804229736328,0,background,background
-67.91666666666667,-8.416666666666664,78.27931213378906,68.93621063232422,31.613000869750977,25.413166046142578,2104,297,32,686,123,167,0.01756318286061287,88.73210144042969,0,background,background
-64.41666666666667,-10.416666666666664,74.31649017333984,57.43716049194336,33.08599853515625,25.97949981689453,1831,288,18,426,148,193,0.17941144108772278,353.8470458984375,0,background,background
-60.75,-5.416666666666664,81.29027557373047,35.52706527709961,32.90925216674805,26.708126068115234,2501,335,66,490,966,44,0.008875897154211998,23.15151023864746,0,background,background
-60.083333333333336,-6.416666666666664,75.53369903564453,35.443458557128906,33.38949966430664,26.444042205810547,2305,318,39,525,924,77,0.05899931862950325,342.7662353515625,0,background,background
-61.25,-12.083333333333329,69.14085388183594,70.8502197265625,33.33150100708008,24.92158317565918,1693,292,7,262,79,249,0.06377192586660385,16.91199493408203,0,background,background
-63.41666666666667,-12.416666666666664,71.30736541748047,70.0203857421875,33.190250396728516,26.06458282470703,1530,250,9,367,99,145,0.035709235817193985,163.27662658691406,0,background,background
-64.75,-7.2499999999999964,76.98822784423828,34.689395904541016,33.05099868774414,26.24887466430664,2579,353,41,596,295,72,0.02116083726286888,305.9931335449219,0,background,background
-67.41666666666667,0.5833333333333357,90.27458953857422,40.797603607177734,31.94849967956543,26.051166534423828,3031,366,190,698,829,91,0.007197634782642126,233.56385803222656,0,background,background
-58.91666666666667,-9.749999999999996,68.619781494140625,42.26477813720703,33.83525085449219,25.297082901000977,1933,317,6,236,91,219,0.1440560221672058,219.50682067871094,0,background,background
-62.41666666666667,-4.7499999999999964,84.70532989501953,26.843801498413086,32.2864990234375,26.734333038330078,2451,306,88,653,437,34,0.007038000505417585,186.31947326660156,0,background,background
-46.41666666666667,-3.7499999999999964,82.0657958984375,44.228416442871094,31.72949981689453,25.431541442871094,1648,339,27,247,820,147,0.17918217182159424,49.080440521240234,0,background,background
-60.583333333333336,-2.5833333333333304,83.74308776855469,39.96834182739258,31.787248611450195,26.286375045776367,2360,310,79,403,842,55,0.0745837390422821,232.43675231933594,0,background,background
-54.41666666666667,-2.0833333333333304,78.255401611328125,66.64595031738281,32.20524978637695,25.95629119873047,1753,312,26,125,850,37,0.04967228323221207,204.8302001953125,0,background,background
-56.41666666666667,-4.08333333333333,77.4368667602539,58.06353759765625,32.418251037597656,25.86224937438965,2124,311,70,317,856,134,0.03693025931715965,171.56378173828125,0,background,background
-61.41666666666667,-12.083333333333329,68.938629150390625,70.04000091552734,33.4067497253418,24.814208984375,1681,288,7,259,78,272,0.15212810039520264,52.55570602416992,0,background,background
-52.41666666666667,2.2500000000000027,78.09685516357422,60.34696960449219,32.31475067138672,25.414749145507813,2496,362,57,213,829,162,0.0774245336651802,343.4765625,0,background,background
-69.25,-5.916666666666664,82.16613006591797,41.926177978515625,31.43975067138672,25.750041961669922,2644,341,80,625,289,165,0.06266625970602036,312.5289001464844,0,background,background
-50.25,-1.7499999999999973,83.06108093261719,41.49506378173828,32.12125015258789,25.741958618164063,2437,371,64,233,1005,11,0.012774425558745861,160.57598876953125,0,background,background
-64.25,-1.5833333333333304,89.10921478271484,27.477535247802734,31.58625030517578,26.139041900634766,2807,332,167,592,829,63,0.006236556451767683,119.90155029296875,0,background,background
-63.583333333333336,-8.08333333333333,72.91802978515625,41.72994613647461,32.99150085449219,25.70395851135254,2260,347,17,507,183,85,0.01484317984431982,103.62923431396484,0,background,background
-62.083333333333336,-2.7499999999999964,88.35631561279297,27.735258102416992,31.444499969482422,26.261457443237305,2664,329,111,583,622,53,0.007124944590032101,135.15963745117188,0,background,background
-56.75,1.0833333333333357,79.137847900390625,54.0190544128418,32.301998138427734,25.880125045776367,2014,360,59,202,529,245,0.1122414767742157,242.1328887939453,0,background,background
-66.25,-0.4166666666666643,88.89695739746094,37.80006408691406,31.854249954223633,26.098499298095703,2157,253,123,421,575,70,0.016712749376893044,83.3233642578125,0,background,background
-60.91666666666667,-11.916666666666664,68.72608947753906,69.718353271484375,33.56700134277344,24.910125732421875,1827,305,7,278,89,255,0.15550915896892548,334.7763671875,0,background,background
-68.91666666666667,-5.916666666666664,82.0040283203125,41.92530059814453,31.469499588012695,25.745624542236328,2673,344,80,627,285,163,0.013285843655467033,96.71922302246094,0,background,background
-66.75,-0.9166666666666643,87.7684097290039,39.33259201049805,31.488250732421875,25.82183265686035,2659,304,163,567,677,92,0.014638098888099194,211.8359375,0,background,background
-62.75,-5.916666666666664,79.85914611816406,30.10635757446289,32.80424880981445,26.309375762939453,2198,296,53,467,308,65,0.00906081311404705,30.9281005859375,0,background,background
-58.75,-5.58333333333333,75.81951904296875,41.839141845703125,33.00325012207031,26.46462631225586,2239,306,47,437,896,94,0.0398043729364872,335.2292785644531,0,background,background
-66.91666666666667,-9.58333333333333,73.3076400756836,69.55662536621094,32.37350082397461,25.994956970214844,1886,288,17,459,159,152,0.014895377680659294,92.99108123779297,0,background,background
-52.91666666666667,-7.916666666666664,71.81511688232422,33.569854736328125,33.86149978637695,24.972415924072266,2014,306,13,346,859,297,0.028932815417647362,94.62257385253906,0,background,background
-67.75,-5.916666666666664,80.46053314208984,40.501556396484375,31.86949920654297,26.014083862304688,2577,333,67,582,252,106,0.03559998422861099,297.9957275390625,0,background,background
-68.41666666666667,-8.08333333333333,79.46036529541016,65.94609832763672,31.483999252319336,25.313125610351563,2192,312,39,699,151,172,0.02144618146121502,109.03684997558594,0,background,background
-62.25,-8.58333333333333,71.49870300292969,40.56656265258789,32.946250915527344,25.437541961669922,2287,342,18,532,195,98,0.01169219333678484,53.253013610839844,0,background,background
-52.583333333333336,-3.5833333333333304,79.61897277832031,53.994895935058594,32.107749938964844,24.952041625976563,1899,373,32,160,896,174,0.12153881788253784,120.77074432373047,0,background,background
-63.25,-2.5833333333333304,88.90892791748047,25.435056686401367,31.404499053955078,26.246583938598633,2633,307,134,594,668,60,0.002192144049331546,135.16348266601563,0,background,background
-56.25,-5.416666666666664,75.27498626708984,46.32294464111328,32.992000579833984,26.01041603088379,2434,367,48,470,1000,121,0.0897507444024086,49.495697021484375,0,background,background
-66.25,-2.2499999999999973,87.009796142578125,28.79267692565918,31.806249618530273,26.47254180908203,3011,330,181,601,696,54,0.006111885886639357,108.5374755859375,0,background,background
-52.41666666666667,-9.749999999999996,71.3917007446289,38.69654846191406,34.50825119018555,25.737625122070313,2028,329,6,331,62,284,0.03487566113471985,91.91571807861328,0,background,background
-56.41666666666667,-3.9166666666666643,77.27532958984375,59.155914306640625,32.49674987792969,25.93866729736328,2119,313,64,300,860,115,0.049459438771009445,351.9050598144531,0,background,background
-62.25,0.5833333333333357,87.26300048828125,45.46120071411133,32.313499450683594,26.185958862304688,1967,309,87,305,719,55,0.02103026770055294,191.64935302734375,0,background,background
-57.75,-12.583333333333329,71.337188720703125,91.0723876953125,32.574501037597656,24.951499938964844,2065,347,4,469,74,328,0.09098001569509506,42.35586166381836,0,background,background
-56.25,-1.7499999999999973,78.740570068359375,65.572357177734375,33.132999420166016,26.464584350585938,2366,390,60,267,964,47,0.11094645410776138,138.85987854003906,0,background,background
-55.41666666666667,-3.9166666666666643,77.66149139404297,57.186180114746094,32.443748474121094,25.854249954223633,1974,312,54,257,807,73,0.049951549619436264,257.4177551269531,0,background,background
-66.25,-6.7499999999999964,80.02606201171875,38.80181884765625,32.12849807739258,26.021291732788086,2630,346,55,581,329,113,0.0311287809163332,2.8629555702209473,0,background,background
-71.08333333333333,-6.7499999999999964,81.2275161743164,46.457733154296875,30.997249603271484,25.47541618347168,2467,290,75,749,288,179,0.06011919304728508,157.57568359375,0,background,background
-62.083333333333336,-2.9166666666666643,88.15260314941406,27.6146240234375,31.49275016784668,26.30145835876465,2667,330,107,593,605,49,0.010519441217184067,107.19036102294922,0,background,background
-62.91666666666667,1.2500000000000027,88.83946228027344,45.95613479614258,32.27975082397461,26.072834014892578,2023,313,92,334,741,101,0.021414287388324738,157.7502899169922,0,background,background
-53.91666666666667,-11.583333333333329,68.66168975830078,70.9335708618164,34.680999755859375,25.245708465576172,1908,337,1,481,45,324,0.015525748021900654,28.826587677001953,0,background,background
-61.583333333333336,-6.416666666666664,78.53501892089844,32.516754150390625,33.17399978637695,26.412750244140625,2490,335,49,531,983,70,0.007471875287592411,278.976806640625,0,background,background
-55.083333333333336,-8.58333333333333,65.906158447265625,61.09971237182617,35.400001525878906,25.741666793823242,2199,333,9,140,934,288,0.3039967119693756,11.330455780029297,0,background,background
-63.25,-11.583333333333329,72.28080749511719,60.683467864990234,32.66699981689453,25.15049934387207,1635,267,10,386,112,252,0.1023334264755249,174.25491333007813,0,background,background
-58.583333333333336,-5.416666666666664,76.03025817871094,43.140724182128906,32.86425018310547,26.40833282470703,2265,308,49,430,899,105,0.06802809238433838,304.8388366699219,0,background,background
-67.25,-3.4166666666666643,85.00777435302734,32.85893630981445,31.537500381469727,26.14987564086914,2847,313,157,615,647,86,0.029110262170433998,303.18560791015625,0,background,background
-53.583333333333336,-0.5833333333333304,80.998748779296875,61.01732635498047,31.849498748779297,25.517959594726563,2200,320,53,196,757,154,0.07230726629495621,314.32281494140625,0,background,background
-57.25,-10.249999999999996,68.5516586303711,45.26959228515625,34.06575012207031,24.98029136657715,2169,373,4,307,946,381,0.11006969958543777,48.14073181152344,0,background,background
-53.91666666666667,1.7500000000000027,82.13231658935547,55.798301696777344,31.79949951171875,25.07612419128418,2230,346,55,199,697,285,0.03975102677941322,152.83021545410156,0,background,background
-63.91666666666667,3.5833333333333357,88.83565521240234,40.11773681640625,31.21525001525879,24.54574966430664,2722,368,97,626,1018,519,0.13617956638336182,88.69181823730469,0,background,background
-62.083333333333336,-1.7499999999999973,87.88391876220703,29.068069458007813,31.420249938964844,26.295875549316406,2493,304,138,491,709,38,0.00659401947632432,229.5868682861328,0,background,background
-62.75,-2.0833333333333304,88.37543487548828,26.456079483032227,31.30699920654297,26.178333282470703,2664,312,150,568,725,55,0.008780828677117825,48.404014587402344,0,background,background
-61.083333333333336,0.5833333333333357,84.46565246582031,49.43145751953125,32.855751037597656,26.496623992919922,2071,335,76,292,930,45,0.020530590787529945,250.0791015625,0,background,background
-53.41666666666667,-7.7499999999999964,71.24071502685547,35.68909454345703,33.975250244140625,25.115459442138672,2035,314,13,340,870,282,0.02875193953514099,309.44024658203125,0,background,background
-63.25,2.5833333333333357,89.64415740966797,40.00261688232422,30.09600067138672,23.75925064086914,2439,363,97,491,930,648,0.7435215711593628,62.380897521972656,0,background,background
-48.083333333333336,-1.2499999999999973,84.50386810302734,46.44029235839844,31.359249114990234,25.835500717163086,2596,478,52,233,1280,37,0.022750437259674072,248.97821044921875,0,background,background
-61.583333333333336,-13.249999999999996,68.80937957763672,94.17529296875,33.412498474121094,25.93862533569336,1577,280,10,546,88,167,0.026273339986801147,264.9083251953125,0,background,background
-58.25,-3.9166666666666643,78.109405517578125,54.116756439208984,32.71950149536133,26.54479217529297,2271,306,83,354,875,44,0.018947727978229523,325.12615966796875,0,background,background
-64.08333333333333,3.7500000000000027,88.23744201660156,36.81039047241211,30.772499084472656,24.17337417602539,2830,403,92,650,1115,653,0.36772921681404114,124.6500244140625,0,background,background
-58.41666666666667,-7.08333333333333,69.38207244873047,34.0018196105957,33.61050033569336,25.849166870117188,2197,335,19,315,960,183,0.043714188039302826,141.47439575195313,0,background,background
-58.583333333333336,-11.583333333333329,68.80169677734375,70.95709991455078,33.49150085449219,24.995874404907227,1956,320,4,450,68,305,0.0702778771519661,101.15966033935547,0,background,background
-53.583333333333336,-1.7499999999999973,80.3566665649414,65.72428131103516,32.61199951171875,26.16579246520996,1753,298,25,99,625,26,0.11141794919967651,167.58995056152344,0,background,background
-49.75,-5.7499999999999964,75.41102600097656,50.55592346191406,33.77399826049805,25.383501052856445,1802,307,23,217,838,162,0.15595793724060059,349.82708740234375,0,background,background
-66.58333333333333,-8.08333333333333,77.81610107421875,52.3386116027832,32.10675048828125,25.851167678833008,2183,299,33,534,199,138,0.017424406483769417,63.508262634277344,0,background,background
-65.41666666666667,-3.7499999999999964,85.601531982421875,27.50437355041504,32.01599884033203,26.498167037963867,2628,326,125,547,522,78,0.007602572441101074,75.19161224365234,0,background,background
-69.08333333333333,-0.7499999999999973,86.50489807128906,44.35858917236328,30.729000091552734,25.648792266845703,3287,328,214,755,731,139,0.026638774201273918,106.96414947509766,0,background,background
-60.083333333333336,-6.916666666666664,73.60126495361328,34.635990142822266,33.4692497253418,26.155292510986328,2162,299,29,508,874,113,0.06730630993843079,297.8844909667969,0,background,background
-58.91666666666667,-0.08333333333333037,79.57200622558594,52.8272590637207,31.878999710083008,25.74795913696289,2155,341,97,307,774,245,0.18239045143127441,253.9191436767578,0,background,background
-60.583333333333336,1.7500000000000027,80.83707427978516,60.38728713989258,32.907501220703125,26.386417388916016,1839,357,48,265,977,99,0.061019811779260635,270,0,background,background
-53.91666666666667,-7.58333333333333,70.68181610107422,39.363739013671875,33.862998962402344,25.073959350585938,2089,325,13,329,939,295,0.050623584538698196,43.81214904785156,0,background,background
-63.91666666666667,-10.416666666666664,72.35967254638672,55.177711486816406,33.33224868774414,25.55299949645996,1995,317,18,462,146,221,0.12003939598798752,24.532176971435547,0,background,background
-68.25,-9.249999999999996,76.12559509277344,84.08955383300781,31.447500228881836,25.19037437438965,1949,262,37,620,152,194,0.06218165531754494,38.04964828491211,0,background,background
-61.083333333333336,1.0833333333333357,83.8365249633789,54.091819763183594,33.14099884033203,26.63683319091797,1990,351,64,255,961,49,0.009287437424063683,287.03216552734375,0,background,background
-66.41666666666667,-3.5833333333333304,84.98374938964844,30.41796875,31.831249237060547,26.40216636657715,2900,358,136,630,597,76,0.04127703234553337,100.30484008789063,0,background,background
-68.08333333333333,-9.08333333333333,76.22966766357422,80.56635284423828,31.649999618530273,25.41558265686035,1987,276,35,635,140,150,0.030680105090141296,111.55180358886719,0,background,background
-58.91666666666667,-7.7499999999999964,69.24945068359375,33.72783660888672,33.75374984741211,25.724124908447266,2054,313,14,299,897,178,0.08478067815303802,69.6120834350586,0,background,background
-49.25,-6.416666666666664,71.85771179199219,53.62453079223633,34.553001403808594,25.28179168701172,1740,285,23,248,779,188,0.05385846272110939,313.8444519042969,0,background,background
